{
  "active_anchor_count": 6,
  "alpha_dist": 0.20000000000000004,
  "alpha_pos": 0.15000000000000002,
  "precision_tolerance_cm": 10.0,
  "noise_ratio": 0.005,
  "spike_prob": 0.01,
  "spike_amplitude": 10.0,
  "layouts": {
    "4": {
      "name": "4 ancres : carre avec A4 plus haute",
      "anchors": {
        "1": [
          550.0,
          350.0,
          1500.0
        ],
        "2": [
          1950.0,
          350.0,
          1500.0
        ],
        "3": [
          1950.0,
          1450.0,
          1500.0
        ],
        "4": [
          550.0,
          1450.0,
          2400.0
        ]
      }
    },
    "5": {
      "name": "5 ancres : carre + pointe avant",
      "anchors": {
        "1": [
          240.0,
          420.0,
          1500.0
        ],
        "2": [
          2280.0,
          800.0,
          1500.0
        ],
        "3": [
          1950.0,
          1560.0,
          1510.0
        ],
        "4": [
          460.0,
          1450.0,
          2110.0
        ],
        "5": [
          1230.0,
          100.0,
          1050.0
        ]
      }
    },
    "6": {
      "name": "6 ancres : carre + pointes avant/arriere",
      "anchors": {
        "1": [
          550.0,
          350.0,
          1500.0
        ],
        "2": [
          1950.0,
          350.0,
          1500.0
        ],
        "3": [
          1950.0,
          1450.0,
          1500.0
        ],
        "4": [
          550.0,
          1450.0,
          2400.0
        ],
        "5": [
          1250.0,
          100.0,
          20.0
        ],
        "6": [
          1250.0,
          1800.0,
          350.0
        ]
      }
    }
  }
}