frame,timestamp_s,timestamp_unix,stable_id,raw_player_id,X,Y,vx,vy,cam,source_cams,source_ids,merged_count,track_age,track_hits,track_misses,confidence,status,on_terrain
8,0.267,1782384263,T005,4,147.29,148.66,0.22,0.75,gauche,,,1,15,8,0,0.621,matched,1
9,0.300,1782384263,T005,4,147.29,148.66,0.18,-0.1,gauche,,,1,16,9,0,0.758,matched,1
10,0.333,1782384263,T005,4,147.29,148.66,0.12,-0.38,gauche,,,1,17,10,0,0.766,matched,1
11,0.367,1782384263,T005,4,147.29,148.66,0.07,-0.58,gauche,,,1,18,11,0,0.767,matched,1
12,0.400,1782384263,T005,4,147.48,147.88,0.04,-0.69,gauche,,,1,19,12,0,0.767,matched,1
13,0.433,1782384263,T005,4,147.62,147.16,0.02,-0.58,gauche,,,1,20,13,0,0.769,matched,1
14,0.467,1782384263,T005,4,147.62,147.16,0.0,-0.4,gauche,,,1,21,14,0,0.768,matched,1
15,0.500,1782384263,T005,4,147.62,147.16,-0.0,-0.24,gauche,,,1,22,15,0,0.768,matched,1
15,0.500,1782384263,T006,5,20.7,367.11,-0.94,8.61,droite,,,1,20,11,0,0.64,matched,1
16,0.533,1782384263,T005,4,147.62,147.16,-0.0,-0.13,gauche,,,1,23,16,0,0.769,matched,1
16,0.533,1782384263,T006,5,20.01,373.07,-0.78,6.19,droite,,,1,21,12,0,0.747,matched,1
17,0.567,1782384263,T005,4,147.62,147.16,-0.17,-0.05,gauche,,,1,24,17,0,0.767,matched,1
17,0.567,1782384263,T006,5,19.43,377.96,-0.54,4.19,droite,,,1,22,13,0,0.75,matched,1
18,0.600,1782384263,T005,4,147.62,147.16,-0.2,-0.18,gauche,,,1,25,18,0,0.768,matched,1
18,0.600,1782384263,T006,5,18.85,381.91,-0.49,2.81,droite,,,1,23,14,0,0.756,matched,1
19,0.633,1782384263,T005,4,147.46,146.42,-0.16,-0.19,gauche,,,1,26,19,0,0.77,matched,1
19,0.633,1782384263,T006,5,18.36,384.87,-0.36,1.64,droite,,,1,24,15,0,0.757,matched,1
20,0.667,1782384263,T005,4,147.46,146.42,-0.11,-0.15,gauche,,,1,27,20,0,0.769,matched,1
20,0.667,1782384263,T006,5,17.98,386.98,-0.23,0.81,droite,,,1,25,16,0,0.76,matched,1
21,0.700,1782384263,T005,4,147.19,145.68,-0.24,-0.27,gauche,,,1,28,21,0,0.767,matched,1
21,0.700,1782384263,T006,5,17.69,388.44,-0.13,0.31,droite,,,1,26,17,0,0.764,matched,1
22,0.733,1782384263,T005,4,146.92,144.91,-0.23,-0.43,gauche,,,1,29,22,0,0.767,matched,1
22,0.733,1782384263,T006,5,17.49,389.57,-0.06,0.22,droite,,,1,27,18,0,0.769,matched,1
23,0.767,1782384263,T005,4,146.54,144.21,-0.35,-0.39,gauche,,,1,30,23,0,0.768,matched,1
23,0.767,1782384263,T006,5,17.35,390.43,-0.02,0.13,droite,,,1,28,19,0,0.769,matched,1
24,0.800,1782384263,T005,4,146.17,143.51,-0.31,-0.46,gauche,,,1,31,24,0,0.768,matched,1
24,0.800,1782384263,T006,5,17.35,390.43,0.0,-0.1,droite,,,1,29,20,0,0.767,matched,1
25,0.833,1782384263,T005,4,146.17,143.51,-0.23,-0.38,gauche,,,1,32,25,0,0.769,matched,1
25,0.833,1782384263,T006,5,17.35,390.43,0.01,0.0,droite,,,1,30,21,0,0.769,matched,1
26,0.867,1782384263,T005,4,145.58,142.86,-0.48,-0.26,gauche,,,1,33,26,0,0.766,matched,1
26,0.867,1782384263,T006,5,17.35,390.43,0.18,0.04,droite,,,1,31,22,0,0.767,matched,1
27,0.900,1782384263,T003,2,259.84,196.17,0.02,-1.0,gauche,,,1,34,27,0,0.644,matched,1
27,0.900,1782384263,T005,4,144.84,142.36,-0.64,-0.16,gauche,,,1,34,27,0,0.767,matched,1
27,0.900,1782384263,T006,5,17.35,390.43,0.2,0.05,droite,,,1,32,23,0,0.769,matched,1
28,0.933,1782384263,T003,2,259.71,194.62,-0.1,-1.58,gauche,,,1,35,28,0,0.76,matched,1
28,0.933,1782384263,T005,4,144.01,142.0,-0.73,-0.08,gauche,,,1,35,28,0,0.768,matched,1
28,0.933,1782384263,T006,5,17.35,390.43,0.34,0.04,droite,,,1,33,24,0,0.768,matched,1
29,0.967,1782384263,T003,2,259.7,192.77,0.05,-1.79,gauche,,,1,36,29,0,0.764,matched,1
29,0.967,1782384263,T005,4,143.12,141.74,-0.77,-0.03,gauche,,,1,36,29,0,0.768,matched,1
29,0.967,1782384263,T006,5,17.74,391.05,0.31,0.03,droite,,,1,34,25,0,0.77,matched,1
30,1.000,1782384264,T003,2,259.6,190.92,-0.08,-1.63,gauche,,,1,37,30,0,0.768,matched,1
30,1.000,1782384264,T005,4,142.32,141.55,-0.61,-0.01,gauche,,,1,37,30,0,0.769,matched,1
30,1.000,1782384264,T006,5,17.74,391.05,0.23,0.02,droite,,,1,35,26,0,0.769,matched,1
31,1.033,1782384264,T003,2,259.48,189.34,-0.11,-1.2,gauche,,,1,38,31,0,0.766,matched,1
31,1.033,1782384264,T005,4,142.32,141.55,-0.41,0.0,gauche,,,1,38,31,0,0.768,matched,1
31,1.033,1782384264,T006,5,17.74,391.05,0.15,0.01,droite,,,1,36,27,0,0.769,matched,1
32,1.067,1782384264,T003,2,259.23,187.97,-0.26,-0.93,gauche,,,1,39,32,0,0.767,matched,1
32,1.067,1782384264,T005,4,142.32,141.55,-0.24,0.01,gauche,,,1,39,32,0,0.768,matched,1
32,1.067,1782384264,T006,5,17.74,391.05,0.08,0.0,droite,,,1,37,28,0,0.769,matched,1
33,1.100,1782384264,T003,2,258.81,186.47,-0.44,-1.13,gauche,,,1,40,33,0,0.765,matched,1
33,1.100,1782384264,T005,4,141.57,141.41,-0.29,0.01,gauche,,,1,40,33,0,0.769,matched,1
33,1.100,1782384264,T006,5,17.74,391.05,0.04,0.17,droite,,,1,38,29,0,0.767,matched,1
34,1.133,1782384264,T003,2,258.38,184.84,-0.4,-1.29,gauche,,,1,41,34,0,0.766,matched,1
34,1.133,1782384264,T005,4,141.57,141.41,-0.24,0.01,gauche,,,1,41,34,0,0.77,matched,1
34,1.133,1782384264,T006,5,18.06,391.87,0.01,0.37,droite,,,1,39,30,0,0.767,matched,1
35,1.167,1782384264,T003,2,258.01,183.1,-0.3,-1.39,gauche,,,1,42,35,0,0.766,matched,1
35,1.167,1782384264,T005,4,141.57,141.41,-0.17,0.0,gauche,,,1,42,35,0,0.769,matched,1
35,1.167,1782384264,T006,5,18.15,392.74,-0.17,0.53,droite,,,1,40,31,0,0.766,matched,1
36,1.200,1782384264,T003,2,257.72,181.01,-0.19,-1.8,gauche,,,1,43,36,0,0.762,matched,1
36,1.200,1782384264,T005,4,140.78,141.32,-0.27,0.0,gauche,,,1,43,36,0,0.768,matched,1
36,1.200,1782384264,T006,5,18.15,393.67,-0.2,0.64,droite,,,1,41,32,0,0.767,matched,1
37,1.233,1782384264,T003,2,257.51,179.04,-0.11,-1.55,gauche,,,1,44,37,0,0.769,matched,1
37,1.233,1782384264,T005,4,140.78,141.32,-0.25,0.0,gauche,,,1,44,37,0,0.77,matched,1
37,1.233,1782384264,T006,5,18.1,394.49,-0.17,0.54,droite,,,1,42,33,0,0.769,matched,1
38,1.267,1782384264,T003,2,257.08,177.14,-0.39,-1.44,gauche,,,1,45,38,0,0.766,matched,1
38,1.267,1782384264,T005,4,139.95,140.97,-0.36,-0.34,gauche,,,1,45,38,0,0.765,matched,1
38,1.267,1782384264,T006,5,17.92,395.43,-0.29,0.72,droite,,,1,43,34,0,0.766,matched,1
39,1.300,1782384264,T003,2,256.35,175.39,-0.75,-1.24,gauche,,,1,46,39,0,0.764,matched,1
39,1.300,1782384264,T005,4,139.24,140.55,-0.31,-0.39,gauche,,,1,46,39,0,0.769,matched,1
39,1.300,1782384264,T006,5,17.71,396.44,-0.27,0.79,droite,,,1,44,35,0,0.768,matched,1
40,1.333,1782384264,T003,2,255.43,173.82,-0.89,-1.05,gauche,,,1,47,40,0,0.767,matched,1
40,1.333,1782384264,T005,4,138.53,140.02,-0.4,-0.5,gauche,,,1,47,40,0,0.767,matched,1
40,1.333,1782384264,T006,5,17.37,397.75,-0.37,1.15,droite,,,1,45,36,0,0.763,matched,1
41,1.367,1782384264,T003,2,254.44,172.4,-0.91,-0.91,gauche,,,1,48,41,0,0.768,matched,1
41,1.367,1782384264,T005,4,137.78,139.52,-0.51,-0.42,gauche,,,1,48,41,0,0.768,matched,1
41,1.367,1782384264,T006,5,17.04,399.29,-0.32,1.37,droite,,,1,46,37,0,0.765,matched,1
42,1.400,1782384264,T003,2,253.41,170.97,-0.88,-0.99,gauche,,,1,49,42,0,0.767,matched,1
42,1.400,1782384264,T005,4,136.96,138.83,-0.61,-0.64,gauche,,,1,49,42,0,0.766,matched,1
42,1.400,1782384264,T006,5,16.89,400.99,-0.06,1.48,droite,,,1,47,38,0,0.765,matched,1
43,1.433,1782384264,T003,2,252.52,169.72,-0.67,-0.79,gauche,,,1,50,43,0,0.768,matched,1
43,1.433,1782384264,T005,4,136.23,138.15,-0.51,-0.58,gauche,,,1,50,43,0,0.769,matched,1
43,1.433,1782384264,T006,5,16.85,402.38,0.05,1.02,droite,,,1,48,39,0,0.765,matched,1
44,1.467,1782384264,T003,2,251.81,168.44,-0.44,-0.88,gauche,,,1,51,44,0,0.767,matched,1
44,1.467,1782384264,T005,4,135.63,137.58,-0.35,-0.42,gauche,,,1,51,44,0,0.768,matched,1
44,1.467,1782384264,T006,5,17.0,403.57,0.25,0.78,droite,,,1,49,40,0,0.766,matched,1
45,1.500,1782384264,T003,2,251.29,166.92,-0.25,-1.22,gauche,,,1,52,45,0,0.763,matched,1
45,1.500,1782384264,T005,4,135.18,136.99,-0.21,-0.44,gauche,,,1,52,45,0,0.768,matched,1
45,1.500,1782384264,T006,5,17.35,404.51,0.44,0.51,droite,,,1,50,41,0,0.766,matched,1
46,1.533,1782384264,T003,2,250.64,165.21,-0.46,-1.42,gauche,,,1,53,46,0,0.764,matched,1
46,1.533,1782384264,T005,4,135.18,136.99,-0.28,-0.34,gauche,,,1,53,46,0,0.768,matched,1
46,1.533,1782384264,T006,5,17.74,405.35,0.42,0.46,droite,,,1,51,42,0,0.77,matched,1
47,1.567,1782384264,T003,2,250.02,163.38,-0.44,-1.51,gauche,,,1,54,47,0,0.767,matched,1
47,1.567,1782384264,T005,4,134.65,136.33,-0.24,-0.4,gauche,,,1,54,47,0,0.769,matched,1
47,1.567,1782384264,T006,5,18.22,406.03,0.48,0.34,droite,,,1,52,43,0,0.768,matched,1
48,1.600,1782384264,T003,2,249.5,161.34,-0.33,-1.71,gauche,,,1,55,48,0,0.765,matched,1
48,1.600,1782384264,T005,4,134.65,136.33,-0.17,-0.33,gauche,,,1,55,48,0,0.769,matched,1
48,1.600,1782384264,T006,5,18.8,406.56,0.57,0.21,droite,,,1,53,44,0,0.768,matched,1
49,1.633,1782384264,T003,2,249.09,159.5,-0.21,-1.4,gauche,,,1,56,49,0,0.768,matched,1
49,1.633,1782384264,T005,4,134.22,135.73,-0.11,-0.23,gauche,,,1,56,49,0,0.769,matched,1
49,1.633,1782384264,T006,5,18.8,406.56,0.47,0.12,droite,,,1,54,45,0,0.769,matched,1
50,1.667,1782384264,T003,2,248.65,157.86,-0.29,-1.13,gauche,,,1,57,50,0,0.768,matched,1
50,1.667,1782384264,T005,4,134.22,135.73,-0.06,-0.14,gauche,,,1,57,50,0,0.769,matched,1
50,1.667,1782384264,T006,5,18.8,406.56,0.33,0.05,droite,,,1,55,46,0,0.768,matched,1
51,1.700,1782384264,T003,2,248.11,156.41,-0.42,-0.94,gauche,,,1,58,51,0,0.767,matched,1
51,1.700,1782384264,T005,4,133.78,135.15,-0.2,-0.24,gauche,,,1,58,51,0,0.767,matched,1
51,1.700,1782384264,T006,5,19.53,406.92,0.37,0.02,droite,,,1,56,47,0,0.769,matched,1
52,1.733,1782384264,T003,2,247.46,154.68,-0.55,-1.33,gauche,,,1,59,52,0,0.762,matched,1
52,1.733,1782384264,T005,4,133.78,135.15,-0.2,-0.23,gauche,,,1,59,52,0,0.77,matched,1
52,1.733,1782384264,T006,5,20.14,407.33,0.3,0.17,droite,,,1,57,48,0,0.768,matched,1
53,1.767,1782384264,T003,2,246.72,152.93,-0.64,-1.35,gauche,,,1,60,53,0,0.767,matched,1
53,1.767,1782384264,T005,9,137.18,131.45,4.6,-4.08,gauche,,,1,60,53,0,0.679,matched,1
53,1.767,1782384264,T006,5,20.14,407.33,0.21,0.19,droite,,,1,58,49,0,0.769,matched,1
54,1.800,1782384264,T003,2,245.9,151.41,-0.7,-1.05,gauche,,,1,61,54,0,0.767,matched,1
54,1.800,1782384264,T005,9,141.75,127.03,5.24,-4.47,gauche,,,1,61,54,0,0.75,matched,1
54,1.800,1782384264,T006,5,20.76,407.74,0.29,0.15,droite,,,1,59,50,0,0.768,matched,1
55,1.833,1782384264,T003,2,245.17,150.2,-0.57,-0.7,gauche,,,1,62,55,0,0.766,matched,1
55,1.833,1782384264,T005,9,146.15,122.93,4.29,-3.6,gauche,,,1,62,55,0,0.761,matched,1
55,1.833,1782384264,T006,5,20.76,407.74,0.09,0.11,droite,,,1,60,51,0,0.767,matched,1
56,1.867,1782384264,T003,2,244.3,149.29,-0.73,-0.4,gauche,,,1,63,56,0,0.765,matched,1
56,1.867,1782384264,T005,9,149.64,119.59,2.78,-2.45,gauche,,,1,63,56,0,0.75,matched,1
56,1.867,1782384264,T006,5,20.76,407.74,-0.01,0.23,droite,,,1,61,52,0,0.768,matched,1
57,1.900,1782384264,T003,2,243.49,148.64,-0.62,-0.2,gauche,,,1,64,57,0,0.768,matched,1
57,1.900,1782384264,T005,7,150.02,112.4,-1.15,-7.23,gauche,,,1,64,57,0,0.679,matched,1
57,1.900,1782384264,T006,5,21.08,408.54,-0.04,0.57,droite,,,1,62,53,0,0.765,matched,1
58,1.933,1782384264,T003,2,242.68,148.05,-0.61,-0.24,gauche,,,1,65,58,0,0.769,matched,1
58,1.933,1782384264,T005,7,148.92,104.46,-2.41,-7.43,gauche,,,1,65,58,0,0.746,matched,1
58,1.933,1782384264,T006,5,21.31,409.61,-0.05,0.91,droite,,,1,63,54,0,0.764,matched,1
59,1.967,1782384264,T003,2,241.85,147.0,-0.64,-0.89,gauche,,,1,66,59,0,0.76,matched,1
59,1.967,1782384264,T005,7,147.37,97.35,-2.34,-5.82,gauche,,,1,66,59,0,0.757,matched,1
59,1.967,1782384264,T006,5,21.33,410.93,-0.21,1.17,droite,,,1,64,55,0,0.764,matched,1
60,2.000,1782384265,T003,2,240.99,145.47,-0.67,-1.44,gauche,,,1,67,60,0,0.76,matched,1
60,2.000,1782384265,T005,7,145.89,91.64,-1.79,-3.88,gauche,,,1,67,60,0,0.749,matched,1
60,2.000,1782384265,T006,5,21.27,412.45,-0.22,1.35,droite,,,1,65,56,0,0.766,matched,1
60,2.000,1782384265,T007,2,116.78,544.29,5.24,-6.6,droite,,,1,65,26,0,0.45,reattached,1
61,2.033,1782384265,T003,2,240.23,143.94,-0.53,-1.33,gauche,,,1,68,61,0,0.769,matched,1
61,2.033,1782384265,T005,7,144.69,87.38,-1.17,-2.25,gauche,,,1,68,61,0,0.751,matched,1
61,2.033,1782384265,T006,5,21.19,413.85,-0.18,1.11,droite,,,1,66,57,0,0.768,matched,1
61,2.033,1782384265,T007,2,117.23,543.71,3.49,-4.4,droite,,,1,66,27,0,0.75,matched,1
62,2.067,1782384265,T003,2,239.48,142.49,-0.53,-1.15,gauche,,,1,69,62,0,0.769,matched,1
62,2.067,1782384265,T005,7,143.81,84.33,-0.66,-1.11,gauche,,,1,69,62,0,0.755,matched,1
62,2.067,1782384265,T006,5,21.12,415.26,-0.12,1.11,droite,,,1,67,58,0,0.768,matched,1
62,2.067,1782384265,T007,2,117.23,543.71,2.01,-1.92,droite,,,1,67,28,0,0.749,matched,1
63,2.100,1782384265,T003,2,238.71,141.28,-0.58,-0.82,gauche,,,1,70,63,0,0.767,matched,1
63,2.100,1782384265,T005,7,143.2,82.22,-0.32,-0.42,gauche,,,1,70,63,0,0.761,matched,1
63,2.100,1782384265,T006,5,20.93,416.48,-0.24,0.85,droite,,,1,68,59,0,0.767,matched,1
63,2.100,1782384265,T007,2,117.23,543.71,1.25,-0.69,droite,,,1,68,29,0,0.757,matched,1
64,2.133,1782384265,T003,2,237.89,140.22,-0.63,-0.68,gauche,,,1,71,64,0,0.768,matched,1
64,2.133,1782384265,T005,7,142.81,80.91,-0.11,0.11,gauche,,,1,71,64,0,0.762,matched,1
64,2.133,1782384265,T006,5,20.86,417.45,-0.06,0.56,droite,,,1,69,60,0,0.766,matched,1
64,2.133,1782384265,T007,2,118.0,543.97,0.9,0.04,droite,,,1,69,30,0,0.761,matched,1
65,2.167,1782384265,T003,2,237.16,139.22,-0.51,-0.64,gauche,,,1,72,65,0,0.769,matched,1
65,2.167,1782384265,T005,7,142.56,80.1,-0.01,0.29,gauche,,,1,72,65,0,0.767,matched,1
65,2.167,1782384265,T006,5,20.84,418.17,0.02,0.32,droite,,,1,70,61,0,0.767,matched,1
65,2.167,1782384265,T007,2,118.75,544.34,0.75,0.25,droite,,,1,70,31,0,0.767,matched,1
66,2.200,1782384265,T003,2,236.3,138.25,-0.69,-0.65,gauche,,,1,73,66,0,0.766,matched,1
66,2.200,1782384265,T005,7,142.56,80.1,0.03,0.29,gauche,,,1,73,66,0,0.769,matched,1
66,2.200,1782384265,T006,5,20.84,418.17,0.05,0.16,droite,,,1,71,62,0,0.768,matched,1
66,2.200,1782384265,T007,2,119.52,544.85,0.7,0.44,droite,,,1,71,32,0,0.767,matched,1
67,2.233,1782384265,T003,2,235.63,137.42,-0.43,-0.51,gauche,,,1,74,67,0,0.767,matched,1
67,2.233,1782384265,T005,7,142.56,80.1,0.04,0.23,gauche,,,1,74,67,0,0.769,matched,1
67,2.233,1782384265,T006,5,20.84,418.17,0.05,0.06,droite,,,1,72,63,0,0.769,matched,1
67,2.233,1782384265,T007,2,120.18,545.36,0.52,0.41,droite,,,1,72,33,0,0.768,matched,1
68,2.267,1782384265,T003,2,234.87,136.63,-0.57,-0.5,gauche,,,1,75,68,0,0.767,matched,1
68,2.267,1782384265,T005,7,142.56,80.1,0.04,0.15,gauche,,,1,75,68,0,0.769,matched,1
68,2.267,1782384265,T006,5,20.84,418.17,0.21,0.01,droite,,,1,73,64,0,0.767,matched,1
68,2.267,1782384265,T007,2,120.83,545.79,0.5,0.3,droite,,,1,73,34,0,0.769,matched,1
69,2.300,1782384265,T003,2,234.04,135.28,-0.67,-1.24,gauche,,,1,76,69,0,0.758,matched,1
69,2.300,1782384265,T005,7,142.56,80.1,0.03,0.09,gauche,,,1,76,69,0,0.769,matched,1
69,2.300,1782384265,T006,5,20.84,418.17,0.39,-0.02,droite,,,1,74,65,0,0.767,matched,1
69,2.300,1782384265,T007,2,120.83,545.79,0.38,0.19,droite,,,1,74,35,0,0.768,matched,1
70,2.333,1782384265,T003,2,233.14,133.71,-0.72,-1.41,gauche,,,1,77,70,0,0.765,matched,1
70,2.333,1782384265,T005,7,142.56,80.1,0.02,-0.13,gauche,,,1,77,70,0,0.767,matched,1
70,2.333,1782384265,T006,5,20.84,418.17,0.37,-0.02,droite,,,1,75,66,0,0.77,matched,1
70,2.333,1782384265,T007,2,120.83,545.79,0.25,0.11,droite,,,1,75,36,0,0.768,matched,1
71,2.367,1782384265,T003,2,232.07,132.27,-0.92,-1.16,gauche,,,1,78,71,0,0.766,matched,1
71,2.367,1782384265,T005,7,142.43,79.26,0.01,-0.35,gauche,,,1,78,71,0,0.767,matched,1
71,2.367,1782384265,T006,5,21.53,418.75,0.45,0.15,droite,,,1,76,67,0,0.767,matched,1
71,2.367,1782384265,T007,2,121.54,546.25,0.31,0.22,droite,,,1,76,37,0,0.768,matched,1
72,2.400,1782384265,T003,2,230.79,131.1,-1.13,-0.8,gauche,,,1,79,72,0,0.764,matched,1
72,2.400,1782384265,T005,7,142.43,79.26,0.0,-0.19,gauche,,,1,79,72,0,0.768,matched,1
72,2.400,1782384265,T006,5,22.14,419.26,0.38,0.18,droite,,,1,77,68,0,0.769,matched,1
72,2.400,1782384265,T007,2,122.14,546.66,0.26,0.21,droite,,,1,77,38,0,0.77,matched,1
73,2.433,1782384265,T003,2,229.6,130.21,-0.95,-0.48,gauche,,,1,80,73,0,0.766,matched,1
73,2.433,1782384265,T005,7,142.43,79.26,0.0,-0.08,gauche,,,1,80,73,0,0.769,matched,1
73,2.433,1782384265,T006,5,22.14,419.26,0.27,0.16,droite,,,1,78,69,0,0.769,matched,1
73,2.433,1782384265,T007,2,122.14,546.66,0.19,0.16,droite,,,1,78,39,0,0.769,matched,1
74,2.467,1782384265,T003,2,228.49,129.57,-0.84,-0.24,gauche,,,1,81,74,0,0.767,matched,1
74,2.467,1782384265,T005,7,142.43,79.26,-0.0,-0.02,gauche,,,1,81,74,0,0.769,matched,1
74,2.467,1782384265,T006,5,22.14,419.26,0.16,0.11,droite,,,1,79,70,0,0.769,matched,1
74,2.467,1782384265,T007,2,122.14,546.66,0.28,0.11,droite,,,1,79,40,0,0.768,matched,1
75,2.500,1782384265,T003,2,227.56,129.12,-0.6,-0.1,gauche,,,1,82,75,0,0.767,matched,1
75,2.500,1782384265,T005,7,142.43,79.26,-0.0,0.01,gauche,,,1,82,75,0,0.77,matched,1
75,2.500,1782384265,T006,5,22.62,419.83,0.08,0.24,droite,,,1,80,71,0,0.768,matched,1
75,2.500,1782384265,T007,2,122.96,547.0,0.43,0.06,droite,,,1,80,41,0,0.767,matched,1
76,2.533,1782384265,T003,2,226.84,128.81,-0.38,-0.02,gauche,,,1,83,76,0,0.767,matched,1
76,2.533,1782384265,T005,7,142.43,79.26,-0.0,0.01,gauche,,,1,83,76,0,0.77,matched,1
76,2.533,1782384265,T006,5,22.98,420.48,0.04,0.4,droite,,,1,81,72,0,0.767,matched,1
76,2.533,1782384265,T007,2,123.69,547.26,0.39,0.03,droite,,,1,81,42,0,0.77,matched,1
77,2.567,1782384265,T003,2,226.84,128.81,-0.37,0.01,gauche,,,1,84,77,0,0.769,matched,1
77,2.567,1782384265,T005,7,142.43,79.26,-0.0,0.02,gauche,,,1,84,77,0,0.77,matched,1
77,2.567,1782384265,T006,5,23.24,421.21,0.01,0.54,droite,,,1,82,73,0,0.767,matched,1
77,2.567,1782384265,T007,2,123.69,547.26,0.28,0.01,droite,,,1,82,43,0,0.769,matched,1
78,2.600,1782384265,T003,2,226.0,128.47,-0.46,-0.15,gauche,,,1,85,78,0,0.767,matched,1
78,2.600,1782384265,T005,7,142.43,79.26,-0.0,0.01,gauche,,,1,85,78,0,0.77,matched,1
78,2.600,1782384265,T006,5,23.43,422.17,-0.0,0.82,droite,,,1,83,74,0,0.765,matched,1
78,2.600,1782384265,T007,2,123.69,547.26,0.18,0.0,droite,,,1,83,44,0,0.769,matched,1
79,2.633,1782384265,T003,2,225.26,128.14,-0.39,-0.17,gauche,,,1,86,79,0,0.769,matched,1
79,2.633,1782384265,T005,7,142.43,79.26,-0.0,0.01,gauche,,,1,86,79,0,0.77,matched,1
79,2.633,1782384265,T006,5,23.57,423.09,-0.01,0.73,droite,,,1,84,75,0,0.77,matched,1
79,2.633,1782384265,T007,2,123.69,547.26,0.1,-0.0,droite,,,1,84,45,0,0.769,matched,1
80,2.667,1782384265,T003,2,224.53,127.45,-0.44,-0.66,gauche,,,1,87,80,0,0.763,matched,1
80,2.667,1782384265,T005,7,142.43,79.26,-0.0,0.0,gauche,,,1,87,80,0,0.77,matched,1
80,2.667,1782384265,T006,5,23.53,424.13,-0.18,0.88,droite,,,1,85,76,0,0.766,matched,1
80,2.667,1782384265,T007,2,124.55,547.44,0.38,-0.0,droite,,,1,85,46,0,0.766,matched,1
81,2.700,1782384265,T003,2,223.77,126.41,-0.53,-1.03,gauche,,,1,88,81,0,0.763,matched,1
81,2.700,1782384265,T005,7,142.43,79.26,-0.0,0.0,gauche,,,1,88,81,0,0.77,matched,1
81,2.700,1782384265,T006,5,23.29,425.37,-0.37,1.07,droite,,,1,86,77,0,0.765,matched,1
81,2.700,1782384265,T007,2,125.47,547.57,0.58,-0.0,droite,,,1,86,47,0,0.767,matched,1
82,2.733,1782384265,T003,1,218.14,120.01,-6.57,-7.57,gauche,,,1,89,82,0,0.637,matched,1
82,2.733,1782384265,T005,7,142.43,79.26,-0.0,0.0,gauche,,,1,89,82,0,0.77,matched,1
82,2.733,1782384265,T006,5,23.0,426.79,-0.36,1.24,droite,,,1,87,78,0,0.766,matched,1
82,2.733,1782384265,T007,2,126.59,547.67,0.86,-0.0,droite,,,1,87,48,0,0.765,matched,1
83,2.767,1782384265,T003,1,211.09,112.07,-7.4,-8.37,gauche,,,1,90,83,0,0.738,matched,1
83,2.767,1782384265,T005,7,142.43,79.26,0.0,0.17,gauche,,,1,90,83,0,0.768,matched,1
83,2.767,1782384265,T006,5,22.87,428.51,-0.11,1.54,droite,,,1,88,79,0,0.763,matched,1
83,2.767,1782384265,T007,2,127.65,547.89,0.77,0.17,droite,,,1,88,49,0,0.767,matched,1
84,2.800,1782384265,T003,1,204.45,104.5,-6.04,-6.95,gauche,,,1,91,84,0,0.757,matched,1
84,2.800,1782384265,T005,7,142.43,79.26,0.17,0.2,gauche,,,1,91,84,0,0.767,matched,1
84,2.800,1782384265,T006,5,22.97,430.12,0.19,1.3,droite,,,1,89,80,0,0.766,matched,1
84,2.800,1782384265,T007,2,128.67,547.99,0.74,0.03,droite,,,1,89,50,0,0.768,matched,1
85,2.833,1782384265,T003,1,199.0,98.37,-4.14,-4.65,gauche,,,1,92,85,0,0.74,matched,1
85,2.833,1782384265,T005,7,142.43,79.26,0.2,0.16,gauche,,,1,92,85,0,0.769,matched,1
85,2.833,1782384265,T006,5,23.16,431.44,0.26,0.91,droite,,,1,90,81,0,0.766,matched,1
85,2.833,1782384265,T007,2,129.54,548.03,0.55,-0.03,droite,,,1,90,51,0,0.768,matched,1
86,2.867,1782384265,T003,1,194.88,93.79,-2.47,-2.71,gauche,,,1,93,86,0,0.741,matched,1
86,2.867,1782384265,T005,7,142.43,79.26,0.16,0.11,gauche,,,1,93,86,0,0.769,matched,1
86,2.867,1782384265,T006,5,23.5,432.46,0.4,0.56,droite,,,1,91,82,0,0.765,matched,1
86,2.867,1782384265,T007,2,130.35,548.17,0.53,0.12,droite,,,1,91,52,0,0.768,matched,1
87,2.900,1782384265,T002,13,159.8,201.58,-0.23,-1.19,gauche,,,1,94,87,0,0.648,matched,1
87,2.900,1782384265,T003,1,191.93,90.54,-1.27,-1.35,gauche,,,1,94,87,0,0.749,matched,1
87,2.900,1782384265,T005,7,142.43,79.26,0.11,0.07,gauche,,,1,94,87,0,0.769,matched,1
87,2.900,1782384265,T006,5,24.0,433.19,0.53,0.29,droite,,,1,92,83,0,0.766,matched,1
87,2.900,1782384265,T007,2,130.35,548.17,0.4,0.15,droite,,,1,92,53,0,0.769,matched,1
88,2.933,1782384265,T002,13,159.45,200.64,-0.34,-0.93,gauche,,,1,95,88,0,0.767,matched,1
88,2.933,1782384265,T003,1,189.89,88.31,-0.51,-0.51,gauche,,,1,95,88,0,0.756,matched,1
88,2.933,1782384265,T005,7,142.43,79.26,0.07,0.03,gauche,,,1,95,88,0,0.769,matched,1
88,2.933,1782384265,T006,5,24.63,433.85,0.63,0.3,droite,,,1,93,84,0,0.768,matched,1
88,2.933,1782384265,T007,2,131.18,548.37,0.43,0.13,droite,,,1,93,54,0,0.769,matched,1
89,2.967,1782384265,T002,13,159.1,199.74,-0.31,-0.79,gauche,,,1,96,89,0,0.769,matched,1
89,2.967,1782384265,T003,1,188.5,86.66,-0.11,-0.25,gauche,,,1,96,89,0,0.764,matched,1
89,2.967,1782384265,T005,7,142.43,79.26,-0.14,0.01,gauche,,,1,96,89,0,0.767,matched,1
89,2.967,1782384265,T006,5,25.36,434.25,0.7,0.06,droite,,,1,94,85,0,0.766,matched,1
89,2.967,1782384265,T007,2,131.89,548.68,0.34,0.26,droite,,,1,94,55,0,0.768,matched,1
90,3.000,1782384266,T002,13,158.81,198.99,-0.23,-0.56,gauche,,,1,97,90,0,0.768,matched,1
90,3.000,1782384266,T003,1,187.56,85.6,0.07,0.08,gauche,,,1,97,90,0,0.765,matched,1
90,3.000,1782384266,T005,7,142.43,79.26,-0.18,0.0,gauche,,,1,97,90,0,0.769,matched,1
90,3.000,1782384266,T006,5,25.36,434.25,0.56,-0.05,droite,,,1,95,86,0,0.768,matched,1
90,3.000,1782384266,T007,2,132.44,549.26,0.23,0.59,droite,,,1,95,56,0,0.765,matched,1
91,3.033,1782384266,T002,13,158.81,198.99,-0.14,-0.34,gauche,,,1,98,91,0,0.767,matched,1
91,3.033,1782384266,T003,1,186.91,84.91,0.13,0.19,gauche,,,1,98,91,0,0.768,matched,1
91,3.033,1782384266,T005,7,142.43,79.26,-0.16,-0.0,gauche,,,1,98,91,0,0.77,matched,1
91,3.033,1782384266,T006,5,26.2,434.45,0.55,-0.08,droite,,,1,96,87,0,0.769,matched,1
91,3.033,1782384266,T007,2,132.86,549.88,0.14,0.59,droite,,,1,96,57,0,0.769,matched,1
92,3.067,1782384266,T002,13,158.81,198.99,-0.08,-0.18,gauche,,,1,99,92,0,0.768,matched,1
92,3.067,1782384266,T003,1,186.91,84.91,0.12,0.19,gauche,,,1,99,92,0,0.77,matched,1
92,3.067,1782384266,T005,7,142.43,79.26,-0.11,-0.0,gauche,,,1,99,92,0,0.77,matched,1
92,3.067,1782384266,T006,5,26.92,434.58,0.42,-0.07,droite,,,1,97,88,0,0.769,matched,1
92,3.067,1782384266,T007,2,132.86,549.88,0.24,0.45,droite,,,1,97,58,0,0.768,matched,1
93,3.100,1782384266,T002,13,158.81,198.99,0.13,-0.08,gauche,,,1,100,93,0,0.767,matched,1
93,3.100,1782384266,T003,1,186.91,84.91,0.09,0.15,gauche,,,1,100,93,0,0.77,matched,1
93,3.100,1782384266,T005,7,142.43,79.26,-0.07,-0.0,gauche,,,1,100,93,0,0.77,matched,1
93,3.100,1782384266,T006,5,26.92,434.58,0.28,0.12,droite,,,1,98,89,0,0.767,matched,1
93,3.100,1782384266,T007,2,133.37,550.6,0.22,0.47,droite,,,1,98,59,0,0.769,matched,1
94,3.133,1782384266,T002,13,158.81,198.99,0.02,-0.02,gauche,,,1,101,94,0,0.768,matched,1
94,3.133,1782384266,T003,1,186.46,84.33,0.06,-0.07,gauche,,,1,101,94,0,0.767,matched,1
94,3.133,1782384266,T005,7,142.43,79.26,-0.04,-0.0,gauche,,,1,101,94,0,0.77,matched,1
94,3.133,1782384266,T006,5,27.61,435.03,0.33,0.33,droite,,,1,99,90,0,0.766,matched,1
94,3.133,1782384266,T007,2,133.78,551.2,0.17,0.37,droite,,,1,99,60,0,0.769,matched,1
95,3.167,1782384266,T002,13,158.81,198.99,0.14,0.01,gauche,,,1,102,95,0,0.768,matched,1
95,3.167,1782384266,T003,1,186.46,84.33,0.03,0.03,gauche,,,1,102,95,0,0.769,matched,1
95,3.167,1782384266,T005,7,142.43,79.26,-0.02,-0.0,gauche,,,1,102,95,0,0.77,matched,1
95,3.167,1782384266,T006,5,28.2,435.61,0.27,0.51,droite,,,1,100,91,0,0.767,matched,1
95,3.167,1782384266,T007,2,133.78,551.2,0.11,0.41,droite,,,1,100,61,0,0.769,matched,1
96,3.200,1782384266,T002,13,158.81,198.99,-0.02,0.02,gauche,,,1,103,96,0,0.768,matched,1
96,3.200,1782384266,T003,1,186.46,84.33,0.01,0.06,gauche,,,1,103,96,0,0.769,matched,1
96,3.200,1782384266,T005,7,142.43,79.26,-0.0,-0.0,gauche,,,1,103,96,0,0.77,matched,1
96,3.200,1782384266,T006,5,28.53,436.32,0.02,0.63,droite,,,1,101,92,0,0.766,matched,1
96,3.200,1782384266,T007,2,134.23,551.9,0.23,0.34,droite,,,1,101,62,0,0.768,matched,1
97,3.233,1782384266,T002,13,158.81,198.99,-0.07,0.02,gauche,,,1,104,97,0,0.769,matched,1
97,3.233,1782384266,T003,1,186.46,84.33,0.0,0.06,gauche,,,1,104,97,0,0.77,matched,1
97,3.233,1782384266,T005,7,142.43,79.26,0.0,-0.0,gauche,,,1,104,97,0,0.77,matched,1
97,3.233,1782384266,T006,5,28.53,436.32,-0.08,0.54,droite,,,1,102,93,0,0.768,matched,1
97,3.233,1782384266,T007,2,134.23,551.9,0.23,0.23,droite,,,1,102,63,0,0.769,matched,1
98,3.267,1782384266,T002,13,158.81,198.99,0.09,0.01,gauche,,,1,105,98,0,0.768,matched,1
98,3.267,1782384266,T003,1,186.46,84.33,-0.17,0.05,gauche,,,1,105,98,0,0.767,matched,1
98,3.267,1782384266,T005,7,142.43,79.26,0.0,-0.0,gauche,,,1,105,98,0,0.77,matched,1
98,3.267,1782384266,T006,5,28.66,437.3,-0.1,0.72,droite,,,1,103,94,0,0.767,matched,1
98,3.267,1782384266,T007,2,134.95,552.58,0.51,0.31,droite,,,1,103,64,0,0.765,matched,1
99,3.300,1782384266,T002,13,158.81,198.99,0.13,-0.16,gauche,,,1,106,99,0,0.767,matched,1
99,3.300,1782384266,T003,1,186.46,84.33,-0.2,0.03,gauche,,,1,106,99,0,0.769,matched,1
99,3.300,1782384266,T005,7,142.43,79.26,0.0,-0.0,gauche,,,1,106,99,0,0.77,matched,1
99,3.300,1782384266,T006,5,28.74,438.34,-0.09,0.79,droite,,,1,104,95,0,0.768,matched,1
99,3.300,1782384266,T007,2,135.79,553.17,0.68,0.27,droite,,,1,104,65,0,0.767,matched,1
100,3.333,1782384266,T002,13,158.81,198.99,0.12,-0.19,gauche,,,1,107,100,0,0.769,matched,1
100,3.333,1782384266,T003,1,186.46,84.33,-0.16,0.02,gauche,,,1,107,100,0,0.77,matched,1
100,3.333,1782384266,T005,7,142.43,79.26,0.0,0.0,gauche,,,1,107,100,0,0.77,matched,1
100,3.333,1782384266,T006,5,28.79,439.67,-0.06,1.15,droite,,,1,105,96,0,0.764,matched,1
100,3.333,1782384266,T007,2,136.71,553.64,0.76,0.19,droite,,,1,105,66,0,0.768,matched,1
101,3.367,1782384266,T002,13,158.87,197.16,0.09,-1.52,gauche,,,1,108,101,0,0.75,matched,1
101,3.367,1782384266,T003,1,186.46,84.33,-0.11,0.01,gauche,,,1,108,101,0,0.769,matched,1
101,3.367,1782384266,T005,7,142.43,79.26,0.0,0.0,gauche,,,1,108,101,0,0.77,matched,1
101,3.367,1782384266,T006,5,28.83,441.23,-0.04,1.37,droite,,,1,106,97,0,0.765,matched,1
101,3.367,1782384266,T007,2,137.68,554.0,0.78,0.12,droite,,,1,106,67,0,0.768,matched,1
102,3.400,1782384266,T002,13,158.91,194.88,0.06,-2.03,gauche,,,1,109,102,0,0.76,matched,1
102,3.400,1782384266,T003,1,186.46,84.33,-0.07,0.0,gauche,,,1,109,102,0,0.769,matched,1
102,3.400,1782384266,T005,7,142.43,79.26,0.0,0.0,gauche,,,1,109,102,0,0.77,matched,1
102,3.400,1782384266,T006,5,28.72,442.81,-0.19,1.31,droite,,,1,107,98,0,0.767,matched,1
102,3.400,1782384266,T007,2,138.67,554.26,0.79,0.06,droite,,,1,107,68,0,0.769,matched,1
103,3.433,1782384266,T002,13,158.94,192.71,0.03,-1.76,gauche,,,1,110,103,0,0.769,matched,1
103,3.433,1782384266,T003,1,186.46,84.33,-0.04,0.0,gauche,,,1,110,103,0,0.77,matched,1
103,3.433,1782384266,T005,7,142.43,79.26,0.0,0.0,gauche,,,1,110,103,0,0.77,matched,1
103,3.433,1782384266,T006,5,28.57,444.17,-0.21,0.99,droite,,,1,108,99,0,0.767,matched,1
103,3.433,1782384266,T007,2,139.53,554.46,0.61,0.03,droite,,,1,108,69,0,0.768,matched,1
104,3.467,1782384266,T002,13,158.97,190.63,0.01,-1.6,gauche,,,1,111,104,0,0.77,matched,1
104,3.467,1782384266,T003,11,177.08,86.21,-10.9,2.72,gauche,,,1,111,104,0,0.605,matched,1
104,3.467,1782384266,T005,7,142.43,79.26,0.0,0.0,gauche,,,1,111,104,0,0.77,matched,1
104,3.467,1782384266,T006,5,28.56,445.38,0.01,0.81,droite,,,1,109,100,0,0.767,matched,1
104,3.467,1782384266,T007,2,139.53,554.46,0.4,0.01,droite,,,1,109,70,0,0.768,matched,1
105,3.500,1782384266,T002,13,158.84,188.6,-0.17,-1.51,gauche,,,1,112,105,0,0.767,matched,1
105,3.500,1782384266,T003,11,165.07,88.99,-12.61,3.32,gauche,,,1,112,105,0,0.727,matched,1
105,3.500,1782384266,T005,7,142.43,79.26,0.0,0.0,gauche,,,1,112,105,0,0.77,matched,1
105,3.500,1782384266,T006,5,28.62,446.35,0.09,0.56,droite,,,1,110,101,0,0.767,matched,1
105,3.500,1782384266,T007,2,140.34,554.73,0.4,0.17,droite,,,1,110,71,0,0.768,matched,1
106,3.533,1782384266,T002,13,158.81,186.88,-0.03,-1.14,gauche,,,1,113,106,0,0.766,matched,1
106,3.533,1782384266,T003,11,153.68,91.61,-10.4,2.63,gauche,,,1,113,106,0,0.755,matched,1
106,3.533,1782384266,T005,7,142.43,79.26,-0.0,0.0,gauche,,,1,113,106,0,0.77,matched,1
106,3.533,1782384266,T006,5,28.7,447.09,0.1,0.33,droite,,,1,111,102,0,0.767,matched,1
106,3.533,1782384266,T007,2,141.01,555.15,0.31,0.36,droite,,,1,111,72,0,0.767,matched,1
107,3.567,1782384266,T002,13,158.68,185.54,-0.14,-0.73,gauche,,,1,114,107,0,0.765,matched,1
107,3.567,1782384266,T003,11,144.29,93.75,-7.19,1.76,gauche,,,1,114,107,0,0.737,matched,1
107,3.567,1782384266,T005,7,142.43,79.26,-0.0,0.0,gauche,,,1,114,107,0,0.77,matched,1
107,3.567,1782384266,T006,5,28.7,447.09,0.25,0.17,droite,,,1,112,103,0,0.767,matched,1
107,3.567,1782384266,T007,2,141.01,555.15,0.2,0.35,droite,,,1,112,73,0,0.769,matched,1
108,3.600,1782384266,T002,13,158.53,184.54,-0.15,-0.41,gauche,,,1,115,108,0,0.766,matched,1
108,3.600,1782384266,T003,11,137.16,95.48,-4.32,1.2,gauche,,,1,115,108,0,0.738,matched,1
108,3.600,1782384266,T005,7,142.43,79.26,-0.0,-0.0,gauche,,,1,115,108,0,0.77,matched,1
108,3.600,1782384266,T006,5,28.7,447.09,0.42,0.07,droite,,,1,113,104,0,0.767,matched,1
108,3.600,1782384266,T007,2,141.01,555.15,0.12,0.27,droite,,,1,113,74,0,0.769,matched,1
109,3.633,1782384266,T002,13,158.4,183.82,-0.12,-0.19,gauche,,,1,116,109,0,0.767,matched,1
109,3.633,1782384266,T003,11,132.04,96.65,-2.23,0.54,gauche,,,1,116,109,0,0.744,matched,1
109,3.633,1782384266,T005,7,142.43,79.26,-0.0,-0.0,gauche,,,1,116,109,0,0.77,matched,1
109,3.633,1782384266,T006,5,29.24,447.58,0.39,0.01,droite,,,1,114,105,0,0.769,matched,1
109,3.633,1782384266,T007,2,141.01,555.15,0.06,0.18,droite,,,1,114,75,0,0.769,matched,1
110,3.667,1782384266,T002,13,158.4,183.82,-0.08,-0.07,gauche,,,1,117,110,0,0.768,matched,1
110,3.667,1782384266,T003,11,128.49,97.41,-0.92,0.16,gauche,,,1,117,110,0,0.753,matched,1
110,3.667,1782384266,T005,7,142.43,79.26,-0.0,-0.0,gauche,,,1,117,110,0,0.77,matched,1
110,3.667,1782384266,T006,5,29.24,447.58,0.46,-0.01,droite,,,1,115,106,0,0.768,matched,1
110,3.667,1782384266,T007,2,141.64,555.77,0.19,0.27,droite,,,1,115,76,0,0.767,matched,1
111,3.700,1782384266,T002,13,158.4,183.82,-0.05,-0.0,gauche,,,1,118,111,0,0.769,matched,1
111,3.700,1782384266,T003,11,126.08,97.89,-0.2,-0.02,gauche,,,1,118,111,0,0.761,matched,1
111,3.700,1782384266,T005,7,142.43,79.26,-0.0,-0.0,gauche,,,1,118,111,0,0.77,matched,1
111,3.700,1782384266,T006,5,29.92,447.92,0.38,-0.02,droite,,,1,116,107,0,0.77,matched,1
111,3.700,1782384266,T007,2,142.19,556.58,0.2,0.59,droite,,,1,116,77,0,0.765,matched,1
112,3.733,1782384266,T002,13,158.4,183.82,-0.02,0.02,gauche,,,1,119,112,0,0.77,matched,1
112,3.733,1782384266,T003,11,124.44,98.2,0.12,-0.09,gauche,,,1,119,112,0,0.765,matched,1
112,3.733,1782384266,T005,7,142.43,79.26,-0.0,-0.0,gauche,,,1,119,112,0,0.77,matched,1
112,3.733,1782384266,T006,5,30.61,448.18,0.44,-0.02,droite,,,1,117,108,0,0.769,matched,1
112,3.733,1782384266,T007,2,142.78,557.37,0.33,0.57,droite,,,1,117,78,0,0.768,matched,1
113,3.767,1782384266,T002,13,158.4,183.82,-0.01,-0.14,gauche,,,1,120,113,0,0.768,matched,1
113,3.767,1782384266,T003,11,123.31,98.4,0.21,-0.09,gauche,,,1,120,113,0,0.768,matched,1
113,3.767,1782384266,T005,7,142.43,79.26,-0.0,-0.0,gauche,,,1,120,113,0,0.77,matched,1
113,3.767,1782384266,T006,5,30.61,448.18,0.36,0.16,droite,,,1,118,109,0,0.767,matched,1
113,3.767,1782384266,T007,2,143.3,558.18,0.3,0.61,droite,,,1,118,79,0,0.769,matched,1
114,3.800,1782384266,T002,13,158.3,183.03,-0.0,-0.34,gauche,,,1,121,114,0,0.767,matched,1
114,3.800,1782384266,T003,11,122.51,98.54,0.2,-0.07,gauche,,,1,121,114,0,0.77,matched,1
114,3.800,1782384266,T005,7,142.43,79.26,0.0,-0.0,gauche,,,1,121,114,0,0.77,matched,1
114,3.800,1782384266,T006,5,31.36,448.73,0.42,0.36,droite,,,1,119,110,0,0.767,matched,1
114,3.800,1782384266,T007,1,151.01,556.29,9.23,-2.75,droite,,,1,119,80,0,0.63,matched,1
115,3.833,1782384266,T002,13,158.3,183.03,0.0,-0.34,gauche,,,1,122,115,0,0.769,matched,1
115,3.833,1782384266,T003,11,122.51,98.54,0.15,-0.05,gauche,,,1,122,115,0,0.769,matched,1
115,3.833,1782384266,T005,7,142.43,79.26,0.0,-0.0,gauche,,,1,122,115,0,0.77,matched,1
115,3.833,1782384266,T006,5,32.01,449.25,0.34,0.36,droite,,,1,120,111,0,0.769,matched,1
115,3.833,1782384266,T007,1,160.92,553.43,10.58,-3.42,droite,,,1,120,81,0,0.734,matched,1
116,3.867,1782384266,T002,13,158.22,182.14,0.0,-0.44,gauche,,,1,123,116,0,0.768,matched,1
116,3.867,1782384266,T003,11,122.51,98.54,0.1,-0.03,gauche,,,1,123,116,0,0.769,matched,1
116,3.867,1782384266,T004,3,265.29,185.93,-0.69,-0.0,gauche,,,1,123,111,0,0.646,matched,1
116,3.867,1782384266,T005,7,142.43,79.26,0.0,-0.0,gauche,,,1,123,116,0,0.77,matched,1
116,3.867,1782384266,T006,5,32.53,449.84,0.24,0.44,droite,,,1,121,112,0,0.768,matched,1
116,3.867,1782384266,T007,1,170.32,550.58,8.69,-2.9,droite,,,1,121,82,0,0.758,matched,1
117,3.900,1782384266,T002,13,158.31,181.38,0.17,-0.37,gauche,,,1,124,117,0,0.767,matched,1
117,3.900,1782384266,T003,11,122.51,98.54,0.06,0.16,gauche,,,1,124,117,0,0.767,matched,1
117,3.900,1782384266,T004,3,264.35,185.95,-0.78,0.0,gauche,,,1,124,112,0,0.768,matched,1
117,3.900,1782384266,T005,7,142.43,79.26,0.0,0.0,gauche,,,1,124,117,0,0.77,matched,1
117,3.900,1782384266,T006,5,32.93,450.51,0.14,0.55,droite,,,1,122,113,0,0.768,matched,1
117,3.900,1782384266,T007,1,178.21,548.18,6.16,-2.04,droite,,,1,122,83,0,0.744,matched,1
118,3.933,1782384266,T002,13,158.45,180.35,0.2,-0.77,gauche,,,1,125,118,0,0.764,matched,1
118,3.933,1782384266,T003,11,122.51,98.54,0.03,0.19,gauche,,,1,125,118,0,0.769,matched,1
118,3.933,1782384266,T004,3,263.37,185.96,-0.8,0.0,gauche,,,1,125,113,0,0.768,matched,1
118,3.933,1782384266,T005,7,142.43,79.26,0.0,0.0,gauche,,,1,125,118,0,0.77,matched,1
118,3.933,1782384266,T006,5,33.08,451.4,-0.1,0.8,droite,,,1,123,114,0,0.764,matched,1
118,3.933,1782384266,T007,1,184.26,546.34,3.79,-1.25,droite,,,1,123,84,0,0.743,matched,1
119,3.967,1782384266,T002,13,158.59,178.65,0.16,-1.6,gauche,,,1,126,119,0,0.757,matched,1
119,3.967,1782384266,T003,11,122.51,98.54,0.01,0.16,gauche,,,1,126,119,0,0.77,matched,1
119,3.967,1782384266,T004,3,262.37,185.97,-0.8,0.0,gauche,,,1,126,114,0,0.769,matched,1
119,3.967,1782384266,T005,7,142.43,79.26,0.0,0.0,gauche,,,1,126,119,0,0.77,matched,1
119,3.967,1782384266,T006,5,33.11,452.54,-0.17,1.06,droite,,,1,124,115,0,0.765,matched,1
119,3.967,1782384266,T007,1,188.64,545.02,2.01,-0.66,droite,,,1,124,85,0,0.748,matched,1
120,4.000,1782384267,T002,13,158.71,176.75,0.11,-1.73,gauche,,,1,127,120,0,0.766,matched,1
120,4.000,1782384267,T003,11,122.51,98.54,0.0,0.11,gauche,,,1,127,120,0,0.77,matched,1
120,4.000,1782384267,T004,3,261.5,185.98,-0.62,0.0,gauche,,,1,127,115,0,0.768,matched,1
120,4.000,1782384267,T005,7,142.43,79.26,0.0,-0.17,gauche,,,1,127,120,0,0.767,matched,1
120,4.000,1782384267,T006,5,32.81,453.91,-0.5,1.26,droite,,,1,125,116,0,0.763,matched,1
120,4.000,1782384267,T007,1,191.7,544.24,0.87,-0.11,droite,,,1,125,86,0,0.754,matched,1
121,4.033,1782384267,T002,13,158.8,175.03,0.07,-1.38,gauche,,,1,128,121,0,0.767,matched,1
121,4.033,1782384267,T003,11,122.51,98.54,-0.0,0.07,gauche,,,1,128,121,0,0.77,matched,1
121,4.033,1782384267,T004,3,261.5,185.98,-0.41,0.0,gauche,,,1,128,116,0,0.768,matched,1
121,4.033,1782384267,T005,7,142.43,79.26,0.0,-0.2,gauche,,,1,128,121,0,0.769,matched,1
121,4.033,1782384267,T006,5,32.42,455.18,-0.51,1.05,droite,,,1,126,117,0,0.768,matched,1
121,4.033,1782384267,T007,1,193.78,543.81,0.23,0.13,droite,,,1,126,87,0,0.761,matched,1
122,4.067,1782384267,T002,13,158.86,173.63,0.03,-0.94,gauche,,,1,129,122,0,0.765,matched,1
122,4.067,1782384267,T003,11,122.51,98.54,-0.0,0.04,gauche,,,1,129,122,0,0.77,matched,1
122,4.067,1782384267,T004,3,260.68,185.98,-0.4,0.0,gauche,,,1,129,117,0,0.769,matched,1
122,4.067,1782384267,T005,7,142.43,79.26,0.0,-0.16,gauche,,,1,129,122,0,0.77,matched,1
122,4.067,1782384267,T006,5,32.18,456.5,-0.23,1.07,droite,,,1,127,118,0,0.766,matched,1
122,4.067,1782384267,T007,1,195.2,543.71,-0.07,0.36,droite,,,1,127,88,0,0.765,matched,1
123,4.100,1782384267,T002,13,158.91,172.59,0.01,-0.55,gauche,,,1,130,123,0,0.766,matched,1
123,4.100,1782384267,T003,11,122.51,98.54,-0.0,0.02,gauche,,,1,130,123,0,0.77,matched,1
123,4.100,1782384267,T004,3,260.68,185.98,-0.31,-0.17,gauche,,,1,130,118,0,0.767,matched,1
123,4.100,1782384267,T005,7,142.43,79.26,-0.0,-0.11,gauche,,,1,130,123,0,0.77,matched,1
123,4.100,1782384267,T006,5,32.05,457.93,-0.07,1.17,droite,,,1,128,119,0,0.766,matched,1
123,4.100,1782384267,T007,1,196.18,543.89,-0.17,0.54,droite,,,1,128,89,0,0.766,matched,1
124,4.133,1782384267,T002,13,159.07,171.83,0.17,-0.28,gauche,,,1,131,124,0,0.766,matched,1
124,4.133,1782384267,T003,11,122.51,98.54,-0.0,0.0,gauche,,,1,131,124,0,0.77,matched,1
124,4.133,1782384267,T004,3,259.99,185.77,-0.2,-0.2,gauche,,,1,131,119,0,0.769,matched,1
124,4.133,1782384267,T005,7,142.43,79.26,-0.0,-0.07,gauche,,,1,131,124,0,0.77,matched,1
124,4.133,1782384267,T006,5,32.13,459.35,0.18,1.12,droite,,,1,129,120,0,0.766,matched,1
124,4.133,1782384267,T007,1,196.87,544.43,-0.17,0.82,droite,,,1,129,90,0,0.765,matched,1
125,4.167,1782384267,T002,13,159.07,171.83,0.37,-0.11,gauche,,,1,132,125,0,0.766,matched,1
125,4.167,1782384267,T003,11,121.49,98.89,-0.51,-0.0,gauche,,,1,132,125,0,0.763,matched,1
125,4.167,1782384267,T004,3,259.99,185.77,-0.12,-0.16,gauche,,,1,132,120,0,0.769,matched,1
125,4.167,1782384267,T005,7,142.43,79.26,-0.0,-0.03,gauche,,,1,132,125,0,0.77,matched,1
125,4.167,1782384267,T006,5,32.57,460.57,0.57,0.84,droite,,,1,130,121,0,0.763,matched,1
125,4.167,1782384267,T007,1,197.5,545.45,0.04,1.26,droite,,,1,130,91,0,0.762,matched,1
126,4.200,1782384267,T002,13,159.07,171.83,0.36,-0.02,gauche,,,1,133,126,0,0.769,matched,1
126,4.200,1782384267,T003,11,120.49,99.16,-0.59,-0.0,gauche,,,1,133,126,0,0.768,matched,1
126,4.200,1782384267,T004,3,259.35,185.43,-0.23,-0.28,gauche,,,1,133,121,0,0.767,matched,1
126,4.200,1782384267,T005,7,142.43,79.26,-0.0,0.16,gauche,,,1,133,126,0,0.767,matched,1
126,4.200,1782384267,T006,5,33.24,461.52,0.77,0.54,droite,,,1,131,122,0,0.765,matched,1
126,4.200,1782384267,T007,1,198.06,546.81,0.11,1.48,droite,,,1,131,92,0,0.765,matched,1
127,4.233,1782384267,T002,13,159.07,171.83,0.27,0.02,gauche,,,1,134,127,0,0.769,matched,1
127,4.233,1782384267,T003,11,119.63,99.36,-0.49,-0.0,gauche,,,1,134,127,0,0.769,matched,1
127,4.233,1782384267,T004,3,259.35,185.43,-0.22,-0.26,gauche,,,1,134,122,0,0.77,matched,1
127,4.233,1782384267,T005,7,142.43,79.26,-0.0,0.02,gauche,,,1,134,127,0,0.768,matched,1
127,4.233,1782384267,T006,5,33.92,462.23,0.67,0.31,droite,,,1,132,123,0,0.767,matched,1
127,4.233,1782384267,T007,1,198.51,548.12,0.11,1.23,droite,,,1,132,93,0,0.768,matched,1
128,4.267,1782384267,T002,13,159.58,171.25,0.18,-0.14,gauche,,,1,135,128,0,0.767,matched,1
128,4.267,1782384267,T003,11,119.63,99.36,-0.34,-0.0,gauche,,,1,135,128,0,0.769,matched,1
128,4.267,1782384267,T004,3,258.77,184.92,-0.16,-0.37,gauche,,,1,135,123,0,0.768,matched,1
128,4.267,1782384267,T005,7,142.43,79.26,0.17,-0.03,gauche,,,1,135,128,0,0.767,matched,1
128,4.267,1782384267,T006,5,34.63,462.73,0.65,0.14,droite,,,1,133,124,0,0.768,matched,1
128,4.267,1782384267,T007,1,198.88,549.48,0.09,1.19,droite,,,1,133,94,0,0.769,matched,1
129,4.300,1782384267,T002,13,159.58,171.25,0.1,0.0,gauche,,,1,136,129,0,0.768,matched,1
129,4.300,1782384267,T003,11,119.63,99.36,0.31,-0.0,gauche,,,1,136,129,0,0.761,matched,1
129,4.300,1782384267,T004,3,258.18,184.46,-0.28,-0.32,gauche,,,1,136,124,0,0.768,matched,1
129,4.300,1782384267,T005,7,142.43,79.26,0.03,-0.05,gauche,,,1,136,129,0,0.768,matched,1
129,4.300,1782384267,T006,5,35.53,463.08,0.83,0.05,droite,,,1,134,125,0,0.766,matched,1
129,4.300,1782384267,T007,1,199.16,550.8,0.06,1.08,droite,,,1,134,95,0,0.77,matched,1
130,4.333,1782384267,T002,13,159.58,171.25,0.05,-0.29,gauche,,,1,137,130,0,0.766,matched,1
130,4.333,1782384267,T003,11,119.63,99.36,0.49,-0.0,gauche,,,1,137,130,0,0.767,matched,1
130,4.333,1782384267,T004,3,257.52,184.07,-0.43,-0.23,gauche,,,1,137,125,0,0.767,matched,1
130,4.333,1782384267,T005,7,142.43,79.26,-0.03,-0.04,gauche,,,1,137,130,0,0.769,matched,1
130,4.333,1782384267,T006,5,36.38,463.33,0.71,0.0,droite,,,1,135,126,0,0.769,matched,1
130,4.333,1782384267,T007,1,199.51,551.92,0.2,0.79,droite,,,1,135,96,0,0.767,matched,1
131,4.367,1782384267,T002,13,160.07,170.38,0.19,-0.5,gauche,,,1,138,131,0,0.766,matched,1
131,4.367,1782384267,T003,11,119.63,99.36,0.44,-0.0,gauche,,,1,138,131,0,0.77,matched,1
131,4.367,1782384267,T004,3,256.78,183.78,-0.56,-0.15,gauche,,,1,138,126,0,0.767,matched,1
131,4.367,1782384267,T005,7,142.43,79.26,-0.05,-0.03,gauche,,,1,138,131,0,0.77,matched,1
131,4.367,1782384267,T006,5,37.23,463.64,0.68,0.15,droite,,,1,136,127,0,0.768,matched,1
131,4.367,1782384267,T007,1,199.99,552.79,0.38,0.5,droite,,,1,136,97,0,0.766,matched,1
132,4.400,1782384267,T002,13,160.52,169.03,0.2,-1.15,gauche,,,1,139,132,0,0.76,matched,1
132,4.400,1782384267,T003,11,119.63,99.36,0.33,-0.0,gauche,,,1,139,132,0,0.769,matched,1
132,4.400,1782384267,T004,3,255.83,183.56,-0.82,-0.08,gauche,,,1,139,127,0,0.765,matched,1
132,4.400,1782384267,T005,7,142.43,79.26,-0.04,0.15,gauche,,,1,139,132,0,0.767,matched,1
132,4.400,1782384267,T006,5,37.96,463.94,0.51,0.18,droite,,,1,137,128,0,0.768,matched,1
132,4.400,1782384267,T007,1,199.99,552.79,0.37,0.1,droite,,,1,137,98,0,0.765,matched,1
133,4.433,1782384267,T002,13,160.88,167.64,0.16,-1.14,gauche,,,1,140,133,0,0.768,matched,1
133,4.433,1782384267,T003,11,119.63,99.36,0.21,-0.0,gauche,,,1,140,133,0,0.769,matched,1
133,4.433,1782384267,T004,3,254.91,183.4,-0.74,-0.03,gauche,,,1,140,128,0,0.769,matched,1
133,4.433,1782384267,T005,7,142.43,79.26,-0.03,0.19,gauche,,,1,140,133,0,0.769,matched,1
133,4.433,1782384267,T006,5,37.96,463.94,0.33,0.15,droite,,,1,138,129,0,0.768,matched,1
133,4.433,1782384267,T007,1,199.99,552.79,0.28,-0.07,droite,,,1,138,99,0,0.767,matched,1
134,4.467,1782384267,T002,13,161.17,166.3,0.11,-1.05,gauche,,,1,141,134,0,0.769,matched,1
134,4.467,1782384267,T003,11,119.63,99.36,0.11,0.0,gauche,,,1,141,134,0,0.769,matched,1
134,4.467,1782384267,T004,3,254.0,183.29,-0.71,-0.01,gauche,,,1,141,129,0,0.769,matched,1
134,4.467,1782384267,T005,7,142.43,79.26,-0.02,0.16,gauche,,,1,141,134,0,0.77,matched,1
134,4.467,1782384267,T006,5,38.65,464.21,0.35,0.1,droite,,,1,139,130,0,0.769,matched,1
134,4.467,1782384267,T007,1,199.99,552.79,0.18,-0.12,droite,,,1,139,100,0,0.769,matched,1
135,4.500,1782384267,T002,13,161.39,165.03,0.06,-0.94,gauche,,,1,142,135,0,0.77,matched,1
135,4.500,1782384267,T003,11,119.63,99.36,0.05,0.0,gauche,,,1,142,135,0,0.769,matched,1
135,4.500,1782384267,T004,3,253.22,183.22,-0.53,0.0,gauche,,,1,142,130,0,0.768,matched,1
135,4.500,1782384267,T005,7,142.43,79.26,-0.01,0.11,gauche,,,1,142,135,0,0.77,matched,1
135,4.500,1782384267,T006,5,38.65,464.21,0.28,0.23,droite,,,1,140,131,0,0.768,matched,1
135,4.500,1782384267,T007,1,199.99,552.79,0.1,0.05,droite,,,1,140,101,0,0.767,matched,1
136,4.533,1782384267,T002,13,161.55,163.83,0.03,-0.86,gauche,,,1,143,136,0,0.77,matched,1
136,4.533,1782384267,T003,11,119.63,99.36,0.02,0.0,gauche,,,1,143,136,0,0.77,matched,1
136,4.533,1782384267,T004,3,252.47,183.16,-0.52,0.01,gauche,,,1,143,131,0,0.769,matched,1
136,4.533,1782384267,T005,7,142.43,79.26,-0.01,0.07,gauche,,,1,143,136,0,0.77,matched,1
136,4.533,1782384267,T006,5,39.25,464.9,0.19,0.57,droite,,,1,141,132,0,0.765,matched,1
136,4.533,1782384267,T007,1,200.63,553.28,0.22,0.11,droite,,,1,141,102,0,0.768,matched,1
137,4.567,1782384267,T002,13,161.67,162.82,0.01,-0.63,gauche,,,1,144,137,0,0.768,matched,1
137,4.567,1782384267,T003,11,119.63,99.36,-0.0,0.0,gauche,,,1,144,137,0,0.77,matched,1
137,4.567,1782384267,T004,3,252.47,183.16,-0.39,-0.16,gauche,,,1,144,132,0,0.767,matched,1
137,4.567,1782384267,T005,7,142.43,79.26,-0.0,0.04,gauche,,,1,144,137,0,0.77,matched,1
137,4.567,1782384267,T006,5,39.71,465.75,0.11,0.74,droite,,,1,142,133,0,0.767,matched,1
137,4.567,1782384267,T007,1,201.19,553.83,0.21,0.28,droite,,,1,142,103,0,0.767,matched,1
138,4.600,1782384267,T002,13,161.67,162.82,0.17,-0.23,gauche,,,1,145,138,0,0.764,matched,1
138,4.600,1782384267,T003,11,119.63,99.36,-0.01,-0.17,gauche,,,1,145,138,0,0.767,matched,1
138,4.600,1782384267,T004,3,252.47,183.16,-0.26,-0.19,gauche,,,1,145,133,0,0.768,matched,1
138,4.600,1782384267,T005,7,142.43,79.26,0.0,0.02,gauche,,,1,145,138,0,0.77,matched,1
138,4.600,1782384267,T006,5,40.05,466.82,0.06,0.98,droite,,,1,143,134,0,0.765,matched,1
138,4.600,1782384267,T007,1,201.64,554.6,0.16,0.62,droite,,,1,143,104,0,0.765,matched,1
139,4.633,1782384267,T002,13,161.67,162.82,0.19,-0.02,gauche,,,1,146,139,0,0.767,matched,1
139,4.633,1782384267,T003,11,119.63,99.36,-0.01,-0.2,gauche,,,1,146,139,0,0.769,matched,1
139,4.633,1782384267,T004,3,252.47,183.16,-0.14,-0.16,gauche,,,1,146,134,0,0.769,matched,1
139,4.633,1782384267,T005,7,142.43,79.26,0.0,0.0,gauche,,,1,146,139,0,0.77,matched,1
139,4.633,1782384267,T006,5,40.29,467.84,0.02,0.85,droite,,,1,144,135,0,0.769,matched,1
139,4.633,1782384267,T007,1,201.99,555.39,0.11,0.61,droite,,,1,144,105,0,0.769,matched,1
140,4.667,1782384267,T002,13,161.67,162.82,-0.01,0.06,gauche,,,1,147,140,0,0.767,matched,1
140,4.667,1782384267,T003,11,119.63,99.36,-0.01,-0.16,gauche,,,1,147,140,0,0.77,matched,1
140,4.667,1782384267,T004,3,251.84,182.73,-0.07,-0.28,gauche,,,1,147,135,0,0.768,matched,1
140,4.667,1782384267,T005,7,142.43,79.26,0.0,-0.0,gauche,,,1,147,140,0,0.77,matched,1
140,4.667,1782384267,T006,5,40.33,468.97,-0.17,0.94,droite,,,1,145,136,0,0.766,matched,1
140,4.667,1782384267,T007,1,202.26,556.2,0.06,0.64,droite,,,1,145,106,0,0.769,matched,1
141,4.700,1782384267,T002,13,161.67,162.82,-0.09,-0.09,gauche,,,1,148,141,0,0.768,matched,1
141,4.700,1782384267,T003,11,119.63,99.36,-0.0,-0.11,gauche,,,1,148,141,0,0.77,matched,1
141,4.700,1782384267,T004,3,251.24,182.18,-0.19,-0.43,gauche,,,1,148,136,0,0.767,matched,1
141,4.700,1782384267,T005,7,142.43,79.26,0.0,-0.0,gauche,,,1,148,141,0,0.77,matched,1
141,4.700,1782384267,T006,5,40.29,470.26,-0.2,1.11,droite,,,1,146,137,0,0.766,matched,1
141,4.700,1782384267,T007,1,202.45,557.33,0.03,1.01,droite,,,1,146,107,0,0.764,matched,1
142,4.733,1782384267,T002,13,161.67,162.82,-0.1,-0.13,gauche,,,1,149,142,0,0.769,matched,1
142,4.733,1782384267,T003,11,119.63,99.36,-0.0,-0.07,gauche,,,1,149,142,0,0.77,matched,1
142,4.733,1782384267,T004,3,250.71,181.52,-0.2,-0.56,gauche,,,1,149,137,0,0.767,matched,1
142,4.733,1782384267,T005,7,142.43,79.26,0.0,-0.0,gauche,,,1,149,142,0,0.77,matched,1
142,4.733,1782384267,T006,5,40.21,471.58,-0.17,1.09,droite,,,1,147,138,0,0.769,matched,1
142,4.733,1782384267,T007,1,202.59,558.58,0.01,1.1,droite,,,1,147,108,0,0.767,matched,1
143,4.767,1782384267,T002,13,161.67,162.82,0.09,-0.11,gauche,,,1,150,143,0,0.767,matched,1
143,4.767,1782384267,T003,11,119.63,99.36,-0.0,0.14,gauche,,,1,150,143,0,0.767,matched,1
143,4.767,1782384267,T004,3,250.29,180.9,-0.15,-0.49,gauche,,,1,150,138,0,0.77,matched,1
143,4.767,1782384267,T005,7,142.43,79.26,0.0,-0.0,gauche,,,1,150,143,0,0.77,matched,1
143,4.767,1782384267,T006,5,40.14,472.73,-0.12,0.83,droite,,,1,148,139,0,0.768,matched,1
143,4.767,1782384267,T007,1,202.69,560.11,0.0,1.39,droite,,,1,148,109,0,0.764,matched,1
144,4.800,1782384267,T002,13,161.67,162.82,-0.03,-0.08,gauche,,,1,151,144,0,0.768,matched,1
144,4.800,1782384267,T003,11,119.63,99.36,-0.0,0.18,gauche,,,1,151,144,0,0.769,matched,1
144,4.800,1782384267,T004,3,250.29,180.9,-0.27,-0.35,gauche,,,1,151,139,0,0.768,matched,1
144,4.800,1782384267,T005,7,142.43,79.26,0.0,-0.17,gauche,,,1,151,144,0,0.768,matched,1
144,4.800,1782384267,T006,5,40.22,473.64,0.1,0.55,droite,,,1,149,140,0,0.766,matched,1
144,4.800,1782384267,T007,1,202.91,561.7,0.17,1.36,droite,,,1,149,110,0,0.767,matched,1
145,4.833,1782384267,T002,13,161.67,162.82,-0.07,-0.05,gauche,,,1,152,145,0,0.769,matched,1
145,4.833,1782384267,T003,11,119.63,99.36,-0.0,0.16,gauche,,,1,152,145,0,0.77,matched,1
145,4.833,1782384267,T004,3,249.75,180.39,-0.26,-0.21,gauche,,,1,152,140,0,0.769,matched,1
145,4.833,1782384267,T005,7,142.43,79.26,0.0,-0.2,gauche,,,1,152,145,0,0.769,matched,1
145,4.833,1782384267,T006,5,40.22,473.64,0.16,0.31,droite,,,1,150,141,0,0.767,matched,1
145,4.833,1782384267,T007,1,203.14,563.09,0.19,1.04,droite,,,1,150,111,0,0.767,matched,1
146,4.867,1782384267,T002,13,161.89,162.14,0.1,-0.03,gauche,,,1,153,146,0,0.768,matched,1
146,4.867,1782384267,T003,11,119.63,99.36,0.0,-0.06,gauche,,,1,153,146,0,0.767,matched,1
146,4.867,1782384267,T004,3,249.75,180.39,-0.19,-0.11,gauche,,,1,153,141,0,0.769,matched,1
146,4.867,1782384267,T005,7,142.43,79.26,0.17,-0.16,gauche,,,1,153,146,0,0.767,matched,1
146,4.867,1782384267,T006,5,40.22,473.64,0.15,0.15,droite,,,1,151,142,0,0.768,matched,1
146,4.867,1782384267,T007,1,203.36,564.18,0.16,0.68,droite,,,1,151,112,0,0.766,matched,1
147,4.900,1782384267,T002,13,162.13,161.34,0.15,-0.35,gauche,,,1,154,147,0,0.765,matched,1
147,4.900,1782384267,T003,11,119.63,99.36,0.0,-0.13,gauche,,,1,154,147,0,0.769,matched,1
147,4.900,1782384267,T004,3,249.75,180.39,-0.29,-0.05,gauche,,,1,154,142,0,0.768,matched,1
147,4.900,1782384267,T005,7,142.43,79.26,0.03,-0.11,gauche,,,1,154,147,0,0.768,matched,1
147,4.900,1782384267,T006,5,40.22,473.64,0.28,0.05,droite,,,1,152,143,0,0.768,matched,1
147,4.900,1782384267,T007,1,203.53,564.99,0.11,0.39,droite,,,1,152,113,0,0.767,matched,1
148,4.933,1782384267,T002,13,162.34,159.76,0.13,-1.42,gauche,,,1,155,148,0,0.754,matched,1
148,4.933,1782384267,T003,11,119.63,99.36,-0.17,0.05,gauche,,,1,155,148,0,0.767,matched,1
148,4.933,1782384267,T004,3,248.95,180.04,-0.44,-0.01,gauche,,,1,155,143,0,0.767,matched,1
148,4.933,1782384267,T005,7,142.43,79.26,-0.03,-0.07,gauche,,,1,155,148,0,0.769,matched,1
148,4.933,1782384267,T006,5,40.64,474.23,0.27,0.0,droite,,,1,153,144,0,0.769,matched,1
148,4.933,1782384267,T007,1,203.53,564.99,0.07,0.18,droite,,,1,153,114,0,0.768,matched,1
149,4.967,1782384267,T002,13,162.51,157.9,0.09,-1.68,gauche,,,1,156,149,0,0.764,matched,1
149,4.967,1782384267,T003,11,119.63,99.36,-0.37,0.1,gauche,,,1,156,149,0,0.767,matched,1
149,4.967,1782384267,T004,3,248.24,179.78,-0.39,0.0,gauche,,,1,156,144,0,0.77,matched,1
149,4.967,1782384267,T005,7,142.43,79.26,-0.05,-0.03,gauche,,,1,156,149,0,0.77,matched,1
149,4.967,1782384267,T006,5,41.13,474.81,0.37,0.15,droite,,,1,154,145,0,0.767,matched,1
149,4.967,1782384267,T007,1,203.53,564.99,0.03,0.07,droite,,,1,154,115,0,0.768,matched,1
150,5.000,1782384268,T002,13,162.64,156.18,0.06,-1.39,gauche,,,1,157,150,0,0.768,matched,1
150,5.000,1782384268,T003,4,117.06,105.41,-3.08,7.41,gauche,,,1,157,150,0,0.655,matched,1
150,5.000,1782384268,T004,3,247.53,179.59,-0.46,0.01,gauche,,,1,157,145,0,0.768,matched,1
150,5.000,1782384268,T005,7,142.43,79.26,0.13,-0.01,gauche,,,1,157,150,0,0.767,matched,1
150,5.000,1782384268,T006,5,41.72,475.31,0.5,0.18,droite,,,1,155,146,0,0.768,matched,1
150,5.000,1782384268,T007,1,203.53,564.99,0.01,0.0,droite,,,1,155,116,0,0.769,matched,1
151,5.033,1782384268,T002,13,162.74,154.62,0.03,-1.14,gauche,,,1,158,151,0,0.768,matched,1
151,5.033,1782384268,T003,4,113.84,113.3,-3.43,8.54,gauche,,,1,158,151,0,0.741,matched,1
151,5.033,1782384268,T004,3,247.53,179.59,-0.38,0.01,gauche,,,1,158,146,0,0.77,matched,1
151,5.033,1782384268,T005,7,142.43,79.26,0.16,-0.0,gauche,,,1,158,151,0,0.769,matched,1
151,5.033,1782384268,T006,5,41.72,475.31,0.43,0.15,droite,,,1,156,147,0,0.77,matched,1
151,5.033,1782384268,T007,1,203.53,564.99,0.0,-0.02,droite,,,1,156,117,0,0.77,matched,1
152,5.067,1782384268,T002,13,162.81,153.09,0.01,-1.12,gauche,,,1,159,152,0,0.769,matched,1
152,5.067,1782384268,T003,4,110.82,120.82,-2.78,7.04,gauche,,,1,159,152,0,0.759,matched,1
152,5.067,1782384268,T004,3,246.74,179.45,-0.43,0.01,gauche,,,1,159,147,0,0.769,matched,1
152,5.067,1782384268,T005,7,142.43,79.26,0.14,0.0,gauche,,,1,159,152,0,0.77,matched,1
152,5.067,1782384268,T006,5,42.45,475.73,0.48,0.1,droite,,,1,157,148,0,0.769,matched,1
152,5.067,1782384268,T007,1,203.53,564.99,-0.0,0.15,droite,,,1,157,118,0,0.768,matched,1
153,5.100,1782384268,T002,13,162.86,151.64,0.0,-1.03,gauche,,,1,160,153,0,0.77,matched,1
153,5.100,1782384268,T003,4,108.34,127.03,-1.9,4.86,gauche,,,1,160,153,0,0.747,matched,1
153,5.100,1782384268,T004,3,246.74,179.45,-0.35,-0.17,gauche,,,1,160,148,0,0.767,matched,1
153,5.100,1782384268,T005,7,142.43,79.26,0.1,0.0,gauche,,,1,160,153,0,0.77,matched,1
153,5.100,1782384268,T006,5,42.45,475.73,0.39,0.06,droite,,,1,158,149,0,0.769,matched,1
153,5.100,1782384268,T007,1,203.65,565.82,-0.0,0.35,droite,,,1,158,119,0,0.767,matched,1
154,5.133,1782384268,T002,13,162.9,150.43,-0.0,-0.76,gauche,,,1,161,154,0,0.768,matched,1
154,5.133,1782384268,T003,4,106.33,131.61,-1.3,2.75,gauche,,,1,161,154,0,0.745,matched,1
154,5.133,1782384268,T004,3,246.03,179.13,-0.24,-0.19,gauche,,,1,161,149,0,0.769,matched,1
154,5.133,1782384268,T005,7,142.43,79.26,0.06,0.0,gauche,,,1,161,154,0,0.77,matched,1
154,5.133,1782384268,T006,5,43.11,476.05,0.27,0.03,droite,,,1,159,150,0,0.769,matched,1
154,5.133,1782384268,T007,1,203.73,566.7,-0.0,0.51,droite,,,1,159,120,0,0.767,matched,1
155,5.167,1782384268,T002,13,163.06,149.48,0.17,-0.48,gauche,,,1,162,155,0,0.766,matched,1
155,5.167,1782384268,T003,4,104.81,134.67,-0.77,1.14,gauche,,,1,162,155,0,0.75,matched,1
155,5.167,1782384268,T004,3,246.03,179.13,-0.15,-0.16,gauche,,,1,162,150,0,0.769,matched,1
155,5.167,1782384268,T005,7,142.43,79.26,0.03,0.0,gauche,,,1,162,155,0,0.77,matched,1
155,5.167,1782384268,T006,5,43.11,476.05,0.16,0.18,droite,,,1,160,151,0,0.767,matched,1
155,5.167,1782384268,T007,1,203.8,567.77,-0.0,0.8,droite,,,1,160,121,0,0.765,matched,1
156,5.200,1782384268,T002,13,163.06,149.48,0.19,-0.1,gauche,,,1,163,156,0,0.765,matched,1
156,5.200,1782384268,T003,4,103.71,136.79,-0.39,0.43,gauche,,,1,163,156,0,0.76,matched,1
156,5.200,1782384268,T004,3,245.37,178.7,-0.25,-0.28,gauche,,,1,163,151,0,0.767,matched,1
156,5.200,1782384268,T005,7,142.43,79.26,0.01,0.17,gauche,,,1,163,156,0,0.767,matched,1
156,5.200,1782384268,T006,5,43.74,476.5,0.25,0.2,droite,,,1,161,152,0,0.768,matched,1
156,5.200,1782384268,T007,1,203.98,569.19,0.17,1.24,droite,,,1,161,122,0,0.762,matched,1
157,5.233,1782384268,T002,13,163.06,149.48,0.16,0.07,gauche,,,1,164,157,0,0.768,matched,1
157,5.233,1782384268,T003,4,102.94,138.24,-0.16,0.06,gauche,,,1,164,157,0,0.764,matched,1
157,5.233,1782384268,T004,3,245.37,178.7,-0.23,-0.26,gauche,,,1,164,152,0,0.77,matched,1
157,5.233,1782384268,T005,7,142.43,79.26,0.0,0.2,gauche,,,1,164,157,0,0.769,matched,1
157,5.233,1782384268,T006,5,43.74,476.5,0.23,0.16,droite,,,1,162,153,0,0.77,matched,1
157,5.233,1782384268,T007,1,204.2,570.58,0.2,1.13,droite,,,1,162,123,0,0.769,matched,1
158,5.267,1782384268,T002,13,163.06,149.48,0.11,-0.05,gauche,,,1,165,158,0,0.768,matched,1
158,5.267,1782384268,T003,4,102.41,139.23,-0.03,-0.1,gauche,,,1,165,158,0,0.767,matched,1
158,5.267,1782384268,T004,3,244.78,178.27,-0.17,-0.2,gauche,,,1,165,153,0,0.769,matched,1
158,5.267,1782384268,T005,7,142.43,79.26,-0.0,0.16,gauche,,,1,165,158,0,0.77,matched,1
158,5.267,1782384268,T006,5,44.31,477.02,0.17,0.28,droite,,,1,163,154,0,0.768,matched,1
158,5.267,1782384268,T007,1,204.4,571.89,0.16,1.0,droite,,,1,163,124,0,0.77,matched,1
159,5.300,1782384268,T002,13,163.06,149.48,0.07,0.09,gauche,,,1,166,159,0,0.768,matched,1
159,5.300,1782384268,T003,4,102.04,139.92,0.02,-0.14,gauche,,,1,166,159,0,0.769,matched,1
159,5.300,1782384268,T004,3,244.19,177.52,-0.28,-0.64,gauche,,,1,166,154,0,0.763,matched,1
159,5.300,1782384268,T005,7,142.43,79.26,-0.0,0.11,gauche,,,1,166,159,0,0.769,matched,1
159,5.300,1782384268,T006,5,44.6,477.76,-0.06,0.6,droite,,,1,164,155,0,0.764,matched,1
159,5.300,1782384268,T007,1,204.56,573.4,0.11,1.23,droite,,,1,164,125,0,0.765,matched,1
160,5.333,1782384268,T002,13,163.06,149.48,0.03,-0.05,gauche,,,1,167,160,0,0.768,matched,1
160,5.333,1782384268,T003,4,102.04,139.92,-0.13,-0.29,gauche,,,1,167,160,0,0.767,matched,1
160,5.333,1782384268,T004,3,243.67,176.59,-0.26,-0.83,gauche,,,1,167,155,0,0.766,matched,1
160,5.333,1782384268,T005,7,142.43,79.26,-0.0,0.07,gauche,,,1,167,160,0,0.77,matched,1
160,5.333,1782384268,T006,5,44.75,478.78,-0.14,0.93,droite,,,1,165,156,0,0.764,matched,1
160,5.333,1782384268,T007,11,204.83,574.78,0.24,1.04,droite,,,1,165,126,0,0.768,matched,1
161,5.367,1782384268,T002,13,163.06,149.48,0.01,-0.09,gauche,,,1,168,161,0,0.769,matched,1
161,5.367,1782384268,T003,4,102.04,139.92,0.01,-0.11,gauche,,,1,168,161,0,0.767,matched,1
161,5.367,1782384268,T004,3,243.11,175.57,-0.36,-0.89,gauche,,,1,168,156,0,0.767,matched,1
161,5.367,1782384268,T005,7,142.43,79.26,-0.0,0.03,gauche,,,1,168,161,0,0.77,matched,1
161,5.367,1782384268,T006,5,44.81,479.93,-0.14,1.01,droite,,,1,166,157,0,0.767,matched,1
161,5.367,1782384268,T007,11,205.1,576.05,0.23,0.9,droite,,,1,166,127,0,0.769,matched,1
162,5.400,1782384268,T002,13,163.06,149.48,0.0,-0.09,gauche,,,1,169,162,0,0.77,matched,1
162,5.400,1782384268,T003,4,102.04,139.92,-0.11,-0.19,gauche,,,1,169,162,0,0.768,matched,1
162,5.400,1782384268,T004,3,242.6,174.66,-0.32,-0.71,gauche,,,1,169,157,0,0.769,matched,1
162,5.400,1782384268,T005,7,142.43,79.26,-0.0,0.01,gauche,,,1,169,162,0,0.77,matched,1
162,5.400,1782384268,T006,5,44.71,481.24,-0.27,1.16,droite,,,1,167,158,0,0.766,matched,1
162,5.400,1782384268,T007,11,205.47,577.1,0.35,0.64,droite,,,1,167,128,0,0.767,matched,1
163,5.433,1782384268,T002,13,163.06,149.48,-0.0,-0.07,gauche,,,1,170,163,0,0.77,matched,1
163,5.433,1782384268,T003,4,102.04,139.92,-0.13,-0.18,gauche,,,1,170,163,0,0.77,matched,1
163,5.433,1782384268,T004,3,242.18,173.93,-0.23,-0.48,gauche,,,1,170,158,0,0.768,matched,1
163,5.433,1782384268,T005,7,142.43,79.26,-0.0,0.0,gauche,,,1,170,163,0,0.77,matched,1
163,5.433,1782384268,T006,5,44.55,482.44,-0.26,0.95,droite,,,1,168,159,0,0.769,matched,1
163,5.433,1782384268,T007,11,205.7,577.91,0.14,0.4,droite,,,1,168,129,0,0.766,matched,1
164,5.467,1782384268,T002,13,163.06,149.48,-0.0,-0.04,gauche,,,1,171,164,0,0.77,matched,1
164,5.467,1782384268,T003,4,102.04,139.92,-0.11,-0.13,gauche,,,1,171,164,0,0.77,matched,1
164,5.467,1782384268,T004,3,241.86,173.1,-0.14,-0.62,gauche,,,1,171,159,0,0.767,matched,1
164,5.467,1782384268,T005,7,142.43,79.26,-0.0,-0.0,gauche,,,1,171,164,0,0.77,matched,1
164,5.467,1782384268,T006,5,44.53,483.69,-0.03,0.99,droite,,,1,169,160,0,0.766,matched,1
164,5.467,1782384268,T007,11,205.7,577.91,0.2,0.04,droite,,,1,169,130,0,0.765,matched,1
165,5.500,1782384268,T002,13,163.06,149.48,0.17,-0.02,gauche,,,1,172,165,0,0.767,matched,1
165,5.500,1782384268,T003,4,102.04,139.92,-0.08,-0.08,gauche,,,1,172,165,0,0.769,matched,1
165,5.500,1782384268,T004,3,241.35,172.48,-0.42,-0.36,gauche,,,1,172,160,0,0.765,matched,1
165,5.500,1782384268,T005,7,142.43,79.26,-0.0,-0.0,gauche,,,1,172,165,0,0.77,matched,1
165,5.500,1782384268,T006,5,44.59,484.93,0.07,0.95,droite,,,1,170,161,0,0.768,matched,1
165,5.500,1782384268,T007,11,205.7,577.91,0.01,-0.1,droite,,,1,170,131,0,0.767,matched,1
166,5.533,1782384268,T002,13,163.5,148.88,0.19,-0.01,gauche,,,1,173,166,0,0.769,matched,1
166,5.533,1782384268,T003,4,102.04,139.92,-0.05,-0.05,gauche,,,1,173,166,0,0.769,matched,1
166,5.533,1782384268,T004,3,240.68,172.04,-0.6,-0.18,gauche,,,1,173,161,0,0.766,matched,1
166,5.533,1782384268,T005,7,142.43,79.26,-0.0,-0.0,gauche,,,1,173,166,0,0.77,matched,1
166,5.533,1782384268,T006,5,44.81,485.99,0.26,0.72,droite,,,1,171,162,0,0.766,matched,1
166,5.533,1782384268,T007,1,205.7,577.91,-0.07,0.03,droite,,,1,171,132,0,0.768,matched,1
167,5.567,1782384268,T002,13,163.87,147.47,0.16,-1.19,gauche,,,1,174,167,0,0.753,matched,1
167,5.567,1782384268,T003,4,102.04,139.92,-0.02,-0.02,gauche,,,1,174,167,0,0.77,matched,1
167,5.567,1782384268,T004,3,239.89,171.73,-0.7,-0.07,gauche,,,1,174,162,0,0.767,matched,1
167,5.567,1782384268,T005,7,142.43,79.26,0.0,-0.0,gauche,,,1,174,167,0,0.77,matched,1
167,5.567,1782384268,T006,5,45.21,486.96,0.44,0.64,droite,,,1,172,163,0,0.767,matched,1
167,5.567,1782384268,T007,1,205.7,577.91,-0.08,0.08,droite,,,1,172,133,0,0.769,matched,1
168,5.600,1782384268,T002,13,164.16,145.58,0.11,-1.72,gauche,,,1,175,168,0,0.761,matched,1
168,5.600,1782384268,T003,4,102.04,139.92,-0.01,-0.01,gauche,,,1,175,168,0,0.77,matched,1
168,5.600,1782384268,T004,3,239.03,171.52,-0.75,-0.01,gauche,,,1,175,163,0,0.768,matched,1
168,5.600,1782384268,T005,7,142.43,79.26,0.0,-0.17,gauche,,,1,175,168,0,0.768,matched,1
168,5.600,1782384268,T006,5,45.76,487.62,0.58,0.29,droite,,,1,173,164,0,0.765,matched,1
168,5.600,1782384268,T007,1,205.7,577.91,-0.24,0.25,droite,,,1,173,134,0,0.766,matched,1
169,5.633,1782384268,T002,13,164.38,143.75,0.07,-1.53,gauche,,,1,176,169,0,0.769,matched,1
169,5.633,1782384268,T003,4,102.04,139.92,-0.0,0.0,gauche,,,1,176,169,0,0.77,matched,1
169,5.633,1782384268,T004,3,238.26,171.38,-0.6,0.01,gauche,,,1,176,164,0,0.769,matched,1
169,5.633,1782384268,T005,7,142.43,79.26,0.0,-0.2,gauche,,,1,176,169,0,0.769,matched,1
169,5.633,1782384268,T006,5,45.76,487.62,0.51,0.09,droite,,,1,174,165,0,0.767,matched,1
169,5.633,1782384268,T007,1,205.55,578.63,-0.24,0.26,droite,,,1,174,135,0,0.769,matched,1
170,5.667,1782384268,T002,13,164.55,142.07,0.03,-1.28,gauche,,,1,177,170,0,0.769,matched,1
170,5.667,1782384268,T003,4,102.04,139.92,0.0,0.0,gauche,,,1,177,170,0,0.77,matched,1
170,5.667,1782384268,T004,3,238.26,171.38,-0.41,0.02,gauche,,,1,177,165,0,0.768,matched,1
170,5.667,1782384268,T005,7,142.43,79.26,0.0,-0.16,gauche,,,1,177,170,0,0.77,matched,1
170,5.667,1782384268,T006,5,45.76,487.62,0.36,-0.01,droite,,,1,175,166,0,0.768,matched,1
170,5.667,1782384268,T007,1,205.4,579.35,-0.19,0.37,droite,,,1,175,136,0,0.768,matched,1
171,5.700,1782384268,T002,13,164.66,140.7,0.01,-0.89,gauche,,,1,178,171,0,0.766,matched,1
171,5.700,1782384268,T003,4,102.04,139.92,0.17,0.0,gauche,,,1,178,171,0,0.767,matched,1
171,5.700,1782384268,T004,3,238.26,171.38,-0.24,-0.32,gauche,,,1,178,166,0,0.765,matched,1
171,5.700,1782384268,T005,7,142.43,79.26,0.0,-0.11,gauche,,,1,178,171,0,0.769,matched,1
171,5.700,1782384268,T006,5,46.5,487.97,0.39,-0.04,droite,,,1,176,167,0,0.769,matched,1
171,5.700,1782384268,T007,1,205.41,580.13,0.04,0.5,droite,,,1,176,137,0,0.766,matched,1
172,5.733,1782384268,T002,13,164.75,139.52,0.0,-0.71,gauche,,,1,179,172,0,0.769,matched,1
172,5.733,1782384268,T003,4,102.04,139.92,0.2,0.0,gauche,,,1,179,172,0,0.769,matched,1
172,5.733,1782384268,T004,3,237.66,170.87,-0.12,-0.38,gauche,,,1,179,167,0,0.768,matched,1
172,5.733,1782384268,T005,7,142.43,79.26,0.0,0.1,gauche,,,1,179,172,0,0.767,matched,1
172,5.733,1782384268,T006,5,47.26,488.22,0.49,-0.05,droite,,,1,177,168,0,0.768,matched,1
172,5.733,1782384268,T007,1,205.37,581.24,-0.05,0.95,droite,,,1,177,138,0,0.763,matched,1
173,5.767,1782384268,T002,13,164.81,138.57,-0.0,-0.48,gauche,,,1,180,173,0,0.768,matched,1
173,5.767,1782384268,T003,4,102.04,139.92,0.16,-0.17,gauche,,,1,180,173,0,0.767,matched,1
173,5.767,1782384268,T004,3,237.09,170.27,-0.22,-0.49,gauche,,,1,180,168,0,0.767,matched,1
173,5.767,1782384268,T005,7,142.43,79.26,0.17,0.16,gauche,,,1,180,173,0,0.767,matched,1
173,5.767,1782384268,T006,5,47.26,488.22,0.41,-0.04,droite,,,1,178,169,0,0.77,matched,1
173,5.767,1782384268,T007,1,205.3,582.62,-0.07,1.24,droite,,,1,178,139,0,0.764,matched,1
174,5.800,1782384268,T002,13,164.81,138.57,-0.0,-0.28,gauche,,,1,181,174,0,0.768,matched,1
174,5.800,1782384268,T003,4,102.04,139.92,0.11,-0.2,gauche,,,1,181,174,0,0.769,matched,1
174,5.800,1782384268,T004,3,236.59,169.43,-0.21,-0.76,gauche,,,1,181,169,0,0.765,matched,1
174,5.800,1782384268,T005,7,142.43,79.26,0.2,0.15,gauche,,,1,181,174,0,0.769,matched,1
174,5.800,1782384268,T006,5,47.97,488.54,0.29,0.14,droite,,,1,179,170,0,0.767,matched,1
174,5.800,1782384268,T007,1,205.22,584.08,-0.06,1.25,droite,,,1,179,140,0,0.768,matched,1
175,5.833,1782384268,T002,13,164.81,138.57,-0.0,-0.14,gauche,,,1,182,175,0,0.768,matched,1
175,5.833,1782384268,T003,4,102.04,139.92,0.07,-0.16,gauche,,,1,182,175,0,0.769,matched,1
175,5.833,1782384268,T004,3,236.19,168.62,-0.15,-0.69,gauche,,,1,182,170,0,0.77,matched,1
175,5.833,1782384268,T005,7,142.43,79.26,0.16,0.28,gauche,,,1,182,175,0,0.768,matched,1
175,5.833,1782384268,T006,5,47.97,488.54,0.18,0.18,droite,,,1,180,171,0,0.769,matched,1
175,5.833,1782384268,T007,1,205.16,585.35,-0.05,0.96,droite,,,1,180,141,0,0.768,matched,1
176,5.867,1782384268,T002,13,164.81,138.57,-0.0,0.12,gauche,,,1,183,176,0,0.766,matched,1
176,5.867,1782384268,T003,4,102.04,139.92,-0.13,-0.28,gauche,,,1,183,176,0,0.766,matched,1
176,5.867,1782384268,T004,3,235.88,167.78,-0.1,-0.68,gauche,,,1,183,171,0,0.769,matched,1
176,5.867,1782384268,T005,7,142.43,79.26,0.11,0.27,gauche,,,1,183,176,0,0.769,matched,1
176,5.867,1782384268,T006,5,48.63,488.9,0.26,0.15,droite,,,1,181,172,0,0.768,matched,1
176,5.867,1782384268,T007,1,205.12,586.51,-0.03,0.81,droite,,,1,181,142,0,0.769,matched,1
177,5.900,1782384268,T002,13,164.81,138.57,-0.0,0.02,gauche,,,1,184,177,0,0.769,matched,1
177,5.900,1782384268,T003,4,102.04,139.92,-0.18,-0.43,gauche,,,1,184,177,0,0.767,matched,1
177,5.900,1782384268,T004,3,235.51,167.06,-0.23,-0.52,gauche,,,1,184,172,0,0.768,matched,1
177,5.900,1782384268,T005,7,142.43,79.26,0.07,0.2,gauche,,,1,184,177,0,0.769,matched,1
177,5.900,1782384268,T006,5,48.63,488.9,0.24,0.28,droite,,,1,182,173,0,0.768,matched,1
177,5.900,1782384268,T007,1,205.08,587.44,-0.02,0.56,droite,,,1,182,143,0,0.768,matched,1
178,5.933,1782384268,T002,13,164.81,138.57,0.17,-0.02,gauche,,,1,185,178,0,0.767,matched,1
178,5.933,1782384268,T003,4,101.55,139.33,-0.16,-0.56,gauche,,,1,185,178,0,0.767,matched,1
178,5.933,1782384268,T004,3,235.3,166.35,-0.05,-0.51,gauche,,,1,185,173,0,0.768,matched,1
178,5.933,1782384268,T005,7,142.43,79.26,0.03,0.13,gauche,,,1,185,178,0,0.769,matched,1
178,5.933,1782384268,T006,5,49.22,489.53,0.17,0.43,droite,,,1,183,174,0,0.767,matched,1
178,5.933,1782384268,T007,1,205.08,587.44,-0.01,0.34,droite,,,1,183,144,0,0.768,matched,1
179,5.967,1782384268,T002,9,162.46,144.0,-3.03,7.45,gauche,,,1,186,179,0,0.651,matched,1
179,5.967,1782384268,T003,4,101.16,138.48,-0.11,-0.83,gauche,,,1,186,179,0,0.765,matched,1
179,5.967,1782384268,T004,3,235.05,165.61,-0.14,-0.56,gauche,,,1,186,174,0,0.768,matched,1
179,5.967,1782384268,T005,7,142.43,79.26,0.01,0.07,gauche,,,1,186,179,0,0.769,matched,1
179,5.967,1782384268,T006,5,49.68,490.4,0.11,0.73,droite,,,1,184,175,0,0.765,matched,1
179,5.967,1782384268,T007,1,205.08,587.44,-0.0,0.18,droite,,,1,184,145,0,0.768,matched,1
180,6.000,1782384269,T002,9,159.4,151.47,-3.41,8.63,gauche,,,1,187,180,0,0.74,matched,1
180,6.000,1782384269,T003,4,100.86,137.64,-0.07,-0.74,gauche,,,1,187,180,0,0.77,matched,1
180,6.000,1782384269,T004,3,235.05,165.61,-0.15,-0.11,gauche,,,1,187,175,0,0.764,matched,1
180,6.000,1782384269,T005,7,142.43,79.26,0.0,0.03,gauche,,,1,187,180,0,0.77,matched,1
180,6.000,1782384269,T006,5,49.88,491.38,-0.11,0.85,droite,,,1,185,176,0,0.766,matched,1
180,6.000,1782384269,T007,1,205.08,587.44,0.0,0.07,droite,,,1,185,146,0,0.769,matched,1
181,6.033,1782384269,T002,9,156.49,158.71,-2.78,7.13,gauche,,,1,188,181,0,0.76,matched,1
181,6.033,1782384269,T003,4,100.64,136.93,-0.04,-0.54,gauche,,,1,188,181,0,0.768,matched,1
181,6.033,1782384269,T004,3,235.05,165.61,-0.11,0.09,gauche,,,1,188,176,0,0.767,matched,1
181,6.033,1782384269,T005,7,142.43,79.26,-0.0,0.01,gauche,,,1,188,181,0,0.77,matched,1
181,6.033,1782384269,T006,5,49.95,492.29,-0.17,0.71,droite,,,1,186,177,0,0.769,matched,1
181,6.033,1782384269,T007,1,205.08,587.44,0.0,0.02,droite,,,1,186,147,0,0.769,matched,1
182,6.067,1782384269,T002,9,154.09,164.72,-1.9,4.93,gauche,,,1,189,182,0,0.746,matched,1
182,6.067,1782384269,T003,4,100.64,136.93,-0.02,-0.51,gauche,,,1,189,182,0,0.77,matched,1
182,6.067,1782384269,T004,3,235.05,165.61,-0.08,-0.03,gauche,,,1,189,177,0,0.768,matched,1
182,6.067,1782384269,T005,7,142.43,79.26,-0.0,0.0,gauche,,,1,189,182,0,0.77,matched,1
182,6.067,1782384269,T006,5,49.96,493.3,-0.15,0.83,droite,,,1,187,178,0,0.767,matched,1
182,6.067,1782384269,T007,1,205.06,588.21,0.0,0.16,droite,,,1,187,148,0,0.768,matched,1
183,6.100,1782384269,T002,9,152.28,169.28,-1.14,2.96,gauche,,,1,190,183,0,0.747,matched,1
183,6.100,1782384269,T003,4,100.48,136.05,-0.0,-0.55,gauche,,,1,190,183,0,0.769,matched,1
183,6.100,1782384269,T004,3,235.05,165.61,-0.04,0.11,gauche,,,1,190,178,0,0.768,matched,1
183,6.100,1782384269,T005,7,142.43,79.26,-0.0,-0.0,gauche,,,1,190,183,0,0.77,matched,1
183,6.100,1782384269,T006,5,49.96,494.5,-0.11,1.03,droite,,,1,188,179,0,0.766,matched,1
183,6.100,1782384269,T007,1,205.06,588.21,0.0,0.18,droite,,,1,188,149,0,0.769,matched,1
184,6.133,1782384269,T002,9,150.99,172.4,-0.58,1.36,gauche,,,1,191,184,0,0.75,matched,1
184,6.133,1782384269,T003,4,100.36,135.28,0.0,-0.44,gauche,,,1,191,184,0,0.769,matched,1
184,6.133,1782384269,T004,3,235.05,165.61,-0.02,0.13,gauche,,,1,191,179,0,0.769,matched,1
184,6.133,1782384269,T005,7,142.43,79.26,-0.0,-0.0,gauche,,,1,191,184,0,0.77,matched,1
184,6.133,1782384269,T006,5,49.95,495.75,-0.07,1.04,droite,,,1,189,180,0,0.768,matched,1
184,6.133,1782384269,T007,1,205.05,589.03,0.0,0.32,droite,,,1,189,150,0,0.768,matched,1
185,6.167,1782384269,T002,9,150.1,174.46,-0.23,0.43,gauche,,,1,192,185,0,0.758,matched,1
185,6.167,1782384269,T003,4,100.36,135.28,0.0,-0.3,gauche,,,1,192,185,0,0.769,matched,1
185,6.167,1782384269,T004,3,235.05,165.61,-0.18,-0.06,gauche,,,1,192,180,0,0.767,matched,1
185,6.167,1782384269,T005,7,142.43,79.26,-0.0,-0.0,gauche,,,1,192,185,0,0.77,matched,1
185,6.167,1782384269,T006,5,49.95,496.98,-0.04,0.98,droite,,,1,190,181,0,0.769,matched,1
185,6.167,1782384269,T007,1,205.04,589.87,0.0,0.47,droite,,,1,190,151,0,0.767,matched,1
186,6.200,1782384269,T002,9,149.63,175.94,0.12,0.15,gauche,,,1,193,186,0,0.764,matched,1
186,6.200,1782384269,T003,4,100.36,135.28,0.0,-0.18,gauche,,,1,193,186,0,0.769,matched,1
186,6.200,1782384269,T004,3,235.05,165.61,-0.37,-0.12,gauche,,,1,193,181,0,0.767,matched,1
186,6.200,1782384269,T005,7,142.43,79.26,-0.0,-0.0,gauche,,,1,193,186,0,0.77,matched,1
186,6.200,1782384269,T006,5,49.95,498.04,-0.02,0.73,droite,,,1,191,182,0,0.768,matched,1
186,6.200,1782384269,T007,1,205.03,590.76,0.0,0.59,droite,,,1,191,152,0,0.768,matched,1
187,6.233,1782384269,T002,9,149.41,176.99,0.23,0.0,gauche,,,1,194,187,0,0.767,matched,1
187,6.233,1782384269,T003,4,100.36,135.28,0.0,-0.09,gauche,,,1,194,187,0,0.769,matched,1
187,6.233,1782384269,T004,3,234.33,165.09,-0.36,-0.28,gauche,,,1,194,182,0,0.767,matched,1
187,6.233,1782384269,T005,7,142.43,79.26,-0.0,-0.0,gauche,,,1,194,187,0,0.77,matched,1
187,6.233,1782384269,T006,5,49.95,498.86,-0.01,0.47,droite,,,1,192,183,0,0.767,matched,1
187,6.233,1782384269,T007,1,205.02,591.55,0.0,0.5,droite,,,1,192,153,0,0.77,matched,1
188,6.267,1782384269,T002,9,149.3,177.75,0.22,-0.05,gauche,,,1,195,188,0,0.769,matched,1
188,6.267,1782384269,T003,4,100.36,135.28,0.0,-0.04,gauche,,,1,195,188,0,0.769,matched,1
188,6.267,1782384269,T004,3,233.74,164.47,-0.27,-0.45,gauche,,,1,195,183,0,0.767,matched,1
188,6.267,1782384269,T005,7,142.43,79.26,-0.0,-0.0,gauche,,,1,195,188,0,0.77,matched,1
188,6.267,1782384269,T006,5,49.95,498.86,0.0,0.26,droite,,,1,193,184,0,0.768,matched,1
188,6.267,1782384269,T007,1,205.02,592.47,0.0,0.69,droite,,,1,193,154,0,0.766,matched,1
189,6.300,1782384269,T002,9,149.3,177.75,0.17,0.11,gauche,,,1,196,189,0,0.768,matched,1
189,6.300,1782384269,T003,4,100.36,135.28,0.0,-0.01,gauche,,,1,196,189,0,0.77,matched,1
189,6.300,1782384269,T004,3,233.28,163.88,-0.18,-0.42,gauche,,,1,196,184,0,0.769,matched,1
189,6.300,1782384269,T005,7,142.43,79.26,-0.0,-0.0,gauche,,,1,196,189,0,0.77,matched,1
189,6.300,1782384269,T006,5,49.95,498.86,0.0,0.12,droite,,,1,194,185,0,0.768,matched,1
189,6.300,1782384269,T007,1,205.01,593.74,-0.0,1.12,droite,,,1,194,155,0,0.763,matched,1
190,6.333,1782384269,T002,9,149.25,178.5,0.11,0.15,gauche,,,1,197,190,0,0.769,matched,1
190,6.333,1782384269,T003,4,100.36,135.28,0.0,0.01,gauche,,,1,197,190,0,0.77,matched,1
190,6.333,1782384269,T004,3,233.28,163.88,-0.27,-0.31,gauche,,,1,197,185,0,0.768,matched,1
190,6.333,1782384269,T005,7,142.43,79.26,0.0,-0.0,gauche,,,1,197,190,0,0.77,matched,1
190,6.333,1782384269,T006,5,49.95,498.86,0.17,0.04,droite,,,1,195,186,0,0.767,matched,1
190,6.333,1782384269,T007,1,205.01,595.13,-0.0,1.2,droite,,,1,195,156,0,0.767,matched,1
191,6.367,1782384269,T002,9,149.25,178.5,0.06,0.13,gauche,,,1,198,191,0,0.769,matched,1
191,6.367,1782384269,T003,4,100.36,135.28,0.0,0.01,gauche,,,1,198,191,0,0.77,matched,1
191,6.367,1782384269,T004,3,232.6,162.83,-0.42,-0.88,gauche,,,1,198,186,0,0.761,matched,1
191,6.367,1782384269,T005,7,142.43,79.26,0.0,0.0,gauche,,,1,198,191,0,0.77,matched,1
191,6.367,1782384269,T006,5,49.95,498.86,0.2,0.0,droite,,,1,196,187,0,0.769,matched,1
191,6.367,1782384269,T007,1,205.01,596.51,-0.0,1.13,droite,,,1,196,157,0,0.769,matched,1
192,6.400,1782384269,T002,9,149.25,178.5,0.03,0.09,gauche,,,1,199,192,0,0.769,matched,1
192,6.400,1782384269,T003,4,100.36,135.28,0.0,0.01,gauche,,,1,199,192,0,0.77,matched,1
192,6.400,1782384269,T004,3,231.98,161.87,-0.38,-0.73,gauche,,,1,199,187,0,0.769,matched,1
192,6.400,1782384269,T005,7,142.43,79.26,0.0,0.0,gauche,,,1,199,192,0,0.77,matched,1
192,6.400,1782384269,T006,5,49.95,498.86,0.16,-0.02,droite,,,1,197,188,0,0.77,matched,1
192,6.400,1782384269,T007,1,205.01,597.69,-0.0,0.84,droite,,,1,197,158,0,0.767,matched,1
193,6.433,1782384269,T002,9,149.25,178.5,0.01,0.06,gauche,,,1,200,193,0,0.77,matched,1
193,6.433,1782384269,T003,4,100.36,135.28,-0.0,0.01,gauche,,,1,200,193,0,0.77,matched,1
193,6.433,1782384269,T004,3,231.46,161.09,-0.28,-0.5,gauche,,,1,200,188,0,0.768,matched,1
193,6.433,1782384269,T005,7,142.43,79.26,0.0,0.0,gauche,,,1,200,193,0,0.77,matched,1
193,6.433,1782384269,T006,5,49.95,498.86,0.11,-0.02,droite,,,1,198,189,0,0.769,matched,1
193,6.433,1782384269,T007,1,205.0,598.61,-0.0,0.54,droite,,,1,198,159,0,0.767,matched,1
194,6.467,1782384269,T002,9,149.25,178.5,0.0,0.03,gauche,,,1,201,194,0,0.77,matched,1
194,6.467,1782384269,T003,4,100.36,135.28,-0.0,0.0,gauche,,,1,201,194,0,0.77,matched,1
194,6.467,1782384269,T004,3,230.93,160.23,-0.34,-0.64,gauche,,,1,201,189,0,0.767,matched,1
194,6.467,1782384269,T005,7,142.43,79.26,0.0,0.0,gauche,,,1,201,194,0,0.77,matched,1
194,6.467,1782384269,T006,5,49.95,498.86,0.24,-0.19,droite,,,1,199,190,0,0.767,matched,1
194,6.467,1782384269,T007,1,205.0,598.61,-0.0,0.3,droite,,,1,199,160,0,0.767,matched,1
195,6.500,1782384269,T002,9,149.25,178.5,0.17,0.01,gauche,,,1,202,195,0,0.768,matched,1
195,6.500,1782384269,T003,4,100.36,135.28,-0.17,0.0,gauche,,,1,202,195,0,0.767,matched,1
195,6.500,1782384269,T004,3,230.46,159.3,-0.29,-0.72,gauche,,,1,202,190,0,0.768,matched,1
195,6.500,1782384269,T005,7,142.43,79.26,0.17,0.17,gauche,,,1,202,195,0,0.766,matched,1
195,6.500,1782384269,T006,5,50.57,499.3,0.4,-0.04,droite,,,1,200,191,0,0.767,matched,1
195,6.500,1782384269,T007,1,205.0,598.61,-0.0,0.14,droite,,,1,200,161,0,0.768,matched,1
196,6.533,1782384269,T002,9,149.41,179.24,0.19,0.17,gauche,,,1,203,196,0,0.768,matched,1
196,6.533,1782384269,T003,4,100.06,134.6,-0.2,-0.17,gauche,,,1,203,196,0,0.767,matched,1
196,6.533,1782384269,T004,3,229.94,158.47,-0.38,-0.59,gauche,,,1,203,191,0,0.768,matched,1
196,6.533,1782384269,T005,7,142.43,79.26,0.03,0.03,gauche,,,1,203,196,0,0.767,matched,1
196,6.533,1782384269,T006,5,50.57,499.3,0.37,0.03,droite,,,1,201,192,0,0.769,matched,1
196,6.533,1782384269,T007,1,205.0,598.61,-0.0,0.05,droite,,,1,201,162,0,0.769,matched,1
197,6.567,1782384269,T002,9,149.41,179.24,-0.01,0.2,gauche,,,1,204,197,0,0.767,matched,1
197,6.567,1782384269,T003,4,100.06,134.6,-0.16,-0.2,gauche,,,1,204,197,0,0.769,matched,1
197,6.567,1782384269,T004,3,229.46,157.8,-0.32,-0.4,gauche,,,1,204,192,0,0.768,matched,1
197,6.567,1782384269,T005,7,142.43,79.26,-0.03,-0.03,gauche,,,1,204,197,0,0.769,matched,1
197,6.567,1782384269,T006,5,51.19,499.83,0.28,0.22,droite,,,1,202,193,0,0.767,matched,1
197,6.567,1782384269,T007,1,205.0,598.61,0.0,0.0,droite,,,1,202,163,0,0.769,matched,1
198,6.600,1782384269,T002,9,149.41,179.24,-0.09,0.16,gauche,,,1,205,198,0,0.769,matched,1
198,6.600,1782384269,T003,4,99.79,133.83,-0.11,-0.33,gauche,,,1,205,198,0,0.768,matched,1
198,6.600,1782384269,T004,3,229.46,157.8,-0.23,-0.24,gauche,,,1,205,193,0,0.768,matched,1
198,6.600,1782384269,T005,7,142.43,79.26,-0.05,-0.05,gauche,,,1,205,198,0,0.77,matched,1
198,6.600,1782384269,T006,5,51.19,499.83,0.18,0.24,droite,,,1,203,194,0,0.769,matched,1
198,6.600,1782384269,T007,1,205.0,598.61,0.0,-0.02,droite,,,1,203,164,0,0.77,matched,1
199,6.633,1782384269,T002,9,149.41,179.24,0.07,0.11,gauche,,,1,206,199,0,0.768,matched,1
199,6.633,1782384269,T003,4,99.79,133.83,-0.07,-0.31,gauche,,,1,206,199,0,0.769,matched,1
199,6.633,1782384269,T004,3,229.46,157.8,-0.14,-0.12,gauche,,,1,206,194,0,0.768,matched,1
199,6.633,1782384269,T005,7,142.43,79.26,-0.04,-0.04,gauche,,,1,206,199,0,0.77,matched,1
199,6.633,1782384269,T006,5,51.19,499.83,0.1,0.19,droite,,,1,204,195,0,0.769,matched,1
199,6.633,1782384269,T007,1,205.0,598.61,0.0,-0.02,droite,,,1,204,165,0,0.77,matched,1
200,6.667,1782384269,T002,9,149.41,179.24,0.12,0.07,gauche,,,1,207,200,0,0.769,matched,1
200,6.667,1782384269,T003,4,99.44,132.98,-0.2,-0.4,gauche,,,1,207,200,0,0.767,matched,1
200,6.667,1782384269,T004,3,229.46,157.8,-0.24,-0.05,gauche,,,1,207,195,0,0.768,matched,1
200,6.667,1782384269,T005,7,142.43,79.26,-0.03,-0.03,gauche,,,1,207,200,0,0.77,matched,1
200,6.667,1782384269,T006,5,51.65,500.51,0.05,0.3,droite,,,1,205,196,0,0.768,matched,1
200,6.667,1782384269,T007,1,205.0,598.61,0.0,0.15,droite,,,1,205,166,0,0.767,matched,1
201,6.700,1782384269,T002,9,149.41,179.24,-0.06,0.03,gauche,,,1,208,201,0,0.768,matched,1
201,6.700,1782384269,T003,4,99.11,132.26,-0.21,-0.34,gauche,,,1,208,201,0,0.77,matched,1
201,6.700,1782384269,T004,3,228.74,157.35,-0.4,-0.01,gauche,,,1,208,196,0,0.767,matched,1
201,6.700,1782384269,T005,7,142.43,79.26,-0.02,-0.02,gauche,,,1,208,201,0,0.77,matched,1
201,6.700,1782384269,T006,5,51.65,500.51,0.02,0.28,droite,,,1,206,197,0,0.77,matched,1
201,6.700,1782384269,T007,1,205.0,599.54,0.0,0.35,droite,,,1,206,167,0,0.767,matched,1
202,6.733,1782384269,T002,9,149.41,179.24,-0.12,0.01,gauche,,,1,209,202,0,0.769,matched,1
202,6.733,1782384269,T003,4,98.83,131.54,-0.17,-0.41,gauche,,,1,209,202,0,0.768,matched,1
202,6.733,1782384269,T004,3,228.09,156.88,-0.37,-0.16,gauche,,,1,209,197,0,0.768,matched,1
202,6.733,1782384269,T005,7,142.43,79.26,-0.01,-0.01,gauche,,,1,209,202,0,0.77,matched,1
202,6.733,1782384269,T006,5,51.65,500.51,-0.17,0.2,droite,,,1,207,198,0,0.767,matched,1
202,6.733,1782384269,T007,1,205.0,600.35,0.0,0.35,droite,,,1,207,168,0,0.77,matched,1
203,6.767,1782384269,T002,9,149.41,179.24,-0.11,0.0,gauche,,,1,210,203,0,0.77,matched,1
203,6.767,1782384269,T003,4,98.61,130.78,-0.11,-0.52,gauche,,,1,210,203,0,0.768,matched,1
203,6.767,1782384269,T004,3,227.55,156.31,-0.27,-0.35,gauche,,,1,210,198,0,0.767,matched,1
203,6.767,1782384269,T005,7,142.43,79.26,-0.01,-0.01,gauche,,,1,210,203,0,0.77,matched,1
203,6.767,1782384269,T006,5,51.65,500.51,-0.2,0.13,droite,,,1,208,199,0,0.769,matched,1
203,6.767,1782384269,T007,1,205.0,601.15,0.0,0.44,droite,,,1,208,169,0,0.768,matched,1
204,6.800,1782384269,T002,9,149.41,179.24,-0.08,-0.0,gauche,,,1,211,204,0,0.77,matched,1
204,6.800,1782384269,T003,4,98.44,129.96,-0.06,-0.61,gauche,,,1,211,204,0,0.768,matched,1
204,6.800,1782384269,T004,3,227.55,156.31,-0.17,-0.35,gauche,,,1,211,199,0,0.769,matched,1
204,6.800,1782384269,T005,7,142.43,79.26,-0.0,-0.0,gauche,,,1,211,204,0,0.77,matched,1
204,6.800,1782384269,T006,5,51.45,501.27,-0.51,0.24,droite,,,1,209,200,0,0.765,matched,1
204,6.800,1782384269,T007,1,205.0,602.26,0.0,0.89,droite,,,1,209,170,0,0.763,matched,1
205,6.833,1782384269,T002,9,149.41,179.24,-0.05,-0.0,gauche,,,1,212,205,0,0.77,matched,1
205,6.833,1782384269,T003,4,98.32,129.22,-0.03,-0.51,gauche,,,1,212,205,0,0.769,matched,1
205,6.833,1782384269,T004,3,227.55,156.31,-0.1,-0.27,gauche,,,1,212,200,0,0.769,matched,1
205,6.833,1782384269,T005,7,142.43,79.26,0.0,0.0,gauche,,,1,212,205,0,0.77,matched,1
205,6.833,1782384269,T006,5,51.45,501.27,-0.51,0.23,droite,,,1,210,201,0,0.769,matched,1
205,6.833,1782384269,T007,1,205.0,603.36,0.0,0.86,droite,,,1,210,171,0,0.769,matched,1
206,6.867,1782384269,T002,9,149.41,179.24,-0.03,-0.0,gauche,,,1,213,206,0,0.77,matched,1
206,6.867,1782384269,T003,4,98.32,129.22,-0.01,-0.35,gauche,,,1,213,206,0,0.768,matched,1
206,6.867,1782384269,T004,3,227.02,155.58,-0.21,-0.34,gauche,,,1,213,201,0,0.768,matched,1
206,6.867,1782384269,T005,7,142.43,79.26,0.17,0.17,gauche,,,1,213,206,0,0.766,matched,1
206,6.867,1782384269,T006,5,51.06,501.95,-0.4,0.17,droite,,,1,211,202,0,0.769,matched,1
206,6.867,1782384269,T007,1,205.0,604.72,-0.0,1.16,droite,,,1,211,172,0,0.764,matched,1
207,6.900,1782384269,T002,9,149.41,179.24,-0.01,-0.0,gauche,,,1,214,207,0,0.77,matched,1
207,6.900,1782384269,T003,4,98.32,129.22,-0.0,-0.21,gauche,,,1,214,207,0,0.768,matched,1
207,6.900,1782384269,T004,3,226.54,154.68,-0.21,-0.64,gauche,,,1,214,202,0,0.765,matched,1
207,6.900,1782384269,T005,7,142.43,79.26,0.2,0.2,gauche,,,1,214,207,0,0.769,matched,1
207,6.900,1782384269,T006,5,51.06,501.95,-0.26,0.11,droite,,,1,212,203,0,0.768,matched,1
207,6.900,1782384269,T007,1,205.0,606.14,-0.0,1.18,droite,,,1,212,173,0,0.768,matched,1
208,6.933,1782384269,T002,9,149.41,179.24,-0.01,-0.0,gauche,,,1,215,208,0,0.77,matched,1
208,6.933,1782384269,T003,4,98.32,129.22,0.0,-0.11,gauche,,,1,215,208,0,0.769,matched,1
208,6.933,1782384269,T004,3,226.02,153.54,-0.33,-0.94,gauche,,,1,215,203,0,0.764,matched,1
208,6.933,1782384269,T005,7,142.43,79.26,0.16,0.16,gauche,,,1,215,208,0,0.77,matched,1
208,6.933,1782384269,T006,5,51.06,501.95,0.02,0.06,droite,,,1,213,204,0,0.766,matched,1
208,6.933,1782384269,T007,1,205.0,607.53,-0.0,1.09,droite,,,1,213,174,0,0.77,matched,1
209,6.967,1782384269,T002,9,149.41,179.24,-0.0,-0.0,gauche,,,1,216,209,0,0.77,matched,1
209,6.967,1782384269,T003,4,98.32,129.22,0.0,-0.05,gauche,,,1,216,209,0,0.769,matched,1
209,6.967,1782384269,T004,3,225.54,152.45,-0.3,-0.85,gauche,,,1,216,204,0,0.77,matched,1
209,6.967,1782384269,T005,13,146.63,84.67,4.53,6.57,gauche,,,1,216,209,0,0.656,matched,1
209,6.967,1782384269,T006,5,51.06,501.95,0.29,0.03,droite,,,1,214,205,0,0.766,matched,1
209,6.967,1782384269,T007,1,205.0,608.57,-0.0,0.64,droite,,,1,214,175,0,0.765,matched,1
210,7.000,1782384270,T002,9,149.41,179.24,0.0,-0.0,gauche,,,1,217,210,0,0.77,matched,1
210,7.000,1782384270,T003,4,98.32,129.22,0.0,-0.01,gauche,,,1,217,210,0,0.77,matched,1
210,7.000,1782384270,T004,3,225.14,151.4,-0.22,-0.79,gauche,,,1,217,205,0,0.769,matched,1
210,7.000,1782384270,T005,13,151.81,91.68,5.19,7.55,gauche,,,1,217,210,0,0.741,matched,1
210,7.000,1782384270,T006,5,51.06,501.95,0.33,0.01,droite,,,1,215,206,0,0.769,matched,1
210,7.000,1782384270,T007,1,205.0,609.31,-0.0,0.32,droite,,,1,215,176,0,0.766,matched,1
211,7.033,1782384270,T002,9,149.41,179.24,0.0,-0.0,gauche,,,1,218,211,0,0.77,matched,1
211,7.033,1782384270,T003,4,98.32,129.22,0.0,0.01,gauche,,,1,218,211,0,0.77,matched,1
211,7.033,1782384270,T004,3,224.83,150.51,-0.14,-0.59,gauche,,,1,218,206,0,0.768,matched,1
211,7.033,1782384270,T005,13,156.66,98.35,4.26,6.21,gauche,,,1,218,211,0,0.76,matched,1
211,7.033,1782384270,T006,5,51.06,501.95,0.27,0.0,droite,,,1,216,207,0,0.77,matched,1
211,7.033,1782384270,T007,1,205.0,609.31,-0.0,0.12,droite,,,1,216,177,0,0.768,matched,1
212,7.067,1782384270,T002,9,149.41,179.24,0.0,0.0,gauche,,,1,219,212,0,0.77,matched,1
212,7.067,1782384270,T003,4,98.32,129.22,0.0,-0.16,gauche,,,1,219,212,0,0.768,matched,1
212,7.067,1782384270,T004,3,224.6,149.81,-0.08,-0.38,gauche,,,1,219,207,0,0.768,matched,1
212,7.067,1782384270,T005,13,160.65,103.86,2.94,4.28,gauche,,,1,219,212,0,0.747,matched,1
212,7.067,1782384270,T006,5,51.06,501.95,0.19,-0.0,droite,,,1,217,208,0,0.769,matched,1
212,7.067,1782384270,T007,1,205.0,609.31,-0.0,0.02,droite,,,1,217,178,0,0.769,matched,1
213,7.100,1782384270,T002,9,149.41,179.24,0.0,0.0,gauche,,,1,220,213,0,0.77,matched,1
213,7.100,1782384270,T003,4,98.24,128.48,0.0,-0.19,gauche,,,1,220,213,0,0.769,matched,1
213,7.100,1782384270,T004,3,224.6,149.81,-0.04,-0.21,gauche,,,1,220,208,0,0.768,matched,1
213,7.100,1782384270,T005,13,163.67,108.03,1.76,2.57,gauche,,,1,220,213,0,0.747,matched,1
213,7.100,1782384270,T006,5,51.06,501.95,0.11,-0.0,droite,,,1,218,209,0,0.769,matched,1
213,7.100,1782384270,T007,1,205.0,609.31,-0.0,-0.02,droite,,,1,218,179,0,0.769,matched,1
214,7.133,1782384270,T002,9,149.41,179.24,0.0,0.0,gauche,,,1,221,214,0,0.77,matched,1
214,7.133,1782384270,T003,4,98.19,127.74,0.0,-0.33,gauche,,,1,221,214,0,0.768,matched,1
214,7.133,1782384270,T004,3,224.6,149.81,-0.01,-0.1,gauche,,,1,221,209,0,0.769,matched,1
214,7.133,1782384270,T005,13,165.84,110.88,0.9,1.15,gauche,,,1,221,214,0,0.75,matched,1
214,7.133,1782384270,T006,5,51.06,501.95,0.06,-0.0,droite,,,1,219,210,0,0.769,matched,1
214,7.133,1782384270,T007,1,205.0,609.31,0.0,0.13,droite,,,1,219,180,0,0.768,matched,1
215,7.167,1782384270,T002,9,149.41,179.24,0.0,0.0,gauche,,,1,222,215,0,0.77,matched,1
215,7.167,1782384270,T003,4,98.14,126.95,0.0,-0.47,gauche,,,1,222,215,0,0.767,matched,1
215,7.167,1782384270,T004,3,224.6,149.81,0.0,-0.03,gauche,,,1,222,210,0,0.769,matched,1
215,7.167,1782384270,T005,13,167.48,112.63,0.54,0.18,gauche,,,1,222,215,0,0.757,matched,1
215,7.167,1782384270,T006,5,51.06,501.95,0.02,-0.0,droite,,,1,220,211,0,0.77,matched,1
215,7.167,1782384270,T007,1,205.0,609.31,0.0,0.16,droite,,,1,220,181,0,0.769,matched,1
216,7.200,1782384270,T002,9,149.41,179.24,0.0,0.0,gauche,,,1,223,216,0,0.77,matched,1
216,7.200,1782384270,T003,4,98.14,126.95,-0.0,-0.42,gauche,,,1,223,216,0,0.77,matched,1
216,7.200,1782384270,T004,3,224.6,149.81,0.01,0.0,gauche,,,1,223,211,0,0.77,matched,1
216,7.200,1782384270,T005,13,168.69,113.68,0.28,-0.24,gauche,,,1,223,216,0,0.763,matched,1
216,7.200,1782384270,T006,5,51.06,501.95,0.17,-0.17,droite,,,1,221,212,0,0.767,matched,1
216,7.200,1782384270,T007,1,205.0,609.31,0.0,0.14,droite,,,1,221,182,0,0.77,matched,1
217,7.233,1782384270,T002,9,149.41,179.24,0.0,0.0,gauche,,,1,224,217,0,0.77,matched,1
217,7.233,1782384270,T003,4,98.11,126.2,-0.0,-0.31,gauche,,,1,224,217,0,0.769,matched,1
217,7.233,1782384270,T004,3,224.6,149.81,0.01,0.01,gauche,,,1,224,212,0,0.77,matched,1
217,7.233,1782384270,T005,13,169.57,114.32,0.11,-0.35,gauche,,,1,224,217,0,0.767,matched,1
217,7.233,1782384270,T006,5,51.06,501.95,0.19,-0.2,droite,,,1,222,213,0,0.769,matched,1
217,7.233,1782384270,T007,1,205.0,609.31,0.0,0.1,droite,,,1,222,183,0,0.77,matched,1
218,7.267,1782384270,T002,9,149.41,179.24,-0.0,0.0,gauche,,,1,225,218,0,0.77,matched,1
218,7.267,1782384270,T003,4,98.11,126.2,-0.0,-0.19,gauche,,,1,225,218,0,0.769,matched,1
218,7.267,1782384270,T004,3,224.6,149.81,0.0,0.01,gauche,,,1,225,213,0,0.77,matched,1
218,7.267,1782384270,T005,13,170.2,114.72,0.02,-0.31,gauche,,,1,225,218,0,0.769,matched,1
218,7.267,1782384270,T006,5,51.06,501.95,-0.01,-0.16,droite,,,1,223,214,0,0.767,matched,1
218,7.267,1782384270,T007,1,205.0,609.31,0.0,0.06,droite,,,1,223,184,0,0.77,matched,1
219,7.300,1782384270,T002,9,149.41,179.24,-0.0,0.0,gauche,,,1,226,219,0,0.77,matched,1
219,7.300,1782384270,T003,4,98.11,126.2,-0.0,-0.11,gauche,,,1,226,219,0,0.769,matched,1
219,7.300,1782384270,T004,3,224.6,149.81,0.0,-0.16,gauche,,,1,226,214,0,0.767,matched,1
219,7.300,1782384270,T005,13,170.2,114.72,-0.02,-0.39,gauche,,,1,226,219,0,0.768,matched,1
219,7.300,1782384270,T006,5,51.06,501.95,-0.09,-0.11,droite,,,1,224,215,0,0.769,matched,1
219,7.300,1782384270,T007,1,205.0,610.24,0.0,0.37,droite,,,1,224,185,0,0.765,matched,1
220,7.333,1782384270,T002,9,149.41,179.24,-0.0,0.0,gauche,,,1,227,220,0,0.77,matched,1
220,7.333,1782384270,T003,4,98.11,126.2,-0.0,-0.22,gauche,,,1,227,220,0,0.768,matched,1
220,7.333,1782384270,T004,3,224.6,149.81,-0.17,-0.19,gauche,,,1,227,215,0,0.767,matched,1
220,7.333,1782384270,T005,7,166.8,109.84,-4.79,-6.46,gauche,,,1,227,220,0,0.656,matched,1
220,7.333,1782384270,T006,5,51.06,501.95,-0.1,-0.07,droite,,,1,225,216,0,0.769,matched,1
220,7.333,1782384270,T007,1,205.0,611.1,0.0,0.41,droite,,,1,225,186,0,0.769,matched,1
221,7.367,1782384270,T002,9,149.41,179.24,-0.0,-0.0,gauche,,,1,228,221,0,0.77,matched,1
221,7.367,1782384270,T003,4,98.08,125.44,-0.0,-0.21,gauche,,,1,228,221,0,0.77,matched,1
221,7.367,1782384270,T004,3,224.24,149.13,-0.2,-0.16,gauche,,,1,228,216,0,0.769,matched,1
221,7.367,1782384270,T005,7,162.07,103.35,-5.54,-7.33,gauche,,,1,228,221,0,0.741,matched,1
221,7.367,1782384270,T006,5,51.06,501.95,-0.08,-0.03,droite,,,1,226,217,0,0.77,matched,1
221,7.367,1782384270,T007,1,205.0,612.23,0.0,0.84,droite,,,1,226,187,0,0.763,matched,1
222,7.400,1782384270,T002,9,149.41,179.24,-0.0,-0.0,gauche,,,1,229,222,0,0.77,matched,1
222,7.400,1782384270,T003,4,98.08,125.44,-0.0,0.01,gauche,,,1,229,222,0,0.767,matched,1
222,7.400,1782384270,T004,3,223.94,148.46,-0.16,-0.28,gauche,,,1,229,217,0,0.768,matched,1
222,7.400,1782384270,T005,7,157.48,97.28,-4.57,-5.83,gauche,,,1,229,222,0,0.757,matched,1
222,7.400,1782384270,T006,5,51.06,501.95,-0.05,-0.18,droite,,,1,227,218,0,0.768,matched,1
222,7.400,1782384270,T007,1,205.0,613.48,0.0,0.98,droite,,,1,227,188,0,0.767,matched,1
223,7.433,1782384270,T002,9,149.41,179.24,-0.0,-0.0,gauche,,,1,230,223,0,0.77,matched,1
223,7.433,1782384270,T003,4,98.08,125.44,-0.0,0.09,gauche,,,1,230,223,0,0.769,matched,1
223,7.433,1782384270,T004,3,223.94,148.46,-0.11,-0.26,gauche,,,1,230,218,0,0.769,matched,1
223,7.433,1782384270,T005,7,153.67,92.2,-3.16,-4.1,gauche,,,1,230,223,0,0.748,matched,1
223,7.433,1782384270,T006,5,51.06,501.95,-0.03,-0.2,droite,,,1,228,219,0,0.769,matched,1
223,7.433,1782384270,T007,1,205.0,614.6,-0.0,0.82,droite,,,1,228,189,0,0.769,matched,1
224,7.467,1782384270,T002,9,149.41,179.24,-0.0,-0.0,gauche,,,1,231,224,0,0.77,matched,1
224,7.467,1782384270,T003,4,98.08,125.44,-0.0,-0.07,gauche,,,1,231,224,0,0.768,matched,1
224,7.467,1782384270,T004,3,223.55,147.71,-0.24,-0.37,gauche,,,1,231,219,0,0.767,matched,1
224,7.467,1782384270,T005,7,150.78,88.45,-1.9,-2.33,gauche,,,1,231,224,0,0.746,matched,1
224,7.467,1782384270,T006,5,51.06,501.95,-0.02,-0.16,droite,,,1,229,220,0,0.77,matched,1
224,7.467,1782384270,T007,1,205.0,615.52,-0.0,0.57,droite,,,1,229,190,0,0.768,matched,1
225,7.500,1782384270,T002,9,149.41,179.24,-0.0,-0.0,gauche,,,1,232,225,0,0.77,matched,1
225,7.500,1782384270,T003,4,98.08,125.44,0.0,0.06,gauche,,,1,232,225,0,0.768,matched,1
225,7.500,1782384270,T004,3,223.19,146.78,-0.23,-0.66,gauche,,,1,232,220,0,0.765,matched,1
225,7.500,1782384270,T005,7,148.71,85.69,-0.98,-1.29,gauche,,,1,232,225,0,0.754,matched,1
225,7.500,1782384270,T006,5,51.06,501.95,-0.01,-0.11,droite,,,1,230,221,0,0.769,matched,1
225,7.500,1782384270,T007,1,205.0,615.52,0.17,0.34,droite,,,1,230,191,0,0.766,matched,1
226,7.533,1782384270,T002,9,149.41,179.24,-0.0,-0.0,gauche,,,1,233,226,0,0.77,matched,1
226,7.533,1782384270,T003,4,98.08,125.44,0.0,0.09,gauche,,,1,233,226,0,0.769,matched,1
226,7.533,1782384270,T004,3,222.75,145.62,-0.35,-0.97,gauche,,,1,233,221,0,0.764,matched,1
226,7.533,1782384270,T005,7,147.29,83.75,-0.4,-0.59,gauche,,,1,233,226,0,0.759,matched,1
226,7.533,1782384270,T006,5,51.06,501.95,-0.17,-0.06,droite,,,1,231,222,0,0.768,matched,1
226,7.533,1782384270,T007,1,205.21,616.47,0.2,0.52,droite,,,1,231,192,0,0.767,matched,1
227,7.567,1782384270,T002,9,149.41,179.24,0.0,-0.0,gauche,,,1,234,227,0,0.77,matched,1
227,7.567,1782384270,T003,4,98.08,125.44,0.0,0.08,gauche,,,1,234,227,0,0.77,matched,1
227,7.567,1782384270,T004,3,222.33,144.37,-0.31,-1.03,gauche,,,1,234,222,0,0.768,matched,1
227,7.567,1782384270,T005,7,146.34,82.4,-0.09,-0.19,gauche,,,1,234,227,0,0.764,matched,1
227,7.567,1782384270,T006,5,51.06,501.95,-0.2,-0.03,droite,,,1,232,223,0,0.769,matched,1
227,7.567,1782384270,T007,1,205.41,617.45,0.16,0.64,droite,,,1,232,193,0,0.767,matched,1
228,7.600,1782384270,T002,9,149.41,179.24,0.0,-0.0,gauche,,,1,235,228,0,0.77,matched,1
228,7.600,1782384270,T003,4,98.08,125.44,0.0,-0.11,gauche,,,1,235,228,0,0.767,matched,1
228,7.600,1782384270,T004,3,221.84,143.26,-0.4,-0.83,gauche,,,1,235,223,0,0.768,matched,1
228,7.600,1782384270,T005,7,145.7,81.48,0.05,0.01,gauche,,,1,235,228,0,0.767,matched,1
228,7.600,1782384270,T006,5,51.06,501.95,-0.16,-0.01,droite,,,1,233,224,0,0.77,matched,1
228,7.600,1782384270,T007,1,205.71,618.19,0.28,0.37,droite,,,1,233,194,0,0.766,matched,1
229,7.633,1782384270,T002,9,149.41,179.24,0.0,-0.0,gauche,,,1,236,229,0,0.77,matched,1
229,7.633,1782384270,T003,4,98.08,125.44,0.0,-0.16,gauche,,,1,236,229,0,0.769,matched,1
229,7.633,1782384270,T004,3,221.39,142.36,-0.34,-0.56,gauche,,,1,236,224,0,0.767,matched,1
229,7.633,1782384270,T005,7,145.26,80.84,0.09,0.08,gauche,,,1,236,229,0,0.769,matched,1
229,7.633,1782384270,T006,5,51.06,501.95,-0.11,-0.0,droite,,,1,234,225,0,0.769,matched,1
229,7.633,1782384270,T007,1,205.71,618.19,0.26,0.18,droite,,,1,234,195,0,0.768,matched,1
230,7.667,1782384270,T002,9,149.41,179.24,0.0,0.0,gauche,,,1,237,230,0,0.77,matched,1
230,7.667,1782384270,T003,4,98.08,125.44,0.0,-0.14,gauche,,,1,237,230,0,0.77,matched,1
230,7.667,1782384270,T004,3,221.02,141.69,-0.24,-0.33,gauche,,,1,237,225,0,0.767,matched,1
230,7.667,1782384270,T005,7,145.26,80.84,0.09,0.09,gauche,,,1,237,230,0,0.77,matched,1
230,7.667,1782384270,T006,5,51.06,501.95,-0.07,0.0,droite,,,1,235,226,0,0.77,matched,1
230,7.667,1782384270,T007,1,205.71,618.19,0.2,0.07,droite,,,1,235,196,0,0.768,matched,1
231,7.700,1782384270,T002,9,149.41,179.24,0.0,0.0,gauche,,,1,238,231,0,0.77,matched,1
231,7.700,1782384270,T003,4,98.08,125.44,0.0,0.07,gauche,,,1,238,231,0,0.767,matched,1
231,7.700,1782384270,T004,3,221.02,141.69,-0.15,-0.16,gauche,,,1,238,226,0,0.768,matched,1
231,7.700,1782384270,T005,7,145.26,80.84,0.07,0.08,gauche,,,1,238,231,0,0.77,matched,1
231,7.700,1782384270,T006,5,51.06,501.95,-0.03,0.0,droite,,,1,236,227,0,0.77,matched,1
231,7.700,1782384270,T007,1,205.71,618.19,0.13,0.01,droite,,,1,236,197,0,0.769,matched,1
232,7.733,1782384270,T002,9,149.41,179.24,0.0,0.0,gauche,,,1,239,232,0,0.77,matched,1
232,7.733,1782384270,T003,4,98.08,125.44,-0.17,-0.21,gauche,,,1,239,232,0,0.765,matched,1
232,7.733,1782384270,T004,3,221.02,141.69,-0.25,-0.06,gauche,,,1,239,227,0,0.768,matched,1
232,7.733,1782384270,T005,7,145.26,80.84,0.04,0.05,gauche,,,1,239,232,0,0.77,matched,1
232,7.733,1782384270,T006,5,51.06,501.95,-0.18,0.0,droite,,,1,237,228,0,0.768,matched,1
232,7.733,1782384270,T007,1,205.71,618.19,0.07,0.15,droite,,,1,237,198,0,0.768,matched,1
233,7.767,1782384270,T002,9,149.41,179.24,0.0,0.0,gauche,,,1,240,233,0,0.77,matched,1
233,7.767,1782384270,T003,4,97.85,124.52,-0.2,-0.44,gauche,,,1,240,233,0,0.766,matched,1
233,7.767,1782384270,T004,3,220.54,141.12,-0.23,-0.18,gauche,,,1,240,228,0,0.768,matched,1
233,7.767,1782384270,T005,7,145.26,80.84,0.02,0.03,gauche,,,1,240,233,0,0.77,matched,1
233,7.767,1782384270,T006,5,51.06,501.95,-0.2,0.0,droite,,,1,238,229,0,0.769,matched,1
233,7.767,1782384270,T007,1,206.04,618.84,0.03,0.18,droite,,,1,238,199,0,0.769,matched,1
234,7.800,1782384270,T002,9,149.41,179.24,0.0,0.0,gauche,,,1,241,234,0,0.77,matched,1
234,7.800,1782384270,T003,4,97.64,123.56,-0.16,-0.6,gauche,,,1,241,234,0,0.767,matched,1
234,7.800,1782384270,T004,3,220.54,141.12,-0.17,-0.18,gauche,,,1,241,229,0,0.769,matched,1
234,7.800,1782384270,T005,7,145.26,80.84,0.01,0.02,gauche,,,1,241,234,0,0.77,matched,1
234,7.800,1782384270,T006,5,51.06,501.95,-0.16,0.0,droite,,,1,239,230,0,0.77,matched,1
234,7.800,1782384270,T007,1,206.04,618.84,0.01,0.14,droite,,,1,239,200,0,0.77,matched,1
235,7.833,1782384270,T002,9,149.41,179.24,-0.0,0.0,gauche,,,1,242,235,0,0.77,matched,1
235,7.833,1782384270,T003,4,97.46,122.7,-0.11,-0.52,gauche,,,1,242,235,0,0.769,matched,1
235,7.833,1782384270,T004,3,220.54,141.12,-0.11,-0.14,gauche,,,1,242,230,0,0.769,matched,1
235,7.833,1782384270,T005,7,145.26,80.84,0.0,0.01,gauche,,,1,242,235,0,0.77,matched,1
235,7.833,1782384270,T006,5,51.06,501.95,-0.11,-0.17,droite,,,1,240,231,0,0.767,matched,1
235,7.833,1782384270,T007,1,206.04,618.84,0.0,0.1,droite,,,1,240,201,0,0.77,matched,1
236,7.867,1782384270,T002,9,149.41,179.24,-0.0,0.0,gauche,,,1,243,236,0,0.77,matched,1
236,7.867,1782384270,T003,4,97.19,121.86,-0.24,-0.54,gauche,,,1,243,236,0,0.768,matched,1
236,7.867,1782384270,T004,3,220.54,141.12,-0.06,-0.1,gauche,,,1,243,231,0,0.769,matched,1
236,7.867,1782384270,T005,7,145.26,80.84,0.0,0.0,gauche,,,1,243,236,0,0.77,matched,1
236,7.867,1782384270,T006,5,51.06,501.95,-0.06,-0.2,droite,,,1,241,232,0,0.769,matched,1
236,7.867,1782384270,T007,1,206.04,618.84,-0.0,0.23,droite,,,1,241,202,0,0.768,matched,1
237,7.900,1782384270,T002,9,149.41,179.24,-0.0,0.0,gauche,,,1,244,237,0,0.77,matched,1
237,7.900,1782384270,T003,4,96.92,121.0,-0.23,-0.6,gauche,,,1,244,237,0,0.768,matched,1
237,7.900,1782384270,T004,3,220.15,140.45,-0.03,-0.23,gauche,,,1,244,232,0,0.768,matched,1
237,7.900,1782384270,T005,7,145.26,80.84,-0.0,-0.0,gauche,,,1,244,237,0,0.77,matched,1
237,7.900,1782384270,T006,5,51.06,501.95,-0.03,-0.16,droite,,,1,242,233,0,0.77,matched,1
237,7.900,1782384270,T007,1,206.41,619.59,0.17,0.23,droite,,,1,242,203,0,0.767,matched,1
238,7.933,1782384270,T002,9,149.41,179.24,-0.0,-0.0,gauche,,,1,245,238,0,0.77,matched,1
238,7.933,1782384270,T003,4,96.68,120.24,-0.18,-0.48,gauche,,,1,245,238,0,0.769,matched,1
238,7.933,1782384270,T004,3,220.15,140.45,-0.18,-0.22,gauche,,,1,245,233,0,0.768,matched,1
238,7.933,1782384270,T005,7,145.26,80.84,-0.0,-0.0,gauche,,,1,245,238,0,0.77,matched,1
238,7.933,1782384270,T006,5,51.06,501.95,-0.18,-0.11,droite,,,1,243,234,0,0.768,matched,1
238,7.933,1782384270,T007,1,206.41,619.59,0.19,0.17,droite,,,1,243,204,0,0.769,matched,1
239,7.967,1782384270,T002,9,149.41,179.24,-0.0,-0.0,gauche,,,1,246,239,0,0.77,matched,1
239,7.967,1782384270,T003,4,96.68,120.24,-0.12,-0.33,gauche,,,1,246,239,0,0.768,matched,1
239,7.967,1782384270,T004,3,219.66,139.71,-0.2,-0.34,gauche,,,1,246,234,0,0.768,matched,1
239,7.967,1782384270,T005,7,145.26,80.84,-0.0,-0.0,gauche,,,1,246,239,0,0.77,matched,1
239,7.967,1782384270,T006,5,51.06,501.95,-0.37,-0.07,droite,,,1,244,235,0,0.767,matched,1
239,7.967,1782384270,T007,1,206.93,620.19,0.33,0.11,droite,,,1,244,205,0,0.768,matched,1
240,8.000,1782384271,T002,9,149.41,179.24,-0.0,-0.0,gauche,,,1,247,240,0,0.77,matched,1
240,8.000,1782384271,T003,4,96.68,120.24,-0.07,-0.2,gauche,,,1,247,240,0,0.768,matched,1
240,8.000,1782384271,T004,3,219.25,138.79,-0.16,-0.65,gauche,,,1,247,235,0,0.765,matched,1
240,8.000,1782384271,T005,7,145.26,80.84,-0.0,-0.0,gauche,,,1,247,240,0,0.77,matched,1
240,8.000,1782384271,T006,5,50.34,501.57,-0.36,-0.2,droite,,,1,245,236,0,0.768,matched,1
240,8.000,1782384271,T007,1,207.56,620.65,0.48,0.07,droite,,,1,245,206,0,0.767,matched,1
241,8.033,1782384271,T002,9,149.41,179.24,-0.0,-0.0,gauche,,,1,248,241,0,0.77,matched,1
241,8.033,1782384271,T003,4,96.68,120.24,-0.03,-0.1,gauche,,,1,248,241,0,0.769,matched,1
241,8.033,1782384271,T004,3,218.93,137.9,-0.11,-0.62,gauche,,,1,248,236,0,0.769,matched,1
241,8.033,1782384271,T005,7,145.26,80.84,-0.0,-0.0,gauche,,,1,248,241,0,0.77,matched,1
241,8.033,1782384271,T006,5,50.34,501.57,-0.27,-0.21,droite,,,1,246,237,0,0.769,matched,1
241,8.033,1782384271,T007,1,207.56,620.65,0.43,0.03,droite,,,1,246,207,0,0.77,matched,1
242,8.067,1782384271,T002,9,149.41,179.24,-0.0,-0.0,gauche,,,1,249,242,0,0.77,matched,1
242,8.067,1782384271,T003,4,96.68,120.24,-0.01,-0.04,gauche,,,1,249,242,0,0.769,matched,1
242,8.067,1782384271,T004,3,218.55,136.87,-0.23,-0.81,gauche,,,1,249,237,0,0.766,matched,1
242,8.067,1782384271,T005,7,145.26,80.84,-0.0,-0.0,gauche,,,1,249,242,0,0.77,matched,1
242,8.067,1782384271,T006,5,49.74,501.04,-0.18,-0.34,droite,,,1,247,238,0,0.768,matched,1
242,8.067,1782384271,T007,1,208.33,620.98,0.48,0.01,droite,,,1,247,208,0,0.769,matched,1
243,8.100,1782384271,T002,9,149.41,179.24,-0.0,-0.0,gauche,,,1,250,243,0,0.77,matched,1
243,8.100,1782384271,T003,4,96.37,119.55,-0.17,-0.18,gauche,,,1,250,243,0,0.767,matched,1
243,8.100,1782384271,T004,3,218.32,135.79,-0.06,-0.87,gauche,,,1,250,238,0,0.767,matched,1
243,8.100,1782384271,T005,7,145.26,80.84,-0.0,-0.0,gauche,,,1,250,243,0,0.77,matched,1
243,8.100,1782384271,T006,5,49.29,500.42,-0.1,-0.48,droite,,,1,248,239,0,0.767,matched,1
243,8.100,1782384271,T007,2,205.01,620.82,-4.54,-0.51,droite,,,1,248,209,0,0.697,matched,1
244,8.133,1782384271,T002,9,149.41,179.24,0.0,-0.0,gauche,,,1,251,244,0,0.77,matched,1
244,8.133,1782384271,T003,4,96.37,119.55,-0.19,-0.19,gauche,,,1,251,244,0,0.769,matched,1
244,8.133,1782384271,T004,3,218.06,134.83,-0.15,-0.69,gauche,,,1,251,239,0,0.768,matched,1
244,8.133,1782384271,T005,7,145.26,80.84,-0.0,-0.0,gauche,,,1,251,244,0,0.77,matched,1
244,8.133,1782384271,T006,5,48.95,499.42,-0.05,-0.93,droite,,,1,249,240,0,0.763,matched,1
244,8.133,1782384271,T007,2,200.17,620.47,-5.61,-0.59,droite,,,1,249,210,0,0.747,matched,1
245,8.167,1782384271,T002,9,149.41,179.24,0.0,-0.0,gauche,,,1,252,245,0,0.77,matched,1
245,8.167,1782384271,T003,4,96.37,119.55,-0.16,-0.15,gauche,,,1,252,245,0,0.77,matched,1
245,8.167,1782384271,T004,3,217.82,133.92,-0.15,-0.64,gauche,,,1,252,240,0,0.77,matched,1
245,8.167,1782384271,T005,7,145.26,80.84,0.0,0.0,gauche,,,1,252,245,0,0.77,matched,1
245,8.167,1782384271,T006,5,48.71,498.26,-0.02,-1.07,droite,,,1,250,241,0,0.767,matched,1
245,8.167,1782384271,T007,2,195.39,620.09,-4.75,-0.49,droite,,,1,250,211,0,0.766,matched,1
246,8.200,1782384271,T002,9,149.41,179.24,0.0,-0.0,gauche,,,1,253,246,0,0.77,matched,1
246,8.200,1782384271,T003,4,96.37,119.55,-0.11,0.07,gauche,,,1,253,246,0,0.767,matched,1
246,8.200,1782384271,T004,3,217.82,133.92,0.05,-0.3,gauche,,,1,253,241,0,0.765,matched,1
246,8.200,1782384271,T005,7,145.26,80.84,0.0,0.0,gauche,,,1,253,246,0,0.77,matched,1
246,8.200,1782384271,T006,5,48.53,497.18,-0.0,-0.88,droite,,,1,251,242,0,0.769,matched,1
246,8.200,1782384271,T007,2,191.51,619.63,-3.17,-0.51,droite,,,1,251,212,0,0.754,matched,1
247,8.233,1782384271,T002,9,149.41,179.24,0.0,0.0,gauche,,,1,254,247,0,0.77,matched,1
247,8.233,1782384271,T003,4,96.37,119.55,-0.06,0.14,gauche,,,1,254,247,0,0.769,matched,1
247,8.233,1782384271,T004,3,217.82,133.92,0.12,-0.1,gauche,,,1,254,242,0,0.767,matched,1
247,8.233,1782384271,T005,7,145.26,80.84,0.0,0.0,gauche,,,1,254,247,0,0.77,matched,1
247,8.233,1782384271,T006,5,48.4,496.31,0.01,-0.6,droite,,,1,252,243,0,0.767,matched,1
247,8.233,1782384271,T007,2,188.61,619.2,-1.84,-0.4,droite,,,1,252,213,0,0.755,matched,1
248,8.267,1782384271,T002,9,149.41,179.24,0.0,0.0,gauche,,,1,255,248,0,0.77,matched,1
248,8.267,1782384271,T003,4,96.37,119.55,-0.03,0.13,gauche,,,1,255,248,0,0.77,matched,1
248,8.267,1782384271,T004,3,217.82,133.92,0.12,-0.0,gauche,,,1,255,243,0,0.769,matched,1
248,8.267,1782384271,T005,7,145.26,80.84,0.0,0.0,gauche,,,1,255,248,0,0.77,matched,1
248,8.267,1782384271,T006,5,48.3,495.51,0.01,-0.53,droite,,,1,253,244,0,0.77,matched,1
248,8.267,1782384271,T007,2,186.58,618.86,-0.91,-0.27,droite,,,1,253,214,0,0.759,matched,1
249,8.300,1782384271,T002,9,149.41,179.24,0.0,0.0,gauche,,,1,256,249,0,0.77,matched,1
249,8.300,1782384271,T003,4,96.37,119.55,-0.01,0.1,gauche,,,1,256,249,0,0.77,matched,1
249,8.300,1782384271,T004,3,217.82,133.92,0.09,0.04,gauche,,,1,256,244,0,0.769,matched,1
249,8.300,1782384271,T005,7,145.26,80.84,0.0,0.0,gauche,,,1,256,249,0,0.77,matched,1
249,8.300,1782384271,T006,5,48.37,494.57,0.18,-0.72,droite,,,1,254,245,0,0.766,matched,1
249,8.300,1782384271,T007,2,185.19,618.74,-0.34,0.01,droite,,,1,254,215,0,0.762,matched,1
250,8.333,1782384271,T002,9,149.41,179.24,0.0,0.0,gauche,,,1,257,250,0,0.77,matched,1
250,8.333,1782384271,T003,4,96.37,119.55,-0.0,-0.27,gauche,,,1,257,250,0,0.765,matched,1
250,8.333,1782384271,T004,3,217.82,133.92,-0.11,0.04,gauche,,,1,257,245,0,0.767,matched,1
250,8.333,1782384271,T005,7,145.26,80.84,0.0,0.0,gauche,,,1,257,250,0,0.77,matched,1
250,8.333,1782384271,T006,5,48.49,493.7,0.2,-0.63,droite,,,1,255,246,0,0.769,matched,1
250,8.333,1782384271,T007,2,184.27,618.87,-0.05,0.29,droite,,,1,255,216,0,0.764,matched,1
251,8.367,1782384271,T002,9,149.41,179.24,0.0,0.0,gauche,,,1,258,251,0,0.77,matched,1
251,8.367,1782384271,T003,4,96.04,118.77,0.0,-0.36,gauche,,,1,258,251,0,0.768,matched,1
251,8.367,1782384271,T004,3,217.82,133.92,-0.16,0.04,gauche,,,1,258,246,0,0.769,matched,1
251,8.367,1782384271,T005,7,145.26,80.84,0.0,0.0,gauche,,,1,258,251,0,0.77,matched,1
251,8.367,1782384271,T006,5,48.62,492.85,0.16,-0.62,droite,,,1,256,247,0,0.769,matched,1
251,8.367,1782384271,T007,2,184.27,618.87,0.08,0.5,droite,,,1,256,217,0,0.766,matched,1
252,8.400,1782384271,T002,9,149.41,179.24,-0.0,0.0,gauche,,,1,259,252,0,0.77,matched,1
252,8.400,1782384271,T003,4,95.79,117.96,0.0,-0.48,gauche,,,1,259,252,0,0.768,matched,1
252,8.400,1782384271,T004,3,217.82,133.92,-0.15,0.02,gauche,,,1,259,247,0,0.77,matched,1
252,8.400,1782384271,T005,7,145.26,80.84,0.0,0.0,gauche,,,1,259,252,0,0.77,matched,1
252,8.400,1782384271,T006,5,48.74,492.12,0.11,-0.48,droite,,,1,257,248,0,0.769,matched,1
252,8.400,1782384271,T007,2,183.7,619.51,0.11,0.64,droite,,,1,257,218,0,0.767,matched,1
253,8.433,1782384271,T002,9,149.41,179.24,-0.0,0.0,gauche,,,1,260,253,0,0.77,matched,1
253,8.433,1782384271,T003,4,95.6,117.24,0.0,-0.42,gauche,,,1,260,253,0,0.77,matched,1
253,8.433,1782384271,T004,3,217.82,133.92,-0.11,0.02,gauche,,,1,260,248,0,0.77,matched,1
253,8.433,1782384271,T005,7,145.26,80.84,0.0,0.0,gauche,,,1,260,253,0,0.77,matched,1
253,8.433,1782384271,T006,5,48.82,491.4,0.07,-0.48,droite,,,1,258,249,0,0.769,matched,1
253,8.433,1782384271,T007,2,183.29,620.12,0.1,0.55,droite,,,1,258,219,0,0.77,matched,1
254,8.467,1782384271,T002,9,149.41,179.24,-0.0,0.0,gauche,,,1,261,254,0,0.77,matched,1
254,8.467,1782384271,T003,4,95.6,117.24,-0.17,-0.3,gauche,,,1,261,254,0,0.767,matched,1
254,8.467,1782384271,T004,3,217.82,133.92,-0.07,-0.16,gauche,,,1,261,249,0,0.767,matched,1
254,8.467,1782384271,T005,7,145.26,80.84,-0.0,-0.0,gauche,,,1,261,254,0,0.77,matched,1
254,8.467,1782384271,T006,5,48.82,491.4,0.04,-0.38,droite,,,1,259,250,0,0.769,matched,1
254,8.467,1782384271,T007,2,182.99,620.91,0.07,0.73,droite,,,1,259,220,0,0.767,matched,1
255,8.500,1782384271,T002,9,149.41,179.24,-0.0,-0.0,gauche,,,1,262,255,0,0.77,matched,1
255,8.500,1782384271,T003,4,95.24,116.51,-0.2,-0.35,gauche,,,1,262,255,0,0.769,matched,1
255,8.500,1782384271,T004,3,217.61,132.83,-0.04,-0.7,gauche,,,1,262,250,0,0.762,matched,1
255,8.500,1782384271,T005,7,145.26,80.84,-0.0,-0.0,gauche,,,1,262,255,0,0.77,matched,1
255,8.500,1782384271,T006,5,48.82,491.4,0.01,-0.25,droite,,,1,260,251,0,0.769,matched,1
255,8.500,1782384271,T007,2,182.77,621.94,0.04,0.97,droite,,,1,260,221,0,0.765,matched,1
256,8.533,1782384271,T002,9,149.41,179.24,-0.0,-0.0,gauche,,,1,263,256,0,0.77,matched,1
256,8.533,1782384271,T003,4,94.94,115.76,-0.16,-0.47,gauche,,,1,263,256,0,0.768,matched,1
256,8.533,1782384271,T004,3,217.45,131.33,-0.02,-1.26,gauche,,,1,263,251,0,0.761,matched,1
256,8.533,1782384271,T005,7,145.26,80.84,-0.0,-0.0,gauche,,,1,263,256,0,0.77,matched,1
256,8.533,1782384271,T006,5,48.82,491.4,0.0,-0.14,droite,,,1,261,252,0,0.769,matched,1
256,8.533,1782384271,T007,2,182.59,623.07,0.02,1.01,droite,,,1,261,222,0,0.768,matched,1
257,8.567,1782384271,T002,9,149.41,179.24,-0.0,-0.0,gauche,,,1,264,257,0,0.77,matched,1
257,8.567,1782384271,T003,4,94.69,114.81,-0.11,-0.74,gauche,,,1,264,257,0,0.765,matched,1
257,8.567,1782384271,T004,3,217.2,130.12,-0.18,-0.85,gauche,,,1,264,252,0,0.765,matched,1
257,8.567,1782384271,T005,7,145.26,80.84,-0.0,-0.0,gauche,,,1,264,257,0,0.77,matched,1
257,8.567,1782384271,T006,5,48.82,491.4,-0.0,-0.07,droite,,,1,262,253,0,0.769,matched,1
257,8.567,1782384271,T007,2,182.46,624.08,0.01,0.8,droite,,,1,262,223,0,0.768,matched,1
258,8.600,1782384271,T002,9,149.41,179.24,-0.0,-0.0,gauche,,,1,265,258,0,0.77,matched,1
258,8.600,1782384271,T003,4,94.37,113.77,-0.24,-0.85,gauche,,,1,265,258,0,0.767,matched,1
258,8.600,1782384271,T004,3,216.94,128.94,-0.2,-0.84,gauche,,,1,265,253,0,0.769,matched,1
258,8.600,1782384271,T005,7,145.26,80.84,-0.0,-0.0,gauche,,,1,265,258,0,0.77,matched,1
258,8.600,1782384271,T006,5,48.82,491.4,-0.0,-0.03,droite,,,1,263,254,0,0.769,matched,1
258,8.600,1782384271,T007,2,182.35,625.03,0.0,0.71,droite,,,1,263,224,0,0.77,matched,1
259,8.633,1782384271,T002,9,149.41,179.24,-0.0,-0.0,gauche,,,1,266,259,0,0.77,matched,1
259,8.633,1782384271,T003,4,94.05,112.82,-0.23,-0.7,gauche,,,1,266,259,0,0.769,matched,1
259,8.633,1782384271,T004,3,216.7,127.92,-0.16,-0.64,gauche,,,1,266,254,0,0.768,matched,1
259,8.633,1782384271,T005,7,145.26,80.84,-0.0,-0.0,gauche,,,1,266,259,0,0.77,matched,1
259,8.633,1782384271,T006,5,48.82,491.4,-0.0,-0.0,droite,,,1,264,255,0,0.77,matched,1
259,8.633,1782384271,T007,2,182.27,625.82,-0.0,0.51,droite,,,1,264,225,0,0.768,matched,1
260,8.667,1782384271,T002,9,149.41,179.24,-0.0,-0.0,gauche,,,1,267,260,0,0.77,matched,1
260,8.667,1782384271,T003,4,93.78,111.92,-0.18,-0.65,gauche,,,1,267,260,0,0.769,matched,1
260,8.667,1782384271,T004,3,216.37,127.26,-0.28,-0.25,gauche,,,1,267,255,0,0.765,matched,1
260,8.667,1782384271,T005,7,145.26,80.84,-0.0,-0.0,gauche,,,1,267,260,0,0.77,matched,1
260,8.667,1782384271,T006,5,48.82,491.4,-0.0,0.01,droite,,,1,265,256,0,0.77,matched,1
260,8.667,1782384271,T007,2,182.27,625.82,-0.17,0.32,droite,,,1,265,226,0,0.767,matched,1
261,8.700,1782384271,T002,9,149.41,179.24,0.0,-0.0,gauche,,,1,268,261,0,0.77,matched,1
261,8.700,,T003,4,93.53,111.08,-0.16,-0.59,gauche,,,1,268,260,1,0.49,predicted,1
261,8.700,1782384271,T004,3,216.05,126.44,-0.26,-0.55,gauche,,,1,268,256,0,0.765,matched,1
261,8.700,1782384271,T005,7,145.26,80.84,-0.0,-0.0,gauche,,,1,268,261,0,0.77,matched,1
261,8.700,1782384271,T006,5,48.82,491.4,-0.0,0.01,droite,,,1,266,257,0,0.77,matched,1
261,8.700,1782384271,T007,2,182.27,625.82,-0.2,0.17,droite,,,1,266,227,0,0.768,matched,1
262,8.733,1782384271,T002,9,149.41,179.24,0.0,-0.0,gauche,,,1,269,262,0,0.77,matched,1
262,8.733,,T003,4,93.3,110.29,-0.14,-0.53,gauche,,,1,269,260,2,0.41,predicted,1
262,8.733,1782384271,T004,3,216.05,126.44,-0.2,-0.37,gauche,,,1,269,257,0,0.768,matched,1
262,8.733,,T005,7,145.26,80.84,-0.0,-0.0,gauche,,,1,269,261,1,0.49,predicted,1
262,8.733,1782384271,T006,5,48.82,491.4,-0.17,0.01,droite,,,1,267,258,0,0.768,matched,1
262,8.733,1782384271,T007,2,182.27,625.82,-0.16,0.08,droite,,,1,267,228,0,0.769,matched,1
263,8.767,1782384271,T002,9,149.41,179.24,0.0,0.0,gauche,,,1,270,263,0,0.77,matched,1
263,8.767,,T003,4,93.1,109.57,-0.13,-0.48,gauche,,,1,270,260,3,0.33,predicted,1
263,8.767,1782384271,T004,3,215.63,125.78,-0.3,-0.22,gauche,,,1,270,258,0,0.768,matched,1
263,8.767,1782384271,T005,7,145.26,80.84,0.0,0.0,gauche,,,1,270,262,0,0.77,matched,1
263,8.767,1782384271,T006,5,48.82,491.4,-0.2,0.01,droite,,,1,268,259,0,0.769,matched,1
263,8.767,1782384271,T007,2,182.27,625.82,0.06,-0.15,droite,,,1,268,229,0,0.766,matched,1
264,8.800,1782384271,T002,9,149.41,179.24,0.0,0.0,gauche,,,1,271,264,0,0.77,matched,1
264,8.800,1782384271,T003,18,95.61,110.01,2.08,0.47,gauche,,,1,271,261,0,0.736,matched,1
264,8.800,1782384271,T004,3,215.24,125.16,-0.27,-0.28,gauche,,,1,271,259,0,0.769,matched,1
264,8.800,1782384271,T005,7,145.26,80.84,0.0,0.0,gauche,,,1,271,263,0,0.77,matched,1
264,8.800,1782384271,T006,5,48.82,491.4,-0.16,0.17,droite,,,1,269,260,0,0.768,matched,1
264,8.800,1782384271,T007,2,182.27,625.82,0.13,-0.03,droite,,,1,269,230,0,0.768,matched,1
265,8.833,1782384271,T002,9,149.41,179.24,0.0,0.0,gauche,,,1,272,265,0,0.77,matched,1
265,8.833,1782384271,T003,18,97.92,110.48,1.78,0.44,gauche,,,1,272,262,0,0.768,matched,1
265,8.833,1782384271,T004,3,215.24,125.16,-0.2,-0.24,gauche,,,1,272,260,0,0.769,matched,1
265,8.833,1782384271,T005,7,145.26,80.84,0.0,0.0,gauche,,,1,272,264,0,0.77,matched,1
265,8.833,1782384271,T006,5,48.82,491.4,-0.11,0.2,droite,,,1,270,261,0,0.769,matched,1
265,8.833,1782384271,T007,2,182.27,625.82,0.13,0.02,droite,,,1,270,231,0,0.769,matched,1
266,8.867,1782384271,T002,9,149.41,179.24,0.0,0.0,gauche,,,1,273,266,0,0.77,matched,1
266,8.867,1782384271,T003,18,99.82,110.75,1.26,0.17,gauche,,,1,273,263,0,0.764,matched,1
266,8.867,1782384271,T004,3,215.24,125.16,-0.12,-0.0,gauche,,,1,273,261,0,0.767,matched,1
266,8.867,1782384271,T005,7,145.26,80.84,0.0,0.0,gauche,,,1,273,265,0,0.77,matched,1
266,8.867,1782384271,T006,5,48.82,491.4,-0.07,-0.18,droite,,,1,271,262,0,0.765,matched,1
266,8.867,1782384271,T007,2,182.27,625.82,0.1,0.04,droite,,,1,271,232,0,0.77,matched,1
267,8.900,1782384271,T002,9,149.41,179.24,0.0,0.0,gauche,,,1,274,267,0,0.77,matched,1
267,8.900,1782384271,T003,18,101.28,111.02,0.77,0.19,gauche,,,1,274,264,0,0.765,matched,1
267,8.900,1782384271,T004,3,215.24,125.16,-0.24,0.09,gauche,,,1,274,262,0,0.768,matched,1
267,8.900,1782384271,T005,7,145.26,80.84,0.0,0.0,gauche,,,1,274,266,0,0.77,matched,1
267,8.900,1782384271,T006,5,48.74,490.38,0.14,-0.62,droite,,,1,272,263,0,0.763,matched,1
267,8.900,1782384271,T007,2,182.27,625.82,0.06,0.2,droite,,,1,272,233,0,0.767,matched,1
268,8.933,1782384271,T002,9,149.41,179.24,0.0,0.0,gauche,,,1,275,268,0,0.77,matched,1
268,8.933,1782384271,T003,18,102.35,111.27,0.4,0.16,gauche,,,1,275,265,0,0.766,matched,1
268,8.933,1782384271,T004,3,215.24,125.16,-0.23,0.11,gauche,,,1,275,263,0,0.77,matched,1
268,8.933,1782384271,T005,7,145.26,80.84,0.0,0.0,gauche,,,1,275,267,0,0.77,matched,1
268,8.933,1782384271,T006,5,48.77,489.25,0.18,-0.82,droite,,,1,273,264,0,0.766,matched,1
268,8.933,1782384271,T007,2,182.22,626.56,0.04,0.22,droite,,,1,273,234,0,0.769,matched,1
269,8.967,1782384271,T002,9,149.41,179.24,0.0,0.0,gauche,,,1,276,269,0,0.77,matched,1
269,8.967,1782384271,T003,18,102.35,111.27,-0.0,0.11,gauche,,,1,276,266,0,0.765,matched,1
269,8.967,1782384271,T004,3,215.24,125.16,-0.17,-0.08,gauche,,,1,276,264,0,0.767,matched,1
269,8.967,1782384271,T005,7,145.26,80.84,0.0,0.0,gauche,,,1,276,268,0,0.77,matched,1
269,8.967,1782384271,T006,5,48.83,488.08,0.16,-0.88,droite,,,1,274,265,0,0.768,matched,1
269,8.967,1782384271,T007,1,187.8,626.06,6.99,-1.18,droite,,,1,274,235,0,0.666,matched,1
270,9.000,1782384272,T002,9,149.41,179.24,0.0,0.0,gauche,,,1,277,270,0,0.77,matched,1
270,9.000,1782384272,T003,18,102.35,111.27,-0.16,0.06,gauche,,,1,277,267,0,0.768,matched,1
270,9.000,1782384272,T004,3,214.68,124.55,-0.11,-0.31,gauche,,,1,277,265,0,0.767,matched,1
270,9.000,1782384272,T005,7,145.26,80.84,0.0,0.0,gauche,,,1,277,269,0,0.77,matched,1
270,9.000,1782384272,T006,5,48.89,486.91,0.11,-0.88,droite,,,1,275,266,0,0.769,matched,1
270,9.000,1782384272,T007,1,195.17,625.08,8.08,-1.45,droite,,,1,275,236,0,0.743,matched,1
271,9.033,1782384272,T002,9,149.41,179.24,0.0,0.0,gauche,,,1,278,271,0,0.77,matched,1
271,9.033,1782384272,T003,18,102.35,111.27,-0.18,0.03,gauche,,,1,278,268,0,0.769,matched,1
271,9.033,1782384272,T004,3,214.25,123.96,-0.06,-0.32,gauche,,,1,278,266,0,0.769,matched,1
271,9.033,1782384272,T005,7,145.26,80.84,-0.0,-0.0,gauche,,,1,278,270,0,0.77,matched,1
271,9.033,1782384272,T006,5,48.93,485.9,0.07,-0.67,droite,,,1,276,267,0,0.768,matched,1
271,9.033,1782384272,T007,1,202.21,624.05,6.67,-1.23,droite,,,1,276,237,0,0.761,matched,1
272,9.067,1782384272,T002,9,149.41,179.24,0.0,0.0,gauche,,,1,279,272,0,0.77,matched,1
272,9.067,1782384272,T003,7,108.23,106.92,6.66,-5.6,gauche,,,1,279,269,0,0.64,matched,1
272,9.067,1782384272,T004,3,214.25,123.96,-0.2,-0.26,gauche,,,1,279,267,0,0.768,matched,1
272,9.067,1782384272,T005,21,150.86,82.18,7.31,2.21,gauche,,,1,279,271,0,0.658,matched,1
272,9.067,1782384272,T006,5,48.96,484.97,0.04,-0.61,droite,,,1,277,268,0,0.77,matched,1
272,9.067,1782384272,T007,1,208.04,623.04,4.61,-1.03,droite,,,1,277,238,0,0.749,matched,1
273,9.100,1782384272,T002,9,149.41,179.24,0.0,0.0,gauche,,,1,280,273,0,0.77,matched,1
273,9.100,1782384272,T003,7,115.74,101.1,7.78,-6.5,gauche,,,1,280,270,0,0.736,matched,1
273,9.100,1782384272,T004,3,213.73,123.32,-0.21,-0.34,gauche,,,1,280,268,0,0.768,matched,1
273,9.100,1782384272,T005,21,158.39,84.05,8.47,2.39,gauche,,,1,280,272,0,0.742,matched,1
273,9.100,1782384272,T006,5,48.98,484.19,0.02,-0.45,droite,,,1,278,269,0,0.768,matched,1
273,9.100,1782384272,T007,1,212.6,622.18,2.94,-0.72,droite,,,1,278,239,0,0.752,matched,1
274,9.133,1782384272,T002,9,149.41,179.24,0.0,0.0,gauche,,,1,281,274,0,0.77,matched,1
274,9.133,1782384272,T003,7,122.86,95.5,6.44,-5.36,gauche,,,1,281,271,0,0.759,matched,1
274,9.133,1782384272,T004,3,213.73,123.32,-0.16,-0.3,gauche,,,1,281,269,0,0.77,matched,1
274,9.133,1782384272,T005,21,165.64,85.73,6.99,1.75,gauche,,,1,281,273,0,0.759,matched,1
274,9.133,1782384272,T006,5,48.99,483.46,0.0,-0.46,droite,,,1,279,270,0,0.769,matched,1
274,9.133,1782384272,T007,1,215.95,621.67,1.62,-0.27,droite,,,1,279,240,0,0.754,matched,1
275,9.167,1782384272,T002,9,149.41,179.24,0.0,0.0,gauche,,,1,282,275,0,0.77,matched,1
275,9.167,1782384272,T003,7,128.74,90.87,4.46,-3.71,gauche,,,1,282,272,0,0.744,matched,1
275,9.167,1782384272,T004,3,213.29,122.46,-0.11,-0.55,gauche,,,1,282,270,0,0.766,matched,1
275,9.167,1782384272,T005,21,171.65,86.9,4.83,0.93,gauche,,,1,282,274,0,0.747,matched,1
275,9.167,1782384272,T006,5,49.0,482.7,-0.0,-0.52,droite,,,1,280,271,0,0.768,matched,1
275,9.167,1782384272,T007,1,218.45,621.24,0.92,-0.2,droite,,,1,280,241,0,0.762,matched,1
276,9.200,1782384272,T002,9,149.41,179.24,0.0,0.0,gauche,,,1,283,276,0,0.77,matched,1
276,9.200,1782384272,T003,7,133.21,87.35,2.69,-2.23,gauche,,,1,283,273,0,0.745,matched,1
276,9.200,1782384272,T004,3,212.96,121.37,-0.06,-0.87,gauche,,,1,283,271,0,0.765,matched,1
276,9.200,1782384272,T005,21,176.34,87.66,3.07,0.41,gauche,,,1,283,275,0,0.75,matched,1
276,9.200,1782384272,T006,5,49.0,482.7,-0.17,-0.43,droite,,,1,281,272,0,0.767,matched,1
276,9.200,1782384272,T007,1,220.4,620.91,0.61,-0.13,droite,,,1,281,242,0,0.767,matched,1
277,9.233,1782384272,T002,9,149.41,179.24,0.0,0.0,gauche,,,1,284,277,0,0.77,matched,1
277,9.233,1782384272,T003,7,136.42,84.83,1.39,-1.15,gauche,,,1,284,274,0,0.75,matched,1
277,9.233,1782384272,T004,3,212.71,120.33,-0.03,-0.79,gauche,,,1,284,272,0,0.77,matched,1
277,9.233,1782384272,T005,21,179.79,88.14,1.7,0.11,gauche,,,1,284,276,0,0.754,matched,1
277,9.233,1782384272,T006,5,48.79,482.0,-0.2,-0.3,droite,,,1,282,273,0,0.769,matched,1
277,9.233,1782384272,T007,1,221.86,620.67,0.35,-0.07,droite,,,1,282,243,0,0.767,matched,1
278,9.267,1782384272,T002,9,149.41,179.24,0.0,0.0,gauche,,,1,285,278,0,0.77,matched,1
278,9.267,1782384272,T003,7,138.64,83.09,0.58,-0.48,gauche,,,1,285,275,0,0.757,matched,1
278,9.267,1782384272,T004,3,212.53,119.31,-0.01,-0.75,gauche,,,1,285,273,0,0.769,matched,1
278,9.267,1782384272,T005,21,182.35,88.29,0.95,-0.2,gauche,,,1,285,277,0,0.76,matched,1
278,9.267,1782384272,T006,5,48.79,482.0,-0.16,-0.18,droite,,,1,283,274,0,0.769,matched,1
278,9.267,1782384272,T007,1,223.08,620.49,0.34,-0.04,droite,,,1,283,244,0,0.769,matched,1
279,9.300,1782384272,T002,9,149.41,179.24,0.0,0.0,gauche,,,1,286,279,0,0.77,matched,1
279,9.300,1782384272,T003,7,140.16,81.91,0.13,-0.11,gauche,,,1,286,276,0,0.763,matched,1
279,9.300,1782384272,T004,3,212.4,118.45,-0.0,-0.57,gauche,,,1,286,274,0,0.768,matched,1
279,9.300,1782384272,T005,21,184.33,88.27,0.62,-0.27,gauche,,,1,286,278,0,0.766,matched,1
279,9.300,1782384272,T006,5,48.79,482.0,-0.28,-0.09,droite,,,1,284,275,0,0.768,matched,1
279,9.300,1782384272,T007,1,224.32,620.22,0.6,-0.18,droite,,,1,284,245,0,0.765,matched,1
280,9.333,1782384272,T002,9,149.41,179.24,0.0,0.0,gauche,,,1,287,280,0,0.77,matched,1
280,9.333,1782384272,T003,7,141.2,81.12,-0.07,0.06,gauche,,,1,287,277,0,0.766,matched,1
280,9.333,1782384272,T004,3,212.4,118.45,0.0,-0.37,gauche,,,1,287,275,0,0.768,matched,1
280,9.333,1782384272,T005,21,185.81,88.2,0.35,-0.24,gauche,,,1,287,279,0,0.767,matched,1
280,9.333,1782384272,T006,5,48.79,482.0,-0.27,-0.04,droite,,,1,285,276,0,0.769,matched,1
280,9.333,1782384272,T007,1,225.43,619.81,0.56,-0.37,droite,,,1,285,246,0,0.767,matched,1
281,9.367,1782384272,T002,9,149.41,179.24,0.0,0.0,gauche,,,1,288,281,0,0.77,matched,1
281,9.367,1782384272,T003,7,141.91,80.58,-0.13,0.11,gauche,,,1,288,278,0,0.769,matched,1
281,9.367,1782384272,T004,3,212.4,118.45,0.0,-0.21,gauche,,,1,288,276,0,0.768,matched,1
281,9.367,1782384272,T005,21,186.91,88.13,0.17,-0.17,gauche,,,1,288,280,0,0.768,matched,1
281,9.367,1782384272,T006,5,48.79,482.0,-0.2,-0.01,droite,,,1,286,277,0,0.769,matched,1
281,9.367,1782384272,T007,2,219.89,622.0,-7.57,2.87,droite,,,1,286,247,0,0.642,matched,1
282,9.400,1782384272,T002,9,149.41,179.24,0.0,0.0,gauche,,,1,289,282,0,0.77,matched,1
282,9.400,1782384272,T003,18,136.38,85.41,-7.61,6.57,gauche,,,1,289,279,0,0.625,matched,1
282,9.400,1782384272,T004,3,212.4,118.45,0.0,-0.1,gauche,,,1,289,277,0,0.769,matched,1
282,9.400,1782384272,T005,7,181.39,86.83,-7.76,-1.64,gauche,,,1,289,281,0,0.652,matched,1
282,9.400,1782384272,T006,5,48.19,481.51,-0.3,0.0,droite,,,1,287,278,0,0.768,matched,1
282,9.400,1782384272,T007,2,212.11,625.07,-8.98,3.47,droite,,,1,287,248,0,0.736,matched,1
283,9.433,1782384272,T002,9,149.41,179.24,0.0,0.0,gauche,,,1,290,283,0,0.77,matched,1
283,9.433,1782384272,T003,18,128.81,91.99,-8.76,7.56,gauche,,,1,290,280,0,0.733,matched,1
283,9.433,1782384272,T004,3,212.4,118.45,0.0,-0.03,gauche,,,1,290,278,0,0.769,matched,1
283,9.433,1782384272,T005,7,173.67,85.17,-9.06,-1.83,gauche,,,1,290,282,0,0.739,matched,1
283,9.433,1782384272,T006,5,48.19,481.51,-0.27,0.01,droite,,,1,288,279,0,0.77,matched,1
283,9.433,1782384272,T007,2,204.52,628.06,-7.49,2.91,droite,,,1,288,249,0,0.761,matched,1
284,9.467,1782384272,T002,9,149.41,179.24,0.0,0.0,gauche,,,1,291,284,0,0.77,matched,1
284,9.467,1782384272,T003,18,121.49,98.76,-7.21,6.74,gauche,,,1,291,281,0,0.76,matched,1
284,9.467,1782384272,T004,3,212.4,118.45,0.0,-0.0,gauche,,,1,291,279,0,0.77,matched,1
284,9.467,1782384272,T005,7,166.15,83.59,-7.5,-1.49,gauche,,,1,291,283,0,0.76,matched,1
284,9.467,1782384272,T006,5,47.5,481.15,-0.37,0.01,droite,,,1,289,280,0,0.768,matched,1
284,9.467,1782384272,T007,2,198.19,630.56,-5.21,2.04,droite,,,1,289,250,0,0.746,matched,1
285,9.500,1782384272,T002,9,149.41,179.24,0.0,0.0,gauche,,,1,292,285,0,0.77,matched,1
285,9.500,1782384272,T003,18,115.42,104.56,-4.98,4.89,gauche,,,1,292,282,0,0.742,matched,1
285,9.500,1782384272,T004,3,212.4,118.45,0.0,0.01,gauche,,,1,292,280,0,0.77,matched,1
285,9.500,1782384272,T005,7,159.9,82.3,-5.19,-1.02,gauche,,,1,292,284,0,0.747,matched,1
285,9.500,1782384272,T006,5,47.5,481.15,-0.32,0.01,droite,,,1,290,281,0,0.77,matched,1
285,9.500,1782384272,T007,2,193.37,632.46,-3.15,1.24,droite,,,1,290,251,0,0.746,matched,1
286,9.533,1782384272,T002,9,149.41,179.24,0.0,0.0,gauche,,,1,293,286,0,0.77,matched,1
286,9.533,1782384272,T003,18,110.95,109.35,-2.82,3.41,gauche,,,1,293,283,0,0.741,matched,1
286,9.533,1782384272,T004,3,212.4,118.45,-0.17,0.01,gauche,,,1,293,281,0,0.767,matched,1
286,9.533,1782384272,T005,7,155.15,81.32,-3.12,-0.61,gauche,,,1,293,285,0,0.747,matched,1
286,9.533,1782384272,T006,5,46.73,480.87,-0.4,0.0,droite,,,1,291,282,0,0.768,matched,1
286,9.533,1782384272,T007,2,189.92,633.83,-1.64,0.65,droite,,,1,291,252,0,0.751,matched,1
287,9.567,1782384272,T002,9,149.41,179.24,0.0,0.0,gauche,,,1,294,287,0,0.77,matched,1
287,9.567,1782384272,T003,18,107.84,113.27,-1.34,2.4,gauche,,,1,294,284,0,0.75,matched,1
287,9.567,1782384272,T004,3,212.09,117.73,-0.2,-0.16,gauche,,,1,294,282,0,0.767,matched,1
287,9.567,1782384272,T005,7,151.75,80.62,-1.62,-0.31,gauche,,,1,294,286,0,0.752,matched,1
287,9.567,1782384272,T006,5,45.79,480.53,-0.68,-0.17,droite,,,1,292,283,0,0.765,matched,1
287,9.567,1782384272,T007,2,187.54,634.78,-0.68,0.27,droite,,,1,292,253,0,0.758,matched,1
288,9.600,1782384272,T002,9,149.41,179.24,0.0,0.0,gauche,,,1,295,288,0,0.77,matched,1
288,9.600,1782384272,T003,18,105.75,116.26,-0.47,1.47,gauche,,,1,295,285,0,0.755,matched,1
288,9.600,1782384272,T004,3,212.09,117.73,-0.16,-0.19,gauche,,,1,295,283,0,0.769,matched,1
288,9.600,1782384272,T005,7,149.41,80.14,-0.67,-0.12,gauche,,,1,295,287,0,0.758,matched,1
288,9.600,1782384272,T006,5,44.75,480.19,-0.8,-0.2,droite,,,1,293,284,0,0.767,matched,1
288,9.600,1782384272,T007,2,185.94,635.42,-0.16,0.07,droite,,,1,293,254,0,0.763,matched,1
289,9.633,1782384272,T002,9,149.41,179.24,0.0,0.0,gauche,,,1,296,289,0,0.77,matched,1
289,9.633,1782384272,T003,18,104.37,118.45,-0.03,0.77,gauche,,,1,296,286,0,0.76,matched,1
289,9.633,1782384272,T004,3,212.09,117.73,-0.11,-0.16,gauche,,,1,296,284,0,0.769,matched,1
289,9.633,1782384272,T005,7,147.84,79.81,-0.15,-0.03,gauche,,,1,296,288,0,0.763,matched,1
289,9.633,1782384272,T006,5,43.82,479.89,-0.67,-0.16,droite,,,1,294,285,0,0.769,matched,1
289,9.633,1782384272,T007,2,184.86,635.85,0.08,-0.03,droite,,,1,294,255,0,0.766,matched,1
290,9.667,1782384272,T002,9,149.41,179.24,0.0,0.0,gauche,,,1,297,290,0,0.77,matched,1
290,9.667,,T003,18,103.32,120.3,-0.02,0.7,gauche,,,1,297,286,1,0.49,predicted,1
290,9.667,1782384272,T004,3,211.81,117.05,-0.07,-0.11,gauche,,,1,297,285,0,0.769,matched,1
290,9.667,1782384272,T005,7,146.79,79.59,0.08,0.02,gauche,,,1,297,289,0,0.767,matched,1
290,9.667,1782384272,T006,5,43.06,479.25,-0.46,-0.62,droite,,,1,295,286,0,0.763,matched,1
290,9.667,1782384272,T007,2,184.12,636.15,0.15,-0.06,droite,,,1,295,256,0,0.769,matched,1
291,9.700,1782384272,T002,9,149.41,179.24,0.0,0.0,gauche,,,1,298,291,0,0.77,matched,1
291,9.700,,T003,18,102.51,121.87,-0.02,0.63,gauche,,,1,298,286,2,0.41,predicted,1
291,9.700,1782384272,T004,3,211.81,117.05,-0.03,-0.24,gauche,,,1,298,286,0,0.768,matched,1
291,9.700,1782384272,T005,7,146.07,79.44,0.15,0.03,gauche,,,1,298,290,0,0.769,matched,1
291,9.700,1782384272,T006,5,42.48,478.25,-0.28,-1.0,droite,,,1,296,287,0,0.763,matched,1
291,9.700,1782384272,T007,2,184.12,636.15,0.15,0.11,droite,,,1,296,257,0,0.768,matched,1
292,9.733,1782384272,T002,9,149.41,179.24,0.0,0.0,gauche,,,1,299,292,0,0.77,matched,1
292,9.733,,T003,18,101.89,123.22,-0.02,0.56,gauche,,,1,299,286,3,0.33,predicted,1
292,9.733,1782384272,T004,3,211.6,116.33,-0.01,-0.23,gauche,,,1,299,287,0,0.77,matched,1
292,9.733,1782384272,T005,7,146.07,79.44,0.15,0.03,gauche,,,1,299,291,0,0.77,matched,1
292,9.733,1782384272,T006,5,42.2,477.11,0.02,-1.09,droite,,,1,297,288,0,0.765,matched,1
292,9.733,1782384272,T007,2,184.12,636.15,0.28,0.15,droite,,,1,297,258,0,0.768,matched,1
293,9.767,1782384272,T002,9,149.41,179.24,0.0,0.0,gauche,,,1,300,293,0,0.77,matched,1
293,9.767,,T003,18,101.41,124.37,-0.02,0.51,gauche,,,1,300,286,4,0.32,predicted,1
293,9.767,1782384272,T004,3,211.32,115.48,-0.17,-0.52,gauche,,,1,300,288,0,0.765,matched,1
293,9.767,1782384272,T005,7,146.07,79.44,0.11,0.02,gauche,,,1,300,292,0,0.77,matched,1
293,9.767,1782384272,T006,5,42.08,475.78,0.14,-1.21,droite,,,1,298,289,0,0.766,matched,1
293,9.767,1782384272,T007,2,184.12,636.15,0.27,0.13,droite,,,1,298,259,0,0.77,matched,1
294,9.800,1782384272,T002,9,149.41,179.24,0.0,0.0,gauche,,,1,301,294,0,0.77,matched,1
294,9.800,,T003,18,101.05,125.38,-0.02,0.46,gauche,,,1,301,286,5,0.32,predicted,1
294,9.800,1782384272,T004,3,211.02,114.4,-0.2,-0.85,gauche,,,1,301,289,0,0.764,matched,1
294,9.800,1782384272,T005,7,146.07,79.44,0.07,0.01,gauche,,,1,301,293,0,0.77,matched,1
294,9.800,1782384272,T006,5,42.05,474.43,0.15,-1.16,droite,,,1,299,290,0,0.769,matched,1
294,9.800,,T007,2,184.12,636.15,0.24,0.12,droite,,,1,299,259,1,0.49,predicted,1
295,9.833,1782384272,T002,9,149.41,179.24,0.0,0.0,gauche,,,1,302,295,0,0.77,matched,1
295,9.833,,T003,18,100.77,126.25,-0.01,0.41,gauche,,,1,302,286,6,0.32,predicted,1
295,9.833,1782384272,T004,3,210.77,113.35,-0.16,-0.78,gauche,,,1,302,290,0,0.77,matched,1
295,9.833,1782384272,T005,7,146.07,79.44,0.04,0.01,gauche,,,1,302,294,0,0.77,matched,1
295,9.833,1782384272,T006,5,42.04,473.27,0.12,-0.87,droite,,,1,300,291,0,0.768,matched,1
295,9.833,,T007,2,184.12,636.15,0.22,0.11,droite,,,1,300,259,2,0.41,predicted,1
296,9.867,1782384272,T002,9,149.41,179.24,0.0,0.0,gauche,,,1,303,296,0,0.77,matched,1
296,9.867,,T003,18,100.55,127.01,-0.01,0.37,gauche,,,1,303,286,7,0.32,predicted,1
296,9.867,1782384272,T004,3,210.56,112.34,-0.11,-0.75,gauche,,,1,303,291,0,0.769,matched,1
296,9.867,1782384272,T005,7,146.07,79.44,0.02,0.0,gauche,,,1,303,295,0,0.77,matched,1
296,9.867,1782384272,T006,5,42.05,472.21,0.08,-0.73,droite,,,1,301,292,0,0.769,matched,1
296,9.867,,T007,2,184.12,636.15,0.2,0.1,droite,,,1,301,259,3,0.33,predicted,1
297,9.900,1782384272,T002,9,149.41,179.24,0.0,0.0,gauche,,,1,304,297,0,0.77,matched,1
297,9.900,,T003,18,100.55,127.01,-0.01,0.33,gauche,,,1,304,286,8,0.32,predicted,1
297,9.900,1782384272,T004,3,210.41,111.33,-0.07,-0.74,gauche,,,1,304,292,0,0.769,matched,1
297,9.900,1782384272,T005,7,146.07,79.44,0.01,0.0,gauche,,,1,304,296,0,0.77,matched,1
297,9.900,1782384272,T006,5,42.05,471.35,0.05,-0.51,droite,,,1,302,293,0,0.768,matched,1
297,9.900,,T007,2,184.12,636.15,0.18,0.09,droite,,,1,302,259,4,0.32,predicted,1
298,9.933,1782384272,T002,9,149.41,179.24,0.0,0.0,gauche,,,1,305,298,0,0.77,matched,1
298,9.933,,T003,18,100.38,127.76,-0.01,0.3,gauche,,,1,305,286,9,0.32,predicted,1
298,9.933,1782384272,T004,3,210.16,110.47,-0.2,-0.57,gauche,,,1,305,293,0,0.767,matched,1
298,9.933,1782384272,T005,7,146.07,79.44,0.0,-0.0,gauche,,,1,305,297,0,0.77,matched,1
298,9.933,1782384272,T006,5,42.05,470.56,0.02,-0.48,droite,,,1,303,294,0,0.77,matched,1
298,9.933,,T007,2,184.12,636.15,0.16,0.08,droite,,,1,303,259,5,0.32,predicted,1
299,9.967,1782384272,T002,9,149.41,179.24,0.0,0.0,gauche,,,1,306,299,0,0.77,matched,1
299,9.967,,T003,18,100.38,127.76,-0.01,0.27,gauche,,,1,306,286,10,0.32,predicted,1
299,9.967,1782384272,T004,3,209.9,109.8,-0.21,-0.37,gauche,,,1,306,294,0,0.768,matched,1
299,9.967,1782384272,T005,7,146.07,79.44,-0.0,-0.0,gauche,,,1,306,298,0,0.77,matched,1
299,9.967,1782384272,T006,5,42.18,469.76,0.18,-0.53,droite,,,1,304,295,0,0.767,matched,1
299,9.967,,T007,2,184.12,636.15,0.14,0.07,droite,,,1,304,259,6,0.32,predicted,1
300,10.000,1782384273,T002,9,149.41,179.24,0.0,0.0,gauche,,,1,307,300,0,0.77,matched,1
300,10.000,,T003,18,100.38,127.76,-0.01,0.24,gauche,,,1,307,286,11,0.32,predicted,1
300,10.000,1782384273,T004,3,209.9,109.8,-0.17,-0.38,gauche,,,1,307,295,0,0.769,matched,1
300,10.000,1782384273,T005,7,146.07,79.44,-0.0,-0.0,gauche,,,1,307,299,0,0.77,matched,1
300,10.000,1782384273,T006,5,42.18,469.76,0.03,-0.43,droite,,,1,305,296,0,0.768,matched,1
300,10.000,1782384273,T007,2,192.39,637.52,4.86,0.5,droite,,,1,305,260,0,0.681,matched,1
301,10.033,1782384273,T002,9,149.41,179.24,0.0,0.0,gauche,,,1,308,301,0,0.77,matched,1
301,10.033,,T003,18,100.24,128.52,-0.01,0.22,gauche,,,1,308,286,12,0.32,predicted,1
301,10.033,1782384273,T004,3,209.66,109.1,-0.11,-0.3,gauche,,,1,308,296,0,0.769,matched,1
301,10.033,1782384273,T005,7,146.07,79.44,-0.0,-0.0,gauche,,,1,308,300,0,0.77,matched,1
301,10.033,1782384273,T006,5,42.18,469.04,-0.04,-0.29,droite,,,1,306,297,0,0.768,matched,1
301,10.033,1782384273,T007,2,199.33,638.63,3.87,0.4,droite,,,1,306,261,0,0.761,matched,1
302,10.067,1782384273,T002,9,149.41,179.24,0.0,0.0,gauche,,,1,309,302,0,0.77,matched,1
302,10.067,1782384273,T003,18,99.0,129.83,-0.42,0.44,gauche,,,1,309,287,0,0.756,matched,1
302,10.067,1782384273,T004,3,209.66,109.1,-0.06,-0.03,gauche,,,1,309,297,0,0.766,matched,1
302,10.067,1782384273,T005,7,146.07,79.44,-0.0,-0.0,gauche,,,1,309,301,0,0.77,matched,1
302,10.067,1782384273,T006,5,42.18,469.04,-0.05,-0.17,droite,,,1,307,298,0,0.769,matched,1
302,10.067,1782384273,T007,2,204.81,639.49,2.58,0.26,droite,,,1,307,262,0,0.757,matched,1
303,10.100,1782384273,T002,9,149.41,179.24,0.0,0.0,gauche,,,1,310,303,0,0.77,matched,1
303,10.100,1782384273,T003,18,98.0,131.32,-0.32,0.81,gauche,,,1,310,288,0,0.763,matched,1
303,10.100,1782384273,T004,3,209.66,109.1,-0.03,0.08,gauche,,,1,310,298,0,0.768,matched,1
303,10.100,1782384273,T005,7,146.07,79.44,-0.0,-0.0,gauche,,,1,310,302,0,0.77,matched,1
303,10.100,1782384273,T006,5,42.18,469.04,-0.05,-0.09,droite,,,1,308,299,0,0.769,matched,1
303,10.100,1782384273,T007,1,212.01,636.79,5.49,-4.25,droite,,,1,308,263,0,0.695,matched,1
304,10.133,1782384273,T002,9,149.41,179.24,0.0,0.0,gauche,,,1,311,304,0,0.77,matched,1
304,10.133,1782384273,T003,18,97.09,132.96,-0.39,1.17,gauche,,,1,311,289,0,0.764,matched,1
304,10.133,1782384273,T004,3,209.66,109.1,-0.18,0.11,gauche,,,1,311,299,0,0.768,matched,1
304,10.133,1782384273,T005,7,146.07,79.44,-0.0,-0.0,gauche,,,1,311,303,0,0.77,matched,1
304,10.133,1782384273,T006,5,42.18,469.04,-0.2,-0.04,droite,,,1,309,300,0,0.768,matched,1
304,10.133,1782384273,T007,1,219.03,632.73,5.25,-5.08,droite,,,1,309,264,0,0.752,matched,1
305,10.167,1782384273,T002,9,149.41,179.24,0.0,0.0,gauche,,,1,312,305,0,0.77,matched,1
305,10.167,1782384273,T003,18,96.19,134.58,-0.52,1.19,gauche,,,1,312,290,0,0.767,matched,1
305,10.167,1782384273,T004,3,209.66,109.1,-0.2,-0.08,gauche,,,1,312,300,0,0.767,matched,1
305,10.167,1782384273,T005,7,146.07,79.44,-0.0,-0.0,gauche,,,1,312,304,0,0.77,matched,1
305,10.167,1782384273,T006,5,42.18,469.04,-0.22,-0.01,droite,,,1,310,301,0,0.769,matched,1
305,10.167,1782384273,T007,1,225.0,628.74,3.93,-4.19,droite,,,1,310,265,0,0.757,matched,1
306,10.200,1782384273,T002,9,149.41,179.24,0.0,0.0,gauche,,,1,313,306,0,0.77,matched,1
306,10.200,1782384273,T003,18,95.26,135.97,-0.62,0.9,gauche,,,1,313,291,0,0.767,matched,1
306,10.200,1782384273,T004,3,209.66,109.1,-0.16,-0.13,gauche,,,1,313,301,0,0.769,matched,1
306,10.200,1782384273,T005,7,146.07,79.44,-0.0,-0.0,gauche,,,1,313,305,0,0.77,matched,1
306,10.200,1782384273,T006,5,42.18,469.04,-0.34,0.01,droite,,,1,311,302,0,0.768,matched,1
306,10.200,1782384273,T007,2,226.49,628.86,-1.44,1.42,droite,,,1,311,266,0,0.666,matched,1
307,10.233,1782384273,T002,9,149.41,179.24,0.0,0.0,gauche,,,1,314,307,0,0.77,matched,1
307,10.233,1782384273,T003,18,94.45,137.06,-0.51,0.58,gauche,,,1,314,292,0,0.767,matched,1
307,10.233,1782384273,T004,3,209.66,109.1,-0.11,-0.12,gauche,,,1,314,302,0,0.769,matched,1
307,10.233,1782384273,T005,7,146.07,79.44,0.0,0.0,gauche,,,1,314,306,0,0.77,matched,1
307,10.233,1782384273,T006,5,42.18,469.04,-0.31,0.01,droite,,,1,312,303,0,0.77,matched,1
307,10.233,1782384273,T007,2,225.8,630.85,-3.13,3.21,droite,,,1,312,267,0,0.731,matched,1
308,10.267,1782384273,T002,9,149.41,179.24,0.0,0.0,gauche,,,1,315,308,0,0.77,matched,1
308,10.267,1782384273,T003,18,93.66,138.02,-0.52,0.5,gauche,,,1,315,293,0,0.769,matched,1
308,10.267,1782384273,T004,3,209.24,108.45,-0.06,-0.26,gauche,,,1,315,303,0,0.768,matched,1
308,10.267,1782384273,T005,7,146.07,79.44,0.0,0.0,gauche,,,1,315,307,0,0.77,matched,1
308,10.267,1782384273,T006,5,41.62,468.55,-0.23,0.01,droite,,,1,313,304,0,0.769,matched,1
308,10.267,1782384273,T007,2,224.31,633.36,-3.07,3.17,droite,,,1,313,268,0,0.765,matched,1
309,10.300,1782384273,T002,9,149.41,179.24,0.0,-0.17,gauche,,,1,316,309,0,0.768,matched,1
309,10.300,1782384273,T003,18,92.85,138.65,-0.58,0.19,gauche,,,1,316,294,0,0.766,matched,1
309,10.300,1782384273,T004,3,208.79,107.87,-0.2,-0.26,gauche,,,1,316,304,0,0.768,matched,1
309,10.300,1782384273,T005,7,146.07,79.44,0.0,0.0,gauche,,,1,316,308,0,0.77,matched,1
309,10.300,1782384273,T006,5,41.62,468.55,-0.32,0.01,droite,,,1,314,305,0,0.768,matched,1
309,10.300,1782384273,T007,2,222.79,635.69,-2.35,2.43,droite,,,1,314,269,0,0.761,matched,1
310,10.333,1782384273,T002,9,149.41,179.24,0.0,-0.2,gauche,,,1,317,310,0,0.769,matched,1
310,10.333,1782384273,T003,18,92.13,139.47,-0.47,0.54,gauche,,,1,317,295,0,0.765,matched,1
310,10.333,1782384273,T004,3,208.38,107.26,-0.21,-0.36,gauche,,,1,317,305,0,0.768,matched,1
310,10.333,1782384273,T005,7,146.07,79.44,0.0,0.0,gauche,,,1,317,309,0,0.77,matched,1
310,10.333,1782384273,T006,5,40.85,468.18,-0.45,0.0,droite,,,1,315,306,0,0.768,matched,1
310,10.333,1782384273,T007,2,221.53,637.56,-1.53,1.59,droite,,,1,315,270,0,0.758,matched,1
311,10.367,1782384273,T002,9,149.41,179.24,0.0,-0.16,gauche,,,1,318,311,0,0.77,matched,1
311,10.367,,T003,18,91.48,140.23,-0.42,0.48,gauche,,,1,318,295,1,0.49,predicted,1
311,10.367,1782384273,T004,3,208.03,106.44,-0.16,-0.66,gauche,,,1,318,306,0,0.765,matched,1
311,10.367,1782384273,T005,7,146.07,79.44,0.0,0.0,gauche,,,1,318,310,0,0.77,matched,1
311,10.367,1782384273,T006,5,40.16,467.9,-0.4,0.0,droite,,,1,316,307,0,0.77,matched,1
311,10.367,1782384273,T007,2,220.62,638.95,-0.87,0.91,droite,,,1,316,271,0,0.759,matched,1
312,10.400,1782384273,T002,9,149.41,179.24,0.0,-0.11,gauche,,,1,319,312,0,0.77,matched,1
312,10.400,1782384273,T003,18,93.33,132.33,2.28,-8.87,gauche,,,1,319,296,0,0.642,matched,1
312,10.400,1782384273,T004,3,207.76,105.36,-0.11,-0.97,gauche,,,1,319,307,0,0.765,matched,1
312,10.400,1782384273,T005,7,146.07,79.44,0.0,0.0,gauche,,,1,319,311,0,0.77,matched,1
312,10.400,1782384273,T006,5,40.16,467.9,-0.29,0.0,droite,,,1,317,308,0,0.769,matched,1
312,10.400,1782384273,T007,2,220.01,639.91,-0.42,0.44,droite,,,1,317,272,0,0.762,matched,1
313,10.433,1782384273,T002,9,149.41,179.24,0.0,-0.07,gauche,,,1,320,313,0,0.77,matched,1
313,10.433,1782384273,T003,18,95.51,123.55,2.3,-8.72,gauche,,,1,320,297,0,0.758,matched,1
313,10.433,1782384273,T004,3,207.56,104.31,-0.06,-0.87,gauche,,,1,320,308,0,0.769,matched,1
313,10.433,1782384273,T005,7,146.07,79.44,0.0,0.0,gauche,,,1,320,312,0,0.77,matched,1
313,10.433,1782384273,T006,5,40.16,467.9,-0.18,0.0,droite,,,1,318,309,0,0.769,matched,1
313,10.433,1782384273,T007,2,219.63,640.55,-0.15,0.16,droite,,,1,318,273,0,0.765,matched,1
314,10.467,1782384273,T002,9,149.41,179.24,0.0,-0.03,gauche,,,1,321,314,0,0.77,matched,1
314,10.467,1782384273,T003,18,97.48,115.75,1.79,-6.69,gauche,,,1,321,298,0,0.752,matched,1
314,10.467,1782384273,T004,3,207.41,103.43,-0.03,-0.63,gauche,,,1,321,309,0,0.768,matched,1
314,10.467,1782384273,T005,7,146.07,79.44,0.0,0.0,gauche,,,1,321,313,0,0.77,matched,1
314,10.467,1782384273,T006,5,40.16,467.9,-0.1,-0.17,droite,,,1,319,310,0,0.767,matched,1
314,10.467,1782384273,T007,2,219.63,640.55,-0.18,0.01,droite,,,1,319,274,0,0.768,matched,1
315,10.500,1782384273,T002,9,149.41,179.24,0.0,0.16,gauche,,,1,322,315,0,0.767,matched,1
315,10.500,,T003,18,99.41,108.21,1.61,-6.02,gauche,,,1,322,298,1,0.49,predicted,1
315,10.500,1782384273,T004,3,207.41,103.43,-0.01,-0.4,gauche,,,1,322,310,0,0.767,matched,1
315,10.500,1782384273,T005,7,146.07,79.44,0.0,0.0,gauche,,,1,322,314,0,0.77,matched,1
315,10.500,1782384273,T006,5,39.48,467.61,-0.21,-0.03,droite,,,1,320,311,0,0.767,matched,1
315,10.500,,T007,2,219.63,640.55,-0.16,0.01,droite,,,1,320,274,1,0.49,predicted,1
316,10.533,1782384273,T002,9,149.41,179.24,0.0,0.19,gauche,,,1,323,316,0,0.769,matched,1
316,10.533,,T003,18,101.26,101.04,1.45,-5.42,gauche,,,1,323,298,2,0.41,predicted,1
316,10.533,1782384273,T004,3,207.41,103.43,-0.0,-0.22,gauche,,,1,323,311,0,0.768,matched,1
316,10.533,1782384273,T005,7,146.07,79.44,-0.0,-0.0,gauche,,,1,323,315,0,0.77,matched,1
316,10.533,1782384273,T006,5,38.9,467.15,-0.21,-0.31,droite,,,1,321,312,0,0.766,matched,1
316,10.533,1782384273,T007,1,224.29,635.15,5.4,-6.31,droite,,,1,321,275,0,0.659,matched,1
317,10.567,1782384273,T002,9,149.41,179.24,0.0,0.16,gauche,,,1,324,317,0,0.77,matched,1
317,10.567,1782384273,T003,18,98.73,111.0,-2.72,10.8,gauche,,,1,324,299,0,0.57,matched,1
317,10.567,1782384273,T004,3,207.41,103.43,0.0,-0.1,gauche,,,1,324,312,0,0.769,matched,1
317,10.567,1782384273,T005,7,146.07,79.44,-0.0,-0.0,gauche,,,1,324,316,0,0.77,matched,1
317,10.567,1782384273,T006,5,38.56,466.4,0.01,-0.68,droite,,,1,322,313,0,0.763,matched,1
317,10.567,1782384273,T007,1,229.65,629.13,5.44,-6.13,droite,,,1,322,276,0,0.759,matched,1
318,10.600,1782384273,T002,9,149.41,179.24,0.0,0.12,gauche,,,1,325,318,0,0.77,matched,1
318,10.600,1782384273,T003,18,95.86,121.7,-2.76,10.3,gauche,,,1,325,300,0,0.76,matched,1
318,10.600,1782384273,T004,3,207.41,103.43,0.0,0.14,gauche,,,1,325,313,0,0.767,matched,1
318,10.600,1782384273,T005,7,146.07,79.44,-0.0,-0.0,gauche,,,1,325,317,0,0.77,matched,1
318,10.600,1782384273,T006,5,38.38,465.35,0.09,-1.01,droite,,,1,323,314,0,0.764,matched,1
318,10.600,1782384273,T007,1,234.47,623.79,4.22,-4.68,droite,,,1,323,277,0,0.754,matched,1
319,10.633,1782384273,T002,9,149.41,179.24,0.0,0.07,gauche,,,1,326,319,0,0.77,matched,1
319,10.633,1782384273,T003,18,93.29,131.08,-2.15,7.8,gauche,,,1,326,301,0,0.747,matched,1
319,10.633,1782384273,T004,3,207.41,103.43,0.0,0.2,gauche,,,1,326,314,0,0.769,matched,1
319,10.633,1782384273,T005,7,146.07,79.44,-0.0,-0.0,gauche,,,1,326,318,0,0.77,matched,1
319,10.633,1782384273,T006,5,38.27,464.3,0.1,-0.91,droite,,,1,324,315,0,0.77,matched,1
319,10.633,1782384273,T007,1,238.32,619.54,2.79,-3.05,droite,,,1,324,278,0,0.747,matched,1
320,10.667,1782384273,T002,9,149.41,179.24,0.0,0.04,gauche,,,1,327,320,0,0.77,matched,1
320,10.667,,T003,18,90.82,140.07,-1.94,7.02,gauche,,,1,327,301,1,0.49,predicted,1
320,10.667,,T004,3,207.41,103.43,0.0,0.18,gauche,,,1,327,314,1,0.49,predicted,1
320,10.667,1782384273,T005,7,146.07,79.44,-0.0,-0.0,gauche,,,1,327,319,0,0.77,matched,1
320,10.667,1782384273,T006,5,38.21,463.14,0.08,-1.0,droite,,,1,325,316,0,0.767,matched,1
320,10.667,1782384273,T007,1,241.33,616.4,1.77,-1.72,droite,,,1,325,279,0,0.752,matched,1
321,10.700,1782384273,T002,9,149.41,179.24,0.0,0.02,gauche,,,1,328,321,0,0.77,matched,1
321,10.700,,T003,18,88.48,148.6,-1.75,6.32,gauche,,,1,328,301,2,0.41,predicted,1
321,10.700,,T004,3,207.41,103.43,0.0,0.16,gauche,,,1,328,314,2,0.41,predicted,1
321,10.700,1782384273,T005,7,146.07,79.44,-0.0,-0.0,gauche,,,1,328,320,0,0.77,matched,1
321,10.700,1782384273,T006,5,38.17,461.95,0.06,-0.98,droite,,,1,326,317,0,0.769,matched,1
321,10.700,1782384273,T007,1,243.54,614.18,0.97,-0.82,droite,,,1,326,280,0,0.756,matched,1
322,10.733,1782384273,T002,9,149.41,179.24,0.0,0.0,gauche,,,1,329,322,0,0.77,matched,1
322,10.733,,T003,18,86.28,156.59,-1.57,5.69,gauche,,,1,329,301,3,0.33,predicted,1
322,10.733,,T004,3,207.41,103.43,0.0,0.15,gauche,,,1,329,314,3,0.33,predicted,1
322,10.733,1782384273,T005,7,146.07,79.44,-0.0,-0.0,gauche,,,1,329,321,0,0.77,matched,1
322,10.733,1782384273,T006,5,38.14,460.79,0.03,-0.92,droite,,,1,327,318,0,0.769,matched,1
322,10.733,1782384273,T007,1,245.11,612.67,0.45,-0.29,droite,,,1,327,281,0,0.761,matched,1
323,10.767,1782384273,T002,9,149.41,179.24,-0.17,-0.0,gauche,,,1,330,323,0,0.767,matched,1
323,10.767,,T003,18,84.23,164.03,-1.41,5.12,gauche,,,1,330,301,4,0.32,predicted,1
323,10.767,,T004,3,207.41,103.43,0.0,0.13,gauche,,,1,330,314,4,0.32,predicted,1
323,10.767,1782384273,T005,7,146.07,79.44,-0.0,-0.0,gauche,,,1,330,322,0,0.77,matched,1
323,10.767,1782384273,T006,5,38.12,459.79,0.02,-0.69,droite,,,1,328,319,0,0.768,matched,1
323,10.767,1782384273,T007,1,246.34,611.64,0.31,-0.02,droite,,,1,328,282,0,0.766,matched,1
324,10.800,1782384273,T002,9,149.1,180.04,-0.2,0.17,gauche,,,1,331,324,0,0.767,matched,1
324,10.800,1782384273,T003,18,84.48,167.21,0.27,1.94,gauche,,,1,331,302,0,0.722,matched,1
324,10.800,,T004,3,207.41,103.43,0.0,0.12,gauche,,,1,331,314,5,0.32,predicted,1
324,10.800,1782384273,T005,7,146.07,79.44,0.0,0.0,gauche,,,1,331,323,0,0.77,matched,1
324,10.800,1782384273,T006,5,38.09,458.88,0.01,-0.61,droite,,,1,329,320,0,0.77,matched,1
324,10.800,1782384273,T007,1,247.27,610.94,0.19,0.09,droite,,,1,329,283,0,0.768,matched,1
325,10.833,1782384273,T002,9,148.82,180.73,-0.16,0.19,gauche,,,1,332,325,0,0.769,matched,1
325,10.833,1782384273,T003,18,84.8,169.61,0.31,1.27,gauche,,,1,332,303,0,0.762,matched,1
325,10.833,,T004,3,207.41,103.43,0.0,0.11,gauche,,,1,332,314,6,0.32,predicted,1
325,10.833,1782384273,T005,7,146.07,79.44,0.0,0.0,gauche,,,1,332,324,0,0.77,matched,1
325,10.833,1782384273,T006,5,38.07,458.12,0.0,-0.44,droite,,,1,330,321,0,0.768,matched,1
325,10.833,1782384273,T007,1,247.97,610.46,0.1,0.11,droite,,,1,330,284,0,0.769,matched,1
326,10.867,1782384273,T002,9,148.61,181.42,-0.11,0.33,gauche,,,1,333,326,0,0.768,matched,1
326,10.867,1782384273,T003,18,84.83,171.39,-0.08,0.73,gauche,,,1,333,304,0,0.762,matched,1
326,10.867,1782384273,T004,3,106.19,89.55,-13.95,-1.75,gauche,,,1,333,315,0,0.57,matched,1
326,10.867,1782384273,T005,7,146.07,79.44,0.0,0.0,gauche,,,1,333,325,0,0.77,matched,1
326,10.867,1782384273,T006,5,37.92,457.4,-0.17,-0.45,droite,,,1,331,322,0,0.767,matched,1
326,10.867,1782384273,T007,1,247.97,610.46,0.04,0.09,droite,,,1,331,285,0,0.769,matched,1
327,10.900,1782384273,T002,9,148.44,182.3,-0.07,0.65,gauche,,,1,334,327,0,0.765,matched,1
327,10.900,1782384273,T003,18,84.57,172.81,-0.39,0.52,gauche,,,1,334,305,0,0.765,matched,1
327,10.900,1782384273,T004,3,104.46,89.31,-10.98,-1.4,gauche,,,1,334,316,0,0.743,matched,1
327,10.900,1782384273,T005,7,146.07,79.44,0.0,0.0,gauche,,,1,334,326,0,0.77,matched,1
327,10.900,1782384273,T006,5,37.92,457.4,-0.2,-0.35,droite,,,1,332,323,0,0.769,matched,1
327,10.900,1782384273,T007,1,248.61,610.12,0.18,0.07,droite,,,1,332,286,0,0.768,matched,1
328,10.933,1782384273,T002,9,148.32,183.3,-0.03,0.79,gauche,,,1,335,328,0,0.767,matched,1
328,10.933,1782384273,T003,18,84.1,173.77,-0.6,0.14,gauche,,,1,335,306,0,0.764,matched,1
328,10.933,1782384273,T004,3,102.6,88.91,-7.26,-1.11,gauche,,,1,335,317,0,0.732,matched,1
328,10.933,1782384273,T005,7,146.07,79.44,0.0,0.0,gauche,,,1,335,327,0,0.77,matched,1
328,10.933,1782384273,T006,5,37.55,456.78,-0.33,-0.23,droite,,,1,333,324,0,0.767,matched,1
328,10.933,1782384273,T007,1,248.61,610.12,0.19,-0.13,droite,,,1,333,287,0,0.767,matched,1
329,10.967,1782384273,T002,9,148.37,184.36,0.16,0.84,gauche,,,1,336,329,0,0.767,matched,1
329,10.967,1782384273,T003,18,83.45,174.53,-0.71,0.14,gauche,,,1,336,307,0,0.768,matched,1
329,10.967,1782384273,T004,3,101.48,88.55,-3.86,-0.73,gauche,,,1,336,318,0,0.733,matched,1
329,10.967,1782384273,T005,7,146.07,79.44,0.0,0.0,gauche,,,1,336,328,0,0.77,matched,1
329,10.967,1782384273,T006,5,37.55,456.78,-0.48,-0.13,droite,,,1,334,325,0,0.767,matched,1
329,10.967,1782384273,T007,1,249.2,609.51,0.15,-0.35,droite,,,1,334,288,0,0.767,matched,1
330,11.000,1782384274,T002,9,148.49,185.56,0.19,1.01,gauche,,,1,337,330,0,0.766,matched,1
330,11.000,1782384274,T003,18,82.7,175.55,-0.76,0.62,gauche,,,1,337,308,0,0.763,matched,1
330,11.000,1782384274,T004,3,101.48,88.55,-1.5,-0.42,gauche,,,1,337,319,0,0.742,matched,1
330,11.000,1782384274,T005,7,146.07,79.44,0.0,0.0,gauche,,,1,337,329,0,0.77,matched,1
330,11.000,1782384274,T006,5,36.8,456.32,-0.6,-0.06,droite,,,1,335,326,0,0.767,matched,1
330,11.000,1782384274,T007,1,249.65,608.52,0.1,-0.86,droite,,,1,335,289,0,0.762,matched,1
331,11.033,1782384274,T002,9,148.62,186.66,0.16,0.84,gauche,,,1,338,331,0,0.769,matched,1
331,11.033,1782384274,T003,18,82.0,176.56,-0.61,0.67,gauche,,,1,338,309,0,0.768,matched,1
331,11.033,1782384274,T004,3,101.48,88.55,-0.29,-0.2,gauche,,,1,338,320,0,0.755,matched,1
331,11.033,1782384274,T005,7,146.07,79.44,0.0,0.0,gauche,,,1,338,330,0,0.77,matched,1
331,11.033,1782384274,T006,5,36.11,455.98,-0.51,-0.02,droite,,,1,336,327,0,0.769,matched,1
331,11.033,1782384274,T007,1,249.99,607.63,0.06,-0.69,droite,,,1,336,290,0,0.769,matched,1
332,11.067,1782384274,T002,9,148.59,187.57,-0.05,0.59,gauche,,,1,339,332,0,0.766,matched,1
332,11.067,1782384274,T003,18,81.44,178.39,-0.41,1.72,gauche,,,1,339,310,0,0.753,matched,1
332,11.067,1782384274,T004,3,101.48,88.55,0.23,-0.08,gauche,,,1,339,321,0,0.763,matched,1
332,11.067,1782384274,T005,7,146.07,79.44,0.0,0.0,gauche,,,1,339,331,0,0.77,matched,1
332,11.067,1782384274,T006,5,35.41,455.73,-0.53,-0.0,droite,,,1,337,328,0,0.769,matched,1
332,11.067,1782384274,T007,1,250.25,606.49,0.03,-0.98,droite,,,1,337,291,0,0.765,matched,1
333,11.100,1782384274,T002,9,148.5,188.39,-0.13,0.53,gauche,,,1,340,333,0,0.769,matched,1
333,11.100,1782384274,T003,18,81.15,181.85,-0.07,3.61,gauche,,,1,340,311,0,0.739,matched,1
333,11.100,1782384274,T004,3,102.36,88.38,0.54,-0.01,gauche,,,1,340,322,0,0.765,matched,1
333,11.100,1782384274,T005,7,146.07,79.44,-0.0,-0.0,gauche,,,1,340,332,0,0.77,matched,1
333,11.100,1782384274,T006,5,34.66,455.55,-0.58,0.01,droite,,,1,338,329,0,0.768,matched,1
333,11.100,1782384274,T007,1,250.44,605.27,0.01,-1.04,droite,,,1,338,292,0,0.768,matched,1
334,11.133,1782384274,T002,9,148.25,189.21,-0.3,0.55,gauche,,,1,341,334,0,0.767,matched,1
334,11.133,1782384274,T003,18,80.9,185.84,-0.09,3.85,gauche,,,1,341,312,0,0.761,matched,1
334,11.133,1782384274,T004,3,104.03,88.41,1.56,0.19,gauche,,,1,341,323,0,0.754,matched,1
334,11.133,1782384274,T005,7,146.07,79.44,-0.0,-0.0,gauche,,,1,341,333,0,0.77,matched,1
334,11.133,1782384274,T006,5,33.85,455.42,-0.64,0.01,droite,,,1,339,330,0,0.768,matched,1
334,11.133,1782384274,T007,1,250.72,604.04,0.17,-1.0,droite,,,1,339,293,0,0.767,matched,1
335,11.167,1782384274,T002,9,148.25,189.21,-0.46,0.27,gauche,,,1,342,335,0,0.766,matched,1
335,11.167,1782384274,T003,18,80.68,189.61,-0.08,3.24,gauche,,,1,342,313,0,0.767,matched,1
335,11.167,,T004,3,105.67,88.48,1.4,0.17,gauche,,,1,342,323,1,0.49,predicted,1
335,11.167,1782384274,T005,7,146.07,79.44,-0.0,-0.0,gauche,,,1,342,334,0,0.77,matched,1
335,11.167,1782384274,T006,5,32.86,455.18,-0.86,-0.16,droite,,,1,340,331,0,0.765,matched,1
335,11.167,1782384274,T007,1,251.0,602.98,0.19,-0.75,droite,,,1,340,294,0,0.768,matched,1
336,11.200,1782384274,T002,9,147.71,189.73,-0.42,0.1,gauche,,,1,343,336,0,0.768,matched,1
336,11.200,1782384274,T003,18,80.37,192.74,-0.23,2.27,gauche,,,1,343,314,0,0.76,matched,1
336,11.200,1782384274,T004,7,112.8,86.85,7.28,-1.72,gauche,,,1,343,324,0,0.687,matched,1
336,11.200,1782384274,T005,22,153.81,81.53,10.2,2.72,gauche,,,1,343,335,0,0.615,matched,1
336,11.200,1782384274,T006,5,31.78,454.79,-0.92,-0.36,droite,,,1,341,332,0,0.766,matched,1
336,11.200,1782384274,T007,1,251.11,602.15,-0.01,-0.49,droite,,,1,341,295,0,0.766,matched,1
337,11.233,1782384274,T002,9,147.71,189.73,-0.31,0.01,gauche,,,1,344,337,0,0.768,matched,1
337,11.233,1782384274,T003,18,80.06,195.12,-0.23,1.38,gauche,,,1,344,315,0,0.76,matched,1
337,11.233,1782384274,T004,7,120.17,85.05,6.77,-1.7,gauche,,,1,344,325,0,0.766,matched,1
337,11.233,1782384274,T005,22,164.26,84.34,11.82,3.15,gauche,,,1,344,336,0,0.73,matched,1
337,11.233,1782384274,T006,5,30.81,454.38,-0.73,-0.36,droite,,,1,342,333,0,0.769,matched,1
337,11.233,1782384274,T007,1,251.11,602.15,-0.09,-0.28,droite,,,1,342,296,0,0.767,matched,1
338,11.267,1782384274,T002,9,147.71,189.73,-0.37,-0.03,gauche,,,1,345,338,0,0.769,matched,1
338,11.267,1782384274,T003,18,79.65,196.85,-0.35,0.72,gauche,,,1,345,316,0,0.762,matched,1
338,11.267,1782384274,T004,7,126.52,83.6,5.05,-1.15,gauche,,,1,345,326,0,0.753,matched,1
338,11.267,1782384274,T005,22,174.19,87.04,9.58,2.6,gauche,,,1,345,337,0,0.754,matched,1
338,11.267,1782384274,T006,5,30.04,453.74,-0.49,-0.61,droite,,,1,343,334,0,0.765,matched,1
338,11.267,1782384274,T007,1,251.11,602.15,-0.1,-0.13,droite,,,1,343,297,0,0.768,matched,1
339,11.300,1782384274,T002,9,146.77,190.04,-0.65,-0.03,gauche,,,1,346,339,0,0.765,matched,1
339,11.300,1782384274,T003,18,79.25,198.33,-0.32,0.65,gauche,,,1,346,317,0,0.77,matched,1
339,11.300,1782384274,T004,7,131.51,82.52,3.24,-0.67,gauche,,,1,346,327,0,0.75,matched,1
339,11.300,1782384274,T005,22,182.36,89.28,6.55,1.8,gauche,,,1,346,338,0,0.738,matched,1
339,11.300,1782384274,T006,5,29.46,452.82,-0.29,-0.91,droite,,,1,344,335,0,0.764,matched,1
339,11.300,1782384274,T007,1,251.11,602.15,-0.08,-0.05,droite,,,1,344,298,0,0.769,matched,1
340,11.333,1782384274,T002,9,145.74,190.27,-0.78,-0.03,gauche,,,1,347,340,0,0.767,matched,1
340,11.333,1782384274,T003,18,78.92,200.2,-0.23,1.32,gauche,,,1,347,318,0,0.759,matched,1
340,11.333,1782384274,T004,7,135.18,81.75,1.8,-0.33,gauche,,,1,347,328,0,0.753,matched,1
340,11.333,,T005,22,190.14,91.41,5.89,1.62,gauche,,,1,347,338,1,0.49,predicted,1
340,11.333,1782384274,T006,5,29.17,451.63,0.02,-1.16,droite,,,1,345,336,0,0.763,matched,1
340,11.333,1782384274,T007,1,251.11,602.15,-0.05,-0.0,droite,,,1,345,299,0,0.769,matched,1
341,11.367,1782384274,T002,9,144.68,190.44,-0.82,-0.02,gauche,,,1,348,341,0,0.768,matched,1
341,11.367,1782384274,T003,18,78.52,203.25,-0.32,2.81,gauche,,,1,348,319,0,0.746,matched,1
341,11.367,1782384274,T004,7,137.77,81.09,0.83,-0.3,gauche,,,1,348,329,0,0.759,matched,1
341,11.367,,T005,22,197.47,93.42,5.3,1.46,gauche,,,1,348,338,2,0.41,predicted,1
341,11.367,1782384274,T006,5,29.06,450.35,0.14,-1.16,droite,,,1,346,337,0,0.768,matched,1
341,11.367,1782384274,T007,1,251.11,602.15,-0.03,0.02,droite,,,1,346,300,0,0.77,matched,1
342,11.400,1782384274,T002,9,143.74,190.98,-0.65,0.5,gauche,,,1,349,342,0,0.762,matched,1
342,11.400,1782384274,T003,18,78.29,207.79,-0.11,4.45,gauche,,,1,349,320,0,0.742,matched,1
342,11.400,1782384274,T004,7,139.55,80.56,0.27,-0.22,gauche,,,1,349,330,0,0.763,matched,1
342,11.400,,T005,22,204.31,95.3,4.77,1.31,gauche,,,1,349,338,3,0.33,predicted,1
342,11.400,1782384274,T006,5,29.03,449.08,0.15,-1.07,droite,,,1,347,338,0,0.769,matched,1
342,11.400,1782384274,T007,1,251.11,602.15,-0.19,-0.15,droite,,,1,347,301,0,0.767,matched,1
343,11.433,1782384274,T002,9,143.13,191.62,-0.27,0.58,gauche,,,1,350,343,0,0.765,matched,1
343,11.433,1782384274,T003,18,78.16,212.36,-0.0,4.07,gauche,,,1,350,321,0,0.768,matched,1
343,11.433,1782384274,T004,7,140.77,80.15,-0.0,-0.14,gauche,,,1,350,331,0,0.766,matched,1
343,11.433,,T005,22,210.66,97.04,4.29,1.18,gauche,,,1,350,338,4,0.32,predicted,1
343,11.433,1782384274,T006,5,29.03,448.0,0.12,-0.79,droite,,,1,348,339,0,0.767,matched,1
343,11.433,1782384274,T007,1,250.87,601.42,-0.2,-0.18,droite,,,1,348,302,0,0.769,matched,1
344,11.467,1782384274,T002,9,142.61,192.77,-0.23,1.16,gauche,,,1,351,344,0,0.761,matched,1
344,11.467,1782384274,T003,18,77.69,216.28,-0.47,3.0,gauche,,,1,351,322,0,0.758,matched,1
344,11.467,1782384274,T004,7,141.61,79.84,-0.11,-0.07,gauche,,,1,351,332,0,0.768,matched,1
344,11.467,,T005,22,216.51,98.64,3.86,1.06,gauche,,,1,351,338,5,0.32,predicted,1
344,11.467,1782384274,T006,5,29.04,447.15,0.08,-0.5,droite,,,1,349,340,0,0.767,matched,1
344,11.467,1782384274,T007,1,250.51,600.7,-0.33,-0.32,droite,,,1,349,303,0,0.767,matched,1
345,11.500,1782384274,T002,9,142.2,194.53,-0.16,1.8,gauche,,,1,352,345,0,0.759,matched,1
345,11.500,1782384274,T003,18,76.98,219.6,-0.71,2.24,gauche,,,1,352,323,0,0.762,matched,1
345,11.500,1782384274,T004,7,141.61,79.84,-0.13,-0.03,gauche,,,1,352,333,0,0.769,matched,1
345,11.500,1782384274,T005,22,213.51,97.44,-1.88,-0.76,gauche,,,1,352,339,0,0.673,matched,1
345,11.500,1782384274,T006,5,29.05,446.39,0.05,-0.45,droite,,,1,350,341,0,0.77,matched,1
345,11.500,1782384274,T007,1,250.29,599.78,-0.14,-0.64,droite,,,1,350,304,0,0.764,matched,1
346,11.533,1782384274,T002,9,141.88,196.58,-0.1,1.98,gauche,,,1,353,346,0,0.765,matched,1
346,11.533,1782384274,T003,18,76.13,222.21,-0.82,1.44,gauche,,,1,353,324,0,0.761,matched,1
346,11.533,1782384274,T004,7,141.61,79.84,-0.1,-0.01,gauche,,,1,353,334,0,0.77,matched,1
346,11.533,,T005,22,210.78,96.35,-1.69,-0.68,gauche,,,1,353,339,1,0.49,predicted,1
346,11.533,1782384274,T006,5,29.05,446.39,0.03,-0.33,droite,,,1,351,342,0,0.769,matched,1
346,11.533,1782384274,T007,1,250.03,598.63,-0.2,-0.96,droite,,,1,351,305,0,0.764,matched,1
347,11.567,1782384274,T002,9,141.65,198.61,-0.05,1.77,gauche,,,1,354,347,0,0.769,matched,1
347,11.567,1782384274,T003,18,75.06,224.27,-1.01,0.98,gauche,,,1,354,325,0,0.764,matched,1
347,11.567,1782384274,T004,7,141.61,79.84,-0.07,0.17,gauche,,,1,354,335,0,0.767,matched,1
347,11.567,1782384274,T005,22,201.9,107.6,-7.81,11.4,gauche,,,1,354,340,0,0.579,matched,1
347,11.567,1782384274,T006,5,29.05,446.39,0.01,-0.2,droite,,,1,352,343,0,0.769,matched,1
347,11.567,1782384274,T007,1,249.78,597.38,-0.18,-1.03,droite,,,1,352,306,0,0.767,matched,1
348,11.600,1782384274,T002,9,141.07,200.33,-0.53,1.29,gauche,,,1,355,348,0,0.762,matched,1
348,11.600,1782384274,T003,18,74.06,226.38,-0.86,1.26,gauche,,,1,355,326,0,0.764,matched,1
348,11.600,1782384274,T004,7,141.61,79.84,-0.04,0.2,gauche,,,1,355,336,0,0.769,matched,1
348,11.600,1782384274,T005,22,193.28,119.82,-7.02,11.34,gauche,,,1,355,341,0,0.754,matched,1
348,11.600,1782384274,T006,5,29.05,446.39,-0.17,-0.11,droite,,,1,353,344,0,0.767,matched,1
348,11.600,1782384274,T007,1,249.57,595.99,-0.13,-1.17,droite,,,1,353,307,0,0.766,matched,1
349,11.633,1782384274,T002,9,140.4,201.66,-0.6,0.81,gauche,,,1,356,349,0,0.765,matched,1
349,11.633,1782384274,T003,18,73.22,228.24,-0.6,1.08,gauche,,,1,356,327,0,0.767,matched,1
349,11.633,1782384274,T004,7,141.61,79.84,-0.02,0.17,gauche,,,1,356,337,0,0.77,matched,1
349,11.633,1782384274,T005,22,186.03,130.59,-5.08,8.66,gauche,,,1,356,342,0,0.742,matched,1
349,11.633,1782384274,T006,5,29.05,446.39,-0.2,-0.05,droite,,,1,354,345,0,0.769,matched,1
349,11.633,1782384274,T007,1,249.41,594.73,-0.08,-0.95,droite,,,1,354,308,0,0.768,matched,1
350,11.667,1782384274,T002,9,139.66,202.64,-0.66,0.44,gauche,,,1,357,350,0,0.765,matched,1
350,11.667,1782384274,T003,18,72.31,230.84,-0.71,2.12,gauche,,,1,357,328,0,0.753,matched,1
350,11.667,1782384274,T004,7,141.61,79.84,-0.01,0.12,gauche,,,1,357,338,0,0.769,matched,1
350,11.667,1782384274,T005,22,180.41,139.28,-3.16,5.79,gauche,,,1,357,343,0,0.735,matched,1
350,11.667,1782384274,T006,5,29.05,446.39,-0.34,-0.01,droite,,,1,355,346,0,0.768,matched,1
350,11.667,1782384274,T007,1,249.3,593.72,-0.04,-0.66,droite,,,1,355,309,0,0.767,matched,1
351,11.700,1782384274,T002,9,138.71,204.83,-0.87,2.07,gauche,,,1,358,351,0,0.745,matched,1
351,11.700,1782384274,T003,18,71.48,234.95,-0.59,3.92,gauche,,,1,358,329,0,0.741,matched,1
351,11.700,1782384274,T004,7,141.61,79.84,-0.0,0.07,gauche,,,1,358,339,0,0.769,matched,1
351,11.700,1782384274,T005,22,176.43,145.8,-1.53,3.37,gauche,,,1,358,344,0,0.738,matched,1
351,11.700,1782384274,T006,5,28.56,445.81,-0.31,0.0,droite,,,1,356,347,0,0.77,matched,1
351,11.700,1782384274,T007,1,249.21,592.94,-0.02,-0.39,droite,,,1,356,310,0,0.767,matched,1
352,11.733,1782384274,T002,9,137.53,207.29,-1.09,2.23,gauche,,,1,359,352,0,0.763,matched,1
352,11.733,1782384274,T003,18,70.68,239.99,-0.58,4.74,gauche,,,1,359,330,0,0.752,matched,1
352,11.733,1782384274,T004,7,141.61,79.84,0.0,0.04,gauche,,,1,359,340,0,0.77,matched,1
352,11.733,1782384274,T005,22,173.82,150.63,-0.39,1.85,gauche,,,1,359,345,0,0.748,matched,1
352,11.733,1782384274,T006,5,28.02,445.23,-0.4,-0.16,droite,,,1,357,348,0,0.767,matched,1
352,11.733,1782384274,T007,1,249.21,592.94,-0.01,-0.2,droite,,,1,357,311,0,0.768,matched,1
353,11.767,1782384274,T002,9,136.27,210.07,-1.1,2.46,gauche,,,1,360,353,0,0.763,matched,1
353,11.767,1782384274,T003,18,69.85,245.0,-0.61,4.32,gauche,,,1,360,331,0,0.768,matched,1
353,11.767,1782384274,T004,7,141.61,79.84,0.0,0.02,gauche,,,1,360,341,0,0.77,matched,1
353,11.767,1782384274,T005,22,172.41,155.46,0.47,2.56,gauche,,,1,360,346,0,0.752,matched,1
353,11.767,1782384274,T006,5,27.39,444.72,-0.52,-0.19,droite,,,1,358,349,0,0.768,matched,1
353,11.767,1782384274,T007,1,249.21,592.94,0.0,-0.08,droite,,,1,358,312,0,0.769,matched,1
354,11.800,1782384274,T002,9,134.89,213.13,-1.2,2.67,gauche,,,1,361,354,0,0.763,matched,1
354,11.800,1782384274,T003,18,68.99,249.13,-0.66,3.0,gauche,,,1,361,332,0,0.757,matched,1
354,11.800,1782384274,T004,7,141.61,79.84,0.0,0.0,gauche,,,1,361,342,0,0.77,matched,1
354,11.800,1782384274,T005,22,171.81,160.39,0.86,3.1,gauche,,,1,361,347,0,0.757,matched,1
354,11.800,1782384274,T006,5,26.8,444.3,-0.44,-0.16,droite,,,1,359,350,0,0.77,matched,1
354,11.800,1782384274,T007,1,249.21,592.94,0.0,-0.02,droite,,,1,359,313,0,0.769,matched,1
355,11.833,1782384274,T002,9,133.65,215.9,-0.96,2.15,gauche,,,1,362,355,0,0.766,matched,1
355,11.833,1782384274,T003,18,68.23,252.28,-0.52,1.82,gauche,,,1,362,333,0,0.757,matched,1
355,11.833,1782384274,T004,7,141.61,79.84,0.0,-0.0,gauche,,,1,362,343,0,0.77,matched,1
355,11.833,1782384274,T005,22,171.59,164.73,0.82,2.61,gauche,,,1,362,348,0,0.767,matched,1
355,11.833,1782384274,T006,5,26.8,444.3,-0.31,-0.11,droite,,,1,360,351,0,0.769,matched,1
355,11.833,1782384274,T007,1,249.21,592.94,0.0,0.01,droite,,,1,360,314,0,0.77,matched,1
356,11.867,1782384274,T002,9,132.37,218.13,-0.99,1.46,gauche,,,1,363,356,0,0.763,matched,1
356,11.867,1782384274,T003,18,67.49,254.96,-0.52,1.46,gauche,,,1,363,334,0,0.767,matched,1
356,11.867,1782384274,T004,7,141.61,79.84,0.0,-0.0,gauche,,,1,363,344,0,0.77,matched,1
356,11.867,1782384274,T005,22,171.52,168.37,0.61,1.99,gauche,,,1,363,349,0,0.765,matched,1
356,11.867,1782384274,T006,5,26.8,444.3,-0.19,-0.06,droite,,,1,361,352,0,0.769,matched,1
356,11.867,1782384274,T007,1,249.21,592.94,0.0,0.02,droite,,,1,361,315,0,0.77,matched,1
357,11.900,1782384274,T002,9,131.11,219.81,-0.95,0.86,gauche,,,1,364,357,0,0.763,matched,1
357,11.900,1782384274,T003,18,66.71,257.36,-0.58,1.33,gauche,,,1,364,335,0,0.768,matched,1
357,11.900,1782384274,T004,7,141.61,79.84,0.0,-0.0,gauche,,,1,364,345,0,0.77,matched,1
357,11.900,1782384274,T005,22,171.9,171.35,0.91,1.47,gauche,,,1,364,350,0,0.763,matched,1
357,11.900,1782384274,T006,5,26.8,444.3,-0.1,-0.03,droite,,,1,362,353,0,0.769,matched,1
357,11.900,1782384274,T007,1,249.21,592.94,0.0,0.02,droite,,,1,362,316,0,0.77,matched,1
358,11.933,1782384274,T002,9,129.91,221.16,-0.89,0.6,gauche,,,1,365,358,0,0.767,matched,1
358,11.933,1782384274,T003,18,66.03,260.15,-0.46,1.99,gauche,,,1,365,336,0,0.758,matched,1
358,11.933,1782384274,T004,7,141.61,79.84,0.0,-0.0,gauche,,,1,365,346,0,0.77,matched,1
358,11.933,,T005,22,172.41,173.98,0.82,1.33,gauche,,,1,365,350,1,0.49,predicted,1
358,11.933,1782384274,T006,5,26.34,443.7,-0.04,-0.35,droite,,,1,363,354,0,0.765,matched,1
358,11.933,1782384274,T007,1,249.21,592.94,0.0,0.01,droite,,,1,363,317,0,0.77,matched,1
359,11.967,1782384274,T002,9,128.89,222.6,-0.66,0.88,gauche,,,1,366,359,0,0.765,matched,1
359,11.967,1782384274,T003,18,65.34,263.99,-0.49,3.33,gauche,,,1,366,337,0,0.747,matched,1
359,11.967,1782384274,T004,7,141.61,79.84,0.0,-0.0,gauche,,,1,366,347,0,0.77,matched,1
359,11.967,,T005,22,172.99,176.29,0.73,1.19,gauche,,,1,366,350,2,0.41,predicted,1
359,11.967,1782384274,T006,5,26.14,442.83,0.16,-0.74,droite,,,1,364,355,0,0.763,matched,1
359,11.967,1782384274,T007,1,249.21,592.94,0.0,0.01,droite,,,1,364,318,0,0.77,matched,1
360,12.000,1782384275,T002,9,128.23,224.86,-0.25,1.97,gauche,,,1,367,360,0,0.752,matched,1
360,12.000,1782384275,T003,18,64.61,268.73,-0.55,4.28,gauche,,,1,367,338,0,0.751,matched,1
360,12.000,1782384275,T004,7,141.61,79.84,0.0,-0.17,gauche,,,1,367,348,0,0.768,matched,1
360,12.000,1782384275,T005,22,173.89,178.37,0.93,1.11,gauche,,,1,367,351,0,0.766,matched,1
360,12.000,1782384275,T006,5,26.07,441.81,0.2,-0.89,droite,,,1,365,356,0,0.767,matched,1
360,12.000,1782384275,T007,1,249.21,592.94,-0.17,0.0,droite,,,1,365,319,0,0.767,matched,1
361,12.033,1782384275,T002,9,127.82,227.19,-0.04,1.95,gauche,,,1,368,361,0,0.766,matched,1
361,12.033,1782384275,T003,18,64.1,273.23,-0.28,3.67,gauche,,,1,368,339,0,0.766,matched,1
361,12.033,1782384275,T004,7,141.61,79.84,-0.0,-0.2,gauche,,,1,368,349,0,0.769,matched,1
361,12.033,1782384275,T005,22,174.7,180.06,0.73,0.83,gauche,,,1,368,352,0,0.767,matched,1
361,12.033,1782384275,T006,5,26.06,440.86,0.17,-0.74,droite,,,1,366,357,0,0.769,matched,1
361,12.033,1782384275,T007,1,249.21,592.94,-0.2,0.0,droite,,,1,366,320,0,0.769,matched,1
362,12.067,1782384275,T002,9,127.57,230.18,0.05,2.69,gauche,,,1,369,362,0,0.756,matched,1
362,12.067,1782384275,T003,18,63.61,278.19,-0.29,4.13,gauche,,,1,369,340,0,0.758,matched,1
362,12.067,1782384275,T004,7,141.61,79.84,-0.0,-0.16,gauche,,,1,369,350,0,0.77,matched,1
362,12.067,,T005,22,175.49,181.54,0.65,0.75,gauche,,,1,369,352,1,0.49,predicted,1
362,12.067,1782384275,T006,5,26.07,439.94,0.12,-0.69,droite,,,1,367,358,0,0.769,matched,1
362,12.067,1782384275,T007,1,249.21,592.94,-0.33,0.0,droite,,,1,367,321,0,0.768,matched,1
363,12.100,1782384275,T002,9,127.42,233.6,0.08,3.04,gauche,,,1,370,363,0,0.761,matched,1
363,12.100,1782384275,T003,18,62.79,282.81,-0.73,3.54,gauche,,,1,370,341,0,0.763,matched,1
363,12.100,1782384275,T004,7,141.61,79.84,-0.0,-0.11,gauche,,,1,370,351,0,0.769,matched,1
363,12.100,1782384275,T005,22,176.31,183.9,0.66,1.8,gauche,,,1,370,353,0,0.755,matched,1
363,12.100,1782384275,T006,5,25.93,439.17,-0.1,-0.51,droite,,,1,368,359,0,0.767,matched,1
363,12.100,1782384275,T007,1,249.21,592.94,-0.31,-0.0,droite,,,1,368,322,0,0.77,matched,1
364,12.133,1782384275,T002,9,127.32,237.14,0.07,3.0,gauche,,,1,371,364,0,0.766,matched,1
364,12.133,1782384275,T003,18,61.38,286.22,-1.42,2.0,gauche,,,1,371,342,0,0.749,matched,1
364,12.133,1782384275,T004,7,141.61,79.84,-0.0,-0.07,gauche,,,1,371,352,0,0.77,matched,1
364,12.133,1782384275,T005,22,177.3,186.98,0.83,2.59,gauche,,,1,371,354,0,0.755,matched,1
364,12.133,1782384275,T006,5,25.93,439.17,-0.16,-0.33,droite,,,1,369,360,0,0.768,matched,1
364,12.133,1782384275,T007,1,248.52,592.48,-0.4,-0.0,droite,,,1,369,323,0,0.768,matched,1
365,12.167,1782384275,T002,9,127.25,240.36,0.05,2.47,gauche,,,1,372,365,0,0.767,matched,1
365,12.167,1782384275,T003,18,59.76,289.01,-1.53,1.46,gauche,,,1,372,343,0,0.764,matched,1
365,12.167,1782384275,T004,7,141.61,79.84,-0.0,-0.03,gauche,,,1,372,353,0,0.77,matched,1
365,12.167,1782384275,T005,22,178.35,190.03,0.87,2.45,gauche,,,1,372,355,0,0.767,matched,1
365,12.167,1782384275,T006,5,25.93,439.17,-0.15,-0.18,droite,,,1,370,361,0,0.768,matched,1
365,12.167,1782384275,T007,1,248.52,592.48,-0.34,-0.0,droite,,,1,370,324,0,0.77,matched,1
366,12.200,1782384275,T002,9,127.06,242.99,-0.14,1.7,gauche,,,1,373,366,0,0.762,matched,1
366,12.200,1782384275,T003,18,58.15,291.99,-1.4,1.94,gauche,,,1,373,344,0,0.761,matched,1
366,12.200,1782384275,T004,7,141.61,79.84,-0.0,-0.01,gauche,,,1,373,354,0,0.77,matched,1
366,12.200,1782384275,T005,22,179.42,192.23,0.86,1.32,gauche,,,1,373,356,0,0.757,matched,1
366,12.200,1782384275,T006,5,25.93,439.17,-0.11,-0.08,droite,,,1,371,362,0,0.769,matched,1
366,12.200,1782384275,T007,1,247.87,592.12,-0.24,-0.0,droite,,,1,371,325,0,0.769,matched,1
367,12.233,1782384275,T002,9,126.84,244.98,-0.18,1.02,gauche,,,1,374,367,0,0.762,matched,1
367,12.233,1782384275,T003,18,56.78,294.67,-1.03,1.69,gauche,,,1,374,345,0,0.767,matched,1
367,12.233,1782384275,T004,7,141.61,79.84,-0.0,-0.0,gauche,,,1,374,355,0,0.77,matched,1
367,12.233,1782384275,T005,22,180.35,194.01,0.66,0.93,gauche,,,1,374,357,0,0.766,matched,1
367,12.233,1782384275,T006,5,25.93,439.17,-0.07,-0.03,droite,,,1,372,363,0,0.769,matched,1
367,12.233,1782384275,T007,1,247.87,592.12,-0.15,-0.0,droite,,,1,372,326,0,0.769,matched,1
368,12.267,1782384275,T002,9,126.36,246.42,-0.5,0.53,gauche,,,1,375,368,0,0.762,matched,1
368,12.267,1782384275,T003,18,55.57,297.68,-0.82,2.22,gauche,,,1,375,346,0,0.759,matched,1
368,12.267,1782384275,T004,7,141.61,79.84,-0.0,0.0,gauche,,,1,375,356,0,0.77,matched,1
368,12.267,1782384275,T005,22,181.22,195.65,0.6,0.91,gauche,,,1,375,358,0,0.769,matched,1
368,12.267,1782384275,T006,5,25.93,439.17,-0.21,0.0,droite,,,1,373,364,0,0.768,matched,1
368,12.267,1782384275,T007,1,247.87,592.12,-0.08,-0.0,droite,,,1,373,327,0,0.769,matched,1
369,12.300,1782384275,T002,9,125.55,247.99,-0.84,0.9,gauche,,,1,376,369,0,0.761,matched,1
369,12.300,1782384275,T003,18,54.87,302.23,-0.22,4.14,gauche,,,1,376,347,0,0.738,matched,1
369,12.300,1782384275,T004,7,141.61,79.84,0.0,0.0,gauche,,,1,376,357,0,0.77,matched,1
369,12.300,1782384275,T005,22,182.08,197.01,0.61,0.69,gauche,,,1,376,359,0,0.768,matched,1
369,12.300,1782384275,T006,5,25.93,439.17,-0.21,0.01,droite,,,1,374,365,0,0.77,matched,1
369,12.300,1782384275,T007,1,247.87,592.12,-0.03,-0.17,droite,,,1,374,328,0,0.767,matched,1
370,12.333,1782384275,T002,9,124.58,250.24,-0.96,1.86,gauche,,,1,377,370,0,0.754,matched,1
370,12.333,1782384275,T003,18,54.1,307.26,-0.44,4.44,gauche,,,1,377,348,0,0.759,matched,1
370,12.333,1782384275,T004,7,141.61,79.84,0.0,0.0,gauche,,,1,377,358,0,0.77,matched,1
370,12.333,1782384275,T005,22,182.97,198.75,0.65,1.3,gauche,,,1,377,360,0,0.76,matched,1
370,12.333,1782384275,T006,5,25.93,439.17,-0.17,0.01,droite,,,1,375,366,0,0.77,matched,1
370,12.333,1782384275,T007,1,247.41,591.5,-0.01,-0.37,droite,,,1,375,329,0,0.767,matched,1
371,12.367,1782384275,T002,9,123.54,253.73,-0.95,3.33,gauche,,,1,378,371,0,0.745,matched,1
371,12.367,1782384275,T003,18,53.37,312.47,-0.43,4.4,gauche,,,1,378,349,0,0.764,matched,1
371,12.367,1782384275,T004,7,141.61,79.84,0.0,0.0,gauche,,,1,378,359,0,0.77,matched,1
371,12.367,1782384275,T005,22,184.01,201.96,0.85,3.11,gauche,,,1,378,361,0,0.741,matched,1
371,12.367,1782384275,T006,5,25.31,438.65,-0.28,0.01,droite,,,1,376,367,0,0.768,matched,1
371,12.367,1782384275,T007,1,246.93,590.78,-0.17,-0.53,droite,,,1,376,330,0,0.766,matched,1
372,12.400,1782384275,T002,9,122.06,258.0,-1.41,4.0,gauche,,,1,379,372,0,0.753,matched,1
372,12.400,1782384275,T003,18,52.77,317.99,-0.33,4.58,gauche,,,1,379,350,0,0.761,matched,1
372,12.400,1782384275,T004,7,141.61,79.84,0.0,0.0,gauche,,,1,379,360,0,0.77,matched,1
372,12.400,1782384275,T005,22,185.12,205.94,0.91,3.78,gauche,,,1,379,362,0,0.755,matched,1
372,12.400,1782384275,T006,5,25.31,438.65,-0.26,0.01,droite,,,1,377,368,0,0.77,matched,1
372,12.400,1782384275,T007,1,246.49,589.97,-0.19,-0.64,droite,,,1,377,331,0,0.768,matched,1
373,12.433,1782384275,T002,9,120.61,261.99,-1.27,3.34,gauche,,,1,380,373,0,0.766,matched,1
373,12.433,1782384275,T003,18,52.29,322.86,-0.21,3.6,gauche,,,1,380,351,0,0.762,matched,1
373,12.433,1782384275,T004,7,141.61,79.84,0.0,0.0,gauche,,,1,380,361,0,0.77,matched,1
373,12.433,1782384275,T005,22,186.11,209.69,0.72,3.18,gauche,,,1,380,363,0,0.766,matched,1
373,12.433,1782384275,T006,5,25.31,438.65,-0.19,0.0,droite,,,1,378,369,0,0.769,matched,1
373,12.433,1782384275,T007,1,246.12,589.24,-0.16,-0.54,droite,,,1,378,332,0,0.769,matched,1
374,12.467,1782384275,T002,9,119.37,265.69,-0.93,2.84,gauche,,,1,381,374,0,0.766,matched,1
374,12.467,1782384275,T003,18,51.8,326.62,-0.29,2.24,gauche,,,1,381,352,0,0.755,matched,1
374,12.467,1782384275,T004,7,141.61,79.84,0.0,0.0,gauche,,,1,381,362,0,0.77,matched,1
374,12.467,1782384275,T005,22,187.18,213.2,0.83,2.74,gauche,,,1,381,364,0,0.767,matched,1
374,12.467,1782384275,T006,5,25.31,438.65,-0.12,0.0,droite,,,1,379,370,0,0.769,matched,1
374,12.467,1782384275,T007,1,246.12,589.24,-0.11,-0.21,droite,,,1,379,333,0,0.766,matched,1
375,12.500,1782384275,T002,9,118.14,268.88,-0.92,2.17,gauche,,,1,382,375,0,0.764,matched,1
375,12.500,1782384275,T003,18,51.23,329.5,-0.42,1.38,gauche,,,1,382,353,0,0.76,matched,1
375,12.500,1782384275,T004,7,141.61,79.84,0.0,0.0,gauche,,,1,382,363,0,0.77,matched,1
375,12.500,1782384275,T005,22,188.41,216.52,1.02,2.45,gauche,,,1,382,365,0,0.766,matched,1
375,12.500,1782384275,T006,5,25.31,438.65,-0.07,0.0,droite,,,1,380,371,0,0.769,matched,1
375,12.500,1782384275,T007,1,246.12,589.24,-0.06,-0.2,droite,,,1,380,334,0,0.769,matched,1
376,12.533,1782384275,T002,9,116.93,271.39,-0.88,1.42,gauche,,,1,383,376,0,0.762,matched,1
376,12.533,1782384275,T003,18,50.83,332.29,-0.21,1.58,gauche,,,1,383,354,0,0.764,matched,1
376,12.533,1782384275,T004,7,141.61,79.84,0.0,0.17,gauche,,,1,383,364,0,0.768,matched,1
376,12.533,1782384275,T005,22,189.68,219.29,1.03,1.79,gauche,,,1,383,366,0,0.764,matched,1
376,12.533,1782384275,T006,5,25.31,438.65,-0.03,0.0,droite,,,1,381,372,0,0.77,matched,1
376,12.533,1782384275,T007,1,246.12,589.24,-0.03,-0.15,droite,,,1,381,335,0,0.769,matched,1
377,12.567,1782384275,T002,9,116.05,273.81,-0.5,1.49,gauche,,,1,384,377,0,0.765,matched,1
377,12.567,1782384275,T003,18,50.7,335.25,0.09,1.98,gauche,,,1,384,355,0,0.761,matched,1
377,12.567,1782384275,T004,7,141.61,79.84,0.0,0.2,gauche,,,1,384,365,0,0.769,matched,1
377,12.567,1782384275,T005,22,190.93,221.43,0.97,1.12,gauche,,,1,384,367,0,0.763,matched,1
377,12.567,1782384275,T006,5,25.31,438.65,-0.01,-0.0,droite,,,1,382,373,0,0.77,matched,1
377,12.567,1782384275,T007,1,246.12,589.24,-0.01,-0.1,droite,,,1,382,336,0,0.769,matched,1
378,12.600,1782384275,T002,9,115.43,276.97,-0.23,2.54,gauche,,,1,385,378,0,0.752,matched,1
378,12.600,1782384275,T003,18,50.16,340.9,-0.49,5.42,droite+gauche,,,2,385,356,0,0.716,merged,1
378,12.600,1782384275,T004,7,141.61,79.84,-0.0,0.16,gauche,,,1,385,366,0,0.77,matched,1
378,12.600,1782384275,T005,22,192.13,223.15,0.9,0.78,gauche,,,1,385,368,0,0.767,matched,1
378,12.600,1782384275,T006,5,25.31,438.65,0.0,-0.0,droite,,,1,383,374,0,0.77,matched,1
378,12.600,1782384275,T007,1,246.12,589.24,-0.17,-0.06,droite,,,1,383,337,0,0.768,matched,1
379,12.633,1782384275,T002,9,115.01,280.05,-0.08,2.36,gauche,,,1,386,379,0,0.768,matched,1
379,12.633,1782384275,T003,18,49.5,347.02,-0.61,5.52,droite+gauche,,,2,386,357,0,0.76,merged,1
379,12.633,1782384275,T004,7,141.61,79.84,-0.0,0.11,gauche,,,1,386,367,0,0.77,matched,1
379,12.633,1782384275,T005,22,193.15,224.45,0.67,0.47,gauche,,,1,386,369,0,0.766,matched,1
379,12.633,1782384275,T006,5,25.31,438.65,0.0,-0.0,droite,,,1,384,375,0,0.77,matched,1
379,12.633,1782384275,T007,1,245.64,588.69,-0.2,-0.03,droite,,,1,384,338,0,0.769,matched,1
380,12.667,1782384275,T002,9,115.0,283.9,0.34,3.29,gauche,,,1,387,380,0,0.752,matched,1
380,12.667,1782384275,T003,18,49.15,350.13,-0.17,1.41,gauche,,,1,387,358,0,0.717,matched,1
380,12.667,1782384275,T004,7,141.61,79.84,-0.0,0.07,gauche,,,1,387,368,0,0.77,matched,1
380,12.667,1782384275,T005,22,194.08,226.1,0.59,1.1,gauche,,,1,387,370,0,0.76,matched,1
380,12.667,1782384275,T006,5,25.31,438.65,0.0,-0.0,droite,,,1,385,376,0,0.77,matched,1
380,12.667,1782384275,T007,1,245.64,588.69,-0.16,-0.01,droite,,,1,385,339,0,0.77,matched,1
381,12.700,1782384275,T002,9,115.17,288.52,0.42,4.09,gauche,,,1,388,381,0,0.753,matched,1
381,12.700,1782384275,T003,18,48.59,351.54,-0.48,-0.32,gauche,,,1,388,359,0,0.746,matched,1
381,12.700,1782384275,T004,7,141.61,79.84,-0.0,0.03,gauche,,,1,388,369,0,0.77,matched,1
381,12.700,1782384275,T005,22,194.98,228.38,0.6,1.94,gauche,,,1,388,371,0,0.756,matched,1
381,12.700,1782384275,T006,5,25.31,438.65,0.0,-0.0,droite,,,1,386,377,0,0.77,matched,1
381,12.700,1782384275,T007,1,245.64,588.69,-0.11,-0.0,droite,,,1,386,340,0,0.769,matched,1
382,12.733,1782384275,T002,9,115.38,293.25,0.36,3.98,gauche,,,1,389,382,0,0.766,matched,1
382,12.733,1782384275,T003,14,47.73,357.52,-0.82,5.88,droite,,,1,389,360,0,0.679,matched,1
382,12.733,1782384275,T004,7,141.61,79.84,-0.0,-0.16,gauche,,,1,389,370,0,0.767,matched,1
382,12.733,1782384275,T005,22,195.88,231.19,0.64,2.5,gauche,,,1,389,372,0,0.759,matched,1
382,12.733,1782384275,T006,5,25.31,438.65,0.0,-0.0,droite,,,1,387,378,0,0.77,matched,1
382,12.733,1782384275,T007,1,245.64,588.69,-0.07,0.0,droite,,,1,387,341,0,0.77,matched,1
383,12.767,1782384275,T002,9,115.57,297.36,0.25,3.03,gauche,,,1,390,383,0,0.762,matched,1
383,12.767,1782384275,T003,14,47.26,364.94,-0.26,7.11,droite,,,1,390,361,0,0.742,matched,1
383,12.767,1782384275,T004,7,141.61,79.84,-0.0,-0.19,gauche,,,1,390,371,0,0.769,matched,1
383,12.767,1782384275,T005,22,196.95,234.67,0.85,3.17,gauche,,,1,390,373,0,0.756,matched,1
383,12.767,1782384275,T006,5,24.75,438.12,0.0,-0.17,droite,,,1,388,379,0,0.768,matched,1
383,12.767,1782384275,T007,1,245.64,588.69,-0.03,0.0,droite,,,1,388,342,0,0.77,matched,1
384,12.800,1782384275,T002,9,115.72,300.89,0.15,2.32,gauche,,,1,391,384,0,0.764,matched,1
384,12.800,1782384275,T003,14,47.19,372.07,0.18,6.14,droite,,,1,391,362,0,0.763,matched,1
384,12.800,1782384275,T004,7,141.61,79.84,-0.0,0.01,gauche,,,1,391,372,0,0.767,matched,1
384,12.800,1782384275,T005,22,198.07,238.64,0.91,3.56,gauche,,,1,391,374,0,0.759,matched,1
384,12.800,1782384275,T006,5,24.75,438.12,0.0,-0.2,droite,,,1,389,380,0,0.769,matched,1
384,12.800,1782384275,T007,1,245.64,588.69,-0.01,0.0,droite,,,1,389,343,0,0.77,matched,1
385,12.833,1782384275,T002,9,115.82,303.66,0.08,1.52,gauche,,,1,392,385,0,0.762,matched,1
385,12.833,1782384275,T003,14,47.29,378.03,0.31,4.37,droite,,,1,392,363,0,0.753,matched,1
385,12.833,1782384275,T004,7,141.61,79.84,-0.0,0.08,gauche,,,1,392,373,0,0.769,matched,1
385,12.833,1782384275,T005,22,199.07,242.27,0.72,2.9,gauche,,,1,392,375,0,0.765,matched,1
385,12.833,1782384275,T006,5,24.75,438.12,0.0,-0.16,droite,,,1,390,381,0,0.77,matched,1
385,12.833,1782384275,T007,1,245.64,588.69,-0.0,0.0,droite,,,1,390,344,0,0.77,matched,1
386,12.867,1782384275,T002,9,115.75,306.68,-0.14,2.05,gauche,,,1,393,386,0,0.759,matched,1
386,12.867,1782384275,T003,14,47.59,382.89,0.46,3.03,droite,,,1,393,364,0,0.757,matched,1
386,12.867,1782384275,T004,7,141.61,79.84,0.0,0.09,gauche,,,1,393,374,0,0.77,matched,1
386,12.867,1782384275,T005,22,200.01,245.22,0.66,1.99,gauche,,,1,393,376,0,0.761,matched,1
386,12.867,1782384275,T006,5,24.75,438.12,0.0,0.06,droite,,,1,391,382,0,0.767,matched,1
386,12.867,1782384275,T007,1,245.64,588.69,0.0,0.0,droite,,,1,391,345,0,0.77,matched,1
387,12.900,1782384275,T002,9,115.47,310.26,-0.36,2.81,gauche,,,1,394,387,0,0.755,matched,1
387,12.900,1782384275,T003,14,48.48,386.99,1.1,2.34,droite,,,1,394,365,0,0.758,matched,1
387,12.900,1782384275,T004,7,141.61,79.84,0.0,-0.09,gauche,,,1,394,375,0,0.767,matched,1
387,12.900,1782384275,T005,22,200.93,247.59,0.65,1.35,gauche,,,1,394,377,0,0.764,matched,1
387,12.900,1782384275,T006,5,24.75,438.12,-0.0,0.13,droite,,,1,392,383,0,0.769,matched,1
387,12.900,1782384275,T007,1,245.64,588.69,0.0,0.0,droite,,,1,392,346,0,0.77,matched,1
388,12.933,1782384275,T002,9,115.28,314.83,-0.19,4.0,gauche,,,1,395,388,0,0.748,matched,1
388,12.933,1782384275,T003,14,49.23,391.04,0.75,2.56,droite,,,1,395,366,0,0.762,matched,1
388,12.933,1782384275,T004,7,141.61,79.84,0.0,0.02,gauche,,,1,395,376,0,0.768,matched,1
388,12.933,1782384275,T005,22,201.86,249.93,0.67,1.48,gauche,,,1,395,378,0,0.766,matched,1
388,12.933,1782384275,T006,5,24.75,438.12,-0.0,-0.04,droite,,,1,393,384,0,0.768,matched,1
388,12.933,1782384275,T007,1,245.64,588.69,0.0,0.0,droite,,,1,393,347,0,0.77,matched,1
389,12.967,1782384275,T002,9,115.16,319.36,-0.08,3.72,gauche,,,1,396,389,0,0.768,matched,1
389,12.967,1782384275,T003,14,50.34,395.49,1.13,3.25,droite,,,1,396,367,0,0.755,matched,1
389,12.967,1782384275,T004,7,141.61,79.84,0.0,-0.1,gauche,,,1,396,377,0,0.768,matched,1
389,12.967,1782384275,T005,22,202.93,253.19,0.87,2.73,gauche,,,1,396,379,0,0.749,matched,1
389,12.967,1782384275,T006,5,24.75,438.12,-0.0,-0.1,droite,,,1,394,385,0,0.769,matched,1
389,12.967,1782384275,T007,1,245.64,588.69,0.0,0.0,droite,,,1,394,348,0,0.77,matched,1
390,13.000,1782384276,T002,9,114.95,323.36,-0.19,2.93,gauche,,,1,397,390,0,0.764,matched,1
390,13.000,1782384276,T003,16,51.05,401.74,0.51,5.5,droite,,,1,397,368,0,0.731,matched,1
390,13.000,1782384276,T004,7,141.61,79.84,0.0,-0.13,gauche,,,1,397,378,0,0.769,matched,1
390,13.000,1782384276,T005,22,204.07,257.38,0.92,3.78,gauche,,,1,397,380,0,0.75,matched,1
390,13.000,1782384276,T006,5,24.75,438.12,-0.0,-0.1,droite,,,1,395,386,0,0.77,matched,1
390,13.000,1782384276,T007,1,245.64,588.69,0.0,-0.0,droite,,,1,395,349,0,0.77,matched,1
391,13.033,1782384276,T002,9,114.73,326.56,-0.19,1.96,gauche,,,1,398,391,0,0.76,matched,1
391,13.033,1782384276,T003,16,51.32,408.08,-0.02,5.29,droite,,,1,398,369,0,0.761,matched,1
391,13.033,1782384276,T004,7,141.61,79.84,0.0,-0.11,gauche,,,1,398,379,0,0.77,matched,1
391,13.033,1782384276,T005,22,205.07,261.42,0.73,3.32,gauche,,,1,398,381,0,0.768,matched,1
391,13.033,1782384276,T006,5,24.75,438.12,-0.0,-0.08,droite,,,1,396,387,0,0.77,matched,1
391,13.033,1782384276,T007,1,245.64,588.69,0.0,-0.0,droite,,,1,396,350,0,0.77,matched,1
392,13.067,,T002,9,114.52,329.47,-0.17,1.77,gauche,,,1,399,391,1,0.49,predicted,1
392,13.067,1782384276,T003,16,51.91,413.56,0.46,4.01,droite,,,1,399,370,0,0.757,matched,1
392,13.067,1782384276,T004,7,141.61,79.84,0.0,-0.08,gauche,,,1,399,380,0,0.77,matched,1
392,13.067,1782384276,T005,22,206.15,265.48,0.83,3.24,gauche,,,1,399,382,0,0.765,matched,1
392,13.067,1782384276,T006,5,24.75,438.12,-0.0,-0.05,droite,,,1,397,388,0,0.77,matched,1
392,13.067,1782384276,T007,1,245.64,588.69,0.0,-0.0,droite,,,1,397,351,0,0.77,matched,1
393,13.100,,T002,9,114.32,332.1,-0.16,1.59,gauche,,,1,400,391,2,0.41,predicted,1
393,13.100,1782384276,T003,16,52.85,417.87,0.88,2.6,droite,,,1,400,371,0,0.754,matched,1
393,13.100,1782384276,T004,7,141.61,79.84,0.0,-0.05,gauche,,,1,400,381,0,0.77,matched,1
393,13.100,1782384276,T005,22,207.25,269.54,0.85,3.16,gauche,,,1,400,383,0,0.766,matched,1
393,13.100,1782384276,T006,5,24.75,438.12,-0.0,-0.03,droite,,,1,398,389,0,0.77,matched,1
393,13.100,1782384276,T007,1,245.64,588.69,0.0,-0.0,droite,,,1,398,352,0,0.77,matched,1
394,13.133,,T002,9,114.13,334.48,-0.14,1.43,gauche,,,1,401,391,3,0.33,predicted,1
394,13.133,1782384276,T003,16,53.95,421.34,1.02,1.81,droite,,,1,401,372,0,0.762,matched,1
394,13.133,1782384276,T004,7,141.61,79.84,0.0,-0.03,gauche,,,1,401,382,0,0.77,matched,1
394,13.133,1782384276,T005,22,208.62,273.04,1.17,2.41,gauche,,,1,401,384,0,0.761,matched,1
394,13.133,1782384276,T006,5,24.75,438.12,-0.0,-0.01,droite,,,1,399,390,0,0.77,matched,1
394,13.133,1782384276,T007,1,245.64,588.69,-0.0,-0.0,droite,,,1,399,353,0,0.77,matched,1
395,13.167,1782384276,T002,14,112.8,349.73,-1.06,11.95,droite,,,1,402,392,0,0.616,matched,1
395,13.167,1782384276,T003,16,55.52,424.4,1.52,1.6,droite,,,1,402,373,0,0.761,matched,1
395,13.167,1782384276,T004,7,141.61,79.84,-0.0,-0.01,gauche,,,1,402,383,0,0.77,matched,1
395,13.167,1782384276,T005,22,210.06,275.92,1.2,1.74,gauche,,,1,402,385,0,0.763,matched,1
395,13.167,1782384276,T006,5,24.75,438.12,0.17,-0.01,droite,,,1,400,391,0,0.767,matched,1
395,13.167,1782384276,T007,1,245.64,588.69,-0.0,-0.0,droite,,,1,400,354,0,0.77,matched,1
396,13.200,1782384276,T002,14,112.21,363.59,-0.27,10.15,droite,,,1,403,393,0,0.755,matched,1
396,13.200,1782384276,T003,16,57.49,427.42,1.87,1.84,droite,,,1,403,374,0,0.76,matched,1
396,13.200,1782384276,T004,7,141.61,79.84,-0.0,0.17,gauche,,,1,403,384,0,0.767,matched,1
396,13.200,1782384276,T005,22,211.47,278.29,1.11,1.26,gauche,,,1,403,386,0,0.765,matched,1
396,13.200,1782384276,T006,5,24.75,438.12,0.2,0.17,droite,,,1,401,392,0,0.767,matched,1
396,13.200,1782384276,T007,1,245.64,588.69,-0.0,-0.0,droite,,,1,401,355,0,0.77,matched,1
397,13.233,1782384276,T002,14,111.96,374.95,0.08,7.21,droite,,,1,404,394,0,0.74,matched,1
397,13.233,1782384276,T003,16,59.35,430.05,1.59,1.51,droite,,,1,404,375,0,0.767,matched,1
397,13.233,1782384276,T004,7,141.61,79.84,-0.0,0.2,gauche,,,1,404,385,0,0.769,matched,1
397,13.233,1782384276,T005,22,212.67,280.11,0.82,0.79,gauche,,,1,404,387,0,0.764,matched,1
397,13.233,1782384276,T006,5,24.75,438.12,0.16,0.2,droite,,,1,402,393,0,0.769,matched,1
397,13.233,1782384276,T007,1,245.64,588.69,-0.0,-0.0,droite,,,1,402,356,0,0.77,matched,1
398,13.267,1782384276,T002,14,112.17,383.65,0.54,4.38,droite,,,1,405,395,0,0.739,matched,1
398,13.267,1782384276,T003,16,61.03,432.83,1.29,1.89,droite,,,1,405,376,0,0.762,matched,1
398,13.267,1782384276,T004,7,141.61,79.84,-0.0,-0.01,gauche,,,1,405,386,0,0.767,matched,1
398,13.267,1782384276,T005,22,213.73,282.14,0.69,1.28,gauche,,,1,405,388,0,0.762,matched,1
398,13.267,1782384276,T006,5,24.75,438.12,0.11,0.16,droite,,,1,403,394,0,0.769,matched,1
398,13.267,1782384276,T007,1,245.64,588.69,-0.0,-0.0,droite,,,1,403,357,0,0.77,matched,1
399,13.300,1782384276,T002,17,112.55,391.09,0.6,3.67,droite,,,1,406,396,0,0.766,matched,1
399,13.300,1782384276,T003,16,62.53,436.29,1.05,2.8,droite,,,1,406,377,0,0.754,matched,1
399,13.300,1782384276,T004,7,141.61,79.84,-0.0,0.09,gauche,,,1,406,387,0,0.769,matched,1
399,13.300,1782384276,T005,22,214.74,284.97,0.66,2.37,gauche,,,1,406,389,0,0.752,matched,1
399,13.300,1782384276,T006,5,24.75,438.12,0.07,0.11,droite,,,1,404,395,0,0.769,matched,1
399,13.300,1782384276,T007,1,245.64,588.69,-0.0,0.0,droite,,,1,404,358,0,0.77,matched,1
400,13.333,1782384276,T002,17,113.21,396.48,0.83,1.86,droite,,,1,407,397,0,0.749,matched,1
400,13.333,1782384276,T003,16,63.6,440.55,0.55,3.7,droite,,,1,407,378,0,0.752,matched,1
400,13.333,1782384276,T004,7,141.61,79.84,-0.0,0.1,gauche,,,1,407,388,0,0.77,matched,1
400,13.333,1782384276,T005,22,215.72,288.75,0.66,3.44,gauche,,,1,407,390,0,0.751,matched,1
400,13.333,1782384276,T006,5,24.75,438.12,0.2,0.07,droite,,,1,405,396,0,0.768,matched,1
400,13.333,1782384276,T007,1,245.64,588.69,-0.0,0.0,droite,,,1,405,359,0,0.77,matched,1
401,13.367,1782384276,T002,17,114.3,400.96,1.24,1.61,droite,,,1,408,398,0,0.763,matched,1
401,13.367,1782384276,T003,16,64.47,444.98,0.4,3.72,droite,,,1,408,379,0,0.764,matched,1
401,13.367,1782384276,T004,7,141.61,79.84,-0.0,0.09,gauche,,,1,408,389,0,0.77,matched,1
401,13.367,1782384276,T005,22,216.69,293.52,0.69,4.43,gauche,,,1,408,391,0,0.75,matched,1
401,13.367,1782384276,T006,5,24.75,438.12,0.21,0.04,droite,,,1,406,397,0,0.769,matched,1
401,13.367,1782384276,T007,1,245.64,588.69,-0.0,0.0,droite,,,1,406,360,0,0.77,matched,1
402,13.400,1782384276,T002,17,115.71,404.65,1.45,1.31,droite,,,1,409,399,0,0.765,matched,1
402,13.400,1782384276,T003,16,65.42,449.0,0.59,3.05,droite,,,1,409,380,0,0.764,matched,1
402,13.400,1782384276,T004,7,141.61,79.84,-0.0,0.06,gauche,,,1,409,390,0,0.77,matched,1
402,13.400,1782384276,T005,22,217.67,298.75,0.71,4.66,gauche,,,1,409,392,0,0.76,matched,1
402,13.400,1782384276,T006,5,24.75,438.12,0.17,0.01,droite,,,1,407,398,0,0.77,matched,1
402,13.400,1782384276,T007,1,245.64,588.69,-0.0,0.0,droite,,,1,407,361,0,0.77,matched,1
403,13.433,1782384276,T002,17,117.04,407.54,1.21,0.9,droite,,,1,410,400,0,0.766,matched,1
403,13.433,1782384276,T003,16,66.28,452.27,0.53,2.1,droite,,,1,410,381,0,0.761,matched,1
403,13.433,1782384276,T004,7,141.61,79.84,0.0,0.04,gauche,,,1,410,391,0,0.77,matched,1
403,13.433,1782384276,T005,22,218.52,303.44,0.56,3.69,gauche,,,1,410,393,0,0.762,matched,1
403,13.433,1782384276,T006,5,24.75,438.12,0.11,0.0,droite,,,1,408,399,0,0.769,matched,1
403,13.433,1782384276,T007,1,245.64,588.69,0.0,0.0,droite,,,1,408,362,0,0.77,matched,1
404,13.467,1782384276,T002,17,118.41,410.15,1.18,1.05,droite,,,1,411,401,0,0.766,matched,1
404,13.467,1782384276,T003,16,67.12,455.03,0.56,1.6,droite,,,1,411,382,0,0.766,matched,1
404,13.467,1782384276,T004,7,141.61,79.84,0.0,-0.15,gauche,,,1,411,392,0,0.767,matched,1
404,13.467,1782384276,T005,22,219.33,306.93,0.54,2.13,gauche,,,1,411,394,0,0.753,matched,1
404,13.467,1782384276,T006,5,24.75,438.12,0.06,-0.0,droite,,,1,409,400,0,0.769,matched,1
404,13.467,1782384276,T007,1,245.64,588.69,0.0,0.0,droite,,,1,409,363,0,0.77,matched,1
405,13.500,1782384276,T002,17,119.89,412.73,1.24,1.38,droite,,,1,412,402,0,0.763,matched,1
405,13.500,1782384276,T003,16,67.99,457.32,0.61,1.21,droite,,,1,412,383,0,0.766,matched,1
405,13.500,1782384276,T004,7,141.61,79.84,0.0,-0.19,gauche,,,1,412,393,0,0.769,matched,1
405,13.500,1782384276,T005,22,220.15,309.94,0.58,1.73,gauche,,,1,412,395,0,0.767,matched,1
405,13.500,1782384276,T006,5,24.75,438.12,0.03,-0.0,droite,,,1,410,401,0,0.77,matched,1
405,13.500,1782384276,T007,1,245.64,588.69,0.0,0.0,droite,,,1,410,364,0,0.77,matched,1
406,13.533,1782384276,T002,17,121.33,415.53,1.15,1.87,droite,,,1,413,403,0,0.761,matched,1
406,13.533,1782384276,T003,16,69.02,459.65,0.83,1.47,droite,,,1,413,384,0,0.763,matched,1
406,13.533,1782384276,T004,7,141.61,79.84,0.0,-0.16,gauche,,,1,413,394,0,0.77,matched,1
406,13.533,1782384276,T005,22,221.15,312.48,0.81,1.35,gauche,,,1,413,396,0,0.765,matched,1
406,13.533,1782384276,T006,5,24.75,438.12,0.01,-0.0,droite,,,1,411,402,0,0.77,matched,1
406,13.533,1782384276,T007,1,245.64,588.69,0.0,0.0,droite,,,1,411,365,0,0.77,matched,1
407,13.567,1782384276,T002,17,122.84,418.9,1.2,2.66,droite,,,1,414,404,0,0.756,matched,1
407,13.567,1782384276,T003,16,70.26,462.12,1.07,1.74,droite,,,1,414,385,0,0.762,matched,1
407,13.567,1782384276,T004,7,141.61,79.84,0.0,0.06,gauche,,,1,414,395,0,0.767,matched,1
407,13.567,1782384276,T005,22,222.36,314.61,1.05,1.07,gauche,,,1,414,397,0,0.765,matched,1
407,13.567,1782384276,T006,5,24.75,438.12,0.17,-0.0,droite,,,1,412,403,0,0.768,matched,1
407,13.567,1782384276,T007,1,245.64,588.69,0.17,-0.0,droite,,,1,412,366,0,0.768,matched,1
408,13.600,1782384276,T002,17,124.43,423.02,1.28,3.55,droite,,,1,415,405,0,0.753,matched,1
408,13.600,1782384276,T003,16,71.56,465.01,1.09,2.3,droite,,,1,415,386,0,0.759,matched,1
408,13.600,1782384276,T004,7,141.61,79.84,0.17,0.13,gauche,,,1,415,396,0,0.767,matched,1
408,13.600,,T005,22,223.53,316.49,0.94,0.96,gauche,,,1,415,397,1,0.49,predicted,1
408,13.600,1782384276,T006,5,24.75,438.12,0.02,0.17,droite,,,1,413,404,0,0.767,matched,1
408,13.600,1782384276,T007,1,245.64,588.69,0.2,-0.0,droite,,,1,413,367,0,0.769,matched,1
409,13.633,1782384276,T002,17,125.85,426.92,1.02,3.08,droite,,,1,416,406,0,0.768,matched,1
409,13.633,1782384276,T003,16,72.71,467.69,0.85,2.0,droite,,,1,416,387,0,0.768,matched,1
409,13.633,1782384276,T004,7,142.39,79.87,0.2,0.13,gauche,,,1,416,397,0,0.769,matched,1
409,13.633,,T005,22,224.64,318.15,0.85,0.87,gauche,,,1,416,397,2,0.41,predicted,1
409,13.633,1782384276,T006,5,24.75,438.12,-0.04,0.2,droite,,,1,414,405,0,0.769,matched,1
409,13.633,1782384276,T007,1,245.64,588.69,0.16,-0.0,droite,,,1,414,368,0,0.77,matched,1
410,13.667,1782384276,T002,17,127.12,431.13,0.86,3.39,droite,,,1,417,407,0,0.761,matched,1
410,13.667,1782384276,T003,16,73.62,470.73,0.56,2.44,droite,,,1,417,388,0,0.76,matched,1
410,13.667,1782384276,T004,7,142.39,79.87,0.16,0.1,gauche,,,1,417,398,0,0.77,matched,1
410,13.667,,T005,22,225.69,319.62,0.76,0.78,gauche,,,1,417,397,3,0.33,predicted,1
410,13.667,1782384276,T006,5,24.75,438.12,-0.05,0.33,droite,,,1,415,406,0,0.768,matched,1
410,13.667,1782384276,T007,1,245.64,588.69,0.11,-0.0,droite,,,1,415,369,0,0.77,matched,1
411,13.700,1782384276,T002,17,128.43,435.85,0.94,3.93,droite,,,1,418,408,0,0.757,matched,1
411,13.700,1782384276,T003,16,74.16,474.34,0.15,3.08,droite,,,1,418,389,0,0.756,matched,1
411,13.700,1782384276,T004,7,142.39,79.87,-0.06,0.06,gauche,,,1,418,399,0,0.767,matched,1
411,13.700,,T005,22,226.68,320.92,0.69,0.7,gauche,,,1,418,397,4,0.32,predicted,1
411,13.700,1782384276,T006,5,24.75,438.12,-0.05,0.65,droite,,,1,416,407,0,0.765,matched,1
411,13.700,1782384276,T007,1,245.64,588.69,0.07,0.17,droite,,,1,416,370,0,0.767,matched,1
412,13.733,1782384276,T002,17,129.99,440.55,1.27,3.76,droite,,,1,419,409,0,0.763,matched,1
412,13.733,1782384276,T003,16,74.75,477.71,0.3,2.63,droite,,,1,419,390,0,0.767,matched,1
412,13.733,1782384276,T004,7,142.39,79.87,-0.13,-0.13,gauche,,,1,419,400,0,0.767,matched,1
412,13.733,,T005,22,227.59,322.08,0.62,0.63,gauche,,,1,419,397,5,0.32,predicted,1
412,13.733,1782384276,T006,5,24.67,439.06,-0.2,0.96,droite,,,1,417,408,0,0.764,matched,1
412,13.733,1782384276,T007,1,245.64,588.69,0.03,0.03,droite,,,1,417,371,0,0.768,matched,1
413,13.767,1782384276,T002,17,131.45,445.14,1.11,3.52,droite,,,1,420,410,0,0.768,matched,1
413,13.767,1782384276,T003,16,75.41,480.76,0.46,2.2,droite,,,1,420,391,0,0.766,matched,1
413,13.767,1782384276,T004,7,142.39,79.87,0.04,-0.01,gauche,,,1,420,401,0,0.767,matched,1
413,13.767,,T005,22,228.43,323.11,0.56,0.57,gauche,,,1,420,397,6,0.32,predicted,1
413,13.767,1782384276,T006,5,24.53,440.14,-0.22,1.04,droite,,,1,418,409,0,0.767,matched,1
413,13.767,1782384276,T007,1,245.64,588.69,0.01,0.14,droite,,,1,418,372,0,0.768,matched,1
414,13.800,1782384276,T002,17,132.94,449.44,1.13,3.13,droite,,,1,421,411,0,0.768,matched,1
414,13.800,1782384276,T003,16,76.31,483.39,0.76,1.7,droite,,,1,421,392,0,0.764,matched,1
414,13.800,1782384276,T004,7,142.39,79.87,0.1,0.04,gauche,,,1,421,402,0,0.769,matched,1
414,13.800,,T005,22,229.21,324.04,0.5,0.51,gauche,,,1,421,397,7,0.32,predicted,1
414,13.800,1782384276,T006,5,24.53,441.41,-0.0,1.17,droite,,,1,419,410,0,0.766,matched,1
414,13.800,1782384276,T007,1,245.64,588.69,0.0,0.15,droite,,,1,419,373,0,0.77,matched,1
415,13.833,1782384276,T002,17,134.24,453.03,0.89,2.28,droite,,,1,422,412,0,0.762,matched,1
415,13.833,1782384276,T003,16,77.18,485.6,0.7,1.29,droite,,,1,422,393,0,0.767,matched,1
415,13.833,1782384276,T004,7,142.39,79.87,0.1,0.05,gauche,,,1,422,403,0,0.77,matched,1
415,13.833,,T005,22,229.92,324.86,0.45,0.46,gauche,,,1,422,397,8,0.32,predicted,1
415,13.833,1782384276,T006,5,24.59,442.57,0.08,0.95,droite,,,1,420,411,0,0.768,matched,1
415,13.833,1782384276,T007,1,245.64,588.69,-0.0,0.12,droite,,,1,420,374,0,0.77,matched,1
416,13.867,1782384276,T002,17,135.54,456.34,0.93,2.11,droite,,,1,423,413,0,0.768,matched,1
416,13.867,1782384276,T003,16,78.2,487.88,0.86,1.52,droite,,,1,423,394,0,0.764,matched,1
416,13.867,1782384276,T004,7,142.39,79.87,-0.09,-0.13,gauche,,,1,423,404,0,0.766,matched,1
416,13.867,,T005,22,230.56,325.59,0.41,0.41,gauche,,,1,423,397,9,0.32,predicted,1
416,13.867,1782384276,T006,5,24.81,443.65,0.26,0.82,droite,,,1,421,412,0,0.767,matched,1
416,13.867,1782384276,T007,1,245.64,588.69,-0.0,0.08,droite,,,1,421,375,0,0.77,matched,1
417,13.900,1782384276,T002,17,136.81,459.79,0.9,2.41,droite,,,1,424,414,0,0.762,matched,1
417,13.900,1782384276,T003,16,79.28,490.71,0.89,2.29,droite,,,1,424,395,0,0.756,matched,1
417,13.900,1782384276,T004,7,142.39,79.87,-0.15,-0.17,gauche,,,1,424,405,0,0.769,matched,1
417,13.900,,T005,22,231.15,326.25,0.37,0.37,gauche,,,1,424,397,10,0.32,predicted,1
417,13.900,1782384276,T006,5,25.21,444.69,0.44,0.76,droite,,,1,422,413,0,0.767,matched,1
417,13.900,1782384276,T007,1,245.64,588.69,-0.0,0.05,droite,,,1,422,376,0,0.77,matched,1
418,13.933,1782384276,T002,17,138.17,463.66,1.03,3.0,droite,,,1,425,415,0,0.757,matched,1
418,13.933,1782384276,T003,16,80.37,493.83,0.88,2.57,droite,,,1,425,396,0,0.762,matched,1
418,13.933,1782384276,T004,7,142.39,79.87,-0.13,-0.14,gauche,,,1,425,406,0,0.77,matched,1
418,13.933,,T005,22,231.69,326.84,0.33,0.34,gauche,,,1,425,397,11,0.32,predicted,1
418,13.933,1782384276,T006,5,25.63,445.56,0.41,0.56,droite,,,1,423,414,0,0.768,matched,1
418,13.933,1782384276,T007,1,245.64,588.69,-0.0,0.19,droite,,,1,423,377,0,0.768,matched,1
419,13.967,1782384276,T002,17,139.51,468.02,1.01,3.57,droite,,,1,426,416,0,0.757,matched,1
419,13.967,1782384276,T003,16,81.17,497.19,0.5,2.78,droite,,,1,426,397,0,0.762,matched,1
419,13.967,1782384276,T004,7,142.39,79.87,0.07,0.07,gauche,,,1,426,407,0,0.766,matched,1
419,13.967,,T005,22,231.69,326.84,0.3,0.3,gauche,,,1,426,397,12,0.32,predicted,1
419,13.967,1782384276,T006,5,26.27,446.23,0.65,0.36,droite,,,1,424,415,0,0.765,matched,1
419,13.967,1782384276,T007,1,245.64,588.69,0.17,0.21,droite,,,1,424,378,0,0.767,matched,1
420,14.000,1782384277,T002,17,140.95,472.27,1.12,3.32,droite,,,1,427,417,0,0.767,matched,1
420,14.000,1782384277,T003,16,81.74,500.88,0.24,3.07,droite,,,1,427,398,0,0.761,matched,1
420,14.000,1782384277,T004,7,142.39,79.87,0.13,0.13,gauche,,,1,427,408,0,0.769,matched,1
420,14.000,,T005,22,232.24,327.44,0.27,0.27,gauche,,,1,427,397,13,0.32,predicted,1
420,14.000,1782384277,T006,5,27.06,446.73,0.76,0.2,droite,,,1,425,416,0,0.767,matched,1
420,14.000,1782384277,T007,1,245.64,588.69,0.2,0.33,droite,,,1,425,379,0,0.768,matched,1
421,14.033,1782384277,T002,17,142.22,475.88,0.9,2.46,droite,,,1,428,418,0,0.762,matched,1
421,14.033,1782384277,T003,16,82.12,504.19,0.09,2.49,droite,,,1,428,399,0,0.766,matched,1
421,14.033,1782384277,T004,7,142.39,79.87,0.13,0.13,gauche,,,1,428,409,0,0.77,matched,1
421,14.033,,T005,22,232.24,327.44,0.24,0.24,gauche,,,1,428,397,14,0.32,predicted,1
421,14.033,1782384277,T006,5,27.8,447.09,0.63,0.09,droite,,,1,426,417,0,0.769,matched,1
421,14.033,1782384277,T007,1,245.64,588.69,0.16,0.31,droite,,,1,426,380,0,0.77,matched,1
422,14.067,1782384277,T002,17,143.52,478.97,0.96,1.92,droite,,,1,429,419,0,0.765,matched,1
422,14.067,1782384277,T003,16,82.37,507.42,0.01,2.38,droite,,,1,429,400,0,0.768,matched,1
422,14.067,1782384277,T004,7,142.39,79.87,-0.07,0.1,gauche,,,1,429,410,0,0.767,matched,1
422,14.067,,T005,22,232.79,328.03,0.22,0.22,gauche,,,1,429,397,15,0.32,predicted,1
422,14.067,1782384277,T006,5,27.8,447.09,0.44,0.03,droite,,,1,427,418,0,0.768,matched,1
422,14.067,1782384277,T007,1,245.64,588.69,0.11,0.4,droite,,,1,427,381,0,0.768,matched,1
423,14.100,1782384277,T002,17,144.93,481.55,1.1,1.44,droite,,,1,430,420,0,0.765,matched,1
423,14.100,1782384277,T003,16,82.68,510.31,0.15,1.97,droite,,,1,430,401,0,0.767,matched,1
423,14.100,1782384277,T004,7,142.39,79.87,-0.13,0.06,gauche,,,1,430,411,0,0.769,matched,1
423,14.100,1782384277,T006,5,27.8,447.09,0.26,-0.0,droite,,,1,428,419,0,0.768,matched,1
423,14.100,1782384277,T007,1,245.88,589.53,0.24,0.68,droite,,,1,428,382,0,0.765,matched,1
424,14.133,1782384277,T002,17,146.61,483.83,1.41,1.27,droite,,,1,431,421,0,0.764,matched,1
424,14.133,1782384277,T003,16,83.11,512.64,0.34,1.36,droite,,,1,431,402,0,0.763,matched,1
424,14.133,1782384277,T004,7,142.39,79.87,-0.13,0.04,gauche,,,1,431,412,0,0.77,matched,1
424,14.133,1782384277,T006,5,28.53,447.31,0.31,-0.01,droite,,,1,429,420,0,0.769,matched,1
424,14.133,1782384277,T007,1,246.28,590.62,0.4,0.98,droite,,,1,429,383,0,0.764,matched,1
425,14.167,1782384277,T002,17,148.59,486.1,1.72,1.43,droite,,,1,432,422,0,0.762,matched,1
425,14.167,1782384277,T003,16,83.55,514.69,0.33,1.16,droite,,,1,432,403,0,0.769,matched,1
425,14.167,1782384277,T004,7,142.39,79.87,-0.1,0.02,gauche,,,1,432,413,0,0.77,matched,1
425,14.167,1782384277,T006,5,29.27,447.48,0.42,-0.01,droite,,,1,430,421,0,0.768,matched,1
425,14.167,1782384277,T007,1,246.68,591.81,0.37,1.04,droite,,,1,430,384,0,0.768,matched,1
426,14.200,1782384277,T002,17,150.57,488.48,1.62,1.67,droite,,,1,433,423,0,0.764,matched,1
426,14.200,1782384277,T003,16,84.06,516.89,0.43,1.5,droite,,,1,433,404,0,0.763,matched,1
426,14.200,1782384277,T004,7,142.39,79.87,-0.06,0.01,gauche,,,1,433,414,0,0.77,matched,1
426,14.200,1782384277,T006,5,29.27,447.48,0.37,-0.01,droite,,,1,431,422,0,0.77,matched,1
426,14.200,1782384277,T007,1,247.03,592.88,0.28,0.83,droite,,,1,431,385,0,0.768,matched,1
427,14.233,1782384277,T002,17,152.26,490.6,1.21,1.39,droite,,,1,434,424,0,0.766,matched,1
427,14.233,1782384277,T003,16,84.54,518.87,0.37,1.29,droite,,,1,434,405,0,0.769,matched,1
427,14.233,1782384277,T004,7,142.39,79.87,-0.03,0.0,gauche,,,1,434,415,0,0.77,matched,1
427,14.233,1782384277,T005,18,229.02,431.68,-0.2,6.08,droite,,,1,434,398,0,0.57,reattached,1
427,14.233,1782384277,T006,5,29.27,447.48,0.27,-0.01,droite,,,1,432,423,0,0.769,matched,1
427,14.233,1782384277,T007,1,247.31,593.75,0.18,0.56,droite,,,1,432,386,0,0.767,matched,1
428,14.267,1782384277,T002,17,153.72,492.72,0.95,1.47,droite,,,1,435,425,0,0.766,matched,1
428,14.267,1782384277,T003,16,85.07,521.04,0.43,1.59,droite,,,1,435,406,0,0.763,matched,1
428,14.267,1782384277,T004,7,142.39,79.87,-0.02,-0.17,gauche,,,1,435,416,0,0.767,matched,1
428,14.267,1782384277,T005,18,229.16,432.71,0.06,4.9,droite,,,1,435,399,0,0.762,matched,1
428,14.267,1782384277,T006,5,30.11,447.74,0.34,0.17,droite,,,1,433,424,0,0.767,matched,1
428,14.267,1782384277,T007,1,247.31,593.75,0.1,0.33,droite,,,1,433,387,0,0.767,matched,1
429,14.300,,T002,17,155.06,494.68,0.86,1.32,droite,,,1,436,425,1,0.49,predicted,1
429,14.300,1782384277,T003,16,85.82,523.55,0.7,2.03,droite,,,1,436,407,0,0.76,matched,1
429,14.300,1782384277,T004,7,142.39,79.87,-0.01,-0.03,gauche,,,1,436,417,0,0.768,matched,1
429,14.300,1782384277,T005,18,229.33,434.38,0.14,3.95,droite,,,1,436,400,0,0.765,matched,1
429,14.300,1782384277,T006,5,30.81,448.15,0.29,0.36,droite,,,1,434,425,0,0.767,matched,1
429,14.300,1782384277,T007,1,247.31,593.75,0.22,0.16,droite,,,1,434,388,0,0.767,matched,1
430,14.333,1782384277,T002,17,156.61,497.5,1.12,2.29,droite,,,1,437,426,0,0.755,matched,1
430,14.333,1782384277,T003,16,86.58,526.56,0.64,2.59,droite,,,1,437,408,0,0.759,matched,1
430,14.333,1782384277,T004,7,142.39,79.87,-0.0,0.03,gauche,,,1,437,418,0,0.769,matched,1
430,14.333,1782384277,T005,18,229.64,436.51,0.35,3.42,droite,,,1,437,401,0,0.767,matched,1
430,14.333,1782384277,T006,5,31.37,448.71,0.2,0.53,droite,,,1,435,426,0,0.767,matched,1
430,14.333,1782384277,T007,1,247.31,593.75,0.21,0.06,droite,,,1,435,389,0,0.769,matched,1
431,14.367,1782384277,T002,17,158.25,500.38,1.23,2.27,droite,,,1,438,427,0,0.765,matched,1
431,14.367,1782384277,T003,16,87.22,529.65,0.47,2.55,droite,,,1,438,409,0,0.766,matched,1
431,14.367,1782384277,T004,7,142.39,79.87,0.0,-0.12,gauche,,,1,438,419,0,0.768,matched,1
431,14.367,1782384277,T005,18,230.11,439.14,0.51,3.34,droite,,,1,438,402,0,0.766,matched,1
431,14.367,1782384277,T006,5,31.8,449.54,0.12,0.81,droite,,,1,436,427,0,0.765,matched,1
431,14.367,1782384277,T007,1,247.31,593.75,0.16,0.01,droite,,,1,436,390,0,0.769,matched,1
432,14.400,1782384277,T002,17,159.84,503.15,1.16,2.08,droite,,,1,439,428,0,0.769,matched,1
432,14.400,1782384277,T003,16,87.59,532.89,0.13,2.64,droite,,,1,439,410,0,0.763,matched,1
432,14.400,1782384277,T004,7,142.39,79.87,0.0,-0.15,gauche,,,1,439,420,0,0.769,matched,1
432,14.400,1782384277,T005,18,230.58,442.4,0.44,3.59,droite,,,1,439,403,0,0.762,matched,1
432,14.400,1782384277,T006,5,31.98,450.5,-0.1,0.91,droite,,,1,437,428,0,0.766,matched,1
432,14.400,1782384277,T007,1,247.74,594.44,0.11,0.16,droite,,,1,437,391,0,0.768,matched,1
433,14.433,1782384277,T002,17,161.18,505.48,0.87,1.54,droite,,,1,440,429,0,0.764,matched,1
433,14.433,1782384277,T003,16,87.78,535.74,-0.03,2.07,droite,,,1,440,411,0,0.765,matched,1
433,14.433,1782384277,T004,7,142.39,79.87,0.0,-0.13,gauche,,,1,440,421,0,0.77,matched,1
433,14.433,1782384277,T005,18,230.97,445.41,0.31,2.83,droite,,,1,440,404,0,0.764,matched,1
433,14.433,1782384277,T006,5,32.03,451.39,-0.17,0.74,droite,,,1,438,429,0,0.768,matched,1
433,14.433,1782384277,T007,1,247.74,594.44,0.06,0.18,droite,,,1,438,392,0,0.769,matched,1
434,14.467,1782384277,T002,20,162.65,507.56,1.07,1.32,droite,,,1,441,430,0,0.766,matched,1
434,14.467,1782384277,T003,16,88.14,538.29,0.25,1.72,droite,,,1,441,412,0,0.765,matched,1
434,14.467,1782384277,T004,7,142.39,79.87,0.0,-0.09,gauche,,,1,441,422,0,0.77,matched,1
434,14.467,1782384277,T005,18,231.27,448.69,0.19,2.92,droite,,,1,441,405,0,0.764,matched,1
434,14.467,1782384277,T006,5,32.02,452.39,-0.16,0.84,droite,,,1,439,430,0,0.767,matched,1
434,14.467,1782384277,T007,1,248.19,595.06,0.2,0.15,droite,,,1,439,393,0,0.768,matched,1
435,14.500,1782384277,T002,20,164.11,509.53,1.08,1.27,droite,,,1,442,431,0,0.768,matched,1
435,14.500,1782384277,T003,16,88.68,540.9,0.48,1.88,droite,,,1,442,413,0,0.764,matched,1
435,14.500,1782384277,T004,7,142.39,79.87,0.0,-0.06,gauche,,,1,442,423,0,0.77,matched,1
435,14.500,1782384277,T005,18,231.49,451.74,0.1,2.46,droite,,,1,442,406,0,0.767,matched,1
435,14.500,1782384277,T006,5,32.0,453.29,-0.11,0.69,droite,,,1,440,431,0,0.769,matched,1
435,14.500,1782384277,T007,1,248.61,595.68,0.21,0.27,droite,,,1,440,394,0,0.768,matched,1
436,14.533,1782384277,T002,20,165.36,511.19,0.83,0.97,droite,,,1,443,432,0,0.767,matched,1
436,14.533,1782384277,T003,16,89.36,543.74,0.62,2.19,droite,,,1,443,414,0,0.762,matched,1
436,14.533,1782384277,T004,7,142.39,79.87,0.0,-0.03,gauche,,,1,443,424,0,0.77,matched,1
436,14.533,1782384277,T005,18,231.78,454.54,0.22,2.07,droite,,,1,443,407,0,0.767,matched,1
436,14.533,1782384277,T006,5,32.12,454.17,0.1,0.65,droite,,,1,441,432,0,0.767,matched,1
436,14.533,1782384277,T007,1,249.1,596.23,0.33,0.26,droite,,,1,441,395,0,0.768,matched,1
437,14.567,1782384277,T002,20,166.49,512.49,0.72,0.63,droite,,,1,444,433,0,0.766,matched,1
437,14.567,1782384277,T003,16,90.0,546.57,0.54,2.15,droite,,,1,444,415,0,0.767,matched,1
437,14.567,1782384277,T004,7,142.39,79.87,0.0,-0.01,gauche,,,1,444,425,0,0.77,matched,1
437,14.567,1782384277,T005,18,232.06,457.23,0.21,1.95,droite,,,1,444,408,0,0.769,matched,1
437,14.567,1782384277,T006,5,32.29,454.91,0.16,0.48,droite,,,1,442,433,0,0.768,matched,1
437,14.567,1782384277,T007,1,249.55,596.82,0.31,0.36,droite,,,1,442,396,0,0.768,matched,1
438,14.600,1782384277,T002,20,167.42,513.6,0.51,0.53,droite,,,1,445,434,0,0.768,matched,1
438,14.600,1782384277,T003,16,90.54,549.56,0.38,2.33,droite,,,1,445,416,0,0.764,matched,1
438,14.600,1782384277,T004,7,142.39,79.87,0.0,-0.0,gauche,,,1,445,426,0,0.77,matched,1
438,14.600,1782384277,T005,18,232.44,460.06,0.33,2.15,droite,,,1,445,409,0,0.764,matched,1
438,14.600,1782384277,T006,5,32.29,454.91,0.14,0.31,droite,,,1,443,434,0,0.768,matched,1
438,14.600,1782384277,T007,1,250.06,597.48,0.4,0.49,droite,,,1,443,397,0,0.767,matched,1
439,14.633,1782384277,T002,20,168.12,514.48,0.32,0.37,droite,,,1,446,435,0,0.767,matched,1
439,14.633,1782384277,T003,16,90.96,552.2,0.24,1.87,droite,,,1,446,417,0,0.766,matched,1
439,14.633,1782384277,T004,7,142.39,79.87,-0.0,0.0,gauche,,,1,446,427,0,0.77,matched,1
439,14.633,1782384277,T005,18,232.81,462.57,0.3,1.73,droite,,,1,446,410,0,0.767,matched,1
439,14.633,1782384277,T006,5,32.29,454.91,0.11,0.17,droite,,,1,444,435,0,0.768,matched,1
439,14.633,1782384277,T007,1,250.54,598.09,0.34,0.43,droite,,,1,444,398,0,0.77,matched,1
440,14.667,1782384277,T002,20,168.64,515.42,0.17,0.56,droite,,,1,447,436,0,0.766,matched,1
440,14.667,1782384277,T003,16,91.4,554.33,0.3,1.27,droite,,,1,447,418,0,0.764,matched,1
440,14.667,1782384277,T004,7,142.39,79.87,0.17,0.17,gauche,,,1,447,428,0,0.766,matched,1
440,14.667,1782384277,T005,18,233.13,464.99,0.22,1.69,droite,,,1,447,411,0,0.768,matched,1
440,14.667,1782384277,T006,5,32.29,454.91,0.07,0.08,droite,,,1,445,436,0,0.769,matched,1
440,14.667,1782384277,T007,1,251.07,598.87,0.41,0.65,droite,,,1,445,399,0,0.766,matched,1
441,14.700,1782384277,T002,20,169.15,516.55,0.24,0.85,droite,,,1,448,437,0,0.765,matched,1
441,14.700,1782384277,T003,16,91.93,555.92,0.42,0.75,droite,,,1,448,419,0,0.764,matched,1
441,14.700,1782384277,T004,7,142.39,79.87,0.2,0.2,gauche,,,1,448,429,0,0.769,matched,1
441,14.700,1782384277,T005,18,233.37,467.6,0.14,1.97,droite,,,1,448,412,0,0.763,matched,1
441,14.700,1782384277,T006,5,32.29,454.91,0.04,0.03,droite,,,1,446,437,0,0.769,matched,1
441,14.700,1782384277,T007,1,251.54,599.9,0.35,0.93,droite,,,1,446,400,0,0.765,matched,1
442,14.733,1782384277,T002,20,169.74,517.76,0.39,0.94,droite,,,1,449,438,0,0.766,matched,1
442,14.733,1782384277,T003,16,92.57,557.08,0.54,0.38,droite,,,1,449,420,0,0.765,matched,1
442,14.733,1782384277,T004,7,142.39,79.87,0.16,0.16,gauche,,,1,449,430,0,0.77,matched,1
442,14.733,1782384277,T005,18,233.55,470.49,0.08,2.31,droite,,,1,449,413,0,0.762,matched,1
442,14.733,1782384277,T006,5,32.29,454.91,0.02,-0.0,droite,,,1,447,438,0,0.77,matched,1
442,14.733,1782384277,T007,1,252.07,600.89,0.41,0.82,droite,,,1,447,401,0,0.769,matched,1
443,14.767,1782384277,T002,20,170.41,518.96,0.52,0.93,droite,,,1,450,439,0,0.767,matched,1
443,14.767,1782384277,T003,16,93.3,557.9,0.64,0.15,droite,,,1,450,421,0,0.766,matched,1
443,14.767,1782384277,T004,7,142.39,79.87,-0.06,-0.06,gauche,,,1,450,431,0,0.766,matched,1
443,14.767,1782384277,T005,18,233.68,473.66,0.04,2.6,droite,,,1,450,414,0,0.762,matched,1
443,14.767,1782384277,T006,5,32.29,454.91,0.18,-0.01,droite,,,1,448,439,0,0.768,matched,1
443,14.767,1782384277,T007,1,252.69,601.72,0.51,0.6,droite,,,1,448,402,0,0.767,matched,1
444,14.800,1782384277,T002,20,171.18,520.01,0.63,0.71,droite,,,1,451,440,0,0.767,matched,1
444,14.800,1782384277,T003,16,93.84,558.6,0.36,0.2,droite,,,1,451,422,0,0.767,matched,1
444,14.800,1782384277,T004,7,142.39,79.87,-0.13,0.04,gauche,,,1,451,432,0,0.768,matched,1
444,14.800,1782384277,T005,18,233.77,476.65,0.01,2.29,droite,,,1,451,415,0,0.769,matched,1
444,14.800,1782384277,T006,5,32.29,454.91,0.2,-0.01,droite,,,1,449,440,0,0.769,matched,1
444,14.800,1782384277,T007,1,253.4,602.37,0.61,0.37,droite,,,1,449,403,0,0.767,matched,1
445,14.833,1782384277,T002,20,171.88,520.83,0.53,0.47,droite,,,1,452,441,0,0.767,matched,1
445,14.833,1782384277,T003,16,93.84,558.6,0.17,0.17,droite,,,1,452,423,0,0.768,matched,1
445,14.833,1782384277,T004,7,142.39,79.87,-0.13,0.07,gauche,,,1,452,433,0,0.769,matched,1
445,14.833,1782384277,T005,18,233.83,479.14,-0.0,1.65,droite,,,1,452,416,0,0.764,matched,1
445,14.833,1782384277,T006,5,32.29,454.91,0.16,-0.01,droite,,,1,450,441,0,0.77,matched,1
445,14.833,1782384277,T007,1,254.05,602.84,0.5,0.2,droite,,,1,450,404,0,0.768,matched,1
446,14.867,1782384277,T002,20,172.45,521.58,0.37,0.44,droite,,,1,453,442,0,0.768,matched,1
446,14.867,1782384277,T003,16,94.17,559.34,0.06,0.29,droite,,,1,453,424,0,0.768,matched,1
446,14.867,1782384277,T004,7,142.39,79.87,-0.1,0.06,gauche,,,1,453,434,0,0.77,matched,1
446,14.867,1782384277,T005,18,234.01,481.07,0.16,1.03,droite,,,1,453,417,0,0.763,matched,1
446,14.867,1782384277,T006,5,32.29,454.91,0.11,-0.01,droite,,,1,451,442,0,0.769,matched,1
446,14.867,1782384277,T007,1,254.05,602.84,0.35,0.09,droite,,,1,451,405,0,0.768,matched,1
447,14.900,1782384277,T002,20,173.03,522.2,0.39,0.33,droite,,,1,454,443,0,0.769,matched,1
447,14.900,1782384277,T003,16,94.4,560.11,0.0,0.44,droite,,,1,454,425,0,0.767,matched,1
447,14.900,1782384277,T004,7,142.39,79.87,-0.06,0.05,gauche,,,1,454,435,0,0.77,matched,1
447,14.900,1782384277,T005,18,234.36,482.75,0.36,0.89,droite,,,1,454,418,0,0.767,matched,1
447,14.900,1782384277,T006,5,32.29,454.91,0.07,-0.0,droite,,,1,452,443,0,0.77,matched,1
447,14.900,1782384277,T007,1,254.72,603.15,0.38,0.03,droite,,,1,452,406,0,0.769,matched,1
448,14.933,1782384277,T002,20,173.52,522.82,0.31,0.38,droite,,,1,455,444,0,0.769,matched,1
448,14.933,1782384277,T003,16,94.7,560.94,0.15,0.57,droite,,,1,455,426,0,0.767,matched,1
448,14.933,1782384277,T004,7,142.39,79.87,-0.04,-0.14,gauche,,,1,455,436,0,0.767,matched,1
448,14.933,1782384277,T005,18,234.74,484.38,0.35,0.98,droite,,,1,455,419,0,0.767,matched,1
448,14.933,1782384277,T006,5,32.29,454.91,0.03,-0.0,droite,,,1,453,444,0,0.77,matched,1
448,14.933,1782384277,T007,1,254.72,603.15,0.31,-0.0,droite,,,1,453,407,0,0.769,matched,1
449,14.967,1782384277,T002,20,173.52,522.82,0.21,0.31,droite,,,1,456,445,0,0.769,matched,1
449,14.967,1782384277,T003,16,94.99,561.82,0.17,0.66,droite,,,1,456,427,0,0.768,matched,1
449,14.967,1782384277,T004,7,142.39,79.87,-0.02,-0.18,gauche,,,1,456,437,0,0.769,matched,1
449,14.967,1782384277,T005,18,235.21,486.2,0.44,1.3,droite,,,1,456,420,0,0.764,matched,1
449,14.967,1782384277,T006,5,32.85,455.41,0.18,-0.0,droite,,,1,454,445,0,0.768,matched,1
449,14.967,1782384277,T007,1,254.72,603.15,0.21,-0.01,droite,,,1,454,408,0,0.769,matched,1
450,15.000,1782384278,T002,20,173.52,522.82,0.12,0.22,droite,,,1,457,446,0,0.769,matched,1
450,15.000,1782384278,T003,16,95.38,562.62,0.31,0.54,droite,,,1,457,428,0,0.768,matched,1
450,15.000,1782384278,T004,7,142.39,79.87,-0.01,0.02,gauche,,,1,457,438,0,0.767,matched,1
450,15.000,1782384278,T005,18,235.79,488.27,0.54,1.64,droite,,,1,457,421,0,0.763,matched,1
450,15.000,1782384278,T006,5,32.85,455.41,0.2,0.17,droite,,,1,455,446,0,0.767,matched,1
450,15.000,1782384278,T007,1,255.44,603.36,0.29,-0.02,droite,,,1,455,409,0,0.768,matched,1
451,15.033,1782384278,T002,20,173.52,522.82,0.06,0.13,droite,,,1,458,447,0,0.769,matched,1
451,15.033,1782384278,T003,16,95.76,563.26,0.3,0.38,droite,,,1,458,429,0,0.768,matched,1
451,15.033,1782384278,T004,7,142.39,79.87,-0.0,-0.08,gauche,,,1,458,439,0,0.769,matched,1
451,15.033,1782384278,T005,18,236.34,490.17,0.46,1.4,droite,,,1,458,422,0,0.769,matched,1
451,15.033,1782384278,T006,5,33.38,456.01,0.16,0.2,droite,,,1,456,447,0,0.769,matched,1
451,15.033,1782384278,T007,1,255.44,603.36,0.26,0.16,droite,,,1,456,410,0,0.767,matched,1
452,15.067,1782384278,T002,20,173.52,522.82,0.02,-0.1,droite,,,1,459,448,0,0.767,matched,1
452,15.067,1782384278,T003,16,95.76,563.26,0.05,0.23,droite,,,1,459,430,0,0.766,matched,1
452,15.067,1782384278,T004,7,142.39,79.87,0.0,0.07,gauche,,,1,459,440,0,0.768,matched,1
452,15.067,1782384278,T005,18,236.79,492.14,0.32,1.5,droite,,,1,459,423,0,0.766,matched,1
452,15.067,1782384278,T006,5,33.38,456.01,0.11,0.16,droite,,,1,457,448,0,0.769,matched,1
452,15.067,1782384278,T007,1,256.08,603.72,0.19,0.19,droite,,,1,457,411,0,0.769,matched,1
453,15.100,1782384278,T002,20,173.52,522.82,0.0,-0.17,droite,,,1,460,449,0,0.769,matched,1
453,15.100,1782384278,T003,16,95.88,564.14,-0.05,0.63,droite,,,1,460,431,0,0.764,matched,1
453,15.100,1782384278,T004,7,142.39,79.87,0.0,0.11,gauche,,,1,460,441,0,0.769,matched,1
453,15.100,1782384278,T005,18,237.14,494.29,0.2,1.7,droite,,,1,460,424,0,0.765,matched,1
453,15.100,1782384278,T006,5,33.38,456.01,-0.11,0.11,droite,,,1,458,449,0,0.767,matched,1
453,15.100,1782384278,T007,1,256.08,603.72,0.12,0.16,droite,,,1,458,412,0,0.769,matched,1
454,15.133,1782384278,T002,20,173.52,522.82,-0.0,-0.16,droite,,,1,461,450,0,0.77,matched,1
454,15.133,1782384278,T003,16,95.93,565.02,-0.08,0.64,droite,,,1,461,432,0,0.769,matched,1
454,15.133,1782384278,T004,7,142.39,79.87,0.0,-0.07,gauche,,,1,461,442,0,0.768,matched,1
454,15.133,1782384278,T005,18,237.39,496.64,0.1,1.91,droite,,,1,461,425,0,0.764,matched,1
454,15.133,1782384278,T006,5,33.38,456.01,-0.16,0.07,droite,,,1,459,450,0,0.769,matched,1
454,15.133,1782384278,T007,1,256.08,603.72,0.06,0.11,droite,,,1,459,413,0,0.769,matched,1
455,15.167,1782384278,T002,20,173.52,522.82,-0.01,-0.12,droite,,,1,462,451,0,0.77,matched,1
455,15.167,1782384278,T003,16,95.93,565.02,0.1,0.33,droite,,,1,462,433,0,0.766,matched,1
455,15.167,1782384278,T004,7,142.39,79.87,0.0,0.05,gauche,,,1,462,443,0,0.768,matched,1
455,15.167,1782384278,T005,18,237.57,499.16,0.04,2.06,droite,,,1,462,426,0,0.765,matched,1
455,15.167,1782384278,T006,5,33.38,456.01,0.02,0.2,droite,,,1,460,451,0,0.767,matched,1
455,15.167,1782384278,T007,1,256.08,603.72,0.2,0.07,droite,,,1,460,414,0,0.768,matched,1
456,15.200,1782384278,T002,20,173.52,522.82,-0.01,-0.07,droite,,,1,463,452,0,0.77,matched,1
456,15.200,1782384278,T003,16,96.15,565.73,0.14,0.3,droite,,,1,463,434,0,0.769,matched,1
456,15.200,1782384278,T004,7,142.39,79.87,0.0,-0.09,gauche,,,1,463,444,0,0.768,matched,1
456,15.200,1782384278,T005,18,237.69,501.54,0.01,1.82,droite,,,1,463,427,0,0.769,matched,1
456,15.200,1782384278,T006,5,33.59,456.71,-0.08,0.21,droite,,,1,461,452,0,0.768,matched,1
456,15.200,1782384278,T007,1,256.9,604.32,0.38,0.37,droite,,,1,461,415,0,0.765,matched,1
457,15.233,1782384278,T002,20,173.52,522.82,-0.0,-0.04,droite,,,1,464,453,0,0.77,matched,1
457,15.233,1782384278,T003,16,96.15,565.73,0.13,0.23,droite,,,1,464,435,0,0.769,matched,1
457,15.233,1782384278,T004,7,142.39,79.87,0.0,-0.12,gauche,,,1,464,445,0,0.769,matched,1
457,15.233,1782384278,T005,18,237.77,503.52,-0.0,1.32,droite,,,1,464,428,0,0.765,matched,1
457,15.233,1782384278,T006,5,33.59,456.71,-0.1,0.17,droite,,,1,462,453,0,0.769,matched,1
457,15.233,1782384278,T007,1,257.63,605.06,0.36,0.58,droite,,,1,462,416,0,0.766,matched,1
458,15.267,1782384278,T002,20,173.52,522.82,-0.0,-0.02,droite,,,1,465,454,0,0.77,matched,1
458,15.267,,T003,16,96.15,565.73,0.12,0.2,droite,,,1,465,435,1,0.49,predicted,1
458,15.267,1782384278,T004,7,142.39,79.87,0.0,-0.11,gauche,,,1,465,446,0,0.77,matched,1
458,15.267,1782384278,T005,18,237.83,505.2,-0.01,0.99,droite,,,1,465,429,0,0.767,matched,1
458,15.267,1782384278,T006,5,33.59,456.71,-0.09,0.28,droite,,,1,463,454,0,0.768,matched,1
458,15.267,1782384278,T007,1,258.23,605.62,0.27,0.36,droite,,,1,463,417,0,0.767,matched,1
459,15.300,1782384278,T002,20,173.52,522.82,-0.0,-0.01,droite,,,1,466,455,0,0.77,matched,1
459,15.300,1782384278,T003,16,96.15,565.73,0.25,0.08,droite,,,1,466,436,0,0.768,matched,1
459,15.300,1782384278,T004,7,142.39,79.87,0.0,-0.08,gauche,,,1,466,447,0,0.77,matched,1
459,15.300,1782384278,T005,18,237.87,506.91,-0.01,1.15,droite,,,1,466,430,0,0.766,matched,1
459,15.300,1782384278,T006,5,33.68,457.49,-0.06,0.26,droite,,,1,464,455,0,0.77,matched,1
459,15.300,1782384278,T007,1,258.84,606.31,0.34,0.53,droite,,,1,464,418,0,0.767,matched,1
460,15.333,1782384278,T002,20,173.52,522.82,-0.0,0.0,droite,,,1,467,456,0,0.77,matched,1
460,15.333,1782384278,T003,16,96.6,566.3,0.22,0.03,droite,,,1,467,437,0,0.769,matched,1
460,15.333,1782384278,T004,7,142.39,79.87,-0.0,-0.05,gauche,,,1,467,448,0,0.77,matched,1
460,15.333,1782384278,T005,18,237.9,508.56,-0.01,1.12,droite,,,1,467,431,0,0.769,matched,1
460,15.333,1782384278,T006,5,33.68,457.49,0.13,0.19,droite,,,1,465,456,0,0.767,matched,1
460,15.333,1782384278,T007,1,259.36,606.95,0.3,0.48,droite,,,1,465,419,0,0.77,matched,1
461,15.367,1782384278,T002,20,173.52,522.82,-0.0,0.0,droite,,,1,468,457,0,0.77,matched,1
461,15.367,1782384278,T003,16,96.6,566.3,0.32,0.01,droite,,,1,468,438,0,0.768,matched,1
461,15.367,1782384278,T004,7,142.39,79.87,-0.0,-0.03,gauche,,,1,468,449,0,0.77,matched,1
461,15.367,1782384278,T005,18,238.06,510.37,0.17,1.37,droite,,,1,468,432,0,0.764,matched,1
461,15.367,1782384278,T006,5,33.68,457.49,0.01,0.12,droite,,,1,466,457,0,0.768,matched,1
461,15.367,1782384278,T007,1,259.36,606.95,0.21,0.35,droite,,,1,466,420,0,0.769,matched,1
462,15.400,1782384278,T002,20,173.52,522.82,0.0,0.0,droite,,,1,469,458,0,0.77,matched,1
462,15.400,1782384278,T003,16,97.31,566.85,0.46,0.17,droite,,,1,469,439,0,0.767,matched,1
462,15.400,1782384278,T004,7,142.39,79.87,-0.0,-0.01,gauche,,,1,469,450,0,0.77,matched,1
462,15.400,1782384278,T005,18,238.12,512.15,0.02,1.32,droite,,,1,469,433,0,0.768,matched,1
462,15.400,1782384278,T006,5,33.68,457.49,-0.04,0.07,droite,,,1,467,458,0,0.769,matched,1
462,15.400,1782384278,T007,1,259.79,607.64,0.13,0.39,droite,,,1,467,421,0,0.769,matched,1
463,15.433,1782384278,T002,20,173.52,522.82,0.0,0.0,droite,,,1,470,459,0,0.77,matched,1
463,15.433,1782384278,T003,16,97.96,567.34,0.41,0.19,droite,,,1,470,440,0,0.769,matched,1
463,15.433,1782384278,T004,7,142.39,79.87,-0.0,-0.0,gauche,,,1,470,451,0,0.77,matched,1
463,15.433,1782384278,T005,18,238.13,513.66,-0.04,1.0,droite,,,1,470,434,0,0.767,matched,1
463,15.433,1782384278,T006,5,33.68,457.49,-0.05,0.03,droite,,,1,468,459,0,0.77,matched,1
463,15.433,1782384278,T007,1,259.79,607.64,0.07,0.32,droite,,,1,468,422,0,0.769,matched,1
464,15.467,1782384278,T002,20,173.52,522.82,0.0,0.0,droite,,,1,471,460,0,0.77,matched,1
464,15.467,1782384278,T003,16,97.96,567.34,0.12,0.16,droite,,,1,471,441,0,0.766,matched,1
464,15.467,1782384278,T004,7,142.39,79.87,-0.0,0.0,gauche,,,1,471,452,0,0.77,matched,1
464,15.467,1782384278,T005,18,238.25,514.86,0.12,0.65,droite,,,1,471,435,0,0.766,matched,1
464,15.467,1782384278,T006,5,33.68,457.49,-0.04,0.01,droite,,,1,469,460,0,0.77,matched,1
464,15.467,1782384278,T007,1,260.24,608.25,0.2,0.22,droite,,,1,469,423,0,0.768,matched,1
465,15.500,1782384278,T002,20,173.52,522.82,-0.17,0.0,droite,,,1,472,461,0,0.767,matched,1
465,15.500,1782384278,T003,16,97.96,567.34,0.16,-0.06,droite,,,1,472,442,0,0.767,matched,1
465,15.500,1782384278,T004,7,142.39,79.87,-0.0,0.0,gauche,,,1,472,453,0,0.77,matched,1
465,15.500,1782384278,T005,18,238.4,515.74,0.15,0.37,droite,,,1,472,436,0,0.767,matched,1
465,15.500,1782384278,T006,5,33.68,457.49,0.14,-0.0,droite,,,1,470,461,0,0.767,matched,1
465,15.500,1782384278,T007,1,260.24,608.25,0.2,0.13,droite,,,1,470,424,0,0.769,matched,1
466,15.533,1782384278,T002,20,173.52,522.82,-0.2,0.0,droite,,,1,473,462,0,0.769,matched,1
466,15.533,1782384278,T003,16,97.96,567.34,0.31,-0.47,droite,,,1,473,443,0,0.763,matched,1
466,15.533,1782384278,T004,7,142.39,79.87,-0.0,0.0,gauche,,,1,473,454,0,0.77,matched,1
466,15.533,1782384278,T005,18,238.4,515.74,0.13,0.18,droite,,,1,473,437,0,0.768,matched,1
466,15.533,1782384278,T006,5,33.68,457.49,0.01,-0.0,droite,,,1,471,462,0,0.768,matched,1
466,15.533,1782384278,T007,1,260.24,608.25,0.16,0.07,droite,,,1,471,425,0,0.769,matched,1
467,15.567,1782384278,T002,20,173.52,522.82,-0.16,0.0,droite,,,1,474,463,0,0.77,matched,1
467,15.567,1782384278,T003,16,98.82,567.08,0.46,-0.52,droite,,,1,474,444,0,0.767,matched,1
467,15.567,1782384278,T004,7,142.39,79.87,-0.0,0.0,gauche,,,1,474,455,0,0.77,matched,1
467,15.567,1782384278,T005,18,238.4,515.74,0.26,0.06,droite,,,1,474,438,0,0.767,matched,1
467,15.567,1782384278,T006,5,33.68,457.49,-0.04,-0.0,droite,,,1,472,463,0,0.769,matched,1
467,15.567,1782384278,T007,1,260.82,608.69,0.28,0.03,droite,,,1,472,426,0,0.768,matched,1
468,15.600,1782384278,T002,20,173.52,522.82,-0.11,0.0,droite,,,1,475,464,0,0.77,matched,1
468,15.600,1782384278,T003,16,99.58,566.79,0.42,-0.42,droite,,,1,475,445,0,0.769,matched,1
468,15.600,1782384278,T004,7,142.39,79.87,-0.0,0.0,gauche,,,1,475,456,0,0.77,matched,1
468,15.600,1782384278,T005,22,239.18,516.32,0.76,0.0,droite,,,1,475,439,0,0.762,matched,1
468,15.600,1782384278,T006,5,33.68,457.49,-0.05,-0.0,droite,,,1,473,464,0,0.77,matched,1
468,15.600,1782384278,T007,1,260.82,608.69,0.26,0.01,droite,,,1,473,427,0,0.77,matched,1
469,15.633,1782384278,T002,20,173.52,522.82,-0.07,-0.0,droite,,,1,476,465,0,0.77,matched,1
469,15.633,1782384278,T003,16,99.58,566.79,0.31,-0.29,droite,,,1,476,446,0,0.768,matched,1
469,15.633,1782384278,T004,7,142.39,79.87,0.0,0.0,gauche,,,1,476,457,0,0.77,matched,1
469,15.633,1782384278,T005,22,240.04,516.73,0.78,-0.02,droite,,,1,476,440,0,0.769,matched,1
469,15.633,1782384278,T006,5,33.68,457.49,-0.05,-0.0,droite,,,1,474,465,0,0.77,matched,1
469,15.633,1782384278,T007,1,260.82,608.69,0.19,-0.0,droite,,,1,474,428,0,0.769,matched,1
470,15.667,1782384278,T002,20,173.52,522.82,-0.03,-0.0,droite,,,1,477,466,0,0.77,matched,1
470,15.667,1782384278,T003,16,100.35,566.14,0.36,-0.68,droite,,,1,477,447,0,0.764,matched,1
470,15.667,1782384278,T004,7,142.39,79.87,0.0,0.0,gauche,,,1,477,458,0,0.77,matched,1
470,15.667,1782384278,T005,22,240.81,517.18,0.61,0.15,droite,,,1,477,441,0,0.767,matched,1
470,15.667,1782384278,T006,5,33.68,457.49,-0.03,-0.0,droite,,,1,475,466,0,0.77,matched,1
470,15.667,1782384278,T007,1,260.82,608.69,0.12,-0.01,droite,,,1,475,429,0,0.769,matched,1
471,15.700,1782384278,T002,20,173.52,522.82,-0.01,-0.0,droite,,,1,478,467,0,0.77,matched,1
471,15.700,1782384278,T003,16,100.35,566.14,0.3,-0.17,droite,,,1,478,448,0,0.763,matched,1
471,15.700,1782384278,T004,7,142.39,79.87,0.0,0.0,gauche,,,1,478,459,0,0.77,matched,1
471,15.700,1782384278,T005,22,241.28,517.86,0.24,0.52,droite,,,1,478,442,0,0.763,matched,1
471,15.700,1782384278,T006,5,33.68,457.49,-0.02,-0.0,droite,,,1,476,467,0,0.77,matched,1
471,15.700,1782384278,T007,1,261.51,609.0,0.24,-0.01,droite,,,1,476,430,0,0.768,matched,1
472,15.733,1782384278,T002,20,173.52,522.82,-0.0,-0.0,droite,,,1,479,468,0,0.77,matched,1
472,15.733,1782384278,T003,16,100.35,566.14,0.21,0.07,droite,,,1,479,449,0,0.767,matched,1
472,15.733,1782384278,T004,7,142.39,79.87,0.0,0.0,gauche,,,1,479,460,0,0.77,matched,1
472,15.733,1782384278,T005,22,241.7,518.71,0.21,0.71,droite,,,1,479,443,0,0.766,matched,1
472,15.733,1782384278,T006,5,33.68,457.49,-0.01,-0.0,droite,,,1,477,468,0,0.77,matched,1
472,15.733,1782384278,T007,1,262.23,609.24,0.4,-0.0,droite,,,1,477,431,0,0.767,matched,1
473,15.767,1782384278,T002,20,173.52,522.82,0.0,-0.0,droite,,,1,480,469,0,0.77,matched,1
473,15.767,1782384278,T003,16,100.35,566.14,0.13,-0.03,droite,,,1,480,450,0,0.768,matched,1
473,15.767,1782384278,T004,7,142.39,79.87,0.0,-0.0,gauche,,,1,480,461,0,0.77,matched,1
473,15.767,1782384278,T005,22,242.17,519.64,0.32,0.8,droite,,,1,480,444,0,0.767,matched,1
473,15.767,1782384278,T006,5,33.68,457.49,-0.0,-0.0,droite,,,1,478,469,0,0.77,matched,1
473,15.767,1782384278,T007,1,263.03,609.42,0.54,-0.0,droite,,,1,478,432,0,0.767,matched,1
474,15.800,1782384278,T002,20,173.52,522.82,0.0,-0.0,droite,,,1,481,470,0,0.77,matched,1
474,15.800,1782384278,T003,16,100.35,566.14,0.07,-0.06,droite,,,1,481,451,0,0.769,matched,1
474,15.800,1782384278,T004,7,142.39,79.87,0.0,-0.0,gauche,,,1,481,462,0,0.77,matched,1
474,15.800,1782384278,T005,22,242.61,520.49,0.29,0.65,droite,,,1,481,445,0,0.769,matched,1
474,15.800,1782384278,T006,5,33.68,457.49,-0.0,0.0,droite,,,1,479,470,0,0.77,matched,1
474,15.800,1782384278,T007,1,263.89,609.56,0.64,-0.0,droite,,,1,479,433,0,0.768,matched,1
475,15.833,1782384278,T002,20,173.52,522.82,0.0,-0.0,droite,,,1,482,471,0,0.77,matched,1
475,15.833,1782384278,T003,16,100.35,566.14,0.03,0.11,droite,,,1,482,452,0,0.768,matched,1
475,15.833,1782384278,T004,7,142.39,79.87,0.0,-0.0,gauche,,,1,482,463,0,0.77,matched,1
475,15.833,1782384278,T005,22,242.97,521.18,0.21,0.44,droite,,,1,482,446,0,0.768,matched,1
475,15.833,1782384278,T006,5,33.68,457.49,0.0,0.0,droite,,,1,480,471,0,0.77,matched,1
475,15.833,1782384278,T007,1,264.66,609.67,0.54,-0.0,droite,,,1,480,434,0,0.769,matched,1
476,15.867,1782384278,T002,20,173.52,522.82,0.0,-0.0,droite,,,1,483,472,0,0.77,matched,1
476,15.867,1782384278,T003,16,100.99,565.8,0.01,-0.19,droite,,,1,483,453,0,0.766,matched,1
476,15.867,1782384278,T004,7,142.39,79.87,0.0,-0.0,gauche,,,1,483,464,0,0.77,matched,1
476,15.867,1782384278,T005,22,243.39,521.83,0.3,0.43,droite,,,1,483,447,0,0.768,matched,1
476,15.867,1782384278,T006,5,33.68,457.49,0.0,0.0,droite,,,1,481,472,0,0.77,matched,1
476,15.867,1782384278,T007,1,265.43,609.75,0.54,-0.0,droite,,,1,481,435,0,0.769,matched,1
477,15.900,1782384278,T002,20,173.52,522.82,-0.17,-0.0,droite,,,1,484,473,0,0.767,matched,1
477,15.900,1782384278,T003,16,100.99,565.8,-0.17,0.08,droite,,,1,484,454,0,0.766,matched,1
477,15.900,1782384278,T004,7,142.39,79.87,-0.0,-0.0,gauche,,,1,484,465,0,0.77,matched,1
477,15.900,1782384278,T005,22,243.39,521.83,0.27,0.33,droite,,,1,484,448,0,0.769,matched,1
477,15.900,1782384278,T006,5,33.68,457.49,0.0,0.0,droite,,,1,482,473,0,0.77,matched,1
477,15.900,1782384278,T007,1,266.22,609.81,0.59,0.0,droite,,,1,482,436,0,0.768,matched,1
478,15.933,1782384278,T002,20,173.52,522.82,-0.2,0.0,droite,,,1,485,474,0,0.769,matched,1
478,15.933,1782384278,T003,16,100.99,565.8,-0.2,0.17,droite,,,1,485,455,0,0.768,matched,1
478,15.933,1782384278,T004,7,142.39,79.87,-0.0,-0.0,gauche,,,1,485,466,0,0.77,matched,1
478,15.933,1782384278,T005,22,243.39,521.83,0.03,0.05,droite,,,1,485,449,0,0.765,matched,1
478,15.933,1782384278,T006,5,33.68,457.49,0.0,0.0,droite,,,1,483,474,0,0.77,matched,1
478,15.933,1782384278,T007,1,266.22,609.81,0.48,0.0,droite,,,1,483,437,0,0.769,matched,1
479,15.967,1782384278,T002,20,173.52,522.82,0.01,-0.17,droite,,,1,486,475,0,0.766,matched,1
479,15.967,1782384278,T003,16,100.99,565.8,-0.34,0.33,droite,,,1,486,456,0,0.766,matched,1
479,15.967,1782384278,T004,7,142.39,79.87,-0.0,-0.0,gauche,,,1,486,467,0,0.77,matched,1
479,15.967,1782384278,T005,22,243.39,521.83,-0.07,-0.07,droite,,,1,486,450,0,0.768,matched,1
479,15.967,1782384278,T006,5,33.68,457.49,-0.17,0.0,droite,,,1,484,475,0,0.767,matched,1
479,15.967,1782384278,T007,1,266.95,609.85,0.32,0.0,droite,,,1,484,438,0,0.768,matched,1
480,16.000,1782384279,T002,20,173.52,522.82,0.08,-0.37,droite,,,1,487,476,0,0.767,matched,1
480,16.000,1782384279,T003,16,100.99,565.8,-0.48,0.32,droite,,,1,487,457,0,0.767,matched,1
480,16.000,1782384279,T004,7,142.39,79.87,-0.0,-0.0,gauche,,,1,487,468,0,0.77,matched,1
480,16.000,1782384279,T005,22,243.39,521.83,-0.27,-0.1,droite,,,1,487,451,0,0.767,matched,1
480,16.000,1782384279,T006,5,33.68,457.49,-0.2,0.0,droite,,,1,485,476,0,0.769,matched,1
480,16.000,1782384279,T007,1,266.95,609.85,0.19,0.17,droite,,,1,485,439,0,0.767,matched,1
481,16.033,1782384279,T002,20,173.52,522.82,0.1,-0.36,droite,,,1,488,477,0,0.769,matched,1
481,16.033,1782384279,T003,16,100.99,565.8,-0.43,0.24,droite,,,1,488,458,0,0.769,matched,1
481,16.033,1782384279,T004,7,142.39,79.87,-0.0,0.0,gauche,,,1,488,469,0,0.77,matched,1
481,16.033,1782384279,T005,22,243.39,521.83,-0.28,-0.09,droite,,,1,488,452,0,0.769,matched,1
481,16.033,1782384279,T006,5,33.68,457.49,-0.16,0.0,droite,,,1,486,477,0,0.77,matched,1
481,16.033,1782384279,T007,1,266.95,609.85,0.1,0.2,droite,,,1,486,440,0,0.769,matched,1
482,16.067,1782384279,T002,20,173.52,522.82,0.42,-0.44,droite,,,1,489,478,0,0.765,matched,1
482,16.067,1782384279,T003,16,100.99,565.8,-0.48,-0.01,droite,,,1,489,459,0,0.766,matched,1
482,16.067,1782384279,T004,7,142.39,79.87,-0.0,0.0,gauche,,,1,489,470,0,0.77,matched,1
482,16.067,1782384279,T005,22,243.39,521.83,-0.22,-0.24,droite,,,1,489,453,0,0.768,matched,1
482,16.067,1782384279,T006,5,33.68,457.49,-0.11,0.0,droite,,,1,487,478,0,0.77,matched,1
482,16.067,1782384279,T007,1,267.75,610.69,0.38,0.84,droite,,,1,487,441,0,0.759,matched,1
483,16.100,1782384279,T002,20,174.21,522.23,0.62,-0.55,droite,,,1,490,479,0,0.766,matched,1
483,16.100,1782384279,T003,16,100.99,565.8,-0.56,-0.28,droite,,,1,490,460,0,0.766,matched,1
483,16.100,1782384279,T004,7,142.39,79.87,-0.0,0.0,gauche,,,1,490,471,0,0.77,matched,1
483,16.100,1782384279,T005,22,243.39,521.83,-0.15,0.1,droite,,,1,490,454,0,0.765,matched,1
483,16.100,1782384279,T006,5,33.68,457.49,-0.07,-0.0,droite,,,1,488,479,0,0.77,matched,1
483,16.100,1782384279,T007,1,268.49,611.64,0.4,0.9,droite,,,1,488,442,0,0.768,matched,1
484,16.133,1782384279,T002,20,174.88,521.54,0.55,-0.63,droite,,,1,491,480,0,0.768,matched,1
484,16.133,1782384279,T003,16,100.11,565.65,-0.64,-0.32,droite,,,1,491,461,0,0.768,matched,1
484,16.133,1782384279,T004,7,142.39,79.87,-0.0,0.0,gauche,,,1,491,472,0,0.77,matched,1
484,16.133,1782384279,T005,22,243.39,521.83,-0.26,0.38,droite,,,1,491,455,0,0.765,matched,1
484,16.133,1782384279,T006,5,33.68,457.49,-0.03,-0.0,droite,,,1,489,480,0,0.77,matched,1
484,16.133,,T007,1,269.15,612.57,0.36,0.81,droite,,,1,489,442,1,0.49,predicted,1
485,16.167,1782384279,T002,20,175.45,520.9,0.4,-0.52,droite,,,1,492,481,0,0.768,matched,1
485,16.167,1782384279,T003,16,99.34,565.48,-0.52,-0.26,droite,,,1,492,462,0,0.769,matched,1
485,16.167,1782384279,T004,7,142.39,79.87,-0.0,0.0,gauche,,,1,492,473,0,0.77,matched,1
485,16.167,1782384279,T005,22,242.92,522.97,-0.41,0.91,droite,,,1,492,456,0,0.761,matched,1
485,16.167,1782384279,T006,5,33.68,457.49,-0.01,-0.0,droite,,,1,490,481,0,0.77,matched,1
485,16.167,,T007,1,269.74,613.48,0.32,0.73,droite,,,1,490,442,2,0.41,predicted,1
486,16.200,1782384279,T002,20,176.02,520.38,0.42,-0.36,droite,,,1,493,482,0,0.768,matched,1
486,16.200,1782384279,T003,16,99.34,565.48,-0.36,-0.01,droite,,,1,493,463,0,0.766,matched,1
486,16.200,1782384279,T004,7,142.39,79.87,0.0,0.0,gauche,,,1,493,474,0,0.77,matched,1
486,16.200,1782384279,T005,22,242.33,524.4,-0.55,1.25,droite,,,1,493,457,0,0.763,matched,1
486,16.200,1782384279,T006,5,33.68,457.49,-0.0,-0.0,droite,,,1,491,482,0,0.77,matched,1
486,16.200,,T007,1,270.27,614.35,0.29,0.66,droite,,,1,491,442,3,0.33,predicted,1
487,16.233,1782384279,T002,20,176.02,520.38,0.34,-0.22,droite,,,1,494,483,0,0.768,matched,1
487,16.233,1782384279,T003,16,99.34,565.48,-0.21,0.09,droite,,,1,494,464,0,0.768,matched,1
487,16.233,1782384279,T004,7,142.39,79.87,0.0,0.0,gauche,,,1,494,475,0,0.77,matched,1
487,16.233,1782384279,T005,22,241.76,525.76,-0.47,1.09,droite,,,1,494,458,0,0.77,matched,1
487,16.233,1782384279,T006,5,33.68,457.49,0.0,-0.0,droite,,,1,492,483,0,0.77,matched,1
487,16.233,,T007,1,270.74,615.16,0.26,0.59,droite,,,1,492,442,4,0.32,predicted,1
488,16.267,1782384279,T002,20,176.02,520.38,0.06,0.06,droite,,,1,495,484,0,0.765,matched,1
488,16.267,1782384279,T003,16,99.34,565.48,-0.11,0.28,droite,,,1,495,465,0,0.767,matched,1
488,16.267,1782384279,T004,7,142.39,79.87,0.17,0.17,gauche,,,1,495,476,0,0.766,matched,1
488,16.267,1782384279,T005,22,241.28,527.45,-0.34,1.47,droite,,,1,495,459,0,0.763,matched,1
488,16.267,1782384279,T006,5,33.68,457.49,0.0,-0.0,droite,,,1,493,484,0,0.77,matched,1
488,16.267,,T007,1,271.16,615.92,0.24,0.53,droite,,,1,493,442,5,0.32,predicted,1
489,16.300,1782384279,T002,20,176.02,520.38,0.1,0.15,droite,,,1,496,485,0,0.768,matched,1
489,16.300,1782384279,T003,16,98.6,565.82,-0.21,0.29,droite,,,1,496,466,0,0.768,matched,1
489,16.300,1782384279,T004,7,142.39,79.87,0.03,0.03,gauche,,,1,496,477,0,0.767,matched,1
489,16.300,1782384279,T005,22,241.06,529.59,-0.04,1.96,droite,,,1,496,460,0,0.76,matched,1
489,16.300,1782384279,T006,5,33.68,457.49,0.0,-0.0,droite,,,1,494,485,0,0.77,matched,1
489,16.300,1782384279,T007,21,271.14,615.07,-0.04,-0.52,droite,,,1,494,443,0,0.752,matched,1
490,16.333,1782384279,T002,20,176.02,520.38,0.1,0.15,droite,,,1,497,486,0,0.77,matched,1
490,16.333,1782384279,T003,16,98.6,565.82,-0.04,0.4,droite,,,1,497,467,0,0.767,matched,1
490,16.333,1782384279,T004,7,142.39,79.87,-0.03,-0.03,gauche,,,1,497,478,0,0.769,matched,1
490,16.333,1782384279,T005,22,240.97,531.92,0.08,2.04,droite,,,1,497,461,0,0.766,matched,1
490,16.333,1782384279,T006,5,33.68,457.49,0.0,-0.0,droite,,,1,495,486,0,0.77,matched,1
490,16.333,1782384279,T007,21,271.14,615.07,0.1,-0.15,droite,,,1,495,444,0,0.764,matched,1
491,16.367,1782384279,T002,20,176.02,520.38,0.25,0.12,droite,,,1,498,487,0,0.768,matched,1
491,16.367,1782384279,T003,16,98.04,566.49,-0.13,0.52,droite,,,1,498,468,0,0.767,matched,1
491,16.367,1782384279,T004,7,142.39,79.87,-0.05,-0.05,gauche,,,1,498,479,0,0.77,matched,1
491,16.367,1782384279,T005,22,240.95,533.72,0.11,1.27,droite,,,1,498,462,0,0.762,matched,1
491,16.367,1782384279,T006,5,33.68,457.49,0.0,0.0,droite,,,1,496,487,0,0.77,matched,1
491,16.367,1782384279,T007,21,271.14,615.07,0.14,-0.32,droite,,,1,496,445,0,0.767,matched,1
492,16.400,1782384279,T002,20,176.02,520.38,0.25,0.08,droite,,,1,499,488,0,0.769,matched,1
492,16.400,1782384279,T003,16,97.56,567.37,-0.14,0.79,droite,,,1,499,469,0,0.765,matched,1
492,16.400,1782384279,T004,7,142.39,79.87,-0.04,-0.04,gauche,,,1,499,480,0,0.77,matched,1
492,16.400,1782384279,T005,22,240.97,535.16,0.1,0.85,droite,,,1,499,463,0,0.766,matched,1
492,16.400,1782384279,T006,5,33.68,457.49,0.0,0.0,droite,,,1,497,488,0,0.77,matched,1
492,16.400,1782384279,T007,21,271.49,614.35,0.3,-0.31,droite,,,1,497,446,0,0.768,matched,1
493,16.433,1782384279,T002,20,176.76,520.3,0.19,0.05,droite,,,1,500,489,0,0.769,matched,1
493,16.433,1782384279,T003,16,97.18,568.24,-0.11,0.71,droite,,,1,500,470,0,0.77,matched,1
493,16.433,1782384279,T004,7,142.39,79.87,-0.03,-0.03,gauche,,,1,500,481,0,0.77,matched,1
493,16.433,1782384279,T005,22,240.99,536.25,0.07,0.5,droite,,,1,500,464,0,0.766,matched,1
493,16.433,1782384279,T006,5,33.68,457.49,0.0,0.0,droite,,,1,498,489,0,0.77,matched,1
493,16.433,1782384279,T007,21,271.49,614.35,0.29,-0.23,droite,,,1,498,447,0,0.769,matched,1
494,16.467,1782384279,T002,20,176.76,520.3,0.13,0.19,droite,,,1,501,490,0,0.768,matched,1
494,16.467,1782384279,T003,16,96.61,569.25,-0.41,0.86,droite,,,1,501,471,0,0.764,matched,1
494,16.467,1782384279,T004,7,142.39,79.87,-0.02,-0.02,gauche,,,1,501,482,0,0.77,matched,1
494,16.467,1782384279,T005,22,241.0,537.3,0.04,0.59,droite,,,1,501,465,0,0.768,matched,1
494,16.467,1782384279,T006,5,33.68,457.49,0.0,0.0,droite,,,1,499,490,0,0.77,matched,1
494,16.467,1782384279,T007,21,271.49,614.35,0.22,0.03,droite,,,1,499,448,0,0.767,matched,1
495,16.500,1782384279,T002,20,176.76,520.3,0.07,0.21,droite,,,1,502,491,0,0.769,matched,1
495,16.500,1782384279,T003,16,96.02,570.46,-0.44,1.06,droite,,,1,502,472,0,0.766,matched,1
495,16.500,1782384279,T004,7,142.39,79.87,-0.01,-0.01,gauche,,,1,502,483,0,0.77,matched,1
495,16.500,1782384279,T005,22,241.01,538.63,0.02,1.0,droite,,,1,502,466,0,0.763,matched,1
495,16.500,1782384279,T006,5,33.68,457.49,0.0,0.0,droite,,,1,500,491,0,0.77,matched,1
495,16.500,1782384279,T007,21,271.49,614.35,0.14,0.29,droite,,,1,500,449,0,0.766,matched,1
496,16.533,1782384279,T002,20,177.45,520.62,0.21,0.33,droite,,,1,503,492,0,0.767,matched,1
496,16.533,1782384279,T003,16,95.37,571.86,-0.52,1.24,droite,,,1,503,473,0,0.765,matched,1
496,16.533,1782384279,T004,7,142.39,79.87,-0.01,-0.01,gauche,,,1,503,484,0,0.77,matched,1
496,16.533,1782384279,T005,22,240.6,540.58,-0.5,1.78,droite,,,1,503,467,0,0.755,matched,1
496,16.533,1782384279,T006,5,33.68,457.49,-0.0,0.0,droite,,,1,501,492,0,0.77,matched,1
496,16.533,1782384279,T007,21,271.49,614.35,0.25,0.32,droite,,,1,501,450,0,0.768,matched,1
497,16.567,1782384279,T002,20,178.18,521.22,0.38,0.65,droite,,,1,504,493,0,0.764,matched,1
497,16.567,1782384279,T003,16,94.64,573.56,-0.6,1.54,droite,,,1,504,474,0,0.764,matched,1
497,16.567,1782384279,T004,7,142.39,79.87,-0.0,-0.0,gauche,,,1,504,485,0,0.77,matched,1
497,16.567,1782384279,T005,1,240.2,543.11,-0.42,2.36,droite,,,1,504,468,0,0.759,matched,1
497,16.567,1782384279,T006,5,33.68,457.49,-0.0,0.0,droite,,,1,502,493,0,0.77,matched,1
497,16.567,1782384279,T007,21,271.49,614.35,0.23,0.43,droite,,,1,502,451,0,0.768,matched,1
498,16.600,1782384279,T002,20,178.99,522.28,0.53,1.13,droite,,,1,505,494,0,0.761,matched,1
498,16.600,1782384279,T003,16,93.98,575.15,-0.5,1.3,droite,,,1,505,475,0,0.769,matched,1
498,16.600,1782384279,T004,7,142.39,79.87,0.0,0.0,gauche,,,1,505,486,0,0.77,matched,1
498,16.600,1782384279,T005,22,239.59,545.67,-0.63,2.21,droite,,,1,505,469,0,0.766,matched,1
498,16.600,1782384279,T006,5,33.68,457.49,-0.0,0.0,droite,,,1,503,494,0,0.77,matched,1
498,16.600,1782384279,T007,21,271.49,614.35,0.18,0.38,droite,,,1,503,452,0,0.769,matched,1
499,16.633,1782384279,T002,20,179.71,523.38,0.47,1.06,droite,,,1,506,495,0,0.769,matched,1
499,16.633,1782384279,T003,16,93.44,576.61,-0.34,1.09,droite,,,1,506,476,0,0.768,matched,1
499,16.633,1782384279,T004,7,142.39,79.87,0.0,0.0,gauche,,,1,506,487,0,0.77,matched,1
499,16.633,1782384279,T005,22,238.97,547.87,-0.57,1.66,droite,,,1,506,470,0,0.765,matched,1
499,16.633,1782384279,T006,5,33.68,457.49,-0.0,0.0,droite,,,1,504,495,0,0.77,matched,1
499,16.633,1782384279,T007,21,271.49,614.35,0.11,0.27,droite,,,1,504,453,0,0.769,matched,1
500,16.667,1782384279,T002,20,180.59,524.76,0.68,1.3,droite,,,1,507,496,0,0.764,matched,1
500,16.667,1782384279,T003,16,93.04,578.07,-0.21,1.1,droite,,,1,507,477,0,0.768,matched,1
500,16.667,1782384279,T004,7,142.39,79.87,0.0,0.0,gauche,,,1,507,488,0,0.77,matched,1
500,16.667,1782384279,T005,22,237.89,549.6,-1.1,1.06,droite,,,1,507,471,0,0.759,matched,1
500,16.667,1782384279,T006,5,33.68,457.49,-0.0,-0.0,droite,,,1,505,496,0,0.77,matched,1
500,16.667,1782384279,T007,21,272.25,614.69,0.23,0.34,droite,,,1,505,454,0,0.768,matched,1
501,16.700,1782384279,T002,20,181.68,526.06,0.94,1.1,droite,,,1,508,497,0,0.765,matched,1
501,16.700,1782384279,T003,16,92.74,579.06,-0.11,0.51,droite,,,1,508,478,0,0.763,matched,1
501,16.700,1782384279,T004,7,142.39,79.87,0.0,0.0,gauche,,,1,508,489,0,0.77,matched,1
501,16.700,1782384279,T005,22,236.75,550.87,-1.05,0.59,droite,,,1,508,472,0,0.765,matched,1
501,16.700,1782384279,T006,5,33.68,457.49,-0.0,-0.0,droite,,,1,506,497,0,0.77,matched,1
501,16.700,1782384279,T007,21,272.9,615.15,0.23,0.46,droite,,,1,506,455,0,0.768,matched,1
502,16.733,1782384279,T002,20,182.87,527.14,1.0,0.77,droite,,,1,509,498,0,0.766,matched,1
502,16.733,1782384279,T003,16,92.74,579.06,-0.04,0.17,droite,,,1,509,479,0,0.766,matched,1
502,16.733,1782384279,T004,7,142.39,79.87,0.0,0.0,gauche,,,1,509,490,0,0.77,matched,1
502,16.733,1782384279,T005,22,235.49,551.92,-1.13,0.45,droite,,,1,509,473,0,0.767,matched,1
502,16.733,1782384279,T006,5,33.68,457.49,-0.0,-0.0,droite,,,1,507,498,0,0.77,matched,1
502,16.733,1782384279,T007,21,272.9,615.15,0.17,0.4,droite,,,1,507,456,0,0.77,matched,1
503,16.767,1782384279,T002,20,184.2,527.96,1.14,0.47,droite,,,1,510,499,0,0.765,matched,1
503,16.767,1782384279,T003,16,92.41,579.76,-0.18,0.17,droite,,,1,510,480,0,0.768,matched,1
503,16.767,1782384279,T004,7,142.39,79.87,0.0,0.0,gauche,,,1,510,491,0,0.77,matched,1
503,16.767,1782384279,T005,22,234.2,553.27,-1.08,0.97,droite,,,1,510,474,0,0.762,matched,1
503,16.767,1782384279,T006,5,33.68,457.49,-0.0,-0.0,droite,,,1,508,499,0,0.77,matched,1
503,16.767,1782384279,T007,21,273.43,615.64,0.11,0.29,droite,,,1,508,457,0,0.769,matched,1
504,16.800,1782384279,T002,20,185.27,528.69,0.76,0.42,droite,,,1,511,500,0,0.766,matched,1
504,16.800,1782384279,T003,16,92.41,579.76,-0.02,0.13,droite,,,1,511,481,0,0.768,matched,1
504,16.800,1782384279,T004,7,142.39,79.87,0.0,0.0,gauche,,,1,511,492,0,0.77,matched,1
504,16.800,1782384279,T005,22,232.96,554.88,-0.98,1.29,droite,,,1,511,475,0,0.764,matched,1
504,16.800,1782384279,T006,5,33.68,457.49,0.0,-0.0,droite,,,1,509,500,0,0.77,matched,1
504,16.800,1782384279,T007,21,273.43,615.64,0.23,0.18,droite,,,1,509,458,0,0.768,matched,1
505,16.833,1782384279,T002,20,186.07,529.29,0.44,0.3,droite,,,1,512,501,0,0.766,matched,1
505,16.833,1782384279,T003,16,92.41,579.76,0.04,0.09,droite,,,1,512,482,0,0.769,matched,1
505,16.833,1782384279,T004,7,142.39,79.87,0.0,0.0,gauche,,,1,512,493,0,0.77,matched,1
505,16.833,1782384279,T005,22,231.91,556.37,-0.72,1.12,droite,,,1,512,476,0,0.768,matched,1
505,16.833,1782384279,T006,5,33.68,457.49,0.0,-0.0,droite,,,1,510,501,0,0.77,matched,1
505,16.833,1782384279,T007,21,273.43,615.64,0.23,0.1,droite,,,1,510,459,0,0.769,matched,1
506,16.867,1782384279,T002,20,186.78,529.75,0.39,0.19,droite,,,1,513,502,0,0.769,matched,1
506,16.867,1782384279,T003,16,92.41,579.76,-0.11,0.05,droite,,,1,513,483,0,0.768,matched,1
506,16.867,1782384279,T004,7,142.39,79.87,0.0,0.0,gauche,,,1,513,494,0,0.77,matched,1
506,16.867,1782384279,T005,22,230.82,558.02,-0.8,1.31,droite,,,1,513,477,0,0.765,matched,1
506,16.867,1782384279,T006,5,33.68,457.49,0.0,-0.0,droite,,,1,511,502,0,0.77,matched,1
506,16.867,1782384279,T007,21,274.07,616.13,0.17,0.21,droite,,,1,511,460,0,0.768,matched,1
507,16.900,1782384279,T002,20,187.49,530.37,0.45,0.44,droite,,,1,514,503,0,0.766,matched,1
507,16.900,1782384279,T003,16,92.41,579.76,-0.14,0.02,droite,,,1,514,484,0,0.769,matched,1
507,16.900,1782384279,T004,7,142.39,79.87,-0.0,-0.0,gauche,,,1,514,495,0,0.77,matched,1
507,16.900,1782384279,T005,22,229.86,560.06,-0.65,1.77,droite,,,1,514,478,0,0.761,matched,1
507,16.900,1782384279,T006,5,33.68,457.49,0.0,-0.0,droite,,,1,512,503,0,0.77,matched,1
507,16.900,1782384279,T007,21,274.07,616.13,0.11,0.21,droite,,,1,512,461,0,0.769,matched,1
508,16.933,1782384279,T002,20,188.25,531.25,0.54,0.78,droite,,,1,515,504,0,0.764,matched,1
508,16.933,1782384279,T003,16,92.41,579.76,0.04,0.01,droite,,,1,515,485,0,0.767,matched,1
508,16.933,1782384279,T004,7,142.39,79.87,-0.0,-0.0,gauche,,,1,515,496,0,0.77,matched,1
508,16.933,1782384279,T005,22,229.09,562.13,-0.44,1.71,droite,,,1,515,479,0,0.767,matched,1
508,16.933,1782384279,T006,5,33.68,457.49,0.0,0.0,droite,,,1,513,504,0,0.77,matched,1
508,16.933,1782384279,T007,21,274.07,616.13,0.06,0.16,droite,,,1,513,462,0,0.769,matched,1
509,16.967,1782384279,T002,20,189.07,532.4,0.62,1.07,droite,,,1,516,505,0,0.764,matched,1
509,16.967,1782384279,T003,16,92.41,579.76,0.11,0.0,droite,,,1,516,486,0,0.769,matched,1
509,16.967,1782384279,T004,7,142.39,79.87,-0.0,-0.0,gauche,,,1,516,497,0,0.77,matched,1
509,16.967,1782384279,T005,22,228.37,564.06,-0.43,1.47,droite,,,1,516,480,0,0.769,matched,1
509,16.967,1782384279,T006,5,33.68,457.49,0.0,0.0,droite,,,1,514,505,0,0.77,matched,1
509,16.967,1782384279,T007,21,274.07,616.13,0.2,-0.06,droite,,,1,514,463,0,0.766,matched,1
510,17.000,1782384280,T002,20,189.94,533.8,0.68,1.28,droite,,,1,517,506,0,0.765,matched,1
510,17.000,1782384280,T003,16,92.41,579.76,0.11,-0.0,droite,,,1,517,487,0,0.77,matched,1
510,17.000,1782384280,T004,7,142.39,79.87,-0.0,-0.0,gauche,,,1,517,498,0,0.77,matched,1
510,17.000,1782384280,T005,22,227.49,565.79,-0.67,1.21,droite,,,1,517,481,0,0.766,matched,1
510,17.000,1782384280,T006,5,33.68,457.49,0.0,0.0,droite,,,1,515,506,0,0.77,matched,1
510,17.000,1782384280,T007,21,274.07,616.13,0.21,-0.31,droite,,,1,515,464,0,0.766,matched,1
511,17.033,1782384280,T002,20,190.71,535.09,0.55,1.07,droite,,,1,518,507,0,0.768,matched,1
511,17.033,1782384280,T003,16,92.41,579.76,0.08,-0.0,droite,,,1,518,488,0,0.77,matched,1
511,17.033,1782384280,T004,7,142.39,79.87,-0.0,-0.0,gauche,,,1,518,499,0,0.77,matched,1
511,17.033,1782384280,T005,22,226.66,567.2,-0.61,0.84,droite,,,1,518,482,0,0.766,matched,1
511,17.033,1782384280,T006,5,33.68,457.49,0.0,0.0,droite,,,1,516,507,0,0.77,matched,1
511,17.033,1782384280,T007,21,274.07,616.13,0.16,-0.33,droite,,,1,516,465,0,0.769,matched,1
512,17.067,1782384280,T002,20,191.61,536.71,0.72,1.43,droite,,,1,519,508,0,0.762,matched,1
512,17.067,1782384280,T003,16,92.41,579.76,0.05,-0.0,droite,,,1,519,489,0,0.77,matched,1
512,17.067,1782384280,T004,7,142.39,79.87,-0.0,-0.0,gauche,,,1,519,500,0,0.77,matched,1
512,17.067,1782384280,T005,22,225.82,568.54,-0.62,0.84,droite,,,1,519,483,0,0.768,matched,1
512,17.067,1782384280,T006,5,33.68,457.49,0.0,0.0,droite,,,1,517,508,0,0.77,matched,1
512,17.067,1782384280,T007,21,274.93,615.94,0.28,-0.43,droite,,,1,517,466,0,0.767,matched,1
513,17.100,1782384280,T002,20,192.58,538.66,0.79,1.75,droite,,,1,520,509,0,0.763,matched,1
513,17.100,1782384280,T003,16,92.41,579.76,0.2,0.17,droite,,,1,520,490,0,0.767,matched,1
513,17.100,1782384280,T004,7,142.39,79.87,-0.0,-0.0,gauche,,,1,520,501,0,0.77,matched,1
513,17.100,1782384280,T005,22,225.1,570.08,-0.48,1.16,droite,,,1,520,484,0,0.764,matched,1
513,17.100,1782384280,T006,5,33.68,457.49,-0.0,0.0,droite,,,1,518,509,0,0.77,matched,1
513,17.100,1782384280,T007,21,275.8,615.84,0.43,-0.21,droite,,,1,518,467,0,0.766,matched,1
514,17.133,1782384280,T002,20,193.44,540.89,0.63,1.99,droite,,,1,521,510,0,0.764,matched,1
514,17.133,1782384280,T003,16,92.39,580.64,0.04,0.37,droite,,,1,521,491,0,0.766,matched,1
514,17.133,1782384280,T004,7,142.39,79.87,-0.0,-0.0,gauche,,,1,521,502,0,0.77,matched,1
514,17.133,1782384280,T005,22,224.39,571.93,-0.49,1.53,droite,,,1,521,485,0,0.763,matched,1
514,17.133,1782384280,T006,5,33.68,457.49,-0.0,0.0,droite,,,1,519,510,0,0.77,matched,1
514,17.133,1782384280,T007,21,276.7,615.67,0.56,-0.24,droite,,,1,519,468,0,0.767,matched,1
515,17.167,1782384280,T002,20,194.28,543.35,0.6,2.14,droite,,,1,522,511,0,0.765,matched,1
515,17.167,1782384280,T003,16,92.34,581.57,-0.03,0.53,droite,,,1,522,492,0,0.767,matched,1
515,17.167,1782384280,T004,7,142.39,79.87,0.0,0.0,gauche,,,1,522,503,0,0.77,matched,1
515,17.167,1782384280,T005,22,223.64,574.21,-0.55,2.01,droite,,,1,522,486,0,0.761,matched,1
515,17.167,1782384280,T006,5,33.68,457.49,-0.0,0.0,droite,,,1,520,511,0,0.77,matched,1
515,17.167,1782384280,T007,21,277.51,615.36,0.48,-0.37,droite,,,1,520,469,0,0.768,matched,1
516,17.200,1782384280,T002,20,195.26,545.83,0.79,2.05,droite,,,1,523,512,0,0.766,matched,1
516,17.200,1782384280,T003,16,92.27,582.67,-0.05,0.81,droite,,,1,523,493,0,0.765,matched,1
516,17.200,1782384280,T004,7,142.39,79.87,0.0,0.0,gauche,,,1,523,504,0,0.77,matched,1
516,17.200,1782384280,T005,22,222.84,576.77,-0.62,2.24,droite,,,1,523,487,0,0.763,matched,1
516,17.200,1782384280,T006,5,33.68,457.49,-0.17,0.0,droite,,,1,521,512,0,0.768,matched,1
516,17.200,1782384280,T007,21,278.3,615.04,0.51,-0.34,droite,,,1,521,470,0,0.769,matched,1
517,17.233,1782384280,T002,20,196.17,547.97,0.69,1.55,droite,,,1,524,513,0,0.766,matched,1
517,17.233,1782384280,T003,16,92.21,583.57,-0.05,0.57,droite,,,1,524,494,0,0.768,matched,1
517,17.233,1782384280,T004,7,142.39,79.87,0.0,0.0,gauche,,,1,524,505,0,0.77,matched,1
517,17.233,1782384280,T005,22,222.13,579.1,-0.51,1.83,droite,,,1,524,488,0,0.767,matched,1
517,17.233,1782384280,T006,5,33.68,457.49,-0.2,-0.0,droite,,,1,522,513,0,0.769,matched,1
517,17.233,1782384280,T007,21,278.98,614.76,0.41,-0.25,droite,,,1,522,471,0,0.769,matched,1
518,17.267,1782384280,T002,20,196.93,549.65,0.49,1.01,droite,,,1,525,514,0,0.764,matched,1
518,17.267,1782384280,T003,16,92.15,584.39,-0.03,0.51,droite,,,1,525,495,0,0.77,matched,1
518,17.267,1782384280,T004,7,142.39,79.87,0.0,0.0,gauche,,,1,525,506,0,0.77,matched,1
518,17.267,1782384280,T005,22,221.42,581.41,-0.52,1.76,droite,,,1,525,489,0,0.768,matched,1
518,17.267,1782384280,T006,5,33.26,458.09,-0.16,-0.0,droite,,,1,523,514,0,0.77,matched,1
518,17.267,1782384280,T007,21,278.98,614.76,0.28,-0.33,droite,,,1,523,472,0,0.768,matched,1
519,17.300,1782384280,T002,20,197.65,551.04,0.47,0.74,droite,,,1,526,515,0,0.767,matched,1
519,17.300,1782384280,T003,16,92.11,585.21,-0.02,0.55,droite,,,1,526,496,0,0.769,matched,1
519,17.300,1782384280,T004,7,142.39,79.87,0.0,0.0,gauche,,,1,526,507,0,0.77,matched,1
519,17.300,1782384280,T005,22,220.52,583.38,-0.74,1.33,droite,,,1,526,490,0,0.765,matched,1
519,17.300,1782384280,T006,5,33.26,458.09,-0.11,-0.0,droite,,,1,524,515,0,0.77,matched,1
519,17.300,1782384280,T007,21,279.65,614.19,0.33,-0.45,droite,,,1,524,473,0,0.767,matched,1
520,17.333,1782384280,T002,20,198.39,552.38,0.53,0.81,droite,,,1,527,516,0,0.767,matched,1
520,17.333,1782384280,T003,16,92.11,585.21,-0.01,0.43,droite,,,1,527,497,0,0.769,matched,1
520,17.333,1782384280,T004,7,142.39,79.87,0.0,0.0,gauche,,,1,527,508,0,0.77,matched,1
520,17.333,1782384280,T005,22,219.54,585.07,-0.83,1.04,droite,,,1,527,491,0,0.767,matched,1
520,17.333,1782384280,T006,5,33.26,458.09,-0.07,-0.0,droite,,,1,525,516,0,0.77,matched,1
520,17.333,1782384280,T007,21,280.23,613.66,0.28,-0.4,droite,,,1,525,474,0,0.77,matched,1
521,17.367,1782384280,T002,20,199.18,553.81,0.6,0.99,droite,,,1,528,517,0,0.766,matched,1
521,17.367,1782384280,T003,16,92.22,585.94,0.16,0.29,droite,,,1,528,498,0,0.767,matched,1
521,17.367,1782384280,T004,7,142.39,79.87,0.0,0.0,gauche,,,1,528,509,0,0.77,matched,1
521,17.367,1782384280,T005,22,218.64,586.54,-0.68,0.86,droite,,,1,528,492,0,0.768,matched,1
521,17.367,1782384280,T006,5,33.26,458.09,-0.03,-0.0,droite,,,1,526,517,0,0.77,matched,1
521,17.367,1782384280,T007,21,280.69,613.08,0.19,-0.46,droite,,,1,526,475,0,0.768,matched,1
522,17.400,1782384280,T002,20,200.02,555.36,0.66,1.18,droite,,,1,529,518,0,0.765,matched,1
522,17.400,1782384280,T003,16,92.22,585.94,0.02,0.17,droite,,,1,529,499,0,0.768,matched,1
522,17.400,1782384280,T004,7,142.39,79.87,0.0,0.0,gauche,,,1,529,510,0,0.77,matched,1
522,17.400,1782384280,T005,22,217.78,587.85,-0.63,0.76,droite,,,1,529,493,0,0.77,matched,1
522,17.400,1782384280,T006,5,33.26,458.09,-0.01,-0.0,droite,,,1,527,518,0,0.77,matched,1
522,17.400,,T007,21,280.69,613.08,0.17,-0.41,droite,,,1,527,475,1,0.49,predicted,1
523,17.433,1782384280,T002,20,200.77,556.76,0.53,0.98,droite,,,1,530,519,0,0.769,matched,1
523,17.433,1782384280,T003,16,92.22,585.94,-0.03,0.09,droite,,,1,530,500,0,0.769,matched,1
523,17.433,1782384280,T004,7,142.39,79.87,0.0,0.0,gauche,,,1,530,511,0,0.77,matched,1
523,17.433,1782384280,T005,22,217.06,588.93,-0.47,0.55,droite,,,1,530,494,0,0.768,matched,1
523,17.433,1782384280,T006,5,33.26,458.09,-0.0,-0.0,droite,,,1,528,519,0,0.77,matched,1
523,17.433,,T007,21,281.13,612.43,0.16,-0.37,droite,,,1,528,475,2,0.41,predicted,1
524,17.467,1782384280,T002,20,201.52,558.04,0.53,0.85,droite,,,1,531,520,0,0.769,matched,1
524,17.467,1782384280,T003,16,92.22,585.94,0.12,-0.14,droite,,,1,531,501,0,0.766,matched,1
524,17.467,1782384280,T004,7,142.39,79.87,-0.0,-0.0,gauche,,,1,531,512,0,0.77,matched,1
524,17.467,1782384280,T005,22,216.35,590.17,-0.47,0.86,droite,,,1,531,495,0,0.765,matched,1
524,17.467,1782384280,T006,5,33.26,458.09,0.0,-0.0,droite,,,1,529,520,0,0.77,matched,1
524,17.467,,T007,21,281.13,612.43,0.14,-0.33,droite,,,1,529,475,3,0.33,predicted,1
525,17.500,1782384280,T002,20,202.43,559.22,0.75,0.78,droite,,,1,532,521,0,0.766,matched,1
525,17.500,1782384280,T003,16,92.22,585.94,0.15,-0.19,droite,,,1,532,502,0,0.769,matched,1
525,17.500,1782384280,T004,7,142.39,79.87,-0.0,-0.0,gauche,,,1,532,513,0,0.77,matched,1
525,17.500,1782384280,T005,22,215.75,591.6,-0.37,1.12,droite,,,1,532,496,0,0.765,matched,1
525,17.500,1782384280,T006,5,33.26,458.09,0.0,-0.0,droite,,,1,530,521,0,0.77,matched,1
525,17.500,,T007,21,281.53,611.77,0.13,-0.3,droite,,,1,530,475,4,0.32,predicted,1
526,17.533,1782384280,T002,20,203.57,560.21,1.01,0.57,droite,,,1,533,522,0,0.765,matched,1
526,17.533,1782384280,T003,16,92.22,585.94,0.13,-0.17,droite,,,1,533,503,0,0.77,matched,1
526,17.533,1782384280,T004,7,142.39,79.87,-0.0,-0.0,gauche,,,1,533,514,0,0.77,matched,1
526,17.533,1782384280,T005,22,215.42,593.47,-0.07,1.65,droite,,,1,533,497,0,0.76,matched,1
526,17.533,1782384280,T006,5,33.26,458.09,0.0,-0.0,droite,,,1,531,522,0,0.77,matched,1
526,17.533,,T007,21,281.53,611.77,0.11,-0.27,droite,,,1,531,475,5,0.32,predicted,1
527,17.567,1782384280,T002,20,204.79,560.97,1.05,0.36,droite,,,1,534,523,0,0.767,matched,1
527,17.567,1782384280,T003,16,92.22,585.94,0.09,-0.12,droite,,,1,534,504,0,0.769,matched,1
527,17.567,1782384280,T004,7,142.39,79.87,-0.0,-0.0,gauche,,,1,534,515,0,0.77,matched,1
527,17.567,1782384280,T005,22,214.83,595.55,-0.45,1.82,droite,,,1,534,498,0,0.762,matched,1
527,17.567,1782384280,T006,5,33.26,458.09,0.0,-0.0,droite,,,1,532,523,0,0.77,matched,1
527,17.567,1782384280,T007,23,281.53,611.77,0.1,0.03,droite,,,1,532,476,0,0.765,matched,1
528,17.600,1782384280,T002,20,206.01,561.53,0.99,0.2,droite,,,1,535,524,0,0.768,matched,1
528,17.600,1782384280,T003,16,92.22,585.94,0.06,-0.08,droite,,,1,535,505,0,0.769,matched,1
528,17.600,1782384280,T004,7,142.39,79.87,-0.0,-0.0,gauche,,,1,535,516,0,0.77,matched,1
528,17.600,1782384280,T005,22,214.07,597.72,-0.67,1.81,droite,,,1,535,499,0,0.765,matched,1
528,17.600,1782384280,T006,5,33.26,458.09,0.17,-0.0,droite,,,1,533,524,0,0.768,matched,1
528,17.600,1782384280,T007,23,281.53,611.77,0.07,0.04,droite,,,1,533,477,0,0.77,matched,1
529,17.633,1782384280,T002,20,207.05,561.94,0.75,0.09,droite,,,1,536,525,0,0.767,matched,1
529,17.633,1782384280,T003,16,92.22,585.94,0.03,-0.04,droite,,,1,536,506,0,0.769,matched,1
529,17.633,1782384280,T004,7,142.39,79.87,-0.0,-0.0,gauche,,,1,536,517,0,0.77,matched,1
529,17.633,1782384280,T005,22,213.33,599.6,-0.6,1.39,droite,,,1,536,500,0,0.767,matched,1
529,17.633,1782384280,T006,5,33.26,458.09,0.2,-0.0,droite,,,1,534,525,0,0.769,matched,1
529,17.633,1782384280,T007,23,281.53,611.77,0.05,0.03,droite,,,1,534,478,0,0.77,matched,1
530,17.667,1782384280,T002,20,208.01,562.23,0.65,0.03,droite,,,1,537,526,0,0.769,matched,1
530,17.667,1782384280,T003,16,92.22,585.94,0.01,0.15,droite,,,1,537,507,0,0.767,matched,1
530,17.667,1782384280,T004,7,142.39,79.87,-0.0,-0.0,gauche,,,1,537,518,0,0.77,matched,1
530,17.667,1782384280,T005,22,212.43,601.38,-0.77,1.26,droite,,,1,537,501,0,0.767,matched,1
530,17.667,1782384280,T006,5,33.26,458.09,0.16,-0.0,droite,,,1,535,526,0,0.77,matched,1
530,17.667,1782384280,T007,23,281.53,611.77,0.02,0.02,droite,,,1,535,479,0,0.77,matched,1
531,17.700,1782384280,T002,20,208.94,562.57,0.64,0.17,droite,,,1,538,527,0,0.768,matched,1
531,17.700,1782384280,T003,16,92.22,585.94,0.0,0.36,droite,,,1,538,508,0,0.767,matched,1
531,17.700,1782384280,T004,7,142.39,79.87,-0.0,-0.0,gauche,,,1,538,519,0,0.77,matched,1
531,17.700,1782384280,T005,22,211.59,603.13,-0.67,1.26,droite,,,1,538,502,0,0.768,matched,1
531,17.700,1782384280,T006,5,33.26,458.09,0.11,-0.0,droite,,,1,536,527,0,0.769,matched,1
531,17.700,1782384280,T007,23,281.53,611.77,0.01,0.01,droite,,,1,536,480,0,0.77,matched,1
532,17.733,1782384280,T002,15,217.68,558.77,10.35,-4.92,droite,,,1,539,528,0,0.608,matched,1
532,17.733,1782384280,T003,16,92.55,586.65,0.17,0.36,droite,,,1,539,509,0,0.768,matched,1
532,17.733,1782384280,T004,7,142.39,79.87,0.0,0.0,gauche,,,1,539,520,0,0.77,matched,1
532,17.733,1782384280,T005,20,211.58,598.73,0.38,-6.34,droite,,,1,539,503,0,0.659,matched,1
532,17.733,1782384280,T006,5,33.26,458.09,0.07,-0.0,droite,,,1,537,528,0,0.77,matched,1
532,17.733,1782384280,T007,23,281.53,611.77,-0.17,-0.17,droite,,,1,537,481,0,0.766,matched,1
533,17.767,1782384280,T002,15,228.77,553.63,11.74,-5.76,droite,,,1,540,529,0,0.729,matched,1
533,17.767,1782384280,T003,16,93.01,587.38,0.36,0.45,droite,,,1,540,510,0,0.766,matched,1
533,17.767,1782384280,T004,7,142.39,79.87,0.0,0.0,gauche,,,1,540,521,0,0.77,matched,1
533,17.767,1782384280,T005,20,212.08,592.16,0.86,-7.82,droite,,,1,540,504,0,0.738,matched,1
533,17.767,1782384280,T006,5,33.26,458.09,0.03,-0.0,droite,,,1,538,529,0,0.77,matched,1
533,17.767,1782384280,T007,23,281.53,611.77,-0.2,-0.54,droite,,,1,538,482,0,0.764,matched,1
534,17.800,1782384280,T002,15,239.38,548.95,9.78,-4.44,droite,,,1,541,530,0,0.754,matched,1
534,17.800,1782384280,T003,16,93.47,588.16,0.36,0.55,droite,,,1,541,511,0,0.768,matched,1
534,17.800,1782384280,T004,7,142.39,79.87,0.0,0.0,gauche,,,1,541,522,0,0.77,matched,1
534,17.800,1782384280,T005,20,213.01,585.76,1.19,-6.45,droite,,,1,541,505,0,0.759,matched,1
534,17.800,1782384280,T006,5,33.26,458.09,-0.16,-0.0,droite,,,1,539,530,0,0.767,matched,1
534,17.800,1782384280,T007,23,281.63,610.63,-0.17,-0.9,droite,,,1,539,483,0,0.764,matched,1
535,17.833,1782384280,T002,15,248.18,545.19,6.8,-2.92,droite,,,1,542,531,0,0.737,matched,1
535,17.833,1782384280,T003,16,93.86,588.86,0.27,0.46,droite,,,1,542,512,0,0.769,matched,1
535,17.833,1782384280,T004,7,142.39,79.87,0.0,0.0,gauche,,,1,542,523,0,0.77,matched,1
535,17.833,1782384280,T005,20,213.98,580.45,1.05,-4.46,droite,,,1,542,506,0,0.75,matched,1
535,17.833,1782384280,T006,5,33.26,458.09,-0.19,-0.0,droite,,,1,540,531,0,0.769,matched,1
535,17.833,1782384280,T007,23,281.7,609.53,-0.11,-0.83,droite,,,1,540,484,0,0.769,matched,1
536,17.867,1782384280,T002,15,255.01,542.55,4.28,-1.5,droite,,,1,543,532,0,0.738,matched,1
536,17.867,1782384280,T003,16,94.18,589.57,0.18,0.5,droite,,,1,543,513,0,0.768,matched,1
536,17.867,1782384280,T004,7,142.39,79.87,0.0,0.0,gauche,,,1,543,524,0,0.77,matched,1
536,17.867,1782384280,T005,20,214.96,576.69,0.93,-2.33,droite,,,1,543,507,0,0.745,matched,1
536,17.867,1782384280,T006,5,33.26,458.09,0.01,-0.0,droite,,,1,541,532,0,0.767,matched,1
536,17.867,1782384280,T007,23,281.75,608.47,-0.07,-0.79,droite,,,1,541,485,0,0.769,matched,1
537,17.900,1782384280,T002,15,260.28,541.18,2.67,-0.1,droite,,,1,544,533,0,0.745,matched,1
537,17.900,1782384280,T003,16,94.18,589.57,0.27,0.4,droite,,,1,544,514,0,0.768,matched,1
537,17.900,1782384280,T004,7,142.39,79.87,0.0,0.0,gauche,,,1,544,525,0,0.77,matched,1
537,17.900,1782384280,T005,20,215.93,574.3,0.84,-0.82,droite,,,1,544,508,0,0.751,matched,1
537,17.900,1782384280,T006,5,33.26,458.09,-0.09,-0.0,droite,,,1,542,533,0,0.769,matched,1
537,17.900,1782384280,T007,23,281.8,607.43,-0.04,-0.76,droite,,,1,542,486,0,0.769,matched,1
538,17.933,1782384280,T002,15,264.29,540.84,1.62,0.8,droite,,,1,545,534,0,0.752,matched,1
538,17.933,1782384280,T003,16,94.75,590.2,0.42,0.27,droite,,,1,545,515,0,0.767,matched,1
538,17.933,1782384280,T004,7,142.39,79.87,0.0,0.0,gauche,,,1,545,526,0,0.77,matched,1
538,17.933,1782384280,T005,20,216.89,573.13,0.78,0.29,droite,,,1,545,509,0,0.755,matched,1
538,17.933,1782384280,T006,5,33.26,458.09,0.06,-0.0,droite,,,1,543,534,0,0.768,matched,1
538,17.933,1782384280,T007,23,281.8,607.43,0.16,-0.24,droite,,,1,543,487,0,0.763,matched,1
539,17.967,1782384280,T002,15,267.23,540.97,0.84,0.97,droite,,,1,546,535,0,0.76,matched,1
539,17.967,1782384280,T003,16,95.29,590.69,0.38,0.16,droite,,,1,546,516,0,0.769,matched,1
539,17.967,1782384280,T004,7,142.39,79.87,0.0,0.0,gauche,,,1,546,527,0,0.77,matched,1
539,17.967,1782384280,T005,20,217.98,572.76,0.92,0.83,droite,,,1,546,510,0,0.761,matched,1
539,17.967,1782384280,T006,5,33.26,458.09,-0.06,-0.0,droite,,,1,544,535,0,0.768,matched,1
539,17.967,1782384280,T007,23,281.91,606.4,0.02,-0.66,droite,,,1,544,488,0,0.763,matched,1
540,18.000,1782384281,T002,15,269.48,541.53,0.52,1.15,droite,,,1,547,536,0,0.765,matched,1
540,18.000,1782384281,T003,16,95.29,590.69,0.45,0.08,droite,,,1,547,517,0,0.768,matched,1
540,18.000,1782384281,T004,7,142.39,79.87,0.0,0.0,gauche,,,1,547,528,0,0.77,matched,1
540,18.000,1782384281,T005,20,218.98,572.76,0.77,0.84,droite,,,1,547,511,0,0.768,matched,1
540,18.000,1782384281,T006,5,33.26,458.09,-0.1,-0.0,droite,,,1,545,536,0,0.769,matched,1
540,18.000,1782384281,T007,23,281.97,605.39,-0.03,-0.68,droite,,,1,545,489,0,0.769,matched,1
541,18.033,1782384281,T002,15,271.16,542.17,0.28,0.96,droite,,,1,548,537,0,0.767,matched,1
541,18.033,1782384281,T003,16,95.96,591.03,0.37,0.03,droite,,,1,548,518,0,0.769,matched,1
541,18.033,1782384281,T004,7,142.39,79.87,-0.0,-0.0,gauche,,,1,548,529,0,0.77,matched,1
541,18.033,1782384281,T005,20,219.8,572.88,0.53,0.66,droite,,,1,548,512,0,0.767,matched,1
541,18.033,1782384281,T006,5,33.26,458.09,-0.09,-0.0,droite,,,1,546,537,0,0.77,matched,1
541,18.033,1782384281,T007,23,281.99,604.53,-0.05,-0.53,droite,,,1,546,490,0,0.769,matched,1
542,18.067,1782384281,T002,15,272.54,542.86,0.29,0.84,droite,,,1,549,538,0,0.769,matched,1
542,18.067,1782384281,T003,16,95.96,591.03,0.43,0.01,droite,,,1,549,519,0,0.769,matched,1
542,18.067,1782384281,T004,7,142.39,79.87,-0.0,-0.0,gauche,,,1,549,530,0,0.77,matched,1
542,18.067,1782384281,T005,20,220.7,573.14,0.66,0.61,droite,,,1,549,513,0,0.767,matched,1
542,18.067,1782384281,T006,5,33.26,458.09,-0.06,-0.0,droite,,,1,547,538,0,0.77,matched,1
542,18.067,1782384281,T007,23,281.99,604.53,-0.04,-0.35,droite,,,1,547,491,0,0.768,matched,1
543,18.100,1782384281,T002,15,273.76,543.6,0.4,0.77,droite,,,1,550,539,0,0.768,matched,1
543,18.100,1782384281,T003,16,96.85,591.27,0.52,-0.01,droite,,,1,550,520,0,0.768,matched,1
543,18.100,1782384281,T004,7,142.39,79.87,-0.0,-0.0,gauche,,,1,550,531,0,0.77,matched,1
543,18.100,1782384281,T005,20,221.51,573.54,0.56,0.62,droite,,,1,550,514,0,0.769,matched,1
543,18.100,1782384281,T006,5,33.26,458.09,-0.04,-0.0,droite,,,1,548,539,0,0.77,matched,1
543,18.100,1782384281,T007,23,281.85,603.72,-0.2,-0.37,droite,,,1,548,492,0,0.767,matched,1
544,18.133,1782384281,T002,15,274.79,544.25,0.35,0.57,droite,,,1,551,540,0,0.768,matched,1
544,18.133,1782384281,T003,16,97.62,591.44,0.44,-0.01,droite,,,1,551,521,0,0.77,matched,1
544,18.133,1782384281,T004,7,142.39,79.87,-0.0,-0.0,gauche,,,1,551,532,0,0.77,matched,1
544,18.133,1782384281,T005,20,222.31,574.07,0.56,0.65,droite,,,1,551,515,0,0.768,matched,1
544,18.133,1782384281,T006,5,33.26,458.09,-0.02,-0.0,droite,,,1,549,540,0,0.77,matched,1
544,18.133,1782384281,T007,23,281.85,603.72,-0.22,-0.3,droite,,,1,549,493,0,0.769,matched,1
545,18.167,1782384281,T002,15,275.6,545.04,0.25,0.7,droite,,,1,552,541,0,0.767,matched,1
545,18.167,1782384281,T003,16,98.38,591.58,0.48,-0.01,droite,,,1,552,522,0,0.769,matched,1
545,18.167,1782384281,T004,7,142.39,79.87,-0.0,-0.0,gauche,,,1,552,533,0,0.77,matched,1
545,18.167,1782384281,T005,20,223.14,574.85,0.61,0.86,droite,,,1,552,516,0,0.766,matched,1
545,18.167,1782384281,T006,5,33.26,458.09,-0.01,-0.0,droite,,,1,550,541,0,0.77,matched,1
545,18.167,1782384281,T007,23,281.85,603.72,-0.17,-0.03,droite,,,1,550,494,0,0.767,matched,1
546,18.200,1782384281,T002,15,276.22,545.91,0.16,0.76,droite,,,1,553,542,0,0.768,matched,1
546,18.200,1782384281,T003,16,98.38,591.58,0.38,0.16,droite,,,1,553,523,0,0.767,matched,1
546,18.200,1782384281,T004,7,142.39,79.87,-0.0,-0.0,gauche,,,1,553,534,0,0.77,matched,1
546,18.200,1782384281,T005,20,224.0,575.9,0.66,1.08,droite,,,1,553,517,0,0.765,matched,1
546,18.200,1782384281,T006,5,33.26,458.09,-0.0,-0.0,droite,,,1,551,542,0,0.77,matched,1
546,18.200,1782384281,T007,23,281.85,603.72,-0.12,0.08,droite,,,1,551,495,0,0.768,matched,1
547,18.233,1782384281,T002,15,276.68,546.7,0.08,0.61,droite,,,1,554,543,0,0.769,matched,1
547,18.233,1782384281,T003,16,99.06,591.89,0.26,0.19,droite,,,1,554,524,0,0.769,matched,1
547,18.233,1782384281,T004,7,142.39,79.87,-0.0,-0.0,gauche,,,1,554,535,0,0.77,matched,1
547,18.233,1782384281,T005,20,224.76,576.91,0.53,0.92,droite,,,1,554,518,0,0.769,matched,1
547,18.233,1782384281,T006,5,33.26,458.09,0.0,-0.0,droite,,,1,552,543,0,0.77,matched,1
547,18.233,1782384281,T007,23,281.85,603.72,-0.07,0.1,droite,,,1,552,496,0,0.769,matched,1
548,18.267,1782384281,T002,15,277.16,547.61,0.21,0.76,droite,,,1,555,544,0,0.766,matched,1
548,18.267,1782384281,T003,16,99.06,591.89,0.15,0.16,droite,,,1,555,525,0,0.769,matched,1
548,18.267,1782384281,T004,7,142.39,79.87,-0.0,-0.0,gauche,,,1,555,536,0,0.77,matched,1
548,18.267,1782384281,T005,20,225.37,578.04,0.36,0.99,droite,,,1,555,519,0,0.767,matched,1
548,18.267,1782384281,T006,5,33.26,458.09,0.0,-0.0,droite,,,1,553,544,0,0.77,matched,1
548,18.267,1782384281,T007,23,281.85,603.72,-0.03,-0.08,droite,,,1,553,497,0,0.767,matched,1
549,18.300,1782384281,T002,15,277.59,548.45,0.21,0.64,droite,,,1,556,545,0,0.769,matched,1
549,18.300,1782384281,T003,16,99.7,592.31,0.25,0.28,droite,,,1,556,526,0,0.767,matched,1
549,18.300,1782384281,T004,7,142.39,79.87,0.0,-0.0,gauche,,,1,556,537,0,0.77,matched,1
549,18.300,1782384281,T005,20,225.96,579.05,0.38,0.79,droite,,,1,556,520,0,0.768,matched,1
549,18.300,1782384281,T006,5,33.26,458.09,0.0,-0.0,droite,,,1,554,545,0,0.77,matched,1
549,18.300,1782384281,T007,23,281.85,603.72,-0.01,0.04,droite,,,1,554,498,0,0.768,matched,1
550,18.333,1782384281,T002,15,278.08,549.41,0.33,0.79,droite,,,1,557,546,0,0.766,matched,1
550,18.333,1782384281,T003,16,100.39,592.71,0.4,0.26,droite,,,1,557,527,0,0.767,matched,1
550,18.333,1782384281,T004,7,142.39,79.87,0.0,0.0,gauche,,,1,557,538,0,0.77,matched,1
550,18.333,1782384281,T005,20,226.48,579.86,0.3,0.54,droite,,,1,557,521,0,0.767,matched,1
550,18.333,1782384281,T006,5,33.26,458.09,0.0,-0.0,droite,,,1,555,546,0,0.77,matched,1
550,18.333,1782384281,T007,23,281.85,603.72,-0.17,0.07,droite,,,1,555,499,0,0.768,matched,1
551,18.367,1782384281,T002,15,278.54,550.43,0.3,0.84,droite,,,1,558,547,0,0.768,matched,1
551,18.367,1782384281,T003,16,100.39,592.71,0.37,0.2,droite,,,1,558,528,0,0.769,matched,1
551,18.367,1782384281,T004,7,142.39,79.87,0.0,0.0,gauche,,,1,558,539,0,0.77,matched,1
551,18.367,1782384281,T005,20,226.88,580.62,0.2,0.49,droite,,,1,558,522,0,0.769,matched,1
551,18.367,1782384281,T006,5,33.26,458.09,0.0,-0.0,droite,,,1,556,547,0,0.77,matched,1
551,18.367,1782384281,T007,23,281.29,603.03,-0.36,-0.27,droite,,,1,556,500,0,0.764,matched,1
552,18.400,1782384281,T002,15,279.05,551.34,0.39,0.67,droite,,,1,559,548,0,0.768,matched,1
552,18.400,1782384281,T003,16,101.19,593.19,0.44,0.3,droite,,,1,559,529,0,0.768,matched,1
552,18.400,1782384281,T004,7,142.39,79.87,0.0,0.0,gauche,,,1,559,540,0,0.77,matched,1
552,18.400,1782384281,T005,20,227.19,581.51,0.12,0.7,droite,,,1,559,523,0,0.766,matched,1
552,18.400,1782384281,T006,5,33.26,458.09,0.0,-0.0,droite,,,1,557,548,0,0.77,matched,1
552,18.400,1782384281,T007,23,280.62,602.08,-0.53,-0.68,droite,,,1,557,501,0,0.763,matched,1
553,18.433,1782384281,T002,15,279.53,552.07,0.34,0.45,droite,,,1,560,549,0,0.768,matched,1
553,18.433,1782384281,T003,16,101.88,593.62,0.37,0.27,droite,,,1,560,530,0,0.77,matched,1
553,18.433,1782384281,T004,7,142.39,79.87,0.0,0.0,gauche,,,1,560,541,0,0.77,matched,1
553,18.433,1782384281,T005,20,227.41,582.22,0.06,0.45,droite,,,1,560,524,0,0.767,matched,1
553,18.433,1782384281,T006,5,33.26,458.09,0.0,-0.0,droite,,,1,558,549,0,0.77,matched,1
553,18.433,1782384281,T007,23,279.99,601.15,-0.47,-0.68,droite,,,1,558,502,0,0.769,matched,1
554,18.467,1782384281,T002,15,280.06,552.62,0.41,0.26,droite,,,1,561,550,0,0.767,matched,1
554,18.467,1782384281,T003,16,101.88,593.62,0.26,0.2,droite,,,1,561,531,0,0.769,matched,1
554,18.467,1782384281,T004,7,142.39,79.87,0.0,0.17,gauche,,,1,561,542,0,0.768,matched,1
554,18.467,1782384281,T005,20,227.41,582.22,0.02,0.42,droite,,,1,561,525,0,0.769,matched,1
554,18.467,1782384281,T006,5,33.26,458.09,0.0,-0.0,droite,,,1,559,550,0,0.77,matched,1
554,18.467,1782384281,T007,23,279.46,600.07,-0.34,-0.87,droite,,,1,559,503,0,0.766,matched,1
555,18.500,1782384281,T002,15,280.06,552.62,0.35,0.13,droite,,,1,562,551,0,0.768,matched,1
555,18.500,1782384281,T003,16,102.43,594.12,0.16,0.29,droite,,,1,562,532,0,0.768,matched,1
555,18.500,1782384281,T004,28,146.49,81.66,4.59,2.41,gauche,,,1,562,543,0,0.695,matched,1
555,18.500,1782384281,T005,20,227.56,583.61,0.0,1.17,droite,,,1,562,526,0,0.758,matched,1
555,18.500,1782384281,T006,5,33.26,458.09,0.0,-0.0,droite,,,1,560,551,0,0.77,matched,1
555,18.500,1782384281,T007,23,279.06,599.07,-0.21,-0.74,droite,,,1,560,504,0,0.769,matched,1
556,18.533,1782384281,T002,15,280.7,552.99,0.41,0.05,droite,,,1,563,552,0,0.768,matched,1
556,18.533,1782384281,T003,16,103.12,594.57,0.42,0.26,droite,,,1,563,533,0,0.766,matched,1
556,18.533,1782384281,T004,28,151.65,84.05,5.32,2.72,gauche,,,1,563,544,0,0.751,matched,1
556,18.533,1782384281,T005,20,227.67,584.78,-0.0,0.85,droite,,,1,563,527,0,0.767,matched,1
556,18.533,1782384281,T006,5,33.26,458.09,-0.0,-0.0,droite,,,1,561,552,0,0.77,matched,1
556,18.533,1782384281,T007,23,278.62,598.11,-0.29,-0.7,droite,,,1,561,505,0,0.769,matched,1
557,18.567,1782384281,T002,15,280.7,552.99,0.34,0.18,droite,,,1,564,553,0,0.768,matched,1
557,18.567,1782384281,T003,16,104.06,594.94,0.77,0.19,droite,,,1,564,534,0,0.764,matched,1
557,18.567,1782384281,T004,28,156.54,86.33,4.39,2.23,gauche,,,1,564,545,0,0.763,matched,1
557,18.567,1782384281,T005,20,227.75,585.83,-0.01,0.7,droite,,,1,564,528,0,0.769,matched,1
557,18.567,1782384281,T006,5,33.26,458.09,-0.0,-0.0,droite,,,1,562,553,0,0.77,matched,1
557,18.567,1782384281,T007,23,278.23,597.43,-0.25,-0.35,droite,,,1,562,506,0,0.766,matched,1
558,18.600,1782384281,T002,15,281.43,553.46,0.41,0.19,droite,,,1,565,554,0,0.768,matched,1
558,18.600,1782384281,T003,16,105.12,595.23,0.9,0.12,droite,,,1,565,535,0,0.767,matched,1
558,18.600,1782384281,T004,28,160.56,88.22,3.03,1.53,gauche,,,1,565,546,0,0.755,matched,1
558,18.600,1782384281,T005,20,227.95,586.96,0.16,0.83,droite,,,1,565,529,0,0.766,matched,1
558,18.600,1782384281,T006,5,33.26,458.09,-0.0,-0.0,droite,,,1,563,554,0,0.77,matched,1
558,18.600,1782384281,T007,23,277.77,596.71,-0.35,-0.48,droite,,,1,563,507,0,0.767,matched,1
559,18.633,1782384281,T002,15,282.07,553.84,0.34,0.15,droite,,,1,566,555,0,0.77,matched,1
559,18.633,1782384281,T003,16,106.09,595.44,0.74,0.07,droite,,,1,566,536,0,0.769,matched,1
559,18.633,1782384281,T004,28,163.61,89.65,1.82,0.91,gauche,,,1,566,547,0,0.755,matched,1
559,18.633,1782384281,T005,20,228.17,587.96,0.19,0.69,droite,,,1,566,530,0,0.769,matched,1
559,18.633,1782384281,T006,5,33.26,458.09,-0.0,-0.0,droite,,,1,564,555,0,0.77,matched,1
559,18.633,1782384281,T007,23,277.34,596.05,-0.31,-0.42,droite,,,1,564,508,0,0.77,matched,1
560,18.667,1782384281,T002,15,282.07,553.84,0.24,0.1,droite,,,1,567,556,0,0.769,matched,1
560,18.667,1782384281,T003,16,106.88,595.59,0.51,0.03,droite,,,1,567,537,0,0.768,matched,1
560,18.667,1782384281,T004,28,165.81,90.66,0.94,0.47,gauche,,,1,567,548,0,0.758,matched,1
560,18.667,1782384281,T005,20,228.38,589.05,0.16,0.82,droite,,,1,567,531,0,0.767,matched,1
560,18.667,1782384281,T006,5,33.26,458.09,-0.0,-0.0,droite,,,1,565,556,0,0.77,matched,1
560,18.667,1782384281,T007,23,277.34,596.05,-0.22,-0.3,droite,,,1,565,509,0,0.769,matched,1
561,18.700,1782384281,T002,15,282.71,554.27,0.31,0.23,droite,,,1,568,557,0,0.767,matched,1
561,18.700,1782384281,T003,16,107.76,595.7,0.65,0.01,droite,,,1,568,538,0,0.767,matched,1
561,18.700,1782384281,T004,28,167.33,91.36,0.39,0.19,gauche,,,1,568,549,0,0.762,matched,1
561,18.700,1782384281,T005,20,228.55,590.17,0.11,0.85,droite,,,1,568,532,0,0.768,matched,1
561,18.700,1782384281,T006,5,33.26,458.09,-0.0,-0.0,droite,,,1,566,557,0,0.77,matched,1
561,18.700,1782384281,T007,23,276.84,595.37,-0.31,-0.36,droite,,,1,566,510,0,0.768,matched,1
562,18.733,1782384281,T002,15,283.27,554.81,0.27,0.4,droite,,,1,569,558,0,0.767,matched,1
562,18.733,1782384281,T003,16,108.69,595.78,0.72,-0.0,droite,,,1,569,539,0,0.768,matched,1
562,18.733,1782384281,T004,28,168.37,91.84,0.09,0.04,gauche,,,1,569,550,0,0.766,matched,1
562,18.733,1782384281,T005,20,228.68,591.14,0.07,0.67,droite,,,1,569,533,0,0.769,matched,1
562,18.733,1782384281,T006,5,33.26,458.09,-0.0,-0.0,droite,,,1,567,558,0,0.77,matched,1
562,18.733,1782384281,T007,23,276.4,594.79,-0.27,-0.3,droite,,,1,567,511,0,0.77,matched,1
563,18.767,1782384281,T002,15,283.85,555.33,0.36,0.37,droite,,,1,570,559,0,0.768,matched,1
563,18.767,1782384281,T003,16,109.52,595.83,0.59,-0.0,droite,,,1,570,540,0,0.769,matched,1
563,18.767,1782384281,T004,28,169.08,92.15,-0.05,-0.03,gauche,,,1,570,551,0,0.768,matched,1
563,18.767,1782384281,T005,20,228.77,591.92,0.03,0.45,droite,,,1,570,534,0,0.768,matched,1
563,18.767,1782384281,T006,5,33.26,458.09,-0.0,-0.0,droite,,,1,568,559,0,0.77,matched,1
563,18.767,1782384281,T007,23,276.4,594.79,-0.2,-0.21,droite,,,1,568,512,0,0.769,matched,1
564,18.800,1782384281,T002,15,284.65,556.04,0.66,0.62,droite,,,1,571,560,0,0.764,matched,1
564,18.800,1782384281,T003,16,110.33,595.87,0.57,-0.0,droite,,,1,571,541,0,0.769,matched,1
564,18.800,1782384281,T004,28,169.08,92.15,-0.09,-0.22,gauche,,,1,571,552,0,0.767,matched,1
564,18.800,1782384281,T005,20,228.84,592.65,0.01,0.43,droite,,,1,571,535,0,0.77,matched,1
564,18.800,1782384281,T006,5,33.26,458.09,0.0,-0.0,droite,,,1,569,560,0,0.77,matched,1
564,18.800,1782384281,T007,23,276.4,594.79,-0.29,0.04,droite,,,1,569,513,0,0.766,matched,1
565,18.833,1782384281,T002,15,285.43,556.74,0.62,0.57,droite,,,1,572,561,0,0.77,matched,1
565,18.833,1782384281,T003,16,110.33,595.87,0.44,-0.0,droite,,,1,572,542,0,0.769,matched,1
565,18.833,1782384281,T004,28,169.08,92.15,-0.09,-0.24,gauche,,,1,572,553,0,0.769,matched,1
565,18.833,1782384281,T005,20,228.84,592.65,0.0,0.33,droite,,,1,572,536,0,0.769,matched,1
565,18.833,1782384281,T006,5,33.26,458.09,0.0,-0.0,droite,,,1,570,561,0,0.77,matched,1
565,18.833,1782384281,T007,23,276.4,594.79,-0.26,0.13,droite,,,1,570,514,0,0.769,matched,1
566,18.867,1782384281,T002,15,286.24,557.47,0.64,0.59,droite,,,1,573,562,0,0.768,matched,1
566,18.867,,T003,16,111.12,595.9,0.39,-0.0,droite,,,1,573,542,1,0.49,predicted,1
566,18.867,1782384281,T004,28,169.08,92.15,-0.06,-0.2,gauche,,,1,573,554,0,0.77,matched,1
566,18.867,1782384281,T005,20,228.84,592.65,-0.0,0.21,droite,,,1,573,537,0,0.769,matched,1
566,18.867,1782384281,T006,5,33.26,458.09,0.0,-0.0,droite,,,1,571,562,0,0.77,matched,1
566,18.867,1782384281,T007,23,275.66,594.31,-0.36,-0.2,droite,,,1,571,515,0,0.765,matched,1
567,18.900,1782384281,T002,15,287.09,558.26,0.67,0.64,droite,,,1,574,563,0,0.768,matched,1
567,18.900,,T003,16,111.12,595.9,0.35,-0.0,droite,,,1,574,542,2,0.41,predicted,1
567,18.900,1782384281,T004,28,169.08,92.15,-0.04,-0.13,gauche,,,1,574,555,0,0.769,matched,1
567,18.900,1782384281,T005,20,228.88,594.63,-0.0,1.82,droite,,,1,574,538,0,0.746,matched,1
567,18.900,1782384281,T006,5,33.26,458.09,0.0,-0.0,droite,,,1,572,563,0,0.77,matched,1
567,18.900,1782384281,T007,23,274.88,593.41,-0.49,-0.8,droite,,,1,572,516,0,0.761,matched,1
568,18.933,1782384281,T002,15,287.97,559.09,0.7,0.68,droite,,,1,575,564,0,0.768,matched,1
568,18.933,,T003,16,111.91,595.92,0.32,-0.0,droite,,,1,575,542,3,0.33,predicted,1
568,18.933,1782384281,T004,28,169.08,92.15,-0.02,-0.08,gauche,,,1,575,556,0,0.769,matched,1
568,18.933,1782384281,T005,20,228.91,595.65,-0.0,0.5,droite,,,1,575,539,0,0.753,matched,1
568,18.933,1782384281,T006,5,33.26,458.09,0.0,-0.0,droite,,,1,573,564,0,0.77,matched,1
568,18.933,1782384281,T007,23,274.18,592.29,-0.43,-1.02,droite,,,1,573,517,0,0.766,matched,1
569,18.967,1782384281,T002,15,288.74,559.7,0.55,0.37,droite,,,1,576,565,0,0.766,matched,1
569,18.967,,T003,16,111.91,595.92,0.29,-0.0,droite,,,1,576,542,4,0.32,predicted,1
569,18.967,1782384281,T004,28,169.08,92.15,-0.01,0.13,gauche,,,1,576,557,0,0.767,matched,1
569,18.967,1782384281,T005,20,228.91,595.65,-0.17,0.21,droite,,,1,576,540,0,0.766,matched,1
569,18.967,1782384281,T006,5,33.26,458.09,0.0,-0.0,droite,,,1,574,565,0,0.77,matched,1
569,18.967,1782384281,T007,23,273.47,591.1,-0.47,-1.04,droite,,,1,574,518,0,0.768,matched,1
570,19.000,1782384282,T002,15,289.36,560.11,0.37,0.17,droite,,,1,577,566,0,0.767,matched,1
570,19.000,,T003,16,112.65,595.94,0.26,-0.0,droite,,,1,577,542,5,0.32,predicted,1
570,19.000,1782384282,T004,28,169.08,92.15,-0.0,0.01,gauche,,,1,577,558,0,0.768,matched,1
570,19.000,1782384282,T005,20,228.91,595.65,-0.2,0.06,droite,,,1,577,541,0,0.768,matched,1
570,19.000,1782384282,T006,5,33.26,458.09,0.0,-0.0,droite,,,1,575,566,0,0.77,matched,1
570,19.000,1782384282,T007,23,272.72,590.04,-0.56,-0.81,droite,,,1,575,519,0,0.767,matched,1
571,19.033,1782384282,T002,15,289.36,560.11,0.22,0.05,droite,,,1,578,567,0,0.768,matched,1
571,19.033,,T003,16,112.65,595.94,0.23,-0.0,droite,,,1,578,542,6,0.32,predicted,1
571,19.033,1782384282,T004,28,169.08,92.15,-0.0,-0.04,gauche,,,1,578,559,0,0.769,matched,1
571,19.033,1782384282,T005,20,228.91,595.65,-0.16,-0.02,droite,,,1,578,542,0,0.769,matched,1
571,19.033,1782384282,T006,5,33.26,458.09,0.0,-0.0,droite,,,1,576,567,0,0.77,matched,1
571,19.033,1782384282,T007,23,272.04,589.33,-0.46,-0.37,droite,,,1,576,520,0,0.765,matched,1
572,19.067,1782384282,T002,15,289.36,560.11,0.11,-0.0,droite,,,1,579,568,0,0.769,matched,1
572,19.067,,T003,16,112.65,595.94,0.21,-0.0,droite,,,1,579,542,7,0.32,predicted,1
572,19.067,1782384282,T004,28,169.08,92.15,0.0,-0.05,gauche,,,1,579,560,0,0.77,matched,1
572,19.067,1782384282,T005,20,228.67,597.05,-0.11,0.98,droite,,,1,579,543,0,0.755,matched,1
572,19.067,1782384282,T006,5,33.26,458.09,0.0,-0.0,droite,,,1,577,568,0,0.77,matched,1
572,19.067,1782384282,T007,23,271.36,588.74,-0.49,-0.29,droite,,,1,577,521,0,0.769,matched,1
573,19.100,1782384282,T002,15,289.36,560.11,0.04,-0.37,droite,,,1,580,569,0,0.765,matched,1
573,19.100,1782384282,T003,16,113.91,596.88,0.47,0.49,droite,,,1,580,543,0,0.758,matched,1
573,19.100,1782384282,T004,28,169.08,92.15,0.0,-0.04,gauche,,,1,580,561,0,0.77,matched,1
573,19.100,1782384282,T005,20,228.35,598.01,-0.24,0.46,droite,,,1,580,544,0,0.763,matched,1
573,19.100,1782384282,T006,5,33.26,458.09,-0.0,-0.0,droite,,,1,578,569,0,0.77,matched,1
573,19.100,1782384282,T007,23,271.36,588.74,-0.39,-0.02,droite,,,1,578,522,0,0.766,matched,1
574,19.133,1782384282,T002,15,289.36,560.11,0.01,-0.42,droite,,,1,581,570,0,0.769,matched,1
574,19.133,1782384282,T003,16,115.23,597.82,0.66,0.53,droite,,,1,581,544,0,0.766,matched,1
574,19.133,1782384282,T004,28,169.08,92.15,-0.17,-0.03,gauche,,,1,581,562,0,0.767,matched,1
574,19.133,1782384282,T005,20,228.04,599.06,-0.23,0.67,droite,,,1,581,545,0,0.766,matched,1
574,19.133,1782384282,T006,5,33.26,458.09,-0.0,-0.0,droite,,,1,579,570,0,0.77,matched,1
574,19.133,1782384282,T007,23,270.6,588.23,-0.43,-0.25,droite,,,1,579,523,0,0.766,matched,1
575,19.167,1782384282,T002,15,289.36,560.11,0.16,-0.18,droite,,,1,582,571,0,0.766,matched,1
575,19.167,1782384282,T003,16,116.52,598.61,0.76,0.43,droite,,,1,582,545,0,0.768,matched,1
575,19.167,1782384282,T004,28,169.08,92.15,-0.2,-0.02,gauche,,,1,582,563,0,0.769,matched,1
575,19.167,1782384282,T005,20,227.77,600.42,-0.18,1.1,droite,,,1,582,546,0,0.763,matched,1
575,19.167,1782384282,T006,5,33.26,458.09,-0.0,-0.0,droite,,,1,580,571,0,0.77,matched,1
575,19.167,1782384282,T007,23,269.82,587.73,-0.52,-0.28,droite,,,1,580,524,0,0.768,matched,1
576,19.200,1782384282,T002,15,289.36,560.11,0.18,-0.04,droite,,,1,583,572,0,0.768,matched,1
576,19.200,1782384282,T003,16,117.77,599.24,0.8,0.28,droite,,,1,583,546,0,0.768,matched,1
576,19.200,1782384282,T004,28,169.08,92.15,-0.16,-0.01,gauche,,,1,583,564,0,0.77,matched,1
576,19.200,1782384282,T005,20,227.42,601.74,-0.29,1.02,droite,,,1,583,547,0,0.768,matched,1
576,19.200,1782384282,T006,5,33.26,458.09,-0.0,-0.0,droite,,,1,581,572,0,0.77,matched,1
576,19.200,1782384282,T007,23,268.98,587.16,-0.61,-0.4,droite,,,1,581,525,0,0.767,matched,1
577,19.233,1782384282,T002,15,289.36,560.11,0.15,0.02,droite,,,1,584,573,0,0.769,matched,1
577,19.233,1782384282,T003,16,118.84,599.71,0.62,0.16,droite,,,1,584,547,0,0.768,matched,1
577,19.233,1782384282,T004,28,169.08,92.15,-0.11,-0.0,gauche,,,1,584,565,0,0.77,matched,1
577,19.233,1782384282,T005,20,227.08,602.86,-0.26,0.76,droite,,,1,584,548,0,0.768,matched,1
577,19.233,1782384282,T006,5,33.26,458.09,-0.0,-0.0,droite,,,1,582,573,0,0.77,matched,1
577,19.233,1782384282,T007,23,268.24,586.64,-0.5,-0.36,droite,,,1,582,526,0,0.769,matched,1
578,19.267,1782384282,T002,15,290.15,560.07,0.27,0.04,droite,,,1,585,574,0,0.768,matched,1
578,19.267,1782384282,T003,16,119.69,600.06,0.41,0.08,droite,,,1,585,548,0,0.768,matched,1
578,19.267,1782384282,T004,28,169.08,92.15,-0.07,-0.0,gauche,,,1,585,566,0,0.77,matched,1
578,19.267,1782384282,T005,20,226.66,603.73,-0.36,0.48,droite,,,1,585,549,0,0.767,matched,1
578,19.267,1782384282,T006,5,33.26,458.09,-0.0,-0.0,droite,,,1,583,574,0,0.77,matched,1
578,19.267,1782384282,T007,23,267.64,586.21,-0.35,-0.26,droite,,,1,583,527,0,0.768,matched,1
579,19.300,1782384282,T002,15,290.15,560.07,0.26,0.04,droite,,,1,586,575,0,0.77,matched,1
579,19.300,1782384282,T003,16,120.46,600.31,0.41,0.03,droite,,,1,586,549,0,0.769,matched,1
579,19.300,1782384282,T004,28,169.08,92.15,-0.03,0.17,gauche,,,1,586,567,0,0.767,matched,1
579,19.300,1782384282,T005,20,226.26,604.38,-0.32,0.27,droite,,,1,586,550,0,0.768,matched,1
579,19.300,1782384282,T006,5,33.26,458.09,-0.0,-0.0,droite,,,1,584,575,0,0.77,matched,1
579,19.300,1782384282,T007,23,267.64,586.21,-0.21,-0.16,droite,,,1,584,528,0,0.768,matched,1
580,19.333,1782384282,T002,15,290.15,560.07,0.19,0.2,droite,,,1,587,576,0,0.768,matched,1
580,19.333,1782384282,T003,16,120.46,600.31,0.32,0.01,droite,,,1,587,550,0,0.769,matched,1
580,19.333,1782384282,T004,28,169.08,92.15,-0.01,0.2,gauche,,,1,587,568,0,0.769,matched,1
580,19.333,1782384282,T005,20,226.26,604.38,-0.4,0.12,droite,,,1,587,551,0,0.768,matched,1
580,19.333,1782384282,T006,5,33.26,458.09,-0.0,-0.0,droite,,,1,585,576,0,0.77,matched,1
580,19.333,1782384282,T007,23,267.64,586.21,-0.28,-0.09,droite,,,1,585,529,0,0.768,matched,1
581,19.367,1782384282,T002,15,290.86,560.41,0.13,0.39,droite,,,1,588,577,0,0.767,matched,1
581,19.367,1782384282,T003,16,121.25,600.62,0.38,0.16,droite,,,1,588,551,0,0.767,matched,1
581,19.367,1782384282,T004,28,169.08,92.15,-0.0,0.16,gauche,,,1,588,569,0,0.77,matched,1
581,19.367,1782384282,T005,20,225.57,604.81,-0.51,0.04,droite,,,1,588,552,0,0.768,matched,1
581,19.367,1782384282,T006,5,33.26,458.09,-0.0,-0.0,droite,,,1,586,577,0,0.77,matched,1
581,19.367,1782384282,T007,23,267.64,586.21,-0.24,-0.04,droite,,,1,586,530,0,0.769,matched,1
582,19.400,1782384282,T002,15,291.54,560.91,0.24,0.54,droite,,,1,589,578,0,0.767,matched,1
582,19.400,,T003,16,121.95,600.89,0.34,0.15,droite,,,1,589,551,1,0.49,predicted,1
582,19.400,1782384282,T004,28,169.08,92.15,0.0,0.11,gauche,,,1,589,570,0,0.769,matched,1
582,19.400,1782384282,T005,20,224.8,605.12,-0.61,-0.0,droite,,,1,589,553,0,0.768,matched,1
582,19.400,1782384282,T006,5,33.26,458.09,0.0,-0.0,droite,,,1,587,578,0,0.77,matched,1
582,19.400,1782384282,T007,23,266.84,585.9,-0.34,-0.01,droite,,,1,587,531,0,0.768,matched,1
583,19.433,1782384282,T002,15,292.12,561.42,0.23,0.48,droite,,,1,590,579,0,0.77,matched,1
583,19.433,,T003,16,121.95,600.89,0.31,0.13,droite,,,1,590,551,2,0.41,predicted,1
583,19.433,1782384282,T004,28,169.08,92.15,0.0,0.07,gauche,,,1,590,571,0,0.77,matched,1
583,19.433,1782384282,T005,20,224.8,605.12,-0.34,-0.02,droite,,,1,590,554,0,0.767,matched,1
583,19.433,1782384282,T006,5,33.26,458.09,0.0,-0.0,droite,,,1,588,579,0,0.77,matched,1
583,19.433,1782384282,T007,23,266.16,585.68,-0.3,0.0,droite,,,1,588,532,0,0.77,matched,1
584,19.467,1782384282,T002,15,292.59,562.12,0.17,0.68,droite,,,1,591,580,0,0.766,matched,1
584,19.467,,T003,16,122.63,601.17,0.28,0.12,droite,,,1,591,551,3,0.33,predicted,1
584,19.467,1782384282,T004,30,167.93,92.51,-1.7,0.21,gauche,,,1,591,572,0,0.745,matched,1
584,19.467,1782384282,T005,20,224.14,605.47,-0.33,0.15,droite,,,1,591,555,0,0.768,matched,1
584,19.467,1782384282,T006,5,33.26,458.09,0.0,-0.0,droite,,,1,589,580,0,0.77,matched,1
584,19.467,1782384282,T007,23,265.47,585.38,-0.39,-0.16,droite,,,1,589,533,0,0.767,matched,1
585,19.500,1782384282,T002,15,292.96,562.96,0.11,0.78,droite,,,1,592,581,0,0.768,matched,1
585,19.500,,T003,16,122.63,601.17,0.25,0.11,droite,,,1,592,551,4,0.32,predicted,1
585,19.500,1782384282,T004,30,166.29,92.85,-1.97,0.21,gauche,,,1,592,573,0,0.764,matched,1
585,19.500,1782384282,T005,20,223.6,605.95,-0.25,0.35,droite,,,1,592,556,0,0.767,matched,1
585,19.500,1782384282,T006,5,33.26,458.09,0.0,-0.0,droite,,,1,590,581,0,0.77,matched,1
585,19.500,1782384282,T007,23,264.59,584.93,-0.67,-0.36,droite,,,1,590,534,0,0.764,matched,1
586,19.533,1782384282,T002,15,293.37,564.0,0.23,0.98,droite,,,1,593,582,0,0.765,matched,1
586,19.533,,T003,16,122.63,601.17,0.22,0.1,droite,,,1,593,551,5,0.32,predicted,1
586,19.533,1782384282,T004,30,164.69,93.14,-1.62,0.17,gauche,,,1,593,574,0,0.768,matched,1
586,19.533,1782384282,T005,20,223.18,606.56,-0.16,0.52,droite,,,1,593,557,0,0.767,matched,1
586,19.533,1782384282,T006,5,33.26,458.09,0.0,-0.0,droite,,,1,591,582,0,0.77,matched,1
586,19.533,1782384282,T007,23,263.61,584.49,-0.8,-0.35,droite,,,1,591,535,0,0.767,matched,1
587,19.567,1782384282,T002,15,293.75,565.13,0.23,1.0,droite,,,1,594,583,0,0.768,matched,1
587,19.567,,T003,16,123.33,601.46,0.2,0.09,droite,,,1,594,551,6,0.32,predicted,1
587,19.567,,T004,30,163.09,93.4,-1.46,0.15,gauche,,,1,594,574,1,0.49,predicted,1
587,19.567,,T005,20,223.18,606.56,-0.14,0.47,droite,,,1,594,557,1,0.49,predicted,1
587,19.567,1782384282,T006,5,33.26,458.09,0.0,-0.0,droite,,,1,592,583,0,0.77,matched,1
587,19.567,1782384282,T007,23,262.57,583.97,-0.84,-0.44,droite,,,1,592,536,0,0.768,matched,1
588,19.600,1782384282,T002,15,293.93,565.99,0.0,0.61,droite,,,1,595,584,0,0.765,matched,1
588,19.600,1782384282,T003,16,124.2,601.59,0.35,0.02,droite,,,1,595,552,0,0.767,matched,1
588,19.600,1782384282,T004,7,159.5,90.95,-3.5,-2.78,gauche,,,1,595,575,0,0.722,matched,1
588,19.600,,T005,20,222.79,607.26,-0.13,0.42,droite,,,1,595,557,2,0.41,predicted,1
588,19.600,1782384282,T006,5,33.26,458.09,0.0,-0.0,droite,,,1,593,584,0,0.77,matched,1
588,19.600,1782384282,T007,23,261.52,583.34,-0.83,-0.54,droite,,,1,593,537,0,0.768,matched,1
589,19.633,1782384282,T002,15,293.93,565.99,-0.08,0.33,droite,,,1,596,585,0,0.766,matched,1
589,19.633,1782384282,T003,16,124.2,601.59,0.27,0.01,droite,,,1,596,553,0,0.769,matched,1
589,19.633,1782384282,T004,7,155.98,88.21,-3.09,-2.73,gauche,,,1,596,576,0,0.766,matched,1
589,19.633,,T005,20,222.79,607.26,-0.12,0.38,droite,,,1,596,557,3,0.33,predicted,1
589,19.633,1782384282,T006,5,33.26,458.09,0.0,-0.0,droite,,,1,594,585,0,0.77,matched,1
589,19.633,1782384282,T007,23,260.61,582.76,-0.64,-0.46,droite,,,1,594,538,0,0.768,matched,1
590,19.667,1782384282,T002,15,294.1,566.84,0.07,0.48,droite,,,1,597,586,0,0.766,matched,1
590,19.667,1782384282,T003,16,125.05,601.69,0.35,0.01,droite,,,1,597,554,0,0.768,matched,1
590,19.667,1782384282,T004,7,153.02,85.64,-2.24,-2.26,gauche,,,1,597,577,0,0.761,matched,1
590,19.667,,T005,20,222.43,607.98,-0.11,0.34,droite,,,1,597,557,4,0.32,predicted,1
590,19.667,1782384282,T006,5,33.26,458.09,-0.0,-0.0,droite,,,1,595,586,0,0.77,matched,1
590,19.667,1782384282,T007,23,259.75,582.15,-0.59,-0.49,droite,,,1,595,539,0,0.769,matched,1
591,19.700,1782384282,T002,15,294.15,567.6,-0.05,0.43,droite,,,1,598,587,0,0.768,matched,1
591,19.700,1782384282,T003,16,125.9,601.77,0.48,0.0,droite,,,1,598,555,0,0.768,matched,1
591,19.700,1782384282,T004,7,150.72,83.66,-1.41,-1.4,gauche,,,1,598,578,0,0.757,matched,1
591,19.700,,T005,20,222.43,607.98,-0.1,0.31,droite,,,1,598,557,5,0.32,predicted,1
591,19.700,1782384282,T006,5,33.26,458.09,-0.0,-0.0,droite,,,1,596,587,0,0.77,matched,1
591,19.700,1782384282,T007,23,259.04,581.6,-0.44,-0.39,droite,,,1,596,540,0,0.768,matched,1
592,19.733,1782384282,T002,15,294.15,567.6,-0.26,0.31,droite,,,1,599,588,0,0.767,matched,1
592,19.733,1782384282,T003,16,126.8,601.96,0.6,0.18,droite,,,1,599,556,0,0.767,matched,1
592,19.733,1782384282,T004,7,148.91,82.23,-0.93,-0.74,gauche,,,1,599,579,0,0.761,matched,1
592,19.733,,T005,20,222.11,608.69,-0.09,0.28,droite,,,1,599,557,6,0.32,predicted,1
592,19.733,1782384282,T006,5,33.26,458.09,-0.0,-0.0,droite,,,1,597,588,0,0.77,matched,1
592,19.733,1782384282,T007,23,258.34,581.16,-0.45,-0.27,droite,,,1,597,541,0,0.768,matched,1
593,19.767,1782384282,T002,15,293.76,568.23,-0.45,0.2,droite,,,1,600,589,0,0.767,matched,1
593,19.767,1782384282,T003,16,127.73,602.19,0.67,0.2,droite,,,1,600,557,0,0.768,matched,1
593,19.767,1782384282,T004,7,147.69,81.25,-0.36,-0.32,gauche,,,1,600,580,0,0.761,matched,1
593,19.767,1782384282,T005,22,216.08,612.93,-3.4,2.35,droite,,,1,600,558,0,0.696,matched,1
593,19.767,1782384282,T006,5,33.26,458.09,-0.0,-0.0,droite,,,1,598,589,0,0.77,matched,1
593,19.767,1782384282,T007,23,258.34,581.16,-0.35,-0.16,droite,,,1,598,542,0,0.769,matched,1
594,19.800,1782384282,T002,15,293.76,568.23,-0.59,-0.06,droite,,,1,601,590,0,0.766,matched,1
594,19.800,1782384282,T003,16,128.55,602.39,0.55,0.16,droite,,,1,601,558,0,0.769,matched,1
594,19.800,1782384282,T004,7,146.88,80.59,-0.06,-0.09,gauche,,,1,601,581,0,0.765,matched,1
594,19.800,1782384282,T005,22,211.05,616.61,-2.71,2.01,droite,,,1,601,559,0,0.764,matched,1
594,19.800,1782384282,T006,5,33.26,458.09,-0.0,-0.0,droite,,,1,599,590,0,0.77,matched,1
594,19.800,1782384282,T007,23,257.59,580.85,-0.4,-0.08,droite,,,1,599,543,0,0.768,matched,1
595,19.833,1782384282,T002,15,293.76,568.23,-0.51,-0.15,droite,,,1,602,591,0,0.769,matched,1
595,19.833,1782384282,T003,16,128.55,602.39,0.37,0.11,droite,,,1,602,559,0,0.768,matched,1
595,19.833,1782384282,T004,7,146.22,80.15,-0.1,0.02,gauche,,,1,602,582,0,0.768,matched,1
595,19.833,1782384282,T005,22,207.07,619.57,-1.81,1.41,droite,,,1,602,560,0,0.759,matched,1
595,19.833,1782384282,T006,5,33.26,458.09,-0.0,-0.0,droite,,,1,600,591,0,0.77,matched,1
595,19.833,1782384282,T007,23,257.59,580.85,-0.33,-0.03,droite,,,1,600,544,0,0.769,matched,1
596,19.867,1782384282,T002,15,293.04,568.42,-0.36,-0.15,droite,,,1,603,592,0,0.769,matched,1
596,19.867,1782384282,T003,16,129.34,602.56,0.39,0.07,droite,,,1,603,560,0,0.769,matched,1
596,19.867,1782384282,T004,7,146.22,80.15,-0.1,0.06,gauche,,,1,603,583,0,0.769,matched,1
596,19.867,1782384282,T005,22,203.94,621.83,-1.2,0.83,droite,,,1,603,561,0,0.762,matched,1
596,19.867,1782384282,T006,5,33.26,458.09,-0.0,-0.0,droite,,,1,601,592,0,0.77,matched,1
596,19.867,1782384282,T007,23,257.59,580.85,-0.23,-0.01,droite,,,1,601,545,0,0.769,matched,1
597,19.900,1782384282,T002,15,293.04,568.42,-0.23,-0.11,droite,,,1,604,593,0,0.768,matched,1
597,19.900,1782384282,T003,16,129.34,602.56,0.31,0.2,droite,,,1,604,561,0,0.768,matched,1
597,19.900,1782384282,T004,7,146.22,80.15,-0.07,0.06,gauche,,,1,604,584,0,0.77,matched,1
597,19.900,1782384282,T005,22,201.58,623.35,-0.69,0.24,droite,,,1,604,562,0,0.761,matched,1
597,19.900,1782384282,T006,5,33.26,458.09,-0.0,-0.0,droite,,,1,602,593,0,0.77,matched,1
597,19.900,1782384282,T007,23,256.93,580.36,-0.14,-0.33,droite,,,1,602,546,0,0.765,matched,1
598,19.933,1782384282,T002,15,293.04,568.42,-0.29,-0.08,droite,,,1,605,594,0,0.769,matched,1
598,19.933,1782384282,T003,16,130.16,603.03,0.38,0.38,droite,,,1,605,562,0,0.767,matched,1
598,19.933,1782384282,T004,7,146.22,80.15,-0.05,0.05,gauche,,,1,605,585,0,0.77,matched,1
598,19.933,1782384282,T005,22,199.84,624.37,-0.34,-0.03,droite,,,1,605,563,0,0.765,matched,1
598,19.933,1782384282,T006,5,33.26,458.09,-0.0,-0.0,droite,,,1,603,594,0,0.77,matched,1
598,19.933,1782384282,T007,23,256.3,579.98,-0.24,-0.22,droite,,,1,603,547,0,0.768,matched,1
599,19.967,1782384282,T002,15,292.3,568.68,-0.25,0.13,droite,,,1,606,595,0,0.767,matched,1
599,19.967,1782384282,T003,16,130.86,603.9,0.32,0.87,droite,,,1,606,563,0,0.762,matched,1
599,19.967,1782384282,T004,7,146.22,80.15,-0.03,0.03,gauche,,,1,606,586,0,0.77,matched,1
599,19.967,1782384282,T005,22,198.44,625.06,-0.31,-0.13,droite,,,1,606,564,0,0.769,matched,1
599,19.967,1782384282,T006,5,33.26,458.09,0.0,-0.0,droite,,,1,604,595,0,0.77,matched,1
599,19.967,1782384282,T007,23,255.61,579.02,-0.4,-0.97,droite,,,1,604,548,0,0.758,matched,1
600,20.000,1782384283,T002,15,292.3,568.68,-0.01,0.52,droite,,,1,607,596,0,0.763,matched,1
600,20.000,1782384283,T003,16,131.41,604.97,0.22,1.03,droite,,,1,607,564,0,0.766,matched,1
600,20.000,1782384283,T004,7,146.22,80.15,0.16,0.19,gauche,,,1,607,587,0,0.766,matched,1
600,20.000,1782384283,T005,22,197.34,625.54,-0.22,-0.13,droite,,,1,607,565,0,0.769,matched,1
600,20.000,1782384283,T006,5,33.26,458.09,0.0,-0.0,droite,,,1,605,596,0,0.77,matched,1
600,20.000,1782384283,T007,23,254.85,577.78,-0.54,-1.21,droite,,,1,605,549,0,0.764,matched,1
601,20.033,1782384283,T002,15,291.93,569.43,0.09,0.55,droite,,,1,608,597,0,0.768,matched,1
601,20.033,1782384283,T003,16,131.83,605.98,0.14,0.86,droite,,,1,608,565,0,0.769,matched,1
601,20.033,1782384283,T004,7,146.22,80.15,0.19,0.21,gauche,,,1,608,588,0,0.769,matched,1
601,20.033,1782384283,T005,22,196.5,625.88,-0.14,-0.1,droite,,,1,608,566,0,0.769,matched,1
601,20.033,1782384283,T006,5,33.26,458.09,0.0,-0.0,droite,,,1,606,597,0,0.77,matched,1
601,20.033,1782384283,T007,23,254.16,576.59,-0.47,-1.03,droite,,,1,606,550,0,0.769,matched,1
602,20.067,1782384283,T002,15,291.56,570.35,-0.07,0.78,droite,,,1,609,598,0,0.765,matched,1
602,20.067,1782384283,T003,21,124.05,607.36,-9.96,1.28,droite,,,1,609,566,0,0.622,matched,1
602,20.067,1782384283,T004,7,146.22,80.15,0.16,0.17,gauche,,,1,609,589,0,0.77,matched,1
602,20.067,1782384283,T005,22,196.5,625.88,-0.08,-0.07,droite,,,1,609,567,0,0.769,matched,1
602,20.067,1782384283,T006,5,33.26,458.09,0.0,-0.0,droite,,,1,607,598,0,0.77,matched,1
602,20.067,1782384283,T007,23,253.45,575.61,-0.51,-0.72,droite,,,1,607,551,0,0.767,matched,1
603,20.100,1782384283,T002,15,291.21,571.24,-0.11,0.69,droite,,,1,610,599,0,0.769,matched,1
603,20.100,1782384283,T003,21,113.62,608.44,-11.59,0.81,droite,,,1,610,567,0,0.731,matched,1
603,20.100,1782384283,T004,7,146.22,80.15,0.11,0.11,gauche,,,1,610,590,0,0.769,matched,1
603,20.100,1782384283,T005,22,196.5,625.88,-0.03,-0.04,droite,,,1,610,568,0,0.769,matched,1
603,20.100,1782384283,T006,5,33.26,458.09,0.0,-0.0,droite,,,1,608,599,0,0.77,matched,1
603,20.100,1782384283,T007,23,252.7,574.72,-0.58,-0.61,droite,,,1,608,552,0,0.768,matched,1
604,20.133,1782384283,T002,15,290.92,572.25,-0.1,0.84,droite,,,1,611,600,0,0.767,matched,1
604,20.133,1782384283,T003,21,103.6,609.09,-9.58,0.27,droite,,,1,611,568,0,0.756,matched,1
604,20.133,1782384283,T004,7,146.22,80.15,0.07,0.07,gauche,,,1,611,591,0,0.769,matched,1
604,20.133,1782384283,T005,22,196.5,625.88,-0.01,-0.02,droite,,,1,611,569,0,0.77,matched,1
604,20.133,1782384283,T006,5,33.26,458.09,0.0,-0.17,droite,,,1,609,600,0,0.768,matched,1
604,20.133,1782384283,T007,23,251.88,573.86,-0.64,-0.6,droite,,,1,609,553,0,0.768,matched,1
605,20.167,1782384283,T002,15,290.69,573.45,-0.08,1.05,droite,,,1,612,601,0,0.766,matched,1
605,20.167,1782384283,T003,21,95.29,609.32,-6.63,-0.16,droite,,,1,612,569,0,0.74,matched,1
605,20.167,1782384283,T004,7,146.22,80.15,0.04,0.03,gauche,,,1,612,592,0,0.769,matched,1
605,20.167,1782384283,T005,22,196.5,625.88,0.0,-0.01,droite,,,1,612,570,0,0.77,matched,1
605,20.167,1782384283,T006,5,33.26,458.09,0.0,-0.2,droite,,,1,610,601,0,0.769,matched,1
605,20.167,1782384283,T007,23,251.16,572.98,-0.52,-0.63,droite,,,1,610,554,0,0.768,matched,1
606,20.200,1782384283,T002,15,290.38,574.44,-0.22,0.72,droite,,,1,613,602,0,0.766,matched,1
606,20.200,1782384283,T003,21,88.85,609.19,-4.16,-0.47,droite,,,1,613,570,0,0.743,matched,1
606,20.200,1782384283,T004,7,146.22,80.15,0.02,0.01,gauche,,,1,613,593,0,0.77,matched,1
606,20.200,1782384283,T005,22,196.5,625.88,0.01,-0.0,droite,,,1,613,571,0,0.77,matched,1
606,20.200,1782384283,T006,5,33.26,458.09,0.0,-0.16,droite,,,1,611,602,0,0.77,matched,1
606,20.200,1782384283,T007,23,250.44,572.23,-0.53,-0.5,droite,,,1,611,555,0,0.769,matched,1
607,20.233,1782384283,T002,15,290.06,575.18,-0.22,0.43,droite,,,1,614,603,0,0.767,matched,1
607,20.233,1782384283,T003,21,84.15,608.94,-2.26,-0.48,droite,,,1,614,571,0,0.748,matched,1
607,20.233,1782384283,T004,7,146.22,80.15,0.0,0.0,gauche,,,1,614,594,0,0.77,matched,1
607,20.233,1782384283,T005,22,196.5,625.88,0.01,0.0,droite,,,1,614,572,0,0.77,matched,1
607,20.233,1782384283,T006,5,33.26,458.09,0.0,-0.11,droite,,,1,612,603,0,0.77,matched,1
607,20.233,1782384283,T007,23,249.81,571.62,-0.41,-0.33,droite,,,1,612,556,0,0.768,matched,1
608,20.267,1782384283,T002,15,289.93,576.13,-0.01,0.73,droite,,,1,615,604,0,0.764,matched,1
608,20.267,1782384283,T003,25,73.03,613.76,-10.71,5.92,droite,,,1,615,572,0,0.612,matched,1
608,20.267,1782384283,T004,7,146.22,80.15,-0.17,-0.17,gauche,,,1,615,595,0,0.766,matched,1
608,20.267,1782384283,T005,22,196.5,625.88,0.0,0.0,droite,,,1,615,573,0,0.77,matched,1
608,20.267,1782384283,T006,5,33.26,458.09,0.0,0.1,droite,,,1,613,604,0,0.767,matched,1
608,20.267,1782384283,T007,23,249.81,571.62,-0.27,-0.19,droite,,,1,613,557,0,0.768,matched,1
609,20.300,1782384283,T002,15,289.76,577.05,-0.09,0.68,droite,,,1,616,605,0,0.769,matched,1
609,20.300,1782384283,T003,25,60.63,620.22,-11.36,7.04,droite,,,1,616,573,0,0.734,matched,1
609,20.300,1782384283,T004,7,146.22,80.15,-0.2,-0.2,gauche,,,1,616,596,0,0.769,matched,1
609,20.300,1782384283,T005,16,188.36,623.82,-9.35,-2.89,droite,,,1,616,574,0,0.626,matched,1
609,20.300,1782384283,T006,5,33.26,458.09,0.0,0.16,droite,,,1,614,605,0,0.769,matched,1
609,20.300,1782384283,T007,23,249.19,571.19,-0.33,-0.1,droite,,,1,614,558,0,0.768,matched,1
610,20.333,1782384283,T002,15,289.59,577.82,-0.1,0.51,droite,,,1,617,606,0,0.768,matched,1
610,20.333,1782384283,T003,25,49.3,626.45,-9.2,5.87,droite,,,1,617,574,0,0.753,matched,1
610,20.333,1782384283,T004,7,146.22,80.15,-0.17,-0.17,gauche,,,1,617,597,0,0.77,matched,1
610,20.333,1782384283,T005,16,177.97,620.95,-10.83,-3.35,droite,,,1,617,575,0,0.733,matched,1
610,20.333,1782384283,T006,5,33.26,458.09,0.0,-0.02,droite,,,1,615,606,0,0.768,matched,1
610,20.333,1782384283,T007,23,249.19,571.19,-0.27,-0.04,droite,,,1,615,559,0,0.769,matched,1
611,20.367,1782384283,T002,15,289.59,577.82,-0.25,0.32,droite,,,1,618,607,0,0.767,matched,1
611,20.367,1782384283,T003,25,39.68,631.62,-6.79,4.09,droite,,,1,618,575,0,0.742,matched,1
611,20.367,1782384283,T004,7,146.22,80.15,0.06,0.06,gauche,,,1,618,598,0,0.766,matched,1
611,20.367,1782384283,T005,16,168.13,618.17,-8.94,-2.76,droite,,,1,618,576,0,0.758,matched,1
611,20.367,1782384283,T006,5,33.26,458.09,0.0,0.08,droite,,,1,616,607,0,0.769,matched,1
611,20.367,1782384283,T007,23,249.19,571.19,-0.19,-0.18,droite,,,1,616,560,0,0.768,matched,1
612,20.400,1782384283,T002,15,289.59,577.82,-0.42,0.01,droite,,,1,619,608,0,0.765,matched,1
612,20.400,1782384283,T003,25,32.2,635.56,-4.32,2.47,droite,,,1,619,576,0,0.738,matched,1
612,20.400,1782384283,T004,7,146.22,80.15,0.13,0.13,gauche,,,1,619,599,0,0.768,matched,1
612,20.400,1782384283,T005,16,160.15,616.0,-6.01,-1.74,droite,,,1,619,577,0,0.738,matched,1
612,20.400,1782384283,T006,5,33.26,458.09,0.0,0.1,droite,,,1,617,608,0,0.77,matched,1
612,20.400,1782384283,T007,23,248.49,570.82,-0.29,-0.02,droite,,,1,617,561,0,0.767,matched,1
613,20.433,1782384283,T002,15,289.59,577.82,-0.39,-0.11,droite,,,1,620,609,0,0.768,matched,1
613,20.433,1782384283,T003,25,26.68,638.4,-2.38,1.29,droite,,,1,620,577,0,0.744,matched,1
613,20.433,1782384283,T004,7,146.22,80.15,0.13,0.13,gauche,,,1,620,600,0,0.77,matched,1
613,20.433,1782384283,T005,16,154.17,614.43,-3.52,-0.95,droite,,,1,620,578,0,0.741,matched,1
613,20.433,1782384283,T006,5,33.26,458.09,0.0,0.09,droite,,,1,618,609,0,0.77,matched,1
613,20.433,1782384283,T007,23,248.49,570.82,-0.26,-0.12,droite,,,1,618,562,0,0.768,matched,1
614,20.467,1782384283,T002,15,288.79,578.12,-0.46,-0.13,droite,,,1,621,610,0,0.768,matched,1
614,20.467,1782384283,T003,25,22.76,640.36,-1.1,0.54,droite,,,1,621,578,0,0.752,matched,1
614,20.467,1782384283,T004,7,146.22,80.15,-0.07,-0.07,gauche,,,1,621,601,0,0.766,matched,1
614,20.467,1782384283,T005,16,149.92,613.35,-1.76,-0.43,droite,,,1,621,579,0,0.748,matched,1
614,20.467,1782384283,T006,5,33.26,458.09,0.0,0.06,droite,,,1,619,610,0,0.77,matched,1
614,20.467,1782384283,T007,23,248.49,570.82,-0.19,0.03,droite,,,1,619,563,0,0.768,matched,1
615,20.500,1782384283,T002,15,288.79,578.12,-0.38,-0.11,droite,,,1,622,611,0,0.77,matched,1
615,20.500,1782384283,T003,25,20.04,641.69,-0.35,0.13,droite,,,1,622,579,0,0.759,matched,1
615,20.500,1782384283,T004,7,146.22,80.15,0.04,0.04,gauche,,,1,622,602,0,0.768,matched,1
615,20.500,1782384283,T005,16,146.99,612.9,-0.68,0.21,droite,,,1,622,580,0,0.754,matched,1
615,20.500,1782384283,T006,5,33.26,458.09,0.0,0.04,droite,,,1,620,611,0,0.77,matched,1
615,20.500,1782384283,T007,23,247.73,570.31,-0.29,-0.25,droite,,,1,620,564,0,0.765,matched,1
616,20.533,1782384283,T002,15,287.94,578.32,-0.44,-0.08,droite,,,1,623,612,0,0.769,matched,1
616,20.533,1782384283,T003,25,18.15,642.31,0.02,-0.4,droite,,,1,623,580,0,0.761,matched,1
616,20.533,1782384283,T004,7,146.22,80.15,0.07,0.07,gauche,,,1,623,603,0,0.769,matched,1
616,20.533,1782384283,T005,21,135.68,610.46,-11.67,-2.48,droite,,,1,623,581,0,0.603,matched,1
616,20.533,1782384283,T006,5,33.26,458.09,0.0,0.02,droite,,,1,621,612,0,0.77,matched,1
616,20.533,1782384283,T007,23,247.07,569.94,-0.26,-0.14,droite,,,1,621,565,0,0.769,matched,1
617,20.567,1782384283,T002,15,287.21,578.47,-0.36,-0.05,droite,,,1,624,613,0,0.769,matched,1
617,20.567,1782384283,T003,25,16.97,642.3,0.32,-0.85,droite,,,1,624,581,0,0.761,matched,1
617,20.567,1782384283,T004,7,146.22,80.15,0.07,0.07,gauche,,,1,624,604,0,0.77,matched,1
617,20.567,1782384283,T005,21,122.06,607.29,-13.26,-3.13,droite,,,1,624,582,0,0.727,matched,1
617,20.567,1782384283,T006,5,33.26,458.09,0.0,0.01,droite,,,1,622,613,0,0.77,matched,1
617,20.567,1782384283,T007,23,246.14,568.85,-0.7,-1.08,droite,,,1,622,566,0,0.754,matched,1
618,20.600,1782384283,T002,15,287.21,578.47,-0.25,0.32,droite,,,1,625,614,0,0.765,matched,1
618,20.600,1782384283,T003,25,16.21,641.75,0.37,-1.17,droite,,,1,625,582,0,0.764,matched,1
618,20.600,1782384283,T004,7,146.22,80.15,0.05,0.05,gauche,,,1,625,605,0,0.77,matched,1
618,20.600,1782384283,T005,21,109.4,604.25,-10.85,-2.66,droite,,,1,625,583,0,0.754,matched,1
618,20.600,1782384283,T006,5,33.26,458.09,0.0,0.0,droite,,,1,623,614,0,0.77,matched,1
618,20.600,1782384283,T007,23,245.19,567.59,-0.71,-1.2,droite,,,1,623,567,0,0.766,matched,1
619,20.633,1782384283,T002,15,286.64,579.02,-0.15,0.38,droite,,,1,626,615,0,0.768,matched,1
619,20.633,1782384283,T003,25,15.69,641.07,0.3,-1.03,droite,,,1,626,583,0,0.769,matched,1
619,20.633,1782384283,T004,7,146.22,80.15,0.03,0.03,gauche,,,1,626,606,0,0.77,matched,1
619,20.633,1782384283,T005,21,99.03,601.72,-7.46,-1.88,droite,,,1,626,584,0,0.735,matched,1
619,20.633,1782384283,T006,5,33.26,458.09,0.0,-0.0,droite,,,1,624,615,0,0.77,matched,1
619,20.633,1782384283,T007,23,244.37,566.42,-0.55,-0.97,droite,,,1,624,568,0,0.768,matched,1
620,20.667,1782384283,T002,15,286.21,579.64,-0.08,0.49,droite,,,1,627,616,0,0.768,matched,1
620,20.667,1782384283,T003,25,15.69,641.07,0.21,-0.74,droite,,,1,627,584,0,0.767,matched,1
620,20.667,1782384283,T004,7,146.22,80.15,0.02,0.02,gauche,,,1,627,607,0,0.77,matched,1
620,20.667,1782384283,T005,21,91.04,599.78,-4.63,-1.15,droite,,,1,627,585,0,0.738,matched,1
620,20.667,1782384283,T006,5,33.26,458.09,0.0,-0.0,droite,,,1,625,616,0,0.77,matched,1
620,20.667,1782384283,T007,23,243.72,565.47,-0.37,-0.66,droite,,,1,625,569,0,0.766,matched,1
621,20.700,1782384283,T002,15,285.9,580.36,-0.03,0.59,droite,,,1,628,617,0,0.768,matched,1
621,20.700,1782384283,T003,25,15.46,640.31,0.29,-0.63,droite,,,1,628,585,0,0.768,matched,1
621,20.700,1782384283,T004,7,146.22,80.15,0.01,0.01,gauche,,,1,628,608,0,0.77,matched,1
621,20.700,1782384283,T005,21,85.08,598.37,-2.66,-0.61,droite,,,1,628,586,0,0.747,matched,1
621,20.700,1782384283,T006,5,33.26,458.09,0.0,-0.0,droite,,,1,626,617,0,0.77,matched,1
621,20.700,1782384283,T007,23,243.1,564.76,-0.38,-0.39,droite,,,1,626,570,0,0.767,matched,1
622,20.733,1782384283,T002,15,285.53,581.29,-0.18,0.84,droite,,,1,629,618,0,0.765,matched,1
622,20.733,1782384283,T003,25,15.35,639.41,0.26,-0.79,droite,,,1,629,586,0,0.767,matched,1
622,20.733,1782384283,T004,7,146.22,80.15,0.0,0.0,gauche,,,1,629,609,0,0.77,matched,1
622,20.733,1782384283,T005,21,80.66,597.25,-1.46,-0.43,droite,,,1,629,587,0,0.756,matched,1
622,20.733,1782384283,T006,5,33.26,458.09,0.0,-0.0,droite,,,1,627,618,0,0.77,matched,1
622,20.733,1782384283,T007,23,242.57,564.24,-0.3,-0.2,droite,,,1,627,571,0,0.768,matched,1
623,20.767,1782384283,T002,15,285.18,582.19,-0.19,0.74,droite,,,1,630,619,0,0.769,matched,1
623,20.767,1782384283,T003,25,15.3,638.43,0.19,-0.84,droite,,,1,630,587,0,0.768,matched,1
623,20.767,1782384283,T004,7,146.22,80.15,0.0,0.0,gauche,,,1,630,610,0,0.77,matched,1
623,20.767,,T005,21,76.95,596.3,-1.32,-0.39,droite,,,1,630,587,1,0.49,predicted,1
623,20.767,1782384283,T006,5,33.26,458.09,0.0,-0.0,droite,,,1,628,619,0,0.77,matched,1
623,20.767,1782384283,T007,23,242.57,564.24,-0.2,-0.08,droite,,,1,628,572,0,0.768,matched,1
624,20.800,1782384283,T002,15,284.89,583.49,-0.16,1.22,droite,,,1,631,620,0,0.762,matched,1
624,20.800,1782384283,T003,25,15.26,637.55,0.12,-0.67,droite,,,1,631,588,0,0.769,matched,1
624,20.800,1782384283,T004,7,146.22,80.15,-0.17,-0.17,gauche,,,1,631,611,0,0.766,matched,1
624,20.800,1782384283,T005,21,74.71,594.97,-0.21,-0.9,droite,,,1,631,588,0,0.755,matched,1
624,20.800,1782384283,T006,5,33.26,458.09,0.0,-0.0,droite,,,1,629,620,0,0.77,matched,1
624,20.800,1782384283,T007,23,242.57,564.24,-0.12,-0.02,droite,,,1,629,573,0,0.769,matched,1
625,20.833,1782384283,T002,15,284.65,584.8,-0.11,1.12,droite,,,1,632,621,0,0.769,matched,1
625,20.833,1782384283,T003,25,15.26,637.55,0.06,-0.45,droite,,,1,632,589,0,0.768,matched,1
625,20.833,1782384283,T004,7,146.22,80.15,-0.2,-0.2,gauche,,,1,632,612,0,0.769,matched,1
625,20.833,1782384283,T005,21,73.19,593.77,0.07,-0.79,droite,,,1,632,589,0,0.766,matched,1
625,20.833,1782384283,T006,5,33.26,458.09,0.0,-0.0,droite,,,1,630,621,0,0.77,matched,1
625,20.833,1782384283,T007,23,242.57,564.24,-0.06,0.01,droite,,,1,630,574,0,0.769,matched,1
626,20.867,,T002,15,284.45,586.06,-0.09,1.01,droite,,,1,633,621,1,0.49,predicted,1
626,20.867,1782384283,T003,25,15.26,637.55,0.03,-0.26,droite,,,1,633,590,0,0.768,matched,1
626,20.867,1782384283,T004,7,146.22,80.15,0.01,0.01,gauche,,,1,633,613,0,0.766,matched,1
626,20.867,1782384283,T005,21,72.12,592.5,0.16,-0.9,droite,,,1,633,590,0,0.767,matched,1
626,20.867,1782384283,T006,5,33.26,458.09,0.0,-0.0,droite,,,1,631,622,0,0.77,matched,1
626,20.867,1782384283,T007,23,242.57,564.24,-0.02,0.02,droite,,,1,631,575,0,0.77,matched,1
627,20.900,,T002,15,284.27,587.26,-0.09,0.91,droite,,,1,634,621,2,0.41,predicted,1
627,20.900,1782384283,T003,25,15.26,637.55,0.01,-0.13,droite,,,1,634,591,0,0.768,matched,1
627,20.900,1782384283,T004,7,146.22,80.15,-0.09,-0.09,gauche,,,1,634,614,0,0.768,matched,1
627,20.900,1782384283,T005,21,71.37,591.11,0.16,-1.08,droite,,,1,634,591,0,0.766,matched,1
627,20.900,1782384283,T006,5,33.26,458.09,0.17,-0.0,droite,,,1,632,623,0,0.767,matched,1
627,20.900,1782384283,T007,23,242.05,563.67,-0.17,-0.32,droite,,,1,632,576,0,0.765,matched,1
628,20.933,1782384283,T002,15,283.8,588.0,-0.38,0.45,droite,,,1,635,622,0,0.764,matched,1
628,20.933,1782384283,T003,25,15.26,637.55,-0.17,-0.05,droite,,,1,635,592,0,0.767,matched,1
628,20.933,1782384283,T004,7,146.22,80.15,0.07,0.07,gauche,,,1,635,615,0,0.767,matched,1
628,20.933,1782384283,T005,21,70.81,589.56,0.12,-1.25,droite,,,1,635,592,0,0.766,matched,1
628,20.933,1782384283,T006,5,33.26,458.09,0.2,0.0,droite,,,1,633,624,0,0.769,matched,1
628,20.933,1782384283,T007,23,241.58,562.67,-0.19,-0.89,droite,,,1,633,577,0,0.761,matched,1
629,20.967,1782384283,T002,15,283.8,588.0,-0.48,0.12,droite,,,1,636,623,0,0.765,matched,1
629,20.967,1782384283,T003,25,14.85,636.92,-0.37,-0.01,droite,,,1,636,593,0,0.767,matched,1
629,20.967,1782384283,T004,7,146.22,80.15,0.11,0.11,gauche,,,1,636,616,0,0.769,matched,1
629,20.967,1782384283,T005,21,70.26,588.03,-0.09,-1.2,droite,,,1,636,593,0,0.767,matched,1
629,20.967,1782384283,T006,5,33.26,458.09,0.16,0.0,droite,,,1,634,625,0,0.77,matched,1
629,20.967,1782384283,T007,23,241.19,561.34,-0.16,-1.25,droite,,,1,634,578,0,0.763,matched,1
630,21.000,1782384284,T002,15,282.97,588.32,-0.58,-0.02,droite,,,1,637,624,0,0.767,matched,1
630,21.000,1782384284,T003,25,14.28,636.45,-0.53,0.01,droite,,,1,637,594,0,0.767,matched,1
630,21.000,1782384284,T004,7,146.22,80.15,0.1,0.1,gauche,,,1,637,617,0,0.77,matched,1
630,21.000,1782384284,T005,21,69.76,586.31,-0.15,-1.42,droite,,,1,637,594,0,0.765,matched,1
630,21.000,1782384284,T006,5,33.26,458.09,0.11,0.0,droite,,,1,635,626,0,0.77,matched,1
630,21.000,1782384284,T007,23,240.88,559.91,-0.11,-1.27,droite,,,1,635,579,0,0.768,matched,1
631,21.033,1782384284,T002,15,282.24,588.52,-0.48,-0.07,droite,,,1,638,625,0,0.769,matched,1
631,21.033,1782384284,T003,25,14.28,636.45,-0.48,0.01,droite,,,1,638,595,0,0.77,matched,1
631,21.033,1782384284,T004,7,146.22,80.15,0.08,0.08,gauche,,,1,638,618,0,0.77,matched,1
631,21.033,1782384284,T005,21,69.34,584.74,-0.14,-1.18,droite,,,1,638,595,0,0.769,matched,1
631,21.033,1782384284,T006,5,33.26,458.09,-0.1,0.0,droite,,,1,636,627,0,0.767,matched,1
631,21.033,1782384284,T007,23,240.65,558.64,-0.06,-0.99,droite,,,1,636,580,0,0.768,matched,1
632,21.067,1782384284,T002,15,281.5,588.64,-0.51,-0.08,droite,,,1,639,626,0,0.769,matched,1
632,21.067,1782384284,T003,25,13.69,635.96,-0.35,-0.16,droite,,,1,639,596,0,0.767,matched,1
632,21.067,1782384284,T004,7,146.22,80.15,0.05,0.05,gauche,,,1,639,619,0,0.77,matched,1
632,21.067,1782384284,T005,21,68.87,583.59,-0.27,-0.65,droite,,,1,639,596,0,0.764,matched,1
632,21.067,1782384284,T006,5,33.26,458.09,0.01,0.0,droite,,,1,637,628,0,0.769,matched,1
632,21.067,1782384284,T007,23,240.48,557.49,-0.03,-0.83,droite,,,1,637,581,0,0.769,matched,1
633,21.100,1782384284,T002,15,280.73,588.72,-0.57,-0.06,droite,,,1,640,627,0,0.768,matched,1
633,21.100,1782384284,T003,25,13.09,635.38,-0.39,-0.36,droite,,,1,640,597,0,0.767,matched,1
633,21.100,1782384284,T004,7,146.22,80.15,0.03,0.03,gauche,,,1,640,620,0,0.77,matched,1
633,21.100,1782384284,T005,21,68.56,582.52,-0.09,-0.64,droite,,,1,640,597,0,0.768,matched,1
633,21.100,1782384284,T006,5,33.26,458.09,0.05,0.0,droite,,,1,638,629,0,0.769,matched,1
633,21.100,1782384284,T007,23,240.36,556.55,-0.01,-0.58,droite,,,1,638,582,0,0.768,matched,1
634,21.133,1782384284,T002,15,280.73,588.72,-0.47,-0.04,droite,,,1,641,628,0,0.769,matched,1
634,21.133,1782384284,T003,25,12.7,634.42,-0.14,-0.86,droite,,,1,641,598,0,0.761,matched,1
634,21.133,1782384284,T004,7,146.22,80.15,0.01,0.01,gauche,,,1,641,621,0,0.77,matched,1
634,21.133,1782384284,T005,21,68.38,581.49,-0.0,-0.66,droite,,,1,641,598,0,0.768,matched,1
634,21.133,1782384284,T006,5,33.26,458.09,-0.12,0.0,droite,,,1,639,630,0,0.768,matched,1
634,21.133,1782384284,T007,23,240.26,555.83,-0.0,-0.35,droite,,,1,639,583,0,0.767,matched,1
635,21.167,1782384284,T002,15,280.02,588.92,-0.32,0.15,droite,,,1,642,629,0,0.767,matched,1
635,21.167,1782384284,T003,25,12.33,633.27,-0.19,-1.03,droite,,,1,642,599,0,0.766,matched,1
635,21.167,1782384284,T004,7,146.22,80.15,0.0,0.0,gauche,,,1,642,622,0,0.77,matched,1
635,21.167,1782384284,T005,21,68.38,581.49,-0.14,-0.18,droite,,,1,642,599,0,0.764,matched,1
635,21.167,1782384284,T006,5,33.26,458.09,0.02,0.17,droite,,,1,640,631,0,0.767,matched,1
635,21.167,1782384284,T007,23,240.26,555.83,0.0,-0.18,droite,,,1,640,584,0,0.768,matched,1
636,21.200,1782384284,T002,15,280.02,588.92,-0.36,0.19,droite,,,1,643,630,0,0.769,matched,1
636,21.200,1782384284,T003,25,12.14,632.07,0.01,-1.03,droite,,,1,643,600,0,0.767,matched,1
636,21.200,1782384284,T004,7,146.22,80.15,-0.0,-0.17,gauche,,,1,643,623,0,0.767,matched,1
636,21.200,1782384284,T005,21,68.07,580.59,-0.16,-0.46,droite,,,1,643,600,0,0.766,matched,1
636,21.200,1782384284,T006,5,33.03,459.04,-0.11,0.54,droite,,,1,641,632,0,0.764,matched,1
636,21.200,1782384284,T007,23,240.26,555.83,0.0,-0.08,droite,,,1,641,585,0,0.769,matched,1
637,21.233,1782384284,T002,15,279.27,589.18,-0.29,0.16,droite,,,1,644,631,0,0.77,matched,1
637,21.233,1782384284,T003,25,12.06,631.01,0.08,-0.8,droite,,,1,644,601,0,0.768,matched,1
637,21.233,1782384284,T004,7,146.22,80.15,-0.0,-0.2,gauche,,,1,644,624,0,0.769,matched,1
637,21.233,1782384284,T005,21,67.81,579.76,-0.13,-0.47,droite,,,1,644,601,0,0.769,matched,1
637,21.233,1782384284,T006,5,32.81,459.95,-0.13,0.56,droite,,,1,642,633,0,0.769,matched,1
637,21.233,1782384284,T007,23,240.26,555.83,0.0,-0.02,droite,,,1,642,586,0,0.769,matched,1
638,21.267,1782384284,T002,15,279.27,589.18,-0.2,0.28,droite,,,1,645,632,0,0.768,matched,1
638,21.267,1782384284,T003,25,12.04,630.04,0.09,-0.7,droite,,,1,645,602,0,0.77,matched,1
638,21.267,1782384284,T004,7,146.22,80.15,-0.0,-0.16,gauche,,,1,645,625,0,0.77,matched,1
638,21.267,1782384284,T005,21,67.6,578.79,-0.09,-0.7,droite,,,1,645,602,0,0.766,matched,1
638,21.267,1782384284,T006,5,32.75,460.85,0.06,0.61,droite,,,1,643,634,0,0.767,matched,1
638,21.267,1782384284,T007,23,240.26,555.83,0.0,0.01,droite,,,1,643,587,0,0.77,matched,1
639,21.300,1782384284,T002,15,278.69,589.89,-0.12,0.61,droite,,,1,646,633,0,0.765,matched,1
639,21.300,1782384284,T003,25,12.03,629.09,0.07,-0.67,droite,,,1,646,603,0,0.769,matched,1
639,21.300,1782384284,T004,7,146.22,80.15,-0.0,-0.11,gauche,,,1,646,626,0,0.769,matched,1
639,21.300,1782384284,T005,21,67.57,577.47,0.12,-1.14,droite,,,1,646,603,0,0.762,matched,1
639,21.300,1782384284,T006,5,32.77,461.78,0.12,0.66,droite,,,1,644,635,0,0.768,matched,1
639,21.300,1782384284,T007,23,240.26,555.83,0.0,0.02,droite,,,1,644,588,0,0.77,matched,1
640,21.333,,T002,15,278.22,590.57,-0.11,0.54,droite,,,1,647,633,1,0.49,predicted,1
640,21.333,1782384284,T003,25,12.17,628.02,0.22,-0.85,droite,,,1,647,604,0,0.766,matched,1
640,21.333,1782384284,T004,7,146.22,80.15,-0.0,-0.07,gauche,,,1,647,627,0,0.77,matched,1
640,21.333,1782384284,T005,21,67.5,576.17,-0.0,-1.05,droite,,,1,647,604,0,0.768,matched,1
640,21.333,1782384284,T006,5,32.82,462.73,0.12,0.7,droite,,,1,645,636,0,0.768,matched,1
640,21.333,1782384284,T007,23,240.26,555.83,0.0,0.02,droite,,,1,645,589,0,0.77,matched,1
641,21.367,,T002,15,277.83,591.21,-0.1,0.49,droite,,,1,648,633,2,0.41,predicted,1
641,21.367,1782384284,T003,25,12.22,627.03,0.06,-0.72,droite,,,1,648,605,0,0.768,matched,1
641,21.367,1782384284,T004,7,146.22,80.15,-0.0,-0.04,gauche,,,1,648,628,0,0.77,matched,1
641,21.367,1782384284,T005,21,67.54,574.66,0.12,-1.29,droite,,,1,648,605,0,0.765,matched,1
641,21.367,1782384284,T006,5,33.01,463.7,0.26,0.73,droite,,,1,646,637,0,0.767,matched,1
641,21.367,1782384284,T007,23,240.26,555.83,0.17,0.01,droite,,,1,646,590,0,0.768,matched,1
642,21.400,,T002,15,277.83,591.21,-0.09,0.44,droite,,,1,649,633,3,0.33,predicted,1
642,21.400,1782384284,T003,25,12.21,626.22,-0.02,-0.51,droite,,,1,649,606,0,0.768,matched,1
642,21.400,1782384284,T004,7,146.22,80.15,-0.0,-0.01,gauche,,,1,649,629,0,0.77,matched,1
642,21.400,1782384284,T005,21,67.5,573.26,-0.03,-1.09,droite,,,1,649,606,0,0.768,matched,1
642,21.400,1782384284,T006,5,33.23,464.54,0.25,0.57,droite,,,1,647,638,0,0.769,matched,1
642,21.400,1782384284,T007,23,240.26,555.83,0.03,0.01,droite,,,1,647,591,0,0.768,matched,1
643,21.433,,T002,15,277.5,591.93,-0.08,0.4,droite,,,1,650,633,4,0.32,predicted,1
643,21.433,1782384284,T003,25,12.21,626.22,-0.04,-0.31,droite,,,1,650,607,0,0.768,matched,1
643,21.433,1782384284,T004,7,146.22,80.15,-0.0,-0.0,gauche,,,1,650,630,0,0.77,matched,1
643,21.433,1782384284,T005,21,67.41,572.1,-0.08,-0.76,droite,,,1,650,607,0,0.767,matched,1
643,21.433,1782384284,T006,5,33.23,464.54,0.19,0.38,droite,,,1,648,639,0,0.768,matched,1
643,21.433,1782384284,T007,23,240.26,555.83,-0.03,0.0,droite,,,1,648,592,0,0.769,matched,1
644,21.467,1782384284,T002,15,277.37,593.1,0.03,0.74,droite,,,1,651,634,0,0.764,matched,1
644,21.467,1782384284,T003,25,12.21,626.22,-0.04,-0.17,droite,,,1,651,608,0,0.768,matched,1
644,21.467,1782384284,T004,7,146.22,80.15,-0.0,0.17,gauche,,,1,651,631,0,0.767,matched,1
644,21.467,1782384284,T005,21,67.32,571.22,-0.08,-0.46,droite,,,1,651,608,0,0.767,matched,1
644,21.467,1782384284,T006,5,33.58,465.2,0.3,0.22,droite,,,1,649,640,0,0.767,matched,1
644,21.467,1782384284,T007,23,240.26,555.83,-0.05,0.0,droite,,,1,649,593,0,0.77,matched,1
645,21.500,1782384284,T002,15,277.13,594.24,-0.12,0.73,droite,,,1,652,635,0,0.767,matched,1
645,21.500,1782384284,T003,25,12.21,626.22,-0.03,-0.07,droite,,,1,652,609,0,0.769,matched,1
645,21.500,1782384284,T004,7,146.22,80.15,0.0,0.2,gauche,,,1,652,632,0,0.769,matched,1
645,21.500,1782384284,T005,21,66.96,570.45,-0.4,-0.41,droite,,,1,652,609,0,0.765,matched,1
645,21.500,1782384284,T006,5,33.58,465.2,0.44,0.11,droite,,,1,650,641,0,0.767,matched,1
645,21.500,1782384284,T007,23,240.26,555.83,-0.04,0.0,droite,,,1,650,594,0,0.77,matched,1
646,21.533,1782384284,T002,15,276.88,595.2,-0.15,0.56,droite,,,1,653,636,0,0.768,matched,1
646,21.533,1782384284,T003,25,12.21,626.22,-0.19,-0.02,droite,,,1,653,610,0,0.768,matched,1
646,21.533,1782384284,T004,7,146.22,80.15,0.0,0.17,gauche,,,1,653,633,0,0.77,matched,1
646,21.533,1782384284,T005,21,66.54,569.82,-0.44,-0.3,droite,,,1,653,610,0,0.768,matched,1
646,21.533,1782384284,T006,5,34.16,465.67,0.39,0.04,droite,,,1,651,642,0,0.769,matched,1
646,21.533,1782384284,T007,23,240.26,555.83,-0.03,0.0,droite,,,1,651,595,0,0.77,matched,1
647,21.567,1782384284,T002,15,276.88,595.2,-0.3,0.19,droite,,,1,654,637,0,0.765,matched,1
647,21.567,1782384284,T003,25,12.21,626.22,-0.21,0.01,droite,,,1,654,611,0,0.769,matched,1
647,21.567,1782384284,T004,7,146.22,80.15,0.0,0.11,gauche,,,1,654,634,0,0.769,matched,1
647,21.567,1782384284,T005,21,66.54,569.82,-0.52,-0.19,droite,,,1,654,611,0,0.768,matched,1
647,21.567,1782384284,T006,5,34.16,465.67,0.46,0.01,droite,,,1,652,643,0,0.768,matched,1
647,21.567,1782384284,T007,23,240.26,555.83,-0.02,-0.0,droite,,,1,652,596,0,0.77,matched,1
648,21.600,1782384284,T002,15,276.3,595.73,-0.47,0.0,droite,,,1,655,638,0,0.766,matched,1
648,21.600,1782384284,T003,25,12.21,626.22,-0.34,0.01,droite,,,1,655,612,0,0.768,matched,1
648,21.600,1782384284,T004,7,146.22,80.15,0.0,0.07,gauche,,,1,655,635,0,0.769,matched,1
648,21.600,1782384284,T005,21,65.91,568.79,-0.43,-0.78,droite,,,1,655,612,0,0.761,matched,1
648,21.600,1782384284,T006,5,34.87,466.0,0.38,-0.01,droite,,,1,653,644,0,0.769,matched,1
648,21.600,1782384284,T007,23,240.26,555.83,-0.01,-0.0,droite,,,1,653,597,0,0.77,matched,1
649,21.633,1782384284,T002,15,276.3,595.73,-0.42,-0.07,droite,,,1,656,639,0,0.769,matched,1
649,21.633,1782384284,T003,25,11.68,625.69,-0.31,0.01,droite,,,1,656,613,0,0.77,matched,1
649,21.633,1782384284,T004,7,146.22,80.15,0.0,0.04,gauche,,,1,656,636,0,0.77,matched,1
649,21.633,1782384284,T005,21,65.4,567.72,-0.3,-0.83,droite,,,1,656,613,0,0.768,matched,1
649,21.633,1782384284,T006,5,34.87,466.0,0.26,-0.01,droite,,,1,654,645,0,0.769,matched,1
649,21.633,1782384284,T007,23,240.26,555.83,-0.01,-0.0,droite,,,1,654,598,0,0.77,matched,1
650,21.667,1782384284,T002,15,275.57,596.04,-0.48,-0.08,droite,,,1,657,640,0,0.769,matched,1
650,21.667,1782384284,T003,25,11.38,625.01,-0.06,-0.33,droite,,,1,657,614,0,0.764,matched,1
650,21.667,1782384284,T004,7,146.22,80.15,0.0,0.01,gauche,,,1,657,637,0,0.77,matched,1
650,21.667,1782384284,T005,21,65.14,566.5,-0.01,-1.0,droite,,,1,657,614,0,0.765,matched,1
650,21.667,1782384284,T006,5,35.56,466.24,0.33,-0.01,droite,,,1,655,646,0,0.769,matched,1
650,21.667,1782384284,T007,23,240.26,555.83,-0.0,-0.0,droite,,,1,655,599,0,0.77,matched,1
651,21.700,1782384284,T002,15,274.93,596.41,-0.39,0.11,droite,,,1,658,641,0,0.767,matched,1
651,21.700,1782384284,T003,25,11.37,623.93,0.22,-0.9,droite,,,1,658,615,0,0.76,matched,1
651,21.700,1782384284,T004,7,146.22,80.15,0.0,0.0,gauche,,,1,658,638,0,0.77,matched,1
651,21.700,1782384284,T005,21,64.9,565.11,-0.07,-1.18,droite,,,1,658,615,0,0.766,matched,1
651,21.700,1782384284,T006,5,35.56,466.24,0.28,-0.01,droite,,,1,656,647,0,0.77,matched,1
651,21.700,1782384284,T007,23,240.26,555.83,0.0,-0.0,droite,,,1,656,600,0,0.77,matched,1
652,21.733,1782384284,T002,15,274.93,596.41,-0.27,0.15,droite,,,1,659,642,0,0.769,matched,1
652,21.733,1782384284,T003,25,11.47,622.53,0.28,-1.25,droite,,,1,659,616,0,0.763,matched,1
652,21.733,1782384284,T004,7,146.22,80.15,-0.17,-0.17,gauche,,,1,659,639,0,0.766,matched,1
652,21.733,1782384284,T005,21,64.69,563.7,-0.07,-1.15,droite,,,1,659,616,0,0.769,matched,1
652,21.733,1782384284,T006,5,36.32,466.42,0.37,-0.01,droite,,,1,657,648,0,0.768,matched,1
652,21.733,1782384284,T007,23,240.26,555.83,0.0,-0.0,droite,,,1,657,601,0,0.77,matched,1
653,21.767,1782384284,T002,15,274.28,596.93,-0.33,0.31,droite,,,1,660,643,0,0.767,matched,1
653,21.767,1782384284,T003,25,11.61,621.19,0.24,-1.1,droite,,,1,660,617,0,0.77,matched,1
653,21.767,1782384284,T004,7,146.22,80.15,-0.2,-0.2,gauche,,,1,660,640,0,0.769,matched,1
653,21.767,1782384284,T005,21,64.52,562.2,-0.06,-1.22,droite,,,1,660,617,0,0.767,matched,1
653,21.767,1782384284,T006,5,36.32,466.42,0.32,-0.0,droite,,,1,658,649,0,0.77,matched,1
653,21.767,1782384284,T007,23,240.26,555.83,0.0,-0.0,droite,,,1,658,602,0,0.77,matched,1
654,21.800,1782384284,T002,15,273.72,597.69,-0.28,0.64,droite,,,1,661,644,0,0.765,matched,1
654,21.800,1782384284,T003,25,11.73,619.93,0.17,-0.97,droite,,,1,661,618,0,0.769,matched,1
654,21.800,1782384284,T004,7,146.22,80.15,-0.16,-0.17,gauche,,,1,661,641,0,0.77,matched,1
654,21.800,1782384284,T005,21,64.25,560.87,-0.21,-0.97,droite,,,1,661,618,0,0.767,matched,1
654,21.800,1782384284,T006,5,37.0,466.7,0.23,0.17,droite,,,1,659,650,0,0.767,matched,1
654,21.800,1782384284,T007,23,240.26,555.83,0.0,-0.0,droite,,,1,659,603,0,0.77,matched,1
655,21.833,1782384284,T002,15,273.27,598.45,-0.2,0.62,droite,,,1,662,645,0,0.769,matched,1
655,21.833,1782384284,T003,25,11.82,618.88,0.1,-0.69,droite,,,1,662,619,0,0.767,matched,1
655,21.833,1782384284,T004,7,146.22,80.15,-0.11,-0.11,gauche,,,1,662,642,0,0.769,matched,1
655,21.833,1782384284,T005,21,63.97,559.81,-0.22,-0.65,droite,,,1,662,619,0,0.767,matched,1
655,21.833,1782384284,T006,5,37.0,466.7,0.14,0.2,droite,,,1,660,651,0,0.769,matched,1
655,21.833,1782384284,T007,23,240.26,555.83,0.0,0.0,droite,,,1,660,604,0,0.77,matched,1
656,21.867,1782384284,T002,15,272.93,599.39,-0.12,0.81,droite,,,1,663,646,0,0.766,matched,1
656,21.867,1782384284,T003,25,11.89,617.8,0.05,-0.77,droite,,,1,663,620,0,0.768,matched,1
656,21.867,1782384284,T004,7,146.22,80.15,-0.07,-0.07,gauche,,,1,663,643,0,0.769,matched,1
656,21.867,1782384284,T005,21,63.59,559.01,-0.34,-0.38,droite,,,1,663,620,0,0.766,matched,1
656,21.867,1782384284,T006,5,37.65,467.02,0.24,0.16,droite,,,1,661,652,0,0.768,matched,1
656,21.867,1782384284,T007,23,240.26,555.83,0.0,0.0,droite,,,1,661,605,0,0.77,matched,1
657,21.900,1782384284,T002,15,272.68,600.41,-0.06,0.87,droite,,,1,664,647,0,0.768,matched,1
657,21.900,1782384284,T003,25,11.93,616.71,0.02,-0.8,droite,,,1,664,621,0,0.768,matched,1
657,21.900,1782384284,T004,7,146.22,80.15,-0.03,-0.04,gauche,,,1,664,644,0,0.769,matched,1
657,21.900,1782384284,T005,21,63.59,559.01,-0.31,-0.19,droite,,,1,664,621,0,0.768,matched,1
657,21.900,1782384284,T006,5,37.65,467.02,0.06,0.28,droite,,,1,662,653,0,0.767,matched,1
657,21.900,1782384284,T007,23,240.26,555.83,0.0,0.0,droite,,,1,662,606,0,0.77,matched,1
658,21.933,1782384284,T002,15,272.36,601.74,-0.2,1.21,droite,,,1,665,648,0,0.763,matched,1
658,21.933,1782384284,T003,25,11.96,615.76,0.01,-0.62,droite,,,1,665,622,0,0.769,matched,1
658,21.933,1782384284,T004,7,146.22,80.15,0.16,0.16,gauche,,,1,665,645,0,0.766,matched,1
658,21.933,1782384284,T005,21,63.17,558.33,-0.23,-0.24,droite,,,1,665,622,0,0.769,matched,1
658,21.933,1782384284,T006,5,37.65,467.02,-0.03,0.43,droite,,,1,663,654,0,0.767,matched,1
658,21.933,1782384284,T007,23,240.26,555.83,0.0,0.0,droite,,,1,663,607,0,0.77,matched,1
659,21.967,1782384284,T002,15,272.05,603.02,-0.2,1.06,droite,,,1,666,649,0,0.769,matched,1
659,21.967,1782384284,T003,25,11.97,615.01,-0.0,-0.42,droite,,,1,666,623,0,0.768,matched,1
659,21.967,1782384284,T004,7,146.22,80.15,0.19,0.19,gauche,,,1,666,646,0,0.769,matched,1
659,21.967,1782384284,T005,21,63.17,558.33,-0.15,-0.21,droite,,,1,666,623,0,0.769,matched,1
659,21.967,1782384284,T006,5,37.99,467.87,-0.05,0.56,droite,,,1,664,655,0,0.767,matched,1
659,21.967,1782384284,T007,23,240.26,555.83,0.0,0.0,droite,,,1,664,608,0,0.77,matched,1
660,22.000,1782384285,T002,15,271.65,604.09,-0.33,0.76,droite,,,1,667,650,0,0.766,matched,1
660,22.000,1782384285,T003,25,11.97,615.01,-0.0,-0.24,droite,,,1,667,624,0,0.768,matched,1
660,22.000,1782384285,T004,7,146.22,80.15,0.16,0.16,gauche,,,1,667,647,0,0.77,matched,1
660,22.000,1782384285,T005,21,62.86,557.34,-0.08,-0.66,droite,,,1,667,624,0,0.763,matched,1
660,22.000,1782384285,T006,5,38.23,468.77,-0.05,0.66,droite,,,1,665,656,0,0.768,matched,1
660,22.000,1782384285,T007,23,240.26,555.83,-0.0,0.0,droite,,,1,665,609,0,0.77,matched,1
661,22.033,1782384285,T002,15,271.26,604.91,-0.3,0.48,droite,,,1,668,651,0,0.767,matched,1
661,22.033,1782384285,T003,25,11.97,615.01,-0.0,-0.12,droite,,,1,668,625,0,0.769,matched,1
661,22.033,1782384285,T004,7,146.22,80.15,0.12,0.12,gauche,,,1,668,648,0,0.769,matched,1
661,22.033,1782384285,T005,21,62.63,556.35,-0.04,-0.68,droite,,,1,668,625,0,0.769,matched,1
661,22.033,1782384285,T006,5,38.41,469.57,-0.04,0.54,droite,,,1,666,657,0,0.769,matched,1
661,22.033,1782384285,T007,23,240.26,555.83,-0.0,0.0,droite,,,1,666,610,0,0.77,matched,1
662,22.067,1782384285,T002,15,270.79,605.52,-0.39,0.26,droite,,,1,669,652,0,0.767,matched,1
662,22.067,1782384285,T003,25,11.97,615.01,-0.17,-0.05,droite,,,1,669,626,0,0.767,matched,1
662,22.067,1782384285,T004,7,146.22,80.15,0.07,0.07,gauche,,,1,669,649,0,0.769,matched,1
662,22.067,1782384285,T005,21,62.61,555.09,0.16,-1.05,droite,,,1,669,626,0,0.763,matched,1
662,22.067,1782384285,T006,5,38.41,470.36,-0.2,0.55,droite,,,1,667,658,0,0.767,matched,1
662,22.067,1782384285,T007,23,240.26,555.83,-0.0,0.0,droite,,,1,667,611,0,0.77,matched,1
663,22.100,1782384285,T002,15,270.79,605.52,-0.51,0.11,droite,,,1,670,653,0,0.767,matched,1
663,22.100,1782384285,T003,25,11.97,615.01,-0.37,-0.01,droite,,,1,670,627,0,0.767,matched,1
663,22.100,1782384285,T004,7,146.22,80.15,0.04,0.04,gauche,,,1,670,650,0,0.769,matched,1
663,22.100,1782384285,T005,21,62.67,553.6,0.2,-1.29,droite,,,1,670,627,0,0.765,matched,1
663,22.100,1782384285,T006,5,38.33,471.31,-0.21,0.76,droite,,,1,668,659,0,0.766,matched,1
663,22.100,1782384285,T007,23,240.26,555.83,-0.0,0.0,droite,,,1,668,612,0,0.77,matched,1
664,22.133,1782384285,T002,15,269.97,605.92,-0.61,0.03,droite,,,1,671,654,0,0.768,matched,1
664,22.133,1782384285,T003,25,11.38,614.52,-0.53,0.01,droite,,,1,671,628,0,0.767,matched,1
664,22.133,1782384285,T004,7,146.22,80.15,0.02,0.02,gauche,,,1,671,651,0,0.77,matched,1
664,22.133,1782384285,T005,21,62.75,552.07,0.17,-1.26,droite,,,1,671,628,0,0.769,matched,1
664,22.133,1782384285,T006,5,38.24,472.48,-0.17,1.01,droite,,,1,669,660,0,0.765,matched,1
664,22.133,1782384285,T007,23,240.26,555.83,-0.0,-0.0,droite,,,1,669,613,0,0.77,matched,1
665,22.167,1782384285,T002,15,269.1,606.2,-0.68,-0.01,droite,,,1,672,655,0,0.768,matched,1
665,22.167,1782384285,T003,25,10.67,614.15,-0.64,0.01,droite,,,1,672,629,0,0.768,matched,1
665,22.167,1782384285,T004,7,146.22,80.15,0.0,0.0,gauche,,,1,672,652,0,0.77,matched,1
665,22.167,1782384285,T005,21,62.83,550.34,0.12,-1.47,droite,,,1,672,629,0,0.765,matched,1
665,22.167,1782384285,T006,5,38.16,473.45,-0.11,0.71,droite,,,1,670,661,0,0.767,matched,1
665,22.167,1782384285,T007,23,240.26,555.83,-0.0,-0.0,droite,,,1,670,614,0,0.77,matched,1
666,22.200,1782384285,T002,15,268.32,606.4,-0.55,-0.02,droite,,,1,673,656,0,0.769,matched,1
666,22.200,1782384285,T003,25,10.0,613.6,-0.54,-0.33,droite,,,1,673,630,0,0.765,matched,1
666,22.200,1782384285,T004,7,146.22,80.15,-0.0,-0.0,gauche,,,1,673,653,0,0.77,matched,1
666,22.200,1782384285,T005,21,62.89,548.76,0.07,-1.22,droite,,,1,673,630,0,0.768,matched,1
666,22.200,1782384285,T006,5,38.1,474.32,-0.07,0.6,droite,,,1,671,662,0,0.769,matched,1
666,22.200,1782384285,T007,23,240.26,555.83,-0.0,-0.0,droite,,,1,671,615,0,0.77,matched,1
667,22.233,1782384285,T002,15,268.32,606.4,-0.38,-0.02,droite,,,1,674,657,0,0.768,matched,1
667,22.233,1782384285,T003,25,9.46,613.03,-0.38,-0.38,droite,,,1,674,631,0,0.768,matched,1
667,22.233,1782384285,T004,7,146.22,80.15,-0.0,-0.0,gauche,,,1,674,654,0,0.77,matched,1
667,22.233,1782384285,T005,21,62.93,547.46,0.04,-0.85,droite,,,1,674,631,0,0.766,matched,1
667,22.233,1782384285,T006,5,38.1,474.32,-0.03,0.42,droite,,,1,672,663,0,0.768,matched,1
667,22.233,1782384285,T007,23,240.26,555.83,-0.0,-0.0,droite,,,1,672,616,0,0.77,matched,1
668,22.267,1782384285,T002,15,267.55,606.54,-0.39,-0.02,droite,,,1,675,658,0,0.769,matched,1
668,22.267,1782384285,T003,25,9.04,612.12,-0.23,-0.83,droite,,,1,675,632,0,0.763,matched,1
668,22.267,1782384285,T004,7,146.22,80.15,-0.17,-0.0,gauche,,,1,675,655,0,0.767,matched,1
668,22.267,1782384285,T005,21,62.82,546.48,-0.15,-0.51,droite,,,1,675,632,0,0.765,matched,1
668,22.267,1782384285,T006,5,38.2,475.04,0.16,0.26,droite,,,1,673,664,0,0.767,matched,1
668,22.267,1782384285,T007,23,240.26,555.83,0.0,-0.0,droite,,,1,673,617,0,0.77,matched,1
669,22.300,1782384285,T002,15,267.55,606.54,-0.31,0.16,droite,,,1,676,659,0,0.767,matched,1
669,22.300,1782384285,T003,25,8.74,611.03,-0.12,-0.98,droite,,,1,676,633,0,0.766,matched,1
669,22.300,1782384285,T004,7,146.22,80.15,-0.2,-0.17,gauche,,,1,676,656,0,0.767,matched,1
669,22.300,1782384285,T005,21,62.66,545.77,-0.19,-0.26,droite,,,1,676,633,0,0.767,matched,1
669,22.300,1782384285,T006,5,38.2,475.04,0.19,0.14,droite,,,1,674,665,0,0.768,matched,1
669,22.300,1782384285,T007,23,240.26,555.83,0.0,-0.0,droite,,,1,674,618,0,0.77,matched,1
670,22.333,1782384285,T002,15,266.9,607.0,-0.21,0.36,droite,,,1,677,660,0,0.767,matched,1
670,22.333,1782384285,T003,25,8.53,610.02,-0.05,-0.82,droite,,,1,677,634,0,0.769,matched,1
670,22.333,1782384285,T004,7,146.22,80.15,-0.16,-0.2,gauche,,,1,677,657,0,0.769,matched,1
670,22.333,1782384285,T005,21,62.66,545.77,-0.16,-0.11,droite,,,1,677,634,0,0.768,matched,1
670,22.333,1782384285,T006,5,38.2,475.04,0.16,0.06,droite,,,1,675,666,0,0.769,matched,1
670,22.333,1782384285,T007,23,240.26,555.83,0.0,-0.0,droite,,,1,675,619,0,0.77,matched,1
671,22.367,1782384285,T002,15,266.27,607.74,-0.29,0.7,droite,,,1,678,661,0,0.764,matched,1
671,22.367,1782384285,T003,25,8.38,609.06,-0.01,-0.74,droite,,,1,678,635,0,0.77,matched,1
671,22.367,1782384285,T004,7,146.22,80.15,-0.11,-0.16,gauche,,,1,678,658,0,0.769,matched,1
671,22.367,1782384285,T005,21,62.66,545.77,-0.29,-0.02,droite,,,1,678,635,0,0.768,matched,1
671,22.367,1782384285,T006,5,38.2,475.04,0.12,0.01,droite,,,1,676,667,0,0.769,matched,1
671,22.367,1782384285,T007,23,240.26,555.83,0.0,-0.0,droite,,,1,676,620,0,0.77,matched,1
672,22.400,,T002,15,265.71,608.46,-0.26,0.63,droite,,,1,679,661,1,0.49,predicted,1
672,22.400,1782384285,T003,25,8.28,607.98,0.01,-0.88,droite,,,1,679,636,0,0.767,matched,1
672,22.400,1782384285,T004,7,146.22,80.15,-0.07,-0.11,gauche,,,1,679,659,0,0.769,matched,1
672,22.400,1782384285,T005,21,62.66,545.77,-0.27,0.01,droite,,,1,679,636,0,0.769,matched,1
672,22.400,1782384285,T006,5,38.2,475.04,0.07,-0.01,droite,,,1,677,668,0,0.769,matched,1
672,22.400,1782384285,T007,23,240.26,555.83,0.0,0.0,droite,,,1,677,621,0,0.77,matched,1
673,22.433,,T002,15,265.23,609.16,-0.24,0.56,droite,,,1,680,661,2,0.41,predicted,1
673,22.433,1782384285,T003,25,8.21,606.99,0.01,-0.74,droite,,,1,680,637,0,0.769,matched,1
673,22.433,1782384285,T004,7,146.22,80.15,-0.04,-0.07,gauche,,,1,680,660,0,0.769,matched,1
673,22.433,1782384285,T005,21,62.66,545.77,-0.2,0.02,droite,,,1,680,637,0,0.769,matched,1
673,22.433,1782384285,T006,5,38.2,475.04,0.04,-0.01,droite,,,1,678,669,0,0.77,matched,1
673,22.433,1782384285,T007,23,240.26,555.83,0.17,0.0,droite,,,1,678,622,0,0.768,matched,1
674,22.467,,T002,15,264.81,609.83,-0.21,0.51,droite,,,1,681,661,3,0.33,predicted,1
674,22.467,1782384285,T003,25,8.3,606.04,0.18,-0.68,droite,,,1,681,638,0,0.767,matched,1
674,22.467,1782384285,T004,7,146.22,80.15,-0.01,-0.03,gauche,,,1,681,661,0,0.77,matched,1
674,22.467,1782384285,T005,21,62.66,545.77,-0.13,-0.15,droite,,,1,681,638,0,0.767,matched,1
674,22.467,1782384285,T006,5,38.2,475.04,0.02,-0.01,droite,,,1,679,670,0,0.77,matched,1
674,22.467,1782384285,T007,23,240.26,555.83,0.03,0.0,droite,,,1,679,623,0,0.768,matched,1
675,22.500,,T002,15,264.44,610.46,-0.19,0.46,droite,,,1,682,661,4,0.32,predicted,1
675,22.500,1782384285,T003,25,8.3,605.25,0.03,-0.51,droite,,,1,682,639,0,0.768,matched,1
675,22.500,1782384285,T004,7,146.22,80.15,-0.0,-0.01,gauche,,,1,682,662,0,0.77,matched,1
675,22.500,1782384285,T005,21,62.23,544.86,-0.07,-0.52,droite,,,1,682,639,0,0.764,matched,1
675,22.500,1782384285,T006,5,38.2,475.04,0.17,-0.01,droite,,,1,680,671,0,0.768,matched,1
675,22.500,1782384285,T007,23,240.26,555.83,-0.03,0.0,droite,,,1,680,624,0,0.769,matched,1
676,22.533,,T002,15,264.44,610.46,-0.17,0.41,droite,,,1,683,661,5,0.32,predicted,1
676,22.533,1782384285,T003,25,8.3,605.25,-0.03,-0.32,droite,,,1,683,640,0,0.768,matched,1
676,22.533,1782384285,T004,7,146.22,80.15,0.0,-0.0,gauche,,,1,683,663,0,0.77,matched,1
676,22.533,1782384285,T005,21,61.92,543.7,-0.03,-0.88,droite,,,1,683,640,0,0.764,matched,1
676,22.533,1782384285,T006,5,38.2,475.04,0.03,-0.01,droite,,,1,681,672,0,0.768,matched,1
676,22.533,1782384285,T007,23,240.26,555.83,0.12,0.0,droite,,,1,681,625,0,0.768,matched,1
677,22.567,1782384285,T002,15,264.09,611.53,-0.14,0.61,droite,,,1,684,662,0,0.766,matched,1
677,22.567,1782384285,T003,25,8.3,605.25,-0.05,-0.18,droite,,,1,684,641,0,0.768,matched,1
677,22.567,1782384285,T004,7,146.22,80.15,0.0,0.0,gauche,,,1,684,664,0,0.77,matched,1
677,22.567,1782384285,T005,21,61.69,542.45,-0.01,-0.99,droite,,,1,684,641,0,0.767,matched,1
677,22.567,1782384285,T006,5,38.2,475.04,0.13,0.17,droite,,,1,682,673,0,0.767,matched,1
677,22.567,1782384285,T007,23,240.26,555.83,0.15,0.0,droite,,,1,682,626,0,0.769,matched,1
678,22.600,1782384285,T002,15,263.82,612.56,-0.1,0.62,droite,,,1,685,663,0,0.769,matched,1
678,22.600,1782384285,T003,25,8.3,605.25,-0.21,-0.08,droite,,,1,685,642,0,0.767,matched,1
678,22.600,1782384285,T004,7,146.22,80.15,0.0,0.0,gauche,,,1,685,665,0,0.77,matched,1
678,22.600,1782384285,T005,21,61.65,541.2,0.17,-0.98,droite,,,1,685,642,0,0.767,matched,1
678,22.600,1782384285,T006,5,38.62,475.86,0.14,0.37,droite,,,1,683,674,0,0.767,matched,1
678,22.600,1782384285,T007,23,240.26,555.83,0.13,0.0,droite,,,1,683,627,0,0.77,matched,1
679,22.633,1782384285,T002,15,263.47,613.43,-0.24,0.48,droite,,,1,686,664,0,0.768,matched,1
679,22.633,1782384285,T003,25,8.3,605.25,-0.23,-0.03,droite,,,1,686,643,0,0.769,matched,1
679,22.633,1782384285,T004,7,146.22,80.15,0.0,0.0,gauche,,,1,686,666,0,0.77,matched,1
679,22.633,1782384285,T005,21,61.71,540.11,0.2,-0.75,droite,,,1,686,643,0,0.768,matched,1
679,22.633,1782384285,T006,5,38.82,476.59,-0.05,0.36,droite,,,1,684,675,0,0.767,matched,1
679,22.633,1782384285,T007,23,240.26,555.83,0.09,0.0,droite,,,1,684,628,0,0.77,matched,1
680,22.667,1782384285,T002,15,263.47,613.43,-0.24,0.13,droite,,,1,687,665,0,0.766,matched,1
680,22.667,1782384285,T003,25,7.84,604.69,-0.35,0.0,droite,,,1,687,644,0,0.768,matched,1
680,22.667,1782384285,T004,7,146.22,80.15,0.0,0.0,gauche,,,1,687,667,0,0.77,matched,1
680,22.667,1782384285,T005,21,61.79,539.12,0.17,-0.66,droite,,,1,687,644,0,0.77,matched,1
680,22.667,1782384285,T006,5,38.91,477.34,-0.12,0.44,droite,,,1,685,676,0,0.768,matched,1
680,22.667,1782384285,T007,23,240.26,555.83,0.06,0.0,droite,,,1,685,629,0,0.77,matched,1
681,22.700,1782384285,T002,15,263.47,613.43,-0.36,-0.03,droite,,,1,688,666,0,0.767,matched,1
681,22.700,1782384285,T003,25,7.84,604.69,-0.32,0.01,droite,,,1,688,645,0,0.77,matched,1
681,22.700,1782384285,T004,7,146.22,80.15,0.0,0.0,gauche,,,1,688,668,0,0.77,matched,1
681,22.700,1782384285,T005,21,61.79,539.12,0.12,-0.31,droite,,,1,688,645,0,0.766,matched,1
681,22.700,1782384285,T006,5,38.93,478.13,-0.12,0.55,droite,,,1,686,677,0,0.768,matched,1
681,22.700,1782384285,T007,23,240.26,555.83,0.03,-0.0,droite,,,1,686,630,0,0.77,matched,1
682,22.733,1782384285,T002,15,262.87,613.98,-0.32,0.09,droite,,,1,689,667,0,0.768,matched,1
682,22.733,1782384285,T003,25,7.84,604.69,-0.24,0.01,droite,,,1,689,646,0,0.769,matched,1
682,22.733,1782384285,T004,7,146.22,80.15,0.0,0.0,gauche,,,1,689,669,0,0.77,matched,1
682,22.733,1782384285,T005,21,61.79,539.12,-0.1,-0.1,droite,,,1,689,646,0,0.766,matched,1
682,22.733,1782384285,T006,5,38.94,478.97,-0.09,0.63,droite,,,1,687,678,0,0.768,matched,1
682,22.733,1782384285,T007,23,240.26,555.83,0.01,-0.0,droite,,,1,687,631,0,0.77,matched,1
683,22.767,1782384285,T002,15,262.25,614.44,-0.4,0.12,droite,,,1,690,668,0,0.768,matched,1
683,22.767,1782384285,T003,25,7.5,603.74,0.02,-0.67,droite,,,1,690,647,0,0.759,matched,1
683,22.767,1782384285,T004,7,146.22,80.15,0.0,0.0,gauche,,,1,690,670,0,0.77,matched,1
683,22.767,1782384285,T005,21,61.79,539.12,-0.16,0.0,droite,,,1,690,647,0,0.768,matched,1
683,22.767,1782384285,T006,5,38.94,480.0,-0.06,0.86,droite,,,1,688,679,0,0.766,matched,1
683,22.767,1782384285,T007,23,240.26,555.83,0.0,-0.0,droite,,,1,688,632,0,0.77,matched,1
684,22.800,1782384285,T002,15,262.25,614.44,-0.34,0.1,droite,,,1,691,669,0,0.77,matched,1
684,22.800,1782384285,T003,25,7.46,602.57,0.29,-0.95,droite,,,1,691,648,0,0.764,matched,1
684,22.800,1782384285,T004,7,146.22,80.15,0.0,0.0,gauche,,,1,691,671,0,0.77,matched,1
684,22.800,1782384285,T005,21,61.79,539.12,0.02,-0.13,droite,,,1,691,648,0,0.767,matched,1
684,22.800,1782384285,T006,5,38.81,481.25,-0.2,1.09,droite,,,1,689,680,0,0.765,matched,1
684,22.800,1782384285,T007,23,240.26,555.83,-0.0,-0.0,droite,,,1,689,633,0,0.77,matched,1
685,22.833,1782384285,T002,15,262.25,614.44,-0.24,0.07,droite,,,1,692,670,0,0.769,matched,1
685,22.833,1782384285,T003,25,7.55,601.47,0.32,-0.84,droite,,,1,692,649,0,0.769,matched,1
685,22.833,1782384285,T004,7,146.22,80.15,-0.0,0.0,gauche,,,1,692,672,0,0.77,matched,1
685,22.833,1782384285,T005,21,61.8,538.39,0.09,-0.15,droite,,,1,692,649,0,0.769,matched,1
685,22.833,1782384285,T006,5,38.63,482.42,-0.21,0.94,droite,,,1,690,681,0,0.769,matched,1
685,22.833,1782384285,T007,23,240.26,555.83,-0.0,-0.0,droite,,,1,690,634,0,0.77,matched,1
686,22.867,1782384285,T002,15,261.53,614.97,-0.32,0.21,droite,,,1,693,671,0,0.767,matched,1
686,22.867,1782384285,T003,25,7.81,600.27,0.43,-0.95,droite,,,1,693,650,0,0.766,matched,1
686,22.867,1782384285,T004,7,146.22,80.15,-0.0,-0.0,gauche,,,1,693,673,0,0.77,matched,1
686,22.867,1782384285,T005,21,61.8,538.39,0.09,-0.29,droite,,,1,693,650,0,0.768,matched,1
686,22.867,1782384285,T006,5,38.6,483.66,0.0,1.0,droite,,,1,691,682,0,0.766,matched,1
686,22.867,1782384285,T007,23,240.26,555.83,-0.0,-0.0,droite,,,1,691,635,0,0.77,matched,1
687,22.900,1782384285,T002,15,260.92,615.44,-0.28,0.22,droite,,,1,694,672,0,0.77,matched,1
687,22.900,1782384285,T003,25,7.97,599.06,0.21,-0.95,droite,,,1,694,651,0,0.767,matched,1
687,22.900,1782384285,T004,7,146.22,80.15,-0.0,-0.0,gauche,,,1,694,674,0,0.77,matched,1
687,22.900,1782384285,T005,21,61.8,538.39,0.07,-0.11,droite,,,1,694,651,0,0.768,matched,1
687,22.900,1782384285,T006,5,38.65,484.9,0.08,0.97,droite,,,1,692,683,0,0.768,matched,1
687,22.900,1782384285,T007,23,240.26,555.83,-0.0,-0.0,droite,,,1,692,636,0,0.77,matched,1
688,22.933,1782384285,T002,15,260.29,616.1,-0.37,0.51,droite,,,1,695,673,0,0.765,matched,1
688,22.933,1782384285,T003,25,8.04,597.87,0.07,-0.9,droite,,,1,695,652,0,0.768,matched,1
688,22.933,1782384285,T004,7,146.22,80.15,-0.0,-0.0,gauche,,,1,695,675,0,0.77,matched,1
688,22.933,1782384285,T005,21,61.86,537.49,0.05,-0.36,droite,,,1,695,652,0,0.766,matched,1
688,22.933,1782384285,T006,5,38.86,485.97,0.27,0.74,droite,,,1,693,684,0,0.767,matched,1
688,22.933,1782384285,T007,23,240.26,555.83,-0.0,-0.0,droite,,,1,693,637,0,0.77,matched,1
689,22.967,1782384285,T002,15,259.73,617.04,-0.32,0.85,droite,,,1,696,674,0,0.764,matched,1
689,22.967,1782384285,T003,25,8.07,596.73,0.01,-0.85,droite,,,1,696,653,0,0.769,matched,1
689,22.967,1782384285,T004,7,146.22,80.15,-0.0,-0.0,gauche,,,1,696,676,0,0.77,matched,1
689,22.967,1782384285,T005,21,61.9,536.41,0.03,-0.71,droite,,,1,696,653,0,0.764,matched,1
689,22.967,1782384285,T006,5,39.11,486.81,0.28,0.48,droite,,,1,694,685,0,0.767,matched,1
689,22.967,1782384285,T007,23,240.26,555.83,-0.0,0.0,droite,,,1,694,638,0,0.77,matched,1
690,23.000,1782384286,T002,15,259.28,618.39,-0.23,1.3,droite,,,1,697,675,0,0.762,matched,1
690,23.000,1782384286,T003,25,8.07,595.62,-0.02,-0.8,droite,,,1,697,654,0,0.769,matched,1
690,23.000,1782384286,T004,7,146.22,80.15,-0.0,-0.0,gauche,,,1,697,677,0,0.77,matched,1
690,23.000,1782384286,T005,21,62.07,535.24,0.18,-0.86,droite,,,1,697,654,0,0.766,matched,1
690,23.000,1782384286,T006,5,39.48,487.43,0.39,0.27,droite,,,1,695,686,0,0.767,matched,1
690,23.000,1782384286,T007,23,240.26,555.83,-0.0,0.0,droite,,,1,695,639,0,0.77,matched,1
691,23.033,1782384286,T002,15,258.94,619.73,-0.14,1.17,droite,,,1,698,676,0,0.769,matched,1
691,23.033,1782384286,T003,25,8.06,594.68,-0.03,-0.61,droite,,,1,698,655,0,0.768,matched,1
691,23.033,1782384286,T004,7,146.22,80.15,-0.0,-0.0,gauche,,,1,698,678,0,0.77,matched,1
691,23.033,1782384286,T005,21,62.27,534.19,0.2,-0.72,droite,,,1,698,655,0,0.769,matched,1
691,23.033,1782384286,T006,5,39.48,487.43,0.34,0.13,droite,,,1,696,687,0,0.768,matched,1
691,23.033,1782384286,T007,23,240.26,555.83,-0.0,0.0,droite,,,1,696,640,0,0.77,matched,1
692,23.067,,T002,15,258.64,621.03,-0.13,1.06,droite,,,1,699,676,1,0.49,predicted,1
692,23.067,1782384286,T003,25,8.04,593.94,-0.02,-0.39,droite,,,1,699,656,0,0.768,matched,1
692,23.067,1782384286,T004,7,146.22,80.15,-0.0,-0.0,gauche,,,1,699,679,0,0.77,matched,1
692,23.067,1782384286,T005,21,62.46,533.34,0.16,-0.5,droite,,,1,699,656,0,0.768,matched,1
692,23.067,1782384286,T006,5,39.48,487.43,0.42,0.05,droite,,,1,697,688,0,0.768,matched,1
692,23.067,1782384286,T007,23,240.26,555.83,-0.0,0.0,droite,,,1,697,641,0,0.77,matched,1
693,23.100,1782384286,T002,15,258.28,621.72,-0.22,0.34,droite,,,1,700,677,0,0.762,matched,1
693,23.100,1782384286,T003,25,8.04,593.94,-0.02,-0.39,droite,,,1,700,657,0,0.769,matched,1
693,23.100,1782384286,T004,7,146.22,80.15,0.0,-0.0,gauche,,,1,700,680,0,0.77,matched,1
693,23.100,1782384286,T005,21,62.61,532.55,0.11,-0.47,droite,,,1,700,657,0,0.769,matched,1
693,23.100,1782384286,T006,5,40.1,487.83,0.35,0.0,droite,,,1,698,689,0,0.769,matched,1
693,23.100,1782384286,T007,23,240.26,555.83,-0.17,0.0,droite,,,1,698,642,0,0.768,matched,1
694,23.133,1782384286,T002,15,258.28,621.72,-0.35,0.11,droite,,,1,701,678,0,0.766,matched,1
694,23.133,1782384286,T003,25,8.03,593.21,-0.01,-0.3,droite,,,1,701,658,0,0.769,matched,1
694,23.133,1782384286,T004,7,146.22,80.15,0.0,0.0,gauche,,,1,701,681,0,0.77,matched,1
694,23.133,1782384286,T005,21,62.61,532.55,0.07,-0.36,droite,,,1,701,658,0,0.769,matched,1
694,23.133,1782384286,T006,5,40.1,487.83,0.25,-0.01,droite,,,1,699,690,0,0.769,matched,1
694,23.133,1782384286,T007,23,240.26,555.83,-0.03,0.0,droite,,,1,699,643,0,0.768,matched,1
695,23.167,1782384286,T002,15,257.6,622.08,-0.49,-0.0,droite,,,1,702,679,0,0.767,matched,1
695,23.167,1782384286,T003,25,8.03,593.21,-0.18,-0.2,droite,,,1,702,659,0,0.767,matched,1
695,23.167,1782384286,T004,7,146.22,80.15,0.0,0.0,gauche,,,1,702,682,0,0.77,matched,1
695,23.167,1782384286,T005,21,62.72,531.75,0.03,-0.4,droite,,,1,702,659,0,0.769,matched,1
695,23.167,1782384286,T006,5,40.1,487.83,0.32,-0.02,droite,,,1,700,691,0,0.769,matched,1
695,23.167,1782384286,T007,23,240.26,555.83,-0.14,0.0,droite,,,1,700,644,0,0.768,matched,1
696,23.200,1782384286,T002,15,256.83,622.33,-0.6,-0.04,droite,,,1,703,680,0,0.768,matched,1
696,23.200,1782384286,T003,25,8.03,593.21,-0.37,-0.11,droite,,,1,703,660,0,0.767,matched,1
696,23.200,1782384286,T004,7,146.22,80.15,0.0,0.0,gauche,,,1,703,683,0,0.77,matched,1
696,23.200,1782384286,T005,21,62.72,531.75,0.01,-0.33,droite,,,1,703,660,0,0.769,matched,1
696,23.200,1782384286,T006,5,40.8,488.25,0.28,0.16,droite,,,1,701,692,0,0.767,matched,1
696,23.200,1782384286,T007,23,240.26,555.83,0.02,0.0,droite,,,1,701,645,0,0.768,matched,1
697,23.233,1782384286,T002,15,256.83,622.33,-0.51,-0.05,droite,,,1,704,681,0,0.769,matched,1
697,23.233,1782384286,T003,25,7.56,592.65,-0.36,-0.06,droite,,,1,704,661,0,0.769,matched,1
697,23.233,1782384286,T004,7,146.22,80.15,0.0,0.0,gauche,,,1,704,684,0,0.77,matched,1
697,23.233,1782384286,T005,21,62.72,531.75,0.0,-0.22,droite,,,1,704,661,0,0.769,matched,1
697,23.233,1782384286,T006,5,40.8,488.25,0.2,0.19,droite,,,1,702,693,0,0.769,matched,1
697,23.233,1782384286,T007,23,240.26,555.83,0.08,0.0,droite,,,1,702,646,0,0.769,matched,1
698,23.267,1782384286,T002,15,255.95,622.49,-0.53,-0.04,droite,,,1,705,682,0,0.769,matched,1
698,23.267,1782384286,T003,25,7.56,592.65,-0.44,-0.02,droite,,,1,705,662,0,0.768,matched,1
698,23.267,1782384286,T004,7,146.22,80.15,0.0,0.0,gauche,,,1,705,685,0,0.77,matched,1
698,23.267,1782384286,T005,21,62.72,531.75,-0.0,-0.13,droite,,,1,705,662,0,0.769,matched,1
698,23.267,1782384286,T006,5,40.8,488.25,0.12,0.16,droite,,,1,703,694,0,0.769,matched,1
698,23.267,1782384286,T007,23,240.26,555.83,0.08,0.0,droite,,,1,703,647,0,0.77,matched,1
699,23.300,1782384286,T002,15,255.07,622.61,-0.58,-0.03,droite,,,1,706,683,0,0.768,matched,1
699,23.300,1782384286,T003,25,6.93,592.24,-0.38,-0.0,droite,,,1,706,663,0,0.77,matched,1
699,23.300,1782384286,T004,7,146.22,80.15,0.0,0.0,gauche,,,1,706,686,0,0.77,matched,1
699,23.300,1782384286,T005,21,62.72,531.75,-0.0,-0.07,droite,,,1,706,663,0,0.769,matched,1
699,23.300,1782384286,T006,5,41.36,488.82,0.06,0.28,droite,,,1,704,695,0,0.768,matched,1
699,23.300,1782384286,T007,23,240.26,555.83,0.07,0.0,droite,,,1,704,648,0,0.77,matched,1
700,23.333,1782384286,T002,15,254.3,622.69,-0.47,-0.02,droite,,,1,707,684,0,0.769,matched,1
700,23.333,1782384286,T003,25,6.28,591.67,-0.43,-0.33,droite,,,1,707,664,0,0.765,matched,1
700,23.333,1782384286,T004,7,146.22,80.15,0.0,0.0,gauche,,,1,707,687,0,0.77,matched,1
700,23.333,1782384286,T005,21,62.72,531.75,-0.0,-0.03,droite,,,1,707,664,0,0.77,matched,1
700,23.333,1782384286,T006,5,41.77,489.48,0.03,0.43,droite,,,1,705,696,0,0.767,matched,1
700,23.333,1782384286,T007,23,240.26,555.83,0.04,0.0,droite,,,1,705,649,0,0.77,matched,1
701,23.367,1782384286,T002,15,253.55,622.9,-0.49,0.16,droite,,,1,708,685,0,0.767,matched,1
701,23.367,1782384286,T003,25,5.85,590.67,-0.19,-0.9,droite,,,1,708,665,0,0.761,matched,1
701,23.367,1782384286,T004,7,146.22,80.15,0.0,0.0,gauche,,,1,708,688,0,0.77,matched,1
701,23.367,1782384286,T005,21,62.72,531.75,-0.0,-0.01,droite,,,1,708,665,0,0.77,matched,1
701,23.367,1782384286,T006,5,42.08,490.22,0.01,0.56,droite,,,1,706,697,0,0.767,matched,1
701,23.367,1782384286,T007,23,240.26,555.83,0.03,0.0,droite,,,1,706,650,0,0.77,matched,1
702,23.400,1782384286,T002,15,252.91,623.27,-0.39,0.36,droite,,,1,709,686,0,0.767,matched,1
702,23.400,1782384286,T003,25,5.58,589.47,-0.05,-1.08,droite,,,1,709,666,0,0.766,matched,1
702,23.400,1782384286,T004,7,146.22,80.15,-0.0,0.0,gauche,,,1,709,689,0,0.77,matched,1
702,23.400,1782384286,T005,21,62.72,531.75,-0.0,0.0,droite,,,1,709,666,0,0.77,matched,1
702,23.400,1782384286,T006,5,42.17,491.03,-0.17,0.66,droite,,,1,707,698,0,0.767,matched,1
702,23.400,1782384286,T007,23,240.26,555.83,-0.16,0.0,droite,,,1,707,651,0,0.767,matched,1
703,23.433,1782384286,T002,15,252.91,623.27,-0.26,0.36,droite,,,1,710,687,0,0.769,matched,1
703,23.433,1782384286,T003,25,5.4,588.36,0.01,-0.9,droite,,,1,710,667,0,0.769,matched,1
703,23.433,1782384286,T004,7,146.22,80.15,-0.0,-0.0,gauche,,,1,710,690,0,0.77,matched,1
703,23.433,1782384286,T005,21,62.72,531.75,-0.0,0.01,droite,,,1,710,667,0,0.77,matched,1
703,23.433,1782384286,T006,5,42.15,491.78,-0.2,0.54,droite,,,1,708,699,0,0.769,matched,1
703,23.433,1782384286,T007,23,240.26,555.83,-0.19,0.0,droite,,,1,708,652,0,0.769,matched,1
704,23.467,1782384286,T002,28,244.3,627.97,-10.18,5.55,droite,,,1,711,688,0,0.605,matched,1
704,23.467,1782384286,T003,25,5.29,587.3,0.04,-0.8,droite,,,1,711,668,0,0.77,matched,1
704,23.467,1782384286,T004,7,146.22,80.15,-0.0,-0.0,gauche,,,1,711,691,0,0.77,matched,1
704,23.467,1782384286,T005,21,62.72,531.75,-0.0,0.01,droite,,,1,711,668,0,0.77,matched,1
704,23.467,1782384286,T006,5,42.11,492.51,-0.17,0.55,droite,,,1,709,700,0,0.769,matched,1
704,23.467,1782384286,T007,23,240.26,555.83,-0.16,0.0,droite,,,1,709,653,0,0.77,matched,1
705,23.500,1782384286,T002,28,233.28,634.05,-11.69,6.46,droite,,,1,712,689,0,0.727,matched,1
705,23.500,1782384286,T003,25,5.22,586.29,0.04,-0.75,droite,,,1,712,669,0,0.77,matched,1
705,23.500,1782384286,T004,7,146.22,80.15,-0.0,-0.0,gauche,,,1,712,692,0,0.77,matched,1
705,23.500,1782384286,T005,21,62.72,531.75,0.17,0.0,droite,,,1,712,669,0,0.767,matched,1
705,23.500,1782384286,T006,5,42.06,493.29,-0.12,0.59,droite,,,1,710,701,0,0.768,matched,1
705,23.500,1782384286,T007,23,240.26,555.83,-0.11,0.0,droite,,,1,710,654,0,0.77,matched,1
706,23.533,1782384286,T002,28,222.82,639.71,-9.62,5.17,droite,,,1,713,690,0,0.754,matched,1
706,23.533,1782384286,T003,25,5.31,585.15,0.2,-0.9,droite,,,1,713,670,0,0.766,matched,1
706,23.533,1782384286,T004,7,146.22,80.15,-0.0,-0.0,gauche,,,1,713,693,0,0.77,matched,1
706,23.533,1782384286,T005,21,62.72,531.75,0.2,0.0,droite,,,1,713,670,0,0.769,matched,1
706,23.533,1782384286,T006,5,41.89,494.39,-0.24,0.99,droite,,,1,711,702,0,0.763,matched,1
706,23.533,1782384286,T007,23,240.26,555.83,-0.07,0.0,droite,,,1,711,655,0,0.77,matched,1
707,23.567,1782384286,T002,28,214.2,644.31,-6.63,3.5,droite,,,1,714,691,0,0.736,matched,1
707,23.567,1782384286,T003,25,5.45,583.99,0.22,-0.92,droite,,,1,714,671,0,0.768,matched,1
707,23.567,1782384286,T004,7,146.22,80.15,-0.0,-0.0,gauche,,,1,714,694,0,0.77,matched,1
707,23.567,1782384286,T005,21,63.03,530.95,0.16,-0.17,droite,,,1,714,671,0,0.767,matched,1
707,23.567,1782384286,T006,5,41.69,495.62,-0.23,1.08,droite,,,1,712,703,0,0.767,matched,1
707,23.567,1782384286,T007,23,240.26,555.83,-0.04,0.0,droite,,,1,712,656,0,0.77,matched,1
708,23.600,,T002,28,206.06,648.66,-5.97,3.15,droite,,,1,715,691,1,0.49,predicted,1
708,23.600,1782384286,T003,25,5.6,582.96,0.17,-0.72,droite,,,1,715,672,0,0.768,matched,1
708,23.600,1782384286,T004,7,146.22,80.15,-0.0,-0.0,gauche,,,1,715,695,0,0.77,matched,1
708,23.600,1782384286,T005,21,63.03,530.95,0.11,-0.03,droite,,,1,715,672,0,0.768,matched,1
708,23.600,1782384286,T006,5,41.5,496.87,-0.18,1.05,droite,,,1,713,704,0,0.769,matched,1
708,23.600,1782384286,T007,23,240.26,555.83,-0.02,0.0,droite,,,1,713,657,0,0.77,matched,1
709,23.633,,T002,28,198.44,652.71,-5.37,2.83,droite,,,1,716,691,2,0.41,predicted,1
709,23.633,1782384286,T003,25,5.72,582.15,0.12,-0.48,droite,,,1,716,673,0,0.767,matched,1
709,23.633,1782384286,T004,7,146.22,80.15,-0.0,-0.0,gauche,,,1,716,696,0,0.77,matched,1
709,23.633,1782384286,T005,21,63.03,530.95,0.07,0.03,droite,,,1,716,673,0,0.769,matched,1
709,23.633,1782384286,T006,5,41.35,497.95,-0.12,0.79,droite,,,1,714,705,0,0.768,matched,1
709,23.633,1782384286,T007,23,240.26,555.83,-0.0,0.0,droite,,,1,714,658,0,0.77,matched,1
710,23.667,,T002,28,191.35,656.47,-4.84,2.55,droite,,,1,717,691,3,0.33,predicted,1
710,23.667,1782384286,T003,25,5.72,582.15,-0.1,-0.28,droite,,,1,717,674,0,0.766,matched,1
710,23.667,1782384286,T004,7,146.22,80.15,0.0,-0.0,gauche,,,1,717,697,0,0.77,matched,1
710,23.667,1782384286,T005,21,63.03,530.95,0.03,0.05,droite,,,1,717,674,0,0.77,matched,1
710,23.667,1782384286,T006,5,41.25,498.8,-0.07,0.52,droite,,,1,715,706,0,0.767,matched,1
710,23.667,1782384286,T007,23,240.26,555.83,0.0,0.0,droite,,,1,715,659,0,0.77,matched,1
711,23.700,1782384286,T002,28,190.75,656.98,0.48,-0.12,droite,,,1,718,692,0,0.692,matched,1
711,23.700,1782384286,T003,25,5.72,582.15,-0.16,-0.14,droite,,,1,718,675,0,0.768,matched,1
711,23.700,1782384286,T004,7,146.22,80.15,0.0,0.0,gauche,,,1,718,698,0,0.77,matched,1
711,23.700,1782384286,T005,21,63.03,530.95,0.01,0.04,droite,,,1,718,675,0,0.77,matched,1
711,23.700,1782384286,T006,5,41.25,498.8,-0.03,0.29,droite,,,1,716,707,0,0.767,matched,1
711,23.700,1782384286,T007,23,240.26,555.83,0.0,0.0,droite,,,1,716,660,0,0.77,matched,1
712,23.733,1782384286,T002,28,190.75,656.98,0.84,-0.33,droite,,,1,719,693,0,0.762,matched,1
712,23.733,1782384286,T003,25,5.72,582.15,-0.32,-0.05,droite,,,1,719,676,0,0.767,matched,1
712,23.733,1782384286,T004,7,146.22,80.15,0.0,0.0,gauche,,,1,719,699,0,0.77,matched,1
712,23.733,1782384286,T005,21,63.03,530.95,0.0,0.03,droite,,,1,719,676,0,0.77,matched,1
712,23.733,1782384286,T006,5,41.25,498.8,-0.01,0.14,droite,,,1,717,708,0,0.768,matched,1
712,23.733,1782384286,T007,23,240.26,555.83,0.0,0.0,droite,,,1,717,661,0,0.77,matched,1
713,23.767,,T002,28,190.75,656.98,0.76,-0.3,droite,,,1,720,693,1,0.49,predicted,1
713,23.767,1782384286,T003,25,5.72,582.15,-0.31,-0.01,droite,,,1,720,677,0,0.769,matched,1
713,23.767,1782384286,T004,7,146.22,80.15,0.0,0.0,gauche,,,1,720,700,0,0.77,matched,1
713,23.767,1782384286,T005,21,63.03,530.95,-0.0,0.02,droite,,,1,720,677,0,0.77,matched,1
713,23.767,1782384286,T006,5,41.25,498.8,-0.0,0.05,droite,,,1,718,709,0,0.769,matched,1
713,23.767,1782384286,T007,23,240.26,555.83,0.0,0.0,droite,,,1,718,662,0,0.77,matched,1
714,23.800,,T002,28,190.75,656.98,0.68,-0.27,droite,,,1,721,693,2,0.41,predicted,1
714,23.800,1782384286,T003,25,5.72,582.15,-0.23,0.01,droite,,,1,721,678,0,0.769,matched,1
714,23.800,1782384286,T004,7,146.22,80.15,0.0,0.0,gauche,,,1,721,701,0,0.77,matched,1
714,23.800,1782384286,T005,21,63.03,530.95,-0.0,0.01,droite,,,1,721,678,0,0.77,matched,1
714,23.800,1782384286,T006,5,41.25,498.8,0.17,0.0,droite,,,1,719,710,0,0.767,matched,1
714,23.800,1782384286,T007,23,240.26,555.83,0.17,0.0,droite,,,1,719,663,0,0.768,matched,1
715,23.833,,T002,28,190.75,656.98,0.62,-0.24,droite,,,1,722,693,3,0.33,predicted,1
715,23.833,1782384286,T003,25,5.72,582.15,-0.15,0.02,droite,,,1,722,679,0,0.769,matched,1
715,23.833,1782384286,T004,7,146.22,80.15,0.0,0.0,gauche,,,1,722,702,0,0.77,matched,1
715,23.833,1782384286,T005,21,63.03,530.95,-0.0,0.0,droite,,,1,722,679,0,0.77,matched,1
715,23.833,1782384286,T006,5,41.25,498.8,0.2,-0.02,droite,,,1,720,711,0,0.769,matched,1
715,23.833,1782384286,T007,23,240.26,555.83,0.2,0.0,droite,,,1,720,664,0,0.769,matched,1
716,23.867,,T002,28,191.5,656.84,0.55,-0.22,droite,,,1,723,693,4,0.32,predicted,1
716,23.867,1782384286,T003,25,5.72,582.15,-0.09,0.01,droite,,,1,723,680,0,0.769,matched,1
716,23.867,1782384286,T004,7,146.22,80.15,0.0,0.0,gauche,,,1,723,703,0,0.77,matched,1
716,23.867,1782384286,T005,21,63.03,530.95,-0.0,0.0,droite,,,1,723,680,0,0.77,matched,1
716,23.867,1782384286,T006,5,41.25,498.8,0.17,-0.02,droite,,,1,721,712,0,0.77,matched,1
716,23.867,1782384286,T007,23,240.26,555.83,0.16,0.0,droite,,,1,721,665,0,0.77,matched,1
717,23.900,1782384286,T002,28,203.2,650.88,8.42,-4.38,droite,,,1,724,694,0,0.63,matched,1
717,23.900,1782384286,T003,25,5.42,581.36,0.13,-0.33,droite,,,1,724,681,0,0.764,matched,1
717,23.900,1782384286,T004,7,146.22,80.15,0.0,0.0,gauche,,,1,724,704,0,0.77,matched,1
717,23.900,1782384286,T005,21,63.03,530.95,-0.0,-0.0,droite,,,1,724,681,0,0.77,matched,1
717,23.900,1782384286,T006,5,41.25,498.8,0.11,-0.02,droite,,,1,722,713,0,0.769,matched,1
717,23.900,1782384286,T007,23,240.26,555.83,0.11,0.0,droite,,,1,722,666,0,0.769,matched,1
718,23.933,1782384286,T002,28,213.26,645.66,6.73,-3.59,droite,,,1,725,695,0,0.755,matched,1
718,23.933,1782384286,T003,25,5.28,580.06,0.18,-1.07,droite,,,1,725,682,0,0.759,matched,1
718,23.933,1782384286,T004,7,146.22,80.15,0.0,0.0,gauche,,,1,725,705,0,0.77,matched,1
718,23.933,1782384286,T005,21,63.03,530.95,-0.0,-0.0,droite,,,1,725,682,0,0.77,matched,1
718,23.933,1782384286,T006,5,41.25,498.8,0.07,-0.01,droite,,,1,723,714,0,0.769,matched,1
718,23.933,1782384286,T007,23,240.26,555.83,0.07,0.0,droite,,,1,723,667,0,0.77,matched,1
719,23.967,1782384286,T002,28,221.29,641.44,4.57,-2.47,droite,,,1,726,696,0,0.745,matched,1
719,23.967,1782384286,T003,25,5.35,578.56,0.33,-1.28,droite,,,1,726,683,0,0.765,matched,1
719,23.967,1782384286,T004,7,146.22,80.15,-0.0,0.0,gauche,,,1,726,706,0,0.77,matched,1
719,23.967,1782384286,T005,21,63.03,530.95,-0.0,-0.0,droite,,,1,726,683,0,0.77,matched,1
719,23.967,1782384286,T006,5,41.25,498.8,0.04,0.16,droite,,,1,724,715,0,0.767,matched,1
719,23.967,1782384286,T007,23,240.26,555.83,0.03,0.0,droite,,,1,724,668,0,0.77,matched,1
720,24.000,,T002,28,228.49,637.65,4.11,-2.23,droite,,,1,727,696,1,0.49,predicted,1
720,24.000,1782384287,T003,25,5.5,577.04,0.31,-1.24,droite,,,1,727,684,0,0.769,matched,1
720,24.000,1782384287,T004,7,146.22,80.15,-0.0,0.17,gauche,,,1,727,707,0,0.768,matched,1
720,24.000,1782384287,T005,21,63.03,530.95,-0.0,-0.0,droite,,,1,727,684,0,0.77,matched,1
720,24.000,1782384287,T006,5,41.44,499.68,0.01,0.36,droite,,,1,725,716,0,0.767,matched,1
720,24.000,1782384287,T007,23,240.26,555.83,0.01,0.0,droite,,,1,725,669,0,0.77,matched,1
721,24.033,,T002,28,234.95,634.23,3.7,-2.0,droite,,,1,728,696,2,0.41,predicted,1
721,24.033,1782384287,T003,25,5.65,575.72,0.24,-0.94,droite,,,1,728,685,0,0.767,matched,1
721,24.033,1782384287,T004,7,146.22,80.15,-0.0,0.2,gauche,,,1,728,708,0,0.769,matched,1
721,24.033,1782384287,T005,21,63.03,530.95,-0.0,-0.0,droite,,,1,728,685,0,0.77,matched,1
721,24.033,1782384287,T006,5,41.58,500.46,0.0,0.36,droite,,,1,726,717,0,0.77,matched,1
721,24.033,1782384287,T007,23,240.26,555.83,0.0,0.0,droite,,,1,726,670,0,0.77,matched,1
722,24.067,,T002,28,240.75,631.16,3.33,-1.8,droite,,,1,729,696,3,0.33,predicted,1
722,24.067,1782384287,T003,25,5.77,574.55,0.15,-0.78,droite,,,1,729,686,0,0.769,matched,1
722,24.067,1782384287,T004,7,146.22,80.15,-0.0,0.16,gauche,,,1,729,709,0,0.77,matched,1
722,24.067,1782384287,T005,21,63.03,530.95,0.0,-0.0,droite,,,1,729,686,0,0.77,matched,1
722,24.067,1782384287,T006,5,41.68,501.23,-0.0,0.44,droite,,,1,727,718,0,0.768,matched,1
722,24.067,1782384287,T007,23,240.26,555.83,-0.0,0.0,droite,,,1,727,671,0,0.77,matched,1
723,24.100,,T002,28,245.95,628.38,3.0,-1.62,droite,,,1,730,696,4,0.32,predicted,1
723,24.100,1782384287,T003,25,5.99,573.33,0.26,-0.89,droite,,,1,730,687,0,0.767,matched,1
723,24.100,1782384287,T004,7,146.22,80.15,-0.0,-0.06,gauche,,,1,730,710,0,0.767,matched,1
723,24.100,1782384287,T005,21,63.03,530.95,0.0,-0.0,droite,,,1,730,687,0,0.77,matched,1
723,24.100,1782384287,T006,5,41.76,502.05,-0.0,0.55,droite,,,1,728,719,0,0.768,matched,1
723,24.100,1782384287,T007,23,240.26,555.83,-0.0,0.0,droite,,,1,728,672,0,0.77,matched,1
724,24.133,,T002,28,250.63,625.89,2.7,-1.46,droite,,,1,731,696,5,0.32,predicted,1
724,24.133,1782384287,T003,25,6.23,572.24,0.24,-0.72,droite,,,1,731,688,0,0.769,matched,1
724,24.133,1782384287,T004,7,146.22,80.15,-0.0,-0.13,gauche,,,1,731,711,0,0.769,matched,1
724,24.133,1782384287,T005,21,63.03,530.95,0.0,-0.0,droite,,,1,731,688,0,0.77,matched,1
724,24.133,1782384287,T006,5,41.68,502.91,-0.17,0.63,droite,,,1,729,720,0,0.767,matched,1
724,24.133,1782384287,T007,23,240.26,555.83,-0.0,0.0,droite,,,1,729,673,0,0.77,matched,1
725,24.167,,T002,28,254.83,623.64,2.43,-1.31,droite,,,1,732,696,6,0.32,predicted,1
725,24.167,1782384287,T003,25,6.44,571.24,0.18,-0.67,droite,,,1,732,689,0,0.769,matched,1
725,24.167,1782384287,T004,7,146.22,80.15,-0.0,-0.13,gauche,,,1,732,712,0,0.77,matched,1
725,24.167,1782384287,T005,21,63.03,530.95,0.0,-0.0,droite,,,1,732,689,0,0.77,matched,1
725,24.167,1782384287,T006,5,41.54,503.82,-0.2,0.69,droite,,,1,730,721,0,0.768,matched,1
725,24.167,1782384287,T007,23,240.26,555.83,-0.0,0.0,droite,,,1,730,674,0,0.77,matched,1
726,24.200,,T002,28,258.61,621.62,2.19,-1.18,droite,,,1,733,696,7,0.32,predicted,1
726,24.200,1782384287,T003,25,6.46,570.39,-0.06,-0.49,droite,,,1,733,690,0,0.766,matched,1
726,24.200,1782384287,T004,7,146.22,80.15,-0.0,-0.1,gauche,,,1,733,713,0,0.77,matched,1
726,24.200,1782384287,T005,21,63.03,530.95,0.0,0.0,droite,,,1,733,690,0,0.77,matched,1
726,24.200,1782384287,T006,5,41.4,504.9,-0.16,0.9,droite,,,1,731,722,0,0.766,matched,1
726,24.200,1782384287,T007,23,240.26,555.83,-0.0,0.0,droite,,,1,731,675,0,0.77,matched,1
727,24.233,,T002,28,262.0,619.79,1.97,-1.06,droite,,,1,734,696,8,0.32,predicted,1
727,24.233,1782384287,T003,25,6.46,570.39,-0.13,-0.31,droite,,,1,734,691,0,0.768,matched,1
727,24.233,1782384287,T004,7,146.22,80.15,0.0,-0.06,gauche,,,1,734,714,0,0.77,matched,1
727,24.233,1782384287,T005,21,63.03,530.95,0.0,0.0,droite,,,1,734,691,0,0.77,matched,1
727,24.233,1782384287,T006,5,41.29,505.9,-0.11,0.77,droite,,,1,732,723,0,0.769,matched,1
727,24.233,1782384287,T007,23,240.26,555.83,-0.0,0.0,droite,,,1,732,676,0,0.77,matched,1
728,24.267,,T002,28,265.05,618.15,1.77,-0.96,droite,,,1,735,696,9,0.32,predicted,1
728,24.267,1782384287,T003,25,6.46,570.39,-0.3,-0.17,droite,,,1,735,692,0,0.767,matched,1
728,24.267,1782384287,T004,7,146.22,80.15,0.0,-0.04,gauche,,,1,735,715,0,0.77,matched,1
728,24.267,1782384287,T005,21,63.03,530.95,0.0,0.0,droite,,,1,735,692,0,0.77,matched,1
728,24.267,1782384287,T006,5,41.2,506.87,-0.07,0.72,droite,,,1,733,724,0,0.769,matched,1
728,24.267,1782384287,T007,23,240.26,555.83,-0.0,0.0,droite,,,1,733,677,0,0.77,matched,1
729,24.300,,T002,28,267.8,616.68,1.59,-0.86,droite,,,1,736,696,10,0.32,predicted,1
729,24.300,1782384287,T003,25,5.99,569.77,-0.47,-0.08,droite,,,1,736,693,0,0.767,matched,1
729,24.300,1782384287,T004,7,146.22,80.15,0.0,-0.02,gauche,,,1,736,716,0,0.77,matched,1
729,24.300,1782384287,T005,21,63.03,530.95,0.0,0.0,droite,,,1,736,693,0,0.77,matched,1
729,24.300,1782384287,T006,5,41.13,507.96,-0.04,0.88,droite,,,1,734,725,0,0.767,matched,1
729,24.300,1782384287,T007,23,240.26,555.83,-0.0,0.0,droite,,,1,734,678,0,0.77,matched,1
730,24.333,,T002,28,270.26,615.35,1.43,-0.78,droite,,,1,737,696,11,0.32,predicted,1
730,24.333,1782384287,T003,25,5.99,569.77,-0.43,-0.03,droite,,,1,737,694,0,0.769,matched,1
730,24.333,1782384287,T004,7,146.22,80.15,0.0,-0.01,gauche,,,1,737,717,0,0.77,matched,1
730,24.333,1782384287,T005,21,63.03,530.95,-0.0,0.0,droite,,,1,737,694,0,0.77,matched,1
730,24.333,1782384287,T006,5,41.23,509.1,0.16,0.91,droite,,,1,735,726,0,0.767,matched,1
730,24.333,1782384287,T007,23,240.26,555.83,-0.0,0.0,droite,,,1,735,679,0,0.77,matched,1
731,24.367,,T002,28,272.48,614.15,1.29,-0.7,droite,,,1,738,696,12,0.32,predicted,1
731,24.367,1782384287,T003,25,5.2,569.33,-0.65,0.0,droite,,,1,738,695,0,0.766,matched,1
731,24.367,1782384287,T004,7,146.22,80.15,0.0,-0.0,gauche,,,1,738,718,0,0.77,matched,1
731,24.367,1782384287,T005,21,63.03,530.95,-0.0,0.0,droite,,,1,738,695,0,0.77,matched,1
731,24.367,1782384287,T006,5,41.52,509.96,0.36,0.54,droite,,,1,736,727,0,0.765,matched,1
731,24.367,1782384287,T007,23,240.26,555.83,0.0,0.0,droite,,,1,736,680,0,0.77,matched,1
732,24.400,1782384287,T002,28,188.85,658.55,-6.71,3.56,droite,,,1,739,697,0,0.57,matched,1
732,24.400,1782384287,T003,25,4.43,568.87,-0.59,-0.16,droite,,,1,739,696,0,0.768,matched,1
732,24.400,1782384287,T004,7,146.22,80.15,0.0,0.0,gauche,,,1,739,719,0,0.77,matched,1
732,24.400,1782384287,T005,21,63.03,530.95,-0.0,0.0,droite,,,1,739,696,0,0.77,matched,1
732,24.400,1782384287,T006,5,41.52,509.96,0.36,0.28,droite,,,1,737,728,0,0.767,matched,1
732,24.400,1782384287,T007,23,240.26,555.83,0.0,0.0,droite,,,1,737,681,0,0.77,matched,1
733,24.433,1782384287,T002,28,188.13,658.93,-5.09,2.7,droite,,,1,740,698,0,0.753,matched,1
733,24.433,1782384287,T003,25,3.79,568.45,-0.43,-0.18,droite,,,1,740,697,0,0.768,matched,1
733,24.433,1782384287,T004,7,146.22,80.15,0.0,0.0,gauche,,,1,740,720,0,0.77,matched,1
733,24.433,1782384287,T005,21,63.03,530.95,-0.0,0.0,droite,,,1,740,697,0,0.77,matched,1
733,24.433,1782384287,T006,5,41.52,509.96,0.28,0.11,droite,,,1,738,729,0,0.768,matched,1
733,24.433,1782384287,T007,23,240.26,555.83,0.0,0.0,droite,,,1,738,682,0,0.77,matched,1
734,24.467,1782384287,T002,28,187.4,659.17,-3.11,1.44,droite,,,1,741,699,0,0.748,matched,1
734,24.467,1782384287,T003,25,3.29,567.82,-0.27,-0.49,droite,,,1,741,698,0,0.765,matched,1
734,24.467,1782384287,T004,7,146.22,80.15,0.0,0.0,gauche,,,1,741,721,0,0.77,matched,1
734,24.467,1782384287,T005,21,63.03,530.95,0.17,-0.0,droite,,,1,741,698,0,0.767,matched,1
734,24.467,1782384287,T006,5,42.05,510.5,0.35,0.02,droite,,,1,739,730,0,0.768,matched,1
734,24.467,1782384287,T007,23,240.26,555.83,0.0,-0.17,droite,,,1,739,683,0,0.767,matched,1
735,24.500,1782384287,T002,28,187.4,659.17,-1.58,0.82,droite,,,1,742,700,0,0.754,matched,1
735,24.500,1782384287,T003,25,2.92,566.76,-0.15,-1.01,droite,,,1,742,699,0,0.762,matched,1
735,24.500,1782384287,T004,7,146.22,80.15,-0.0,0.0,gauche,,,1,742,722,0,0.77,matched,1
735,24.500,1782384287,T005,21,63.03,530.95,0.2,-0.0,droite,,,1,742,699,0,0.769,matched,1
735,24.500,1782384287,T006,5,42.05,510.5,0.3,-0.02,droite,,,1,740,731,0,0.769,matched,1
735,24.500,1782384287,T007,23,240.26,555.83,0.0,-0.2,droite,,,1,740,684,0,0.769,matched,1
736,24.533,1782384287,T002,28,187.4,659.17,-0.87,0.59,droite,,,1,743,701,0,0.762,matched,1
736,24.533,1782384287,T003,25,2.52,565.53,-0.24,-1.15,droite,,,1,743,700,0,0.766,matched,1
736,24.533,1782384287,T004,7,146.22,80.15,-0.0,0.0,gauche,,,1,743,723,0,0.77,matched,1
736,24.533,1782384287,T005,21,63.52,530.35,0.16,-0.17,droite,,,1,743,700,0,0.767,matched,1
736,24.533,1782384287,T006,5,42.05,510.5,0.21,-0.03,droite,,,1,741,732,0,0.769,matched,1
736,24.533,1782384287,T007,23,240.26,555.83,0.0,-0.16,droite,,,1,741,685,0,0.77,matched,1
737,24.567,1782384287,T002,28,182.59,657.35,-6.14,-2.31,droite,,,1,744,702,0,0.685,matched,1
737,24.567,1782384287,T003,25,2.3,564.25,-0.05,-1.11,droite,,,1,744,701,0,0.767,matched,1
737,24.567,1782384287,T004,7,146.22,80.15,-0.0,0.0,gauche,,,1,744,724,0,0.77,matched,1
737,24.567,1782384287,T005,21,63.52,530.35,0.11,-0.2,droite,,,1,744,701,0,0.769,matched,1
737,24.567,1782384287,T006,5,42.69,511.0,0.3,0.14,droite,,,1,742,733,0,0.767,matched,1
737,24.567,1782384287,T007,23,240.44,555.0,0.0,-0.28,droite,,,1,742,686,0,0.768,matched,1
738,24.600,,T002,28,177.46,655.4,-5.52,-2.08,droite,,,1,745,702,1,0.49,predicted,1
738,24.600,1782384287,T003,25,2.18,563.0,0.04,-1.02,droite,,,1,745,702,0,0.769,matched,1
738,24.600,1782384287,T004,7,146.22,80.15,-0.0,0.0,gauche,,,1,745,725,0,0.77,matched,1
738,24.600,1782384287,T005,21,63.75,529.64,-0.1,-0.33,droite,,,1,745,702,0,0.766,matched,1
738,24.600,1782384287,T006,5,42.69,511.0,0.27,0.18,droite,,,1,743,734,0,0.769,matched,1
738,24.600,1782384287,T007,23,240.58,554.28,0.0,-0.26,droite,,,1,743,687,0,0.77,matched,1
739,24.633,1782384287,T002,28,172.11,653.22,-5.1,-2.1,droite,,,1,746,703,0,0.767,matched,1
739,24.633,1782384287,T003,25,2.12,561.94,0.06,-0.75,droite,,,1,746,703,0,0.768,matched,1
739,24.633,1782384287,T004,7,146.22,80.15,-0.0,0.0,gauche,,,1,746,726,0,0.77,matched,1
739,24.633,1782384287,T005,21,63.75,529.64,-0.16,-0.14,droite,,,1,746,703,0,0.767,matched,1
739,24.633,1782384287,T006,5,43.28,511.48,0.19,0.15,droite,,,1,744,735,0,0.769,matched,1
739,24.633,1782384287,T007,23,240.58,554.28,-0.0,-0.2,droite,,,1,744,688,0,0.769,matched,1
740,24.667,,T002,28,166.83,651.06,-4.59,-1.89,droite,,,1,747,703,1,0.49,predicted,1
740,24.667,1782384287,T003,25,2.23,560.84,0.23,-0.81,droite,,,1,747,704,0,0.767,matched,1
740,24.667,1782384287,T004,7,146.22,80.15,-0.0,-0.17,gauche,,,1,747,727,0,0.767,matched,1
740,24.667,1782384287,T005,21,63.75,529.64,-0.15,-0.03,droite,,,1,747,704,0,0.769,matched,1
740,24.667,1782384287,T006,5,43.28,511.48,0.12,0.11,droite,,,1,745,736,0,0.769,matched,1
740,24.667,1782384287,T007,23,240.58,554.28,-0.0,-0.13,droite,,,1,745,689,0,0.769,matched,1
741,24.700,,T002,28,161.7,648.96,-4.13,-1.7,droite,,,1,748,703,2,0.41,predicted,1
741,24.700,1782384287,T003,25,2.39,559.73,0.24,-0.83,droite,,,1,748,705,0,0.769,matched,1
741,24.700,1782384287,T004,7,146.22,80.15,-0.0,-0.03,gauche,,,1,748,728,0,0.768,matched,1
741,24.700,1782384287,T005,21,63.75,529.64,-0.11,0.02,droite,,,1,748,705,0,0.769,matched,1
741,24.700,1782384287,T006,5,43.28,511.48,0.07,0.06,droite,,,1,746,737,0,0.769,matched,1
741,24.700,1782384287,T007,23,240.58,554.28,-0.0,-0.07,droite,,,1,746,690,0,0.769,matched,1
742,24.733,,T002,28,156.82,646.96,-3.72,-1.53,droite,,,1,749,703,3,0.33,predicted,1
742,24.733,1782384287,T003,25,2.41,558.78,0.02,-0.64,droite,,,1,749,706,0,0.767,matched,1
742,24.733,1782384287,T004,7,146.22,80.15,0.17,0.2,gauche,,,1,749,729,0,0.766,matched,1
742,24.733,1782384287,T005,21,63.75,529.64,-0.07,0.03,droite,,,1,749,706,0,0.77,matched,1
742,24.733,1782384287,T006,5,43.28,511.48,0.03,0.2,droite,,,1,747,738,0,0.768,matched,1
742,24.733,1782384287,T007,23,240.58,554.28,0.17,-0.03,droite,,,1,747,691,0,0.767,matched,1
743,24.767,,T002,28,152.21,645.08,-3.35,-1.37,droite,,,1,750,703,4,0.32,predicted,1
743,24.767,1782384287,T003,25,2.37,558.02,-0.07,-0.43,droite,,,1,750,707,0,0.767,matched,1
743,24.767,1782384287,T004,7,146.22,80.15,0.2,0.25,gauche,,,1,750,730,0,0.769,matched,1
743,24.767,1782384287,T005,21,63.75,529.64,-0.04,0.03,droite,,,1,750,707,0,0.77,matched,1
743,24.767,1782384287,T006,5,43.7,512.21,0.01,0.38,droite,,,1,748,739,0,0.767,matched,1
743,24.767,1782384287,T007,23,240.58,554.28,0.2,-0.01,droite,,,1,748,692,0,0.769,matched,1
744,24.800,,T002,28,147.91,643.31,-3.01,-1.24,droite,,,1,751,703,5,0.32,predicted,1
744,24.800,1782384287,T003,25,2.37,558.02,-0.26,-0.25,droite,,,1,751,708,0,0.766,matched,1
744,24.800,1782384287,T004,7,146.22,80.15,0.16,0.21,gauche,,,1,751,731,0,0.77,matched,1
744,24.800,1782384287,T005,21,63.75,529.64,-0.02,0.02,droite,,,1,751,708,0,0.77,matched,1
744,24.800,1782384287,T006,5,44.02,513.14,-0.0,0.7,droite,,,1,749,740,0,0.765,matched,1
744,24.800,1782384287,T007,23,240.58,554.28,0.16,-0.0,droite,,,1,749,693,0,0.77,matched,1
745,24.833,,T002,28,143.92,641.68,-2.71,-1.11,droite,,,1,752,703,6,0.32,predicted,1
745,24.833,1782384287,T003,25,2.37,558.02,-0.1,-0.29,droite,,,1,752,709,0,0.768,matched,1
745,24.833,1782384287,T004,7,146.22,80.15,0.11,0.14,gauche,,,1,752,732,0,0.769,matched,1
745,24.833,1782384287,T005,21,63.75,529.64,-0.01,0.01,droite,,,1,752,709,0,0.77,matched,1
745,24.833,1782384287,T006,5,44.26,514.05,-0.0,0.67,droite,,,1,750,741,0,0.769,matched,1
745,24.833,1782384287,T007,23,240.58,554.28,0.11,0.0,droite,,,1,750,694,0,0.769,matched,1
746,24.867,,T002,28,140.23,640.16,-2.44,-1.0,droite,,,1,753,703,7,0.32,predicted,1
746,24.867,1782384287,T003,25,2.1,557.28,-0.19,-0.24,droite,,,1,753,710,0,0.769,matched,1
746,24.867,1782384287,T004,7,146.22,80.15,0.07,0.09,gauche,,,1,753,733,0,0.769,matched,1
746,24.867,1782384287,T005,21,63.75,529.64,0.0,0.01,droite,,,1,753,710,0,0.77,matched,1
746,24.867,1782384287,T006,5,44.43,514.81,-0.01,0.5,droite,,,1,751,742,0,0.769,matched,1
746,24.867,,T007,23,240.58,554.28,0.1,0.0,droite,,,1,751,694,1,0.49,predicted,1
747,24.900,,T002,28,136.84,638.78,-2.2,-0.9,droite,,,1,754,703,8,0.32,predicted,1
747,24.900,1782384287,T003,25,2.1,557.28,-0.18,-0.17,droite,,,1,754,711,0,0.769,matched,1
747,24.900,1782384287,T004,7,146.22,80.15,0.03,0.05,gauche,,,1,754,734,0,0.769,matched,1
747,24.900,1782384287,T005,21,63.75,529.64,0.0,0.0,droite,,,1,754,711,0,0.77,matched,1
747,24.900,1782384287,T006,5,44.57,515.55,-0.0,0.49,droite,,,1,752,743,0,0.769,matched,1
747,24.900,,T007,23,240.58,554.28,0.09,0.0,droite,,,1,752,694,2,0.41,predicted,1
748,24.933,,T002,28,133.74,637.5,-1.98,-0.81,droite,,,1,755,703,9,0.32,predicted,1
748,24.933,1782384287,T003,25,2.1,557.28,-0.3,-0.1,droite,,,1,755,712,0,0.768,matched,1
748,24.933,1782384287,T004,7,146.22,80.15,0.01,0.02,gauche,,,1,755,735,0,0.77,matched,1
748,24.933,1782384287,T005,21,63.75,529.64,0.0,-0.17,droite,,,1,755,712,0,0.767,matched,1
748,24.933,1782384287,T006,5,44.54,516.59,-0.17,0.89,droite,,,1,753,744,0,0.763,matched,1
748,24.933,,T007,23,240.58,554.28,0.08,0.0,droite,,,1,753,694,3,0.33,predicted,1
749,24.967,1782384287,T002,28,138.47,639.49,1.54,0.65,droite,,,1,756,704,0,0.683,matched,1
749,24.967,1782384287,T003,25,1.6,556.71,-0.28,-0.05,droite,,,1,756,713,0,0.769,matched,1
749,24.967,1782384287,T004,7,146.22,80.15,0.0,0.0,gauche,,,1,756,736,0,0.77,matched,1
749,24.967,1782384287,T005,21,63.75,529.64,0.0,-0.2,droite,,,1,756,713,0,0.769,matched,1
749,24.967,1782384287,T006,5,44.43,517.76,-0.2,1.01,droite,,,1,754,745,0,0.767,matched,1
749,24.967,,T007,23,240.58,554.28,0.07,0.0,droite,,,1,754,694,4,0.32,predicted,1
750,25.000,1782384288,T002,28,142.28,641.09,1.24,0.52,droite,,,1,757,705,0,0.767,matched,1
750,25.000,1782384288,T003,25,1.33,555.87,-0.04,-0.53,droite,,,1,757,714,0,0.762,matched,1
750,25.000,1782384288,T004,7,146.22,80.15,-0.0,-0.0,gauche,,,1,757,737,0,0.77,matched,1
750,25.000,1782384288,T005,21,63.75,529.64,0.17,-0.16,droite,,,1,757,714,0,0.767,matched,1
750,25.000,1782384288,T006,5,44.32,518.97,-0.16,1.0,droite,,,1,755,746,0,0.769,matched,1
750,25.000,,T007,23,241.05,553.74,0.07,0.0,droite,,,1,755,694,5,0.32,predicted,1
751,25.033,1782384288,T002,28,145.25,642.33,0.81,0.34,droite,,,1,758,706,0,0.766,matched,1
751,25.033,1782384288,T003,25,1.19,555.01,0.06,-0.6,droite,,,1,758,715,0,0.768,matched,1
751,25.033,1782384288,T004,7,146.22,80.15,-0.0,-0.0,gauche,,,1,758,738,0,0.77,matched,1
751,25.033,1782384288,T005,21,63.75,529.64,0.2,-0.11,droite,,,1,758,715,0,0.769,matched,1
751,25.033,1782384288,T006,5,44.22,520.01,-0.11,0.76,droite,,,1,756,747,0,0.768,matched,1
751,25.033,,T007,23,241.05,553.74,0.06,0.0,droite,,,1,756,694,6,0.32,predicted,1
752,25.067,1782384288,T002,28,147.49,643.27,0.45,0.19,droite,,,1,759,707,0,0.766,matched,1
752,25.067,1782384288,T003,25,1.26,553.85,0.26,-1.0,droite,,,1,759,716,0,0.763,matched,1
752,25.067,1782384288,T004,7,146.22,80.15,-0.0,-0.0,gauche,,,1,759,739,0,0.77,matched,1
752,25.067,1782384288,T005,21,64.06,528.71,0.16,-0.41,droite,,,1,759,716,0,0.765,matched,1
752,25.067,1782384288,T006,5,44.15,520.84,-0.07,0.5,droite,,,1,757,748,0,0.767,matched,1
752,25.067,,T007,23,241.05,553.74,0.05,0.0,droite,,,1,757,694,7,0.32,predicted,1
753,25.100,1782384288,T002,28,149.16,643.83,0.21,-0.1,droite,,,1,760,708,0,0.766,matched,1
753,25.100,1782384288,T003,25,1.41,552.56,0.27,-1.09,droite,,,1,760,717,0,0.767,matched,1
753,25.100,1782384288,T004,7,146.22,80.15,-0.0,-0.0,gauche,,,1,760,740,0,0.77,matched,1
753,25.100,1782384288,T005,21,64.31,527.58,0.11,-0.77,droite,,,1,760,717,0,0.764,matched,1
753,25.100,1782384288,T006,5,44.15,520.84,0.14,0.29,droite,,,1,758,749,0,0.766,matched,1
753,25.100,,T007,23,241.05,553.74,0.05,0.0,droite,,,1,758,694,8,0.32,predicted,1
754,25.133,1782384288,T002,28,150.38,644.3,0.07,0.0,droite,,,1,761,709,0,0.768,matched,1
754,25.133,1782384288,T003,25,1.57,551.27,0.22,-1.05,droite,,,1,761,718,0,0.769,matched,1
754,25.133,1782384288,T004,7,146.22,80.15,-0.0,-0.0,gauche,,,1,761,741,0,0.77,matched,1
754,25.133,1782384288,T005,21,64.49,526.1,0.07,-1.24,droite,,,1,761,718,0,0.762,matched,1
754,25.133,1782384288,T006,5,44.15,520.84,0.18,0.14,droite,,,1,759,750,0,0.768,matched,1
754,25.133,1782384288,T007,23,241.28,550.74,-0.04,-1.24,droite,,,1,759,695,0,0.742,matched,1
755,25.167,1782384288,T002,28,151.29,644.55,0.01,-0.13,droite,,,1,762,710,0,0.768,matched,1
755,25.167,1782384288,T003,25,1.7,549.88,0.15,-1.14,droite,,,1,762,719,0,0.767,matched,1
755,25.167,1782384288,T004,7,146.22,80.15,-0.0,-0.0,gauche,,,1,762,742,0,0.77,matched,1
755,25.167,1782384288,T005,21,64.63,524.51,0.03,-1.31,droite,,,1,762,719,0,0.767,matched,1
755,25.167,1782384288,T006,5,44.15,520.84,0.16,0.05,droite,,,1,760,751,0,0.769,matched,1
755,25.167,1782384288,T007,23,241.45,548.31,-0.04,-0.97,droite,,,1,760,696,0,0.768,matched,1
756,25.200,1782384288,T002,28,151.29,644.55,-0.02,-0.16,droite,,,1,763,711,0,0.769,matched,1
756,25.200,1782384288,T003,25,1.8,548.5,0.09,-1.08,droite,,,1,763,720,0,0.769,matched,1
756,25.200,1782384288,T004,7,146.22,80.15,-0.0,-0.0,gauche,,,1,763,743,0,0.77,matched,1
756,25.200,1782384288,T005,21,64.87,522.97,0.18,-1.21,droite,,,1,763,720,0,0.768,matched,1
756,25.200,1782384288,T006,5,44.15,520.84,0.11,0.0,droite,,,1,761,752,0,0.769,matched,1
756,25.200,1782384288,T007,23,241.58,546.14,-0.02,-0.99,droite,,,1,761,697,0,0.768,matched,1
757,25.233,1782384288,T002,28,151.29,644.55,-0.02,-0.13,droite,,,1,764,712,0,0.77,matched,1
757,25.233,1782384288,T003,25,1.87,547.33,0.04,-0.81,droite,,,1,764,721,0,0.768,matched,1
757,25.233,1782384288,T004,7,146.22,80.15,-0.0,-0.0,gauche,,,1,764,744,0,0.77,matched,1
757,25.233,1782384288,T005,21,65.12,521.66,0.2,-0.9,droite,,,1,764,721,0,0.767,matched,1
757,25.233,1782384288,T006,5,44.15,520.84,0.07,-0.01,droite,,,1,762,753,0,0.769,matched,1
757,25.233,1782384288,T007,23,241.68,544.36,-0.01,-0.76,droite,,,1,762,698,0,0.768,matched,1
758,25.267,1782384288,T002,28,151.29,644.55,-0.02,-0.09,droite,,,1,765,713,0,0.77,matched,1
758,25.267,1782384288,T003,25,2.05,546.27,0.19,-0.7,droite,,,1,765,722,0,0.768,matched,1
758,25.267,1782384288,T004,7,146.22,80.15,-0.0,-0.0,gauche,,,1,765,745,0,0.77,matched,1
758,25.267,1782384288,T005,21,65.34,520.77,0.16,-0.4,droite,,,1,765,722,0,0.764,matched,1
758,25.267,1782384288,T006,5,44.15,520.84,0.21,-0.02,droite,,,1,763,754,0,0.768,matched,1
758,25.267,1782384288,T007,23,241.75,542.97,-0.01,-0.49,droite,,,1,763,699,0,0.767,matched,1
759,25.300,,T002,28,151.29,644.55,-0.02,-0.08,droite,,,1,766,713,1,0.49,predicted,1
759,25.300,1782384288,T003,25,2.12,545.4,0.03,-0.49,droite,,,1,766,723,0,0.767,matched,1
759,25.300,1782384288,T004,7,146.22,80.15,0.0,0.0,gauche,,,1,766,746,0,0.77,matched,1
759,25.300,1782384288,T005,21,65.34,520.77,-0.06,-0.12,droite,,,1,766,723,0,0.765,matched,1
759,25.300,1782384288,T006,5,44.58,521.5,0.21,0.15,droite,,,1,764,755,0,0.767,matched,1
759,25.300,1782384288,T007,23,241.81,541.92,-0.0,-0.28,droite,,,1,764,700,0,0.768,matched,1
760,25.333,1782384288,T002,28,151.29,644.55,-0.01,0.16,droite,,,1,767,714,0,0.767,matched,1
760,25.333,1782384288,T003,25,2.12,545.4,-0.21,-0.3,droite,,,1,767,724,0,0.766,matched,1
760,25.333,1782384288,T004,7,146.22,80.15,0.0,0.0,gauche,,,1,767,747,0,0.77,matched,1
760,25.333,1782384288,T005,21,65.34,520.77,-0.13,0.02,droite,,,1,767,724,0,0.768,matched,1
760,25.333,1782384288,T006,5,44.58,521.5,0.17,0.19,droite,,,1,765,756,0,0.769,matched,1
760,25.333,1782384288,T007,23,241.99,541.16,0.17,-0.13,droite,,,1,765,701,0,0.767,matched,1
761,25.367,,T002,28,151.29,644.55,-0.01,0.15,droite,,,1,768,714,1,0.49,predicted,1
761,25.367,1782384288,T003,25,1.76,544.76,-0.42,-0.16,droite,,,1,768,725,0,0.766,matched,1
761,25.367,1782384288,T004,7,146.22,80.15,0.0,0.0,gauche,,,1,768,748,0,0.77,matched,1
761,25.367,1782384288,T005,21,65.34,520.77,-0.13,0.06,droite,,,1,768,725,0,0.769,matched,1
761,25.367,1782384288,T006,5,44.58,521.5,0.11,0.16,droite,,,1,766,757,0,0.769,matched,1
761,25.367,1782384288,T007,23,241.99,541.16,0.37,-0.05,droite,,,1,766,702,0,0.767,matched,1
762,25.400,,T002,28,151.93,644.89,-0.01,0.13,droite,,,1,769,714,2,0.41,predicted,1
762,25.400,1782384288,T003,25,1.35,544.15,-0.41,-0.24,droite,,,1,769,726,0,0.769,matched,1
762,25.400,1782384288,T004,7,146.22,80.15,0.0,0.0,gauche,,,1,769,749,0,0.77,matched,1
762,25.400,1782384288,T005,21,65.34,520.77,-0.1,0.07,droite,,,1,769,726,0,0.77,matched,1
762,25.400,1782384288,T006,5,44.58,521.5,0.06,0.11,droite,,,1,767,758,0,0.769,matched,1
762,25.400,1782384288,T007,23,242.59,540.07,0.53,-0.69,droite,,,1,767,703,0,0.76,matched,1
763,25.433,,T002,28,151.93,644.89,-0.01,0.12,droite,,,1,770,714,3,0.33,predicted,1
763,25.433,1782384288,T003,25,1.35,544.15,-0.31,-0.22,droite,,,1,770,727,0,0.769,matched,1
763,25.433,1782384288,T004,7,146.22,80.15,0.0,0.0,gauche,,,1,770,750,0,0.77,matched,1
763,25.433,1782384288,T005,21,65.34,520.77,-0.07,0.05,droite,,,1,770,727,0,0.77,matched,1
763,25.433,1782384288,T006,5,44.58,521.5,0.03,0.07,droite,,,1,768,759,0,0.769,matched,1
763,25.433,1782384288,T007,23,243.18,538.94,0.47,-0.78,droite,,,1,768,704,0,0.768,matched,1
764,25.467,1782384288,T002,28,151.93,644.89,0.0,0.07,droite,,,1,771,715,0,0.769,matched,1
764,25.467,,T003,25,1.35,544.15,-0.28,-0.19,droite,,,1,771,727,1,0.49,predicted,1
764,25.467,1782384288,T004,7,146.22,80.15,0.0,0.0,gauche,,,1,771,751,0,0.77,matched,1
764,25.467,1782384288,T005,21,65.34,520.77,-0.04,0.04,droite,,,1,771,728,0,0.77,matched,1
764,25.467,1782384288,T006,5,44.93,522.39,0.01,0.37,droite,,,1,769,760,0,0.765,matched,1
764,25.467,1782384288,T007,23,243.53,537.55,0.17,-1.14,droite,,,1,769,705,0,0.762,matched,1
765,25.500,1782384288,T002,28,151.93,644.89,-0.15,0.05,droite,,,1,772,716,0,0.767,matched,1
765,25.500,,T003,25,0.85,543.54,-0.25,-0.17,droite,,,1,772,727,2,0.41,predicted,1
765,25.500,1782384288,T004,7,146.22,80.15,0.0,0.0,gauche,,,1,772,752,0,0.77,matched,1
765,25.500,1782384288,T005,21,65.34,520.77,-0.02,0.02,droite,,,1,772,729,0,0.77,matched,1
765,25.500,1782384288,T006,5,45.19,523.21,0.0,0.41,droite,,,1,770,761,0,0.769,matched,1
765,25.500,1782384288,T007,23,243.72,535.66,0.02,-1.71,droite,,,1,770,706,0,0.76,matched,1
766,25.533,,T002,28,151.93,644.89,-0.14,0.04,droite,,,1,773,716,1,0.49,predicted,1
766,25.533,,T003,25,0.85,543.54,-0.23,-0.16,droite,,,1,773,727,3,0.33,predicted,1
766,25.533,1782384288,T004,7,146.22,80.15,0.0,0.0,gauche,,,1,773,753,0,0.77,matched,1
766,25.533,1782384288,T005,21,65.34,520.77,-0.01,0.01,droite,,,1,773,730,0,0.77,matched,1
766,25.533,1782384288,T006,5,45.53,524.04,0.17,0.5,droite,,,1,771,762,0,0.767,matched,1
766,25.533,1782384288,T007,23,243.83,533.96,-0.05,-1.36,droite,,,1,771,707,0,0.767,matched,1
767,25.567,,T002,28,151.93,644.89,-0.12,0.04,droite,,,1,774,716,2,0.41,predicted,1
767,25.567,,T003,25,0.36,542.99,-0.2,-0.14,droite,,,1,774,727,4,0.32,predicted,1
767,25.567,1782384288,T004,7,146.22,80.15,-0.0,-0.0,gauche,,,1,774,754,0,0.77,matched,1
767,25.567,1782384288,T005,21,65.34,520.77,-0.17,-0.17,droite,,,1,774,731,0,0.766,matched,1
767,25.567,1782384288,T006,5,45.72,525.18,0.02,0.93,droite,,,1,772,763,0,0.763,matched,1
767,25.567,1782384288,T007,23,243.74,531.9,-0.23,-1.77,droite,,,1,772,708,0,0.762,matched,1
768,25.600,,T002,28,151.93,644.89,-0.11,0.03,droite,,,1,775,716,3,0.33,predicted,1
768,25.600,,T003,25,0.36,542.99,-0.18,-0.13,droite,,,1,775,727,5,0.32,predicted,1
768,25.600,1782384288,T004,7,146.22,80.15,-0.0,-0.0,gauche,,,1,775,755,0,0.77,matched,1
768,25.600,1782384288,T005,21,65.18,519.86,-0.03,-0.54,droite,,,1,775,732,0,0.764,matched,1
768,25.600,1782384288,T006,5,45.82,526.45,-0.04,1.06,droite,,,1,773,764,0,0.767,matched,1
768,25.600,1782384288,T007,29,244.69,529.96,1.11,-1.53,droite,,,1,773,709,0,0.751,matched,1
769,25.633,,T002,28,151.93,644.89,-0.1,0.03,droite,,,1,776,716,4,0.32,predicted,1
769,25.633,,T003,25,0.36,542.99,-0.17,-0.11,droite,,,1,776,727,6,0.32,predicted,1
769,25.633,1782384288,T004,7,146.22,80.15,-0.0,-0.0,gauche,,,1,776,756,0,0.77,matched,1
769,25.633,1782384288,T005,21,65.1,518.98,0.04,-0.56,droite,,,1,776,733,0,0.769,matched,1
769,25.633,1782384288,T006,5,45.87,527.59,-0.05,0.86,droite,,,1,774,765,0,0.769,matched,1
769,25.633,1782384288,T007,29,245.98,528.36,1.38,-1.09,droite,,,1,774,710,0,0.763,matched,1
770,25.667,,T002,28,151.93,644.89,-0.09,0.03,droite,,,1,777,716,5,0.32,predicted,1
770,25.667,,T003,25,0.36,542.99,-0.15,-0.1,droite,,,1,777,727,7,0.32,predicted,1
770,25.667,1782384288,T004,7,146.22,80.15,-0.0,-0.0,gauche,,,1,777,757,0,0.77,matched,1
770,25.667,1782384288,T005,21,65.07,517.95,0.05,-0.78,droite,,,1,777,734,0,0.766,matched,1
770,25.667,1782384288,T006,5,45.9,528.93,-0.05,1.1,droite,,,1,775,766,0,0.765,matched,1
770,25.667,1782384288,T007,29,247.09,527.13,1.0,-0.67,droite,,,1,775,711,0,0.764,matched,1
771,25.700,,T002,28,151.93,644.89,-0.08,0.03,droite,,,1,778,716,6,0.32,predicted,1
771,25.700,,T003,25,-0.19,542.46,-0.13,-0.09,droite,,,1,778,727,8,0.32,predicted,1
771,25.700,1782384288,T004,7,146.22,80.15,-0.0,-0.0,gauche,,,1,778,758,0,0.77,matched,1
771,25.700,1782384288,T005,21,65.19,516.72,0.22,-1.03,droite,,,1,778,735,0,0.765,matched,1
771,25.700,1782384288,T006,5,45.92,530.31,-0.03,1.12,droite,,,1,776,767,0,0.768,matched,1
771,25.700,1782384288,T007,29,248.09,526.09,0.79,-0.53,droite,,,1,776,712,0,0.768,matched,1
772,25.733,,T002,28,151.93,644.89,-0.07,0.02,droite,,,1,779,716,7,0.32,predicted,1
772,25.733,,T003,25,-0.19,542.46,-0.12,-0.08,droite,,,1,779,727,9,0.32,predicted,1
772,25.733,1782384288,T004,7,146.22,80.15,-0.0,-0.0,gauche,,,1,779,759,0,0.77,matched,1
772,25.733,1782384288,T005,21,65.5,515.16,0.4,-1.4,droite,,,1,779,736,0,0.762,matched,1
772,25.733,1782384288,T006,5,46.07,531.38,0.15,0.7,droite,,,1,777,768,0,0.765,matched,1
772,25.733,1782384288,T007,23,248.48,525.27,0.02,-0.35,droite,,,1,777,713,0,0.76,matched,1
773,25.767,,T002,28,151.93,644.89,-0.06,0.02,droite,,,1,780,716,8,0.32,predicted,1
773,25.767,,T003,25,-0.19,542.46,-0.11,-0.08,droite,,,1,780,727,10,0.32,predicted,1
773,25.767,,T004,7,146.22,80.15,-0.0,-0.0,gauche,,,1,780,759,1,0.49,predicted,1
773,25.767,1782384288,T005,21,65.98,513.38,0.55,-1.57,droite,,,1,780,737,0,0.765,matched,1
773,25.767,1782384288,T006,5,46.4,532.3,0.36,0.55,droite,,,1,778,769,0,0.767,matched,1
773,25.767,1782384288,T007,23,248.55,524.25,-0.28,-0.71,droite,,,1,778,714,0,0.763,matched,1
774,25.800,,T002,28,151.93,644.89,-0.06,0.02,droite,,,1,781,716,9,0.32,predicted,1
774,25.800,,T003,25,-0.19,542.46,-0.1,-0.07,droite,,,1,781,727,11,0.32,predicted,1
774,25.800,1782384288,T004,7,146.22,80.15,-0.0,-0.0,gauche,,,1,781,760,0,0.77,matched,1
774,25.800,1782384288,T005,21,66.48,511.63,0.48,-1.44,droite,,,1,781,738,0,0.769,matched,1
774,25.800,1782384288,T006,5,47.04,533.03,0.69,0.36,droite,,,1,779,770,0,0.764,matched,1
774,25.800,1782384288,T007,23,248.47,522.16,-0.33,-2.05,droite,,,1,779,715,0,0.749,matched,1
775,25.833,,T002,28,151.93,644.89,-0.05,0.02,droite,,,1,782,716,10,0.32,predicted,1
775,25.833,,T003,25,-0.19,542.46,-0.09,-0.06,droite,,,1,782,727,12,0.32,predicted,1
775,25.833,1782384288,T004,7,146.22,80.15,0.0,0.0,gauche,,,1,782,761,0,0.77,matched,1
775,25.833,1782384288,T005,21,66.89,510.14,0.35,-1.07,droite,,,1,782,739,0,0.766,matched,1
775,25.833,1782384288,T006,5,47.72,533.57,0.67,0.21,droite,,,1,780,771,0,0.768,matched,1
775,25.833,1782384288,T007,23,248.34,519.88,-0.28,-2.1,droite,,,1,780,716,0,0.766,matched,1
776,25.867,,T002,28,151.93,644.89,-0.05,0.01,droite,,,1,783,716,11,0.32,predicted,1
776,25.867,,T003,25,-0.73,541.96,-0.08,-0.05,droite,,,1,783,727,13,0.32,predicted,1
776,25.867,1782384288,T004,7,146.22,80.15,0.0,0.0,gauche,,,1,783,762,0,0.77,matched,1
776,25.867,1782384288,T005,21,67.08,508.7,0.05,-1.02,droite,,,1,783,740,0,0.766,matched,1
776,25.867,1782384288,T006,5,48.46,533.83,0.68,-0.07,droite,,,1,781,772,0,0.766,matched,1
776,25.867,1782384288,T007,23,248.36,517.42,-0.02,-2.15,droite,,,1,781,717,0,0.765,matched,1
777,25.900,,T002,28,151.93,644.89,-0.04,0.01,droite,,,1,784,716,12,0.32,predicted,1
777,25.900,,T003,25,-0.73,541.96,-0.07,-0.05,droite,,,1,784,727,14,0.32,predicted,1
777,25.900,1782384288,T004,7,146.22,80.15,0.0,0.0,gauche,,,1,784,763,0,0.77,matched,1
777,25.900,1782384288,T005,21,67.13,507.48,-0.08,-0.77,droite,,,1,784,741,0,0.767,matched,1
777,25.900,1782384288,T006,5,49.26,534.07,0.69,0.01,droite,,,1,782,773,0,0.768,matched,1
777,25.900,1782384288,T007,23,248.59,514.97,0.25,-2.02,droite,,,1,782,718,0,0.766,matched,1
778,25.933,,T002,28,151.93,644.89,-0.04,0.01,droite,,,1,785,716,13,0.32,predicted,1
778,25.933,,T003,25,-0.73,541.96,-0.06,-0.04,droite,,,1,785,727,15,0.32,predicted,1
778,25.933,1782384288,T004,7,146.22,80.15,0.0,0.0,gauche,,,1,785,764,0,0.77,matched,1
778,25.933,1782384288,T005,21,66.99,506.53,-0.28,-0.5,droite,,,1,785,742,0,0.766,matched,1
778,25.933,1782384288,T006,5,50.1,534.27,0.71,0.04,droite,,,1,783,774,0,0.769,matched,1
778,25.933,1782384288,T007,23,249.02,512.6,0.47,-1.85,droite,,,1,783,719,0,0.766,matched,1
779,25.967,,T002,28,151.93,644.89,-0.03,0.01,droite,,,1,786,716,14,0.32,predicted,1
779,25.967,1782384288,T004,7,146.22,80.15,0.0,0.0,gauche,,,1,786,765,0,0.77,matched,1
779,25.967,1782384288,T005,21,66.5,505.82,-0.63,-0.28,droite,,,1,786,743,0,0.764,matched,1
779,25.967,1782384288,T006,5,50.85,534.44,0.56,0.04,droite,,,1,784,775,0,0.769,matched,1
779,25.967,1782384288,T007,23,249.62,510.59,0.62,-1.37,droite,,,1,784,720,0,0.765,matched,1
780,26.000,,T002,28,151.93,644.89,-0.03,0.01,droite,,,1,787,716,15,0.32,predicted,1
780,26.000,1782384289,T004,7,146.22,80.15,0.0,0.0,gauche,,,1,787,766,0,0.77,matched,1
780,26.000,1782384289,T005,21,65.94,505.31,-0.63,-0.13,droite,,,1,787,744,0,0.768,matched,1
780,26.000,1782384289,T006,5,50.85,534.44,0.37,0.03,droite,,,1,785,776,0,0.768,matched,1
780,26.000,1782384289,T007,23,250.34,509.03,0.7,-0.87,droite,,,1,785,721,0,0.764,matched,1
781,26.033,1782384289,T004,7,146.22,80.15,0.0,0.0,gauche,,,1,788,767,0,0.77,matched,1
781,26.033,1782384289,T005,21,65.94,505.31,-0.48,-0.05,droite,,,1,788,745,0,0.768,matched,1
781,26.033,1782384289,T006,5,50.85,534.44,0.22,0.02,droite,,,1,786,777,0,0.768,matched,1
781,26.033,1782384289,T007,23,251.01,507.88,0.58,-0.48,droite,,,1,786,722,0,0.765,matched,1
782,26.067,1782384289,T004,7,146.22,80.15,-0.17,-0.17,gauche,,,1,789,768,0,0.766,matched,1
782,26.067,1782384289,T005,21,65.94,505.31,-0.32,-0.17,droite,,,1,789,746,0,0.767,matched,1
782,26.067,1782384289,T006,5,50.85,534.44,0.11,0.18,droite,,,1,787,778,0,0.767,matched,1
782,26.067,1782384289,T007,23,251.56,506.93,0.4,-0.39,droite,,,1,787,723,0,0.768,matched,1
783,26.100,1782384289,T004,7,146.22,80.15,-0.2,-0.2,gauche,,,1,790,769,0,0.769,matched,1
783,26.100,1782384289,T005,21,65.27,504.64,-0.35,-0.35,droite,,,1,790,747,0,0.767,matched,1
783,26.100,1782384289,T006,5,51.54,534.79,0.21,0.2,droite,,,1,788,779,0,0.768,matched,1
783,26.100,1782384289,T007,23,252.12,506.17,0.41,-0.27,droite,,,1,788,724,0,0.769,matched,1
784,26.133,1782384289,T004,7,145.54,79.86,-0.33,-0.16,gauche,,,1,791,770,0,0.768,matched,1
784,26.133,1782384289,T005,21,64.84,503.19,-0.11,-1.36,droite,,,1,791,748,0,0.754,matched,1
784,26.133,1782384289,T006,5,51.98,535.37,0.03,0.5,droite,,,1,789,780,0,0.765,matched,1
784,26.133,1782384289,T007,23,252.46,504.09,0.15,-2.03,droite,,,1,789,725,0,0.744,matched,1
785,26.167,1782384289,T002,26,129.07,549.3,-1.36,-5.66,droite,,,1,792,717,0,0.57,reattached,1
785,26.167,1782384289,T004,7,145.54,79.86,-0.14,-0.11,gauche,,,1,792,771,0,0.768,matched,1
785,26.167,1782384289,T005,21,64.71,500.78,0.17,-2.46,droite,,,1,792,749,0,0.751,matched,1
785,26.167,1782384289,T006,5,52.27,536.11,-0.04,0.68,droite,,,1,790,781,0,0.767,matched,1
785,26.167,1782384289,T007,23,252.66,500.86,0.02,-3.27,droite,,,1,790,726,0,0.749,matched,1
786,26.200,1782384289,T002,26,129.07,549.3,-1.37,-3.99,droite,,,1,793,718,0,0.756,matched,1
786,26.200,,T004,7,145.54,79.86,-0.13,-0.1,gauche,,,1,793,771,1,0.49,predicted,1
786,26.200,1782384289,T005,21,64.87,497.71,0.41,-3.01,droite,,,1,793,750,0,0.758,matched,1
786,26.200,1782384289,T006,5,52.46,536.95,-0.06,0.76,droite,,,1,791,782,0,0.768,matched,1
786,26.200,1782384289,T007,23,252.91,497.02,0.13,-3.68,droite,,,1,791,727,0,0.759,matched,1
787,26.233,1782384289,T002,26,128.48,548.72,-0.96,-2.15,droite,,,1,794,719,0,0.755,matched,1
787,26.233,1782384289,T004,7,145.54,79.86,0.2,0.16,gauche,,,1,794,772,0,0.765,matched,1
787,26.233,1782384289,T005,21,65.11,494.79,0.41,-2.53,droite,,,1,794,751,0,0.767,matched,1
787,26.233,1782384289,T006,5,52.59,537.72,-0.06,0.62,droite,,,1,792,783,0,0.769,matched,1
787,26.233,1782384289,T007,23,253.16,493.47,0.15,-3.01,droite,,,1,792,728,0,0.765,matched,1
788,26.267,1782384289,T002,26,127.85,548.26,-0.78,-1.21,droite,,,1,795,720,0,0.762,matched,1
788,26.267,1782384289,T004,7,151.06,80.31,6.67,0.67,gauche,,,1,795,773,0,0.672,matched,1
788,26.267,1782384289,T005,21,65.36,492.24,0.32,-1.95,droite,,,1,795,752,0,0.765,matched,1
788,26.267,1782384289,T006,5,52.68,538.49,-0.04,0.59,droite,,,1,793,784,0,0.769,matched,1
788,26.267,1782384289,T007,23,253.37,490.29,0.12,-2.4,droite,,,1,793,729,0,0.766,matched,1
789,26.300,1782384289,T002,26,127.03,547.97,-0.92,-0.61,droite,,,1,796,721,0,0.763,matched,1
789,26.300,1782384289,T004,7,158.07,81.04,7.46,0.87,gauche,,,1,796,774,0,0.748,matched,1
789,26.300,1782384289,T005,21,65.42,490.08,0.04,-1.45,droite,,,1,796,753,0,0.764,matched,1
789,26.300,1782384289,T006,5,52.68,538.49,0.14,0.45,droite,,,1,794,785,0,0.767,matched,1
789,26.300,1782384289,T007,23,253.67,487.74,0.25,-1.62,droite,,,1,794,730,0,0.762,matched,1
790,26.333,1782384289,T002,26,127.03,547.97,-0.55,-0.27,droite,,,1,797,722,0,0.765,matched,1
790,26.333,1782384289,T004,7,164.54,81.9,5.91,0.92,gauche,,,1,797,775,0,0.758,matched,1
790,26.333,1782384289,T005,21,65.39,488.39,-0.08,-0.93,droite,,,1,797,754,0,0.764,matched,1
790,26.333,1782384289,T006,5,52.97,539.16,0.18,0.29,droite,,,1,795,786,0,0.768,matched,1
790,26.333,1782384289,T007,23,254.12,485.82,0.41,-0.95,droite,,,1,795,731,0,0.762,matched,1
791,26.367,,T002,26,126.26,547.76,-0.5,-0.24,droite,,,1,798,722,1,0.49,predicted,1
791,26.367,1782384289,T004,7,169.79,82.71,3.96,0.73,gauche,,,1,798,776,0,0.75,matched,1
791,26.367,1782384289,T005,21,65.04,487.15,-0.44,-0.51,droite,,,1,798,755,0,0.763,matched,1
791,26.367,1782384289,T006,5,52.97,539.16,0.16,0.16,droite,,,1,796,787,0,0.769,matched,1
791,26.367,1782384289,T007,23,254.56,484.16,0.38,-0.82,droite,,,1,796,732,0,0.769,matched,1
792,26.400,1782384289,T002,26,173.15,631.63,12.49,21.8,droite,,,1,799,723,0,0.57,matched,1
792,26.400,1782384289,T004,7,173.71,83.49,2.31,0.66,gauche,,,1,799,777,0,0.752,matched,1
792,26.400,1782384289,T005,21,64.74,485.84,-0.31,-0.75,droite,,,1,799,756,0,0.766,matched,1
792,26.400,1782384289,T006,5,52.97,539.16,0.11,0.08,droite,,,1,797,788,0,0.769,matched,1
792,26.400,1782384289,T007,23,255.22,482.28,0.62,-1.26,droite,,,1,797,733,0,0.761,matched,1
793,26.433,1782384289,T002,26,176.93,638.11,12.13,21.03,droite,,,1,800,724,0,0.745,matched,1
793,26.433,1782384289,T004,7,176.5,84.16,1.15,0.48,gauche,,,1,800,778,0,0.756,matched,1
793,26.433,1782384289,T005,21,64.51,484.68,-0.19,-0.67,droite,,,1,800,757,0,0.769,matched,1
793,26.433,1782384289,T006,5,52.97,539.16,0.07,0.03,droite,,,1,798,789,0,0.769,matched,1
793,26.433,1782384289,T007,23,255.88,480.53,0.58,-1.15,droite,,,1,798,734,0,0.77,matched,1
794,26.467,1782384289,T002,26,181.33,645.64,9.24,15.99,droite,,,1,801,725,0,0.719,matched,1
794,26.467,1782384289,T003,28,126.86,500.04,4.58,-1.44,droite,,,1,801,728,0,0.57,reattached,1
794,26.467,1782384289,T004,7,178.28,84.68,0.27,0.31,gauche,,,1,801,779,0,0.759,matched,1
794,26.467,1782384289,T005,21,64.34,482.9,-0.1,-1.51,droite,,,1,801,758,0,0.757,matched,1
794,26.467,1782384289,T006,5,52.97,539.16,0.21,0.0,droite,,,1,799,790,0,0.768,matched,1
794,26.467,1782384289,T007,23,256.44,478.68,0.43,-1.35,droite,,,1,799,735,0,0.765,matched,1
795,26.500,1782384289,T002,26,185.03,651.98,6.03,10.4,droite,,,1,802,726,0,0.702,matched,1
795,26.500,1782384289,T003,28,125.65,508.21,-0.57,15.94,droite,,,1,802,729,0,0.642,matched,1
795,26.500,1782384289,T004,7,179.4,85.06,-0.13,0.17,gauche,,,1,802,780,0,0.764,matched,1
795,26.500,1782384289,T005,21,64.23,480.54,-0.04,-2.17,droite,,,1,802,759,0,0.758,matched,1
795,26.500,1782384289,T006,5,53.58,539.74,0.38,0.16,droite,,,1,800,791,0,0.766,matched,1
795,26.500,1782384289,T007,23,257.3,476.33,0.78,-1.97,droite,,,1,800,736,0,0.757,matched,1
796,26.533,1782384289,T002,26,187.68,656.48,3.41,5.86,droite,,,1,803,727,0,0.711,matched,1
796,26.533,,T003,28,124.59,518.24,-0.51,14.34,droite,,,1,803,729,1,0.49,predicted,1
796,26.533,1782384289,T004,42,175.03,84.51,-6.54,-0.94,gauche,,,1,803,781,0,0.674,matched,1
796,26.533,1782384289,T005,21,63.88,477.82,-0.35,-2.44,droite,,,1,803,760,0,0.761,matched,1
796,26.533,1782384289,T006,5,54.28,540.26,0.53,0.19,droite,,,1,801,792,0,0.767,matched,1
796,26.533,1782384289,T007,30,258.02,472.44,0.57,-3.8,droite,,,1,801,737,0,0.74,matched,1
797,26.567,1782384289,T002,26,189.34,659.31,1.62,2.78,droite,,,1,804,728,0,0.728,matched,1
797,26.567,1782384289,T003,28,122.89,524.69,-1.51,6.61,droite,,,1,804,730,0,0.713,matched,1
797,26.567,1782384289,T004,42,168.67,83.48,-7.7,-1.33,gauche,,,1,804,782,0,0.742,matched,1
797,26.567,1782384289,T005,21,63.34,475.07,-0.56,-2.33,droite,,,1,804,761,0,0.766,matched,1
797,26.567,1782384289,T006,5,54.94,540.69,0.47,0.15,droite,,,1,802,793,0,0.77,matched,1
797,26.567,1782384289,T007,30,258.73,468.25,0.53,-3.82,droite,,,1,802,738,0,0.764,matched,1
798,26.600,,T002,26,191.0,662.12,1.46,2.5,droite,,,1,805,728,1,0.49,predicted,1
798,26.600,1782384289,T003,28,121.24,529.0,-1.36,3.19,droite,,,1,805,731,0,0.736,matched,1
798,26.600,1782384289,T004,42,162.43,82.39,-6.4,-1.17,gauche,,,1,805,783,0,0.762,matched,1
798,26.600,1782384289,T005,21,62.51,472.41,-0.85,-2.1,droite,,,1,805,762,0,0.765,matched,1
798,26.600,1782384289,T006,5,54.94,540.69,0.34,0.11,droite,,,1,803,794,0,0.769,matched,1
798,26.600,1782384289,T007,30,259.6,464.4,0.73,-3.12,droite,,,1,803,739,0,0.764,matched,1
799,26.633,,T002,26,192.6,664.85,1.31,2.25,droite,,,1,806,728,2,0.41,predicted,1
799,26.633,1782384289,T003,28,119.85,531.9,-0.98,1.46,droite,,,1,806,732,0,0.75,matched,1
799,26.633,1782384289,T004,42,157.21,81.45,-4.44,-0.85,gauche,,,1,806,784,0,0.75,matched,1
799,26.633,1782384289,T005,21,61.67,470.18,-0.77,-1.53,droite,,,1,806,763,0,0.765,matched,1
799,26.633,1782384289,T006,5,54.94,540.69,0.21,0.06,droite,,,1,804,795,0,0.769,matched,1
799,26.633,1782384289,T007,30,260.42,461.27,0.65,-2.15,droite,,,1,804,740,0,0.76,matched,1
800,26.667,,T002,26,194.14,667.47,1.18,2.03,droite,,,1,807,728,3,0.33,predicted,1
800,26.667,1782384289,T003,28,118.64,533.39,-0.79,-0.01,droite,,,1,807,733,0,0.751,matched,1
800,26.667,1782384289,T004,42,153.24,80.72,-2.68,-0.53,gauche,,,1,807,785,0,0.75,matched,1
800,26.667,1782384289,T005,21,60.68,468.31,-0.91,-1.14,droite,,,1,807,764,0,0.765,matched,1
800,26.667,1782384289,T006,5,55.62,541.02,0.28,0.03,droite,,,1,805,796,0,0.769,matched,1
800,26.667,1782384289,T007,30,261.11,458.89,0.47,-1.28,droite,,,1,805,741,0,0.76,matched,1
801,26.700,,T002,26,195.59,669.95,1.06,1.82,droite,,,1,808,728,4,0.32,predicted,1
801,26.700,1782384289,T003,28,117.52,533.96,-0.71,-0.72,droite,,,1,808,734,0,0.76,matched,1
801,26.700,1782384289,T004,42,150.41,80.33,-1.39,-0.12,gauche,,,1,808,786,0,0.754,matched,1
801,26.700,1782384289,T005,21,59.21,466.85,-1.43,-0.73,droite,,,1,808,765,0,0.76,matched,1
801,26.700,1782384289,T006,5,55.62,541.02,0.25,0.01,droite,,,1,806,797,0,0.77,matched,1
801,26.700,1782384289,T007,30,261.92,456.9,0.63,-1.0,droite,,,1,806,742,0,0.766,matched,1
802,26.733,,T002,26,196.95,672.27,0.96,1.64,droite,,,1,809,728,5,0.32,predicted,1
802,26.733,1782384289,T003,28,116.19,534.07,-1.03,-0.82,droite,,,1,809,735,0,0.764,matched,1
802,26.733,1782384289,T004,42,148.46,80.28,-0.58,0.24,gauche,,,1,809,787,0,0.759,matched,1
802,26.733,1782384289,T005,21,57.45,465.64,-1.65,-0.57,droite,,,1,809,766,0,0.765,matched,1
802,26.733,1782384289,T006,5,55.62,541.02,0.18,-0.17,droite,,,1,807,798,0,0.767,matched,1
802,26.733,1782384289,T007,30,262.8,454.52,0.72,-1.68,droite,,,1,807,743,0,0.758,matched,1
803,26.767,,T002,26,198.21,674.43,0.86,1.48,droite,,,1,810,728,6,0.32,predicted,1
803,26.767,1782384289,T003,28,114.66,533.74,-1.26,-1.02,droite,,,1,810,736,0,0.764,matched,1
803,26.767,1782384289,T004,42,147.16,80.39,-0.13,0.32,gauche,,,1,810,788,0,0.764,matched,1
803,26.767,1782384289,T005,21,55.83,464.0,-1.36,-1.23,droite,,,1,810,767,0,0.759,matched,1
803,26.767,1782384289,T006,5,55.62,541.02,0.11,-0.03,droite,,,1,808,799,0,0.768,matched,1
803,26.767,1782384289,T007,30,263.61,451.58,0.59,-2.41,droite,,,1,808,744,0,0.757,matched,1
804,26.800,,T002,26,199.37,676.42,0.77,1.33,droite,,,1,811,728,7,0.32,predicted,1
804,26.800,,T003,28,113.2,533.24,-1.13,-0.91,droite,,,1,811,736,1,0.49,predicted,1
804,26.800,1782384289,T004,42,146.42,80.54,0.24,0.28,gauche,,,1,811,789,0,0.765,matched,1
804,26.800,1782384289,T005,21,54.64,461.56,-0.77,-2.23,droite,,,1,811,768,0,0.752,matched,1
804,26.800,1782384289,T006,5,55.62,541.02,0.06,0.03,droite,,,1,809,800,0,0.769,matched,1
804,26.800,1782384289,T007,30,264.12,447.69,0.24,-3.51,droite,,,1,809,745,0,0.75,matched,1
805,26.833,,T002,26,200.44,678.26,0.7,1.2,droite,,,1,812,728,8,0.32,predicted,1
805,26.833,,T003,28,111.82,532.65,-1.02,-0.82,droite,,,1,812,736,2,0.41,predicted,1
805,26.833,1782384289,T004,42,146.42,80.54,0.33,0.2,gauche,,,1,812,790,0,0.768,matched,1
805,26.833,1782384289,T005,21,53.81,459.08,-0.37,-2.11,droite,,,1,812,769,0,0.765,matched,1
805,26.833,1782384289,T006,5,55.62,541.02,0.03,0.05,droite,,,1,810,801,0,0.77,matched,1
805,26.833,1782384289,T007,30,264.57,444.18,0.22,-2.79,droite,,,1,810,746,0,0.765,matched,1
806,26.867,1782384289,T002,26,188.87,661.35,-5.4,-7.85,droite,,,1,813,729,0,0.57,matched,1
806,26.867,1782384289,T003,28,111.04,531.02,-0.44,-1.66,droite,,,1,813,737,0,0.756,matched,1
806,26.867,1782384289,T004,42,146.42,80.54,0.12,0.12,gauche,,,1,813,791,0,0.767,matched,1
806,26.867,1782384289,T005,21,52.98,456.4,-0.47,-2.26,droite,,,1,813,770,0,0.764,matched,1
806,26.867,1782384289,T006,5,55.62,541.02,0.01,0.04,droite,,,1,811,802,0,0.77,matched,1
806,26.867,1782384289,T007,30,264.93,439.98,0.16,-3.58,droite,,,1,811,747,0,0.754,matched,1
807,26.900,,T002,26,178.78,646.62,-4.86,-7.06,droite,,,1,814,729,1,0.49,predicted,1
807,26.900,1782384289,T003,28,110.47,528.76,-0.25,-2.15,droite,,,1,814,738,0,0.759,matched,1
807,26.900,1782384289,T004,42,146.42,80.54,0.01,0.07,gauche,,,1,814,792,0,0.768,matched,1
807,26.900,1782384289,T005,21,52.11,453.6,-0.57,-2.32,droite,,,1,814,771,0,0.765,matched,1
807,26.900,1782384289,T006,5,55.62,541.02,-0.0,0.03,droite,,,1,812,803,0,0.77,matched,1
807,26.900,1782384289,T007,30,265.35,435.92,0.27,-3.24,droite,,,1,812,748,0,0.768,matched,1
808,26.933,,T002,26,169.94,633.73,-4.38,-6.36,droite,,,1,815,729,2,0.41,predicted,1
808,26.933,1782384289,T003,28,109.78,526.32,-0.46,-2.18,droite,,,1,815,739,0,0.765,matched,1
808,26.933,1782384289,T004,42,146.42,80.54,-0.03,0.2,gauche,,,1,815,793,0,0.768,matched,1
808,26.933,1782384289,T005,21,51.07,450.58,-0.82,-2.49,droite,,,1,815,772,0,0.762,matched,1
808,26.933,1782384289,T006,5,55.62,541.02,-0.0,0.02,droite,,,1,813,804,0,0.77,matched,1
808,26.933,1782384289,T007,30,266.15,432.49,0.76,-2.38,droite,,,1,813,749,0,0.759,matched,1
809,26.967,,T002,26,162.18,622.4,-3.94,-5.72,droite,,,1,816,729,3,0.33,predicted,1
809,26.967,1782384289,T003,28,108.99,523.89,-0.61,-2.03,droite,,,1,816,740,0,0.767,matched,1
809,26.967,1782384289,T004,42,145.85,81.01,-0.04,0.38,gauche,,,1,816,794,0,0.767,matched,1
809,26.967,1782384289,T005,21,49.54,447.75,-1.41,-2.16,droite,,,1,816,773,0,0.76,matched,1
809,26.967,1782384289,T006,5,55.62,541.02,-0.0,0.18,droite,,,1,814,805,0,0.768,matched,1
809,26.967,1782384289,T007,30,267.57,429.69,1.46,-1.67,droite,,,1,814,750,0,0.757,matched,1
810,27.000,,T002,26,155.33,612.42,-3.54,-5.15,droite,,,1,817,729,4,0.32,predicted,1
810,27.000,1782384290,T003,28,108.12,521.67,-0.7,-1.68,droite,,,1,817,741,0,0.767,matched,1
810,27.000,1782384290,T004,42,145.85,81.01,-0.04,0.36,gauche,,,1,817,795,0,0.77,matched,1
810,27.000,1782384290,T005,21,47.31,445.27,-2.17,-1.72,droite,,,1,817,774,0,0.756,matched,1
810,27.000,1782384290,T006,5,55.62,541.02,-0.0,0.03,droite,,,1,815,806,0,0.768,matched,1
810,27.000,1782384290,T007,30,269.2,427.14,1.57,-1.53,droite,,,1,815,751,0,0.766,matched,1
811,27.033,,T002,26,149.28,603.6,-3.19,-4.64,droite,,,1,818,729,5,0.32,predicted,1
811,27.033,1782384290,T003,28,107.34,519.86,-0.57,-1.16,droite,,,1,818,742,0,0.765,matched,1
811,27.033,1782384290,T004,42,145.85,81.01,-0.03,0.27,gauche,,,1,818,796,0,0.769,matched,1
811,27.033,1782384290,T005,21,44.95,443.29,-2.14,-1.15,droite,,,1,818,775,0,0.764,matched,1
811,27.033,1782384290,T006,5,55.62,541.02,-0.0,-0.03,droite,,,1,816,807,0,0.769,matched,1
811,27.033,1782384290,T007,26,270.96,425.17,1.59,-0.96,droite,,,1,816,752,0,0.763,matched,1
812,27.067,1782384290,T002,25,150.09,600.11,1.07,-1.41,droite,,,1,819,730,0,0.687,matched,1
812,27.067,1782384290,T003,28,106.43,518.48,-0.74,-0.7,droite,,,1,819,743,0,0.764,matched,1
812,27.067,1782384290,T004,42,145.85,81.01,-0.02,0.17,gauche,,,1,819,797,0,0.769,matched,1
812,27.067,1782384290,T005,21,42.05,442.21,-2.66,-0.16,droite,,,1,819,776,0,0.753,matched,1
812,27.067,1782384290,T006,5,56.33,541.26,0.17,-0.05,droite,,,1,817,808,0,0.767,matched,1
812,27.067,1782384290,T007,30,272.25,423.18,0.9,-1.2,droite,,,1,817,753,0,0.761,matched,1
813,27.100,1782384290,T002,25,151.16,597.17,1.15,-1.22,droite,,,1,820,731,0,0.767,matched,1
813,27.100,,T003,28,105.56,517.27,-0.66,-0.63,droite,,,1,820,743,1,0.49,predicted,1
813,27.100,1782384290,T004,42,145.85,81.01,-0.01,0.1,gauche,,,1,820,798,0,0.769,matched,1
813,27.100,1782384290,T005,21,39.45,440.99,-2.09,-0.6,droite,,,1,820,777,0,0.762,matched,1
813,27.100,1782384290,T006,5,56.33,541.26,0.03,-0.05,droite,,,1,818,809,0,0.768,matched,1
813,27.100,1782384290,T007,30,273.28,420.87,0.6,-1.7,droite,,,1,818,754,0,0.76,matched,1
814,27.133,1782384290,T002,25,152.15,594.84,0.92,-0.86,droite,,,1,821,732,0,0.766,matched,1
814,27.133,,T003,28,104.74,516.2,-0.6,-0.57,droite,,,1,821,743,2,0.41,predicted,1
814,27.133,1782384290,T004,42,145.85,81.01,-0.0,0.05,gauche,,,1,821,799,0,0.769,matched,1
814,27.133,1782384290,T005,21,37.23,439.99,-1.56,-0.46,droite,,,1,821,778,0,0.765,matched,1
814,27.133,1782384290,T006,5,56.33,541.26,0.14,-0.03,droite,,,1,819,810,0,0.768,matched,1
814,27.133,1782384290,T007,30,274.32,417.9,0.69,-2.53,droite,,,1,819,755,0,0.755,matched,1
815,27.167,1782384290,T002,25,153.23,593.05,0.97,-0.52,droite,,,1,822,733,0,0.766,matched,1
815,27.167,1782384290,T003,28,104.07,514.21,-0.45,-1.48,droite,,,1,822,744,0,0.757,matched,1
815,27.167,1782384290,T004,42,145.85,81.01,-0.0,0.02,gauche,,,1,822,800,0,0.77,matched,1
815,27.167,1782384290,T005,21,35.36,438.65,-1.17,-0.98,droite,,,1,822,779,0,0.761,matched,1
815,27.167,1782384290,T006,5,56.33,541.26,-0.02,-0.02,droite,,,1,820,811,0,0.768,matched,1
815,27.167,1782384290,T007,30,275.65,414.91,1.07,-2.44,droite,,,1,820,756,0,0.763,matched,1
816,27.200,1782384290,T002,25,154.34,591.59,0.94,-0.45,droite,,,1,823,734,0,0.769,matched,1
816,27.200,1782384290,T003,28,103.52,511.38,-0.32,-2.35,droite,,,1,823,745,0,0.754,matched,1
816,27.200,1782384290,T004,42,145.27,81.5,-0.17,0.0,gauche,,,1,823,801,0,0.768,matched,1
816,27.200,1782384290,T005,23,34.3,435.15,-0.25,-3.68,droite,,,1,823,780,0,0.727,matched,1
816,27.200,1782384290,T006,5,56.33,541.26,-0.08,-0.01,droite,,,1,821,812,0,0.769,matched,1
816,27.200,1782384290,T007,26,278.71,411.77,3.19,-2.53,droite,,,1,821,757,0,0.737,matched,1
817,27.233,1782384290,T002,25,155.3,590.44,0.71,-0.31,droite,,,1,824,735,0,0.768,matched,1
817,27.233,1782384290,T003,28,103.1,508.66,-0.21,-2.13,droite,,,1,824,746,0,0.769,matched,1
817,27.233,1782384290,T004,42,145.27,81.5,-0.2,-0.01,gauche,,,1,824,802,0,0.769,matched,1
817,27.233,1782384290,T005,23,33.75,431.14,0.16,-3.88,droite,,,1,824,781,0,0.76,matched,1
817,27.233,1782384290,T006,5,56.33,541.26,-0.08,-0.01,droite,,,1,822,813,0,0.77,matched,1
817,27.233,1782384290,T007,26,282.13,409.01,3.28,-1.99,droite,,,1,822,758,0,0.763,matched,1
818,27.267,,T002,25,156.2,589.49,0.64,-0.28,droite,,,1,825,735,1,0.49,predicted,1
818,27.267,1782384290,T003,28,102.93,505.68,0.06,-2.41,droite,,,1,825,747,0,0.762,matched,1
818,27.267,1782384290,T004,42,145.27,81.5,-0.16,-0.01,gauche,,,1,825,803,0,0.77,matched,1
818,27.267,1782384290,T005,23,33.22,426.95,-0.05,-3.76,droite,,,1,825,782,0,0.765,matched,1
818,27.267,1782384290,T006,5,56.33,541.26,-0.07,-0.0,droite,,,1,823,814,0,0.77,matched,1
818,27.267,1782384290,T007,34,286.58,406.67,4.27,-1.5,droite,,,1,823,759,0,0.75,matched,1
819,27.300,,T002,25,157.03,588.7,0.57,-0.25,droite,,,1,826,735,2,0.41,predicted,1
819,27.300,1782384290,T003,28,102.89,502.58,0.15,-2.49,droite,,,1,826,748,0,0.765,matched,1
819,27.300,1782384290,T004,42,145.27,81.5,-0.11,-0.01,gauche,,,1,826,804,0,0.77,matched,1
819,27.300,1782384290,T005,23,32.32,423.01,-0.64,-3.2,droite,,,1,826,783,0,0.761,matched,1
819,27.300,1782384290,T006,5,56.33,541.26,-0.04,0.0,droite,,,1,824,815,0,0.77,matched,1
819,27.300,1782384290,T007,34,290.72,404.84,3.51,-0.97,droite,,,1,824,760,0,0.763,matched,1
820,27.333,1782384290,T002,25,157.55,585.86,0.28,-2.27,droite,,,1,827,736,0,0.742,matched,1
820,27.333,1782384290,T003,28,102.91,499.46,0.15,-2.46,droite,,,1,827,749,0,0.767,matched,1
820,27.333,1782384290,T004,42,144.57,81.86,-0.24,-0.0,gauche,,,1,827,805,0,0.768,matched,1
820,27.333,1782384290,T005,23,31.09,419.88,-1.06,-2.09,droite,,,1,827,784,0,0.756,matched,1
820,27.333,1782384290,T006,5,56.33,541.26,-0.03,0.0,droite,,,1,825,816,0,0.77,matched,1
820,27.333,1782384290,T007,34,294.12,403.48,2.42,-0.55,droite,,,1,825,761,0,0.758,matched,1
821,27.367,1782384290,T002,25,158.1,583.21,0.33,-1.98,droite,,,1,828,737,0,0.768,matched,1
821,27.367,1782384290,T003,28,102.8,496.75,-0.06,-1.89,droite,,,1,828,750,0,0.764,matched,1
821,27.367,1782384290,T004,42,143.96,82.27,-0.23,0.17,gauche,,,1,828,806,0,0.767,matched,1
821,27.367,1782384290,T005,21,28.65,417.98,-2.51,-0.67,droite,,,1,828,785,0,0.741,matched,1
821,27.367,1782384290,T006,5,56.33,541.26,-0.01,0.0,droite,,,1,826,817,0,0.77,matched,1
821,27.367,1782384290,T007,34,296.41,402.92,1.11,0.25,droite,,,1,826,762,0,0.751,matched,1
822,27.400,1782384290,T002,25,158.57,580.75,0.28,-1.76,droite,,,1,829,738,0,0.77,matched,1
822,27.400,1782384290,T003,28,102.65,494.61,-0.12,-1.24,droite,,,1,829,751,0,0.763,matched,1
822,27.400,1782384290,T004,42,143.96,82.27,-0.18,0.2,gauche,,,1,829,807,0,0.769,matched,1
822,27.400,1782384290,T005,21,26.28,415.65,-2.16,-1.51,droite,,,1,829,786,0,0.757,matched,1
822,27.400,1782384290,T006,5,56.33,541.26,-0.0,0.0,droite,,,1,827,818,0,0.77,matched,1
822,27.400,1782384290,T007,34,298.18,404.01,0.69,2.03,droite,,,1,827,763,0,0.743,matched,1
823,27.433,1782384290,T002,25,158.95,578.7,0.19,-1.27,droite,,,1,830,739,0,0.765,matched,1
823,27.433,1782384290,T003,28,102.5,493.02,-0.12,-0.71,droite,,,1,830,752,0,0.764,matched,1
823,27.433,1782384290,T004,42,143.96,82.27,-0.12,0.16,gauche,,,1,830,808,0,0.769,matched,1
823,27.433,1782384290,T005,21,24.28,413.69,-1.53,-1.14,droite,,,1,830,787,0,0.763,matched,1
823,27.433,1782384290,T006,5,56.33,541.26,-0.0,0.0,droite,,,1,828,819,0,0.77,matched,1
823,27.433,1782384290,T007,34,299.49,405.67,0.38,2.26,droite,,,1,828,764,0,0.763,matched,1
824,27.467,1782384290,T002,25,159.37,576.58,0.29,-1.48,droite,,,1,831,740,0,0.765,matched,1
824,27.467,1782384290,T003,28,102.51,491.6,0.08,-0.68,droite,,,1,831,753,0,0.767,matched,1
824,27.467,1782384290,T004,42,143.47,82.84,-0.07,0.28,gauche,,,1,831,809,0,0.768,matched,1
824,27.467,1782384290,T005,23,24.81,409.96,1.61,-3.47,droite,,,1,831,788,0,0.713,matched,1
824,27.467,1782384290,T006,5,56.33,541.26,0.0,0.0,droite,,,1,829,820,0,0.77,matched,1
824,27.467,1782384290,T007,34,300.57,408.27,0.34,3.02,droite,,,1,829,765,0,0.755,matched,1
825,27.500,1782384290,T002,32,160.18,574.42,0.77,-1.57,droite,,,1,832,741,0,0.762,matched,1
825,27.500,1782384290,T003,28,102.59,489.75,0.14,-1.37,droite,,,1,832,754,0,0.759,matched,1
825,27.500,1782384290,T004,42,143.1,83.49,-0.03,0.43,gauche,,,1,832,810,0,0.767,matched,1
825,27.500,1782384290,T005,23,24.9,405.78,0.58,-3.74,droite,,,1,832,789,0,0.754,matched,1
825,27.500,1782384290,T006,5,56.33,541.26,0.0,0.0,droite,,,1,830,821,0,0.77,matched,1
825,27.500,1782384290,T007,34,301.43,411.17,0.25,2.97,droite,,,1,830,766,0,0.766,matched,1
826,27.533,1782384290,T002,32,161.18,572.53,0.95,-1.24,droite,,,1,833,742,0,0.766,matched,1
826,27.533,1782384290,T003,28,102.68,486.99,0.13,-2.51,droite,,,1,833,755,0,0.751,matched,1
826,27.533,,T004,42,143.1,83.49,-0.03,0.39,gauche,,,1,833,810,1,0.49,predicted,1
826,27.533,1782384290,T005,21,23.77,403.11,-1.14,-1.64,droite,,,1,833,790,0,0.735,matched,1
826,27.533,1782384290,T006,5,56.33,541.26,0.0,0.0,droite,,,1,831,822,0,0.77,matched,1
826,27.533,1782384290,T007,34,302.09,413.91,0.15,2.44,droite,,,1,831,767,0,0.767,matched,1
827,27.567,1782384290,T002,32,162.27,571.04,0.98,-0.83,droite,,,1,834,743,0,0.766,matched,1
827,27.567,1782384290,T003,28,102.91,483.63,0.27,-3.06,droite,,,1,834,756,0,0.758,matched,1
827,27.567,1782384290,T004,42,142.65,84.47,-0.19,0.66,gauche,,,1,834,811,0,0.765,matched,1
827,27.567,1782384290,T005,23,23.18,399.45,-0.35,-3.01,droite,,,1,834,791,0,0.745,matched,1
827,27.567,1782384290,T006,5,56.33,541.26,0.0,0.0,droite,,,1,832,823,0,0.77,matched,1
827,27.567,1782384290,T007,34,302.72,416.71,0.25,2.37,droite,,,1,832,768,0,0.767,matched,1
828,27.600,1782384290,T002,32,163.37,569.91,0.93,-0.49,droite,,,1,835,744,0,0.766,matched,1
828,27.600,1782384290,T003,28,103.16,479.95,0.26,-3.26,droite,,,1,835,757,0,0.763,matched,1
828,27.600,1782384290,T004,42,142.26,85.48,-0.18,0.72,gauche,,,1,835,812,0,0.768,matched,1
828,27.600,1782384290,T005,23,22.65,396.1,-0.31,-2.51,droite,,,1,835,792,0,0.767,matched,1
828,27.600,1782384290,T006,5,56.33,541.26,0.0,-0.0,droite,,,1,833,824,0,0.77,matched,1
828,27.600,1782384290,T007,34,303.26,419.69,0.24,2.48,droite,,,1,833,769,0,0.765,matched,1
829,27.633,1782384290,T002,32,164.32,569.09,0.7,-0.24,droite,,,1,836,745,0,0.767,matched,1
829,27.633,1782384290,T003,28,103.38,476.63,0.2,-2.59,droite,,,1,836,758,0,0.765,matched,1
829,27.633,1782384290,T004,42,141.94,86.37,-0.13,0.58,gauche,,,1,836,813,0,0.769,matched,1
829,27.633,1782384290,T005,23,22.36,392.82,-0.05,-2.43,droite,,,1,836,793,0,0.766,matched,1
829,27.633,1782384290,T006,5,56.33,541.26,0.0,-0.0,droite,,,1,834,825,0,0.77,matched,1
829,27.633,1782384290,T007,34,303.7,422.33,0.17,1.96,droite,,,1,834,770,0,0.766,matched,1
830,27.667,1782384290,T002,32,165.35,567.83,0.8,-0.94,droite,,,1,837,746,0,0.759,matched,1
830,27.667,1782384290,T003,28,103.56,473.56,0.13,-2.26,droite,,,1,837,759,0,0.769,matched,1
830,27.667,1782384290,T004,42,141.69,87.08,-0.09,0.4,gauche,,,1,837,814,0,0.768,matched,1
830,27.667,1782384290,T005,23,22.34,390.02,0.23,-1.85,droite,,,1,837,794,0,0.764,matched,1
830,27.667,1782384290,T006,5,56.33,541.26,0.0,-0.0,droite,,,1,835,826,0,0.77,matched,1
830,27.667,1782384290,T007,34,303.9,425.26,-0.06,2.33,droite,,,1,835,771,0,0.761,matched,1
831,27.700,1782384290,T002,32,166.54,565.7,0.99,-2.02,droite,,,1,838,747,0,0.752,matched,1
831,27.700,1782384290,T003,28,103.69,470.6,0.07,-2.13,droite,,,1,838,760,0,0.768,matched,1
831,27.700,1782384290,T004,42,141.69,87.08,-0.05,0.4,gauche,,,1,838,815,0,0.769,matched,1
831,27.700,1782384290,T005,23,22.32,387.68,0.12,-1.37,droite,,,1,838,795,0,0.766,matched,1
831,27.700,1782384290,T006,5,56.33,541.26,0.0,-0.0,droite,,,1,836,827,0,0.77,matched,1
831,27.700,1782384290,T007,34,304.11,428.76,0.03,2.97,droite,,,1,836,772,0,0.757,matched,1
832,27.733,1782384290,T002,32,167.78,562.92,1.01,-2.66,droite,,,1,839,748,0,0.758,matched,1
832,27.733,1782384290,T003,28,103.78,468.1,0.03,-1.59,droite,,,1,839,761,0,0.765,matched,1
832,27.733,1782384290,T004,42,141.52,87.81,-0.02,0.31,gauche,,,1,839,816,0,0.769,matched,1
832,27.733,1782384290,T005,21,25.43,392.03,3.96,6.77,droite,,,1,839,796,0,0.639,matched,1
832,27.733,1782384290,T006,5,56.33,541.26,-0.0,-0.0,droite,,,1,837,828,0,0.77,matched,1
832,27.733,1782384290,T007,34,304.31,433.11,0.06,3.9,droite,,,1,837,773,0,0.752,matched,1
833,27.767,1782384290,T002,32,169.0,559.97,0.96,-2.64,droite,,,1,840,749,0,0.766,matched,1
833,27.767,1782384290,T003,28,103.85,466.15,0.01,-1.02,droite,,,1,840,762,0,0.764,matched,1
833,27.767,1782384290,T004,42,141.25,88.52,-0.18,0.38,gauche,,,1,840,817,0,0.767,matched,1
833,27.767,1782384290,T005,21,29.95,398.95,5.05,8.54,droite,,,1,840,797,0,0.728,matched,1
833,27.767,1782384290,T006,5,56.33,541.26,-0.0,-0.0,droite,,,1,838,829,0,0.77,matched,1
833,27.767,1782384290,T007,34,304.47,437.8,0.06,4.05,droite,,,1,838,774,0,0.762,matched,1
834,27.800,1782384290,T002,32,170.18,556.96,0.89,-2.54,droite,,,1,841,750,0,0.768,matched,1
834,27.800,1782384290,T003,28,103.89,464.7,0.0,-0.57,droite,,,1,841,763,0,0.765,matched,1
834,27.800,1782384290,T004,42,141.25,88.52,-0.2,0.32,gauche,,,1,841,818,0,0.769,matched,1
834,27.800,1782384290,T005,21,34.69,406.34,4.66,7.8,droite,,,1,841,798,0,0.768,matched,1
834,27.800,1782384290,T006,5,56.33,541.26,-0.0,-0.0,droite,,,1,839,830,0,0.77,matched,1
834,27.800,1782384290,T007,34,304.6,442.1,0.04,3.36,droite,,,1,839,775,0,0.766,matched,1
835,27.833,1782384290,T002,32,171.18,554.35,0.66,-1.93,droite,,,1,842,751,0,0.764,matched,1
835,27.833,1782384290,T003,28,103.92,463.67,-0.0,-0.27,droite,,,1,842,764,0,0.766,matched,1
835,27.833,1782384290,T004,42,141.25,88.52,-0.16,0.22,gauche,,,1,842,819,0,0.769,matched,1
835,27.833,1782384290,T005,21,38.81,412.79,3.45,5.74,droite,,,1,842,799,0,0.748,matched,1
835,27.833,1782384290,T006,5,56.33,541.26,-0.0,-0.0,droite,,,1,840,831,0,0.77,matched,1
835,27.833,1782384290,T007,34,304.71,445.61,0.03,2.33,droite,,,1,840,776,0,0.76,matched,1
836,27.867,1782384290,T002,32,172.1,552.02,0.59,-1.59,droite,,,1,843,752,0,0.768,matched,1
836,27.867,1782384290,T003,28,103.8,462.8,-0.17,-0.26,droite,,,1,843,765,0,0.767,matched,1
836,27.867,1782384290,T004,42,141.25,88.52,-0.11,0.13,gauche,,,1,843,820,0,0.769,matched,1
836,27.867,1782384290,T005,21,42.32,418.25,2.54,4.15,droite,,,1,843,800,0,0.753,matched,1
836,27.867,1782384290,T006,5,56.33,541.26,-0.0,0.0,droite,,,1,841,832,0,0.77,matched,1
836,27.867,1782384290,T007,34,304.64,448.56,-0.15,1.74,droite,,,1,841,777,0,0.764,matched,1
837,27.900,1782384290,T002,32,173.13,550.13,0.77,-1.1,droite,,,1,844,753,0,0.764,matched,1
837,27.900,1782384290,T003,28,103.64,461.42,-0.2,-1.05,droite,,,1,844,766,0,0.758,matched,1
837,27.900,1782384290,T004,42,141.25,88.52,-0.06,0.07,gauche,,,1,844,821,0,0.769,matched,1
837,27.900,1782384290,T005,21,45.19,422.89,1.78,3.1,droite,,,1,844,801,0,0.758,matched,1
837,27.900,1782384290,T006,5,56.33,541.26,-0.17,0.0,droite,,,1,842,833,0,0.768,matched,1
837,27.900,1782384290,T007,34,304.52,451.27,-0.19,1.63,droite,,,1,842,778,0,0.769,matched,1
838,27.933,1782384290,T002,32,174.22,548.7,0.84,-0.66,droite,,,1,845,754,0,0.765,matched,1
838,27.933,1782384290,T003,28,103.61,458.88,0.0,-2.47,droite,,,1,845,767,0,0.747,matched,1
838,27.933,1782384290,T004,42,141.25,88.52,-0.03,0.03,gauche,,,1,845,822,0,0.769,matched,1
838,27.933,1782384290,T005,21,47.51,427.07,1.26,2.68,droite,,,1,845,802,0,0.765,matched,1
838,27.933,1782384290,T006,5,56.33,541.26,-0.2,0.0,droite,,,1,843,834,0,0.769,matched,1
838,27.933,1782384290,T007,34,304.39,454.06,-0.16,1.9,droite,,,1,843,779,0,0.764,matched,1
839,27.967,1782384290,T002,32,175.31,547.66,0.84,-0.34,droite,,,1,846,755,0,0.766,matched,1
839,27.967,1782384290,T003,28,103.66,455.35,0.08,-3.48,droite,,,1,846,768,0,0.752,matched,1
839,27.967,1782384290,T004,42,140.8,89.12,-0.18,0.01,gauche,,,1,846,823,0,0.768,matched,1
839,27.967,1782384290,T005,21,49.43,431.16,0.94,2.75,droite,,,1,846,803,0,0.764,matched,1
839,27.967,1782384290,T006,5,56.33,541.26,-0.16,0.0,droite,,,1,844,835,0,0.77,matched,1
839,27.967,1782384290,T007,34,304.41,456.94,0.06,2.08,droite,,,1,844,780,0,0.764,matched,1
840,28.000,1782384291,T002,32,176.4,546.51,0.82,-0.65,droite,,,1,847,756,0,0.765,matched,1
840,28.000,1782384291,T003,28,103.86,451.19,0.26,-3.93,droite,,,1,847,769,0,0.758,matched,1
840,28.000,1782384291,T004,42,140.8,89.12,-0.2,-0.0,gauche,,,1,847,824,0,0.769,matched,1
840,28.000,1782384291,T005,21,50.91,435.5,0.6,3.18,droite,,,1,847,804,0,0.759,matched,1
840,28.000,1782384291,T006,5,56.33,541.26,-0.11,0.0,droite,,,1,845,836,0,0.77,matched,1
840,28.000,1782384291,T007,34,304.51,460.16,0.13,2.53,droite,,,1,845,781,0,0.76,matched,1
841,28.033,1782384291,T002,32,177.33,545.45,0.63,-0.62,droite,,,1,848,757,0,0.768,matched,1
841,28.033,1782384291,T003,28,104.12,447.34,0.27,-3.21,droite,,,1,848,770,0,0.765,matched,1
841,28.033,1782384291,T004,42,140.8,89.12,-0.16,-0.01,gauche,,,1,848,825,0,0.77,matched,1
841,28.033,1782384291,T005,21,52.02,439.37,0.34,2.62,droite,,,1,848,805,0,0.765,matched,1
841,28.033,1782384291,T006,5,56.33,541.26,-0.07,0.0,droite,,,1,846,837,0,0.77,matched,1
841,28.033,1782384291,T007,34,304.62,463.23,0.13,2.3,droite,,,1,846,782,0,0.77,matched,1
842,28.067,1782384291,T002,32,178.34,543.61,0.75,-1.66,droite,,,1,849,758,0,0.754,matched,1
842,28.067,1782384291,T003,28,104.21,443.8,0.05,-2.71,droite,,,1,849,771,0,0.766,matched,1
842,28.067,1782384291,T004,42,140.35,89.85,-0.11,0.33,gauche,,,1,849,826,0,0.765,matched,1
842,28.067,1782384291,T005,21,52.68,443.18,-0.01,2.66,droite,,,1,849,806,0,0.764,matched,1
842,28.067,1782384291,T006,5,56.33,541.26,-0.03,0.0,droite,,,1,847,838,0,0.77,matched,1
842,28.067,1782384291,T007,34,304.86,466.49,0.27,2.53,droite,,,1,847,783,0,0.763,matched,1
843,28.100,1782384291,T002,32,179.38,540.83,0.8,-2.7,droite,,,1,850,759,0,0.752,matched,1
843,28.100,1782384291,T003,28,104.08,440.88,-0.22,-1.9,droite,,,1,850,772,0,0.761,matched,1
843,28.100,1782384291,T004,42,140.0,90.55,-0.06,0.39,gauche,,,1,850,827,0,0.769,matched,1
843,28.100,1782384291,T005,21,53.08,446.86,-0.14,2.58,droite,,,1,850,807,0,0.767,matched,1
843,28.100,1782384291,T006,5,56.33,541.26,-0.01,0.0,droite,,,1,848,839,0,0.77,matched,1
843,28.100,1782384291,T007,34,305.26,470.22,0.43,3.07,droite,,,1,848,784,0,0.758,matched,1
844,28.133,1782384291,T002,32,180.44,537.62,0.8,-3.0,droite,,,1,851,760,0,0.762,matched,1
844,28.133,1782384291,T003,28,103.45,438.65,-0.79,-1.16,droite,,,1,851,773,0,0.758,matched,1
844,28.133,1782384291,T004,42,139.75,91.29,-0.03,0.49,gauche,,,1,851,828,0,0.768,matched,1
844,28.133,1782384291,T005,21,53.32,449.99,-0.16,1.96,droite,,,1,851,808,0,0.765,matched,1
844,28.133,1782384291,T006,5,56.33,541.26,-0.0,0.0,droite,,,1,849,840,0,0.77,matched,1
844,28.133,1782384291,T007,34,305.81,474.32,0.57,3.43,droite,,,1,849,785,0,0.76,matched,1
845,28.167,1782384291,T002,32,181.49,534.39,0.79,-2.77,droite,,,1,852,761,0,0.769,matched,1
845,28.167,1782384291,T003,28,102.56,437.03,-0.99,-0.61,droite,,,1,852,774,0,0.762,matched,1
845,28.167,1782384291,T004,42,139.56,92.09,-0.01,0.59,gauche,,,1,852,829,0,0.768,matched,1
845,28.167,1782384291,T005,21,53.75,452.72,0.21,1.62,droite,,,1,852,809,0,0.764,matched,1
845,28.167,1782384291,T006,5,56.33,541.26,0.0,-0.0,droite,,,1,850,841,0,0.77,matched,1
845,28.167,1782384291,T007,34,306.21,478.16,0.32,2.96,droite,,,1,850,786,0,0.767,matched,1
846,28.200,1782384291,T002,32,182.53,531.22,0.78,-2.57,droite,,,1,853,762,0,0.769,matched,1
846,28.200,1782384291,T003,28,101.81,435.34,-0.68,-0.94,droite,,,1,853,775,0,0.763,matched,1
846,28.200,1782384291,T004,42,139.28,92.95,-0.17,0.66,gauche,,,1,853,830,0,0.767,matched,1
846,28.200,1782384291,T005,21,54.36,455.33,0.47,1.63,droite,,,1,853,810,0,0.765,matched,1
846,28.200,1782384291,T006,5,56.33,541.26,0.0,-0.0,droite,,,1,851,842,0,0.77,matched,1
846,28.200,1782384291,T007,34,306.48,481.61,0.15,2.45,droite,,,1,851,787,0,0.766,matched,1
847,28.233,1782384291,T002,32,183.43,528.52,0.6,-1.9,droite,,,1,854,763,0,0.764,matched,1
847,28.233,1782384291,T003,28,101.25,433.82,-0.4,-0.85,droite,,,1,854,776,0,0.767,matched,1
847,28.233,1782384291,T004,42,139.13,93.72,-0.02,0.54,gauche,,,1,854,831,0,0.768,matched,1
847,28.233,1782384291,T005,21,54.97,457.53,0.47,1.26,droite,,,1,854,811,0,0.767,matched,1
847,28.233,1782384291,T006,5,56.33,541.26,0.0,-0.0,droite,,,1,852,843,0,0.77,matched,1
847,28.233,1782384291,T007,34,306.66,484.41,0.05,1.69,droite,,,1,852,788,0,0.762,matched,1
848,28.267,1782384291,T002,32,184.27,526.28,0.56,-1.39,droite,,,1,855,764,0,0.765,matched,1
848,28.267,1782384291,T003,28,100.58,432.03,-0.55,-1.31,droite,,,1,855,777,0,0.762,matched,1
848,28.267,1782384291,T004,42,138.93,94.61,-0.13,0.71,gauche,,,1,855,832,0,0.766,matched,1
848,28.267,1782384291,T005,21,55.63,459.68,0.53,1.34,droite,,,1,855,812,0,0.767,matched,1
848,28.267,1782384291,T006,5,56.33,541.26,0.0,-0.0,droite,,,1,853,844,0,0.77,matched,1
848,28.267,1782384291,T007,34,306.9,486.95,0.17,1.53,droite,,,1,853,789,0,0.768,matched,1
849,28.300,1782384291,T002,32,185.12,524.54,0.59,-0.87,droite,,,1,856,765,0,0.764,matched,1
849,28.300,1782384291,T003,28,99.82,428.7,-0.65,-3.22,droite,,,1,856,778,0,0.74,matched,1
849,28.300,1782384291,T004,42,138.72,95.44,-0.14,0.62,gauche,,,1,856,833,0,0.769,matched,1
849,28.300,1782384291,T005,21,56.36,462.07,0.6,1.75,droite,,,1,856,813,0,0.762,matched,1
849,28.300,1782384291,T006,5,56.33,541.26,0.0,-0.0,droite,,,1,854,845,0,0.77,matched,1
849,28.300,1782384291,T007,34,307.15,489.45,0.18,1.63,droite,,,1,854,790,0,0.766,matched,1
850,28.333,1782384291,T002,32,186.12,523.27,0.81,-0.47,droite,,,1,857,766,0,0.764,matched,1
850,28.333,1782384291,T003,23,99.39,425.96,-0.2,-2.21,droite,,,1,857,779,0,0.758,matched,1
850,28.333,1782384291,T004,42,138.4,96.12,-0.29,0.44,gauche,,,1,857,834,0,0.767,matched,1
850,28.333,1782384291,T005,21,57.02,464.94,0.49,2.36,droite,,,1,857,814,0,0.758,matched,1
850,28.333,1782384291,T006,5,56.33,541.26,0.0,-0.0,droite,,,1,855,846,0,0.77,matched,1
850,28.333,1782384291,T007,34,307.23,492.15,-0.03,1.98,droite,,,1,855,791,0,0.762,matched,1
851,28.367,1782384291,T002,32,187.34,521.94,1.05,-0.72,droite,,,1,858,767,0,0.764,matched,1
851,28.367,1782384291,T003,28,99.45,421.96,0.36,-3.7,droite,,,1,858,780,0,0.744,matched,1
851,28.367,1782384291,T004,42,138.4,96.12,-0.28,0.27,gauche,,,1,858,835,0,0.768,matched,1
851,28.367,1782384291,T005,21,57.42,468.18,0.17,2.74,droite,,,1,858,815,0,0.76,matched,1
851,28.367,1782384291,T006,5,56.33,541.26,0.0,-0.0,droite,,,1,856,847,0,0.77,matched,1
851,28.367,1782384291,T007,34,307.08,495.14,-0.27,2.34,droite,,,1,856,792,0,0.761,matched,1
852,28.400,1782384291,T002,32,188.62,519.94,1.07,-1.68,droite,,,1,859,768,0,0.755,matched,1
852,28.400,1782384291,T003,28,99.58,418.09,0.32,-3.26,droite,,,1,859,781,0,0.769,matched,1
852,28.400,1782384291,T004,42,138.4,96.12,-0.21,0.14,gauche,,,1,859,836,0,0.768,matched,1
852,28.400,1782384291,T005,21,57.65,471.83,0.01,3.11,droite,,,1,859,816,0,0.76,matched,1
852,28.400,1782384291,T006,5,56.33,541.26,0.0,-0.0,droite,,,1,857,848,0,0.77,matched,1
852,28.400,1782384291,T007,34,307.0,498.52,-0.13,2.8,droite,,,1,857,793,0,0.76,matched,1
853,28.433,1782384291,T002,32,189.75,517.88,0.84,-1.66,droite,,,1,860,769,0,0.767,matched,1
853,28.433,1782384291,T003,28,99.72,414.83,0.24,-2.35,droite,,,1,860,782,0,0.761,matched,1
853,28.433,1782384291,T004,42,138.4,96.12,-0.14,0.06,gauche,,,1,860,837,0,0.769,matched,1
853,28.433,1782384291,T005,21,57.77,475.14,-0.06,2.55,droite,,,1,860,817,0,0.766,matched,1
853,28.433,1782384291,T006,5,56.33,541.26,0.0,0.0,droite,,,1,858,849,0,0.77,matched,1
853,28.433,1782384291,T007,34,306.96,501.63,-0.05,2.34,droite,,,1,858,794,0,0.767,matched,1
854,28.467,1782384291,T002,32,190.92,515.28,0.9,-2.3,droite,,,1,861,770,0,0.758,matched,1
854,28.467,1782384291,T003,28,99.69,412.18,-0.02,-1.64,droite,,,1,861,783,0,0.762,matched,1
854,28.467,1782384291,T004,42,138.4,96.12,-0.08,0.02,gauche,,,1,861,838,0,0.769,matched,1
854,28.467,1782384291,T005,21,58.25,477.83,0.44,1.75,droite,,,1,861,818,0,0.759,matched,1
854,28.467,1782384291,T006,5,56.33,541.26,-0.0,0.0,droite,,,1,859,850,0,0.77,matched,1
854,28.467,1782384291,T007,34,306.94,504.85,-0.01,2.48,droite,,,1,859,795,0,0.764,matched,1
855,28.500,1782384291,T002,32,192.09,512.1,0.89,-2.87,droite,,,1,862,771,0,0.758,matched,1
855,28.500,1782384291,T003,23,98.76,409.34,-1.14,-2.01,droite,,,1,862,784,0,0.752,matched,1
855,28.500,1782384291,T004,42,138.4,96.12,-0.04,-0.0,gauche,,,1,862,839,0,0.769,matched,1
855,28.500,1782384291,T005,21,58.96,480.29,0.7,1.56,droite,,,1,862,819,0,0.765,matched,1
855,28.500,1782384291,T006,5,56.33,541.26,-0.0,0.0,droite,,,1,860,851,0,0.77,matched,1
855,28.500,1782384291,T007,34,306.81,507.82,-0.16,2.14,droite,,,1,860,796,0,0.767,matched,1
856,28.533,1782384291,T002,32,193.1,508.69,0.68,-2.95,droite,,,1,863,772,0,0.764,matched,1
856,28.533,1782384291,T003,33,96.59,412.56,-2.5,5.44,droite,,,1,863,785,0,0.661,matched,1
856,28.533,1782384291,T004,42,138.4,96.12,-0.01,-0.01,gauche,,,1,863,840,0,0.77,matched,1
856,28.533,1782384291,T005,21,59.96,482.58,0.98,1.47,droite,,,1,863,820,0,0.765,matched,1
856,28.533,1782384291,T006,5,56.33,541.26,-0.0,0.0,droite,,,1,861,852,0,0.77,matched,1
856,28.533,1782384291,T007,34,306.5,510.54,-0.35,1.87,droite,,,1,861,797,0,0.767,matched,1
857,28.567,1782384291,T002,32,194.17,505.27,0.79,-2.82,droite,,,1,864,773,0,0.766,matched,1
857,28.567,1782384291,T003,33,94.31,418.48,-2.28,7.59,droite,,,1,864,786,0,0.73,matched,1
857,28.567,1782384291,T004,42,137.92,96.71,-0.17,0.16,gauche,,,1,864,841,0,0.767,matched,1
857,28.567,1782384291,T005,21,61.08,484.77,1.04,1.44,droite,,,1,864,821,0,0.767,matched,1
857,28.567,1782384291,T006,5,56.33,541.26,-0.0,0.0,droite,,,1,862,853,0,0.77,matched,1
857,28.567,1782384291,T007,34,306.02,513.19,-0.52,1.84,droite,,,1,862,798,0,0.766,matched,1
858,28.600,1782384291,T002,32,195.13,502.18,0.65,-2.3,droite,,,1,865,774,0,0.766,matched,1
858,28.600,1782384291,T003,33,92.74,425.24,-1.17,7.37,droite,,,1,865,787,0,0.755,matched,1
858,28.600,1782384291,T004,42,137.48,97.51,-0.19,0.53,gauche,,,1,865,842,0,0.764,matched,1
858,28.600,1782384291,T005,21,62.22,486.89,0.99,1.44,droite,,,1,865,822,0,0.768,matched,1
858,28.600,1782384291,T006,5,56.33,541.26,-0.0,0.0,droite,,,1,863,854,0,0.77,matched,1
858,28.600,1782384291,T007,34,305.53,515.59,-0.46,1.59,droite,,,1,863,799,0,0.769,matched,1
859,28.633,1782384291,T002,32,195.9,499.68,0.45,-1.58,droite,,,1,866,775,0,0.762,matched,1
859,28.633,1782384291,T003,33,91.6,431.32,-0.65,5.61,droite,,,1,866,788,0,0.754,matched,1
859,28.633,1782384291,T004,42,137.12,98.3,-0.16,0.55,gauche,,,1,866,843,0,0.769,matched,1
859,28.633,1782384291,T005,21,63.22,488.71,0.75,1.12,droite,,,1,866,823,0,0.767,matched,1
859,28.633,1782384291,T006,5,56.33,541.26,-0.0,0.0,droite,,,1,864,855,0,0.77,matched,1
859,28.633,1782384291,T007,34,304.98,517.55,-0.51,1.13,droite,,,1,864,800,0,0.765,matched,1
860,28.667,1782384291,T002,32,196.9,497.79,0.78,-0.94,droite,,,1,867,776,0,0.761,matched,1
860,28.667,1782384291,T003,33,90.66,436.71,-0.47,4.34,droite,,,1,867,789,0,0.759,matched,1
860,28.667,1782384291,T004,42,136.83,99.12,-0.11,0.6,gauche,,,1,867,844,0,0.768,matched,1
860,28.667,1782384291,T005,21,64.0,490.83,0.49,1.59,droite,,,1,867,824,0,0.761,matched,1
860,28.667,1782384291,T006,5,56.33,541.26,-0.0,0.0,droite,,,1,865,856,0,0.77,matched,1
860,28.667,1782384291,T007,34,304.61,519.46,-0.24,1.2,droite,,,1,865,801,0,0.766,matched,1
861,28.700,1782384291,T002,32,198.0,496.42,0.9,-0.48,droite,,,1,868,777,0,0.764,matched,1
861,28.700,1782384291,T003,33,90.08,441.7,-0.12,3.71,droite,,,1,868,790,0,0.765,matched,1
861,28.700,1782384291,T004,42,136.47,99.98,-0.23,0.66,gauche,,,1,868,845,0,0.767,matched,1
861,28.700,1782384291,T005,21,64.58,493.35,0.27,2.09,droite,,,1,868,825,0,0.76,matched,1
861,28.700,1782384291,T006,5,56.33,541.26,-0.0,0.0,droite,,,1,866,857,0,0.77,matched,1
861,28.700,1782384291,T007,34,304.39,521.66,-0.08,1.64,droite,,,1,866,802,0,0.762,matched,1
862,28.733,1782384291,T002,32,199.14,495.32,0.91,-0.36,droite,,,1,869,778,0,0.768,matched,1
862,28.733,1782384291,T003,33,90.01,445.94,0.38,2.8,droite,,,1,869,791,0,0.759,matched,1
862,28.733,1782384291,T004,42,136.13,100.88,-0.23,0.7,gauche,,,1,869,846,0,0.768,matched,1
862,28.733,1782384291,T005,21,64.85,496.4,-0.04,2.66,droite,,,1,869,826,0,0.758,matched,1
862,28.733,1782384291,T006,5,56.33,541.26,0.0,-0.0,droite,,,1,867,858,0,0.77,matched,1
862,28.733,1782384291,T007,34,304.25,524.23,-0.0,2.12,droite,,,1,867,803,0,0.761,matched,1
863,28.767,1782384291,T002,32,200.27,493.37,0.88,-1.6,droite,,,1,870,779,0,0.751,matched,1
863,28.767,1782384291,T003,33,90.43,449.26,0.83,1.81,droite,,,1,870,792,0,0.757,matched,1
863,28.767,1782384291,T004,42,135.84,101.68,-0.18,0.56,gauche,,,1,870,847,0,0.769,matched,1
863,28.767,1782384291,T005,21,65.1,499.39,0.02,2.44,droite,,,1,870,827,0,0.769,matched,1
863,28.767,1782384291,T006,5,56.33,541.26,0.0,-0.0,droite,,,1,868,859,0,0.77,matched,1
863,28.767,1782384291,T007,34,304.31,527.18,0.2,2.5,droite,,,1,868,804,0,0.761,matched,1
864,28.800,1782384291,T002,32,201.38,490.46,0.84,-2.73,droite,,,1,871,780,0,0.751,matched,1
864,28.800,1782384291,T003,33,91.42,451.87,1.32,1.19,droite,,,1,871,793,0,0.759,matched,1
864,28.800,1782384291,T004,42,135.61,102.45,-0.12,0.54,gauche,,,1,871,848,0,0.769,matched,1
864,28.800,1782384291,T005,21,65.3,502.07,0.04,1.97,droite,,,1,871,828,0,0.767,matched,1
864,28.800,1782384291,T006,5,56.33,541.26,-0.17,0.51,droite,,,1,869,860,0,0.762,matched,1
864,28.800,1782384291,T007,34,304.44,530.43,0.23,2.76,droite,,,1,869,805,0,0.762,matched,1
865,28.833,1782384291,T002,32,202.32,487.52,0.63,-2.55,droite,,,1,872,781,0,0.768,matched,1
865,28.833,1782384291,T003,33,92.51,453.81,1.21,0.68,droite,,,1,872,794,0,0.764,matched,1
865,28.833,1782384291,T004,42,135.61,102.45,-0.07,0.42,gauche,,,1,872,849,0,0.769,matched,1
865,28.833,1782384291,T005,21,65.47,504.23,0.04,1.35,droite,,,1,872,829,0,0.764,matched,1
865,28.833,1782384291,T006,5,56.27,542.08,-0.2,0.59,droite,,,1,870,861,0,0.768,matched,1
865,28.833,1782384291,T007,34,304.59,533.36,0.19,2.23,droite,,,1,870,806,0,0.766,matched,1
866,28.867,1782384291,T002,32,203.2,484.18,0.58,-2.92,droite,,,1,873,782,0,0.761,matched,1
866,28.867,1782384291,T003,33,93.6,455.5,1.06,0.67,droite,,,1,873,795,0,0.769,matched,1
866,28.867,1782384291,T004,42,135.61,102.45,-0.03,0.27,gauche,,,1,873,850,0,0.768,matched,1
866,28.867,1782384291,T005,21,65.73,506.14,0.2,1.14,droite,,,1,873,830,0,0.767,matched,1
866,28.867,1782384291,T006,5,56.2,543.22,-0.16,1.0,droite,,,1,871,862,0,0.763,matched,1
866,28.867,1782384291,T007,34,304.85,535.86,0.3,1.69,droite,,,1,871,807,0,0.765,matched,1
867,28.900,1782384291,T002,32,204.06,480.7,0.6,-2.91,droite,,,1,874,783,0,0.766,matched,1
867,28.900,1782384291,T003,33,94.81,457.01,1.11,0.68,droite,,,1,874,796,0,0.768,matched,1
867,28.900,1782384291,T004,42,135.61,102.45,0.16,0.16,gauche,,,1,874,851,0,0.767,matched,1
867,28.900,1782384291,T005,21,66.29,507.82,0.55,0.97,droite,,,1,874,831,0,0.764,matched,1
867,28.900,1782384291,T006,5,56.13,544.35,-0.11,0.93,droite,,,1,872,863,0,0.769,matched,1
867,28.900,1782384291,T007,34,305.12,537.97,0.28,1.27,droite,,,1,872,808,0,0.766,matched,1
868,28.933,1782384291,T002,32,205.08,477.26,0.81,-2.75,droite,,,1,875,784,0,0.766,matched,1
868,28.933,1782384291,T003,33,96.16,458.4,1.21,0.7,droite,,,1,875,797,0,0.767,matched,1
868,28.933,1782384291,T004,42,135.61,102.45,0.2,0.07,gauche,,,1,875,852,0,0.769,matched,1
868,28.933,1782384291,T005,21,67.04,509.45,0.74,1.02,droite,,,1,875,832,0,0.766,matched,1
868,28.933,1782384291,T006,5,55.94,545.31,-0.24,0.69,droite,,,1,873,864,0,0.767,matched,1
868,28.933,1782384291,T007,34,305.36,539.89,0.2,1.16,droite,,,1,873,809,0,0.769,matched,1
869,28.967,1782384291,T002,32,206.31,474.17,1.05,-2.24,droite,,,1,876,785,0,0.764,matched,1
869,28.967,1782384291,T003,33,97.53,459.83,1.15,0.89,droite,,,1,876,798,0,0.766,matched,1
869,28.967,1782384291,T004,42,135.61,102.45,0.17,0.03,gauche,,,1,876,853,0,0.769,matched,1
869,28.967,1782384291,T005,21,67.9,511.26,0.81,1.32,droite,,,1,876,833,0,0.764,matched,1
869,28.967,1782384291,T006,5,55.94,545.31,-0.4,0.27,droite,,,1,874,865,0,0.764,matched,1
869,28.967,1782384291,T007,34,305.55,541.88,0.13,1.36,droite,,,1,874,810,0,0.765,matched,1
870,29.000,1782384292,T002,32,207.6,471.68,1.07,-1.53,droite,,,1,877,786,0,0.763,matched,1
870,29.000,1782384292,T003,33,98.71,461.37,0.86,1.1,droite,,,1,877,799,0,0.765,matched,1
870,29.000,1782384292,T004,42,135.61,102.45,0.12,0.0,gauche,,,1,877,854,0,0.769,matched,1
870,29.000,1782384292,T005,21,68.69,513.32,0.65,1.65,droite,,,1,877,834,0,0.763,matched,1
870,29.000,1782384292,T006,5,55.35,545.97,-0.54,0.22,droite,,,1,875,866,0,0.767,matched,1
870,29.000,1782384292,T007,34,305.68,543.92,0.07,1.47,droite,,,1,875,811,0,0.766,matched,1
871,29.033,1782384292,T002,32,208.73,469.79,0.84,-0.91,droite,,,1,878,787,0,0.763,matched,1
871,29.033,1782384292,T003,33,99.63,462.75,0.56,0.93,droite,,,1,878,800,0,0.767,matched,1
871,29.033,1782384292,T004,42,135.61,102.45,0.07,-0.01,gauche,,,1,878,855,0,0.769,matched,1
871,29.033,1782384292,T005,21,69.33,515.22,0.44,1.4,droite,,,1,878,835,0,0.768,matched,1
871,29.033,1782384292,T006,5,55.35,545.97,-0.31,-0.02,droite,,,1,876,867,0,0.766,matched,1
871,29.033,1782384292,T007,34,305.78,545.71,0.03,1.18,droite,,,1,876,812,0,0.768,matched,1
872,29.067,1782384292,T002,32,209.91,468.02,0.9,-0.97,droite,,,1,879,788,0,0.767,matched,1
872,29.067,1782384292,T003,33,100.45,464.43,0.48,1.34,droite,,,1,879,801,0,0.763,matched,1
872,29.067,1782384292,T004,42,135.61,102.45,0.04,-0.01,gauche,,,1,879,856,0,0.77,matched,1
872,29.067,1782384292,T005,21,69.81,517.32,0.26,1.66,droite,,,1,879,836,0,0.764,matched,1
872,29.067,1782384292,T006,5,55.35,545.97,0.03,-1.13,droite,,,1,877,868,0,0.753,matched,1
872,29.067,1782384292,T007,34,305.84,547.69,0.01,1.48,droite,,,1,877,813,0,0.764,matched,1
873,29.100,1782384292,T002,32,211.08,465.83,0.89,-1.63,droite,,,1,880,789,0,0.759,matched,1
873,29.100,1782384292,T003,33,101.12,466.57,0.34,1.87,droite,,,1,880,802,0,0.76,matched,1
873,29.100,1782384292,T004,42,135.61,102.45,0.02,-0.01,gauche,,,1,880,857,0,0.77,matched,1
873,29.100,1782384292,T005,21,70.16,519.64,0.13,1.9,droite,,,1,880,837,0,0.764,matched,1
873,29.100,1782384292,T006,5,55.19,544.95,0.15,-1.3,droite,,,1,878,869,0,0.765,matched,1
873,29.100,1782384292,T007,34,306.02,549.9,0.17,1.77,droite,,,1,878,814,0,0.763,matched,1
874,29.133,1782384292,T002,32,212.37,463.32,1.02,-2.02,droite,,,1,881,790,0,0.761,matched,1
874,29.133,1782384292,T003,33,101.63,469.16,0.21,2.33,droite,,,1,881,803,0,0.76,matched,1
874,29.133,1782384292,T004,42,135.61,102.45,0.0,-0.01,gauche,,,1,881,858,0,0.77,matched,1
874,29.133,1782384292,T005,21,70.54,522.15,0.22,2.07,droite,,,1,881,838,0,0.765,matched,1
874,29.133,1782384292,T006,5,55.26,543.94,0.33,-1.07,droite,,,1,879,870,0,0.767,matched,1
874,29.133,1782384292,T007,34,306.23,552.46,0.19,2.16,droite,,,1,879,815,0,0.762,matched,1
875,29.167,1782384292,T002,32,213.66,459.38,1.01,-3.75,droite,,,1,882,791,0,0.742,matched,1
875,29.167,1782384292,T003,33,102.28,471.73,0.45,2.15,droite,,,1,882,804,0,0.766,matched,1
875,29.167,1782384292,T004,42,135.61,102.45,-0.0,-0.0,gauche,,,1,882,859,0,0.77,matched,1
875,29.167,1782384292,T005,21,71.02,524.67,0.38,2.0,droite,,,1,882,839,0,0.767,matched,1
875,29.167,1782384292,T006,5,55.56,543.1,0.5,-0.74,droite,,,1,880,871,0,0.766,matched,1
875,29.167,1782384292,T007,34,306.29,554.96,-0.01,1.99,droite,,,1,880,816,0,0.767,matched,1
876,29.200,1782384292,T002,32,214.92,454.63,0.95,-4.42,droite,,,1,883,792,0,0.755,matched,1
876,29.200,1782384292,T003,33,103.05,474.06,0.61,1.76,droite,,,1,883,805,0,0.766,matched,1
876,29.200,1782384292,T004,42,135.71,103.2,-0.0,0.17,gauche,,,1,883,860,0,0.767,matched,1
876,29.200,1782384292,T005,21,71.77,526.97,0.69,1.69,droite,,,1,883,840,0,0.765,matched,1
876,29.200,1782384292,T006,5,55.91,542.46,0.45,-0.44,droite,,,1,881,872,0,0.767,matched,1
876,29.200,1782384292,T007,34,306.13,557.22,-0.26,1.64,droite,,,1,881,817,0,0.766,matched,1
877,29.233,1782384292,T002,32,215.99,450.22,0.71,-3.67,droite,,,1,884,793,0,0.765,matched,1
877,29.233,1782384292,T003,33,103.77,475.95,0.54,1.21,droite,,,1,884,806,0,0.765,matched,1
877,29.233,1782384292,T004,42,135.71,103.2,-0.0,0.2,gauche,,,1,884,861,0,0.769,matched,1
877,29.233,1782384292,T005,21,72.52,528.86,0.65,1.19,droite,,,1,884,841,0,0.765,matched,1
877,29.233,1782384292,T006,5,55.91,542.46,0.33,-0.06,droite,,,1,882,873,0,0.765,matched,1
877,29.233,1782384292,T007,34,305.9,559.05,-0.29,1.13,droite,,,1,882,818,0,0.765,matched,1
878,29.267,1782384292,T002,32,217.1,446.31,0.79,-2.89,droite,,,1,885,794,0,0.763,matched,1
878,29.267,1782384292,T003,33,104.77,477.52,0.89,0.89,droite,,,1,885,807,0,0.763,matched,1
878,29.267,1782384292,T004,42,135.78,104.15,-0.0,0.5,gauche,,,1,885,862,0,0.765,matched,1
878,29.267,1782384292,T005,21,73.45,530.58,0.83,1.06,droite,,,1,885,842,0,0.766,matched,1
878,29.267,1782384292,T006,5,55.91,542.46,0.21,0.1,droite,,,1,883,874,0,0.767,matched,1
878,29.267,1782384292,T007,34,305.67,560.45,-0.24,0.68,droite,,,1,883,819,0,0.765,matched,1
879,29.300,1782384292,T002,32,218.35,442.78,0.99,-2.44,droite,,,1,886,795,0,0.765,matched,1
879,29.300,1782384292,T003,33,106.05,478.88,1.17,0.74,droite,,,1,886,808,0,0.765,matched,1
879,29.300,1782384292,T004,42,135.83,105.18,-0.0,0.68,gauche,,,1,886,863,0,0.767,matched,1
879,29.300,1782384292,T005,21,74.46,532.27,0.88,1.11,droite,,,1,886,843,0,0.767,matched,1
879,29.300,1782384292,T006,5,55.91,542.46,0.11,0.14,droite,,,1,884,875,0,0.769,matched,1
879,29.300,1782384292,T007,34,305.34,561.59,-0.34,0.52,droite,,,1,884,820,0,0.768,matched,1
880,29.333,1782384292,T002,32,219.77,439.9,1.18,-1.71,droite,,,1,887,796,0,0.762,matched,1
880,29.333,1782384292,T003,33,107.4,480.23,1.18,0.85,droite,,,1,887,809,0,0.767,matched,1
880,29.333,1782384292,T004,42,135.87,106.11,-0.0,0.59,gauche,,,1,887,864,0,0.77,matched,1
880,29.333,1782384292,T005,21,75.23,534.13,0.53,1.39,droite,,,1,887,844,0,0.763,matched,1
880,29.333,1782384292,T006,5,55.91,542.46,0.05,0.12,droite,,,1,885,876,0,0.769,matched,1
880,29.333,1782384292,T007,34,305.01,562.63,-0.3,0.51,droite,,,1,885,821,0,0.769,matched,1
881,29.367,1782384292,T002,32,221.21,437.57,1.15,-1.21,droite,,,1,888,797,0,0.765,matched,1
881,29.367,1782384292,T003,33,108.87,481.69,1.26,1.04,droite,,,1,888,810,0,0.765,matched,1
881,29.367,1782384292,T004,42,135.9,106.87,-0.0,0.42,gauche,,,1,888,865,0,0.768,matched,1
881,29.367,1782384292,T005,21,75.91,536.09,0.44,1.52,droite,,,1,888,845,0,0.766,matched,1
881,29.367,1782384292,T006,5,55.91,542.46,0.02,0.09,droite,,,1,886,877,0,0.769,matched,1
881,29.367,1782384292,T007,34,304.88,563.61,-0.04,0.56,droite,,,1,886,822,0,0.766,matched,1
882,29.400,1782384292,T002,32,222.59,435.1,1.05,-1.6,droite,,,1,889,798,0,0.763,matched,1
882,29.400,1782384292,T003,33,110.18,483.41,1.0,1.39,droite,,,1,889,811,0,0.763,matched,1
882,29.400,1782384292,T004,42,135.9,106.87,-0.0,0.26,gauche,,,1,889,866,0,0.768,matched,1
882,29.400,1782384292,T005,21,76.33,538.11,0.14,1.57,droite,,,1,889,846,0,0.765,matched,1
882,29.400,1782384292,T006,5,55.91,542.46,-0.0,0.06,droite,,,1,887,878,0,0.77,matched,1
882,29.400,1782384292,T007,34,304.98,564.73,0.23,0.79,droite,,,1,887,823,0,0.764,matched,1
883,29.433,1782384292,T002,32,223.75,432.88,0.77,-1.38,droite,,,1,890,799,0,0.767,matched,1
883,29.433,1782384292,T003,33,111.23,485.02,0.67,1.21,droite,,,1,890,812,0,0.767,matched,1
883,29.433,1782384292,T004,42,135.9,106.87,-0.0,0.14,gauche,,,1,890,867,0,0.769,matched,1
883,29.433,1782384292,T005,21,76.57,539.88,-0.01,1.23,droite,,,1,890,847,0,0.767,matched,1
883,29.433,1782384292,T006,5,55.91,542.46,-0.01,0.03,droite,,,1,888,879,0,0.77,matched,1
883,29.433,1782384292,T007,34,305.04,565.76,0.12,0.7,droite,,,1,888,824,0,0.769,matched,1
884,29.467,1782384292,T002,35,224.93,430.39,0.83,-1.83,droite,,,1,891,800,0,0.761,matched,1
884,29.467,1782384292,T003,33,112.02,486.9,0.4,1.54,droite,,,1,891,813,0,0.763,matched,1
884,29.467,1782384292,T004,42,135.9,106.87,0.0,0.23,gauche,,,1,891,868,0,0.768,matched,1
884,29.467,1782384292,T005,21,76.85,541.28,0.11,0.82,droite,,,1,891,848,0,0.765,matched,1
884,29.467,1782384292,T006,5,55.91,542.46,-0.01,0.01,droite,,,1,889,880,0,0.77,matched,1
884,29.467,1782384292,T007,34,305.2,567.03,0.22,1.02,droite,,,1,889,825,0,0.764,matched,1
885,29.500,1782384292,T002,31,226.23,428.37,1.0,-1.25,droite,,,1,892,801,0,0.763,matched,1
885,29.500,1782384292,T003,33,112.73,489.19,0.37,2.0,droite,,,1,892,814,0,0.761,matched,1
885,29.500,1782384292,T004,42,135.93,107.62,0.0,0.21,gauche,,,1,892,869,0,0.77,matched,1
885,29.500,1782384292,T005,21,77.11,542.33,0.13,0.47,droite,,,1,892,849,0,0.766,matched,1
885,29.500,1782384292,T006,5,55.91,542.46,-0.01,0.0,droite,,,1,890,881,0,0.77,matched,1
885,29.500,1782384292,T007,34,305.39,568.77,0.2,1.59,droite,,,1,890,826,0,0.76,matched,1
886,29.533,1782384292,T002,35,227.55,426.03,1.01,-1.76,droite,,,1,893,802,0,0.761,matched,1
886,29.533,1782384292,T003,33,113.45,491.49,0.44,1.89,droite,,,1,893,815,0,0.768,matched,1
886,29.533,1782384292,T004,42,135.93,107.62,0.0,0.16,gauche,,,1,893,870,0,0.769,matched,1
886,29.533,1782384292,T005,21,77.46,543.09,0.28,0.23,droite,,,1,893,850,0,0.766,matched,1
886,29.533,1782384292,T006,5,55.91,542.46,-0.0,-0.17,droite,,,1,891,882,0,0.767,matched,1
886,29.533,,T007,34,305.58,570.48,0.18,1.43,droite,,,1,891,826,1,0.49,predicted,1
887,29.567,,T002,35,228.8,423.82,0.91,-1.59,droite,,,1,894,802,1,0.49,predicted,1
887,29.567,1782384292,T003,33,114.35,493.87,0.71,1.93,droite,,,1,894,816,0,0.764,matched,1
887,29.567,1782384292,T004,42,135.81,108.35,-0.17,0.27,gauche,,,1,894,871,0,0.767,matched,1
887,29.567,1782384292,T005,21,77.96,543.76,0.44,0.26,droite,,,1,894,851,0,0.767,matched,1
887,29.567,1782384292,T006,5,55.91,542.46,-0.0,-0.2,droite,,,1,892,883,0,0.769,matched,1
887,29.567,1782384292,T007,34,306.05,572.59,0.48,1.79,droite,,,1,892,827,0,0.762,matched,1
888,29.600,,T002,35,229.96,421.77,0.82,-1.43,droite,,,1,895,802,2,0.41,predicted,1
888,29.600,1782384292,T003,33,115.63,496.24,1.16,1.85,droite,,,1,895,817,0,0.762,matched,1
888,29.600,1782384292,T004,42,135.81,108.35,-0.2,0.25,gauche,,,1,895,872,0,0.769,matched,1
888,29.600,1782384292,T005,21,78.44,544.31,0.4,0.21,droite,,,1,895,852,0,0.77,matched,1
888,29.600,1782384292,T006,5,55.91,542.46,-0.0,-0.16,droite,,,1,893,884,0,0.77,matched,1
888,29.600,1782384292,T007,34,306.52,574.62,0.42,1.6,droite,,,1,893,828,0,0.77,matched,1
889,29.633,,T002,35,231.04,419.86,0.74,-1.29,droite,,,1,896,802,3,0.33,predicted,1
889,29.633,1782384292,T003,33,116.9,498.26,1.07,1.4,droite,,,1,896,818,0,0.766,matched,1
889,29.633,1782384292,T004,42,135.81,108.35,-0.16,0.19,gauche,,,1,896,873,0,0.769,matched,1
889,29.633,1782384292,T005,21,78.44,544.31,0.3,0.14,droite,,,1,896,853,0,0.769,matched,1
889,29.633,1782384292,T006,5,55.91,542.46,-0.0,-0.11,droite,,,1,894,885,0,0.769,matched,1
889,29.633,1782384292,T007,34,306.92,576.32,0.31,1.17,droite,,,1,894,829,0,0.766,matched,1
890,29.667,,T002,35,232.04,418.1,0.66,-1.16,droite,,,1,897,802,4,0.32,predicted,1
890,29.667,1782384292,T003,33,118.26,500.13,1.13,1.24,droite,,,1,897,819,0,0.768,matched,1
890,29.667,1782384292,T004,42,135.81,108.35,-0.11,0.12,gauche,,,1,897,874,0,0.769,matched,1
890,29.667,1782384292,T005,21,78.44,544.31,0.19,0.25,droite,,,1,897,854,0,0.768,matched,1
890,29.667,1782384292,T006,5,55.91,542.46,-0.0,-0.07,droite,,,1,895,886,0,0.769,matched,1
890,29.667,1782384292,T007,34,307.37,577.63,0.36,0.74,droite,,,1,895,830,0,0.765,matched,1
891,29.700,,T002,35,232.96,416.49,0.6,-1.04,droite,,,1,898,802,5,0.32,predicted,1
891,29.700,1782384292,T003,33,119.75,501.67,1.24,0.9,droite,,,1,898,820,0,0.765,matched,1
891,29.700,1782384292,T004,42,135.81,108.35,-0.07,0.07,gauche,,,1,898,875,0,0.769,matched,1
891,29.700,1782384292,T005,21,78.99,545.09,0.27,0.41,droite,,,1,898,855,0,0.767,matched,1
891,29.700,1782384292,T006,5,55.91,542.46,0.0,-0.04,droite,,,1,896,887,0,0.77,matched,1
891,29.700,1782384292,T007,34,307.78,578.6,0.3,0.4,droite,,,1,896,831,0,0.766,matched,1
892,29.733,,T002,35,233.8,415.01,0.54,-0.94,droite,,,1,899,802,6,0.32,predicted,1
892,29.733,1782384292,T003,33,121.35,502.86,1.34,0.57,droite,,,1,899,821,0,0.765,matched,1
892,29.733,1782384292,T004,42,135.81,108.35,-0.03,0.03,gauche,,,1,899,876,0,0.769,matched,1
892,29.733,1782384292,T005,21,79.48,545.92,0.25,0.55,droite,,,1,899,856,0,0.767,matched,1
892,29.733,1782384292,T006,5,55.91,542.46,0.0,-0.01,droite,,,1,897,888,0,0.77,matched,1
892,29.733,1782384292,T007,34,308.11,579.28,0.21,0.18,droite,,,1,897,832,0,0.767,matched,1
893,29.767,,T002,35,234.57,413.67,0.48,-0.84,droite,,,1,900,802,7,0.32,predicted,1
893,29.767,1782384292,T003,33,123.06,503.73,1.41,0.31,droite,,,1,900,822,0,0.766,matched,1
893,29.767,1782384292,T004,42,135.81,108.35,-0.01,0.01,gauche,,,1,900,877,0,0.77,matched,1
893,29.767,1782384292,T005,21,80.0,547.08,0.35,0.99,droite,,,1,900,857,0,0.763,matched,1
893,29.767,1782384292,T006,5,55.91,542.46,0.0,-0.0,droite,,,1,898,889,0,0.77,matched,1
893,29.767,1782384292,T007,34,308.11,579.28,0.13,0.23,droite,,,1,898,833,0,0.769,matched,1
894,29.800,,T002,35,235.27,412.44,0.44,-0.76,droite,,,1,901,802,8,0.32,predicted,1
894,29.800,1782384292,T003,33,124.58,504.36,1.12,0.14,droite,,,1,901,823,0,0.767,matched,1
894,29.800,1782384292,T004,42,135.81,108.35,-0.0,-0.0,gauche,,,1,901,878,0,0.77,matched,1
894,29.800,1782384292,T005,21,80.49,548.37,0.31,1.1,droite,,,1,901,858,0,0.767,matched,1
894,29.800,1782384292,T006,5,55.91,542.46,0.0,0.0,droite,,,1,899,890,0,0.77,matched,1
894,29.800,1782384292,T007,34,308.49,580.22,0.24,0.53,droite,,,1,899,834,0,0.765,matched,1
895,29.833,,T002,35,235.91,411.33,0.39,-0.68,droite,,,1,902,802,9,0.32,predicted,1
895,29.833,1782384292,T003,33,125.79,504.8,0.75,0.04,droite,,,1,902,824,0,0.766,matched,1
895,29.833,1782384292,T004,42,135.81,108.35,0.0,-0.0,gauche,,,1,902,879,0,0.77,matched,1
895,29.833,1782384292,T005,21,80.88,549.54,0.22,0.89,droite,,,1,902,859,0,0.768,matched,1
895,29.833,1782384292,T006,5,55.91,542.46,0.0,0.0,droite,,,1,900,891,0,0.77,matched,1
895,29.833,1782384292,T007,34,308.84,581.09,0.22,0.53,droite,,,1,900,835,0,0.769,matched,1
896,29.867,,T002,35,236.49,410.32,0.35,-0.61,droite,,,1,903,802,10,0.32,predicted,1
896,29.867,1782384292,T003,33,126.84,505.39,0.61,0.33,droite,,,1,903,825,0,0.766,matched,1
896,29.867,1782384292,T004,42,135.81,108.35,0.0,-0.0,gauche,,,1,903,880,0,0.77,matched,1
896,29.867,1782384292,T005,21,81.32,550.76,0.31,0.95,droite,,,1,903,860,0,0.767,matched,1
896,29.867,1782384292,T006,5,55.91,542.46,0.0,0.0,droite,,,1,901,892,0,0.77,matched,1
896,29.867,1782384292,T007,34,309.0,581.83,-0.0,0.41,droite,,,1,901,836,0,0.767,matched,1
897,29.900,,T002,35,237.01,409.4,0.32,-0.55,droite,,,1,904,802,11,0.32,predicted,1
897,29.900,1782384292,T003,33,127.68,506.25,0.42,0.71,droite,,,1,904,826,0,0.764,matched,1
897,29.900,1782384292,T004,42,135.81,108.35,0.0,-0.0,gauche,,,1,904,881,0,0.77,matched,1
897,29.900,1782384292,T005,21,82.01,551.98,0.61,0.93,droite,,,1,904,861,0,0.765,matched,1
897,29.900,1782384292,T006,5,55.91,542.46,0.0,0.0,droite,,,1,902,893,0,0.77,matched,1
897,29.900,1782384292,T007,34,309.19,582.55,0.08,0.44,droite,,,1,902,837,0,0.768,matched,1
898,29.933,,T002,35,237.49,408.57,0.29,-0.5,droite,,,1,905,802,12,0.32,predicted,1
898,29.933,1782384292,T003,33,128.45,507.25,0.42,0.87,droite,,,1,905,827,0,0.767,matched,1
898,29.933,1782384292,T004,42,135.81,108.35,0.0,-0.0,gauche,,,1,905,882,0,0.77,matched,1
898,29.933,1782384292,T005,21,82.84,553.16,0.76,0.88,droite,,,1,905,862,0,0.767,matched,1
898,29.933,1782384292,T006,5,55.91,542.46,0.0,0.0,droite,,,1,903,894,0,0.77,matched,1
898,29.933,,T007,34,309.19,582.55,0.07,0.39,droite,,,1,903,837,1,0.49,predicted,1
899,29.967,,T002,35,237.92,407.82,0.26,-0.45,droite,,,1,906,802,13,0.32,predicted,1
899,29.967,1782384292,T003,33,129.37,508.18,0.66,0.73,droite,,,1,906,828,0,0.766,matched,1
899,29.967,1782384292,T004,42,135.81,108.35,0.0,-0.0,gauche,,,1,906,883,0,0.77,matched,1
899,29.967,1782384292,T005,21,83.62,554.16,0.64,0.66,droite,,,1,906,863,0,0.768,matched,1
899,29.967,1782384292,T006,5,55.91,542.46,-0.0,0.0,droite,,,1,904,895,0,0.77,matched,1
899,29.967,,T007,34,309.37,583.29,0.07,0.35,droite,,,1,904,837,2,0.41,predicted,1
900,30.000,,T002,35,238.31,407.15,0.23,-0.4,droite,,,1,907,802,14,0.32,predicted,1
900,30.000,1782384293,T003,33,130.37,509.22,0.78,0.85,droite,,,1,907,829,0,0.766,matched,1
900,30.000,1782384293,T004,42,135.81,108.35,0.0,-0.0,gauche,,,1,907,884,0,0.77,matched,1
900,30.000,1782384293,T005,21,84.41,554.94,0.62,0.43,droite,,,1,907,864,0,0.767,matched,1
900,30.000,1782384293,T006,5,55.91,542.46,-0.0,0.0,droite,,,1,905,896,0,0.77,matched,1
900,30.000,1782384293,T007,34,204.1,647.22,-23.72,14.07,droite,,,1,905,838,0,0.57,matched,1
901,30.033,,T002,35,238.31,407.15,0.21,-0.36,droite,,,1,908,802,15,0.32,predicted,1
901,30.033,1782384293,T003,33,131.28,510.17,0.64,0.7,droite,,,1,908,830,0,0.769,matched,1
901,30.033,1782384293,T004,42,135.81,108.35,0.0,-0.0,gauche,,,1,908,885,0,0.77,matched,1
901,30.033,1782384293,T005,21,85.08,555.52,0.47,0.24,droite,,,1,908,865,0,0.768,matched,1
901,30.033,1782384293,T006,5,55.91,542.46,-0.0,0.0,droite,,,1,906,897,0,0.77,matched,1
901,30.033,1782384293,T007,34,198.65,650.41,-21.09,12.46,droite,,,1,906,839,0,0.765,matched,1
902,30.067,1782384293,T003,33,132.15,511.21,0.62,0.83,droite,,,1,909,831,0,0.767,matched,1
902,30.067,1782384293,T004,42,135.81,108.35,0.0,-0.0,gauche,,,1,909,886,0,0.77,matched,1
902,30.067,1782384293,T005,21,85.61,556.08,0.31,0.28,droite,,,1,909,866,0,0.768,matched,1
902,30.067,1782384293,T006,5,55.91,542.46,-0.0,0.0,droite,,,1,907,898,0,0.77,matched,1
902,30.067,,T007,34,189.44,655.82,-18.98,11.21,droite,,,1,907,839,1,0.49,predicted,1
903,30.100,1782384293,T003,33,133.16,512.43,0.81,1.03,droite,,,1,910,832,0,0.764,matched,1
903,30.100,1782384293,T004,42,135.81,108.35,0.0,0.0,gauche,,,1,910,887,0,0.77,matched,1
903,30.100,1782384293,T005,21,85.61,556.08,0.17,0.23,droite,,,1,910,867,0,0.768,matched,1
903,30.100,1782384293,T006,5,55.91,542.46,-0.0,-0.0,droite,,,1,908,899,0,0.77,matched,1
903,30.100,,T007,34,177.89,662.62,-17.09,10.09,droite,,,1,908,839,2,0.41,predicted,1
904,30.133,1782384293,T003,33,134.24,513.69,0.87,1.04,droite,,,1,911,833,0,0.767,matched,1
904,30.133,1782384293,T004,42,135.81,108.35,-0.0,0.0,gauche,,,1,911,888,0,0.77,matched,1
904,30.133,1782384293,T005,21,86.13,556.7,0.25,0.33,droite,,,1,911,868,0,0.768,matched,1
904,30.133,1782384293,T006,5,55.91,542.46,-0.0,-0.0,droite,,,1,909,900,0,0.77,matched,1
904,30.133,,T007,34,165.01,670.21,-15.38,9.08,droite,,,1,909,839,3,0.33,predicted,1
