frame,timestamp_s,timestamp_unix,player_id,X,Y,status,on_terrain
0,0.000,1780168743,G1,278,229,ok,1
0,0.000,1780168743,G2,140,238,ok,1
0,0.000,1780168743,G3,104,108,ok,1
0,0.000,1780168743,G4,330,144,ok,1
0,0.000,1780168743,G5,-35,355,merged,0
0,0.000,1780168743,G6,89,-30,ok,0
0,0.000,1780168743,G7,165,-23,ok,0
0,0.000,1780168743,G8,146,-27,ok,0
0,0.000,1780168743,G9,118,-1,ok,0
0,0.000,1780168743,G10,297,6,ok,1
0,0.000,1780168743,G11,191,-45,ok,0
0,0.000,1780168743,G12,179,3,ok,1
0,0.000,1780168743,G13,40,-56,ok,0
0,0.000,1780168743,D1,41,567,ok,1
0,0.000,1780168743,D2,134,512,ok,1
0,0.000,1780168743,D3,268,618,ok,1
1,0.033,1780168743,G1,278,229,ok,1
1,0.033,1780168743,G2,140,238,ok,1
1,0.033,1780168743,G3,104,108,ok,1
1,0.033,1780168743,G4,330,144,ok,1
1,0.033,1780168743,G5,-35,355,merged,0
1,0.033,1780168743,G6,89,-30,ok,0
1,0.033,1780168743,G7,165,-23,ok,0
1,0.033,1780168743,G8,146,-27,ok,0
1,0.033,1780168743,G9,118,-1,ok,0
1,0.033,1780168743,G10,297,6,ok,1
1,0.033,1780168743,G11,191,-45,ok,0
1,0.033,1780168743,G13,40,-56,ok,0
1,0.033,1780168743,G12,179,3,ok,1
1,0.033,1780168743,D1,41,567,ok,1
1,0.033,1780168743,D2,134,511,ok,1
1,0.033,1780168743,D3,268,618,ok,1
2,0.067,1780168743,G2,140,237,ok,1
2,0.067,1780168743,G1,279,229,ok,1
2,0.067,1780168743,G3,104,108,ok,1
2,0.067,1780168743,G4,331,145,ok,1
2,0.067,1780168743,G6,89,-30,ok,0
2,0.067,1780168743,G9,118,-1,ok,0
2,0.067,1780168743,G7,165,-23,ok,0
2,0.067,1780168743,G8,146,-27,ok,0
2,0.067,1780168743,G5,-35,355,merged,0
2,0.067,1780168743,G10,298,6,ok,1
2,0.067,1780168743,G12,178,4,ok,1
2,0.067,1780168743,G13,40,-55,ok,0
2,0.067,1780168743,G11,190,-46,ok,0
2,0.067,1780168743,D1,42,567,ok,1
2,0.067,1780168743,D2,136,511,ok,1
2,0.067,1780168743,D3,267,620,ok,1
2,0.067,1780168743,D5,-114,450,ok,0
3,0.100,1780168743,G1,279,229,ok,1
3,0.100,1780168743,G2,140,237,ok,1
3,0.100,1780168743,G3,104,108,ok,1
3,0.100,1780168743,G4,331,144,ok,1
3,0.100,1780168743,G5,-35,355,merged,0
3,0.100,1780168743,G6,89,-30,ok,0
3,0.100,1780168743,G9,118,-1,ok,0
3,0.100,1780168743,G7,165,-23,ok,0
3,0.100,1780168743,G8,146,-27,ok,0
3,0.100,1780168743,G10,298,5,ok,1
3,0.100,1780168743,G12,177,3,ok,1
3,0.100,1780168743,G11,190,-46,ok,0
3,0.100,1780168743,G13,40,-55,ok,0
3,0.100,1780168743,D1,42,568,ok,1
3,0.100,1780168743,D2,137,511,ok,1
3,0.100,1780168743,D3,266,625,ok,1
3,0.100,1780168743,D5,-114,450,ok,0
4,0.133,1780168743,G1,280,228,ok,1
4,0.133,1780168743,G2,141,237,ok,1
4,0.133,1780168743,G3,104,108,ok,1
4,0.133,1780168743,G4,331,143,ok,1
4,0.133,1780168743,G5,-35,356,merged,0
4,0.133,1780168743,G9,117,-1,ok,0
4,0.133,1780168743,G7,166,-23,ok,0
4,0.133,1780168743,G6,88,-33,ok,0
4,0.133,1780168743,G8,146,-27,ok,0
4,0.133,1780168743,G10,299,5,ok,1
4,0.133,1780168743,G11,189,-45,ok,0
4,0.133,1780168743,G13,39,-55,ok,0
4,0.133,1780168743,G12,176,4,ok,1
4,0.133,1780168743,D2,138,511,ok,1
4,0.133,1780168743,D1,42,567,ok,1
4,0.133,1780168743,D3,270,631,ok,1
4,0.133,1780168743,D5,-114,450,ok,0
5,0.167,1780168743,G2,143,237,ok,1
5,0.167,1780168743,G1,282,228,ok,1
5,0.167,1780168743,G5,-35,356,merged,0
5,0.167,1780168743,G4,332,141,ok,1
5,0.167,1780168743,G3,104,108,ok,1
5,0.167,1780168743,G9,118,-1,ok,0
5,0.167,1780168743,G8,146,-27,ok,0
5,0.167,1780168743,G7,166,-23,ok,0
5,0.167,1780168743,G6,89,-30,ok,0
5,0.167,1780168743,G10,300,5,ok,1
5,0.167,1780168743,G11,189,-45,ok,0
5,0.167,1780168743,G12,175,3,ok,1
5,0.167,1780168743,D1,43,567,ok,1
5,0.167,1780168743,D2,138,511,ok,1
5,0.167,1780168743,D3,269,636,ok,1
5,0.167,1780168743,G13,39,-55,interpolated,0
5,0.167,1780168743,D5,-114,450,interpolated,0
6,0.200,1780168743,G2,144,237,ok,1
6,0.200,1780168743,G5,-35,357,merged,0
6,0.200,1780168743,G1,285,226,ok,1
6,0.200,1780168743,G3,104,108,ok,1
6,0.200,1780168743,G4,332,138,ok,1
6,0.200,1780168743,G9,118,-1,ok,0
6,0.200,1780168743,G8,146,-27,ok,0
6,0.200,1780168743,G10,300,6,ok,1
6,0.200,1780168743,G6,89,-30,ok,0
6,0.200,1780168743,G13,99,-11,ok,0
6,0.200,1780168743,G7,165,-24,ok,0
6,0.200,1780168743,G12,175,4,ok,1
6,0.200,1780168743,G11,189,-45,ok,0
6,0.200,1780168743,D2,139,511,ok,1
6,0.200,1780168743,D1,43,567,ok,1
6,0.200,1780168743,D3,269,643,ok,1
6,0.200,1780168743,D6,367,634,ok,1
6,0.200,1780168743,D5,-114,450,interpolated,0
7,0.233,1780168743,G2,144,237,ok,1
7,0.233,1780168743,G5,-35,357,merged,0
7,0.233,1780168743,G1,285,226,ok,1
7,0.233,1780168743,G3,104,108,ok,1
7,0.233,1780168743,G4,332,138,ok,1
7,0.233,1780168743,G9,118,-1,ok,0
7,0.233,1780168743,G8,146,-27,ok,0
7,0.233,1780168743,G10,300,6,ok,1
7,0.233,1780168743,G6,89,-30,ok,0
7,0.233,1780168743,G13,99,-11,ok,0
7,0.233,1780168743,G7,165,-24,ok,0
7,0.233,1780168743,G12,175,4,ok,1
7,0.233,1780168743,G11,189,-45,ok,0
7,0.233,1780168743,D2,139,511,ok,1
7,0.233,1780168743,D1,43,567,ok,1
7,0.233,1780168743,D3,269,643,ok,1
7,0.233,1780168743,D6,367,634,ok,1
7,0.233,1780168743,D5,-114,450,interpolated,0
8,0.267,1780168743,G1,285,225,ok,1
8,0.267,1780168743,G5,-36,360,merged,0
8,0.267,1780168743,G3,104,107,ok,1
8,0.267,1780168743,G4,334,133,ok,1
8,0.267,1780168743,G2,145,237,ok,1
8,0.267,1780168743,G9,118,-1,ok,0
8,0.267,1780168743,G8,146,-27,ok,0
8,0.267,1780168743,G14,139,237,ok,1
8,0.267,1780168743,G10,301,6,ok,1
8,0.267,1780168743,G13,99,-8,ok,0
8,0.267,1780168743,G11,189,-45,ok,0
8,0.267,1780168743,G6,88,-32,ok,0
8,0.267,1780168743,D1,43,567,ok,1
8,0.267,1780168743,D2,141,516,ok,1
8,0.267,1780168743,D6,367,634,ok,1
8,0.267,1780168743,D3,268,648,ok,1
8,0.267,1780168743,D5,-119,778,ok,0
8,0.267,1780168743,G7,165,-24,interpolated,0
8,0.267,1780168743,G12,175,4,interpolated,1
9,0.300,1780168743,G1,289,221,ok,1
9,0.300,1780168743,G3,105,106,ok,1
9,0.300,1780168743,G5,-34,356,merged,0
9,0.300,1780168743,G4,335,130,ok,1
9,0.300,1780168743,G9,118,-1,ok,0
9,0.300,1780168743,G2,146,237,ok,1
9,0.300,1780168743,G8,146,-27,ok,0
9,0.300,1780168743,G14,141,237,ok,1
9,0.300,1780168743,G13,98,-5,ok,0
9,0.300,1780168743,G10,303,6,ok,1
9,0.300,1780168743,G11,188,-45,ok,0
9,0.300,1780168743,G12,172,5,ok,1
9,0.300,1780168743,D2,141,513,ok,1
9,0.300,1780168743,D1,43,567,ok,1
9,0.300,1780168743,D3,264,649,ok,1
9,0.300,1780168743,D6,366,634,ok,1
9,0.300,1780168743,G6,88,-32,interpolated,0
9,0.300,1780168743,G7,165,-24,interpolated,0
9,0.300,1780168743,D5,-119,778,interpolated,0
10,0.333,1780168743,G1,290,217,ok,1
10,0.333,1780168743,G5,-34,356,merged,0
10,0.333,1780168743,G3,105,105,ok,1
10,0.333,1780168743,G4,336,127,ok,1
10,0.333,1780168743,G9,118,-1,ok,0
10,0.333,1780168743,G8,146,-27,ok,0
10,0.333,1780168743,G2,146,237,ok,1
10,0.333,1780168743,G14,141,237,ok,1
10,0.333,1780168743,G13,97,-5,ok,0
10,0.333,1780168743,G10,304,6,ok,1
10,0.333,1780168743,G11,188,-45,ok,0
10,0.333,1780168743,G12,171,5,ok,1
10,0.333,1780168743,D1,43,567,ok,1
10,0.333,1780168743,D2,144,518,ok,1
10,0.333,1780168743,D3,259,647,ok,1
10,0.333,1780168743,D6,365,633,ok,1
10,0.333,1780168743,G6,88,-32,interpolated,0
10,0.333,1780168743,G7,165,-24,interpolated,0
10,0.333,1780168743,D5,-119,778,interpolated,0
11,0.367,1780168743,G1,290,215,ok,1
11,0.367,1780168743,G3,105,103,ok,1
11,0.367,1780168743,G5,-34,356,merged,0
11,0.367,1780168743,G4,336,126,ok,1
11,0.367,1780168743,G9,118,-1,ok,0
11,0.367,1780168743,G2,146,236,ok,1
11,0.367,1780168743,G8,146,-27,ok,0
11,0.367,1780168743,G14,138,236,ok,1
11,0.367,1780168743,G12,169,5,ok,1
11,0.367,1780168743,G10,305,6,ok,1
11,0.367,1780168743,G11,188,-46,ok,0
11,0.367,1780168743,G13,96,-5,ok,0
11,0.367,1780168743,D1,43,568,ok,1
11,0.367,1780168743,D2,146,518,ok,1
11,0.367,1780168743,D3,257,650,ok,1
11,0.367,1780168743,D6,362,625,ok,1
11,0.367,1780168743,G6,88,-32,interpolated,0
11,0.367,1780168743,G7,165,-24,interpolated,0
11,0.367,1780168743,D5,-119,778,interpolated,0
12,0.400,1780168743,G1,289,215,ok,1
12,0.400,1780168743,G3,105,102,ok,1
12,0.400,1780168743,G4,336,126,ok,1
12,0.400,1780168743,G5,-34,357,merged,0
12,0.400,1780168743,G9,118,-1,ok,0
12,0.400,1780168743,G8,146,-27,ok,0
12,0.400,1780168743,G2,146,236,ok,1
12,0.400,1780168743,G14,140,236,ok,1
12,0.400,1780168743,G11,188,-45,ok,0
12,0.400,1780168743,G12,167,4,ok,1
12,0.400,1780168743,G13,95,-5,ok,0
12,0.400,1780168743,D2,150,519,ok,1
12,0.400,1780168743,D1,43,567,ok,1
12,0.400,1780168743,D6,360,617,ok,1
12,0.400,1780168743,D3,255,651,ok,1
12,0.400,1780168743,G6,88,-32,interpolated,0
12,0.400,1780168743,G7,165,-24,interpolated,0
12,0.400,1780168743,G10,305,6,interpolated,1
12,0.400,1780168743,D5,-119,778,interpolated,0
13,0.433,1780168743,G1,289,215,ok,1
13,0.433,1780168743,G3,105,102,ok,1
13,0.433,1780168743,G4,336,126,ok,1
13,0.433,1780168743,G5,-34,357,merged,0
13,0.433,1780168743,G9,118,-1,ok,0
13,0.433,1780168743,G8,146,-27,ok,0
13,0.433,1780168743,G14,139,236,ok,1
13,0.433,1780168743,G2,146,236,ok,1
13,0.433,1780168743,G11,188,-45,ok,0
13,0.433,1780168743,G12,167,4,ok,1
13,0.433,1780168743,G13,95,-5,ok,0
13,0.433,1780168743,D2,150,519,ok,1
13,0.433,1780168743,D1,43,567,ok,1
13,0.433,1780168743,D6,360,617,ok,1
13,0.433,1780168743,D3,255,651,ok,1
13,0.433,1780168743,G6,88,-32,interpolated,0
13,0.433,1780168743,G7,165,-24,interpolated,0
13,0.433,1780168743,G10,305,6,interpolated,1
13,0.433,1780168743,D5,-119,778,interpolated,0
14,0.467,1780168743,G1,289,216,ok,1
14,0.467,1780168743,G4,337,126,ok,1
14,0.467,1780168743,G3,105,100,ok,1
14,0.467,1780168743,G9,118,-1,ok,0
14,0.467,1780168743,G5,-34,358,merged,0
14,0.467,1780168743,G8,146,-27,ok,0
14,0.467,1780168743,G14,141,236,ok,1
14,0.467,1780168743,G2,147,236,ok,1
14,0.467,1780168743,G13,93,-4,ok,0
14,0.467,1780168743,G11,188,-45,ok,0
14,0.467,1780168743,G12,165,4,ok,1
14,0.467,1780168743,D2,151,519,ok,1
14,0.467,1780168743,D1,43,567,ok,1
14,0.467,1780168743,D6,358,612,ok,1
14,0.467,1780168743,D3,253,668,ok,1
14,0.467,1780168743,G6,88,-32,interpolated,0
14,0.467,1780168743,G7,165,-24,interpolated,0
14,0.467,1780168743,G10,305,6,interpolated,1
14,0.467,1780168743,D5,-119,778,interpolated,0
15,0.500,1780168743,G1,289,214,ok,1
15,0.500,1780168743,G2,148,236,ok,1
15,0.500,1780168743,G4,337,126,ok,1
15,0.500,1780168743,G3,105,100,ok,1
15,0.500,1780168743,G5,-34,361,merged,0
15,0.500,1780168743,G9,118,-1,ok,0
15,0.500,1780168743,G8,146,-27,ok,0
15,0.500,1780168743,G11,188,-45,ok,0
15,0.500,1780168743,G12,163,5,ok,1
15,0.500,1780168743,G13,92,-5,ok,0
15,0.500,1780168743,G14,141,237,ok,1
15,0.500,1780168743,D2,154,519,ok,1
15,0.500,1780168743,D6,357,606,ok,1
15,0.500,1780168743,D1,43,567,ok,1
15,0.500,1780168743,D3,252,670,ok,1
15,0.500,1780168743,G6,88,-32,interpolated,0
15,0.500,1780168743,G7,165,-24,interpolated,0
15,0.500,1780168743,G10,305,6,interpolated,1
15,0.500,1780168743,D5,-119,778,interpolated,0
16,0.533,1780168743,G1,290,213,ok,1
16,0.533,1780168743,G2,149,237,ok,1
16,0.533,1780168743,G3,104,100,ok,1
16,0.533,1780168743,G4,338,126,ok,1
16,0.533,1780168743,G5,-33,364,merged,0
16,0.533,1780168743,G9,118,-1,ok,0
16,0.533,1780168743,G8,146,-27,ok,0
16,0.533,1780168743,G12,162,7,ok,1
16,0.533,1780168743,G13,91,-4,ok,0
16,0.533,1780168743,G11,188,-45,ok,0
16,0.533,1780168743,G6,-5,-72,ok,0
16,0.533,1780168743,G7,166,-29,ok,0
16,0.533,1780168743,G10,311,5,ok,1
16,0.533,1780168743,D6,354,600,ok,1
16,0.533,1780168743,D1,43,566,ok,1
16,0.533,1780168743,D7,152,519,ok,1
16,0.533,1780168743,D3,251,673,ok,1
16,0.533,1780168743,D2,155,520,ok,1
16,0.533,1780168743,D5,-119,778,ok,0
16,0.533,1780168743,G14,141,237,interpolated,1
17,0.567,1780168743,G2,149,237,ok,1
17,0.567,1780168743,G5,-33,367,merged,0
17,0.567,1780168743,G1,292,209,ok,1
17,0.567,1780168743,G4,338,126,ok,1
17,0.567,1780168743,G3,104,100,ok,1
17,0.567,1780168743,G9,118,-1,ok,0
17,0.567,1780168743,G8,145,-27,ok,0
17,0.567,1780168743,G12,160,10,ok,1
17,0.567,1780168743,G11,189,-45,ok,0
17,0.567,1780168743,G13,91,-4,ok,0
17,0.567,1780168743,G7,166,-34,ok,0
17,0.567,1780168743,G6,-5,-72,ok,0
17,0.567,1780168743,G15,87,-35,ok,0
17,0.567,1780168743,D2,156,519,ok,1
17,0.567,1780168743,D6,353,599,ok,1
17,0.567,1780168743,D1,43,567,ok,1
17,0.567,1780168743,D3,250,675,ok,1
17,0.567,1780168743,D8,-114,450,ok,0
17,0.567,1780168743,G10,311,5,interpolated,1
17,0.567,1780168743,D5,-119,778,interpolated,0
17,0.567,1780168743,G14,141,237,interpolated,1
17,0.567,1780168743,D7,152,519,interpolated,1
18,0.600,1780168743,G2,149,237,ok,1
18,0.600,1780168743,G3,104,100,ok,1
18,0.600,1780168743,G4,339,125,ok,1
18,0.600,1780168743,G1,294,203,ok,1
18,0.600,1780168743,G9,117,-1,ok,0
18,0.600,1780168743,G5,-33,368,merged,0
18,0.600,1780168743,G12,159,13,ok,1
18,0.600,1780168743,G8,146,-27,ok,0
18,0.600,1780168743,G13,89,-4,ok,0
18,0.600,1780168743,G15,87,-37,ok,0
18,0.600,1780168743,G11,189,-46,ok,0
18,0.600,1780168743,G6,-6,-74,ok,0
18,0.600,1780168743,G7,166,-35,ok,0
18,0.600,1780168743,D2,156,519,ok,1
18,0.600,1780168743,D1,44,564,ok,1
18,0.600,1780168743,D6,351,599,ok,1
18,0.600,1780168743,D7,247,675,ok,1
18,0.600,1780168743,D3,250,675,ok,1
18,0.600,1780168743,G10,311,5,interpolated,1
18,0.600,1780168743,D5,-119,778,interpolated,0
18,0.600,1780168743,G14,141,237,interpolated,1
18,0.600,1780168743,D8,-114,450,interpolated,0
19,0.633,1780168743,G2,149,237,ok,1
19,0.633,1780168743,G3,104,100,ok,1
19,0.633,1780168743,G4,339,125,ok,1
19,0.633,1780168743,G9,117,-1,ok,0
19,0.633,1780168743,G1,295,203,ok,1
19,0.633,1780168743,G5,-33,368,merged,0
19,0.633,1780168743,G12,159,13,ok,1
19,0.633,1780168743,G8,146,-27,ok,0
19,0.633,1780168743,G13,89,-4,ok,0
19,0.633,1780168743,G11,189,-46,ok,0
19,0.633,1780168743,G15,87,-37,ok,0
19,0.633,1780168743,G6,-6,-74,ok,0
19,0.633,1780168743,G7,166,-37,ok,0
19,0.633,1780168743,D2,156,519,ok,1
19,0.633,1780168743,D1,44,564,ok,1
19,0.633,1780168743,D6,351,599,ok,1
19,0.633,1780168743,D7,247,675,ok,1
19,0.633,1780168743,G10,311,5,interpolated,1
19,0.633,1780168743,D3,250,675,interpolated,1
19,0.633,1780168743,D5,-119,778,interpolated,0
19,0.633,1780168743,G14,141,237,interpolated,1
19,0.633,1780168743,D8,-114,450,interpolated,0
20,0.667,1780168743,G2,149,237,ok,1
20,0.667,1780168743,G3,104,99,ok,1
20,0.667,1780168743,G1,294,196,ok,1
20,0.667,1780168743,G4,339,125,ok,1
20,0.667,1780168743,G5,-33,370,merged,0
20,0.667,1780168743,G9,118,-1,ok,0
20,0.667,1780168743,G12,157,14,ok,1
20,0.667,1780168743,G8,146,-27,ok,0
20,0.667,1780168743,G15,87,-37,ok,0
20,0.667,1780168743,G11,189,-45,ok,0
20,0.667,1780168743,G13,88,-4,ok,0
20,0.667,1780168743,G7,166,-35,ok,0
20,0.667,1780168743,G6,-7,-73,ok,0
20,0.667,1780168743,D2,156,520,ok,1
20,0.667,1780168743,D1,45,562,ok,1
20,0.667,1780168743,D6,351,599,ok,1
20,0.667,1780168743,D7,245,675,ok,1
20,0.667,1780168743,G10,311,5,interpolated,1
20,0.667,1780168743,D3,250,675,interpolated,1
20,0.667,1780168743,D5,-119,778,interpolated,0
20,0.667,1780168743,G14,141,237,interpolated,1
20,0.667,1780168743,D8,-114,450,interpolated,0
21,0.700,1780168743,G2,149,237,ok,1
21,0.700,1780168743,G1,294,194,ok,1
21,0.700,1780168743,G3,102,97,ok,1
21,0.700,1780168743,G4,340,123,ok,1
21,0.700,1780168743,G9,118,-1,ok,0
21,0.700,1780168743,G5,-33,370,merged,0
21,0.700,1780168743,G12,157,17,ok,1
21,0.700,1780168743,G15,87,-36,ok,0
21,0.700,1780168743,G8,146,-27,ok,0
21,0.700,1780168743,G7,166,-35,ok,0
21,0.700,1780168743,G11,189,-45,ok,0
21,0.700,1780168743,G10,316,4,ok,1
21,0.700,1780168743,G6,-8,-73,ok,0
21,0.700,1780168743,G13,87,-4,ok,0
21,0.700,1780168743,D2,157,520,ok,1
21,0.700,1780168743,D1,46,561,ok,1
21,0.700,1780168743,D6,347,598,ok,1
21,0.700,1780168743,D7,242,675,ok,1
21,0.700,1780168743,D3,250,675,interpolated,1
21,0.700,1780168743,D5,-119,778,interpolated,0
21,0.700,1780168743,G14,141,237,interpolated,1
21,0.700,1780168743,D8,-114,450,interpolated,0
22,0.733,1780168743,G2,149,237,ok,1
22,0.733,1780168743,G1,293,194,ok,1
22,0.733,1780168743,G3,101,95,ok,1
22,0.733,1780168743,G9,118,-1,ok,0
22,0.733,1780168743,G4,340,122,ok,1
22,0.733,1780168743,G5,-33,370,merged,0
22,0.733,1780168743,G12,157,18,ok,1
22,0.733,1780168743,G15,87,-35,ok,0
22,0.733,1780168743,G7,166,-34,ok,0
22,0.733,1780168743,G13,86,-4,ok,0
22,0.733,1780168743,G10,316,4,ok,1
22,0.733,1780168743,G8,146,-29,ok,0
22,0.733,1780168743,G11,189,-45,ok,0
22,0.733,1780168743,D2,157,523,ok,1
22,0.733,1780168743,D1,47,560,ok,1
22,0.733,1780168743,D6,345,595,ok,1
22,0.733,1780168743,D7,240,677,ok,1
22,0.733,1780168743,G6,-8,-73,interpolated,0
22,0.733,1780168743,D3,250,675,interpolated,1
22,0.733,1780168743,D5,-119,778,interpolated,0
22,0.733,1780168743,G14,141,237,interpolated,1
22,0.733,1780168743,D8,-114,450,interpolated,0
23,0.767,1780168743,G2,149,237,ok,1
23,0.767,1780168743,G1,292,193,ok,1
23,0.767,1780168743,G5,-33,370,merged,0
23,0.767,1780168743,G3,101,95,ok,1
23,0.767,1780168743,G4,341,120,ok,1
23,0.767,1780168743,G9,118,-1,ok,0
23,0.767,1780168743,G12,157,18,ok,1
23,0.767,1780168743,G15,87,-35,ok,0
23,0.767,1780168743,G7,166,-24,ok,0
23,0.767,1780168743,G10,316,4,ok,1
23,0.767,1780168743,G8,145,-30,ok,0
23,0.767,1780168743,G13,84,-4,ok,0
23,0.767,1780168743,G11,189,-45,ok,0
23,0.767,1780168743,D2,158,525,ok,1
23,0.767,1780168743,D1,48,559,ok,1
23,0.767,1780168743,D6,343,592,ok,1
23,0.767,1780168743,D7,239,679,ok,1
23,0.767,1780168743,D3,243,679,ok,1
23,0.767,1780168743,G6,-8,-73,interpolated,0
23,0.767,1780168743,D5,-119,778,interpolated,0
23,0.767,1780168743,G14,141,237,interpolated,1
23,0.767,1780168743,D8,-114,450,interpolated,0
24,0.800,1780168743,G5,-32,370,merged,0
24,0.800,1780168743,G2,148,238,ok,1
24,0.800,1780168743,G1,292,192,ok,1
24,0.800,1780168743,G3,99,95,ok,1
24,0.800,1780168743,G9,118,-1,ok,0
24,0.800,1780168743,G4,343,118,ok,1
24,0.800,1780168743,G15,87,-35,ok,0
24,0.800,1780168743,G7,166,-24,ok,0
24,0.800,1780168743,G12,156,18,ok,1
24,0.800,1780168743,G10,317,4,ok,1
24,0.800,1780168743,G13,84,-5,ok,0
24,0.800,1780168743,G8,143,-49,ok,0
24,0.800,1780168743,G11,189,-45,ok,0
24,0.800,1780168743,D1,49,559,ok,1
24,0.800,1780168743,D2,160,527,ok,1
24,0.800,1780168743,D6,340,588,ok,1
24,0.800,1780168743,D7,240,679,ok,1
24,0.800,1780168743,G6,-8,-73,interpolated,0
24,0.800,1780168743,D3,243,679,interpolated,1
24,0.800,1780168743,D5,-119,778,interpolated,0
24,0.800,1780168743,G14,141,237,interpolated,1
24,0.800,1780168743,D8,-114,450,interpolated,0
25,0.833,1780168743,G5,-32,370,merged,0
25,0.833,1780168743,G2,148,238,ok,1
25,0.833,1780168743,G1,292,192,ok,1
25,0.833,1780168743,G3,99,95,ok,1
25,0.833,1780168743,G9,118,-1,ok,0
25,0.833,1780168743,G4,343,118,ok,1
25,0.833,1780168743,G15,87,-35,ok,0
25,0.833,1780168743,G7,166,-24,ok,0
25,0.833,1780168743,G12,156,18,ok,1
25,0.833,1780168743,G10,317,4,ok,1
25,0.833,1780168743,G13,84,-5,ok,0
25,0.833,1780168743,G8,143,-49,ok,0
25,0.833,1780168743,G11,189,-45,ok,0
25,0.833,1780168743,D1,49,559,ok,1
25,0.833,1780168743,D2,160,526,ok,1
25,0.833,1780168743,D6,340,588,ok,1
25,0.833,1780168743,D7,240,679,ok,1
25,0.833,1780168743,G6,-8,-73,interpolated,0
25,0.833,1780168743,D3,243,679,interpolated,1
25,0.833,1780168743,D5,-119,778,interpolated,0
25,0.833,1780168743,G14,141,237,interpolated,1
25,0.833,1780168743,D8,-114,450,interpolated,0
26,0.867,1780168743,G5,-33,370,merged,0
26,0.867,1780168743,G2,148,238,ok,1
26,0.867,1780168743,G1,292,188,ok,1
26,0.867,1780168743,G3,97,94,ok,1
26,0.867,1780168743,G9,118,-1,ok,0
26,0.867,1780168743,G4,345,116,ok,1
26,0.867,1780168743,G15,87,-35,ok,0
26,0.867,1780168743,G7,166,-24,ok,0
26,0.867,1780168743,G12,155,19,ok,1
26,0.867,1780168743,G10,317,4,ok,1
26,0.867,1780168743,G13,83,-3,ok,0
26,0.867,1780168743,D2,161,528,ok,1
26,0.867,1780168743,D1,49,558,ok,1
26,0.867,1780168743,D6,338,585,ok,1
26,0.867,1780168743,D7,240,685,ok,1
26,0.867,1780168743,G6,-8,-73,interpolated,0
26,0.867,1780168743,G8,143,-49,interpolated,0
26,0.867,1780168743,G11,189,-45,interpolated,0
26,0.867,1780168743,D3,243,679,interpolated,1
26,0.867,1780168743,D5,-119,778,interpolated,0
26,0.867,1780168743,D8,-114,450,interpolated,0
27,0.900,1780168743,G5,-32,371,merged,0
27,0.900,1780168743,G2,149,238,ok,1
27,0.900,1780168743,G3,95,94,ok,1
27,0.900,1780168743,G1,293,184,ok,1
27,0.900,1780168743,G9,118,-1,ok,0
27,0.900,1780168743,G15,88,-33,ok,0
27,0.900,1780168743,G4,347,114,ok,1
27,0.900,1780168743,G7,166,-24,ok,0
27,0.900,1780168743,G12,152,19,ok,1
27,0.900,1780168743,G13,82,-4,ok,0
27,0.900,1780168743,G11,189,-46,ok,0
27,0.900,1780168743,D1,49,557,ok,1
27,0.900,1780168743,D2,163,531,ok,1
27,0.900,1780168743,D6,336,585,ok,1
27,0.900,1780168743,D7,240,687,ok,1
27,0.900,1780168743,G6,-8,-73,interpolated,0
27,0.900,1780168743,G8,143,-49,interpolated,0
27,0.900,1780168743,G10,317,4,interpolated,1
27,0.900,1780168743,D3,243,679,interpolated,1
27,0.900,1780168743,D8,-114,450,interpolated,0
28,0.933,1780168743,G5,-32,371,merged,0
28,0.933,1780168743,G2,149,238,ok,1
28,0.933,1780168743,G1,293,177,ok,1
28,0.933,1780168743,G3,93,94,ok,1
28,0.933,1780168743,G9,118,-1,ok,0
28,0.933,1780168743,G15,88,-33,ok,0
28,0.933,1780168743,G7,166,-24,ok,0
28,0.933,1780168743,G4,348,112,ok,1
28,0.933,1780168743,G12,150,18,ok,1
28,0.933,1780168743,G13,81,-3,ok,0
28,0.933,1780168743,G11,189,-46,ok,0
28,0.933,1780168743,D2,164,530,ok,1
28,0.933,1780168743,D1,50,556,ok,1
28,0.933,1780168743,D6,335,585,ok,1
28,0.933,1780168743,D7,239,691,ok,1
28,0.933,1780168743,G6,-8,-73,interpolated,0
28,0.933,1780168743,G8,143,-49,interpolated,0
28,0.933,1780168743,G10,317,4,interpolated,1
28,0.933,1780168743,D3,243,679,interpolated,1
29,0.967,1780168743,G2,149,238,ok,1
29,0.967,1780168743,G5,-32,371,merged,0
29,0.967,1780168743,G1,293,175,ok,1
29,0.967,1780168743,G3,92,94,ok,1
29,0.967,1780168743,G9,118,-1,ok,0
29,0.967,1780168743,G15,87,-34,ok,0
29,0.967,1780168743,G7,166,-24,ok,0
29,0.967,1780168743,G4,348,110,ok,1
29,0.967,1780168743,G12,147,20,ok,1
29,0.967,1780168743,G13,81,-3,ok,0
29,0.967,1780168743,D2,165,530,ok,1
29,0.967,1780168743,D6,334,581,ok,1
29,0.967,1780168743,D1,50,555,ok,1
29,0.967,1780168743,D7,238,696,ok,1
29,0.967,1780168743,G6,-8,-73,interpolated,0
29,0.967,1780168743,G8,143,-49,interpolated,0
29,0.967,1780168743,G10,317,4,interpolated,1
29,0.967,1780168743,G11,189,-46,interpolated,0
29,0.967,1780168743,D3,243,679,interpolated,1
30,1.000,1780168744,G2,149,238,ok,1
30,1.000,1780168744,G3,91,93,ok,1
30,1.000,1780168744,G9,118,-1,ok,0
30,1.000,1780168744,G1,293,171,ok,1
30,1.000,1780168744,G15,88,-32,ok,0
30,1.000,1780168744,G7,166,-23,ok,0
30,1.000,1780168744,G4,348,110,ok,1
30,1.000,1780168744,G5,-32,371,merged,0
30,1.000,1780168744,G12,146,22,ok,1
30,1.000,1780168744,G14,-34,392,ok,0
30,1.000,1780168744,G8,145,-30,ok,0
30,1.000,1780168744,G10,473,395,ok,0
30,1.000,1780168744,G11,189,-46,ok,0
30,1.000,1780168744,G13,81,0,ok,1
30,1.000,1780168744,D2,166,531,ok,1
30,1.000,1780168744,D6,332,571,ok,1
30,1.000,1780168744,D1,50,555,ok,1
30,1.000,1780168744,D7,237,698,ok,1
30,1.000,1780168744,G6,-8,-73,interpolated,0
30,1.000,1780168744,D3,243,679,interpolated,1
31,1.033,1780168744,G2,149,238,ok,1
31,1.033,1780168744,G3,91,93,ok,1
31,1.033,1780168744,G9,118,-1,ok,0
31,1.033,1780168744,G1,293,171,ok,1
31,1.033,1780168744,G15,88,-32,ok,0
31,1.033,1780168744,G7,166,-23,ok,0
31,1.033,1780168744,G4,348,110,ok,1
31,1.033,1780168744,G5,-32,371,merged,0
31,1.033,1780168744,G12,146,22,ok,1
31,1.033,1780168744,G14,-34,392,ok,0
31,1.033,1780168744,G8,145,-30,ok,0
31,1.033,1780168744,G11,189,-46,ok,0
31,1.033,1780168744,G13,81,0,ok,1
31,1.033,1780168744,G10,473,395,ok,0
31,1.033,1780168744,D2,166,531,ok,1
31,1.033,1780168744,D6,332,571,ok,1
31,1.033,1780168744,D1,50,555,ok,1
31,1.033,1780168744,D7,237,699,ok,1
31,1.033,1780168744,G6,-8,-73,interpolated,0
31,1.033,1780168744,D3,243,679,interpolated,1
32,1.067,1780168744,G2,149,238,ok,1
32,1.067,1780168744,G1,290,172,ok,1
32,1.067,1780168744,G3,91,94,ok,1
32,1.067,1780168744,G9,118,-1,ok,0
32,1.067,1780168744,G15,88,-32,ok,0
32,1.067,1780168744,G5,-32,371,merged,0
32,1.067,1780168744,G4,348,111,ok,1
32,1.067,1780168744,G7,166,-23,ok,0
32,1.067,1780168744,G8,145,-30,ok,0
32,1.067,1780168744,G14,-34,392,ok,0
32,1.067,1780168744,G12,145,24,ok,1
32,1.067,1780168744,G11,189,-46,ok,0
32,1.067,1780168744,G13,80,-1,ok,0
32,1.067,1780168744,G10,473,395,ok,0
32,1.067,1780168744,D2,167,531,ok,1
32,1.067,1780168744,D6,332,568,ok,1
32,1.067,1780168744,D1,50,555,ok,1
32,1.067,1780168744,D7,233,701,ok,1
32,1.067,1780168744,D3,243,679,interpolated,1
33,1.100,1780168744,G2,149,238,ok,1
33,1.100,1780168744,G1,290,166,ok,1
33,1.100,1780168744,G3,90,94,ok,1
33,1.100,1780168744,G9,118,-1,ok,0
33,1.100,1780168744,G15,88,-33,ok,0
33,1.100,1780168744,G5,-32,372,merged,0
33,1.100,1780168744,G7,166,-23,ok,0
33,1.100,1780168744,G4,348,110,ok,1
33,1.100,1780168744,G12,144,27,ok,1
33,1.100,1780168744,G13,79,0,ok,1
33,1.100,1780168744,G8,145,-29,ok,0
33,1.100,1780168744,G11,190,-46,ok,0
33,1.100,1780168744,G10,473,395,ok,0
33,1.100,1780168744,G14,-34,392,ok,0
33,1.100,1780168744,D2,169,531,ok,1
33,1.100,1780168744,D1,51,555,ok,1
33,1.100,1780168744,D6,330,565,ok,1
33,1.100,1780168744,D7,230,700,ok,1
33,1.100,1780168744,D3,243,679,interpolated,1
34,1.133,1780168744,G2,149,237,ok,1
34,1.133,1780168744,G1,289,163,ok,1
34,1.133,1780168744,G3,90,94,ok,1
34,1.133,1780168744,G9,118,-1,ok,0
34,1.133,1780168744,G15,88,-32,ok,0
34,1.133,1780168744,G7,166,-23,ok,0
34,1.133,1780168744,G14,-33,373,merged,0
34,1.133,1780168744,G4,348,111,ok,1
34,1.133,1780168744,G12,143,28,ok,1
34,1.133,1780168744,G13,78,0,ok,1
34,1.133,1780168744,G8,145,-28,ok,0
34,1.133,1780168744,G11,190,-46,ok,0
34,1.133,1780168744,G10,473,395,ok,0
34,1.133,1780168744,D1,51,554,ok,1
34,1.133,1780168744,D2,170,531,ok,1
34,1.133,1780168744,D6,328,562,ok,1
34,1.133,1780168744,D7,227,699,ok,1
34,1.133,1780168744,G5,-32,372,interpolated,0
35,1.167,1780168744,G2,149,237,ok,1
35,1.167,1780168744,G9,118,0,ok,1
35,1.167,1780168744,G1,291,158,ok,1
35,1.167,1780168744,G15,88,-32,ok,0
35,1.167,1780168744,G3,89,93,ok,1
35,1.167,1780168744,G7,166,-23,ok,0
35,1.167,1780168744,G4,348,110,ok,1
35,1.167,1780168744,G14,-32,374,merged,0
35,1.167,1780168744,G12,142,28,ok,1
35,1.167,1780168744,G8,146,-28,ok,0
35,1.167,1780168744,G13,78,0,ok,1
35,1.167,1780168744,G11,190,-46,ok,0
35,1.167,1780168744,G6,328,4,ok,1
35,1.167,1780168744,G10,473,395,ok,0
35,1.167,1780168744,D2,171,531,ok,1
35,1.167,1780168744,D1,51,554,ok,1
35,1.167,1780168744,D6,328,558,ok,1
35,1.167,1780168744,D7,226,700,ok,1
35,1.167,1780168744,G5,-32,372,interpolated,0
36,1.200,1780168744,G2,149,237,ok,1
36,1.200,1780168744,G1,290,151,ok,1
36,1.200,1780168744,G3,89,92,ok,1
36,1.200,1780168744,G9,118,0,ok,1
36,1.200,1780168744,G15,88,-32,ok,0
36,1.200,1780168744,G7,166,-23,ok,0
36,1.200,1780168744,G14,-32,377,merged,0
36,1.200,1780168744,G4,348,110,ok,1
36,1.200,1780168744,G12,141,30,ok,1
36,1.200,1780168744,G8,146,-27,ok,0
36,1.200,1780168744,G6,329,4,ok,1
36,1.200,1780168744,G11,190,-46,ok,0
36,1.200,1780168744,D2,171,531,ok,1
36,1.200,1780168744,D1,52,554,ok,1
36,1.200,1780168744,D6,326,552,ok,1
36,1.200,1780168744,D7,226,701,ok,1
36,1.200,1780168744,D3,-114,450,ok,0
36,1.200,1780168744,G5,-32,372,interpolated,0
36,1.200,1780168744,G10,473,395,interpolated,0
36,1.200,1780168744,G13,78,0,interpolated,1
37,1.233,1780168744,G2,149,237,ok,1
37,1.233,1780168744,G1,290,151,ok,1
37,1.233,1780168744,G3,89,92,ok,1
37,1.233,1780168744,G9,118,0,ok,1
37,1.233,1780168744,G15,88,-32,ok,0
37,1.233,1780168744,G7,166,-23,ok,0
37,1.233,1780168744,G14,-32,376,merged,0
37,1.233,1780168744,G4,348,110,ok,1
37,1.233,1780168744,G12,141,30,ok,1
37,1.233,1780168744,G8,146,-27,ok,0
37,1.233,1780168744,G6,329,4,ok,1
37,1.233,1780168744,G11,190,-46,ok,0
37,1.233,1780168744,D2,171,531,ok,1
37,1.233,1780168744,D1,52,554,ok,1
37,1.233,1780168744,D6,326,552,ok,1
37,1.233,1780168744,D7,226,701,ok,1
37,1.233,1780168744,D3,-114,450,ok,0
37,1.233,1780168744,G5,-32,372,interpolated,0
37,1.233,1780168744,G10,473,395,interpolated,0
37,1.233,1780168744,G13,78,0,interpolated,1
38,1.267,1780168744,G2,149,238,ok,1
38,1.267,1780168744,G1,287,148,ok,1
38,1.267,1780168744,G3,87,91,ok,1
38,1.267,1780168744,G9,118,0,ok,1
38,1.267,1780168744,G15,88,-32,ok,0
38,1.267,1780168744,G14,-32,379,merged,0
38,1.267,1780168744,G4,349,109,ok,1
38,1.267,1780168744,G7,166,-23,ok,0
38,1.267,1780168744,G6,330,5,ok,1
38,1.267,1780168744,G8,146,-27,ok,0
38,1.267,1780168744,G12,140,31,ok,1
38,1.267,1780168744,G11,190,-46,ok,0
38,1.267,1780168744,G13,75,0,ok,1
38,1.267,1780168744,D2,172,530,ok,1
38,1.267,1780168744,D1,52,554,ok,1
38,1.267,1780168744,D6,325,551,ok,1
38,1.267,1780168744,D7,224,702,ok,1
38,1.267,1780168744,D3,-114,450,ok,0
38,1.267,1780168744,G5,-32,372,interpolated,0
38,1.267,1780168744,G10,473,395,interpolated,0
39,1.300,1780168744,G2,149,238,ok,1
39,1.300,1780168744,G1,284,147,ok,1
39,1.300,1780168744,G3,86,89,ok,1
39,1.300,1780168744,G9,118,0,ok,1
39,1.300,1780168744,G15,88,-32,ok,0
39,1.300,1780168744,G14,-33,382,merged,0
39,1.300,1780168744,G4,349,109,ok,1
39,1.300,1780168744,G7,166,-23,ok,0
39,1.300,1780168744,G6,331,4,ok,1
39,1.300,1780168744,G12,140,31,ok,1
39,1.300,1780168744,G8,146,-27,ok,0
39,1.300,1780168744,G11,190,-46,ok,0
39,1.300,1780168744,G13,72,0,ok,1
39,1.300,1780168744,D2,172,528,ok,1
39,1.300,1780168744,D1,53,555,ok,1
39,1.300,1780168744,D6,324,551,ok,1
39,1.300,1780168744,D7,223,705,ok,1
39,1.300,1780168744,D3,-114,450,ok,0
39,1.300,1780168744,G5,-32,372,interpolated,0
39,1.300,1780168744,G10,473,395,interpolated,0
40,1.333,1780168744,G2,149,238,ok,1
40,1.333,1780168744,G1,283,144,ok,1
40,1.333,1780168744,G15,88,-32,ok,0
40,1.333,1780168744,G3,84,88,ok,1
40,1.333,1780168744,G9,118,-1,ok,0
40,1.333,1780168744,G4,349,109,ok,1
40,1.333,1780168744,G7,166,-23,ok,0
40,1.333,1780168744,G8,145,-27,ok,0
40,1.333,1780168744,G6,331,4,ok,1
40,1.333,1780168744,G14,-33,383,merged,0
40,1.333,1780168744,G12,137,30,ok,1
40,1.333,1780168744,G13,70,1,ok,1
40,1.333,1780168744,G11,190,-46,ok,0
40,1.333,1780168744,D1,54,554,ok,1
40,1.333,1780168744,D2,172,526,ok,1
40,1.333,1780168744,D6,322,551,ok,1
40,1.333,1780168744,D7,221,710,ok,1
40,1.333,1780168744,D3,-115,451,ok,0
40,1.333,1780168744,G5,-32,372,interpolated,0
40,1.333,1780168744,G10,473,395,interpolated,0
41,1.367,1780168744,G2,149,237,ok,1
41,1.367,1780168744,G1,281,143,ok,1
41,1.367,1780168744,G3,83,87,ok,1
41,1.367,1780168744,G4,350,108,ok,1
41,1.367,1780168744,G15,88,-32,ok,0
41,1.367,1780168744,G9,117,-1,ok,0
41,1.367,1780168744,G7,166,-23,ok,0
41,1.367,1780168744,G8,145,-27,ok,0
41,1.367,1780168744,G12,136,30,ok,1
41,1.367,1780168744,G14,-32,384,merged,0
41,1.367,1780168744,G6,331,6,ok,1
41,1.367,1780168744,G13,69,4,ok,1
41,1.367,1780168744,G11,190,-46,ok,0
41,1.367,1780168744,D1,56,554,ok,1
41,1.367,1780168744,D2,173,526,ok,1
41,1.367,1780168744,D6,321,551,ok,1
41,1.367,1780168744,D7,218,713,ok,1
41,1.367,1780168744,D3,-115,451,ok,0
41,1.367,1780168744,G5,-32,372,interpolated,0
41,1.367,1780168744,G10,473,395,interpolated,0
42,1.400,1780168744,G2,149,238,ok,1
42,1.400,1780168744,G1,279,140,ok,1
42,1.400,1780168744,G4,350,108,ok,1
42,1.400,1780168744,G3,82,88,ok,1
42,1.400,1780168744,G15,88,-32,ok,0
42,1.400,1780168744,G9,117,-1,ok,0
42,1.400,1780168744,G7,166,-23,ok,0
42,1.400,1780168744,G8,145,-27,ok,0
42,1.400,1780168744,G12,133,30,ok,1
42,1.400,1780168744,G14,-32,386,merged,0
42,1.400,1780168744,G6,332,6,ok,1
42,1.400,1780168744,G13,67,1,ok,1
42,1.400,1780168744,G11,190,-46,ok,0
42,1.400,1780168744,G5,-32,403,ok,0
42,1.400,1780168744,D1,58,554,ok,1
42,1.400,1780168744,D2,173,524,ok,1
42,1.400,1780168744,D6,320,551,ok,1
42,1.400,1780168744,D3,-115,451,ok,0
42,1.400,1780168744,D7,216,716,ok,1
42,1.400,1780168744,G10,473,395,interpolated,0
43,1.433,1780168744,G2,149,238,ok,1
43,1.433,1780168744,G1,279,140,ok,1
43,1.433,1780168744,G4,350,108,ok,1
43,1.433,1780168744,G3,82,88,ok,1
43,1.433,1780168744,G15,88,-32,ok,0
43,1.433,1780168744,G9,117,-1,ok,0
43,1.433,1780168744,G7,166,-23,ok,0
43,1.433,1780168744,G8,145,-27,ok,0
43,1.433,1780168744,G12,133,30,ok,1
43,1.433,1780168744,G6,331,6,ok,1
43,1.433,1780168744,G5,-32,386,merged,0
43,1.433,1780168744,G14,-32,403,ok,0
43,1.433,1780168744,G13,67,1,ok,1
43,1.433,1780168744,G11,190,-45,ok,0
43,1.433,1780168744,D1,58,554,ok,1
43,1.433,1780168744,D2,173,524,ok,1
43,1.433,1780168744,D6,320,551,ok,1
43,1.433,1780168744,D7,216,716,ok,1
43,1.433,1780168744,D3,-115,451,ok,0
43,1.433,1780168744,G10,473,395,interpolated,0
44,1.467,1780168744,G2,149,237,ok,1
44,1.467,1780168744,G4,350,109,ok,1
44,1.467,1780168744,G3,81,86,ok,1
44,1.467,1780168744,G1,280,137,ok,1
44,1.467,1780168744,G15,88,-32,ok,0
44,1.467,1780168744,G7,166,-23,ok,0
44,1.467,1780168744,G9,116,-4,ok,0
44,1.467,1780168744,G14,-32,386,merged,0
44,1.467,1780168744,G8,145,-27,ok,0
44,1.467,1780168744,G12,132,29,ok,1
44,1.467,1780168744,G6,332,7,ok,1
44,1.467,1780168744,G13,67,2,ok,1
44,1.467,1780168744,G5,-32,403,ok,0
44,1.467,1780168744,G11,190,-45,ok,0
44,1.467,1780168744,D1,60,554,ok,1
44,1.467,1780168744,D2,174,522,ok,1
44,1.467,1780168744,D6,320,552,ok,1
44,1.467,1780168744,D7,213,718,ok,1
44,1.467,1780168744,D3,-115,451,ok,0
44,1.467,1780168744,G10,473,395,interpolated,0
45,1.500,1780168744,G2,150,237,ok,1
45,1.500,1780168744,G1,278,130,ok,1
45,1.500,1780168744,G3,80,85,ok,1
45,1.500,1780168744,G4,349,110,ok,1
45,1.500,1780168744,G15,88,-32,ok,0
45,1.500,1780168744,G7,165,-23,ok,0
45,1.500,1780168744,G9,116,-2,ok,0
45,1.500,1780168744,G8,145,-27,ok,0
45,1.500,1780168744,G13,66,1,ok,1
45,1.500,1780168744,G14,-32,385,merged,0
45,1.500,1780168744,G12,129,29,ok,1
45,1.500,1780168744,G6,333,7,ok,1
45,1.500,1780168744,G11,190,-45,ok,0
45,1.500,1780168744,G5,-34,399,ok,0
45,1.500,1780168744,D2,174,522,ok,1
45,1.500,1780168744,D6,319,552,ok,1
45,1.500,1780168744,D1,61,553,ok,1
45,1.500,1780168744,D3,-115,451,ok,0
45,1.500,1780168744,G10,473,395,interpolated,0
45,1.500,1780168744,D7,213,718,interpolated,1
46,1.533,1780168744,G2,150,237,ok,1
46,1.533,1780168744,G3,80,84,ok,1
46,1.533,1780168744,G4,349,109,ok,1
46,1.533,1780168744,G10,280,126,ok,1
46,1.533,1780168744,G15,88,-32,ok,0
46,1.533,1780168744,G7,166,-23,ok,0
46,1.533,1780168744,G9,116,0,ok,1
46,1.533,1780168744,G5,-31,386,merged,0
46,1.533,1780168744,G8,145,-27,ok,0
46,1.533,1780168744,G12,128,29,ok,1
46,1.533,1780168744,G13,66,2,ok,1
46,1.533,1780168744,G1,277,126,ok,1
46,1.533,1780168744,G11,190,-46,ok,0
46,1.533,1780168744,G14,-33,403,ok,0
46,1.533,1780168744,G6,335,7,ok,1
46,1.533,1780168744,D6,317,554,ok,1
46,1.533,1780168744,D1,63,553,ok,1
46,1.533,1780168744,D2,174,522,ok,1
46,1.533,1780168744,D7,209,720,ok,1
46,1.533,1780168744,D3,-114,451,ok,0
47,1.567,1780168744,G2,151,239,ok,1
47,1.567,1780168744,G1,276,121,ok,1
47,1.567,1780168744,G4,349,112,ok,1
47,1.567,1780168744,G3,79,83,ok,1
47,1.567,1780168744,G15,88,-32,ok,0
47,1.567,1780168744,G7,166,-23,ok,0
47,1.567,1780168744,G5,-31,387,merged,0
47,1.567,1780168744,G12,126,30,ok,1
47,1.567,1780168744,G8,145,-27,ok,0
47,1.567,1780168744,G9,116,-4,ok,0
47,1.567,1780168744,G13,66,2,ok,1
47,1.567,1780168744,G11,190,-45,ok,0
47,1.567,1780168744,G6,336,6,ok,1
47,1.567,1780168744,G14,-32,403,ok,0
47,1.567,1780168744,D6,316,552,ok,1
47,1.567,1780168744,D2,176,522,ok,1
47,1.567,1780168744,D1,64,553,ok,1
47,1.567,1780168744,D7,207,719,ok,1
47,1.567,1780168744,D3,-115,451,ok,0
47,1.567,1780168744,G10,280,126,interpolated,1
48,1.600,1780168744,G2,151,240,ok,1
48,1.600,1780168744,G3,78,82,ok,1
48,1.600,1780168744,G1,276,117,ok,1
48,1.600,1780168744,G4,348,115,ok,1
48,1.600,1780168744,G15,88,-31,ok,0
48,1.600,1780168744,G12,125,31,ok,1
48,1.600,1780168744,G7,166,-23,ok,0
48,1.600,1780168744,G5,-30,387,merged,0
48,1.600,1780168744,G8,145,-27,ok,0
48,1.600,1780168744,G9,116,-12,ok,0
48,1.600,1780168744,G13,66,2,ok,1
48,1.600,1780168744,G11,190,-45,ok,0
48,1.600,1780168744,G14,-32,403,ok,0
48,1.600,1780168744,D2,176,522,ok,1
48,1.600,1780168744,D6,316,555,ok,1
48,1.600,1780168744,D1,65,552,ok,1
48,1.600,1780168744,D7,205,722,ok,1
48,1.600,1780168744,D3,-115,451,ok,0
48,1.600,1780168744,G10,280,126,interpolated,1
48,1.600,1780168744,G6,336,6,interpolated,1
49,1.633,1780168744,G2,151,240,ok,1
49,1.633,1780168744,G3,78,82,ok,1
49,1.633,1780168744,G1,276,117,ok,1
49,1.633,1780168744,G15,88,-31,ok,0
49,1.633,1780168744,G12,125,31,ok,1
49,1.633,1780168744,G4,348,115,ok,1
49,1.633,1780168744,G7,166,-23,ok,0
49,1.633,1780168744,G5,-30,387,merged,0
49,1.633,1780168744,G8,145,-27,ok,0
49,1.633,1780168744,G9,116,-12,ok,0
49,1.633,1780168744,G13,66,2,ok,1
49,1.633,1780168744,G11,190,-45,ok,0
49,1.633,1780168744,G14,-32,403,ok,0
49,1.633,1780168744,D2,177,522,ok,1
49,1.633,1780168744,D6,316,555,ok,1
49,1.633,1780168744,D1,65,552,ok,1
49,1.633,1780168744,D7,205,722,ok,1
49,1.633,1780168744,D3,-115,451,ok,0
49,1.633,1780168744,G10,280,126,interpolated,1
49,1.633,1780168744,G6,336,6,interpolated,1
50,1.667,1780168744,G2,152,240,ok,1
50,1.667,1780168744,G1,275,114,ok,1
50,1.667,1780168744,G4,348,117,ok,1
50,1.667,1780168744,G3,77,80,ok,1
50,1.667,1780168744,G15,88,-32,ok,0
50,1.667,1780168744,G7,166,-23,ok,0
50,1.667,1780168744,G5,-30,387,merged,0
50,1.667,1780168744,G8,145,-27,ok,0
50,1.667,1780168744,G12,123,31,ok,1
50,1.667,1780168744,G14,-32,404,ok,0
50,1.667,1780168744,G13,67,2,ok,1
50,1.667,1780168744,G9,116,-13,ok,0
50,1.667,1780168744,G11,190,-45,ok,0
50,1.667,1780168744,D2,176,522,ok,1
50,1.667,1780168744,D1,66,552,ok,1
50,1.667,1780168744,D6,316,555,ok,1
50,1.667,1780168744,D7,203,724,ok,1
50,1.667,1780168744,D3,-115,451,ok,0
50,1.667,1780168744,G10,280,126,interpolated,1
50,1.667,1780168744,G6,336,6,interpolated,1
51,1.700,1780168744,G1,274,112,ok,1
51,1.700,1780168744,G2,151,240,ok,1
51,1.700,1780168744,G4,349,117,ok,1
51,1.700,1780168744,G15,88,-32,ok,0
51,1.700,1780168744,G3,76,80,ok,1
51,1.700,1780168744,G7,166,-23,ok,0
51,1.700,1780168744,G5,-30,387,merged,0
51,1.700,1780168744,G12,122,32,ok,1
51,1.700,1780168744,G14,-32,404,ok,0
51,1.700,1780168744,G8,145,-27,ok,0
51,1.700,1780168744,G13,67,3,ok,1
51,1.700,1780168744,G16,-32,404,ok,0
51,1.700,1780168744,G11,190,-45,ok,0
51,1.700,1780168744,G10,146,240,ok,1
51,1.700,1780168744,D2,177,522,ok,1
51,1.700,1780168744,D6,316,558,ok,1
51,1.700,1780168744,D1,67,552,ok,1
51,1.700,1780168744,D7,200,725,ok,1
51,1.700,1780168744,D3,-115,451,ok,0
51,1.700,1780168744,G9,116,-13,interpolated,0
51,1.700,1780168744,G6,336,6,interpolated,1
52,1.733,1780168744,G2,150,240,ok,1
52,1.733,1780168744,G4,349,117,ok,1
52,1.733,1780168744,G1,272,106,ok,1
52,1.733,1780168744,G15,88,-31,ok,0
52,1.733,1780168744,G3,77,80,ok,1
52,1.733,1780168744,G7,166,-23,ok,0
52,1.733,1780168744,G12,122,33,ok,1
52,1.733,1780168744,G5,-29,387,merged,0
52,1.733,1780168744,G8,145,-27,ok,0
52,1.733,1780168744,G14,-32,404,ok,0
52,1.733,1780168744,G13,65,4,ok,1
52,1.733,1780168744,G11,190,-46,ok,0
52,1.733,1780168744,G16,-32,404,ok,0
52,1.733,1780168744,D1,67,552,ok,1
52,1.733,1780168744,D2,177,522,ok,1
52,1.733,1780168744,D6,317,560,ok,1
52,1.733,1780168744,D7,198,726,ok,1
52,1.733,1780168744,D3,-115,451,ok,0
52,1.733,1780168744,G9,116,-13,interpolated,0
52,1.733,1780168744,G10,146,240,interpolated,1
52,1.733,1780168744,G6,336,6,interpolated,1
53,1.767,1780168744,G2,150,238,ok,1
53,1.767,1780168744,G1,271,103,ok,1
53,1.767,1780168744,G4,349,117,ok,1
53,1.767,1780168744,G15,88,-31,ok,0
53,1.767,1780168744,G3,76,80,ok,1
53,1.767,1780168744,G7,166,-23,ok,0
53,1.767,1780168744,G12,122,35,ok,1
53,1.767,1780168744,G8,145,-27,ok,0
53,1.767,1780168744,G13,64,5,ok,1
53,1.767,1780168744,G9,116,-12,ok,0
53,1.767,1780168744,G11,190,-46,ok,0
53,1.767,1780168744,G5,-29,387,merged,0
53,1.767,1780168744,G14,-32,404,ok,0
53,1.767,1780168744,D1,68,552,ok,1
53,1.767,1780168744,D2,176,522,ok,1
53,1.767,1780168744,D6,317,566,ok,1
53,1.767,1780168744,D7,197,726,ok,1
53,1.767,1780168744,D3,-115,451,ok,0
53,1.767,1780168744,G10,146,240,interpolated,1
53,1.767,1780168744,G6,336,6,interpolated,1
53,1.767,1780168744,G16,-32,404,interpolated,0
54,1.800,1780168744,G2,150,237,ok,1
54,1.800,1780168744,G1,269,103,ok,1
54,1.800,1780168744,G4,349,117,ok,1
54,1.800,1780168744,G12,121,34,ok,1
54,1.800,1780168744,G15,88,-31,ok,0
54,1.800,1780168744,G3,76,80,ok,1
54,1.800,1780168744,G7,165,-23,ok,0
54,1.800,1780168744,G9,115,-17,ok,0
54,1.800,1780168744,G8,145,-27,ok,0
54,1.800,1780168744,G11,190,-46,ok,0
54,1.800,1780168744,G5,-29,388,merged,0
54,1.800,1780168744,G13,64,8,ok,1
54,1.800,1780168744,G6,472,395,ok,0
54,1.800,1780168744,G14,-32,404,ok,0
54,1.800,1780168744,D1,69,552,ok,1
54,1.800,1780168744,D2,176,519,ok,1
54,1.800,1780168744,D6,318,570,ok,1
54,1.800,1780168744,D7,194,726,ok,1
54,1.800,1780168744,D3,-115,451,ok,0
54,1.800,1780168744,D9,-114,450,ok,0
54,1.800,1780168744,G10,146,240,interpolated,1
54,1.800,1780168744,G16,-32,404,interpolated,0
55,1.833,1780168744,G2,150,237,ok,1
55,1.833,1780168744,G1,269,103,ok,1
55,1.833,1780168744,G4,349,117,ok,1
55,1.833,1780168744,G12,121,34,ok,1
55,1.833,1780168744,G15,88,-31,ok,0
55,1.833,1780168744,G3,76,80,ok,1
55,1.833,1780168744,G7,165,-23,ok,0
55,1.833,1780168744,G9,115,-17,ok,0
55,1.833,1780168744,G8,145,-27,ok,0
55,1.833,1780168744,G11,190,-46,ok,0
55,1.833,1780168744,G5,-29,388,merged,0
55,1.833,1780168744,G13,64,7,ok,1
55,1.833,1780168744,G6,472,395,ok,0
55,1.833,1780168744,G14,-32,404,ok,0
55,1.833,1780168744,D1,69,552,ok,1
55,1.833,1780168744,D2,176,519,ok,1
55,1.833,1780168744,D6,317,570,ok,1
55,1.833,1780168744,D7,194,726,ok,1
55,1.833,1780168744,D3,-115,451,ok,0
55,1.833,1780168744,D9,-114,450,ok,0
55,1.833,1780168744,D10,-116,777,ok,0
55,1.833,1780168744,G10,146,240,interpolated,1
55,1.833,1780168744,G16,-32,404,interpolated,0
56,1.867,1780168744,G2,147,234,ok,1
56,1.867,1780168744,G1,266,103,ok,1
56,1.867,1780168744,G4,349,117,ok,1
56,1.867,1780168744,G15,88,-32,ok,0
56,1.867,1780168744,G7,165,-23,ok,0
56,1.867,1780168744,G3,75,80,ok,1
56,1.867,1780168744,G12,119,34,ok,1
56,1.867,1780168744,G8,145,-27,ok,0
56,1.867,1780168744,G9,116,-15,ok,0
56,1.867,1780168744,G13,64,12,ok,1
56,1.867,1780168744,G11,189,-46,ok,0
56,1.867,1780168744,G6,472,395,ok,0
56,1.867,1780168744,G5,-29,389,merged,0
56,1.867,1780168744,D1,70,551,ok,1
56,1.867,1780168744,D6,317,571,ok,1
56,1.867,1780168744,D2,177,517,ok,1
56,1.867,1780168744,D7,190,726,ok,1
56,1.867,1780168744,D3,-114,451,ok,0
56,1.867,1780168744,G10,146,240,interpolated,1
56,1.867,1780168744,G14,-32,404,interpolated,0
56,1.867,1780168744,G16,-32,404,interpolated,0
56,1.867,1780168744,D9,-114,450,interpolated,0
56,1.867,1780168744,D10,-116,777,interpolated,0
57,1.900,1780168744,G2,147,231,ok,1
57,1.900,1780168744,G1,265,102,ok,1
57,1.900,1780168744,G12,117,34,ok,1
57,1.900,1780168744,G3,74,80,ok,1
57,1.900,1780168744,G15,88,-32,ok,0
57,1.900,1780168744,G4,348,117,ok,1
57,1.900,1780168744,G7,165,-23,ok,0
57,1.900,1780168744,G9,117,-8,ok,0
57,1.900,1780168744,G13,62,11,ok,1
57,1.900,1780168744,G8,145,-27,ok,0
57,1.900,1780168744,G6,472,395,ok,0
57,1.900,1780168744,G11,190,-46,ok,0
57,1.900,1780168744,D4,-27,376,ok,0
57,1.900,1780168744,D2,178,515,ok,1
57,1.900,1780168744,D6,316,572,ok,1
57,1.900,1780168744,D1,70,550,ok,1
57,1.900,1780168744,D7,186,725,ok,1
57,1.900,1780168744,G5,-29,389,interpolated,0
57,1.900,1780168744,G10,146,240,interpolated,1
57,1.900,1780168744,G14,-32,404,interpolated,0
57,1.900,1780168744,D3,-114,451,interpolated,0
57,1.900,1780168744,G16,-32,404,interpolated,0
57,1.900,1780168744,D9,-114,450,interpolated,0
57,1.900,1780168744,D10,-116,777,interpolated,0
58,1.933,1780168744,G1,263,100,ok,1
58,1.933,1780168744,G2,143,229,ok,1
58,1.933,1780168744,G15,88,-32,ok,0
58,1.933,1780168744,G4,348,117,ok,1
58,1.933,1780168744,G7,165,-23,ok,0
58,1.933,1780168744,G9,117,-3,ok,0
58,1.933,1780168744,G12,115,35,ok,1
58,1.933,1780168744,G3,72,79,ok,1
58,1.933,1780168744,G13,61,12,ok,1
58,1.933,1780168744,G8,144,-27,ok,0
58,1.933,1780168744,G6,472,395,ok,0
58,1.933,1780168744,G11,189,-46,ok,0
58,1.933,1780168744,G5,-30,391,merged,0
58,1.933,1780168744,D6,315,572,ok,1
58,1.933,1780168744,D2,178,512,ok,1
58,1.933,1780168744,D1,72,550,ok,1
58,1.933,1780168744,D7,183,725,ok,1
58,1.933,1780168744,D3,-114,451,ok,0
58,1.933,1780168744,G10,146,240,interpolated,1
58,1.933,1780168744,G14,-32,404,interpolated,0
58,1.933,1780168744,G16,-32,404,interpolated,0
58,1.933,1780168744,D9,-114,450,interpolated,0
58,1.933,1780168744,D10,-116,777,interpolated,0
58,1.933,1780168744,D4,-27,376,interpolated,0
59,1.967,1780168744,G2,143,229,ok,1
59,1.967,1780168744,G1,262,91,ok,1
59,1.967,1780168744,G15,88,-32,ok,0
59,1.967,1780168744,G7,165,-23,ok,0
59,1.967,1780168744,G9,117,-2,ok,0
59,1.967,1780168744,G3,70,79,ok,1
59,1.967,1780168744,G12,112,36,ok,1
59,1.967,1780168744,G4,347,119,ok,1
59,1.967,1780168744,G8,145,-27,ok,0
59,1.967,1780168744,G13,60,13,ok,1
59,1.967,1780168744,G6,472,394,ok,0
59,1.967,1780168744,G11,189,-46,ok,0
59,1.967,1780168744,G5,-30,392,merged,0
59,1.967,1780168744,D2,178,511,ok,1
59,1.967,1780168744,D6,314,572,ok,1
59,1.967,1780168744,D1,73,549,ok,1
59,1.967,1780168744,D7,180,725,ok,1
59,1.967,1780168744,D3,-114,451,ok,0
59,1.967,1780168744,G10,146,240,interpolated,1
59,1.967,1780168744,G14,-32,404,interpolated,0
59,1.967,1780168744,G16,-32,404,interpolated,0
59,1.967,1780168744,D9,-114,450,interpolated,0
59,1.967,1780168744,D10,-116,777,interpolated,0
59,1.967,1780168744,D4,-27,376,interpolated,0
60,2.000,1780168745,G2,142,229,ok,1
60,2.000,1780168745,G1,260,88,ok,1
60,2.000,1780168745,G15,88,-32,ok,0
60,2.000,1780168745,G7,165,-23,ok,0
60,2.000,1780168745,G9,117,-1,ok,0
60,2.000,1780168745,G3,69,79,ok,1
60,2.000,1780168745,G4,344,126,ok,1
60,2.000,1780168745,G12,110,39,ok,1
60,2.000,1780168745,G8,145,-27,ok,0
60,2.000,1780168745,G13,58,8,ok,1
60,2.000,1780168745,G6,472,394,ok,0
60,2.000,1780168745,G11,189,-46,ok,0
60,2.000,1780168745,D4,-28,382,ok,0
60,2.000,1780168745,D2,178,510,ok,1
60,2.000,1780168745,D1,75,548,ok,1
60,2.000,1780168745,D6,313,570,ok,1
60,2.000,1780168745,D7,178,725,ok,1
60,2.000,1780168745,G5,-30,392,interpolated,0
60,2.000,1780168745,G10,146,240,interpolated,1
60,2.000,1780168745,G14,-32,404,interpolated,0
60,2.000,1780168745,D3,-114,451,interpolated,0
60,2.000,1780168745,G16,-32,404,interpolated,0
60,2.000,1780168745,D9,-114,450,interpolated,0
60,2.000,1780168745,D10,-116,777,interpolated,0
61,2.033,1780168745,G2,142,229,ok,1
61,2.033,1780168745,G1,260,88,ok,1
61,2.033,1780168745,G15,88,-32,ok,0
61,2.033,1780168745,G7,165,-23,ok,0
61,2.033,1780168745,G9,117,-1,ok,0
61,2.033,1780168745,G3,69,79,ok,1
61,2.033,1780168745,G4,344,126,ok,1
61,2.033,1780168745,G12,110,39,ok,1
61,2.033,1780168745,G8,145,-27,ok,0
61,2.033,1780168745,G13,58,8,ok,1
61,2.033,1780168745,G6,472,394,ok,0
61,2.033,1780168745,G11,189,-46,ok,0
61,2.033,1780168745,D4,-28,382,ok,0
61,2.033,1780168745,D2,178,510,ok,1
61,2.033,1780168745,D1,75,548,ok,1
61,2.033,1780168745,D6,313,571,ok,1
61,2.033,1780168745,D7,178,725,ok,1
61,2.033,1780168745,G5,-30,392,interpolated,0
61,2.033,1780168745,G10,146,240,interpolated,1
61,2.033,1780168745,G14,-32,404,interpolated,0
61,2.033,1780168745,D3,-114,451,interpolated,0
61,2.033,1780168745,G16,-32,404,interpolated,0
61,2.033,1780168745,D9,-114,450,interpolated,0
61,2.033,1780168745,D10,-116,777,interpolated,0
62,2.067,1780168745,G2,142,229,ok,1
62,2.067,1780168745,G15,88,-32,ok,0
62,2.067,1780168745,G7,165,-23,ok,0
62,2.067,1780168745,G1,262,87,ok,1
62,2.067,1780168745,G4,343,129,ok,1
62,2.067,1780168745,G9,118,-3,ok,0
62,2.067,1780168745,G13,58,10,ok,1
62,2.067,1780168745,G3,67,79,ok,1
62,2.067,1780168745,G10,258,87,ok,1
62,2.067,1780168745,G12,109,42,ok,1
62,2.067,1780168745,G8,145,-27,ok,0
62,2.067,1780168745,G6,472,394,ok,0
62,2.067,1780168745,G11,189,-46,ok,0
62,2.067,1780168745,G5,-31,394,merged,0
62,2.067,1780168745,D2,179,508,ok,1
62,2.067,1780168745,D1,76,550,ok,1
62,2.067,1780168745,D6,313,571,ok,1
62,2.067,1780168745,D7,175,727,ok,1
62,2.067,1780168745,G14,-32,404,interpolated,0
62,2.067,1780168745,D3,-114,451,interpolated,0
62,2.067,1780168745,G16,-32,404,interpolated,0
62,2.067,1780168745,D9,-114,450,interpolated,0
62,2.067,1780168745,D10,-116,777,interpolated,0
62,2.067,1780168745,D4,-28,382,interpolated,0
63,2.100,1780168745,G2,142,229,ok,1
63,2.100,1780168745,G10,257,87,ok,1
63,2.100,1780168745,G4,341,133,ok,1
63,2.100,1780168745,G9,118,-1,ok,0
63,2.100,1780168745,G15,88,-32,ok,0
63,2.100,1780168745,G7,165,-23,ok,0
63,2.100,1780168745,G12,108,47,ok,1
63,2.100,1780168745,G13,58,11,ok,1
63,2.100,1780168745,G8,145,-27,ok,0
63,2.100,1780168745,G3,65,78,ok,1
63,2.100,1780168745,G6,472,394,ok,0
63,2.100,1780168745,G11,189,-46,ok,0
63,2.100,1780168745,G1,346,6,ok,1
63,2.100,1780168745,D4,-29,384,ok,0
63,2.100,1780168745,D1,79,551,ok,1
63,2.100,1780168745,D2,179,508,ok,1
63,2.100,1780168745,D6,313,572,ok,1
63,2.100,1780168745,D7,171,725,ok,1
63,2.100,1780168745,G5,-31,394,interpolated,0
63,2.100,1780168745,G14,-32,404,interpolated,0
63,2.100,1780168745,D3,-114,451,interpolated,0
63,2.100,1780168745,D9,-114,450,interpolated,0
63,2.100,1780168745,D10,-116,777,interpolated,0
64,2.133,1780168745,G2,141,229,ok,1
64,2.133,1780168745,G4,340,135,ok,1
64,2.133,1780168745,G10,255,84,ok,1
64,2.133,1780168745,G9,118,-1,ok,0
64,2.133,1780168745,G15,88,-31,ok,0
64,2.133,1780168745,G7,165,-23,ok,0
64,2.133,1780168745,G13,57,9,ok,1
64,2.133,1780168745,G8,145,-27,ok,0
64,2.133,1780168745,G3,64,79,ok,1
64,2.133,1780168745,G12,108,49,ok,1
64,2.133,1780168745,G11,189,-45,ok,0
64,2.133,1780168745,G6,473,395,ok,0
64,2.133,1780168745,G1,346,6,ok,1
64,2.133,1780168745,G5,-30,394,merged,0
64,2.133,1780168745,D2,180,507,ok,1
64,2.133,1780168745,D6,312,571,ok,1
64,2.133,1780168745,D1,80,552,ok,1
64,2.133,1780168745,D7,167,724,ok,1
64,2.133,1780168745,G14,-32,404,interpolated,0
64,2.133,1780168745,D3,-114,451,interpolated,0
64,2.133,1780168745,D9,-114,450,interpolated,0
64,2.133,1780168745,D10,-116,777,interpolated,0
64,2.133,1780168745,D4,-29,384,interpolated,0
65,2.167,1780168745,G2,141,229,ok,1
65,2.167,1780168745,G4,339,135,ok,1
65,2.167,1780168745,G9,118,-1,ok,0
65,2.167,1780168745,G15,88,-32,ok,0
65,2.167,1780168745,G7,165,-23,ok,0
65,2.167,1780168745,G12,107,50,ok,1
65,2.167,1780168745,G10,255,83,ok,1
65,2.167,1780168745,G8,145,-27,ok,0
65,2.167,1780168745,G13,57,10,ok,1
65,2.167,1780168745,G3,64,79,ok,1
65,2.167,1780168745,G11,189,-46,ok,0
65,2.167,1780168745,G1,347,6,ok,1
65,2.167,1780168745,G6,472,394,ok,0
65,2.167,1780168745,G5,-30,394,merged,0
65,2.167,1780168745,D2,181,507,ok,1
65,2.167,1780168745,D6,313,574,ok,1
65,2.167,1780168745,D1,82,552,ok,1
65,2.167,1780168745,D7,166,723,ok,1
65,2.167,1780168745,D3,-114,451,ok,0
65,2.167,1780168745,G14,-32,404,interpolated,0
65,2.167,1780168745,D9,-114,450,interpolated,0
65,2.167,1780168745,D10,-116,777,interpolated,0
65,2.167,1780168745,D4,-29,384,interpolated,0
66,2.200,1780168745,G2,141,229,ok,1
66,2.200,1780168745,G10,255,81,ok,1
66,2.200,1780168745,G4,339,135,ok,1
66,2.200,1780168745,G9,118,-1,ok,0
66,2.200,1780168745,G15,88,-33,ok,0
66,2.200,1780168745,G7,165,-23,ok,0
66,2.200,1780168745,G12,107,52,ok,1
66,2.200,1780168745,G8,145,-27,ok,0
66,2.200,1780168745,G13,56,12,ok,1
66,2.200,1780168745,G3,64,79,ok,1
66,2.200,1780168745,G11,189,-46,ok,0
66,2.200,1780168745,G6,473,394,ok,0
66,2.200,1780168745,G5,-30,394,merged,0
66,2.200,1780168745,G17,472,393,ok,0
66,2.200,1780168745,G14,-32,404,ok,0
66,2.200,1780168745,G16,-32,404,ok,0
66,2.200,1780168745,D2,182,506,ok,1
66,2.200,1780168745,D1,83,552,ok,1
66,2.200,1780168745,D6,313,575,ok,1
66,2.200,1780168745,D7,166,722,ok,1
66,2.200,1780168745,D3,-114,451,ok,0
66,2.200,1780168745,G1,347,6,interpolated,1
66,2.200,1780168745,D4,-29,384,interpolated,0
67,2.233,1780168745,G2,141,229,ok,1
67,2.233,1780168745,G10,255,81,ok,1
67,2.233,1780168745,G4,339,135,ok,1
67,2.233,1780168745,G9,118,-1,ok,0
67,2.233,1780168745,G15,88,-33,ok,0
67,2.233,1780168745,G7,165,-23,ok,0
67,2.233,1780168745,G12,107,52,ok,1
67,2.233,1780168745,G8,145,-27,ok,0
67,2.233,1780168745,G13,56,12,ok,1
67,2.233,1780168745,G3,63,78,ok,1
67,2.233,1780168745,G11,189,-46,ok,0
67,2.233,1780168745,G6,473,394,ok,0
67,2.233,1780168745,G5,-30,394,merged,0
67,2.233,1780168745,G17,472,393,ok,0
67,2.233,1780168745,G14,-32,404,ok,0
67,2.233,1780168745,G16,-32,404,ok,0
67,2.233,1780168745,D2,182,506,ok,1
67,2.233,1780168745,D1,83,552,ok,1
67,2.233,1780168745,D6,313,575,ok,1
67,2.233,1780168745,D7,166,722,ok,1
67,2.233,1780168745,D3,-114,451,ok,0
67,2.233,1780168745,G1,347,6,interpolated,1
67,2.233,1780168745,D4,-29,384,interpolated,0
68,2.267,1780168745,G2,139,228,ok,1
68,2.267,1780168745,G4,338,135,ok,1
68,2.267,1780168745,G10,253,76,ok,1
68,2.267,1780168745,G9,118,-1,ok,0
68,2.267,1780168745,G15,88,-33,ok,0
68,2.267,1780168745,G7,165,-23,ok,0
68,2.267,1780168745,G13,56,12,ok,1
68,2.267,1780168745,G3,63,79,ok,1
68,2.267,1780168745,G8,145,-27,ok,0
68,2.267,1780168745,G12,107,55,ok,1
68,2.267,1780168745,G11,189,-46,ok,0
68,2.267,1780168745,G5,-30,394,merged,0
68,2.267,1780168745,G14,-32,404,ok,0
68,2.267,1780168745,G6,473,394,ok,0
68,2.267,1780168745,G16,-32,404,ok,0
68,2.267,1780168745,G17,472,393,ok,0
68,2.267,1780168745,D2,183,506,ok,1
68,2.267,1780168745,D1,83,552,ok,1
68,2.267,1780168745,D6,313,578,ok,1
68,2.267,1780168745,D7,166,722,ok,1
68,2.267,1780168745,D3,-114,451,ok,0
68,2.267,1780168745,G1,347,6,interpolated,1
68,2.267,1780168745,D4,-29,384,interpolated,0
69,2.300,1780168745,G2,139,226,ok,1
69,2.300,1780168745,G4,338,135,ok,1
69,2.300,1780168745,G9,118,-1,ok,0
69,2.300,1780168745,G10,251,68,ok,1
69,2.300,1780168745,G15,88,-34,ok,0
69,2.300,1780168745,G7,165,-23,ok,0
69,2.300,1780168745,G3,62,79,ok,1
69,2.300,1780168745,G12,105,55,ok,1
69,2.300,1780168745,G13,56,12,ok,1
69,2.300,1780168745,G8,145,-27,ok,0
69,2.300,1780168745,G11,188,-46,ok,0
69,2.300,1780168745,G6,473,395,ok,0
69,2.300,1780168745,G17,472,394,ok,0
69,2.300,1780168745,D4,-27,384,ok,0
69,2.300,1780168745,D6,313,580,ok,1
69,2.300,1780168745,D1,84,553,ok,1
69,2.300,1780168745,D2,184,505,ok,1
69,2.300,1780168745,D7,165,723,ok,1
69,2.300,1780168745,D9,182,533,ok,1
69,2.300,1780168745,D10,-117,778,ok,0
69,2.300,1780168745,D3,-114,451,ok,0
69,2.300,1780168745,G1,347,6,interpolated,1
69,2.300,1780168745,G5,-30,394,interpolated,0
69,2.300,1780168745,G14,-32,404,interpolated,0
69,2.300,1780168745,G16,-32,404,interpolated,0
70,2.333,1780168745,G2,140,225,ok,1
70,2.333,1780168745,G4,338,136,ok,1
70,2.333,1780168745,G10,248,66,ok,1
70,2.333,1780168745,G9,118,-1,ok,0
70,2.333,1780168745,G3,62,78,ok,1
70,2.333,1780168745,G15,88,-35,ok,0
70,2.333,1780168745,G12,104,56,ok,1
70,2.333,1780168745,G7,165,-23,ok,0
70,2.333,1780168745,G13,55,12,ok,1
70,2.333,1780168745,G8,145,-27,ok,0
70,2.333,1780168745,G11,188,-45,ok,0
70,2.333,1780168745,G6,473,395,ok,0
70,2.333,1780168745,G17,472,394,ok,0
70,2.333,1780168745,D4,-27,384,ok,0
70,2.333,1780168745,D6,314,581,ok,1
70,2.333,1780168745,D2,184,505,ok,1
70,2.333,1780168745,D1,84,552,ok,1
70,2.333,1780168745,D7,164,723,ok,1
70,2.333,1780168745,D9,184,532,ok,1
70,2.333,1780168745,D10,-116,777,ok,0
70,2.333,1780168745,D3,-114,451,ok,0
70,2.333,1780168745,G1,347,6,interpolated,1
70,2.333,1780168745,G5,-30,394,interpolated,0
70,2.333,1780168745,G14,-32,404,interpolated,0
70,2.333,1780168745,G16,-32,404,interpolated,0
71,2.367,1780168745,G2,139,223,ok,1
71,2.367,1780168745,G10,244,66,ok,1
71,2.367,1780168745,G4,336,143,ok,1
71,2.367,1780168745,G12,103,56,ok,1
71,2.367,1780168745,G9,118,-1,ok,0
71,2.367,1780168745,G15,88,-35,ok,0
71,2.367,1780168745,G3,61,78,ok,1
71,2.367,1780168745,G7,165,-23,ok,0
71,2.367,1780168745,G8,145,-27,ok,0
71,2.367,1780168745,G13,54,12,ok,1
71,2.367,1780168745,G11,188,-45,ok,0
71,2.367,1780168745,G6,473,395,ok,0
71,2.367,1780168745,G1,354,6,ok,1
71,2.367,1780168745,G17,472,394,ok,0
71,2.367,1780168745,D4,-26,385,ok,0
71,2.367,1780168745,D6,315,583,ok,1
71,2.367,1780168745,D2,186,505,ok,1
71,2.367,1780168745,D1,85,553,ok,1
71,2.367,1780168745,D7,160,723,ok,1
71,2.367,1780168745,D10,-116,777,ok,0
71,2.367,1780168745,D3,-114,451,ok,0
71,2.367,1780168745,G5,-30,394,interpolated,0
71,2.367,1780168745,G14,-32,404,interpolated,0
71,2.367,1780168745,G16,-32,404,interpolated,0
71,2.367,1780168745,D9,184,532,interpolated,1
72,2.400,1780168745,G2,138,219,ok,1
72,2.400,1780168745,G4,336,147,ok,1
72,2.400,1780168745,G12,101,55,ok,1
72,2.400,1780168745,G10,241,67,ok,1
72,2.400,1780168745,G15,88,-35,ok,0
72,2.400,1780168745,G9,118,-2,ok,0
72,2.400,1780168745,G7,165,-23,ok,0
72,2.400,1780168745,G3,60,78,ok,1
72,2.400,1780168745,G13,54,14,ok,1
72,2.400,1780168745,G8,145,-27,ok,0
72,2.400,1780168745,G11,188,-45,ok,0
72,2.400,1780168745,G1,355,7,ok,1
72,2.400,1780168745,G6,472,395,ok,0
72,2.400,1780168745,D4,-26,385,ok,0
72,2.400,1780168745,D2,186,505,ok,1
72,2.400,1780168745,D6,315,584,ok,1
72,2.400,1780168745,D7,157,724,ok,1
72,2.400,1780168745,D1,87,555,ok,1
72,2.400,1780168745,D10,-115,777,ok,0
72,2.400,1780168745,D3,-115,451,ok,0
72,2.400,1780168745,G5,-30,394,interpolated,0
72,2.400,1780168745,G14,-32,404,interpolated,0
72,2.400,1780168745,G17,472,394,interpolated,0
72,2.400,1780168745,G16,-32,404,interpolated,0
72,2.400,1780168745,D9,184,532,interpolated,1
73,2.433,1780168745,G2,138,219,ok,1
73,2.433,1780168745,G4,336,147,ok,1
73,2.433,1780168745,G12,101,55,ok,1
73,2.433,1780168745,G10,241,67,ok,1
73,2.433,1780168745,G15,88,-35,ok,0
73,2.433,1780168745,G9,118,-2,ok,0
73,2.433,1780168745,G3,60,78,ok,1
73,2.433,1780168745,G7,165,-23,ok,0
73,2.433,1780168745,G13,54,14,ok,1
73,2.433,1780168745,G8,145,-27,ok,0
73,2.433,1780168745,G11,188,-45,ok,0
73,2.433,1780168745,G1,355,7,ok,1
73,2.433,1780168745,G6,472,395,ok,0
73,2.433,1780168745,D4,-26,385,ok,0
73,2.433,1780168745,D2,186,505,ok,1
73,2.433,1780168745,D6,315,584,ok,1
73,2.433,1780168745,D7,157,724,ok,1
73,2.433,1780168745,D1,86,555,ok,1
73,2.433,1780168745,D10,-115,777,ok,0
73,2.433,1780168745,D3,-115,451,ok,0
73,2.433,1780168745,G5,-30,394,interpolated,0
73,2.433,1780168745,G14,-32,404,interpolated,0
73,2.433,1780168745,G17,472,394,interpolated,0
73,2.433,1780168745,G16,-32,404,interpolated,0
73,2.433,1780168745,D9,184,532,interpolated,1
74,2.467,1780168745,G2,136,215,ok,1
74,2.467,1780168745,G4,336,151,ok,1
74,2.467,1780168745,G10,238,67,ok,1
74,2.467,1780168745,G15,88,-34,ok,0
74,2.467,1780168745,G12,100,55,ok,1
74,2.467,1780168745,G9,118,-1,ok,0
74,2.467,1780168745,G3,60,80,ok,1
74,2.467,1780168745,G7,165,-23,ok,0
74,2.467,1780168745,G8,145,-27,ok,0
74,2.467,1780168745,G13,53,13,ok,1
74,2.467,1780168745,G11,188,-45,ok,0
74,2.467,1780168745,G5,5,-53,ok,0
74,2.467,1780168745,D4,-26,386,ok,0
74,2.467,1780168745,D2,187,505,ok,1
74,2.467,1780168745,D6,314,584,ok,1
74,2.467,1780168745,D1,87,555,ok,1
74,2.467,1780168745,D7,154,723,ok,1
74,2.467,1780168745,D10,-115,777,ok,0
74,2.467,1780168745,D3,-115,451,ok,0
74,2.467,1780168745,G1,355,7,interpolated,1
74,2.467,1780168745,G14,-32,404,interpolated,0
74,2.467,1780168745,G6,472,395,interpolated,0
74,2.467,1780168745,G17,472,394,interpolated,0
74,2.467,1780168745,G16,-32,404,interpolated,0
74,2.467,1780168745,D9,184,532,interpolated,1
75,2.500,1780168745,G2,134,210,ok,1
75,2.500,1780168745,G4,336,155,ok,1
75,2.500,1780168745,G10,238,66,ok,1
75,2.500,1780168745,G15,88,-34,ok,0
75,2.500,1780168745,G12,100,56,ok,1
75,2.500,1780168745,G9,117,-1,ok,0
75,2.500,1780168745,G13,53,14,ok,1
75,2.500,1780168745,G3,60,81,ok,1
75,2.500,1780168745,G7,165,-23,ok,0
75,2.500,1780168745,G8,145,-27,ok,0
75,2.500,1780168745,G11,188,-45,ok,0
75,2.500,1780168745,G1,357,7,ok,1
75,2.500,1780168745,D6,314,584,ok,1
75,2.500,1780168745,D2,187,504,ok,1
75,2.500,1780168745,D4,-26,387,ok,0
75,2.500,1780168745,D1,88,555,ok,1
75,2.500,1780168745,D7,152,724,ok,1
75,2.500,1780168745,D10,-115,777,ok,0
75,2.500,1780168745,D3,-115,451,ok,0
75,2.500,1780168745,G5,5,-53,interpolated,0
75,2.500,1780168745,G14,-32,404,interpolated,0
75,2.500,1780168745,G6,472,395,interpolated,0
75,2.500,1780168745,G17,472,394,interpolated,0
75,2.500,1780168745,G16,-32,404,interpolated,0
75,2.500,1780168745,D9,184,532,interpolated,1
76,2.533,1780168745,G2,133,208,ok,1
76,2.533,1780168745,G4,335,156,ok,1
76,2.533,1780168745,G10,238,66,ok,1
76,2.533,1780168745,G12,98,56,ok,1
76,2.533,1780168745,G15,88,-33,ok,0
76,2.533,1780168745,G9,117,-1,ok,0
76,2.533,1780168745,G3,59,83,ok,1
76,2.533,1780168745,G7,165,-23,ok,0
76,2.533,1780168745,G13,52,13,ok,1
76,2.533,1780168745,G8,145,-27,ok,0
76,2.533,1780168745,G11,188,-45,ok,0
76,2.533,1780168745,G1,357,8,ok,1
76,2.533,1780168745,D2,187,504,ok,1
76,2.533,1780168745,D6,313,584,ok,1
76,2.533,1780168745,D4,-26,388,ok,0
76,2.533,1780168745,D1,89,554,ok,1
76,2.533,1780168745,D7,149,724,ok,1
76,2.533,1780168745,D10,-115,777,ok,0
76,2.533,1780168745,G5,5,-53,interpolated,0
76,2.533,1780168745,G14,-32,404,interpolated,0
76,2.533,1780168745,G6,472,395,interpolated,0
76,2.533,1780168745,D3,-115,451,interpolated,0
76,2.533,1780168745,G17,472,394,interpolated,0
76,2.533,1780168745,G16,-32,404,interpolated,0
76,2.533,1780168745,D9,184,532,interpolated,1
77,2.567,1780168745,G4,335,157,ok,1
77,2.567,1780168745,G2,133,208,ok,1
77,2.567,1780168745,G10,236,66,ok,1
77,2.567,1780168745,G15,88,-32,ok,0
77,2.567,1780168745,G3,59,84,ok,1
77,2.567,1780168745,G12,98,57,ok,1
77,2.567,1780168745,G9,117,-1,ok,0
77,2.567,1780168745,G7,166,-23,ok,0
77,2.567,1780168745,G13,53,14,ok,1
77,2.567,1780168745,G8,145,-27,ok,0
77,2.567,1780168745,G11,187,-45,ok,0
77,2.567,1780168745,G1,357,8,ok,1
77,2.567,1780168745,D2,187,504,ok,1
77,2.567,1780168745,D4,-26,389,ok,0
77,2.567,1780168745,D6,313,582,ok,1
77,2.567,1780168745,D1,89,555,ok,1
77,2.567,1780168745,D7,147,724,ok,1
77,2.567,1780168745,D10,-115,777,ok,0
77,2.567,1780168745,D3,-115,451,ok,0
77,2.567,1780168745,G5,5,-53,interpolated,0
77,2.567,1780168745,G14,-32,404,interpolated,0
77,2.567,1780168745,G6,472,395,interpolated,0
77,2.567,1780168745,G17,472,394,interpolated,0
77,2.567,1780168745,G16,-32,404,interpolated,0
77,2.567,1780168745,D9,184,532,interpolated,1
78,2.600,1780168745,G10,234,66,ok,1
78,2.600,1780168745,G4,334,157,ok,1
78,2.600,1780168745,G2,133,208,ok,1
78,2.600,1780168745,G15,88,-32,ok,0
78,2.600,1780168745,G12,98,65,ok,1
78,2.600,1780168745,G3,59,86,ok,1
78,2.600,1780168745,G9,117,-1,ok,0
78,2.600,1780168745,G7,166,-23,ok,0
78,2.600,1780168745,G8,145,-28,ok,0
78,2.600,1780168745,G13,53,15,ok,1
78,2.600,1780168745,G11,187,-45,ok,0
78,2.600,1780168745,G1,358,7,ok,1
78,2.600,1780168745,D6,312,580,ok,1
78,2.600,1780168745,D4,-27,390,ok,0
78,2.600,1780168745,D2,188,504,ok,1
78,2.600,1780168745,D1,90,555,ok,1
78,2.600,1780168745,D7,146,724,ok,1
78,2.600,1780168745,D10,-115,777,ok,0
78,2.600,1780168745,D3,-115,451,ok,0
78,2.600,1780168745,D9,188,532,ok,1
78,2.600,1780168745,G5,5,-53,interpolated,0
78,2.600,1780168745,G14,-32,404,interpolated,0
78,2.600,1780168745,G6,472,395,interpolated,0
78,2.600,1780168745,G17,472,394,interpolated,0
78,2.600,1780168745,G16,-32,404,interpolated,0
79,2.633,1780168745,G10,234,66,ok,1
79,2.633,1780168745,G4,334,157,ok,1
79,2.633,1780168745,G2,133,208,ok,1
79,2.633,1780168745,G15,88,-32,ok,0
79,2.633,1780168745,G12,98,65,ok,1
79,2.633,1780168745,G3,59,86,ok,1
79,2.633,1780168745,G9,117,-1,ok,0
79,2.633,1780168745,G7,166,-23,ok,0
79,2.633,1780168745,G8,145,-28,ok,0
79,2.633,1780168745,G13,53,15,ok,1
79,2.633,1780168745,G11,187,-45,ok,0
79,2.633,1780168745,G1,358,7,ok,1
79,2.633,1780168745,D4,-27,390,ok,0
79,2.633,1780168745,D6,312,580,ok,1
79,2.633,1780168745,D2,188,504,ok,1
79,2.633,1780168745,D1,90,555,ok,1
79,2.633,1780168745,D7,146,724,ok,1
79,2.633,1780168745,D10,-115,777,ok,0
79,2.633,1780168745,D3,-115,451,ok,0
79,2.633,1780168745,D9,188,532,ok,1
79,2.633,1780168745,G5,5,-53,interpolated,0
79,2.633,1780168745,G6,472,395,interpolated,0
79,2.633,1780168745,G17,472,394,interpolated,0
80,2.667,1780168745,G10,233,60,ok,1
80,2.667,1780168745,G4,333,157,ok,1
80,2.667,1780168745,G2,132,208,ok,1
80,2.667,1780168745,G3,59,86,ok,1
80,2.667,1780168745,G15,88,-32,ok,0
80,2.667,1780168745,G12,97,67,ok,1
80,2.667,1780168745,G9,118,-1,ok,0
80,2.667,1780168745,G13,52,15,ok,1
80,2.667,1780168745,G7,165,-23,ok,0
80,2.667,1780168745,G8,145,-27,ok,0
80,2.667,1780168745,G11,187,-45,ok,0
80,2.667,1780168745,G1,358,6,ok,1
80,2.667,1780168745,D4,-28,394,ok,0
80,2.667,1780168745,D2,189,504,ok,1
80,2.667,1780168745,D6,309,580,ok,1
80,2.667,1780168745,D1,91,555,ok,1
80,2.667,1780168745,D7,144,721,ok,1
80,2.667,1780168745,D10,-115,777,ok,0
80,2.667,1780168745,D3,-115,451,ok,0
80,2.667,1780168745,G5,5,-53,interpolated,0
80,2.667,1780168745,G6,472,395,interpolated,0
80,2.667,1780168745,G17,472,394,interpolated,0
80,2.667,1780168745,D9,188,532,interpolated,1
81,2.700,1780168745,G4,332,157,ok,1
81,2.700,1780168745,G2,132,207,ok,1
81,2.700,1780168745,G10,231,53,ok,1
81,2.700,1780168745,G3,59,88,ok,1
81,2.700,1780168745,G15,88,-32,ok,0
81,2.700,1780168745,G12,97,69,ok,1
81,2.700,1780168745,G9,117,-1,ok,0
81,2.700,1780168745,G13,52,15,ok,1
81,2.700,1780168745,G7,166,-23,ok,0
81,2.700,1780168745,G8,145,-27,ok,0
81,2.700,1780168745,G11,187,-45,ok,0
81,2.700,1780168745,G1,358,8,ok,1
81,2.700,1780168745,D4,-28,396,ok,0
81,2.700,1780168745,D2,190,504,ok,1
81,2.700,1780168745,D1,94,555,ok,1
81,2.700,1780168745,D6,309,579,ok,1
81,2.700,1780168745,D7,142,722,ok,1
81,2.700,1780168745,D10,-115,777,ok,0
81,2.700,1780168745,D3,-115,451,ok,0
81,2.700,1780168745,G5,5,-53,interpolated,0
81,2.700,1780168745,G6,472,395,interpolated,0
81,2.700,1780168745,G17,472,394,interpolated,0
81,2.700,1780168745,D9,188,532,interpolated,1
82,2.733,1780168745,G4,332,156,ok,1
82,2.733,1780168745,G2,131,207,ok,1
82,2.733,1780168745,G15,88,-32,ok,0
82,2.733,1780168745,G3,58,88,ok,1
82,2.733,1780168745,G12,96,71,ok,1
82,2.733,1780168745,G10,228,47,ok,1
82,2.733,1780168745,G13,52,15,ok,1
82,2.733,1780168745,G9,118,-1,ok,0
82,2.733,1780168745,G7,166,-23,ok,0
82,2.733,1780168745,G8,145,-27,ok,0
82,2.733,1780168745,G11,187,-45,ok,0
82,2.733,1780168745,G1,357,10,ok,1
82,2.733,1780168745,D4,-29,399,ok,0
82,2.733,1780168745,D1,96,555,ok,1
82,2.733,1780168745,D2,190,504,ok,1
82,2.733,1780168745,D6,308,579,ok,1
82,2.733,1780168745,D7,140,716,ok,1
82,2.733,1780168745,D10,-115,777,ok,0
82,2.733,1780168745,D9,189,532,ok,1
82,2.733,1780168745,D3,-115,451,ok,0
82,2.733,1780168745,G5,5,-53,interpolated,0
82,2.733,1780168745,G6,472,395,interpolated,0
83,2.767,1780168745,G2,130,205,ok,1
83,2.767,1780168745,G4,331,156,ok,1
83,2.767,1780168745,G10,226,44,ok,1
83,2.767,1780168745,G12,97,74,ok,1
83,2.767,1780168745,G15,88,-32,ok,0
83,2.767,1780168745,G3,57,88,ok,1
83,2.767,1780168745,G9,118,-1,ok,0
83,2.767,1780168745,G13,52,15,ok,1
83,2.767,1780168745,G7,166,-23,ok,0
83,2.767,1780168745,G8,145,-27,ok,0
83,2.767,1780168745,G11,187,-45,ok,0
83,2.767,1780168745,G1,357,10,ok,1
83,2.767,1780168745,D4,-29,402,ok,0
83,2.767,1780168745,D1,98,555,ok,1
83,2.767,1780168745,D6,308,580,ok,1
83,2.767,1780168745,D2,191,504,ok,1
83,2.767,1780168745,D7,139,720,ok,1
83,2.767,1780168745,D10,-115,777,ok,0
83,2.767,1780168745,D9,191,531,ok,1
83,2.767,1780168745,G5,5,-53,interpolated,0
83,2.767,1780168745,G6,472,395,interpolated,0
83,2.767,1780168745,D3,-115,451,interpolated,0
84,2.800,1780168745,G2,130,203,ok,1
84,2.800,1780168745,G4,330,157,ok,1
84,2.800,1780168745,G12,96,74,ok,1
84,2.800,1780168745,G15,88,-32,ok,0
84,2.800,1780168745,G9,118,-1,ok,0
84,2.800,1780168745,G10,223,41,ok,1
84,2.800,1780168745,G13,52,14,ok,1
84,2.800,1780168745,G3,57,88,ok,1
84,2.800,1780168745,G7,166,-23,ok,0
84,2.800,1780168745,G8,144,-27,ok,0
84,2.800,1780168745,G11,187,-45,ok,0
84,2.800,1780168745,G1,357,9,ok,1
84,2.800,1780168745,D4,-28,402,ok,0
84,2.800,1780168745,D1,99,555,ok,1
84,2.800,1780168745,D6,308,580,ok,1
84,2.800,1780168745,D2,192,504,ok,1
84,2.800,1780168745,D7,138,723,ok,1
84,2.800,1780168745,D10,-115,777,ok,0
84,2.800,1780168745,G5,5,-53,interpolated,0
84,2.800,1780168745,D3,-115,451,interpolated,0
84,2.800,1780168745,D9,191,531,interpolated,1
85,2.833,1780168745,G2,130,203,ok,1
85,2.833,1780168745,G4,330,157,ok,1
85,2.833,1780168745,G12,96,74,ok,1
85,2.833,1780168745,G15,88,-32,ok,0
85,2.833,1780168745,G9,118,-1,ok,0
85,2.833,1780168745,G10,223,41,ok,1
85,2.833,1780168745,G13,52,14,ok,1
85,2.833,1780168745,G3,57,88,ok,1
85,2.833,1780168745,G7,166,-23,ok,0
85,2.833,1780168745,G8,144,-27,ok,0
85,2.833,1780168745,G11,187,-45,ok,0
85,2.833,1780168745,G1,357,9,ok,1
85,2.833,1780168745,D4,-28,402,ok,0
85,2.833,1780168745,D1,99,556,ok,1
85,2.833,1780168745,D6,308,580,ok,1
85,2.833,1780168745,D2,191,504,ok,1
85,2.833,1780168745,D7,138,723,ok,1
85,2.833,1780168745,D10,-115,777,ok,0
85,2.833,1780168745,D3,-115,451,interpolated,0
85,2.833,1780168745,D9,191,531,interpolated,1
86,2.867,1780168745,G4,329,158,ok,1
86,2.867,1780168745,G2,128,196,ok,1
86,2.867,1780168745,G12,95,75,ok,1
86,2.867,1780168745,G15,88,-32,ok,0
86,2.867,1780168745,G9,118,-1,ok,0
86,2.867,1780168745,G8,144,-27,ok,0
86,2.867,1780168745,G10,220,38,ok,1
86,2.867,1780168745,G13,52,14,ok,1
86,2.867,1780168745,G3,56,88,ok,1
86,2.867,1780168745,G7,166,-23,ok,0
86,2.867,1780168745,G11,187,-45,ok,0
86,2.867,1780168745,G1,358,9,ok,1
86,2.867,1780168745,D4,-26,402,ok,0
86,2.867,1780168745,D2,192,505,ok,1
86,2.867,1780168745,D1,99,556,ok,1
86,2.867,1780168745,D6,308,580,ok,1
86,2.867,1780168745,D7,138,720,ok,1
86,2.867,1780168745,D10,-115,777,ok,0
86,2.867,1780168745,D3,-115,451,interpolated,0
86,2.867,1780168745,D9,191,531,interpolated,1
87,2.900,1780168745,G2,129,195,ok,1
87,2.900,1780168745,G4,327,161,ok,1
87,2.900,1780168745,G12,94,75,ok,1
87,2.900,1780168745,G15,89,-31,ok,0
87,2.900,1780168745,G9,118,-1,ok,0
87,2.900,1780168745,G13,52,14,ok,1
87,2.900,1780168745,G7,166,-23,ok,0
87,2.900,1780168745,G3,55,88,ok,1
87,2.900,1780168745,G8,145,-27,ok,0
87,2.900,1780168745,G10,220,37,ok,1
87,2.900,1780168745,D4,-25,403,ok,0
87,2.900,1780168745,D1,100,557,ok,1
87,2.900,1780168745,D2,192,505,ok,1
87,2.900,1780168745,D6,309,581,ok,1
87,2.900,1780168745,D10,-115,777,ok,0
87,2.900,1780168745,D7,137,723,ok,1
87,2.900,1780168745,G1,358,9,interpolated,1
87,2.900,1780168745,G11,187,-45,interpolated,0
87,2.900,1780168745,D3,-115,451,interpolated,0
87,2.900,1780168745,D9,191,531,interpolated,1
88,2.933,1780168745,G2,127,192,ok,1
88,2.933,1780168745,G4,326,163,ok,1
88,2.933,1780168745,G12,92,75,ok,1
88,2.933,1780168745,G9,118,-1,ok,0
88,2.933,1780168745,G15,88,-31,ok,0
88,2.933,1780168745,G3,54,88,ok,1
88,2.933,1780168745,G7,166,-23,ok,0
88,2.933,1780168745,G8,144,-28,ok,0
88,2.933,1780168745,G13,52,14,ok,1
88,2.933,1780168745,G10,218,35,ok,1
88,2.933,1780168745,D4,-25,403,ok,0
88,2.933,1780168745,D1,100,557,ok,1
88,2.933,1780168745,D6,309,581,ok,1
88,2.933,1780168745,D2,193,505,ok,1
88,2.933,1780168745,D7,137,724,ok,1
88,2.933,1780168745,D10,-115,778,ok,0
88,2.933,1780168745,G1,358,9,interpolated,1
88,2.933,1780168745,G11,187,-45,interpolated,0
88,2.933,1780168745,D3,-115,451,interpolated,0
88,2.933,1780168745,D9,191,531,interpolated,1
89,2.967,1780168745,G2,127,193,ok,1
89,2.967,1780168745,G4,325,165,ok,1
89,2.967,1780168745,G12,91,75,ok,1
89,2.967,1780168745,G3,53,88,ok,1
89,2.967,1780168745,G9,118,-1,ok,0
89,2.967,1780168745,G15,89,-31,ok,0
89,2.967,1780168745,G7,166,-23,ok,0
89,2.967,1780168745,G8,145,-28,ok,0
89,2.967,1780168745,G13,52,14,ok,1
89,2.967,1780168745,G10,215,34,ok,1
89,2.967,1780168745,G11,188,-46,ok,0
89,2.967,1780168745,D4,-24,403,ok,0
89,2.967,1780168745,D6,309,581,ok,1
89,2.967,1780168745,D1,101,559,ok,1
89,2.967,1780168745,D2,193,506,ok,1
89,2.967,1780168745,D7,137,723,ok,1
89,2.967,1780168745,D10,-115,777,ok,0
89,2.967,1780168745,D3,-116,451,ok,0
89,2.967,1780168745,G1,358,9,interpolated,1
89,2.967,1780168745,D9,191,531,interpolated,1
90,3.000,1780168746,G4,324,165,ok,1
90,3.000,1780168746,G2,127,193,ok,1
90,3.000,1780168746,G12,90,75,ok,1
90,3.000,1780168746,G3,51,88,ok,1
90,3.000,1780168746,G9,118,0,ok,1
90,3.000,1780168746,G15,88,-31,ok,0
90,3.000,1780168746,G7,165,-23,ok,0
90,3.000,1780168746,G8,145,-27,ok,0
90,3.000,1780168746,G10,214,36,ok,1
90,3.000,1780168746,G13,52,14,ok,1
90,3.000,1780168746,G11,213,36,ok,1
90,3.000,1780168746,D4,-24,403,ok,0
90,3.000,1780168746,D1,101,559,ok,1
90,3.000,1780168746,D6,309,582,ok,1
90,3.000,1780168746,D2,194,508,ok,1
90,3.000,1780168746,D7,137,720,ok,1
90,3.000,1780168746,D10,-115,778,ok,0
90,3.000,1780168746,G1,358,9,interpolated,1
90,3.000,1780168746,D3,-116,451,interpolated,0
90,3.000,1780168746,D9,191,531,interpolated,1
91,3.033,1780168746,G4,324,165,ok,1
91,3.033,1780168746,G2,127,193,ok,1
91,3.033,1780168746,G12,90,75,ok,1
91,3.033,1780168746,G3,51,88,ok,1
91,3.033,1780168746,G9,118,0,ok,1
91,3.033,1780168746,G15,88,-31,ok,0
91,3.033,1780168746,G7,165,-23,ok,0
91,3.033,1780168746,G8,145,-27,ok,0
91,3.033,1780168746,G10,214,36,ok,1
91,3.033,1780168746,G13,52,14,ok,1
91,3.033,1780168746,G11,213,36,ok,1
91,3.033,1780168746,D4,-24,403,ok,0
91,3.033,1780168746,D6,309,582,ok,1
91,3.033,1780168746,D1,101,559,ok,1
91,3.033,1780168746,D2,194,508,ok,1
91,3.033,1780168746,D7,137,720,ok,1
91,3.033,1780168746,D10,-115,778,ok,0
91,3.033,1780168746,G1,358,9,interpolated,1
91,3.033,1780168746,D3,-116,451,interpolated,0
91,3.033,1780168746,D9,191,531,interpolated,1
92,3.067,1780168746,G2,127,193,ok,1
92,3.067,1780168746,G4,322,167,ok,1
92,3.067,1780168746,G12,90,79,ok,1
92,3.067,1780168746,G9,118,0,ok,1
92,3.067,1780168746,G15,88,-31,ok,0
92,3.067,1780168746,G3,49,88,ok,1
92,3.067,1780168746,G7,165,-23,ok,0
92,3.067,1780168746,G13,52,14,ok,1
92,3.067,1780168746,G11,210,36,ok,1
92,3.067,1780168746,G8,145,-27,ok,0
92,3.067,1780168746,D4,-23,403,ok,0
92,3.067,1780168746,D2,195,510,ok,1
92,3.067,1780168746,D6,309,583,ok,1
92,3.067,1780168746,D1,102,561,ok,1
92,3.067,1780168746,D7,137,718,ok,1
92,3.067,1780168746,D10,-115,778,ok,0
92,3.067,1780168746,G1,358,9,interpolated,1
92,3.067,1780168746,G10,214,36,interpolated,1
92,3.067,1780168746,D3,-116,451,interpolated,0
92,3.067,1780168746,D9,191,531,interpolated,1
93,3.100,1780168746,G2,127,193,ok,1
93,3.100,1780168746,G4,321,168,ok,1
93,3.100,1780168746,G12,90,84,ok,1
93,3.100,1780168746,G15,88,-31,ok,0
93,3.100,1780168746,G9,118,0,ok,1
93,3.100,1780168746,G11,206,37,ok,1
93,3.100,1780168746,G7,165,-23,ok,0
93,3.100,1780168746,G3,48,88,ok,1
93,3.100,1780168746,G13,52,14,ok,1
93,3.100,1780168746,G8,146,-27,ok,0
93,3.100,1780168746,D4,-23,403,ok,0
93,3.100,1780168746,D2,195,513,ok,1
93,3.100,1780168746,D6,309,583,ok,1
93,3.100,1780168746,D1,102,562,ok,1
93,3.100,1780168746,D7,136,719,ok,1
93,3.100,1780168746,D10,-115,778,ok,0
93,3.100,1780168746,G1,358,9,interpolated,1
93,3.100,1780168746,G10,214,36,interpolated,1
93,3.100,1780168746,D3,-116,451,interpolated,0
93,3.100,1780168746,D9,191,531,interpolated,1
94,3.133,1780168746,G2,128,193,ok,1
94,3.133,1780168746,G4,320,169,ok,1
94,3.133,1780168746,G12,90,88,ok,1
94,3.133,1780168746,G15,88,-31,ok,0
94,3.133,1780168746,G9,118,0,ok,1
94,3.133,1780168746,G11,204,34,ok,1
94,3.133,1780168746,G7,165,-23,ok,0
94,3.133,1780168746,G13,52,14,ok,1
94,3.133,1780168746,G3,47,88,ok,1
94,3.133,1780168746,G8,147,-27,ok,0
94,3.133,1780168746,G10,187,-46,ok,0
94,3.133,1780168746,D4,-22,404,ok,0
94,3.133,1780168746,D2,196,517,ok,1
94,3.133,1780168746,D6,309,585,ok,1
94,3.133,1780168746,D1,102,564,ok,1
94,3.133,1780168746,D7,135,718,ok,1
94,3.133,1780168746,D10,-115,778,ok,0
94,3.133,1780168746,G1,358,9,interpolated,1
94,3.133,1780168746,D3,-116,451,interpolated,0
95,3.167,1780168746,G2,129,192,ok,1
95,3.167,1780168746,G4,319,168,ok,1
95,3.167,1780168746,G12,90,89,ok,1
95,3.167,1780168746,G15,88,-31,ok,0
95,3.167,1780168746,G9,118,-1,ok,0
95,3.167,1780168746,G7,165,-23,ok,0
95,3.167,1780168746,G3,47,88,ok,1
95,3.167,1780168746,G8,147,-27,ok,0
95,3.167,1780168746,G13,52,14,ok,1
95,3.167,1780168746,G11,201,27,ok,1
95,3.167,1780168746,G10,187,-46,ok,0
95,3.167,1780168746,G1,363,8,ok,1
95,3.167,1780168746,D4,-23,406,ok,0
95,3.167,1780168746,D2,197,521,ok,1
95,3.167,1780168746,D6,308,586,ok,1
95,3.167,1780168746,D1,103,565,ok,1
95,3.167,1780168746,D7,134,717,ok,1
95,3.167,1780168746,D10,-115,778,ok,0
95,3.167,1780168746,D3,-116,451,interpolated,0
96,3.200,1780168746,G4,319,167,ok,1
96,3.200,1780168746,G12,90,93,ok,1
96,3.200,1780168746,G2,129,192,ok,1
96,3.200,1780168746,G15,88,-31,ok,0
96,3.200,1780168746,G9,118,-1,ok,0
96,3.200,1780168746,G7,165,-23,ok,0
96,3.200,1780168746,G3,46,88,ok,1
96,3.200,1780168746,G8,147,-27,ok,0
96,3.200,1780168746,G13,52,14,ok,1
96,3.200,1780168746,G18,126,168,ok,1
96,3.200,1780168746,G11,202,24,ok,1
96,3.200,1780168746,G10,187,-47,ok,0
96,3.200,1780168746,D4,-23,407,ok,0
96,3.200,1780168746,D2,198,524,ok,1
96,3.200,1780168746,D6,308,589,ok,1
96,3.200,1780168746,D1,104,564,ok,1
96,3.200,1780168746,D7,134,716,ok,1
96,3.200,1780168746,D10,-115,778,ok,0
96,3.200,1780168746,G1,363,8,interpolated,1
96,3.200,1780168746,D3,-116,451,interpolated,0
97,3.233,1780168746,G4,319,167,ok,1
97,3.233,1780168746,G12,90,93,ok,1
97,3.233,1780168746,G2,129,192,ok,1
97,3.233,1780168746,G15,88,-31,ok,0
97,3.233,1780168746,G9,118,-1,ok,0
97,3.233,1780168746,G7,165,-23,ok,0
97,3.233,1780168746,G3,46,88,ok,1
97,3.233,1780168746,G8,147,-27,ok,0
97,3.233,1780168746,G13,52,14,ok,1
97,3.233,1780168746,G18,126,168,ok,1
97,3.233,1780168746,G11,201,24,ok,1
97,3.233,1780168746,G10,187,-46,ok,0
97,3.233,1780168746,D4,-23,407,ok,0
97,3.233,1780168746,D2,198,524,ok,1
97,3.233,1780168746,D6,308,589,ok,1
97,3.233,1780168746,D1,104,564,ok,1
97,3.233,1780168746,D7,134,716,ok,1
97,3.233,1780168746,D10,-115,778,ok,0
97,3.233,1780168746,G1,363,8,interpolated,1
97,3.233,1780168746,D3,-116,451,interpolated,0
98,3.267,1780168746,G4,318,171,ok,1
98,3.267,1780168746,G2,130,191,ok,1
98,3.267,1780168746,G12,90,95,ok,1
98,3.267,1780168746,G15,88,-31,ok,0
98,3.267,1780168746,G9,118,-1,ok,0
98,3.267,1780168746,G7,165,-23,ok,0
98,3.267,1780168746,G3,46,89,ok,1
98,3.267,1780168746,G8,147,-28,ok,0
98,3.267,1780168746,G13,52,14,ok,1
98,3.267,1780168746,G11,199,24,ok,1
98,3.267,1780168746,G10,187,-47,ok,0
98,3.267,1780168746,D4,-23,410,ok,0
98,3.267,1780168746,D2,200,524,ok,1
98,3.267,1780168746,D1,106,566,ok,1
98,3.267,1780168746,D6,308,590,ok,1
98,3.267,1780168746,D7,133,716,ok,1
98,3.267,1780168746,D10,-115,778,ok,0
98,3.267,1780168746,G1,363,8,interpolated,1
98,3.267,1780168746,D3,-116,451,interpolated,0
98,3.267,1780168746,G18,126,168,interpolated,1
99,3.300,1780168746,G2,129,185,ok,1
99,3.300,1780168746,G4,318,172,ok,1
99,3.300,1780168746,G12,90,96,ok,1
99,3.300,1780168746,G15,88,-31,ok,0
99,3.300,1780168746,G9,118,-1,ok,0
99,3.300,1780168746,G7,165,-23,ok,0
99,3.300,1780168746,G3,46,89,ok,1
99,3.300,1780168746,G13,52,14,ok,1
99,3.300,1780168746,G8,147,-27,ok,0
99,3.300,1780168746,G11,197,23,ok,1
99,3.300,1780168746,D4,-24,411,ok,0
99,3.300,1780168746,D1,109,565,ok,1
99,3.300,1780168746,D2,200,524,ok,1
99,3.300,1780168746,D6,307,591,ok,1
99,3.300,1780168746,D7,133,716,ok,1
99,3.300,1780168746,D10,-115,778,ok,0
99,3.300,1780168746,G1,363,8,interpolated,1
99,3.300,1780168746,G10,187,-47,interpolated,0
99,3.300,1780168746,D3,-116,451,interpolated,0
99,3.300,1780168746,G18,126,168,interpolated,1
100,3.333,1780168746,G4,315,174,ok,1
100,3.333,1780168746,G2,128,182,ok,1
100,3.333,1780168746,G12,90,96,ok,1
100,3.333,1780168746,G15,88,-31,ok,0
100,3.333,1780168746,G9,118,-1,ok,0
100,3.333,1780168746,G7,165,-23,ok,0
100,3.333,1780168746,G3,45,90,ok,1
100,3.333,1780168746,G11,193,22,ok,1
100,3.333,1780168746,G8,147,-28,ok,0
100,3.333,1780168746,G13,52,14,ok,1
100,3.333,1780168746,G10,187,-47,ok,0
100,3.333,1780168746,D2,201,524,ok,1
100,3.333,1780168746,D4,-24,413,ok,0
100,3.333,1780168746,D1,111,565,ok,1
100,3.333,1780168746,D6,307,591,ok,1
100,3.333,1780168746,D7,133,715,ok,1
100,3.333,1780168746,D10,-115,778,ok,0
100,3.333,1780168746,G1,363,8,interpolated,1
100,3.333,1780168746,G18,126,168,interpolated,1
101,3.367,1780168746,G4,313,174,ok,1
101,3.367,1780168746,G2,127,179,ok,1
101,3.367,1780168746,G15,88,-31,ok,0
101,3.367,1780168746,G12,90,96,ok,1
101,3.367,1780168746,G9,118,-1,ok,0
101,3.367,1780168746,G3,46,91,ok,1
101,3.367,1780168746,G7,165,-23,ok,0
101,3.367,1780168746,G8,147,-28,ok,0
101,3.367,1780168746,G13,52,14,ok,1
101,3.367,1780168746,G11,191,22,ok,1
101,3.367,1780168746,D2,203,524,ok,1
101,3.367,1780168746,D4,-25,416,ok,0
101,3.367,1780168746,D1,112,565,ok,1
101,3.367,1780168746,D6,306,591,ok,1
101,3.367,1780168746,D7,133,715,ok,1
101,3.367,1780168746,D10,-115,778,ok,0
101,3.367,1780168746,G1,363,8,interpolated,1
101,3.367,1780168746,G10,187,-47,interpolated,0
101,3.367,1780168746,G18,126,168,interpolated,1
102,3.400,1780168746,G4,311,173,ok,1
102,3.400,1780168746,G2,127,175,ok,1
102,3.400,1780168746,G12,89,96,ok,1
102,3.400,1780168746,G15,88,-31,ok,0
102,3.400,1780168746,G9,118,-1,ok,0
102,3.400,1780168746,G3,46,93,ok,1
102,3.400,1780168746,G11,189,23,ok,1
102,3.400,1780168746,G7,165,-23,ok,0
102,3.400,1780168746,G8,148,-28,ok,0
102,3.400,1780168746,G13,52,14,ok,1
102,3.400,1780168746,D1,113,566,ok,1
102,3.400,1780168746,D4,-26,418,ok,0
102,3.400,1780168746,D6,305,591,ok,1
102,3.400,1780168746,D2,201,524,ok,1
102,3.400,1780168746,D7,133,715,ok,1
102,3.400,1780168746,D10,-115,778,ok,0
102,3.400,1780168746,G1,363,8,interpolated,1
102,3.400,1780168746,G10,187,-47,interpolated,0
102,3.400,1780168746,G18,126,168,interpolated,1
103,3.433,1780168746,G4,311,173,ok,1
103,3.433,1780168746,G2,127,175,ok,1
103,3.433,1780168746,G12,89,96,ok,1
103,3.433,1780168746,G15,88,-31,ok,0
103,3.433,1780168746,G9,118,-1,ok,0
103,3.433,1780168746,G3,46,93,ok,1
103,3.433,1780168746,G11,189,23,ok,1
103,3.433,1780168746,G7,165,-23,ok,0
103,3.433,1780168746,G8,148,-28,ok,0
103,3.433,1780168746,G13,52,14,ok,1
103,3.433,1780168746,D1,113,566,ok,1
103,3.433,1780168746,D4,-26,418,ok,0
103,3.433,1780168746,D6,305,591,ok,1
103,3.433,1780168746,D2,201,524,ok,1
103,3.433,1780168746,D7,133,715,ok,1
103,3.433,1780168746,D10,-115,778,ok,0
103,3.433,1780168746,G1,363,8,interpolated,1
103,3.433,1780168746,G10,187,-47,interpolated,0
103,3.433,1780168746,G18,126,168,interpolated,1
104,3.467,1780168746,G4,310,173,ok,1
104,3.467,1780168746,G18,126,169,ok,1
104,3.467,1780168746,G12,90,96,ok,1
104,3.467,1780168746,G15,88,-31,ok,0
104,3.467,1780168746,G9,118,-1,ok,0
104,3.467,1780168746,G3,46,93,ok,1
104,3.467,1780168746,G7,165,-23,ok,0
104,3.467,1780168746,G8,148,-28,ok,0
104,3.467,1780168746,G13,52,14,ok,1
104,3.467,1780168746,G11,186,23,ok,1
104,3.467,1780168746,G10,188,-42,ok,0
104,3.467,1780168746,D2,204,524,ok,1
104,3.467,1780168746,D4,-25,418,ok,0
104,3.467,1780168746,D6,303,591,ok,1
104,3.467,1780168746,D1,114,566,ok,1
104,3.467,1780168746,D7,133,715,ok,1
104,3.467,1780168746,D10,-115,777,ok,0
104,3.467,1780168746,D3,-114,451,ok,0
104,3.467,1780168746,G1,363,8,interpolated,1
104,3.467,1780168746,G2,127,175,interpolated,1
105,3.500,1780168746,G4,310,173,ok,1
105,3.500,1780168746,G18,126,167,ok,1
105,3.500,1780168746,G12,90,96,ok,1
105,3.500,1780168746,G15,88,-31,ok,0
105,3.500,1780168746,G9,118,-1,ok,0
105,3.500,1780168746,G3,45,94,ok,1
105,3.500,1780168746,G13,52,14,ok,1
105,3.500,1780168746,G7,165,-23,ok,0
105,3.500,1780168746,G11,186,23,ok,1
105,3.500,1780168746,G8,148,-28,ok,0
105,3.500,1780168746,D6,302,591,ok,1
105,3.500,1780168746,D2,204,524,ok,1
105,3.500,1780168746,D1,115,566,ok,1
105,3.500,1780168746,D4,-25,418,ok,0
105,3.500,1780168746,D7,133,714,ok,1
105,3.500,1780168746,D10,-115,777,ok,0
105,3.500,1780168746,D3,-112,447,ok,0
105,3.500,1780168746,G1,363,8,interpolated,1
105,3.500,1780168746,G2,127,175,interpolated,1
105,3.500,1780168746,G10,188,-42,interpolated,0
106,3.533,1780168746,G4,309,173,ok,1
106,3.533,1780168746,G18,126,167,ok,1
106,3.533,1780168746,G12,91,96,ok,1
106,3.533,1780168746,G15,88,-31,ok,0
106,3.533,1780168746,G9,118,-1,ok,0
106,3.533,1780168746,G3,45,94,ok,1
106,3.533,1780168746,G13,52,14,ok,1
106,3.533,1780168746,G7,165,-23,ok,0
106,3.533,1780168746,G8,148,-28,ok,0
106,3.533,1780168746,G11,184,23,ok,1
106,3.533,1780168746,G10,188,-42,ok,0
106,3.533,1780168746,D6,301,591,ok,1
106,3.533,1780168746,D1,114,568,ok,1
106,3.533,1780168746,D2,204,528,ok,1
106,3.533,1780168746,D4,-25,418,ok,0
106,3.533,1780168746,D7,133,713,ok,1
106,3.533,1780168746,D10,-115,777,ok,0
106,3.533,1780168746,D3,-112,447,ok,0
106,3.533,1780168746,G2,127,175,interpolated,1
107,3.567,1780168746,G4,308,173,ok,1
107,3.567,1780168746,G18,126,167,ok,1
107,3.567,1780168746,G12,91,101,ok,1
107,3.567,1780168746,G15,88,-31,ok,0
107,3.567,1780168746,G13,52,14,ok,1
107,3.567,1780168746,G9,118,-1,ok,0
107,3.567,1780168746,G3,44,94,ok,1
107,3.567,1780168746,G7,164,-23,ok,0
107,3.567,1780168746,G8,148,-28,ok,0
107,3.567,1780168746,G11,183,23,ok,1
107,3.567,1780168746,G10,187,-43,ok,0
107,3.567,1780168746,D2,205,530,ok,1
107,3.567,1780168746,D6,301,593,ok,1
107,3.567,1780168746,D4,-24,418,ok,0
107,3.567,1780168746,D1,115,569,ok,1
107,3.567,1780168746,D7,133,712,ok,1
107,3.567,1780168746,D10,-115,777,ok,0
107,3.567,1780168746,D3,-112,447,ok,0
107,3.567,1780168746,G2,127,175,interpolated,1
108,3.600,1780168746,G4,307,173,ok,1
108,3.600,1780168746,G18,126,167,ok,1
108,3.600,1780168746,G15,89,-30,ok,0
108,3.600,1780168746,G12,93,107,ok,1
108,3.600,1780168746,G13,52,14,ok,1
108,3.600,1780168746,G9,118,-1,ok,0
108,3.600,1780168746,G3,43,93,ok,1
108,3.600,1780168746,G7,164,-23,ok,0
108,3.600,1780168746,G8,149,-27,ok,0
108,3.600,1780168746,G10,188,-48,ok,0
108,3.600,1780168746,D2,206,533,ok,1
108,3.600,1780168746,D1,115,570,ok,1
108,3.600,1780168746,D4,-24,418,ok,0
108,3.600,1780168746,D6,301,598,ok,1
108,3.600,1780168746,D7,134,712,ok,1
108,3.600,1780168746,D10,-114,776,ok,0
108,3.600,1780168746,D3,-114,450,ok,0
108,3.600,1780168746,G2,127,175,interpolated,1
108,3.600,1780168746,G11,183,23,interpolated,1
109,3.633,1780168746,G4,307,173,ok,1
109,3.633,1780168746,G18,126,167,ok,1
109,3.633,1780168746,G15,89,-30,ok,0
109,3.633,1780168746,G12,93,107,ok,1
109,3.633,1780168746,G13,52,14,ok,1
109,3.633,1780168746,G9,118,-1,ok,0
109,3.633,1780168746,G3,43,93,ok,1
109,3.633,1780168746,G7,164,-23,ok,0
109,3.633,1780168746,G8,149,-27,ok,0
109,3.633,1780168746,G10,188,-48,ok,0
109,3.633,1780168746,G11,181,23,ok,1
109,3.633,1780168746,D2,206,533,ok,1
109,3.633,1780168746,D1,115,570,ok,1
109,3.633,1780168746,D4,-24,418,ok,0
109,3.633,1780168746,D6,301,598,ok,1
109,3.633,1780168746,D7,134,712,ok,1
109,3.633,1780168746,D10,-113,776,ok,0
109,3.633,1780168746,G2,127,175,interpolated,1
109,3.633,1780168746,D3,-114,450,interpolated,0
110,3.667,1780168746,G4,306,173,ok,1
110,3.667,1780168746,G18,126,167,ok,1
110,3.667,1780168746,G15,89,-30,ok,0
110,3.667,1780168746,G12,93,109,ok,1
110,3.667,1780168746,G13,52,15,ok,1
110,3.667,1780168746,G9,118,-1,ok,0
110,3.667,1780168746,G3,42,93,ok,1
110,3.667,1780168746,G7,163,-23,ok,0
110,3.667,1780168746,G8,149,-27,ok,0
110,3.667,1780168746,G1,370,11,ok,1
110,3.667,1780168746,G11,178,22,ok,1
110,3.667,1780168746,G10,188,-49,ok,0
110,3.667,1780168746,D2,206,537,ok,1
110,3.667,1780168746,D4,-23,418,ok,0
110,3.667,1780168746,D1,115,572,ok,1
110,3.667,1780168746,D6,300,596,ok,1
110,3.667,1780168746,D7,134,711,ok,1
110,3.667,1780168746,D10,-113,776,ok,0
110,3.667,1780168746,G2,127,175,interpolated,1
110,3.667,1780168746,D3,-114,450,interpolated,0
111,3.700,1780168746,G4,305,173,ok,1
111,3.700,1780168746,G18,126,166,ok,1
111,3.700,1780168746,G15,89,-30,ok,0
111,3.700,1780168746,G12,94,110,ok,1
111,3.700,1780168746,G13,52,15,ok,1
111,3.700,1780168746,G3,41,93,ok,1
111,3.700,1780168746,G9,118,-1,ok,0
111,3.700,1780168746,G7,163,-23,ok,0
111,3.700,1780168746,G8,149,-27,ok,0
111,3.700,1780168746,G1,371,11,ok,1
111,3.700,1780168746,G10,188,-49,ok,0
111,3.700,1780168746,G11,176,22,ok,1
111,3.700,1780168746,D2,206,542,ok,1
111,3.700,1780168746,D4,-23,418,ok,0
111,3.700,1780168746,D6,300,598,ok,1
111,3.700,1780168746,D1,116,575,ok,1
111,3.700,1780168746,D7,134,710,ok,1
111,3.700,1780168746,G2,127,175,interpolated,1
111,3.700,1780168746,D10,-113,776,interpolated,0
111,3.700,1780168746,D3,-114,450,interpolated,0
112,3.733,1780168746,G4,304,173,ok,1
112,3.733,1780168746,G18,126,166,ok,1
112,3.733,1780168746,G15,89,-30,ok,0
112,3.733,1780168746,G3,39,93,ok,1
112,3.733,1780168746,G12,94,113,ok,1
112,3.733,1780168746,G9,118,-1,ok,0
112,3.733,1780168746,G13,52,14,ok,1
112,3.733,1780168746,G7,163,-23,ok,0
112,3.733,1780168746,G8,150,-27,ok,0
112,3.733,1780168746,G1,372,10,ok,1
112,3.733,1780168746,G10,188,-49,ok,0
112,3.733,1780168746,G11,176,22,ok,1
112,3.733,1780168746,D2,206,545,ok,1
112,3.733,1780168746,D4,-22,419,ok,0
112,3.733,1780168746,D6,300,596,ok,1
112,3.733,1780168746,D1,117,575,ok,1
112,3.733,1780168746,D7,135,708,ok,1
112,3.733,1780168746,G2,127,175,interpolated,1
112,3.733,1780168746,D10,-113,776,interpolated,0
112,3.733,1780168746,D3,-114,450,interpolated,0
113,3.767,1780168746,G4,302,173,ok,1
113,3.767,1780168746,G18,126,165,ok,1
113,3.767,1780168746,G15,89,-30,ok,0
113,3.767,1780168746,G12,94,114,ok,1
113,3.767,1780168746,G3,38,94,ok,1
113,3.767,1780168746,G13,52,14,ok,1
113,3.767,1780168746,G9,118,-1,ok,0
113,3.767,1780168746,G7,163,-23,ok,0
113,3.767,1780168746,G1,372,12,ok,1
113,3.767,1780168746,G8,150,-28,ok,0
113,3.767,1780168746,G10,188,-49,ok,0
113,3.767,1780168746,G11,176,22,ok,1
113,3.767,1780168746,D4,-21,419,ok,0
113,3.767,1780168746,D2,206,545,ok,1
113,3.767,1780168746,D1,118,575,ok,1
113,3.767,1780168746,D6,300,599,ok,1
113,3.767,1780168746,D7,135,708,ok,1
113,3.767,1780168746,G2,127,175,interpolated,1
113,3.767,1780168746,D10,-113,776,interpolated,0
113,3.767,1780168746,D3,-114,450,interpolated,0
114,3.800,1780168746,G4,300,174,ok,1
114,3.800,1780168746,G18,126,162,ok,1
114,3.800,1780168746,G12,93,114,ok,1
114,3.800,1780168746,G15,89,-30,ok,0
114,3.800,1780168746,G3,37,95,ok,1
114,3.800,1780168746,G13,52,15,ok,1
114,3.800,1780168746,G9,119,-1,ok,0
114,3.800,1780168746,G1,373,11,ok,1
114,3.800,1780168746,G7,163,-23,ok,0
114,3.800,1780168746,G8,150,-27,ok,0
114,3.800,1780168746,G10,188,-49,ok,0
114,3.800,1780168746,G11,176,22,ok,1
114,3.800,1780168746,D4,-21,420,ok,0
114,3.800,1780168746,D2,205,545,ok,1
114,3.800,1780168746,D6,299,600,ok,1
114,3.800,1780168746,D1,119,575,ok,1
114,3.800,1780168746,D7,136,707,ok,1
114,3.800,1780168746,D10,-113,776,interpolated,0
114,3.800,1780168746,D3,-114,450,interpolated,0
115,3.833,1780168746,G4,300,174,ok,1
115,3.833,1780168746,G18,126,162,ok,1
115,3.833,1780168746,G12,93,114,ok,1
115,3.833,1780168746,G15,89,-30,ok,0
115,3.833,1780168746,G3,37,95,ok,1
115,3.833,1780168746,G13,52,15,ok,1
115,3.833,1780168746,G9,119,-1,ok,0
115,3.833,1780168746,G1,373,11,ok,1
115,3.833,1780168746,G7,163,-23,ok,0
115,3.833,1780168746,G8,150,-27,ok,0
115,3.833,1780168746,G10,188,-49,ok,0
115,3.833,1780168746,G11,176,22,ok,1
115,3.833,1780168746,D4,-21,420,ok,0
115,3.833,1780168746,D2,205,545,ok,1
115,3.833,1780168746,D6,299,600,ok,1
115,3.833,1780168746,D1,119,575,ok,1
115,3.833,1780168746,D7,136,707,ok,1
115,3.833,1780168746,D10,-113,776,interpolated,0
115,3.833,1780168746,D3,-114,450,interpolated,0
116,3.867,1780168746,G4,297,174,ok,1
116,3.867,1780168746,G18,125,160,ok,1
116,3.867,1780168746,G12,93,115,ok,1
116,3.867,1780168746,G15,89,-30,ok,0
116,3.867,1780168746,G3,36,96,ok,1
116,3.867,1780168746,G9,120,0,ok,1
116,3.867,1780168746,G13,52,15,ok,1
116,3.867,1780168746,G11,176,22,ok,1
116,3.867,1780168746,G1,374,13,ok,1
116,3.867,1780168746,G7,163,-23,ok,0
116,3.867,1780168746,G8,151,-27,ok,0
116,3.867,1780168746,G10,189,-49,ok,0
116,3.867,1780168746,D4,-21,421,ok,0
116,3.867,1780168746,D2,205,545,ok,1
116,3.867,1780168746,D6,298,601,ok,1
116,3.867,1780168746,D1,120,575,ok,1
116,3.867,1780168746,D7,136,706,ok,1
116,3.867,1780168746,D10,-113,776,interpolated,0
116,3.867,1780168746,D3,-114,450,interpolated,0
117,3.900,1780168746,G4,296,174,ok,1
117,3.900,1780168746,G18,126,157,ok,1
117,3.900,1780168746,G12,93,116,ok,1
117,3.900,1780168746,G15,89,-30,ok,0
117,3.900,1780168746,G3,36,96,ok,1
117,3.900,1780168746,G11,176,23,ok,1
117,3.900,1780168746,G9,119,-1,ok,0
117,3.900,1780168746,G13,52,14,ok,1
117,3.900,1780168746,G8,150,-27,ok,0
117,3.900,1780168746,G1,374,14,ok,1
117,3.900,1780168746,G7,163,-23,ok,0
117,3.900,1780168746,D4,-22,423,ok,0
117,3.900,1780168746,D2,206,546,ok,1
117,3.900,1780168746,D6,297,601,ok,1
117,3.900,1780168746,D1,122,575,ok,1
117,3.900,1780168746,D7,136,707,ok,1
117,3.900,1780168746,G10,189,-49,interpolated,0
117,3.900,1780168746,D10,-113,776,interpolated,0
117,3.900,1780168746,D3,-114,450,interpolated,0
118,3.933,1780168746,G4,295,174,ok,1
118,3.933,1780168746,G18,126,152,ok,1
118,3.933,1780168746,G12,93,115,ok,1
118,3.933,1780168746,G15,89,-30,ok,0
118,3.933,1780168746,G3,37,99,ok,1
118,3.933,1780168746,G11,176,22,ok,1
118,3.933,1780168746,G9,119,-1,ok,0
118,3.933,1780168746,G13,51,14,ok,1
118,3.933,1780168746,G7,163,-23,ok,0
118,3.933,1780168746,G1,373,17,ok,1
118,3.933,1780168746,G8,150,-27,ok,0
118,3.933,1780168746,D2,205,546,ok,1
118,3.933,1780168746,D1,124,575,ok,1
118,3.933,1780168746,D4,-22,424,ok,0
118,3.933,1780168746,D6,297,601,ok,1
118,3.933,1780168746,D7,136,707,ok,1
118,3.933,1780168746,G10,189,-49,interpolated,0
118,3.933,1780168746,D10,-113,776,interpolated,0
118,3.933,1780168746,D3,-114,450,interpolated,0
119,3.967,1780168746,G4,294,174,ok,1
119,3.967,1780168746,G18,126,149,ok,1
119,3.967,1780168746,G12,93,115,ok,1
119,3.967,1780168746,G15,89,-30,ok,0
119,3.967,1780168746,G3,37,100,ok,1
119,3.967,1780168746,G11,177,22,ok,1
119,3.967,1780168746,G9,119,-1,ok,0
119,3.967,1780168746,G13,52,14,ok,1
119,3.967,1780168746,G1,372,17,ok,1
119,3.967,1780168746,G7,163,-23,ok,0
119,3.967,1780168746,G8,151,-27,ok,0
119,3.967,1780168746,D4,-23,426,ok,0
119,3.967,1780168746,D1,126,575,ok,1
119,3.967,1780168746,D2,205,546,ok,1
119,3.967,1780168746,D6,296,602,ok,1
119,3.967,1780168746,D7,136,707,ok,1
119,3.967,1780168746,G10,189,-49,interpolated,0
119,3.967,1780168746,D10,-113,776,interpolated,0
120,4.000,1780168747,G4,293,174,ok,1
120,4.000,1780168747,G18,126,146,ok,1
120,4.000,1780168747,G12,93,115,ok,1
120,4.000,1780168747,G15,89,-30,ok,0
120,4.000,1780168747,G3,37,100,ok,1
120,4.000,1780168747,G11,177,22,ok,1
120,4.000,1780168747,G9,119,-1,ok,0
120,4.000,1780168747,G13,52,14,ok,1
120,4.000,1780168747,G1,372,17,ok,1
120,4.000,1780168747,G7,163,-23,ok,0
120,4.000,1780168747,G8,151,-28,ok,0
120,4.000,1780168747,G10,190,-48,ok,0
120,4.000,1780168747,D1,128,575,ok,1
120,4.000,1780168747,D2,205,547,ok,1
120,4.000,1780168747,D4,-24,429,ok,0
120,4.000,1780168747,D6,295,601,ok,1
120,4.000,1780168747,D7,137,707,ok,1
120,4.000,1780168747,D3,-114,450,ok,0
120,4.000,1780168747,D10,-113,776,interpolated,0
121,4.033,1780168747,G4,293,174,ok,1
121,4.033,1780168747,G18,126,146,ok,1
121,4.033,1780168747,G12,93,115,ok,1
121,4.033,1780168747,G15,89,-30,ok,0
121,4.033,1780168747,G3,37,100,ok,1
121,4.033,1780168747,G11,177,22,ok,1
121,4.033,1780168747,G9,119,-1,ok,0
121,4.033,1780168747,G13,52,14,ok,1
121,4.033,1780168747,G1,372,17,ok,1
121,4.033,1780168747,G7,163,-23,ok,0
121,4.033,1780168747,G8,151,-28,ok,0
121,4.033,1780168747,G10,190,-48,ok,0
121,4.033,1780168747,D1,128,575,ok,1
121,4.033,1780168747,D2,205,547,ok,1
121,4.033,1780168747,D4,-24,429,ok,0
121,4.033,1780168747,D6,295,601,ok,1
121,4.033,1780168747,D7,137,707,ok,1
121,4.033,1780168747,D3,-114,450,ok,0
122,4.067,1780168747,G4,292,174,ok,1
122,4.067,1780168747,G12,93,116,ok,1
122,4.067,1780168747,G18,126,146,ok,1
122,4.067,1780168747,G3,36,100,ok,1
122,4.067,1780168747,G11,177,23,ok,1
122,4.067,1780168747,G15,89,-30,ok,0
122,4.067,1780168747,G9,119,-1,ok,0
122,4.067,1780168747,G13,47,14,ok,1
122,4.067,1780168747,G7,163,-23,ok,0
122,4.067,1780168747,G1,372,19,ok,1
122,4.067,1780168747,G8,150,-29,ok,0
122,4.067,1780168747,D2,206,548,ok,1
122,4.067,1780168747,D1,128,576,ok,1
122,4.067,1780168747,D4,-25,432,ok,0
122,4.067,1780168747,D6,293,601,ok,1
122,4.067,1780168747,D7,138,706,ok,1
122,4.067,1780168747,D3,-114,450,ok,0
122,4.067,1780168747,G10,190,-48,interpolated,0
123,4.100,1780168747,G12,93,118,ok,1
123,4.100,1780168747,G4,292,174,ok,1
123,4.100,1780168747,G18,127,146,ok,1
123,4.100,1780168747,G3,36,100,ok,1
123,4.100,1780168747,G15,88,-31,ok,0
123,4.100,1780168747,G11,177,23,ok,1
123,4.100,1780168747,G9,119,-1,ok,0
123,4.100,1780168747,G13,47,14,ok,1
123,4.100,1780168747,G7,162,-23,ok,0
123,4.100,1780168747,G1,372,21,ok,1
123,4.100,1780168747,D4,-25,435,ok,0
123,4.100,1780168747,D2,206,549,ok,1
123,4.100,1780168747,D1,128,576,ok,1
123,4.100,1780168747,D6,291,601,ok,1
123,4.100,1780168747,D7,138,706,ok,1
123,4.100,1780168747,G8,150,-29,interpolated,0
123,4.100,1780168747,G10,190,-48,interpolated,0
123,4.100,1780168747,D3,-114,450,interpolated,0
124,4.133,1780168747,G12,93,121,ok,1
124,4.133,1780168747,G4,291,172,ok,1
124,4.133,1780168747,G18,129,146,ok,1
124,4.133,1780168747,G3,36,100,ok,1
124,4.133,1780168747,G15,88,-31,ok,0
124,4.133,1780168747,G11,177,24,ok,1
124,4.133,1780168747,G13,47,14,ok,1
124,4.133,1780168747,G9,119,-1,ok,0
124,4.133,1780168747,G7,162,-23,ok,0
124,4.133,1780168747,G1,372,22,ok,1
124,4.133,1780168747,G8,150,-28,ok,0
124,4.133,1780168747,G10,190,-45,ok,0
124,4.133,1780168747,D2,206,553,ok,1
124,4.133,1780168747,D4,-23,436,ok,0
124,4.133,1780168747,D1,129,577,ok,1
124,4.133,1780168747,D6,289,601,ok,1
124,4.133,1780168747,D7,139,706,ok,1
124,4.133,1780168747,D10,-116,776,ok,0
124,4.133,1780168747,D3,-114,450,interpolated,0
125,4.167,1780168747,G12,93,122,ok,1
125,4.167,1780168747,G18,129,146,ok,1
125,4.167,1780168747,G4,290,171,ok,1
125,4.167,1780168747,G11,178,25,ok,1
125,4.167,1780168747,G15,88,-31,ok,0
125,4.167,1780168747,G3,36,100,ok,1
125,4.167,1780168747,G9,119,-1,ok,0
125,4.167,1780168747,G13,47,14,ok,1
125,4.167,1780168747,G7,162,-23,ok,0
125,4.167,1780168747,G1,372,23,ok,1
125,4.167,1780168747,G8,150,-28,ok,0
125,4.167,1780168747,D2,207,557,ok,1
125,4.167,1780168747,D1,129,577,ok,1
125,4.167,1780168747,D4,-22,436,ok,0
125,4.167,1780168747,D6,288,602,ok,1
125,4.167,1780168747,D7,140,705,ok,1
125,4.167,1780168747,D10,-116,776,ok,0
125,4.167,1780168747,G10,190,-45,interpolated,0
125,4.167,1780168747,D3,-114,450,interpolated,0
126,4.200,1780168747,G12,94,126,ok,1
126,4.200,1780168747,G18,129,146,ok,1
126,4.200,1780168747,G4,290,170,ok,1
126,4.200,1780168747,G15,88,-31,ok,0
126,4.200,1780168747,G11,178,25,ok,1
126,4.200,1780168747,G3,35,100,ok,1
126,4.200,1780168747,G9,120,0,ok,1
126,4.200,1780168747,G7,162,-23,ok,0
126,4.200,1780168747,G13,52,14,ok,1
126,4.200,1780168747,G8,151,-27,ok,0
126,4.200,1780168747,G1,373,23,ok,1
126,4.200,1780168747,D2,207,561,ok,1
126,4.200,1780168747,D4,-20,436,ok,0
126,4.200,1780168747,D1,130,579,ok,1
126,4.200,1780168747,D6,288,603,ok,1
126,4.200,1780168747,D7,141,702,ok,1
126,4.200,1780168747,D10,-117,776,ok,0
126,4.200,1780168747,G10,190,-45,interpolated,0
126,4.200,1780168747,D3,-114,450,interpolated,0
127,4.233,1780168747,G12,94,126,ok,1
127,4.233,1780168747,G18,129,146,ok,1
127,4.233,1780168747,G4,290,170,ok,1
127,4.233,1780168747,G15,88,-31,ok,0
127,4.233,1780168747,G11,178,25,ok,1
127,4.233,1780168747,G3,35,101,ok,1
127,4.233,1780168747,G9,120,0,ok,1
127,4.233,1780168747,G13,47,14,ok,1
127,4.233,1780168747,G7,162,-23,ok,0
127,4.233,1780168747,G8,151,-27,ok,0
127,4.233,1780168747,G1,373,23,ok,1
127,4.233,1780168747,D2,207,561,ok,1
127,4.233,1780168747,D4,-20,436,ok,0
127,4.233,1780168747,D1,130,579,ok,1
127,4.233,1780168747,D6,288,603,ok,1
127,4.233,1780168747,D7,141,702,ok,1
127,4.233,1780168747,D10,-117,776,ok,0
127,4.233,1780168747,G10,190,-45,interpolated,0
127,4.233,1780168747,D3,-114,450,interpolated,0
128,4.267,1780168747,G12,94,128,ok,1
128,4.267,1780168747,G18,130,145,ok,1
128,4.267,1780168747,G4,289,169,ok,1
128,4.267,1780168747,G15,88,-31,ok,0
128,4.267,1780168747,G3,35,101,ok,1
128,4.267,1780168747,G11,179,25,ok,1
128,4.267,1780168747,G7,162,-23,ok,0
128,4.267,1780168747,G9,119,-1,ok,0
128,4.267,1780168747,G13,48,14,ok,1
128,4.267,1780168747,G8,151,-28,ok,0
128,4.267,1780168747,G1,373,22,ok,1
128,4.267,1780168747,D4,-19,437,ok,0
128,4.267,1780168747,D2,208,565,ok,1
128,4.267,1780168747,D1,131,580,ok,1
128,4.267,1780168747,D6,288,605,ok,1
128,4.267,1780168747,D7,141,699,ok,1
128,4.267,1780168747,D10,-117,776,ok,0
128,4.267,1780168747,G10,190,-45,interpolated,0
128,4.267,1780168747,D3,-114,450,interpolated,0
129,4.300,1780168747,G12,94,131,ok,1
129,4.300,1780168747,G18,131,144,ok,1
129,4.300,1780168747,G4,288,169,ok,1
129,4.300,1780168747,G15,88,-31,ok,0
129,4.300,1780168747,G3,35,101,ok,1
129,4.300,1780168747,G13,52,15,ok,1
129,4.300,1780168747,G11,179,25,ok,1
129,4.300,1780168747,G9,119,-1,ok,0
129,4.300,1780168747,G7,162,-23,ok,0
129,4.300,1780168747,G8,150,-27,ok,0
129,4.300,1780168747,G1,373,22,ok,1
129,4.300,1780168747,D4,-18,437,ok,0
129,4.300,1780168747,D2,208,566,ok,1
129,4.300,1780168747,D6,287,606,ok,1
129,4.300,1780168747,D1,132,582,ok,1
129,4.300,1780168747,D7,142,696,ok,1
129,4.300,1780168747,D10,-117,777,ok,0
129,4.300,1780168747,G10,190,-45,interpolated,0
129,4.300,1780168747,D3,-114,450,interpolated,0
130,4.333,1780168747,G12,95,132,ok,1
130,4.333,1780168747,G4,286,169,ok,1
130,4.333,1780168747,G18,130,142,ok,1
130,4.333,1780168747,G15,88,-31,ok,0
130,4.333,1780168747,G3,35,101,ok,1
130,4.333,1780168747,G11,179,25,ok,1
130,4.333,1780168747,G13,52,14,ok,1
130,4.333,1780168747,G7,162,-23,ok,0
130,4.333,1780168747,G9,119,-1,ok,0
130,4.333,1780168747,G8,150,-27,ok,0
130,4.333,1780168747,G1,374,21,ok,1
130,4.333,1780168747,G10,474,395,ok,0
130,4.333,1780168747,D4,-17,437,ok,0
130,4.333,1780168747,D2,209,566,ok,1
130,4.333,1780168747,D6,287,608,ok,1
130,4.333,1780168747,D1,132,584,ok,1
130,4.333,1780168747,D7,142,698,ok,1
130,4.333,1780168747,D10,-117,777,ok,0
130,4.333,1780168747,D3,-114,450,interpolated,0
131,4.367,1780168747,G12,94,133,ok,1
131,4.367,1780168747,G4,284,169,ok,1
131,4.367,1780168747,G18,130,139,ok,1
131,4.367,1780168747,G15,88,-31,ok,0
131,4.367,1780168747,G3,35,101,ok,1
131,4.367,1780168747,G11,179,24,ok,1
131,4.367,1780168747,G13,52,14,ok,1
131,4.367,1780168747,G7,162,-23,ok,0
131,4.367,1780168747,G9,119,-1,ok,0
131,4.367,1780168747,G8,150,-27,ok,0
131,4.367,1780168747,G1,374,22,ok,1
131,4.367,1780168747,G10,474,395,ok,0
131,4.367,1780168747,D4,-17,437,ok,0
131,4.367,1780168747,D2,210,566,ok,1
131,4.367,1780168747,D6,287,611,ok,1
131,4.367,1780168747,D1,133,585,ok,1
131,4.367,1780168747,D7,142,707,ok,1
131,4.367,1780168747,D10,-117,777,ok,0
131,4.367,1780168747,D3,-114,450,interpolated,0
132,4.400,1780168747,G4,282,169,ok,1
132,4.400,1780168747,G12,94,133,ok,1
132,4.400,1780168747,G18,130,135,ok,1
132,4.400,1780168747,G15,88,-31,ok,0
132,4.400,1780168747,G3,35,101,ok,1
132,4.400,1780168747,G11,179,25,ok,1
132,4.400,1780168747,G13,52,14,ok,1
132,4.400,1780168747,G9,118,-1,ok,0
132,4.400,1780168747,G8,150,-28,ok,0
132,4.400,1780168747,G7,162,-23,ok,0
132,4.400,1780168747,G1,374,22,ok,1
132,4.400,1780168747,G10,473,395,ok,0
132,4.400,1780168747,G19,189,-49,ok,0
132,4.400,1780168747,D4,-16,437,ok,0
132,4.400,1780168747,D2,211,567,ok,1
132,4.400,1780168747,D6,287,614,ok,1
132,4.400,1780168747,D1,135,586,ok,1
132,4.400,1780168747,D7,143,698,ok,1
132,4.400,1780168747,D10,-117,777,ok,0
132,4.400,1780168747,D3,-114,450,interpolated,0
133,4.433,1780168747,G4,282,169,ok,1
133,4.433,1780168747,G12,94,133,ok,1
133,4.433,1780168747,G18,130,135,ok,1
133,4.433,1780168747,G15,88,-31,ok,0
133,4.433,1780168747,G3,35,101,ok,1
133,4.433,1780168747,G11,179,25,ok,1
133,4.433,1780168747,G13,52,14,ok,1
133,4.433,1780168747,G9,118,-1,ok,0
133,4.433,1780168747,G8,150,-28,ok,0
133,4.433,1780168747,G7,162,-23,ok,0
133,4.433,1780168747,G1,374,22,ok,1
133,4.433,1780168747,G10,473,395,ok,0
133,4.433,1780168747,G19,189,-49,ok,0
133,4.433,1780168747,D4,-16,437,ok,0
133,4.433,1780168747,D2,211,567,ok,1
133,4.433,1780168747,D6,287,614,ok,1
133,4.433,1780168747,D1,135,586,ok,1
133,4.433,1780168747,D7,143,698,ok,1
133,4.433,1780168747,D10,-117,777,ok,0
134,4.467,1780168747,G4,280,169,ok,1
134,4.467,1780168747,G12,93,133,ok,1
134,4.467,1780168747,G18,130,132,ok,1
134,4.467,1780168747,G15,88,-31,ok,0
134,4.467,1780168747,G11,180,24,ok,1
134,4.467,1780168747,G3,34,101,ok,1
134,4.467,1780168747,G13,52,14,ok,1
134,4.467,1780168747,G8,149,-27,ok,0
134,4.467,1780168747,G7,162,-23,ok,0
134,4.467,1780168747,G9,118,-1,ok,0
134,4.467,1780168747,G1,374,24,ok,1
134,4.467,1780168747,G19,189,-49,ok,0
134,4.467,1780168747,G10,474,395,ok,0
134,4.467,1780168747,D4,-16,438,ok,0
134,4.467,1780168747,D2,211,567,ok,1
134,4.467,1780168747,D6,286,617,ok,1
134,4.467,1780168747,D1,137,587,ok,1
134,4.467,1780168747,D7,143,693,ok,1
134,4.467,1780168747,D10,-117,777,ok,0
135,4.500,1780168747,G4,279,169,ok,1
135,4.500,1780168747,G12,93,133,ok,1
135,4.500,1780168747,G18,131,129,ok,1
135,4.500,1780168747,G15,89,-31,ok,0
135,4.500,1780168747,G11,181,23,ok,1
135,4.500,1780168747,G3,34,101,ok,1
135,4.500,1780168747,G13,52,14,ok,1
135,4.500,1780168747,G8,149,-26,ok,0
135,4.500,1780168747,G9,118,-1,ok,0
135,4.500,1780168747,G7,162,-23,ok,0
135,4.500,1780168747,G1,375,24,ok,1
135,4.500,1780168747,G10,474,395,ok,0
135,4.500,1780168747,G19,189,-49,ok,0
135,4.500,1780168747,D4,-16,439,ok,0
135,4.500,1780168747,D2,212,567,ok,1
135,4.500,1780168747,D6,285,617,ok,1
135,4.500,1780168747,D1,139,587,ok,1
135,4.500,1780168747,D7,144,692,ok,1
135,4.500,1780168747,D10,-117,777,interpolated,0
136,4.533,1780168747,G4,279,168,ok,1
136,4.533,1780168747,G12,93,133,ok,1
136,4.533,1780168747,G18,130,127,ok,1
136,4.533,1780168747,G15,89,-31,ok,0
136,4.533,1780168747,G3,34,101,ok,1
136,4.533,1780168747,G11,181,23,ok,1
136,4.533,1780168747,G13,52,14,ok,1
136,4.533,1780168747,G9,118,-1,ok,0
136,4.533,1780168747,G7,162,-23,ok,0
136,4.533,1780168747,G8,149,-27,ok,0
136,4.533,1780168747,G1,375,24,ok,1
136,4.533,1780168747,G10,474,395,ok,0
136,4.533,1780168747,G19,188,-49,ok,0
136,4.533,1780168747,G20,44,-56,ok,0
136,4.533,1780168747,D4,-16,441,ok,0
136,4.533,1780168747,D2,212,567,ok,1
136,4.533,1780168747,D6,284,617,ok,1
136,4.533,1780168747,D1,141,587,ok,1
136,4.533,1780168747,D7,144,692,ok,1
136,4.533,1780168747,D10,-117,777,interpolated,0
137,4.567,1780168747,G4,279,168,ok,1
137,4.567,1780168747,G12,93,133,ok,1
137,4.567,1780168747,G18,130,127,ok,1
137,4.567,1780168747,G15,88,-31,ok,0
137,4.567,1780168747,G3,33,100,ok,1
137,4.567,1780168747,G11,183,23,ok,1
137,4.567,1780168747,G13,52,14,ok,1
137,4.567,1780168747,G7,162,-23,ok,0
137,4.567,1780168747,G9,118,-1,ok,0
137,4.567,1780168747,G8,148,-27,ok,0
137,4.567,1780168747,G1,375,25,ok,1
137,4.567,1780168747,G10,474,395,ok,0
137,4.567,1780168747,D4,-16,443,ok,0
137,4.567,1780168747,D2,212,568,ok,1
137,4.567,1780168747,D1,143,587,ok,1
137,4.567,1780168747,D6,282,617,ok,1
137,4.567,1780168747,D7,144,692,ok,1
137,4.567,1780168747,D10,-118,776,ok,0
137,4.567,1780168747,G19,188,-49,interpolated,0
137,4.567,1780168747,G20,44,-56,interpolated,0
138,4.600,1780168747,G4,279,166,ok,1
138,4.600,1780168747,G12,92,133,ok,1
138,4.600,1780168747,G18,131,127,ok,1
138,4.600,1780168747,G3,33,101,ok,1
138,4.600,1780168747,G15,88,-31,ok,0
138,4.600,1780168747,G11,183,23,ok,1
138,4.600,1780168747,G13,52,14,ok,1
138,4.600,1780168747,G7,161,-23,ok,0
138,4.600,1780168747,G9,118,0,ok,1
138,4.600,1780168747,G8,148,-27,ok,0
138,4.600,1780168747,G1,375,26,ok,1
138,4.600,1780168747,G10,473,395,ok,0
138,4.600,1780168747,G19,188,-49,ok,0
138,4.600,1780168747,D2,212,571,ok,1
138,4.600,1780168747,D4,-16,445,ok,0
138,4.600,1780168747,D1,143,588,ok,1
138,4.600,1780168747,D6,279,617,ok,1
138,4.600,1780168747,D7,145,692,ok,1
138,4.600,1780168747,D10,-118,776,ok,0
138,4.600,1780168747,G20,44,-56,interpolated,0
139,4.633,1780168747,G4,279,166,ok,1
139,4.633,1780168747,G12,92,133,ok,1
139,4.633,1780168747,G18,131,127,ok,1
139,4.633,1780168747,G3,33,101,ok,1
139,4.633,1780168747,G15,88,-31,ok,0
139,4.633,1780168747,G11,183,23,ok,1
139,4.633,1780168747,G13,52,14,ok,1
139,4.633,1780168747,G7,161,-23,ok,0
139,4.633,1780168747,G9,118,0,ok,1
139,4.633,1780168747,G8,148,-27,ok,0
139,4.633,1780168747,G1,375,26,ok,1
139,4.633,1780168747,G10,473,395,ok,0
139,4.633,1780168747,G19,188,-50,ok,0
139,4.633,1780168747,D4,-16,445,ok,0
139,4.633,1780168747,D2,212,571,ok,1
139,4.633,1780168747,D1,143,588,ok,1
139,4.633,1780168747,D6,279,617,ok,1
139,4.633,1780168747,D7,145,692,ok,1
139,4.633,1780168747,D10,-118,776,ok,0
139,4.633,1780168747,G20,44,-56,interpolated,0
140,4.667,1780168747,G4,278,165,ok,1
140,4.667,1780168747,G12,93,133,ok,1
140,4.667,1780168747,G18,130,127,ok,1
140,4.667,1780168747,G3,33,101,ok,1
140,4.667,1780168747,G15,88,-31,ok,0
140,4.667,1780168747,G11,184,24,ok,1
140,4.667,1780168747,G13,51,14,ok,1
140,4.667,1780168747,G7,161,-23,ok,0
140,4.667,1780168747,G9,118,0,ok,1
140,4.667,1780168747,G1,375,29,ok,1
140,4.667,1780168747,G8,149,-27,ok,0
140,4.667,1780168747,G10,473,395,ok,0
140,4.667,1780168747,D6,278,617,ok,1
140,4.667,1780168747,D2,213,573,ok,1
140,4.667,1780168747,D4,-17,447,ok,0
140,4.667,1780168747,D1,144,588,ok,1
140,4.667,1780168747,D7,145,692,ok,1
140,4.667,1780168747,D10,-118,776,ok,0
140,4.667,1780168747,G19,188,-50,interpolated,0
140,4.667,1780168747,G20,44,-56,interpolated,0
141,4.700,1780168747,G4,278,164,ok,1
141,4.700,1780168747,G12,92,134,ok,1
141,4.700,1780168747,G18,130,127,ok,1
141,4.700,1780168747,G3,33,101,ok,1
141,4.700,1780168747,G15,88,-31,ok,0
141,4.700,1780168747,G11,183,24,ok,1
141,4.700,1780168747,G13,51,14,ok,1
141,4.700,1780168747,G7,161,-23,ok,0
141,4.700,1780168747,G8,148,-27,ok,0
141,4.700,1780168747,G1,374,33,ok,1
141,4.700,1780168747,G9,119,0,ok,1
141,4.700,1780168747,G10,473,395,ok,0
141,4.700,1780168747,G20,43,-56,ok,0
141,4.700,1780168747,D4,-18,450,ok,0
141,4.700,1780168747,D1,144,589,ok,1
141,4.700,1780168747,D2,214,578,ok,1
141,4.700,1780168747,D6,276,616,ok,1
141,4.700,1780168747,D7,146,692,ok,1
141,4.700,1780168747,D10,-118,776,ok,0
141,4.700,1780168747,G19,188,-50,interpolated,0
142,4.733,1780168747,G4,277,163,ok,1
142,4.733,1780168747,G12,93,137,ok,1
142,4.733,1780168747,G18,130,127,ok,1
142,4.733,1780168747,G3,33,101,ok,1
142,4.733,1780168747,G15,88,-31,ok,0
142,4.733,1780168747,G11,183,23,ok,1
142,4.733,1780168747,G13,51,14,ok,1
142,4.733,1780168747,G7,161,-23,ok,0
142,4.733,1780168747,G1,373,37,ok,1
142,4.733,1780168747,G9,119,2,ok,1
142,4.733,1780168747,G8,148,-27,ok,0
142,4.733,1780168747,G10,473,395,ok,0
142,4.733,1780168747,D4,-18,451,ok,0
142,4.733,1780168747,D2,213,582,ok,1
142,4.733,1780168747,D1,144,591,ok,1
142,4.733,1780168747,D6,276,617,ok,1
142,4.733,1780168747,D7,147,692,ok,1
142,4.733,1780168747,D10,-118,776,ok,0
142,4.733,1780168747,G19,188,-50,interpolated,0
142,4.733,1780168747,G20,43,-56,interpolated,0
143,4.767,1780168747,G4,276,163,ok,1
143,4.767,1780168747,G12,94,140,ok,1
143,4.767,1780168747,G18,130,127,ok,1
143,4.767,1780168747,G3,33,101,ok,1
143,4.767,1780168747,G15,88,-31,ok,0
143,4.767,1780168747,G11,184,24,ok,1
143,4.767,1780168747,G13,51,14,ok,1
143,4.767,1780168747,G7,160,-23,ok,0
143,4.767,1780168747,G1,373,38,ok,1
143,4.767,1780168747,G9,118,1,ok,1
143,4.767,1780168747,G8,147,-27,ok,0
143,4.767,1780168747,G19,187,-50,ok,0
143,4.767,1780168747,G10,473,395,ok,0
143,4.767,1780168747,D2,213,586,ok,1
143,4.767,1780168747,D4,-18,451,ok,0
143,4.767,1780168747,D1,144,593,ok,1
143,4.767,1780168747,D6,276,619,ok,1
143,4.767,1780168747,D7,148,692,ok,1
143,4.767,1780168747,D10,-118,777,ok,0
143,4.767,1780168747,G20,43,-56,interpolated,0
144,4.800,1780168747,G12,95,142,ok,1
144,4.800,1780168747,G4,276,162,ok,1
144,4.800,1780168747,G3,32,101,ok,1
144,4.800,1780168747,G18,131,127,ok,1
144,4.800,1780168747,G15,88,-31,ok,0
144,4.800,1780168747,G9,118,-1,ok,0
144,4.800,1780168747,G7,160,-22,ok,0
144,4.800,1780168747,G13,51,14,ok,1
144,4.800,1780168747,G11,184,25,ok,1
144,4.800,1780168747,G1,374,39,ok,1
144,4.800,1780168747,G8,148,-26,ok,0
144,4.800,1780168747,G19,187,-51,ok,0
144,4.800,1780168747,G20,42,-54,ok,0
144,4.800,1780168747,D6,276,620,ok,1
144,4.800,1780168747,D2,214,587,ok,1
144,4.800,1780168747,D4,-18,451,ok,0
144,4.800,1780168747,D1,145,596,ok,1
144,4.800,1780168747,D7,148,692,ok,1
144,4.800,1780168747,D10,-118,777,ok,0
144,4.800,1780168747,G10,473,395,interpolated,0
145,4.833,1780168747,G12,95,142,ok,1
145,4.833,1780168747,G4,276,162,ok,1
145,4.833,1780168747,G18,131,127,ok,1
145,4.833,1780168747,G3,32,101,ok,1
145,4.833,1780168747,G15,88,-31,ok,0
145,4.833,1780168747,G9,118,-1,ok,0
145,4.833,1780168747,G11,184,25,ok,1
145,4.833,1780168747,G7,160,-22,ok,0
145,4.833,1780168747,G13,51,14,ok,1
145,4.833,1780168747,G1,374,39,ok,1
145,4.833,1780168747,G8,148,-26,ok,0
145,4.833,1780168747,G19,187,-52,ok,0
145,4.833,1780168747,G20,42,-54,ok,0
145,4.833,1780168747,D6,276,620,ok,1
145,4.833,1780168747,D2,214,587,ok,1
145,4.833,1780168747,D4,-18,451,ok,0
145,4.833,1780168747,D1,145,596,ok,1
145,4.833,1780168747,D7,148,692,ok,1
145,4.833,1780168747,D10,-118,777,ok,0
145,4.833,1780168747,G10,473,395,interpolated,0
146,4.867,1780168747,G12,96,144,ok,1
146,4.867,1780168747,G4,274,161,ok,1
146,4.867,1780168747,G3,32,101,ok,1
146,4.867,1780168747,G18,131,126,ok,1
146,4.867,1780168747,G15,88,-31,ok,0
146,4.867,1780168747,G11,183,24,ok,1
146,4.867,1780168747,G1,373,40,ok,1
146,4.867,1780168747,G7,160,-22,ok,0
146,4.867,1780168747,G13,51,14,ok,1
146,4.867,1780168747,G9,118,-2,ok,0
146,4.867,1780168747,G8,147,-27,ok,0
146,4.867,1780168747,G20,42,-55,ok,0
146,4.867,1780168747,D2,214,588,ok,1
146,4.867,1780168747,D4,-17,451,ok,0
146,4.867,1780168747,D1,146,599,ok,1
146,4.867,1780168747,D6,275,621,ok,1
146,4.867,1780168747,D7,150,692,ok,1
146,4.867,1780168747,D10,-118,776,ok,0
146,4.867,1780168747,G10,473,395,interpolated,0
146,4.867,1780168747,G19,187,-52,interpolated,0
147,4.900,1780168747,G4,273,162,ok,1
147,4.900,1780168747,G12,96,146,ok,1
147,4.900,1780168747,G3,32,101,ok,1
147,4.900,1780168747,G15,88,-31,ok,0
147,4.900,1780168747,G18,131,118,ok,1
147,4.900,1780168747,G1,373,42,ok,1
147,4.900,1780168747,G13,51,14,ok,1
147,4.900,1780168747,G7,159,-21,ok,0
147,4.900,1780168747,G11,183,24,ok,1
147,4.900,1780168747,G9,117,-4,ok,0
147,4.900,1780168747,G8,147,-27,ok,0
147,4.900,1780168747,G20,41,-55,ok,0
147,4.900,1780168747,D2,214,587,ok,1
147,4.900,1780168747,D4,-17,451,ok,0
147,4.900,1780168747,D6,274,624,ok,1
147,4.900,1780168747,D1,147,600,ok,1
147,4.900,1780168747,D7,151,692,ok,1
147,4.900,1780168747,D10,-117,777,ok,0
147,4.900,1780168747,G10,473,395,interpolated,0
147,4.900,1780168747,G19,187,-52,interpolated,0
148,4.933,1780168747,G4,272,162,ok,1
148,4.933,1780168747,G12,96,146,ok,1
148,4.933,1780168747,G3,32,101,ok,1
148,4.933,1780168747,G15,88,-31,ok,0
148,4.933,1780168747,G18,129,106,ok,1
148,4.933,1780168747,G1,373,43,ok,1
148,4.933,1780168747,G7,159,-20,ok,0
148,4.933,1780168747,G13,50,14,ok,1
148,4.933,1780168747,G11,183,25,ok,1
148,4.933,1780168747,G8,145,-27,ok,0
148,4.933,1780168747,G9,118,-1,ok,0
148,4.933,1780168747,G20,41,-55,ok,0
148,4.933,1780168747,D2,214,587,ok,1
148,4.933,1780168747,D4,-16,451,ok,0
148,4.933,1780168747,D1,148,600,ok,1
148,4.933,1780168747,D6,273,628,ok,1
148,4.933,1780168747,D7,151,692,ok,1
148,4.933,1780168747,D10,-118,777,ok,0
148,4.933,1780168747,G10,473,395,interpolated,0
148,4.933,1780168747,G19,187,-52,interpolated,0
149,4.967,1780168747,G4,271,162,ok,1
149,4.967,1780168747,G12,97,146,ok,1
149,4.967,1780168747,G3,31,100,ok,1
149,4.967,1780168747,G18,131,112,ok,1
149,4.967,1780168747,G15,88,-31,ok,0
149,4.967,1780168747,G1,373,43,ok,1
149,4.967,1780168747,G7,159,-18,ok,0
149,4.967,1780168747,G13,50,14,ok,1
149,4.967,1780168747,G11,183,25,ok,1
149,4.967,1780168747,G9,118,0,ok,1
149,4.967,1780168747,G8,145,-27,ok,0
149,4.967,1780168747,G20,41,-55,ok,0
149,4.967,1780168747,G19,10,-55,ok,0
149,4.967,1780168747,D4,-15,451,ok,0
149,4.967,1780168747,D2,214,587,ok,1
149,4.967,1780168747,D6,272,629,ok,1
149,4.967,1780168747,D1,149,600,ok,1
149,4.967,1780168747,D7,152,692,ok,1
149,4.967,1780168747,D10,-117,777,ok,0
149,4.967,1780168747,G10,473,395,interpolated,0
150,5.000,1780168748,G12,97,146,ok,1
150,5.000,1780168748,G4,270,162,ok,1
150,5.000,1780168748,G3,31,100,ok,1
150,5.000,1780168748,G18,131,108,ok,1
150,5.000,1780168748,G15,89,-31,ok,0
150,5.000,1780168748,G1,373,43,ok,1
150,5.000,1780168748,G7,159,-17,ok,0
150,5.000,1780168748,G13,48,14,ok,1
150,5.000,1780168748,G11,186,25,ok,1
150,5.000,1780168748,G9,117,0,ok,1
150,5.000,1780168748,G8,147,-27,ok,0
150,5.000,1780168748,G20,40,-55,ok,0
150,5.000,1780168748,G10,127,82,ok,1
150,5.000,1780168748,D2,215,587,ok,1
150,5.000,1780168748,D4,-14,451,ok,0
150,5.000,1780168748,D1,150,600,ok,1
150,5.000,1780168748,D6,270,630,ok,1
150,5.000,1780168748,D7,152,693,ok,1
150,5.000,1780168748,D10,-117,776,ok,0
150,5.000,1780168748,G19,10,-55,interpolated,0
151,5.033,1780168748,G12,97,146,ok,1
151,5.033,1780168748,G4,271,162,ok,1
151,5.033,1780168748,G3,31,100,ok,1
151,5.033,1780168748,G18,131,108,ok,1
151,5.033,1780168748,G15,89,-31,ok,0
151,5.033,1780168748,G1,373,43,ok,1
151,5.033,1780168748,G7,159,-17,ok,0
151,5.033,1780168748,G13,48,14,ok,1
151,5.033,1780168748,G9,117,0,ok,1
151,5.033,1780168748,G11,185,25,ok,1
151,5.033,1780168748,G8,147,-26,ok,0
151,5.033,1780168748,G20,41,-55,ok,0
151,5.033,1780168748,G10,127,82,ok,1
151,5.033,1780168748,D2,215,587,ok,1
151,5.033,1780168748,D4,-14,451,ok,0
151,5.033,1780168748,D1,150,600,ok,1
151,5.033,1780168748,D6,270,630,ok,1
151,5.033,1780168748,D7,152,693,ok,1
151,5.033,1780168748,D10,-117,776,ok,0
151,5.033,1780168748,G19,10,-55,interpolated,0
152,5.067,1780168748,G4,270,161,ok,1
152,5.067,1780168748,G12,98,146,ok,1
152,5.067,1780168748,G18,131,106,ok,1
152,5.067,1780168748,G3,30,99,ok,1
152,5.067,1780168748,G15,89,-31,ok,0
152,5.067,1780168748,G7,160,-16,ok,0
152,5.067,1780168748,G11,186,24,ok,1
152,5.067,1780168748,G1,374,43,ok,1
152,5.067,1780168748,G13,47,14,ok,1
152,5.067,1780168748,G8,147,-27,ok,0
152,5.067,1780168748,G20,40,-54,ok,0
152,5.067,1780168748,G9,117,0,ok,1
152,5.067,1780168748,D4,-13,452,ok,0
152,5.067,1780168748,D2,215,588,ok,1
152,5.067,1780168748,D6,270,631,ok,1
152,5.067,1780168748,D1,151,600,ok,1
152,5.067,1780168748,D7,152,693,ok,1
152,5.067,1780168748,D10,-117,776,ok,0
152,5.067,1780168748,G10,127,82,interpolated,1
152,5.067,1780168748,G19,10,-55,interpolated,0
153,5.100,1780168748,G4,269,160,ok,1
153,5.100,1780168748,G12,98,146,ok,1
153,5.100,1780168748,G18,131,106,ok,1
153,5.100,1780168748,G3,29,98,ok,1
153,5.100,1780168748,G15,89,-31,ok,0
153,5.100,1780168748,G13,47,15,ok,1
153,5.100,1780168748,G11,185,23,ok,1
153,5.100,1780168748,G1,374,43,ok,1
153,5.100,1780168748,G7,160,-15,ok,0
153,5.100,1780168748,G8,147,-26,ok,0
153,5.100,1780168748,G9,117,0,ok,1
153,5.100,1780168748,G20,40,-54,ok,0
153,5.100,1780168748,D4,-13,452,ok,0
153,5.100,1780168748,D6,270,631,ok,1
153,5.100,1780168748,D2,215,591,ok,1
153,5.100,1780168748,D1,152,600,ok,1
153,5.100,1780168748,D7,152,692,ok,1
153,5.100,1780168748,D10,-116,776,ok,0
153,5.100,1780168748,G10,127,82,interpolated,1
153,5.100,1780168748,G19,10,-55,interpolated,0
154,5.133,1780168748,G4,269,160,ok,1
154,5.133,1780168748,G12,99,147,ok,1
154,5.133,1780168748,G18,132,105,ok,1
154,5.133,1780168748,G3,29,98,ok,1
154,5.133,1780168748,G15,89,-31,ok,0
154,5.133,1780168748,G7,160,-15,ok,0
154,5.133,1780168748,G13,47,18,ok,1
154,5.133,1780168748,G1,375,43,ok,1
154,5.133,1780168748,G11,184,22,ok,1
154,5.133,1780168748,G8,147,-27,ok,0
154,5.133,1780168748,G9,116,0,ok,1
154,5.133,1780168748,G20,40,-54,ok,0
154,5.133,1780168748,D4,-13,452,ok,0
154,5.133,1780168748,D1,153,600,ok,1
154,5.133,1780168748,D2,215,605,ok,1
154,5.133,1780168748,D6,267,632,ok,1
154,5.133,1780168748,D7,152,692,ok,1
154,5.133,1780168748,D10,-116,776,ok,0
154,5.133,1780168748,G10,127,82,interpolated,1
154,5.133,1780168748,G19,10,-55,interpolated,0
155,5.167,1780168748,G4,268,159,ok,1
155,5.167,1780168748,G12,100,147,ok,1
155,5.167,1780168748,G18,132,105,ok,1
155,5.167,1780168748,G3,29,98,ok,1
155,5.167,1780168748,G15,89,-31,ok,0
155,5.167,1780168748,G1,375,44,ok,1
155,5.167,1780168748,G7,159,-15,ok,0
155,5.167,1780168748,G11,184,21,ok,1
155,5.167,1780168748,G13,48,20,ok,1
155,5.167,1780168748,G8,144,-28,ok,0
155,5.167,1780168748,G20,40,-54,ok,0
155,5.167,1780168748,D4,-13,454,ok,0
155,5.167,1780168748,D1,155,601,ok,1
155,5.167,1780168748,D2,215,595,ok,1
155,5.167,1780168748,D6,268,632,ok,1
155,5.167,1780168748,D7,152,692,ok,1
155,5.167,1780168748,D10,-116,776,ok,0
155,5.167,1780168748,G9,116,0,interpolated,1
155,5.167,1780168748,G10,127,82,interpolated,1
155,5.167,1780168748,G19,10,-55,interpolated,0
156,5.200,1780168748,G4,267,159,ok,1
156,5.200,1780168748,G12,100,149,ok,1
156,5.200,1780168748,G3,28,98,ok,1
156,5.200,1780168748,G18,132,105,ok,1
156,5.200,1780168748,G15,89,-31,ok,0
156,5.200,1780168748,G11,183,19,ok,1
156,5.200,1780168748,G1,376,44,ok,1
156,5.200,1780168748,G7,159,-15,ok,0
156,5.200,1780168748,G13,48,21,ok,1
156,5.200,1780168748,G8,144,-28,ok,0
156,5.200,1780168748,G20,40,-54,ok,0
156,5.200,1780168748,G9,116,-1,ok,0
156,5.200,1780168748,D4,-13,455,ok,0
156,5.200,1780168748,D1,155,602,ok,1
156,5.200,1780168748,D2,215,600,ok,1
156,5.200,1780168748,D6,267,633,ok,1
156,5.200,1780168748,D7,153,694,ok,1
156,5.200,1780168748,D10,-115,777,ok,0
156,5.200,1780168748,G10,127,82,interpolated,1
156,5.200,1780168748,G19,10,-55,interpolated,0
157,5.233,1780168748,G4,267,159,ok,1
157,5.233,1780168748,G12,100,149,ok,1
157,5.233,1780168748,G3,28,98,ok,1
157,5.233,1780168748,G18,132,105,ok,1
157,5.233,1780168748,G15,89,-31,ok,0
157,5.233,1780168748,G11,183,19,ok,1
157,5.233,1780168748,G1,376,44,ok,1
157,5.233,1780168748,G7,159,-15,ok,0
157,5.233,1780168748,G13,48,21,ok,1
157,5.233,1780168748,G8,144,-28,ok,0
157,5.233,1780168748,G20,40,-54,ok,0
157,5.233,1780168748,G9,116,-1,ok,0
157,5.233,1780168748,D4,-13,455,ok,0
157,5.233,1780168748,D1,155,602,ok,1
157,5.233,1780168748,D2,215,600,ok,1
157,5.233,1780168748,D6,267,633,ok,1
157,5.233,1780168748,D7,153,694,ok,1
157,5.233,1780168748,D10,-115,777,ok,0
157,5.233,1780168748,G10,127,82,interpolated,1
157,5.233,1780168748,G19,10,-55,interpolated,0
158,5.267,1780168748,G12,101,151,ok,1
158,5.267,1780168748,G4,267,157,ok,1
158,5.267,1780168748,G18,132,105,ok,1
158,5.267,1780168748,G3,28,98,ok,1
158,5.267,1780168748,G15,89,-30,ok,0
158,5.267,1780168748,G11,182,18,ok,1
158,5.267,1780168748,G1,376,46,ok,1
158,5.267,1780168748,G7,159,-14,ok,0
158,5.267,1780168748,G13,48,21,ok,1
158,5.267,1780168748,G8,143,-28,ok,0
158,5.267,1780168748,G20,40,-53,ok,0
158,5.267,1780168748,D4,-13,456,ok,0
158,5.267,1780168748,D1,156,601,ok,1
158,5.267,1780168748,D2,216,602,ok,1
158,5.267,1780168748,D6,266,636,ok,1
158,5.267,1780168748,D7,154,693,ok,1
158,5.267,1780168748,D10,-116,776,ok,0
158,5.267,1780168748,G9,116,-1,interpolated,0
158,5.267,1780168748,G10,127,82,interpolated,1
158,5.267,1780168748,G19,10,-55,interpolated,0
159,5.300,1780168748,G12,102,154,ok,1
159,5.300,1780168748,G4,266,153,ok,1
159,5.300,1780168748,G3,28,98,ok,1
159,5.300,1780168748,G18,132,105,ok,1
159,5.300,1780168748,G15,89,-31,ok,0
159,5.300,1780168748,G11,182,17,ok,1
159,5.300,1780168748,G7,159,-15,ok,0
159,5.300,1780168748,G13,48,23,ok,1
159,5.300,1780168748,G8,143,-28,ok,0
159,5.300,1780168748,G1,376,48,ok,1
159,5.300,1780168748,G20,40,-53,ok,0
159,5.300,1780168748,D4,-14,457,ok,0
159,5.300,1780168748,D1,157,602,ok,1
159,5.300,1780168748,D6,265,639,ok,1
159,5.300,1780168748,D2,215,608,ok,1
159,5.300,1780168748,D7,155,693,ok,1
159,5.300,1780168748,D10,-116,776,ok,0
159,5.300,1780168748,G9,116,-1,interpolated,0
159,5.300,1780168748,G10,127,82,interpolated,1
159,5.300,1780168748,G19,10,-55,interpolated,0
160,5.333,1780168748,G12,102,156,ok,1
160,5.333,1780168748,G4,265,150,ok,1
160,5.333,1780168748,G3,28,98,ok,1
160,5.333,1780168748,G18,133,105,ok,1
160,5.333,1780168748,G11,182,16,ok,1
160,5.333,1780168748,G15,89,-30,ok,0
160,5.333,1780168748,G7,159,-15,ok,0
160,5.333,1780168748,G1,376,50,ok,1
160,5.333,1780168748,G13,48,23,ok,1
160,5.333,1780168748,G8,145,-27,ok,0
160,5.333,1780168748,G20,40,-54,ok,0
160,5.333,1780168748,G9,118,-1,ok,0
160,5.333,1780168748,D4,-14,460,ok,0
160,5.333,1780168748,D1,158,603,ok,1
160,5.333,1780168748,D2,216,608,ok,1
160,5.333,1780168748,D6,264,643,ok,1
160,5.333,1780168748,D7,155,695,ok,1
160,5.333,1780168748,D10,-116,776,ok,0
160,5.333,1780168748,G10,127,82,interpolated,1
161,5.367,1780168748,G12,102,158,ok,1
161,5.367,1780168748,G4,265,148,ok,1
161,5.367,1780168748,G3,28,98,ok,1
161,5.367,1780168748,G18,133,104,ok,1
161,5.367,1780168748,G15,90,-30,ok,0
161,5.367,1780168748,G11,181,15,ok,1
161,5.367,1780168748,G7,159,-14,ok,0
161,5.367,1780168748,G1,375,53,ok,1
161,5.367,1780168748,G8,144,-28,ok,0
161,5.367,1780168748,G13,47,23,ok,1
161,5.367,1780168748,G9,117,-1,ok,0
161,5.367,1780168748,G20,40,-54,ok,0
161,5.367,1780168748,D4,-15,462,ok,0
161,5.367,1780168748,D1,158,606,ok,1
161,5.367,1780168748,D2,216,608,ok,1
161,5.367,1780168748,D6,264,647,ok,1
161,5.367,1780168748,D7,157,695,ok,1
161,5.367,1780168748,D10,-115,776,ok,0
161,5.367,1780168748,G10,127,82,interpolated,1
162,5.400,1780168748,G12,102,159,ok,1
162,5.400,1780168748,G4,264,148,ok,1
162,5.400,1780168748,G3,28,98,ok,1
162,5.400,1780168748,G18,133,104,ok,1
162,5.400,1780168748,G15,90,-30,ok,0
162,5.400,1780168748,G11,180,13,ok,1
162,5.400,1780168748,G1,375,55,ok,1
162,5.400,1780168748,G7,159,-15,ok,0
162,5.400,1780168748,G8,144,-28,ok,0
162,5.400,1780168748,G13,47,22,ok,1
162,5.400,1780168748,G20,40,-54,ok,0
162,5.400,1780168748,D4,-16,465,ok,0
162,5.400,1780168748,D1,158,609,ok,1
162,5.400,1780168748,D6,262,649,ok,1
162,5.400,1780168748,D2,216,609,ok,1
162,5.400,1780168748,D7,158,695,ok,1
162,5.400,1780168748,G9,117,-1,interpolated,0
162,5.400,1780168748,D10,-115,776,interpolated,0
163,5.433,1780168748,G12,102,159,ok,1
163,5.433,1780168748,G4,264,148,ok,1
163,5.433,1780168748,G3,28,98,ok,1
163,5.433,1780168748,G18,133,104,ok,1
163,5.433,1780168748,G15,90,-30,ok,0
163,5.433,1780168748,G11,180,13,ok,1
163,5.433,1780168748,G1,375,55,ok,1
163,5.433,1780168748,G7,159,-15,ok,0
163,5.433,1780168748,G8,144,-28,ok,0
163,5.433,1780168748,G13,47,22,ok,1
163,5.433,1780168748,G20,40,-54,ok,0
163,5.433,1780168748,D4,-16,465,ok,0
163,5.433,1780168748,D1,158,609,ok,1
163,5.433,1780168748,D6,262,649,ok,1
163,5.433,1780168748,D2,216,609,ok,1
163,5.433,1780168748,D7,158,695,ok,1
163,5.433,1780168748,G9,117,-1,interpolated,0
163,5.433,1780168748,D10,-115,776,interpolated,0
164,5.467,1780168748,G12,102,159,ok,1
164,5.467,1780168748,G4,263,149,ok,1
164,5.467,1780168748,G3,28,98,ok,1
164,5.467,1780168748,G18,134,104,ok,1
164,5.467,1780168748,G15,90,-31,ok,0
164,5.467,1780168748,G1,375,57,ok,1
164,5.467,1780168748,G11,180,13,ok,1
164,5.467,1780168748,G7,159,-15,ok,0
164,5.467,1780168748,G8,145,-27,ok,0
164,5.467,1780168748,G13,47,23,ok,1
164,5.467,1780168748,G20,40,-54,ok,0
164,5.467,1780168748,D4,-16,467,ok,0
164,5.467,1780168748,D1,158,611,ok,1
164,5.467,1780168748,D2,216,608,ok,1
164,5.467,1780168748,D6,261,650,ok,1
164,5.467,1780168748,D7,160,695,ok,1
164,5.467,1780168748,D10,-115,777,ok,0
164,5.467,1780168748,G9,117,-1,interpolated,0
165,5.500,1780168748,G12,102,160,ok,1
165,5.500,1780168748,G4,261,149,ok,1
165,5.500,1780168748,G3,28,98,ok,1
165,5.500,1780168748,G18,134,105,ok,1
165,5.500,1780168748,G15,90,-30,ok,0
165,5.500,1780168748,G11,179,13,ok,1
165,5.500,1780168748,G1,375,58,ok,1
165,5.500,1780168748,G7,159,-15,ok,0
165,5.500,1780168748,G8,146,-27,ok,0
165,5.500,1780168748,G13,46,23,ok,1
165,5.500,1780168748,G20,41,-54,ok,0
165,5.500,1780168748,D4,-15,468,ok,0
165,5.500,1780168748,D6,260,651,ok,1
165,5.500,1780168748,D2,217,609,ok,1
165,5.500,1780168748,D1,159,613,ok,1
165,5.500,1780168748,D7,160,693,ok,1
165,5.500,1780168748,D10,-115,776,ok,0
165,5.500,1780168748,G9,117,-1,interpolated,0
166,5.533,1780168748,G12,102,160,ok,1
166,5.533,1780168748,G4,259,149,ok,1
166,5.533,1780168748,G3,28,98,ok,1
166,5.533,1780168748,G18,134,102,ok,1
166,5.533,1780168748,G15,90,-30,ok,0
166,5.533,1780168748,G11,179,13,ok,1
166,5.533,1780168748,G1,375,60,ok,1
166,5.533,1780168748,G7,159,-15,ok,0
166,5.533,1780168748,G8,145,-27,ok,0
166,5.533,1780168748,G13,46,23,ok,1
166,5.533,1780168748,G20,41,-54,ok,0
166,5.533,1780168748,D4,-14,468,ok,0
166,5.533,1780168748,D2,217,609,ok,1
166,5.533,1780168748,D1,159,614,ok,1
166,5.533,1780168748,D6,259,651,ok,1
166,5.533,1780168748,D7,161,694,ok,1
166,5.533,1780168748,D10,-114,775,ok,0
166,5.533,1780168748,G9,117,-1,interpolated,0
167,5.567,1780168748,G12,102,160,ok,1
167,5.567,1780168748,G4,257,148,ok,1
167,5.567,1780168748,G3,28,98,ok,1
167,5.567,1780168748,G18,133,89,ok,1
167,5.567,1780168748,G11,179,13,ok,1
167,5.567,1780168748,G15,91,-31,ok,0
167,5.567,1780168748,G1,376,60,ok,1
167,5.567,1780168748,G8,145,-27,ok,0
167,5.567,1780168748,G7,159,-15,ok,0
167,5.567,1780168748,G13,45,23,ok,1
167,5.567,1780168748,G20,41,-54,ok,0
167,5.567,1780168748,D4,-13,469,ok,0
167,5.567,1780168748,D2,216,610,ok,1
167,5.567,1780168748,D6,259,651,ok,1
167,5.567,1780168748,D1,161,614,ok,1
167,5.567,1780168748,D7,162,695,ok,1
167,5.567,1780168748,D10,-114,775,ok,0
167,5.567,1780168748,G9,117,-1,interpolated,0
168,5.600,1780168748,G12,102,160,ok,1
168,5.600,1780168748,G4,257,144,ok,1
168,5.600,1780168748,G3,28,98,ok,1
168,5.600,1780168748,G18,134,88,ok,1
168,5.600,1780168748,G15,91,-31,ok,0
168,5.600,1780168748,G1,376,59,ok,1
168,5.600,1780168748,G11,179,13,ok,1
168,5.600,1780168748,G7,159,-15,ok,0
168,5.600,1780168748,G8,145,-27,ok,0
168,5.600,1780168748,G13,45,23,ok,1
168,5.600,1780168748,G20,41,-53,ok,0
168,5.600,1780168748,D4,-12,469,ok,0
168,5.600,1780168748,D1,163,614,ok,1
168,5.600,1780168748,D2,217,610,ok,1
168,5.600,1780168748,D6,259,654,ok,1
168,5.600,1780168748,D7,162,693,ok,1
168,5.600,1780168748,D10,-114,775,ok,0
168,5.600,1780168748,G9,117,-1,interpolated,0
169,5.633,1780168748,G12,102,160,ok,1
169,5.633,1780168748,G4,257,144,ok,1
169,5.633,1780168748,G3,28,98,ok,1
169,5.633,1780168748,G18,134,88,ok,1
169,5.633,1780168748,G15,91,-31,ok,0
169,5.633,1780168748,G1,376,59,ok,1
169,5.633,1780168748,G11,179,13,ok,1
169,5.633,1780168748,G8,145,-27,ok,0
169,5.633,1780168748,G7,159,-15,ok,0
169,5.633,1780168748,G13,45,23,ok,1
169,5.633,1780168748,G20,41,-53,ok,0
169,5.633,1780168748,D4,-12,469,ok,0
169,5.633,1780168748,D1,163,614,ok,1
169,5.633,1780168748,D2,217,610,ok,1
169,5.633,1780168748,D6,259,654,ok,1
169,5.633,1780168748,D7,162,693,ok,1
169,5.633,1780168748,D10,-114,775,ok,0
169,5.633,1780168748,G9,117,-1,interpolated,0
170,5.667,1780168748,G12,102,160,ok,1
170,5.667,1780168748,G4,256,147,ok,1
170,5.667,1780168748,G3,28,98,ok,1
170,5.667,1780168748,G18,134,86,ok,1
170,5.667,1780168748,G15,91,-30,ok,0
170,5.667,1780168748,G11,179,13,ok,1
170,5.667,1780168748,G1,377,59,ok,1
170,5.667,1780168748,G7,159,-15,ok,0
170,5.667,1780168748,G8,145,-27,ok,0
170,5.667,1780168748,G13,45,23,ok,1
170,5.667,1780168748,G20,41,-53,ok,0
170,5.667,1780168748,D4,-12,469,ok,0
170,5.667,1780168748,D1,164,614,ok,1
170,5.667,1780168748,D6,258,653,ok,1
170,5.667,1780168748,D2,216,613,ok,1
170,5.667,1780168748,D7,163,693,ok,1
170,5.667,1780168748,D10,-114,775,ok,0
170,5.667,1780168748,G9,117,-1,interpolated,0
171,5.700,1780168748,G12,103,160,ok,1
171,5.700,1780168748,G4,256,144,ok,1
171,5.700,1780168748,G3,29,98,ok,1
171,5.700,1780168748,G18,134,86,ok,1
171,5.700,1780168748,G1,378,60,ok,1
171,5.700,1780168748,G15,91,-30,ok,0
171,5.700,1780168748,G11,179,12,ok,1
171,5.700,1780168748,G8,146,-27,ok,0
171,5.700,1780168748,G7,159,-15,ok,0
171,5.700,1780168748,G13,45,23,ok,1
171,5.700,1780168748,G20,41,-53,ok,0
171,5.700,1780168748,D4,-11,469,ok,0
171,5.700,1780168748,D1,164,615,ok,1
171,5.700,1780168748,D2,217,615,ok,1
171,5.700,1780168748,D6,258,654,ok,1
171,5.700,1780168748,D7,163,692,ok,1
171,5.700,1780168748,D10,-114,775,ok,0
171,5.700,1780168748,G9,117,-1,interpolated,0
172,5.733,1780168748,G12,104,160,ok,1
172,5.733,1780168748,G4,256,142,ok,1
172,5.733,1780168748,G3,28,97,ok,1
172,5.733,1780168748,G18,134,85,ok,1
172,5.733,1780168748,G11,178,12,ok,1
172,5.733,1780168748,G15,91,-29,ok,0
172,5.733,1780168748,G1,378,60,ok,1
172,5.733,1780168748,G8,146,-27,ok,0
172,5.733,1780168748,G7,159,-15,ok,0
172,5.733,1780168748,G13,45,24,ok,1
172,5.733,1780168748,G20,41,-53,ok,0
172,5.733,1780168748,D4,-10,469,ok,0
172,5.733,1780168748,D2,217,619,ok,1
172,5.733,1780168748,D1,165,616,ok,1
172,5.733,1780168748,D6,258,660,ok,1
172,5.733,1780168748,D7,163,693,ok,1
172,5.733,1780168748,D10,-114,775,ok,0
173,5.767,1780168748,G12,105,160,ok,1
173,5.767,1780168748,G4,255,141,ok,1
173,5.767,1780168748,G3,28,96,ok,1
173,5.767,1780168748,G18,135,84,ok,1
173,5.767,1780168748,G15,91,-29,ok,0
173,5.767,1780168748,G11,178,13,ok,1
173,5.767,1780168748,G1,379,61,ok,1
173,5.767,1780168748,G8,146,-27,ok,0
173,5.767,1780168748,G7,159,-15,ok,0
173,5.767,1780168748,G20,41,-53,ok,0
173,5.767,1780168748,G13,44,23,ok,1
173,5.767,1780168748,D4,-10,469,ok,0
173,5.767,1780168748,D2,217,624,ok,1
173,5.767,1780168748,D1,165,617,ok,1
173,5.767,1780168748,D6,257,664,ok,1
173,5.767,1780168748,D7,163,694,ok,1
173,5.767,1780168748,D10,-114,775,ok,0
174,5.800,1780168748,G12,106,160,ok,1
174,5.800,1780168748,G4,255,139,ok,1
174,5.800,1780168748,G3,27,93,ok,1
174,5.800,1780168748,G15,92,-28,ok,0
174,5.800,1780168748,G11,178,13,ok,1
174,5.800,1780168748,G18,135,85,ok,1
174,5.800,1780168748,G1,379,61,ok,1
174,5.800,1780168748,G8,146,-27,ok,0
174,5.800,1780168748,G7,159,-15,ok,0
174,5.800,1780168748,G20,41,-53,ok,0
174,5.800,1780168748,G13,44,23,ok,1
174,5.800,1780168748,D4,-9,469,ok,0
174,5.800,1780168748,D2,217,627,ok,1
174,5.800,1780168748,D1,165,618,ok,1
174,5.800,1780168748,D6,257,667,ok,1
174,5.800,1780168748,D7,163,692,ok,1
174,5.800,1780168748,D10,-114,775,ok,0
175,5.833,1780168748,G12,106,160,ok,1
175,5.833,1780168748,G4,255,139,ok,1
175,5.833,1780168748,G3,27,93,ok,1
175,5.833,1780168748,G15,92,-28,ok,0
175,5.833,1780168748,G11,178,13,ok,1
175,5.833,1780168748,G18,135,85,ok,1
175,5.833,1780168748,G1,379,61,ok,1
175,5.833,1780168748,G8,146,-27,ok,0
175,5.833,1780168748,G7,159,-15,ok,0
175,5.833,1780168748,G20,41,-53,ok,0
175,5.833,1780168748,G13,44,23,ok,1
175,5.833,1780168748,D4,-9,469,ok,0
175,5.833,1780168748,D2,217,627,ok,1
175,5.833,1780168748,D1,165,618,ok,1
175,5.833,1780168748,D6,257,667,ok,1
175,5.833,1780168748,D7,163,692,ok,1
175,5.833,1780168748,D10,-114,775,ok,0
176,5.867,1780168748,G12,107,160,ok,1
176,5.867,1780168748,G4,254,137,ok,1
176,5.867,1780168748,G3,27,92,ok,1
176,5.867,1780168748,G18,135,85,ok,1
176,5.867,1780168748,G1,379,63,ok,1
176,5.867,1780168748,G15,92,-28,ok,0
176,5.867,1780168748,G11,178,13,ok,1
176,5.867,1780168748,G8,146,-27,ok,0
176,5.867,1780168748,G7,159,-15,ok,0
176,5.867,1780168748,G20,40,-54,ok,0
176,5.867,1780168748,G13,44,23,ok,1
176,5.867,1780168748,D4,-9,469,ok,0
176,5.867,1780168748,D2,217,628,ok,1
176,5.867,1780168748,D1,166,619,ok,1
176,5.867,1780168748,D6,255,669,ok,1
176,5.867,1780168748,D7,164,695,ok,1
176,5.867,1780168748,D10,-114,775,ok,0
177,5.900,1780168748,G12,107,161,ok,1
177,5.900,1780168748,G4,254,135,ok,1
177,5.900,1780168748,G3,27,90,ok,1
177,5.900,1780168748,G1,378,69,ok,1
177,5.900,1780168748,G18,135,85,ok,1
177,5.900,1780168748,G15,92,-27,ok,0
177,5.900,1780168748,G11,178,13,ok,1
177,5.900,1780168748,G8,146,-27,ok,0
177,5.900,1780168748,G7,159,-15,ok,0
177,5.900,1780168748,G20,40,-54,ok,0
177,5.900,1780168748,G13,42,22,ok,1
177,5.900,1780168748,D4,-9,470,ok,0
177,5.900,1780168748,D2,217,628,ok,1
177,5.900,1780168748,D1,166,620,ok,1
177,5.900,1780168748,D6,255,669,ok,1
177,5.900,1780168748,D7,166,693,ok,1
177,5.900,1780168748,D10,-114,775,ok,0
178,5.933,1780168748,G12,108,162,ok,1
178,5.933,1780168748,G4,253,136,ok,1
178,5.933,1780168748,G3,27,89,ok,1
178,5.933,1780168748,G1,377,73,ok,1
178,5.933,1780168748,G11,177,13,ok,1
178,5.933,1780168748,G18,135,84,ok,1
178,5.933,1780168748,G15,92,-28,ok,0
178,5.933,1780168748,G8,145,-27,ok,0
178,5.933,1780168748,G7,159,-15,ok,0
178,5.933,1780168748,G20,41,-54,ok,0
178,5.933,1780168748,G13,41,22,ok,1
178,5.933,1780168748,D4,-10,473,ok,0
178,5.933,1780168748,D2,217,629,ok,1
178,5.933,1780168748,D1,166,623,ok,1
178,5.933,1780168748,D6,254,669,ok,1
178,5.933,1780168748,D7,167,692,ok,1
178,5.933,1780168748,D10,-114,775,ok,0
179,5.967,1780168748,G12,108,162,ok,1
179,5.967,1780168748,G4,253,133,ok,1
179,5.967,1780168748,G1,377,75,ok,1
179,5.967,1780168748,G3,26,87,ok,1
179,5.967,1780168748,G11,177,13,ok,1
179,5.967,1780168748,G15,92,-28,ok,0
179,5.967,1780168748,G18,136,82,ok,1
179,5.967,1780168748,G8,145,-27,ok,0
179,5.967,1780168748,G7,159,-15,ok,0
179,5.967,1780168748,G20,41,-55,ok,0
179,5.967,1780168748,D4,-10,475,ok,0
179,5.967,1780168748,D2,217,629,ok,1
179,5.967,1780168748,D1,166,627,ok,1
179,5.967,1780168748,D6,254,671,ok,1
179,5.967,1780168748,D7,167,695,ok,1
179,5.967,1780168748,D10,-114,775,ok,0
179,5.967,1780168748,G13,41,22,interpolated,1
180,6.000,1780168749,G12,109,162,ok,1
180,6.000,1780168749,G4,253,136,ok,1
180,6.000,1780168749,G3,26,85,ok,1
180,6.000,1780168749,G1,377,77,ok,1
180,6.000,1780168749,G18,134,82,ok,1
180,6.000,1780168749,G11,177,13,ok,1
180,6.000,1780168749,G15,91,-28,ok,0
180,6.000,1780168749,G8,145,-27,ok,0
180,6.000,1780168749,G7,159,-16,ok,0
180,6.000,1780168749,G20,42,-54,ok,0
180,6.000,1780168749,G13,40,22,ok,1
180,6.000,1780168749,D4,-10,476,ok,0
180,6.000,1780168749,D1,167,630,ok,1
180,6.000,1780168749,D2,217,629,ok,1
180,6.000,1780168749,D7,167,702,ok,1
180,6.000,1780168749,D6,253,670,ok,1
180,6.000,1780168749,D10,-113,776,ok,0
181,6.033,1780168749,G12,109,162,ok,1
181,6.033,1780168749,G4,253,136,ok,1
181,6.033,1780168749,G3,26,85,ok,1
181,6.033,1780168749,G1,377,77,ok,1
181,6.033,1780168749,G18,134,82,ok,1
181,6.033,1780168749,G11,177,13,ok,1
181,6.033,1780168749,G15,91,-28,ok,0
181,6.033,1780168749,G8,145,-27,ok,0
181,6.033,1780168749,G7,159,-16,ok,0
181,6.033,1780168749,G20,42,-54,ok,0
181,6.033,1780168749,G13,40,22,ok,1
181,6.033,1780168749,D4,-10,476,ok,0
181,6.033,1780168749,D1,167,630,ok,1
181,6.033,1780168749,D2,216,629,ok,1
181,6.033,1780168749,D7,167,702,ok,1
181,6.033,1780168749,D6,253,670,ok,1
181,6.033,1780168749,D10,-113,776,ok,0
182,6.067,1780168749,G12,109,162,ok,1
182,6.067,1780168749,G4,252,136,ok,1
182,6.067,1780168749,G1,376,78,ok,1
182,6.067,1780168749,G3,25,83,ok,1
182,6.067,1780168749,G18,134,80,ok,1
182,6.067,1780168749,G11,177,13,ok,1
182,6.067,1780168749,G15,90,-28,ok,0
182,6.067,1780168749,G8,145,-27,ok,0
182,6.067,1780168749,G13,40,22,ok,1
182,6.067,1780168749,G7,159,-17,ok,0
182,6.067,1780168749,G20,41,-55,ok,0
182,6.067,1780168749,D4,-11,479,ok,0
182,6.067,1780168749,D2,217,629,ok,1
182,6.067,1780168749,D1,168,632,ok,1
182,6.067,1780168749,D6,253,670,ok,1
182,6.067,1780168749,D7,167,703,ok,1
182,6.067,1780168749,D10,-113,776,ok,0
183,6.100,1780168749,G12,109,162,ok,1
183,6.100,1780168749,G4,252,136,ok,1
183,6.100,1780168749,G3,25,83,ok,1
183,6.100,1780168749,G1,377,78,ok,1
183,6.100,1780168749,G18,135,78,ok,1
183,6.100,1780168749,G15,91,-28,ok,0
183,6.100,1780168749,G11,177,13,ok,1
183,6.100,1780168749,G8,145,-27,ok,0
183,6.100,1780168749,G13,40,22,ok,1
183,6.100,1780168749,G7,159,-17,ok,0
183,6.100,1780168749,G20,41,-55,ok,0
183,6.100,1780168749,G21,11,-55,ok,0
183,6.100,1780168749,D4,-12,482,ok,0
183,6.100,1780168749,D2,217,629,ok,1
183,6.100,1780168749,D1,168,631,ok,1
183,6.100,1780168749,D6,252,670,ok,1
183,6.100,1780168749,D7,169,702,ok,1
183,6.100,1780168749,D10,-113,776,ok,0
184,6.133,1780168749,G12,109,162,ok,1
184,6.133,1780168749,G4,249,135,ok,1
184,6.133,1780168749,G3,25,83,ok,1
184,6.133,1780168749,G1,377,79,ok,1
184,6.133,1780168749,G18,135,69,ok,1
184,6.133,1780168749,G15,91,-28,ok,0
184,6.133,1780168749,G11,177,13,ok,1
184,6.133,1780168749,G8,145,-27,ok,0
184,6.133,1780168749,G13,39,22,ok,1
184,6.133,1780168749,G20,42,-55,ok,0
184,6.133,1780168749,G7,159,-18,ok,0
184,6.133,1780168749,G21,11,-57,ok,0
184,6.133,1780168749,D4,-12,484,ok,0
184,6.133,1780168749,D2,217,632,ok,1
184,6.133,1780168749,D6,251,671,ok,1
184,6.133,1780168749,D1,169,631,ok,1
184,6.133,1780168749,D7,169,703,ok,1
184,6.133,1780168749,D10,-113,776,ok,0
185,6.167,1780168749,G12,109,162,ok,1
185,6.167,1780168749,G4,249,135,ok,1
185,6.167,1780168749,G3,25,82,ok,1
185,6.167,1780168749,G1,377,79,ok,1
185,6.167,1780168749,G18,135,70,ok,1
185,6.167,1780168749,G11,177,13,ok,1
185,6.167,1780168749,G15,91,-28,ok,0
185,6.167,1780168749,G8,145,-27,ok,0
185,6.167,1780168749,G20,42,-55,ok,0
185,6.167,1780168749,G13,39,23,ok,1
185,6.167,1780168749,G7,158,-20,ok,0
185,6.167,1780168749,G21,12,-58,ok,0
185,6.167,1780168749,D4,-12,484,ok,0
185,6.167,1780168749,D2,217,633,ok,1
185,6.167,1780168749,D1,170,631,ok,1
185,6.167,1780168749,D6,252,674,ok,1
185,6.167,1780168749,D7,170,703,ok,1
185,6.167,1780168749,D10,-113,776,ok,0
186,6.200,1780168749,G12,110,162,ok,1
186,6.200,1780168749,G4,250,134,ok,1
186,6.200,1780168749,G3,25,82,ok,1
186,6.200,1780168749,G1,378,79,ok,1
186,6.200,1780168749,G18,136,68,ok,1
186,6.200,1780168749,G15,91,-28,ok,0
186,6.200,1780168749,G11,177,13,ok,1
186,6.200,1780168749,G8,145,-27,ok,0
186,6.200,1780168749,G13,39,23,ok,1
186,6.200,1780168749,G20,43,-55,ok,0
186,6.200,1780168749,G7,159,-17,ok,0
186,6.200,1780168749,D2,217,634,ok,1
186,6.200,1780168749,D4,-12,484,ok,0
186,6.200,1780168749,D6,252,678,ok,1
186,6.200,1780168749,D1,170,631,ok,1
186,6.200,1780168749,D7,170,703,ok,1
186,6.200,1780168749,D10,-113,776,ok,0
186,6.200,1780168749,G21,12,-58,interpolated,0
187,6.233,1780168749,G12,110,162,ok,1
187,6.233,1780168749,G4,250,134,ok,1
187,6.233,1780168749,G3,25,82,ok,1
187,6.233,1780168749,G1,378,79,ok,1
187,6.233,1780168749,G18,136,68,ok,1
187,6.233,1780168749,G15,91,-28,ok,0
187,6.233,1780168749,G11,177,13,ok,1
187,6.233,1780168749,G8,145,-27,ok,0
187,6.233,1780168749,G13,39,23,ok,1
187,6.233,1780168749,G20,43,-55,ok,0
187,6.233,1780168749,G7,159,-17,ok,0
187,6.233,1780168749,D2,217,634,ok,1
187,6.233,1780168749,D4,-12,484,ok,0
187,6.233,1780168749,D6,252,678,ok,1
187,6.233,1780168749,D1,170,631,ok,1
187,6.233,1780168749,D7,170,703,ok,1
187,6.233,1780168749,D10,-113,776,ok,0
187,6.233,1780168749,G21,12,-58,interpolated,0
188,6.267,1780168749,G12,110,163,ok,1
188,6.267,1780168749,G4,249,133,ok,1
188,6.267,1780168749,G3,25,82,ok,1
188,6.267,1780168749,G1,379,78,ok,1
188,6.267,1780168749,G18,136,66,ok,1
188,6.267,1780168749,G11,177,13,ok,1
188,6.267,1780168749,G15,91,-28,ok,0
188,6.267,1780168749,G8,145,-27,ok,0
188,6.267,1780168749,G7,159,-13,ok,0
188,6.267,1780168749,G13,38,23,ok,1
188,6.267,1780168749,G20,43,-55,ok,0
188,6.267,1780168749,D2,217,639,ok,1
188,6.267,1780168749,D4,-12,484,ok,0
188,6.267,1780168749,D1,170,631,ok,1
188,6.267,1780168749,D7,170,703,ok,1
188,6.267,1780168749,D6,252,682,ok,1
188,6.267,1780168749,D10,-114,776,ok,0
188,6.267,1780168749,G21,12,-58,interpolated,0
189,6.300,1780168749,G4,249,131,ok,1
189,6.300,1780168749,G12,110,164,ok,1
189,6.300,1780168749,G3,25,82,ok,1
189,6.300,1780168749,G18,137,66,ok,1
189,6.300,1780168749,G1,379,79,ok,1
189,6.300,1780168749,G15,92,-28,ok,0
189,6.300,1780168749,G11,177,13,ok,1
189,6.300,1780168749,G8,145,-27,ok,0
189,6.300,1780168749,G7,159,-14,ok,0
189,6.300,1780168749,G13,38,23,ok,1
189,6.300,1780168749,G20,42,-63,ok,0
189,6.300,1780168749,D2,217,643,ok,1
189,6.300,1780168749,D4,-12,484,ok,0
189,6.300,1780168749,D1,171,631,ok,1
189,6.300,1780168749,D7,171,703,ok,1
189,6.300,1780168749,D6,252,686,ok,1
189,6.300,1780168749,D10,-114,776,ok,0
189,6.300,1780168749,G21,12,-58,interpolated,0
190,6.333,1780168749,G4,248,132,ok,1
190,6.333,1780168749,G12,110,165,ok,1
190,6.333,1780168749,G3,25,82,ok,1
190,6.333,1780168749,G18,137,66,ok,1
190,6.333,1780168749,G1,380,79,ok,1
190,6.333,1780168749,G15,93,-28,ok,0
190,6.333,1780168749,G8,145,-27,ok,0
190,6.333,1780168749,G11,177,11,ok,1
190,6.333,1780168749,G7,158,-14,ok,0
190,6.333,1780168749,G13,38,24,ok,1
190,6.333,1780168749,G20,41,-67,ok,0
190,6.333,1780168749,D2,217,646,ok,1
190,6.333,1780168749,D4,-11,484,ok,0
190,6.333,1780168749,D1,171,632,ok,1
190,6.333,1780168749,D7,172,703,ok,1
190,6.333,1780168749,D6,252,689,ok,1
190,6.333,1780168749,D10,-113,776,ok,0
190,6.333,1780168749,G21,12,-58,interpolated,0
191,6.367,1780168749,G4,246,128,ok,1
191,6.367,1780168749,G12,110,165,ok,1
191,6.367,1780168749,G3,25,82,ok,1
191,6.367,1780168749,G18,138,66,ok,1
191,6.367,1780168749,G1,381,79,ok,1
191,6.367,1780168749,G15,93,-28,ok,0
191,6.367,1780168749,G11,178,10,ok,1
191,6.367,1780168749,G8,145,-27,ok,0
191,6.367,1780168749,G7,159,-14,ok,0
191,6.367,1780168749,G13,37,25,ok,1
191,6.367,1780168749,G20,41,-67,ok,0
191,6.367,1780168749,G21,472,394,ok,0
191,6.367,1780168749,D4,-10,484,ok,0
191,6.367,1780168749,D2,217,647,ok,1
191,6.367,1780168749,D1,171,633,ok,1
191,6.367,1780168749,D7,172,705,ok,1
191,6.367,1780168749,D6,251,690,ok,1
191,6.367,1780168749,D10,-113,776,ok,0
192,6.400,1780168749,G12,111,166,ok,1
192,6.400,1780168749,G4,245,125,ok,1
192,6.400,1780168749,G3,25,82,ok,1
192,6.400,1780168749,G18,139,66,ok,1
192,6.400,1780168749,G1,382,79,ok,1
192,6.400,1780168749,G15,93,-27,ok,0
192,6.400,1780168749,G11,178,8,ok,1
192,6.400,1780168749,G8,145,-28,ok,0
192,6.400,1780168749,G7,159,-14,ok,0
192,6.400,1780168749,G13,38,28,ok,1
192,6.400,1780168749,G20,41,-68,ok,0
192,6.400,1780168749,G21,472,395,ok,0
192,6.400,1780168749,D2,217,648,ok,1
192,6.400,1780168749,D4,-9,484,ok,0
192,6.400,1780168749,D6,249,690,ok,1
192,6.400,1780168749,D1,172,634,ok,1
192,6.400,1780168749,D7,172,706,ok,1
192,6.400,1780168749,D10,-113,776,ok,0
193,6.433,1780168749,G12,111,166,ok,1
193,6.433,1780168749,G4,245,125,ok,1
193,6.433,1780168749,G3,25,82,ok,1
193,6.433,1780168749,G18,139,66,ok,1
193,6.433,1780168749,G1,382,79,ok,1
193,6.433,1780168749,G15,93,-27,ok,0
193,6.433,1780168749,G11,178,8,ok,1
193,6.433,1780168749,G8,145,-28,ok,0
193,6.433,1780168749,G7,159,-14,ok,0
193,6.433,1780168749,G13,38,28,ok,1
193,6.433,1780168749,G20,41,-69,ok,0
193,6.433,1780168749,G21,472,395,ok,0
193,6.433,1780168749,D2,217,647,ok,1
193,6.433,1780168749,D4,-9,484,ok,0
193,6.433,1780168749,D6,249,690,ok,1
193,6.433,1780168749,D1,172,634,ok,1
193,6.433,1780168749,D7,172,706,ok,1
193,6.433,1780168749,D10,-113,776,ok,0
194,6.467,1780168749,G12,111,166,ok,1
194,6.467,1780168749,G4,244,123,ok,1
194,6.467,1780168749,G3,25,82,ok,1
194,6.467,1780168749,G1,381,84,ok,1
194,6.467,1780168749,G15,93,-27,ok,0
194,6.467,1780168749,G18,136,66,ok,1
194,6.467,1780168749,G11,178,4,ok,1
194,6.467,1780168749,G8,145,-28,ok,0
194,6.467,1780168749,G7,159,-14,ok,0
194,6.467,1780168749,G13,37,28,ok,1
194,6.467,1780168749,G20,42,-68,ok,0
194,6.467,1780168749,D4,-9,485,ok,0
194,6.467,1780168749,D2,217,648,ok,1
194,6.467,1780168749,D1,172,635,ok,1
194,6.467,1780168749,D7,173,706,ok,1
194,6.467,1780168749,D6,249,690,ok,1
194,6.467,1780168749,D10,-113,776,ok,0
194,6.467,1780168749,G21,472,395,interpolated,0
195,6.500,1780168749,G12,112,166,ok,1
195,6.500,1780168749,G4,244,121,ok,1
195,6.500,1780168749,G3,25,81,ok,1
195,6.500,1780168749,G18,140,65,ok,1
195,6.500,1780168749,G1,380,88,ok,1
195,6.500,1780168749,G15,94,-27,ok,0
195,6.500,1780168749,G8,145,-27,ok,0
195,6.500,1780168749,G11,178,3,ok,1
195,6.500,1780168749,G7,159,-13,ok,0
195,6.500,1780168749,G13,38,29,ok,1
195,6.500,1780168749,G20,43,-67,ok,0
195,6.500,1780168749,G21,472,395,ok,0
195,6.500,1780168749,D4,-9,485,ok,0
195,6.500,1780168749,D2,217,648,ok,1
195,6.500,1780168749,D1,172,636,ok,1
195,6.500,1780168749,D6,247,692,ok,1
195,6.500,1780168749,D7,173,710,ok,1
195,6.500,1780168749,D10,-113,776,ok,0
196,6.533,1780168749,G12,112,166,ok,1
196,6.533,1780168749,G4,243,121,ok,1
196,6.533,1780168749,G3,24,81,ok,1
196,6.533,1780168749,G1,379,92,ok,1
196,6.533,1780168749,G18,140,64,ok,1
196,6.533,1780168749,G15,94,-27,ok,0
196,6.533,1780168749,G11,179,1,ok,1
196,6.533,1780168749,G13,37,29,ok,1
196,6.533,1780168749,G8,145,-28,ok,0
196,6.533,1780168749,G7,158,-13,ok,0
196,6.533,1780168749,G20,44,-63,ok,0
196,6.533,1780168749,D4,-8,485,ok,0
196,6.533,1780168749,D2,217,648,ok,1
196,6.533,1780168749,D1,171,639,ok,1
196,6.533,1780168749,D6,246,692,ok,1
196,6.533,1780168749,D7,173,713,ok,1
196,6.533,1780168749,D10,-113,776,ok,0
196,6.533,1780168749,G21,472,395,interpolated,0
197,6.567,1780168749,G12,112,167,ok,1
197,6.567,1780168749,G4,243,120,ok,1
197,6.567,1780168749,G3,23,79,ok,1
197,6.567,1780168749,G1,379,93,ok,1
197,6.567,1780168749,G15,95,-26,ok,0
197,6.567,1780168749,G18,139,63,ok,1
197,6.567,1780168749,G13,36,29,ok,1
197,6.567,1780168749,G8,145,-28,ok,0
197,6.567,1780168749,G11,179,1,ok,1
197,6.567,1780168749,G7,158,-13,ok,0
197,6.567,1780168749,G20,46,-53,ok,0
197,6.567,1780168749,D4,-9,486,ok,0
197,6.567,1780168749,D2,217,648,ok,1
197,6.567,1780168749,D1,172,641,ok,1
197,6.567,1780168749,D11,244,694,ok,1
197,6.567,1780168749,D7,173,713,ok,1
197,6.567,1780168749,D6,248,693,ok,1
197,6.567,1780168749,D10,-113,775,ok,0
197,6.567,1780168749,G21,472,395,interpolated,0
198,6.600,1780168749,G12,112,167,ok,1
198,6.600,1780168749,G4,242,120,ok,1
198,6.600,1780168749,G3,23,77,ok,1
198,6.600,1780168749,G1,379,94,ok,1
198,6.600,1780168749,G18,141,61,ok,1
198,6.600,1780168749,G13,36,29,ok,1
198,6.600,1780168749,G15,94,-27,ok,0
198,6.600,1780168749,G8,145,-28,ok,0
198,6.600,1780168749,G11,179,0,ok,1
198,6.600,1780168749,G7,158,-14,ok,0
198,6.600,1780168749,G22,115,-3,ok,0
198,6.600,1780168749,G20,46,-54,ok,0
198,6.600,1780168749,D4,-9,487,ok,0
198,6.600,1780168749,D2,217,648,ok,1
198,6.600,1780168749,D11,244,694,ok,1
198,6.600,1780168749,D1,172,645,ok,1
198,6.600,1780168749,D7,174,710,ok,1
198,6.600,1780168749,D10,-112,775,ok,0
198,6.600,1780168749,D6,248,693,interpolated,1
198,6.600,1780168749,G21,472,395,interpolated,0
199,6.633,1780168749,G12,112,167,ok,1
199,6.633,1780168749,G4,242,120,ok,1
199,6.633,1780168749,G3,23,77,ok,1
199,6.633,1780168749,G1,379,94,ok,1
199,6.633,1780168749,G18,141,61,ok,1
199,6.633,1780168749,G13,36,29,ok,1
199,6.633,1780168749,G15,94,-27,ok,0
199,6.633,1780168749,G8,145,-28,ok,0
199,6.633,1780168749,G11,179,0,ok,1
199,6.633,1780168749,G7,158,-14,ok,0
199,6.633,1780168749,G22,115,-3,ok,0
199,6.633,1780168749,G20,46,-54,ok,0
199,6.633,1780168749,D4,-9,487,ok,0
199,6.633,1780168749,D2,217,648,ok,1
199,6.633,1780168749,D11,244,694,ok,1
199,6.633,1780168749,D1,171,645,ok,1
199,6.633,1780168749,D7,174,710,ok,1
199,6.633,1780168749,D10,-112,775,ok,0
199,6.633,1780168749,D6,248,693,interpolated,1
199,6.633,1780168749,G21,472,395,interpolated,0
200,6.667,1780168749,G12,112,167,ok,1
200,6.667,1780168749,G4,241,120,ok,1
200,6.667,1780168749,G3,23,76,ok,1
200,6.667,1780168749,G1,379,95,ok,1
200,6.667,1780168749,G18,141,59,ok,1
200,6.667,1780168749,G13,35,28,ok,1
200,6.667,1780168749,G15,93,-27,ok,0
200,6.667,1780168749,G8,145,-28,ok,0
200,6.667,1780168749,G7,158,-14,ok,0
200,6.667,1780168749,G11,178,0,ok,1
200,6.667,1780168749,G22,116,-2,ok,0
200,6.667,1780168749,D4,-9,487,ok,0
200,6.667,1780168749,D2,217,648,ok,1
200,6.667,1780168749,D11,244,697,ok,1
200,6.667,1780168749,D1,172,647,ok,1
200,6.667,1780168749,D7,173,712,ok,1
200,6.667,1780168749,D10,-112,775,ok,0
200,6.667,1780168749,D6,248,693,interpolated,1
200,6.667,1780168749,G20,46,-54,interpolated,0
200,6.667,1780168749,G21,472,395,interpolated,0
201,6.700,1780168749,G12,112,167,ok,1
201,6.700,1780168749,G4,240,119,ok,1
201,6.700,1780168749,G3,22,74,ok,1
201,6.700,1780168749,G1,380,95,ok,1
201,6.700,1780168749,G18,140,53,ok,1
201,6.700,1780168749,G15,92,-28,ok,0
201,6.700,1780168749,G13,33,28,ok,1
201,6.700,1780168749,G7,158,-14,ok,0
201,6.700,1780168749,G8,144,-28,ok,0
201,6.700,1780168749,G11,178,0,ok,1
201,6.700,1780168749,G22,116,-2,ok,0
201,6.700,1780168749,D4,-10,488,ok,0
201,6.700,1780168749,D2,218,651,ok,1
201,6.700,1780168749,D1,172,648,ok,1
201,6.700,1780168749,D11,245,702,ok,1
201,6.700,1780168749,D7,173,713,ok,1
201,6.700,1780168749,D10,-113,775,ok,0
201,6.700,1780168749,D6,248,693,interpolated,1
201,6.700,1780168749,G20,46,-54,interpolated,0
201,6.700,1780168749,G21,472,395,interpolated,0
202,6.733,1780168749,G12,112,167,ok,1
202,6.733,1780168749,G4,240,118,ok,1
202,6.733,1780168749,G3,21,72,ok,1
202,6.733,1780168749,G1,380,95,ok,1
202,6.733,1780168749,G18,140,52,ok,1
202,6.733,1780168749,G15,92,-27,ok,0
202,6.733,1780168749,G13,31,28,ok,1
202,6.733,1780168749,G11,178,-1,ok,0
202,6.733,1780168749,G7,158,-14,ok,0
202,6.733,1780168749,G22,116,-1,ok,0
202,6.733,1780168749,G8,144,-28,ok,0
202,6.733,1780168749,D4,-10,488,ok,0
202,6.733,1780168749,D2,217,653,ok,1
202,6.733,1780168749,D1,173,648,ok,1
202,6.733,1780168749,D11,245,703,ok,1
202,6.733,1780168749,D7,173,713,ok,1
202,6.733,1780168749,D10,-112,775,ok,0
202,6.733,1780168749,D6,248,693,interpolated,1
202,6.733,1780168749,G20,46,-54,interpolated,0
202,6.733,1780168749,G21,472,395,interpolated,0
203,6.767,1780168749,G12,112,167,ok,1
203,6.767,1780168749,G4,239,117,ok,1
203,6.767,1780168749,G3,21,71,ok,1
203,6.767,1780168749,G18,141,49,ok,1
203,6.767,1780168749,G1,380,94,ok,1
203,6.767,1780168749,G15,93,-27,ok,0
203,6.767,1780168749,G13,29,28,ok,1
203,6.767,1780168749,G22,117,-1,ok,0
203,6.767,1780168749,G11,178,0,ok,1
203,6.767,1780168749,G8,143,-29,ok,0
203,6.767,1780168749,G7,157,-14,ok,0
203,6.767,1780168749,G20,47,-55,ok,0
203,6.767,1780168749,D4,-11,488,ok,0
203,6.767,1780168749,D2,217,654,ok,1
203,6.767,1780168749,D11,245,703,ok,1
203,6.767,1780168749,D1,174,648,ok,1
203,6.767,1780168749,D7,173,714,ok,1
203,6.767,1780168749,D10,-112,775,ok,0
203,6.767,1780168749,D6,248,693,interpolated,1
203,6.767,1780168749,G21,472,395,interpolated,0
204,6.800,1780168749,G12,111,167,ok,1
204,6.800,1780168749,G4,239,116,ok,1
204,6.800,1780168749,G3,21,70,ok,1
204,6.800,1780168749,G1,381,95,ok,1
204,6.800,1780168749,G18,141,49,ok,1
204,6.800,1780168749,G13,28,29,ok,1
204,6.800,1780168749,G15,93,-27,ok,0
204,6.800,1780168749,G22,117,-1,ok,0
204,6.800,1780168749,G11,178,0,ok,1
204,6.800,1780168749,G7,158,-14,ok,0
204,6.800,1780168749,G8,144,-28,ok,0
204,6.800,1780168749,D4,-12,489,ok,0
204,6.800,1780168749,D2,217,658,ok,1
204,6.800,1780168749,D1,175,648,ok,1
204,6.800,1780168749,D11,244,703,ok,1
204,6.800,1780168749,D7,173,713,ok,1
204,6.800,1780168749,D10,-112,775,ok,0
204,6.800,1780168749,D6,248,693,interpolated,1
204,6.800,1780168749,G20,47,-55,interpolated,0
204,6.800,1780168749,G21,472,395,interpolated,0
205,6.833,1780168749,G12,111,167,ok,1
205,6.833,1780168749,G4,239,116,ok,1
205,6.833,1780168749,G3,21,70,ok,1
205,6.833,1780168749,G1,381,95,ok,1
205,6.833,1780168749,G18,141,49,ok,1
205,6.833,1780168749,G13,28,28,ok,1
205,6.833,1780168749,G15,93,-27,ok,0
205,6.833,1780168749,G22,117,-1,ok,0
205,6.833,1780168749,G11,178,0,ok,1
205,6.833,1780168749,G7,158,-14,ok,0
205,6.833,1780168749,G8,144,-28,ok,0
205,6.833,1780168749,D4,-12,489,ok,0
205,6.833,1780168749,D2,217,658,ok,1
205,6.833,1780168749,D1,175,648,ok,1
205,6.833,1780168749,D11,244,703,ok,1
205,6.833,1780168749,D7,173,713,ok,1
205,6.833,1780168749,D10,-112,775,ok,0
205,6.833,1780168749,D6,248,693,interpolated,1
205,6.833,1780168749,G20,47,-55,interpolated,0
205,6.833,1780168749,G21,472,395,interpolated,0
206,6.867,1780168749,G12,111,167,ok,1
206,6.867,1780168749,G4,238,115,ok,1
206,6.867,1780168749,G3,21,70,ok,1
206,6.867,1780168749,G1,381,96,ok,1
206,6.867,1780168749,G18,141,48,ok,1
206,6.867,1780168749,G13,27,30,ok,1
206,6.867,1780168749,G22,117,-1,ok,0
206,6.867,1780168749,G15,93,-27,ok,0
206,6.867,1780168749,G7,159,-13,ok,0
206,6.867,1780168749,G11,178,0,ok,1
206,6.867,1780168749,G8,144,-28,ok,0
206,6.867,1780168749,D4,-12,489,ok,0
206,6.867,1780168749,D2,217,663,ok,1
206,6.867,1780168749,D11,244,703,ok,1
206,6.867,1780168749,D1,175,648,ok,1
206,6.867,1780168749,D10,-112,775,ok,0
206,6.867,1780168749,D7,173,708,ok,1
206,6.867,1780168749,D6,248,693,interpolated,1
206,6.867,1780168749,G20,47,-55,interpolated,0
207,6.900,1780168749,G12,111,167,ok,1
207,6.900,1780168749,G4,237,112,ok,1
207,6.900,1780168749,G3,21,70,ok,1
207,6.900,1780168749,G1,381,96,ok,1
207,6.900,1780168749,G18,142,48,ok,1
207,6.900,1780168749,G13,26,31,ok,1
207,6.900,1780168749,G15,93,-27,ok,0
207,6.900,1780168749,G22,117,-1,ok,0
207,6.900,1780168749,G11,177,0,ok,1
207,6.900,1780168749,G7,158,-13,ok,0
207,6.900,1780168749,G8,144,-28,ok,0
207,6.900,1780168749,D4,-13,489,ok,0
207,6.900,1780168749,D2,217,666,ok,1
207,6.900,1780168749,D11,244,703,ok,1
207,6.900,1780168749,D1,175,648,ok,1
207,6.900,1780168749,D10,-112,775,ok,0
207,6.900,1780168749,D7,172,703,ok,1
207,6.900,1780168749,D6,248,693,interpolated,1
207,6.900,1780168749,G20,47,-55,interpolated,0
208,6.933,1780168749,G12,111,167,ok,1
208,6.933,1780168749,G4,237,108,ok,1
208,6.933,1780168749,G3,21,70,ok,1
208,6.933,1780168749,G1,382,96,ok,1
208,6.933,1780168749,G18,141,48,ok,1
208,6.933,1780168749,G13,26,31,ok,1
208,6.933,1780168749,G22,117,-1,ok,0
208,6.933,1780168749,G11,177,0,ok,1
208,6.933,1780168749,G7,158,-13,ok,0
208,6.933,1780168749,G15,93,-27,ok,0
208,6.933,1780168749,G8,145,-28,ok,0
208,6.933,1780168749,D4,-12,489,ok,0
208,6.933,1780168749,D2,217,667,ok,1
208,6.933,1780168749,D11,244,703,ok,1
208,6.933,1780168749,D1,175,649,ok,1
208,6.933,1780168749,D10,-112,775,ok,0
208,6.933,1780168749,D7,172,703,ok,1
208,6.933,1780168749,G20,47,-55,interpolated,0
209,6.967,1780168749,G12,111,167,ok,1
209,6.967,1780168749,G4,237,106,ok,1
209,6.967,1780168749,G3,21,70,ok,1
209,6.967,1780168749,G1,381,99,ok,1
209,6.967,1780168749,G18,141,48,ok,1
209,6.967,1780168749,G13,27,30,ok,1
209,6.967,1780168749,G11,177,0,ok,1
209,6.967,1780168749,G22,117,-1,ok,0
209,6.967,1780168749,G7,158,-13,ok,0
209,6.967,1780168749,G15,93,-27,ok,0
209,6.967,1780168749,G8,145,-29,ok,0
209,6.967,1780168749,D4,-11,489,ok,0
209,6.967,1780168749,D11,244,703,ok,1
209,6.967,1780168749,D2,217,667,ok,1
209,6.967,1780168749,D1,176,649,ok,1
209,6.967,1780168749,D10,-112,775,ok,0
209,6.967,1780168749,D7,172,708,ok,1
209,6.967,1780168749,G20,47,-55,interpolated,0
210,7.000,1780168750,G12,111,167,ok,1
210,7.000,1780168750,G4,236,106,ok,1
210,7.000,1780168750,G1,379,104,ok,1
210,7.000,1780168750,G3,21,70,ok,1
210,7.000,1780168750,G13,26,30,ok,1
210,7.000,1780168750,G18,141,48,ok,1
210,7.000,1780168750,G22,116,-2,ok,0
210,7.000,1780168750,G11,176,0,ok,1
210,7.000,1780168750,G7,158,-13,ok,0
210,7.000,1780168750,G15,92,-27,ok,0
210,7.000,1780168750,G8,145,-29,ok,0
210,7.000,1780168750,D4,-10,489,ok,0
210,7.000,1780168750,D11,244,703,ok,1
210,7.000,1780168750,D2,217,667,ok,1
210,7.000,1780168750,D1,176,651,ok,1
210,7.000,1780168750,D10,-112,775,ok,0
210,7.000,1780168750,D7,172,710,ok,1
210,7.000,1780168750,G20,47,-55,interpolated,0
211,7.033,1780168750,G12,111,167,ok,1
211,7.033,1780168750,G4,236,106,ok,1
211,7.033,1780168750,G1,379,104,ok,1
211,7.033,1780168750,G3,21,70,ok,1
211,7.033,1780168750,G18,141,48,ok,1
211,7.033,1780168750,G13,26,30,ok,1
211,7.033,1780168750,G22,116,-2,ok,0
211,7.033,1780168750,G11,176,0,ok,1
211,7.033,1780168750,G7,158,-13,ok,0
211,7.033,1780168750,G15,93,-27,ok,0
211,7.033,1780168750,G8,145,-29,ok,0
211,7.033,1780168750,D4,-10,489,ok,0
211,7.033,1780168750,D11,244,703,ok,1
211,7.033,1780168750,D2,217,667,ok,1
211,7.033,1780168750,D1,176,651,ok,1
211,7.033,1780168750,D10,-112,775,ok,0
211,7.033,1780168750,D7,172,710,ok,1
211,7.033,1780168750,G20,47,-55,interpolated,0
212,7.067,1780168750,G12,111,167,ok,1
212,7.067,1780168750,G4,236,106,ok,1
212,7.067,1780168750,G1,379,106,ok,1
212,7.067,1780168750,G3,21,70,ok,1
212,7.067,1780168750,G18,142,48,ok,1
212,7.067,1780168750,G13,27,29,ok,1
212,7.067,1780168750,G22,116,-2,ok,0
212,7.067,1780168750,G11,176,-2,ok,0
212,7.067,1780168750,G15,93,-27,ok,0
212,7.067,1780168750,G7,157,-13,ok,0
212,7.067,1780168750,D4,-10,489,ok,0
212,7.067,1780168750,D11,244,703,ok,1
212,7.067,1780168750,D2,217,667,ok,1
212,7.067,1780168750,D1,176,653,ok,1
212,7.067,1780168750,D10,-113,775,ok,0
212,7.067,1780168750,D7,172,719,ok,1
212,7.067,1780168750,D6,728,902,ok,0
212,7.067,1780168750,G8,145,-29,interpolated,0
212,7.067,1780168750,G20,47,-55,interpolated,0
213,7.100,1780168750,G4,236,106,ok,1
213,7.100,1780168750,G12,111,167,ok,1
213,7.100,1780168750,G1,378,109,ok,1
213,7.100,1780168750,G3,21,69,ok,1
213,7.100,1780168750,G18,143,48,ok,1
213,7.100,1780168750,G13,28,28,ok,1
213,7.100,1780168750,G22,117,-1,ok,0
213,7.100,1780168750,G15,93,-27,ok,0
213,7.100,1780168750,G7,157,-13,ok,0
213,7.100,1780168750,G11,176,-3,ok,0
213,7.100,1780168750,D4,-10,489,ok,0
213,7.100,1780168750,D2,217,667,ok,1
213,7.100,1780168750,D11,245,705,ok,1
213,7.100,1780168750,D1,176,654,ok,1
213,7.100,1780168750,D10,-112,775,ok,0
213,7.100,1780168750,G8,145,-29,interpolated,0
213,7.100,1780168750,D7,172,719,interpolated,1
213,7.100,1780168750,G20,47,-55,interpolated,0
213,7.100,1780168750,D6,728,902,interpolated,0
214,7.133,1780168750,G12,111,167,ok,1
214,7.133,1780168750,G4,237,106,ok,1
214,7.133,1780168750,G1,378,110,ok,1
214,7.133,1780168750,G3,21,67,ok,1
214,7.133,1780168750,G18,144,47,ok,1
214,7.133,1780168750,G13,28,28,ok,1
214,7.133,1780168750,G22,117,-1,ok,0
214,7.133,1780168750,G7,158,-13,ok,0
214,7.133,1780168750,G15,93,-27,ok,0
214,7.133,1780168750,G11,176,-4,ok,0
214,7.133,1780168750,D4,-10,490,ok,0
214,7.133,1780168750,D11,245,706,ok,1
214,7.133,1780168750,D2,217,667,ok,1
214,7.133,1780168750,D1,176,655,ok,1
214,7.133,1780168750,D10,-112,775,ok,0
214,7.133,1780168750,G8,145,-29,interpolated,0
214,7.133,1780168750,D7,172,719,interpolated,1
214,7.133,1780168750,D6,728,902,interpolated,0
215,7.167,1780168750,G4,237,106,ok,1
215,7.167,1780168750,G12,111,167,ok,1
215,7.167,1780168750,G1,378,110,ok,1
215,7.167,1780168750,G3,20,64,ok,1
215,7.167,1780168750,G18,144,46,ok,1
215,7.167,1780168750,G13,27,28,ok,1
215,7.167,1780168750,G22,117,-1,ok,0
215,7.167,1780168750,G11,175,-7,ok,0
215,7.167,1780168750,G7,157,-13,ok,0
215,7.167,1780168750,G15,92,-27,ok,0
215,7.167,1780168750,D4,-10,489,ok,0
215,7.167,1780168750,D2,217,668,ok,1
215,7.167,1780168750,D11,246,707,ok,1
215,7.167,1780168750,D1,177,658,ok,1
215,7.167,1780168750,D10,-113,775,ok,0
215,7.167,1780168750,G8,145,-29,interpolated,0
215,7.167,1780168750,D7,172,719,interpolated,1
215,7.167,1780168750,D6,728,902,interpolated,0
216,7.200,1780168750,G12,111,167,ok,1
216,7.200,1780168750,G4,236,106,ok,1
216,7.200,1780168750,G1,378,110,ok,1
216,7.200,1780168750,G3,20,63,ok,1
216,7.200,1780168750,G18,144,45,ok,1
216,7.200,1780168750,G13,27,29,ok,1
216,7.200,1780168750,G22,117,-1,ok,0
216,7.200,1780168750,G11,175,-6,ok,0
216,7.200,1780168750,G15,92,-27,ok,0
216,7.200,1780168750,G7,157,-13,ok,0
216,7.200,1780168750,D4,-10,488,ok,0
216,7.200,1780168750,D2,217,669,ok,1
216,7.200,1780168750,D1,177,662,ok,1
216,7.200,1780168750,D11,247,708,ok,1
216,7.200,1780168750,D10,-112,775,ok,0
216,7.200,1780168750,G8,145,-29,interpolated,0
216,7.200,1780168750,D7,172,719,interpolated,1
216,7.200,1780168750,D6,728,902,interpolated,0
217,7.233,1780168750,G12,111,167,ok,1
217,7.233,1780168750,G1,378,110,ok,1
217,7.233,1780168750,G4,236,106,ok,1
217,7.233,1780168750,G3,20,63,ok,1
217,7.233,1780168750,G18,144,45,ok,1
217,7.233,1780168750,G13,27,29,ok,1
217,7.233,1780168750,G22,117,-1,ok,0
217,7.233,1780168750,G11,175,-6,ok,0
217,7.233,1780168750,G7,157,-13,ok,0
217,7.233,1780168750,G15,92,-27,ok,0
217,7.233,1780168750,D4,-10,488,ok,0
217,7.233,1780168750,D2,217,669,ok,1
217,7.233,1780168750,D1,177,663,ok,1
217,7.233,1780168750,D11,247,708,ok,1
217,7.233,1780168750,D10,-112,775,ok,0
217,7.233,1780168750,G8,145,-29,interpolated,0
217,7.233,1780168750,D7,172,719,interpolated,1
217,7.233,1780168750,D6,728,902,interpolated,0
218,7.267,1780168750,G12,111,167,ok,1
218,7.267,1780168750,G1,378,110,ok,1
218,7.267,1780168750,G4,236,105,ok,1
218,7.267,1780168750,G3,20,63,ok,1
218,7.267,1780168750,G18,144,44,ok,1
218,7.267,1780168750,G13,27,29,ok,1
218,7.267,1780168750,G11,174,-7,ok,0
218,7.267,1780168750,G22,117,-1,ok,0
218,7.267,1780168750,G15,93,-27,ok,0
218,7.267,1780168750,G7,157,-13,ok,0
218,7.267,1780168750,D4,-10,487,ok,0
218,7.267,1780168750,D2,217,670,ok,1
218,7.267,1780168750,D1,177,665,ok,1
218,7.267,1780168750,D11,249,711,ok,1
218,7.267,1780168750,D10,-112,775,ok,0
218,7.267,1780168750,D7,172,703,ok,1
218,7.267,1780168750,G8,145,-29,interpolated,0
218,7.267,1780168750,D6,728,902,interpolated,0
219,7.300,1780168750,G12,111,167,ok,1
219,7.300,1780168750,G4,236,104,ok,1
219,7.300,1780168750,G1,377,110,ok,1
219,7.300,1780168750,G3,20,63,ok,1
219,7.300,1780168750,G18,145,41,ok,1
219,7.300,1780168750,G13,27,29,ok,1
219,7.300,1780168750,G11,175,-8,ok,0
219,7.300,1780168750,G22,117,-1,ok,0
219,7.300,1780168750,G15,93,-27,ok,0
219,7.300,1780168750,G7,156,-13,ok,0
219,7.300,1780168750,D4,-10,487,ok,0
219,7.300,1780168750,D2,217,672,ok,1
219,7.300,1780168750,D1,177,665,ok,1
219,7.300,1780168750,D11,249,711,ok,1
219,7.300,1780168750,D10,-112,775,ok,0
219,7.300,1780168750,D7,171,706,ok,1
219,7.300,1780168750,G8,145,-29,interpolated,0
219,7.300,1780168750,D6,728,902,interpolated,0
220,7.333,1780168750,G4,235,104,ok,1
220,7.333,1780168750,G12,111,167,ok,1
220,7.333,1780168750,G1,378,110,ok,1
220,7.333,1780168750,G3,20,63,ok,1
220,7.333,1780168750,G18,144,35,ok,1
220,7.333,1780168750,G13,27,29,ok,1
220,7.333,1780168750,G22,117,-1,ok,0
220,7.333,1780168750,G11,175,-10,ok,0
220,7.333,1780168750,G15,93,-27,ok,0
220,7.333,1780168750,G7,157,-13,ok,0
220,7.333,1780168750,D4,-10,487,ok,0
220,7.333,1780168750,D2,217,675,ok,1
220,7.333,1780168750,D1,177,665,ok,1
220,7.333,1780168750,D11,249,713,ok,1
220,7.333,1780168750,D10,-112,775,ok,0
220,7.333,1780168750,D7,171,708,ok,1
220,7.333,1780168750,G8,145,-29,interpolated,0
220,7.333,1780168750,D6,728,902,interpolated,0
221,7.367,1780168750,G12,111,167,ok,1
221,7.367,1780168750,G4,235,102,ok,1
221,7.367,1780168750,G1,378,110,ok,1
221,7.367,1780168750,G3,20,62,ok,1
221,7.367,1780168750,G18,144,34,ok,1
221,7.367,1780168750,G13,27,29,ok,1
221,7.367,1780168750,G11,174,-10,ok,0
221,7.367,1780168750,G22,117,-1,ok,0
221,7.367,1780168750,G15,93,-27,ok,0
221,7.367,1780168750,G7,157,-13,ok,0
221,7.367,1780168750,D4,-10,486,ok,0
221,7.367,1780168750,D2,218,678,ok,1
221,7.367,1780168750,D1,178,665,ok,1
221,7.367,1780168750,D11,249,714,ok,1
221,7.367,1780168750,D7,170,706,ok,1
221,7.367,1780168750,D10,-112,775,ok,0
221,7.367,1780168750,G8,145,-29,interpolated,0
221,7.367,1780168750,D6,728,902,interpolated,0
222,7.400,1780168750,G4,234,102,ok,1
222,7.400,1780168750,G12,111,167,ok,1
222,7.400,1780168750,G1,378,110,ok,1
222,7.400,1780168750,G3,20,63,ok,1
222,7.400,1780168750,G18,144,31,ok,1
222,7.400,1780168750,G13,28,29,ok,1
222,7.400,1780168750,G11,174,-10,ok,0
222,7.400,1780168750,G15,93,-27,ok,0
222,7.400,1780168750,G22,117,-1,ok,0
222,7.400,1780168750,G7,157,-14,ok,0
222,7.400,1780168750,D4,-10,486,ok,0
222,7.400,1780168750,D2,218,680,ok,1
222,7.400,1780168750,D1,177,665,ok,1
222,7.400,1780168750,D11,249,715,ok,1
222,7.400,1780168750,D7,169,713,ok,1
222,7.400,1780168750,D10,-112,775,ok,0
222,7.400,1780168750,D6,728,902,interpolated,0
223,7.433,1780168750,G4,234,102,ok,1
223,7.433,1780168750,G12,111,167,ok,1
223,7.433,1780168750,G1,378,110,ok,1
223,7.433,1780168750,G3,20,63,ok,1
223,7.433,1780168750,G18,144,31,ok,1
223,7.433,1780168750,G13,28,29,ok,1
223,7.433,1780168750,G11,174,-10,ok,0
223,7.433,1780168750,G15,93,-27,ok,0
223,7.433,1780168750,G22,117,-1,ok,0
223,7.433,1780168750,G7,157,-14,ok,0
223,7.433,1780168750,D4,-10,486,ok,0
223,7.433,1780168750,D2,218,680,ok,1
223,7.433,1780168750,D1,177,665,ok,1
223,7.433,1780168750,D11,249,715,ok,1
223,7.433,1780168750,D7,169,713,ok,1
223,7.433,1780168750,D10,-112,775,ok,0
224,7.467,1780168750,G12,111,167,ok,1
224,7.467,1780168750,G4,233,99,ok,1
224,7.467,1780168750,G1,378,110,ok,1
224,7.467,1780168750,G3,20,63,ok,1
224,7.467,1780168750,G18,145,31,ok,1
224,7.467,1780168750,G13,28,29,ok,1
224,7.467,1780168750,G15,93,-27,ok,0
224,7.467,1780168750,G11,174,-11,ok,0
224,7.467,1780168750,G22,117,-1,ok,0
224,7.467,1780168750,G7,157,-14,ok,0
224,7.467,1780168750,G23,-1,-72,ok,0
224,7.467,1780168750,G8,46,-56,ok,0
224,7.467,1780168750,D4,-10,486,ok,0
224,7.467,1780168750,D1,177,665,ok,1
224,7.467,1780168750,D2,219,683,ok,1
224,7.467,1780168750,D11,249,716,ok,1
224,7.467,1780168750,D7,168,713,ok,1
224,7.467,1780168750,D10,-113,775,ok,0
225,7.500,1780168750,G12,111,167,ok,1
225,7.500,1780168750,G4,232,96,ok,1
225,7.500,1780168750,G1,378,110,ok,1
225,7.500,1780168750,G3,20,63,ok,1
225,7.500,1780168750,G18,145,29,ok,1
225,7.500,1780168750,G13,29,31,ok,1
225,7.500,1780168750,G15,93,-27,ok,0
225,7.500,1780168750,G22,117,-1,ok,0
225,7.500,1780168750,G11,174,-11,ok,0
225,7.500,1780168750,G7,157,-14,ok,0
225,7.500,1780168750,G8,46,-56,ok,0
225,7.500,1780168750,D4,-10,486,ok,0
225,7.500,1780168750,D1,177,664,ok,1
225,7.500,1780168750,D2,219,684,ok,1
225,7.500,1780168750,D11,248,716,ok,1
225,7.500,1780168750,D7,167,714,ok,1
225,7.500,1780168750,D10,-113,775,ok,0
225,7.500,1780168750,G23,-1,-72,interpolated,0
226,7.533,1780168750,G12,111,167,ok,1
226,7.533,1780168750,G4,231,92,ok,1
226,7.533,1780168750,G1,378,110,ok,1
226,7.533,1780168750,G3,20,63,ok,1
226,7.533,1780168750,G18,146,28,ok,1
226,7.533,1780168750,G15,93,-27,ok,0
226,7.533,1780168750,G13,29,32,ok,1
226,7.533,1780168750,G22,117,-1,ok,0
226,7.533,1780168750,G11,174,-10,ok,0
226,7.533,1780168750,G7,157,-14,ok,0
226,7.533,1780168750,D4,-10,486,ok,0
226,7.533,1780168750,D1,177,664,ok,1
226,7.533,1780168750,D2,220,684,ok,1
226,7.533,1780168750,D11,248,715,ok,1
226,7.533,1780168750,D7,166,716,ok,1
226,7.533,1780168750,D10,-113,775,ok,0
226,7.533,1780168750,G23,-1,-72,interpolated,0
226,7.533,1780168750,G8,46,-56,interpolated,0
227,7.567,1780168750,G12,111,167,ok,1
227,7.567,1780168750,G4,230,90,ok,1
227,7.567,1780168750,G1,377,111,ok,1
227,7.567,1780168750,G3,20,63,ok,1
227,7.567,1780168750,G18,147,30,ok,1
227,7.567,1780168750,G15,93,-27,ok,0
227,7.567,1780168750,G13,29,32,ok,1
227,7.567,1780168750,G22,117,-2,ok,0
227,7.567,1780168750,G7,157,-14,ok,0
227,7.567,1780168750,G11,174,-10,ok,0
227,7.567,1780168750,D4,-10,486,ok,0
227,7.567,1780168750,D1,177,665,ok,1
227,7.567,1780168750,D2,220,685,ok,1
227,7.567,1780168750,D11,248,716,ok,1
227,7.567,1780168750,D7,166,717,ok,1
227,7.567,1780168750,D10,-113,775,ok,0
227,7.567,1780168750,G23,-1,-72,interpolated,0
227,7.567,1780168750,G8,46,-56,interpolated,0
228,7.600,1780168750,G12,111,167,ok,1
228,7.600,1780168750,G4,230,90,ok,1
228,7.600,1780168750,G1,375,114,ok,1
228,7.600,1780168750,G3,20,62,ok,1
228,7.600,1780168750,G18,148,30,ok,1
228,7.600,1780168750,G13,30,34,ok,1
228,7.600,1780168750,G15,92,-28,ok,0
228,7.600,1780168750,G22,117,-1,ok,0
228,7.600,1780168750,G7,157,-14,ok,0
228,7.600,1780168750,G11,175,-10,ok,0
228,7.600,1780168750,D4,-11,486,ok,0
228,7.600,1780168750,D1,177,665,ok,1
228,7.600,1780168750,D2,221,684,ok,1
228,7.600,1780168750,D11,248,716,ok,1
228,7.600,1780168750,D7,166,719,ok,1
228,7.600,1780168750,D10,-113,776,ok,0
228,7.600,1780168750,G23,-1,-72,interpolated,0
228,7.600,1780168750,G8,46,-56,interpolated,0
229,7.633,1780168750,G12,111,167,ok,1
229,7.633,1780168750,G4,230,89,ok,1
229,7.633,1780168750,G1,375,114,ok,1
229,7.633,1780168750,G3,20,62,ok,1
229,7.633,1780168750,G18,148,30,ok,1
229,7.633,1780168750,G13,30,34,ok,1
229,7.633,1780168750,G15,92,-28,ok,0
229,7.633,1780168750,G22,117,-1,ok,0
229,7.633,1780168750,G7,157,-14,ok,0
229,7.633,1780168750,G11,175,-10,ok,0
229,7.633,1780168750,D4,-11,486,ok,0
229,7.633,1780168750,D1,177,665,ok,1
229,7.633,1780168750,D2,221,684,ok,1
229,7.633,1780168750,D11,248,716,ok,1
229,7.633,1780168750,D7,166,719,ok,1
229,7.633,1780168750,D10,-113,776,ok,0
229,7.633,1780168750,G23,-1,-72,interpolated,0
229,7.633,1780168750,G8,46,-56,interpolated,0
230,7.667,1780168750,G12,111,167,ok,1
230,7.667,1780168750,G4,229,89,ok,1
230,7.667,1780168750,G1,374,117,ok,1
230,7.667,1780168750,G3,19,62,ok,1
230,7.667,1780168750,G18,149,29,ok,1
230,7.667,1780168750,G15,92,-28,ok,0
230,7.667,1780168750,G13,30,33,ok,1
230,7.667,1780168750,G22,117,-1,ok,0
230,7.667,1780168750,G11,174,-10,ok,0
230,7.667,1780168750,G7,157,-14,ok,0
230,7.667,1780168750,D4,-11,486,ok,0
230,7.667,1780168750,D2,221,685,ok,1
230,7.667,1780168750,D1,177,666,ok,1
230,7.667,1780168750,D11,248,716,ok,1
230,7.667,1780168750,D7,165,720,ok,1
230,7.667,1780168750,D10,-113,776,ok,0
230,7.667,1780168750,G23,-1,-72,interpolated,0
230,7.667,1780168750,G8,46,-56,interpolated,0
231,7.700,1780168750,G12,111,167,ok,1
231,7.700,1780168750,G1,374,117,ok,1
231,7.700,1780168750,G4,229,89,ok,1
231,7.700,1780168750,G3,19,62,ok,1
231,7.700,1780168750,G18,149,30,ok,1
231,7.700,1780168750,G13,30,35,ok,1
231,7.700,1780168750,G15,93,-28,ok,0
231,7.700,1780168750,G22,117,-1,ok,0
231,7.700,1780168750,G11,174,-10,ok,0
231,7.700,1780168750,G7,157,-13,ok,0
231,7.700,1780168750,D4,-11,486,ok,0
231,7.700,1780168750,D2,222,685,ok,1
231,7.700,1780168750,D1,178,667,ok,1
231,7.700,1780168750,D11,248,718,ok,1
231,7.700,1780168750,D7,165,721,ok,1
231,7.700,1780168750,D10,-113,776,ok,0
231,7.700,1780168750,G23,-1,-72,interpolated,0
231,7.700,1780168750,G8,46,-56,interpolated,0
232,7.733,1780168750,G12,111,167,ok,1
232,7.733,1780168750,G1,373,119,ok,1
232,7.733,1780168750,G4,228,89,ok,1
232,7.733,1780168750,G3,18,59,ok,1
232,7.733,1780168750,G18,150,29,ok,1
232,7.733,1780168750,G13,30,35,ok,1
232,7.733,1780168750,G15,93,-27,ok,0
232,7.733,1780168750,G22,117,-1,ok,0
232,7.733,1780168750,G11,174,-10,ok,0
232,7.733,1780168750,G7,157,-15,ok,0
232,7.733,1780168750,D4,-12,486,ok,0
232,7.733,1780168750,D1,178,668,ok,1
232,7.733,1780168750,D2,222,685,ok,1
232,7.733,1780168750,D11,247,717,ok,1
232,7.733,1780168750,D7,165,721,ok,1
232,7.733,1780168750,D10,-114,775,ok,0
232,7.733,1780168750,G23,-1,-72,interpolated,0
232,7.733,1780168750,G8,46,-56,interpolated,0
233,7.767,1780168750,G12,111,167,ok,1
233,7.767,1780168750,G1,373,119,ok,1
233,7.767,1780168750,G4,228,87,ok,1
233,7.767,1780168750,G3,18,58,ok,1
233,7.767,1780168750,G13,30,35,ok,1
233,7.767,1780168750,G15,93,-27,ok,0
233,7.767,1780168750,G18,151,28,ok,1
233,7.767,1780168750,G22,117,-1,ok,0
233,7.767,1780168750,G11,174,-10,ok,0
233,7.767,1780168750,G7,158,-14,ok,0
233,7.767,1780168750,G8,45,-54,ok,0
233,7.767,1780168750,D4,-12,485,ok,0
233,7.767,1780168750,D1,177,669,ok,1
233,7.767,1780168750,D2,222,685,ok,1
233,7.767,1780168750,D11,247,719,ok,1
233,7.767,1780168750,D7,165,721,ok,1
233,7.767,1780168750,D10,-113,775,ok,0
233,7.767,1780168750,G23,-1,-72,interpolated,0
234,7.800,1780168750,G12,111,167,ok,1
234,7.800,1780168750,G4,227,89,ok,1
234,7.800,1780168750,G1,373,118,ok,1
234,7.800,1780168750,G3,16,55,ok,1
234,7.800,1780168750,G18,151,28,ok,1
234,7.800,1780168750,G13,30,35,ok,1
234,7.800,1780168750,G11,174,-10,ok,0
234,7.800,1780168750,G15,92,-27,ok,0
234,7.800,1780168750,G22,117,-1,ok,0
234,7.800,1780168750,G7,157,-15,ok,0
234,7.800,1780168750,G23,472,396,ok,0
234,7.800,1780168750,G8,44,-54,ok,0
234,7.800,1780168750,D4,-12,486,ok,0
234,7.800,1780168750,D2,222,685,ok,1
234,7.800,1780168750,D1,177,671,ok,1
234,7.800,1780168750,D11,247,721,ok,1
234,7.800,1780168750,D7,164,721,ok,1
234,7.800,1780168750,D10,-114,775,ok,0
235,7.833,1780168750,G12,111,167,ok,1
235,7.833,1780168750,G4,227,88,ok,1
235,7.833,1780168750,G1,373,118,ok,1
235,7.833,1780168750,G3,16,55,ok,1
235,7.833,1780168750,G18,151,28,ok,1
235,7.833,1780168750,G13,30,35,ok,1
235,7.833,1780168750,G15,92,-27,ok,0
235,7.833,1780168750,G11,174,-10,ok,0
235,7.833,1780168750,G22,117,-1,ok,0
235,7.833,1780168750,G7,157,-15,ok,0
235,7.833,1780168750,G8,44,-54,ok,0
235,7.833,1780168750,D4,-12,486,ok,0
235,7.833,1780168750,D2,222,685,ok,1
235,7.833,1780168750,D1,177,671,ok,1
235,7.833,1780168750,D11,247,721,ok,1
235,7.833,1780168750,D7,164,721,ok,1
235,7.833,1780168750,D10,-114,775,ok,0
235,7.833,1780168750,G23,472,396,interpolated,0
236,7.867,1780168750,G12,111,167,ok,1
236,7.867,1780168750,G4,227,88,ok,1
236,7.867,1780168750,G1,373,118,ok,1
236,7.867,1780168750,G3,16,54,ok,1
236,7.867,1780168750,G18,151,26,ok,1
236,7.867,1780168750,G15,92,-27,ok,0
236,7.867,1780168750,G13,30,35,ok,1
236,7.867,1780168750,G11,174,-11,ok,0
236,7.867,1780168750,G22,117,-1,ok,0
236,7.867,1780168750,G7,157,-15,ok,0
236,7.867,1780168750,G8,44,-54,ok,0
236,7.867,1780168750,G23,473,395,ok,0
236,7.867,1780168750,D4,-13,485,ok,0
236,7.867,1780168750,D2,222,685,ok,1
236,7.867,1780168750,D1,177,674,ok,1
236,7.867,1780168750,D11,247,721,ok,1
236,7.867,1780168750,D7,165,720,ok,1
236,7.867,1780168750,D10,-114,775,ok,0
237,7.900,1780168750,G12,111,167,ok,1
237,7.900,1780168750,G4,227,87,ok,1
237,7.900,1780168750,G1,372,119,ok,1
237,7.900,1780168750,G3,16,53,ok,1
237,7.900,1780168750,G15,92,-27,ok,0
237,7.900,1780168750,G18,151,24,ok,1
237,7.900,1780168750,G13,30,35,ok,1
237,7.900,1780168750,G22,117,-1,ok,0
237,7.900,1780168750,G11,174,-12,ok,0
237,7.900,1780168750,G7,157,-15,ok,0
237,7.900,1780168750,G8,43,-54,ok,0
237,7.900,1780168750,G23,473,396,ok,0
237,7.900,1780168750,D4,-13,485,ok,0
237,7.900,1780168750,D2,222,685,ok,1
237,7.900,1780168750,D1,177,678,ok,1
237,7.900,1780168750,D11,246,722,ok,1
237,7.900,1780168750,D7,164,720,ok,1
237,7.900,1780168750,D10,-114,775,ok,0
238,7.933,1780168750,G12,111,167,ok,1
238,7.933,1780168750,G4,226,86,ok,1
238,7.933,1780168750,G1,372,119,ok,1
238,7.933,1780168750,G3,15,52,ok,1
238,7.933,1780168750,G15,92,-27,ok,0
238,7.933,1780168750,G18,151,22,ok,1
238,7.933,1780168750,G22,117,-1,ok,0
238,7.933,1780168750,G13,30,35,ok,1
238,7.933,1780168750,G11,174,-14,ok,0
238,7.933,1780168750,G8,42,-53,ok,0
238,7.933,1780168750,G7,157,-14,ok,0
238,7.933,1780168750,D4,-14,485,ok,0
238,7.933,1780168750,D2,223,686,ok,1
238,7.933,1780168750,D1,177,680,ok,1
238,7.933,1780168750,D7,163,720,ok,1
238,7.933,1780168750,D11,246,722,ok,1
238,7.933,1780168750,D10,-114,775,ok,0
238,7.933,1780168750,G23,473,396,interpolated,0
239,7.967,1780168750,G12,111,167,ok,1
239,7.967,1780168750,G4,226,84,ok,1
239,7.967,1780168750,G1,372,119,ok,1
239,7.967,1780168750,G3,15,53,ok,1
239,7.967,1780168750,G15,92,-27,ok,0
239,7.967,1780168750,G18,151,16,ok,1
239,7.967,1780168750,G22,117,-1,ok,0
239,7.967,1780168750,G13,29,35,ok,1
239,7.967,1780168750,G11,174,-16,ok,0
239,7.967,1780168750,G8,41,-54,ok,0
239,7.967,1780168750,G7,158,-13,ok,0
239,7.967,1780168750,D4,-14,485,ok,0
239,7.967,1780168750,D1,177,680,ok,1
239,7.967,1780168750,D2,225,687,ok,1
239,7.967,1780168750,D7,163,721,ok,1
239,7.967,1780168750,D11,245,723,ok,1
239,7.967,1780168750,D10,-115,777,ok,0
239,7.967,1780168750,G23,473,396,interpolated,0
240,8.000,1780168751,G12,111,167,ok,1
240,8.000,1780168751,G1,371,119,ok,1
240,8.000,1780168751,G4,225,81,ok,1
240,8.000,1780168751,G3,15,53,ok,1
240,8.000,1780168751,G15,92,-27,ok,0
240,8.000,1780168751,G18,152,14,ok,1
240,8.000,1780168751,G22,117,-1,ok,0
240,8.000,1780168751,G13,30,36,ok,1
240,8.000,1780168751,G11,174,-20,ok,0
240,8.000,1780168751,G8,41,-53,ok,0
240,8.000,1780168751,G7,157,-14,ok,0
240,8.000,1780168751,D4,-14,483,ok,0
240,8.000,1780168751,D1,177,680,ok,1
240,8.000,1780168751,D2,226,687,ok,1
240,8.000,1780168751,D7,163,721,ok,1
240,8.000,1780168751,D11,245,723,ok,1
240,8.000,1780168751,D10,-115,776,ok,0
240,8.000,1780168751,G23,473,396,interpolated,0
241,8.033,1780168751,G12,111,167,ok,1
241,8.033,1780168751,G1,371,119,ok,1
241,8.033,1780168751,G4,225,81,ok,1
241,8.033,1780168751,G3,15,53,ok,1
241,8.033,1780168751,G15,92,-27,ok,0
241,8.033,1780168751,G18,152,14,ok,1
241,8.033,1780168751,G22,117,-1,ok,0
241,8.033,1780168751,G13,30,36,ok,1
241,8.033,1780168751,G11,174,-20,ok,0
241,8.033,1780168751,G8,41,-53,ok,0
241,8.033,1780168751,G7,157,-14,ok,0
241,8.033,1780168751,D4,-14,483,ok,0
241,8.033,1780168751,D1,177,680,ok,1
241,8.033,1780168751,D2,226,687,ok,1
241,8.033,1780168751,D7,163,721,ok,1
241,8.033,1780168751,D11,245,723,ok,1
241,8.033,1780168751,D10,-115,776,ok,0
241,8.033,1780168751,G23,473,396,interpolated,0
242,8.067,1780168751,G12,111,167,ok,1
242,8.067,1780168751,G1,371,119,ok,1
242,8.067,1780168751,G4,225,77,ok,1
242,8.067,1780168751,G3,15,52,ok,1
242,8.067,1780168751,G15,92,-28,ok,0
242,8.067,1780168751,G13,29,36,ok,1
242,8.067,1780168751,G18,152,14,ok,1
242,8.067,1780168751,G22,117,-1,ok,0
242,8.067,1780168751,G11,174,-22,ok,0
242,8.067,1780168751,G8,41,-53,ok,0
242,8.067,1780168751,G7,157,-14,ok,0
242,8.067,1780168751,D4,-14,481,ok,0
242,8.067,1780168751,D1,177,680,ok,1
242,8.067,1780168751,D7,162,721,ok,1
242,8.067,1780168751,D2,228,688,ok,1
242,8.067,1780168751,D11,245,723,ok,1
242,8.067,1780168751,D10,-114,775,ok,0
242,8.067,1780168751,G23,473,396,interpolated,0
243,8.100,1780168751,G12,111,167,ok,1
243,8.100,1780168751,G1,370,121,ok,1
243,8.100,1780168751,G4,225,75,ok,1
243,8.100,1780168751,G3,15,52,ok,1
243,8.100,1780168751,G15,92,-28,ok,0
243,8.100,1780168751,G13,29,36,ok,1
243,8.100,1780168751,G22,117,-1,ok,0
243,8.100,1780168751,G11,174,-23,ok,0
243,8.100,1780168751,G8,40,-53,ok,0
243,8.100,1780168751,G18,153,13,ok,1
243,8.100,1780168751,G7,157,-15,ok,0
243,8.100,1780168751,D4,-14,480,ok,0
243,8.100,1780168751,D1,177,680,ok,1
243,8.100,1780168751,D7,162,721,ok,1
243,8.100,1780168751,D11,245,723,ok,1
243,8.100,1780168751,D2,229,689,ok,1
243,8.100,1780168751,D10,-114,775,ok,0
243,8.100,1780168751,G23,473,396,interpolated,0
244,8.133,1780168751,G12,111,167,ok,1
244,8.133,1780168751,G1,369,123,ok,1
244,8.133,1780168751,G4,225,75,ok,1
244,8.133,1780168751,G3,15,52,ok,1
244,8.133,1780168751,G15,92,-28,ok,0
244,8.133,1780168751,G13,29,36,ok,1
244,8.133,1780168751,G18,154,11,ok,1
244,8.133,1780168751,G22,117,-1,ok,0
244,8.133,1780168751,G11,174,-23,ok,0
244,8.133,1780168751,G8,40,-53,ok,0
244,8.133,1780168751,D4,-13,476,ok,0
244,8.133,1780168751,D1,177,680,ok,1
244,8.133,1780168751,D7,161,722,ok,1
244,8.133,1780168751,D11,245,723,ok,1
244,8.133,1780168751,D2,230,691,ok,1
244,8.133,1780168751,D10,-114,775,ok,0
244,8.133,1780168751,G7,157,-15,interpolated,0
244,8.133,1780168751,G23,473,396,interpolated,0
245,8.167,1780168751,G12,111,167,ok,1
245,8.167,1780168751,G4,225,73,ok,1
245,8.167,1780168751,G1,369,124,ok,1
245,8.167,1780168751,G3,14,51,ok,1
245,8.167,1780168751,G13,29,37,ok,1
245,8.167,1780168751,G18,155,13,ok,1
245,8.167,1780168751,G15,92,-28,ok,0
245,8.167,1780168751,G11,173,-23,ok,0
245,8.167,1780168751,G22,117,-1,ok,0
245,8.167,1780168751,G8,41,-53,ok,0
245,8.167,1780168751,D4,-12,475,ok,0
245,8.167,1780168751,D1,177,680,ok,1
245,8.167,1780168751,D7,161,722,ok,1
245,8.167,1780168751,D2,231,691,ok,1
245,8.167,1780168751,D11,245,723,ok,1
245,8.167,1780168751,D10,-115,776,ok,0
245,8.167,1780168751,G7,157,-15,interpolated,0
245,8.167,1780168751,G23,473,396,interpolated,0
246,8.200,1780168751,G4,225,75,ok,1
246,8.200,1780168751,G12,111,167,ok,1
246,8.200,1780168751,G1,368,127,ok,1
246,8.200,1780168751,G3,14,51,ok,1
246,8.200,1780168751,G13,30,37,ok,1
246,8.200,1780168751,G15,93,-27,ok,0
246,8.200,1780168751,G18,155,13,ok,1
246,8.200,1780168751,G22,117,-1,ok,0
246,8.200,1780168751,G8,40,-53,ok,0
246,8.200,1780168751,G11,173,-25,ok,0
246,8.200,1780168751,D4,-12,473,ok,0
246,8.200,1780168751,D1,177,680,ok,1
246,8.200,1780168751,D2,232,692,ok,1
246,8.200,1780168751,D7,161,721,ok,1
246,8.200,1780168751,D11,245,723,ok,1
246,8.200,1780168751,D10,-114,775,ok,0
246,8.200,1780168751,G7,157,-15,interpolated,0
246,8.200,1780168751,G23,473,396,interpolated,0
247,8.233,1780168751,G4,225,75,ok,1
247,8.233,1780168751,G12,111,167,ok,1
247,8.233,1780168751,G1,368,127,ok,1
247,8.233,1780168751,G3,15,52,ok,1
247,8.233,1780168751,G13,30,37,ok,1
247,8.233,1780168751,G15,93,-27,ok,0
247,8.233,1780168751,G18,155,13,ok,1
247,8.233,1780168751,G22,117,-1,ok,0
247,8.233,1780168751,G8,40,-53,ok,0
247,8.233,1780168751,G11,173,-25,ok,0
247,8.233,1780168751,D4,-12,473,ok,0
247,8.233,1780168751,D1,177,680,ok,1
247,8.233,1780168751,D2,232,692,ok,1
247,8.233,1780168751,D7,161,721,ok,1
247,8.233,1780168751,D11,245,723,ok,1
247,8.233,1780168751,D10,-114,775,ok,0
247,8.233,1780168751,G7,157,-15,interpolated,0
247,8.233,1780168751,G23,473,396,interpolated,0
248,8.267,1780168751,G4,225,74,ok,1
248,8.267,1780168751,G12,111,167,ok,1
248,8.267,1780168751,G1,367,128,ok,1
248,8.267,1780168751,G3,14,51,ok,1
248,8.267,1780168751,G15,93,-27,ok,0
248,8.267,1780168751,G13,30,37,ok,1
248,8.267,1780168751,G18,155,13,ok,1
248,8.267,1780168751,G11,173,-24,ok,0
248,8.267,1780168751,G22,117,-1,ok,0
248,8.267,1780168751,G8,40,-53,ok,0
248,8.267,1780168751,D4,-12,472,ok,0
248,8.267,1780168751,D1,177,680,ok,1
248,8.267,1780168751,D2,233,691,ok,1
248,8.267,1780168751,D7,161,721,ok,1
248,8.267,1780168751,D11,245,723,ok,1
248,8.267,1780168751,D10,-114,775,ok,0
248,8.267,1780168751,G7,157,-15,interpolated,0
249,8.300,1780168751,G4,225,74,ok,1
249,8.300,1780168751,G12,111,167,ok,1
249,8.300,1780168751,G1,367,127,ok,1
249,8.300,1780168751,G3,15,52,ok,1
249,8.300,1780168751,G13,30,37,ok,1
249,8.300,1780168751,G15,92,-28,ok,0
249,8.300,1780168751,G18,158,12,ok,1
249,8.300,1780168751,G22,117,-1,ok,0
249,8.300,1780168751,G11,173,-23,ok,0
249,8.300,1780168751,G8,40,-53,ok,0
249,8.300,1780168751,G7,143,-28,ok,0
249,8.300,1780168751,D4,-11,470,ok,0
249,8.300,1780168751,D1,177,682,ok,1
249,8.300,1780168751,D2,233,690,ok,1
249,8.300,1780168751,D7,161,721,ok,1
249,8.300,1780168751,D11,246,723,ok,1
249,8.300,1780168751,D10,-114,775,ok,0
250,8.333,1780168751,G12,111,167,ok,1
250,8.333,1780168751,G4,225,74,ok,1
250,8.333,1780168751,G1,366,128,ok,1
250,8.333,1780168751,G3,14,51,ok,1
250,8.333,1780168751,G18,158,12,ok,1
250,8.333,1780168751,G13,30,37,ok,1
250,8.333,1780168751,G15,92,-28,ok,0
250,8.333,1780168751,G22,117,-1,ok,0
250,8.333,1780168751,G11,173,-26,ok,0
250,8.333,1780168751,G8,40,-53,ok,0
250,8.333,1780168751,G7,143,-28,ok,0
250,8.333,1780168751,D4,-11,469,ok,0
250,8.333,1780168751,D1,177,683,ok,1
250,8.333,1780168751,D2,234,689,ok,1
250,8.333,1780168751,D7,162,721,ok,1
250,8.333,1780168751,D11,248,724,ok,1
250,8.333,1780168751,D10,-115,777,ok,0
251,8.367,1780168751,G4,225,74,ok,1
251,8.367,1780168751,G12,111,167,ok,1
251,8.367,1780168751,G1,366,128,ok,1
251,8.367,1780168751,G3,14,50,ok,1
251,8.367,1780168751,G18,158,12,ok,1
251,8.367,1780168751,G13,30,37,ok,1
251,8.367,1780168751,G15,92,-28,ok,0
251,8.367,1780168751,G22,117,-1,ok,0
251,8.367,1780168751,G11,173,-23,ok,0
251,8.367,1780168751,G7,143,-28,ok,0
251,8.367,1780168751,G8,40,-53,ok,0
251,8.367,1780168751,D4,-11,470,ok,0
251,8.367,1780168751,D1,177,684,ok,1
251,8.367,1780168751,D7,162,721,ok,1
251,8.367,1780168751,D2,234,688,ok,1
251,8.367,1780168751,D11,248,726,ok,1
251,8.367,1780168751,D10,-114,775,ok,0
252,8.400,1780168751,G4,225,73,ok,1
252,8.400,1780168751,G12,111,167,ok,1
252,8.400,1780168751,G1,366,127,ok,1
252,8.400,1780168751,G18,159,12,ok,1
252,8.400,1780168751,G3,13,47,ok,1
252,8.400,1780168751,G15,92,-28,ok,0
252,8.400,1780168751,G13,30,38,ok,1
252,8.400,1780168751,G22,117,-1,ok,0
252,8.400,1780168751,G11,172,-23,ok,0
252,8.400,1780168751,G7,143,-28,ok,0
252,8.400,1780168751,G8,40,-53,ok,0
252,8.400,1780168751,D4,-11,470,ok,0
252,8.400,1780168751,D2,234,688,ok,1
252,8.400,1780168751,D1,177,687,ok,1
252,8.400,1780168751,D7,163,721,ok,1
252,8.400,1780168751,D11,248,727,ok,1
252,8.400,1780168751,D10,-114,776,ok,0
253,8.433,1780168751,G4,225,73,ok,1
253,8.433,1780168751,G12,111,167,ok,1
253,8.433,1780168751,G1,366,127,ok,1
253,8.433,1780168751,G18,159,12,ok,1
253,8.433,1780168751,G3,13,47,ok,1
253,8.433,1780168751,G15,92,-28,ok,0
253,8.433,1780168751,G13,30,38,ok,1
253,8.433,1780168751,G22,117,-1,ok,0
253,8.433,1780168751,G11,172,-23,ok,0
253,8.433,1780168751,G7,143,-28,ok,0
253,8.433,1780168751,G8,40,-53,ok,0
253,8.433,1780168751,D4,-11,470,ok,0
253,8.433,1780168751,D2,234,688,ok,1
253,8.433,1780168751,D1,177,687,ok,1
253,8.433,1780168751,D7,163,721,ok,1
253,8.433,1780168751,D11,248,727,ok,1
253,8.433,1780168751,D10,-114,776,ok,0
254,8.467,1780168751,G12,111,167,ok,1
254,8.467,1780168751,G4,224,73,ok,1
254,8.467,1780168751,G1,367,126,ok,1
254,8.467,1780168751,G3,13,46,ok,1
254,8.467,1780168751,G18,159,12,ok,1
254,8.467,1780168751,G15,92,-28,ok,0
254,8.467,1780168751,G13,30,38,ok,1
254,8.467,1780168751,G11,172,-23,ok,0
254,8.467,1780168751,G22,117,-1,ok,0
254,8.467,1780168751,G7,143,-29,ok,0
254,8.467,1780168751,G8,40,-53,ok,0
254,8.467,1780168751,D4,-11,470,ok,0
254,8.467,1780168751,D2,234,688,ok,1
254,8.467,1780168751,D1,177,691,ok,1
254,8.467,1780168751,D7,163,722,ok,1
254,8.467,1780168751,D11,249,730,ok,1
254,8.467,1780168751,D10,-114,776,ok,0
255,8.500,1780168751,G12,111,167,ok,1
255,8.500,1780168751,G4,224,71,ok,1
255,8.500,1780168751,G1,367,127,ok,1
255,8.500,1780168751,G3,12,44,ok,1
255,8.500,1780168751,G15,92,-28,ok,0
255,8.500,1780168751,G22,117,-1,ok,0
255,8.500,1780168751,G13,30,38,ok,1
255,8.500,1780168751,G11,173,-23,ok,0
255,8.500,1780168751,G18,159,12,ok,1
255,8.500,1780168751,G7,144,-28,ok,0
255,8.500,1780168751,G8,40,-53,ok,0
255,8.500,1780168751,D4,-11,469,ok,0
255,8.500,1780168751,D2,234,687,ok,1
255,8.500,1780168751,D1,177,695,ok,1
255,8.500,1780168751,D7,163,722,ok,1
255,8.500,1780168751,D10,-114,776,ok,0
255,8.500,1780168751,D11,250,731,ok,1
256,8.533,1780168751,G12,111,167,ok,1
256,8.533,1780168751,G4,224,69,ok,1
256,8.533,1780168751,G1,367,127,ok,1
256,8.533,1780168751,G3,11,42,ok,1
256,8.533,1780168751,G15,92,-27,ok,0
256,8.533,1780168751,G13,30,38,ok,1
256,8.533,1780168751,G22,117,-1,ok,0
256,8.533,1780168751,G11,172,-24,ok,0
256,8.533,1780168751,G7,144,-28,ok,0
256,8.533,1780168751,G18,160,-1,ok,0
256,8.533,1780168751,G8,41,-53,ok,0
256,8.533,1780168751,D4,-11,469,ok,0
256,8.533,1780168751,D2,235,687,ok,1
256,8.533,1780168751,D1,177,697,ok,1
256,8.533,1780168751,D7,163,722,ok,1
256,8.533,1780168751,D10,-114,776,ok,0
256,8.533,1780168751,D11,251,731,ok,1
257,8.567,1780168751,G12,111,167,ok,1
257,8.567,1780168751,G4,223,66,ok,1
257,8.567,1780168751,G1,365,130,ok,1
257,8.567,1780168751,G3,11,40,ok,1
257,8.567,1780168751,G15,92,-28,ok,0
257,8.567,1780168751,G22,117,-1,ok,0
257,8.567,1780168751,G13,29,37,ok,1
257,8.567,1780168751,G11,172,-25,ok,0
257,8.567,1780168751,G7,143,-28,ok,0
257,8.567,1780168751,G18,160,0,ok,1
257,8.567,1780168751,G8,41,-53,ok,0
257,8.567,1780168751,D4,-11,469,ok,0
257,8.567,1780168751,D1,177,698,ok,1
257,8.567,1780168751,D7,163,723,ok,1
257,8.567,1780168751,D2,237,688,ok,1
257,8.567,1780168751,D10,-115,777,ok,0
257,8.567,1780168751,D11,251,731,interpolated,1
258,8.600,1780168751,G12,111,167,ok,1
258,8.600,1780168751,G4,223,62,ok,1
258,8.600,1780168751,G1,365,130,ok,1
258,8.600,1780168751,G3,10,37,ok,1
258,8.600,1780168751,G15,91,-28,ok,0
258,8.600,1780168751,G18,160,2,ok,1
258,8.600,1780168751,G22,117,-1,ok,0
258,8.600,1780168751,G13,29,37,ok,1
258,8.600,1780168751,G11,173,-27,ok,0
258,8.600,1780168751,G7,143,-27,ok,0
258,8.600,1780168751,G8,41,-53,ok,0
258,8.600,1780168751,D4,-11,469,ok,0
258,8.600,1780168751,D1,177,699,ok,1
258,8.600,1780168751,D7,164,724,ok,1
258,8.600,1780168751,D2,239,688,ok,1
258,8.600,1780168751,D10,-114,776,ok,0
258,8.600,1780168751,D11,251,731,interpolated,1
259,8.633,1780168751,G12,111,167,ok,1
259,8.633,1780168751,G4,223,62,ok,1
259,8.633,1780168751,G1,365,130,ok,1
259,8.633,1780168751,G3,10,37,ok,1
259,8.633,1780168751,G15,91,-28,ok,0
259,8.633,1780168751,G18,160,2,ok,1
259,8.633,1780168751,G22,117,-1,ok,0
259,8.633,1780168751,G13,29,37,ok,1
259,8.633,1780168751,G11,172,-27,ok,0
259,8.633,1780168751,G7,143,-28,ok,0
259,8.633,1780168751,G8,41,-53,ok,0
259,8.633,1780168751,D4,-11,469,ok,0
259,8.633,1780168751,D1,177,699,ok,1
259,8.633,1780168751,D7,164,724,ok,1
259,8.633,1780168751,D2,239,688,ok,1
259,8.633,1780168751,D10,-114,776,ok,0
259,8.633,1780168751,D11,251,731,interpolated,1
260,8.667,1780168751,G12,111,167,ok,1
260,8.667,1780168751,G4,222,63,ok,1
260,8.667,1780168751,G1,365,129,ok,1
260,8.667,1780168751,G15,92,-28,ok,0
260,8.667,1780168751,G3,10,37,ok,1
260,8.667,1780168751,G18,161,0,ok,1
260,8.667,1780168751,G22,117,-1,ok,0
260,8.667,1780168751,G13,28,34,ok,1
260,8.667,1780168751,G7,143,-27,ok,0
260,8.667,1780168751,G11,171,-29,ok,0
260,8.667,1780168751,G8,41,-53,ok,0
260,8.667,1780168751,G24,11,-56,ok,0
260,8.667,1780168751,D4,-11,469,ok,0
260,8.667,1780168751,D7,164,724,ok,1
260,8.667,1780168751,D1,177,698,ok,1
260,8.667,1780168751,D2,241,688,ok,1
260,8.667,1780168751,D10,-114,776,ok,0
260,8.667,1780168751,D11,251,731,interpolated,1
261,8.700,1780168751,G12,111,167,ok,1
261,8.700,1780168751,G4,220,59,ok,1
261,8.700,1780168751,G1,364,130,ok,1
261,8.700,1780168751,G15,92,-28,ok,0
261,8.700,1780168751,G3,10,35,ok,1
261,8.700,1780168751,G22,117,-1,ok,0
261,8.700,1780168751,G13,28,32,ok,1
261,8.700,1780168751,G18,162,-1,ok,0
261,8.700,1780168751,G7,143,-27,ok,0
261,8.700,1780168751,G8,41,-53,ok,0
261,8.700,1780168751,G11,171,-30,ok,0
261,8.700,1780168751,D4,-12,469,ok,0
261,8.700,1780168751,D2,241,688,ok,1
261,8.700,1780168751,D7,164,724,ok,1
261,8.700,1780168751,D1,177,698,ok,1
261,8.700,1780168751,D10,-114,776,ok,0
261,8.700,1780168751,D11,251,731,interpolated,1
261,8.700,1780168751,G24,11,-56,interpolated,0
262,8.733,1780168751,G12,111,167,ok,1
262,8.733,1780168751,G4,219,58,ok,1
262,8.733,1780168751,G1,364,129,ok,1
262,8.733,1780168751,G15,92,-28,ok,0
262,8.733,1780168751,G3,10,35,ok,1
262,8.733,1780168751,G18,163,-2,ok,0
262,8.733,1780168751,G22,117,-1,ok,0
262,8.733,1780168751,G13,27,32,ok,1
262,8.733,1780168751,G7,143,-27,ok,0
262,8.733,1780168751,G8,42,-53,ok,0
262,8.733,1780168751,D4,-11,468,ok,0
262,8.733,1780168751,D1,177,698,ok,1
262,8.733,1780168751,D2,241,688,ok,1
262,8.733,1780168751,D7,164,725,ok,1
262,8.733,1780168751,D10,-114,776,ok,0
262,8.733,1780168751,G11,171,-30,interpolated,0
262,8.733,1780168751,D11,251,731,interpolated,1
262,8.733,1780168751,G24,11,-56,interpolated,0
263,8.767,1780168751,G12,111,167,ok,1
263,8.767,1780168751,G4,219,57,ok,1
263,8.767,1780168751,G1,364,130,ok,1
263,8.767,1780168751,G3,10,35,ok,1
263,8.767,1780168751,G22,117,-1,ok,0
263,8.767,1780168751,G15,92,-28,ok,0
263,8.767,1780168751,G13,28,32,ok,1
263,8.767,1780168751,G18,163,-3,ok,0
263,8.767,1780168751,G7,143,-27,ok,0
263,8.767,1780168751,G8,42,-52,ok,0
263,8.767,1780168751,D4,-12,470,ok,0
263,8.767,1780168751,D2,243,689,ok,1
263,8.767,1780168751,D7,163,725,ok,1
263,8.767,1780168751,D1,177,698,ok,1
263,8.767,1780168751,D10,-114,776,ok,0
263,8.767,1780168751,G11,171,-30,interpolated,0
263,8.767,1780168751,D11,251,731,interpolated,1
263,8.767,1780168751,G24,11,-56,interpolated,0
264,8.800,1780168751,G12,111,167,ok,1
264,8.800,1780168751,G4,219,58,ok,1
264,8.800,1780168751,G1,363,130,ok,1
264,8.800,1780168751,G18,165,-2,ok,0
264,8.800,1780168751,G15,92,-28,ok,0
264,8.800,1780168751,G3,10,34,ok,1
264,8.800,1780168751,G22,116,-1,ok,0
264,8.800,1780168751,G13,30,41,ok,1
264,8.800,1780168751,G7,143,-27,ok,0
264,8.800,1780168751,G8,42,-53,ok,0
264,8.800,1780168751,D4,-12,470,ok,0
264,8.800,1780168751,D7,163,726,ok,1
264,8.800,1780168751,D1,177,698,ok,1
264,8.800,1780168751,D2,244,687,ok,1
264,8.800,1780168751,D10,-114,776,ok,0
264,8.800,1780168751,G11,171,-30,interpolated,0
264,8.800,1780168751,D11,251,731,interpolated,1
264,8.800,1780168751,G24,11,-56,interpolated,0
265,8.833,1780168751,G12,111,167,ok,1
265,8.833,1780168751,G4,219,58,ok,1
265,8.833,1780168751,G1,363,130,ok,1
265,8.833,1780168751,G18,165,-2,ok,0
265,8.833,1780168751,G15,92,-28,ok,0
265,8.833,1780168751,G3,10,34,ok,1
265,8.833,1780168751,G22,116,-1,ok,0
265,8.833,1780168751,G13,30,41,ok,1
265,8.833,1780168751,G7,143,-27,ok,0
265,8.833,1780168751,G8,42,-53,ok,0
265,8.833,1780168751,D4,-12,470,ok,0
265,8.833,1780168751,D7,163,726,ok,1
265,8.833,1780168751,D1,177,698,ok,1
265,8.833,1780168751,D2,244,687,ok,1
265,8.833,1780168751,D10,-114,776,ok,0
265,8.833,1780168751,G11,171,-30,interpolated,0
265,8.833,1780168751,D11,251,731,interpolated,1
265,8.833,1780168751,G24,11,-56,interpolated,0
266,8.867,1780168751,G12,111,167,ok,1
266,8.867,1780168751,G4,218,58,ok,1
266,8.867,1780168751,G1,362,130,ok,1
266,8.867,1780168751,G18,167,-3,ok,0
266,8.867,1780168751,G15,92,-28,ok,0
266,8.867,1780168751,G3,10,35,ok,1
266,8.867,1780168751,G22,116,-1,ok,0
266,8.867,1780168751,G13,29,41,ok,1
266,8.867,1780168751,G7,143,-27,ok,0
266,8.867,1780168751,G8,42,-53,ok,0
266,8.867,1780168751,D4,-11,467,ok,0
266,8.867,1780168751,D1,178,698,ok,1
266,8.867,1780168751,D2,246,687,ok,1
266,8.867,1780168751,D7,162,727,ok,1
266,8.867,1780168751,D10,-114,776,ok,0
266,8.867,1780168751,D11,248,729,ok,1
266,8.867,1780168751,G11,171,-30,interpolated,0
266,8.867,1780168751,G24,11,-56,interpolated,0
267,8.900,1780168751,G12,111,167,ok,1
267,8.900,1780168751,G4,217,57,ok,1
267,8.900,1780168751,G1,361,131,ok,1
267,8.900,1780168751,G15,92,-28,ok,0
267,8.900,1780168751,G13,29,42,ok,1
267,8.900,1780168751,G22,116,-1,ok,0
267,8.900,1780168751,G3,11,36,ok,1
267,8.900,1780168751,G18,169,-3,ok,0
267,8.900,1780168751,G7,143,-27,ok,0
267,8.900,1780168751,G11,156,-19,ok,0
267,8.900,1780168751,G8,43,-52,ok,0
267,8.900,1780168751,G24,473,394,ok,0
267,8.900,1780168751,D4,-11,465,ok,0
267,8.900,1780168751,D2,246,686,ok,1
267,8.900,1780168751,D1,177,699,ok,1
267,8.900,1780168751,D7,162,729,ok,1
267,8.900,1780168751,D10,-114,776,ok,0
267,8.900,1780168751,D11,248,729,interpolated,1
268,8.933,1780168751,G12,111,167,ok,1
268,8.933,1780168751,G4,217,58,ok,1
268,8.933,1780168751,G1,360,132,ok,1
268,8.933,1780168751,G15,92,-28,ok,0
268,8.933,1780168751,G13,29,42,ok,1
268,8.933,1780168751,G18,169,-3,ok,0
268,8.933,1780168751,G3,10,36,ok,1
268,8.933,1780168751,G22,116,-1,ok,0
268,8.933,1780168751,G7,143,-27,ok,0
268,8.933,1780168751,G11,156,-20,ok,0
268,8.933,1780168751,G8,43,-52,ok,0
268,8.933,1780168751,D4,-10,463,ok,0
268,8.933,1780168751,D2,248,685,ok,1
268,8.933,1780168751,D1,177,700,ok,1
268,8.933,1780168751,D7,162,730,ok,1
268,8.933,1780168751,D10,-114,776,ok,0
268,8.933,1780168751,D11,248,729,interpolated,1
268,8.933,1780168751,G24,473,394,interpolated,0
269,8.967,1780168751,G12,111,167,ok,1
269,8.967,1780168751,G4,217,57,ok,1
269,8.967,1780168751,G1,359,132,ok,1
269,8.967,1780168751,G15,92,-28,ok,0
269,8.967,1780168751,G13,28,42,ok,1
269,8.967,1780168751,G18,170,-3,ok,0
269,8.967,1780168751,G22,116,-1,ok,0
269,8.967,1780168751,G7,144,-27,ok,0
269,8.967,1780168751,G3,10,36,ok,1
269,8.967,1780168751,G11,156,-20,ok,0
269,8.967,1780168751,G8,43,-53,ok,0
269,8.967,1780168751,G24,473,395,ok,0
269,8.967,1780168751,D4,-10,462,ok,0
269,8.967,1780168751,D2,249,685,ok,1
269,8.967,1780168751,D1,177,701,ok,1
269,8.967,1780168751,D7,162,731,ok,1
269,8.967,1780168751,D11,247,730,ok,1
269,8.967,1780168751,D10,-114,776,ok,0
270,9.000,1780168752,G12,111,167,ok,1
270,9.000,1780168752,G4,216,56,ok,1
270,9.000,1780168752,G1,358,133,ok,1
270,9.000,1780168752,G13,28,42,ok,1
270,9.000,1780168752,G15,92,-28,ok,0
270,9.000,1780168752,G22,116,-1,ok,0
270,9.000,1780168752,G18,171,-3,ok,0
270,9.000,1780168752,G7,143,-28,ok,0
270,9.000,1780168752,G3,11,36,ok,1
270,9.000,1780168752,G11,156,-19,ok,0
270,9.000,1780168752,G8,43,-52,ok,0
270,9.000,1780168752,D4,-9,461,ok,0
270,9.000,1780168752,D2,249,683,ok,1
270,9.000,1780168752,D1,177,701,ok,1
270,9.000,1780168752,D7,163,731,ok,1
270,9.000,1780168752,D10,-113,776,ok,0
270,9.000,1780168752,D11,247,730,interpolated,1
270,9.000,1780168752,G24,473,395,interpolated,0
271,9.033,1780168752,G12,111,167,ok,1
271,9.033,1780168752,G4,216,56,ok,1
271,9.033,1780168752,G1,358,133,ok,1
271,9.033,1780168752,G13,28,42,ok,1
271,9.033,1780168752,G15,92,-28,ok,0
271,9.033,1780168752,G22,116,-1,ok,0
271,9.033,1780168752,G7,143,-28,ok,0
271,9.033,1780168752,G18,171,-3,ok,0
271,9.033,1780168752,G3,10,35,ok,1
271,9.033,1780168752,G11,156,-19,ok,0
271,9.033,1780168752,G8,43,-52,ok,0
271,9.033,1780168752,D4,-9,461,ok,0
271,9.033,1780168752,D1,177,701,ok,1
271,9.033,1780168752,D2,249,683,ok,1
271,9.033,1780168752,D7,163,731,ok,1
271,9.033,1780168752,D10,-113,776,ok,0
271,9.033,1780168752,D11,247,730,interpolated,1
271,9.033,1780168752,G24,473,395,interpolated,0
272,9.067,1780168752,G12,111,167,ok,1
272,9.067,1780168752,G4,216,55,ok,1
272,9.067,1780168752,G1,357,133,ok,1
272,9.067,1780168752,G13,28,42,ok,1
272,9.067,1780168752,G7,144,-28,ok,0
272,9.067,1780168752,G15,92,-28,ok,0
272,9.067,1780168752,G18,171,-4,ok,0
272,9.067,1780168752,G22,116,-1,ok,0
272,9.067,1780168752,G11,157,-20,ok,0
272,9.067,1780168752,G8,43,-53,ok,0
272,9.067,1780168752,G3,10,35,ok,1
272,9.067,1780168752,D4,-10,460,ok,0
272,9.067,1780168752,D2,250,683,ok,1
272,9.067,1780168752,D1,177,703,ok,1
272,9.067,1780168752,D7,163,732,ok,1
272,9.067,1780168752,D11,248,729,ok,1
272,9.067,1780168752,D10,-114,776,ok,0
272,9.067,1780168752,G24,473,395,interpolated,0
273,9.100,1780168752,G12,111,167,ok,1
273,9.100,1780168752,G4,215,54,ok,1
273,9.100,1780168752,G1,358,133,ok,1
273,9.100,1780168752,G13,27,43,ok,1
273,9.100,1780168752,G18,171,-4,ok,0
273,9.100,1780168752,G7,144,-28,ok,0
273,9.100,1780168752,G15,92,-28,ok,0
273,9.100,1780168752,G11,157,-19,ok,0
273,9.100,1780168752,G22,116,-1,ok,0
273,9.100,1780168752,G8,43,-53,ok,0
273,9.100,1780168752,D4,-9,459,ok,0
273,9.100,1780168752,D2,250,684,ok,1
273,9.100,1780168752,D1,177,706,ok,1
273,9.100,1780168752,D11,248,728,ok,1
273,9.100,1780168752,D7,164,731,ok,1
273,9.100,1780168752,D10,-114,776,ok,0
273,9.100,1780168752,G3,10,35,interpolated,1
273,9.100,1780168752,G24,473,395,interpolated,0
274,9.133,1780168752,G12,111,167,ok,1
274,9.133,1780168752,G4,215,53,ok,1
274,9.133,1780168752,G1,357,134,ok,1
274,9.133,1780168752,G15,92,-28,ok,0
274,9.133,1780168752,G13,26,43,ok,1
274,9.133,1780168752,G22,116,-1,ok,0
274,9.133,1780168752,G7,144,-28,ok,0
274,9.133,1780168752,G11,156,-17,ok,0
274,9.133,1780168752,G18,172,-9,ok,0
274,9.133,1780168752,G8,43,-53,ok,0
274,9.133,1780168752,D4,-9,458,ok,0
274,9.133,1780168752,D2,251,683,ok,1
274,9.133,1780168752,D1,177,708,ok,1
274,9.133,1780168752,D7,164,733,ok,1
274,9.133,1780168752,D11,248,726,ok,1
274,9.133,1780168752,D10,-114,775,ok,0
274,9.133,1780168752,G3,10,35,interpolated,1
274,9.133,1780168752,G24,473,395,interpolated,0
275,9.167,1780168752,G12,111,167,ok,1
275,9.167,1780168752,G4,215,50,ok,1
275,9.167,1780168752,G1,357,134,ok,1
275,9.167,1780168752,G15,92,-28,ok,0
275,9.167,1780168752,G18,172,-10,ok,0
275,9.167,1780168752,G11,156,-19,ok,0
275,9.167,1780168752,G22,116,-1,ok,0
275,9.167,1780168752,G13,23,42,ok,1
275,9.167,1780168752,G7,144,-28,ok,0
275,9.167,1780168752,G8,43,-53,ok,0
275,9.167,1780168752,D4,-9,457,ok,0
275,9.167,1780168752,D2,252,683,ok,1
275,9.167,1780168752,D1,177,711,ok,1
275,9.167,1780168752,D11,250,726,ok,1
275,9.167,1780168752,D7,165,733,ok,1
275,9.167,1780168752,D10,-114,775,ok,0
275,9.167,1780168752,G3,10,35,interpolated,1
275,9.167,1780168752,G24,473,395,interpolated,0
276,9.200,1780168752,G12,111,167,ok,1
276,9.200,1780168752,G4,215,45,ok,1
276,9.200,1780168752,G1,357,134,ok,1
276,9.200,1780168752,G15,92,-28,ok,0
276,9.200,1780168752,G18,173,-11,ok,0
276,9.200,1780168752,G13,22,43,ok,1
276,9.200,1780168752,G11,156,-19,ok,0
276,9.200,1780168752,G22,115,-2,ok,0
276,9.200,1780168752,G7,143,-29,ok,0
276,9.200,1780168752,G8,43,-53,ok,0
276,9.200,1780168752,D4,-10,456,ok,0
276,9.200,1780168752,D2,254,683,ok,1
276,9.200,1780168752,D1,177,714,ok,1
276,9.200,1780168752,D11,250,726,ok,1
276,9.200,1780168752,D7,165,732,ok,1
276,9.200,1780168752,D10,-114,775,ok,0
276,9.200,1780168752,G3,10,35,interpolated,1
276,9.200,1780168752,G24,473,395,interpolated,0
277,9.233,1780168752,G12,111,167,ok,1
277,9.233,1780168752,G4,215,45,ok,1
277,9.233,1780168752,G1,357,134,ok,1
277,9.233,1780168752,G15,92,-28,ok,0
277,9.233,1780168752,G18,173,-11,ok,0
277,9.233,1780168752,G13,22,43,ok,1
277,9.233,1780168752,G11,156,-19,ok,0
277,9.233,1780168752,G22,115,-2,ok,0
277,9.233,1780168752,G7,143,-29,ok,0
277,9.233,1780168752,G8,43,-53,ok,0
277,9.233,1780168752,D4,-10,456,ok,0
277,9.233,1780168752,D2,254,683,ok,1
277,9.233,1780168752,D1,177,714,ok,1
277,9.233,1780168752,D11,250,726,ok,1
277,9.233,1780168752,D7,165,732,ok,1
277,9.233,1780168752,D10,-114,775,ok,0
277,9.233,1780168752,G3,10,35,interpolated,1
277,9.233,1780168752,G24,473,395,interpolated,0
278,9.267,1780168752,G12,111,167,ok,1
278,9.267,1780168752,G4,215,44,ok,1
278,9.267,1780168752,G1,356,134,ok,1
278,9.267,1780168752,G18,174,-12,ok,0
278,9.267,1780168752,G15,92,-28,ok,0
278,9.267,1780168752,G13,22,42,ok,1
278,9.267,1780168752,G11,156,-15,ok,0
278,9.267,1780168752,G22,116,-1,ok,0
278,9.267,1780168752,G7,143,-29,ok,0
278,9.267,1780168752,G8,43,-53,ok,0
278,9.267,1780168752,D4,-10,456,ok,0
278,9.267,1780168752,D2,256,682,ok,1
278,9.267,1780168752,D1,177,715,ok,1
278,9.267,1780168752,D11,250,726,ok,1
278,9.267,1780168752,D7,165,731,ok,1
278,9.267,1780168752,D10,-114,775,ok,0
278,9.267,1780168752,G3,10,35,interpolated,1
278,9.267,1780168752,G24,473,395,interpolated,0
279,9.300,1780168752,G12,111,167,ok,1
279,9.300,1780168752,G4,215,44,ok,1
279,9.300,1780168752,G1,356,133,ok,1
279,9.300,1780168752,G18,174,-12,ok,0
279,9.300,1780168752,G13,22,44,ok,1
279,9.300,1780168752,G15,92,-28,ok,0
279,9.300,1780168752,G11,156,-14,ok,0
279,9.300,1780168752,G22,116,-1,ok,0
279,9.300,1780168752,G7,143,-27,ok,0
279,9.300,1780168752,D4,-11,456,ok,0
279,9.300,1780168752,D1,177,715,ok,1
279,9.300,1780168752,D2,259,680,ok,1
279,9.300,1780168752,D11,250,726,ok,1
279,9.300,1780168752,D7,165,732,ok,1
279,9.300,1780168752,D10,-114,775,ok,0
279,9.300,1780168752,G3,10,35,interpolated,1
279,9.300,1780168752,G8,43,-53,interpolated,0
279,9.300,1780168752,G24,473,395,interpolated,0
280,9.333,1780168752,G12,111,167,ok,1
280,9.333,1780168752,G4,215,43,ok,1
280,9.333,1780168752,G1,356,133,ok,1
280,9.333,1780168752,G13,22,48,ok,1
280,9.333,1780168752,G15,92,-28,ok,0
280,9.333,1780168752,G18,174,-12,ok,0
280,9.333,1780168752,G22,117,-1,ok,0
280,9.333,1780168752,G11,157,-14,ok,0
280,9.333,1780168752,G7,144,-28,ok,0
280,9.333,1780168752,D4,-11,456,ok,0
280,9.333,1780168752,D1,178,716,ok,1
280,9.333,1780168752,D2,260,680,ok,1
280,9.333,1780168752,D11,250,726,ok,1
280,9.333,1780168752,D7,165,732,ok,1
280,9.333,1780168752,D10,-114,775,ok,0
280,9.333,1780168752,G3,10,35,interpolated,1
280,9.333,1780168752,G8,43,-53,interpolated,0
281,9.367,1780168752,G12,111,167,ok,1
281,9.367,1780168752,G4,215,44,ok,1
281,9.367,1780168752,G1,356,134,ok,1
281,9.367,1780168752,G15,92,-28,ok,0
281,9.367,1780168752,G13,23,50,ok,1
281,9.367,1780168752,G22,117,-1,ok,0
281,9.367,1780168752,G11,157,-14,ok,0
281,9.367,1780168752,G18,174,-13,ok,0
281,9.367,1780168752,G7,143,-28,ok,0
281,9.367,1780168752,D4,-12,456,ok,0
281,9.367,1780168752,D1,177,716,ok,1
281,9.367,1780168752,D2,261,681,ok,1
281,9.367,1780168752,D11,250,727,ok,1
281,9.367,1780168752,D7,165,732,ok,1
281,9.367,1780168752,D10,-114,775,ok,0
281,9.367,1780168752,G3,10,35,interpolated,1
281,9.367,1780168752,G8,43,-53,interpolated,0
282,9.400,1780168752,G12,111,167,ok,1
282,9.400,1780168752,G4,215,44,ok,1
282,9.400,1780168752,G1,355,134,ok,1
282,9.400,1780168752,G15,92,-28,ok,0
282,9.400,1780168752,G13,22,49,ok,1
282,9.400,1780168752,G22,118,-1,ok,0
282,9.400,1780168752,G11,157,-14,ok,0
282,9.400,1780168752,G18,175,-12,ok,0
282,9.400,1780168752,G7,143,-28,ok,0
282,9.400,1780168752,D4,-13,456,ok,0
282,9.400,1780168752,D1,177,716,ok,1
282,9.400,1780168752,D2,262,681,ok,1
282,9.400,1780168752,D11,250,726,ok,1
282,9.400,1780168752,D7,166,733,ok,1
282,9.400,1780168752,D10,-114,776,ok,0
282,9.400,1780168752,G3,10,35,interpolated,1
282,9.400,1780168752,G8,43,-53,interpolated,0
283,9.433,1780168752,G12,111,167,ok,1
283,9.433,1780168752,G4,215,44,ok,1
283,9.433,1780168752,G1,355,134,ok,1
283,9.433,1780168752,G15,92,-28,ok,0
283,9.433,1780168752,G13,22,49,ok,1
283,9.433,1780168752,G22,118,-1,ok,0
283,9.433,1780168752,G11,157,-14,ok,0
283,9.433,1780168752,G18,175,-12,ok,0
283,9.433,1780168752,G7,143,-28,ok,0
283,9.433,1780168752,D4,-13,456,ok,0
283,9.433,1780168752,D1,177,716,ok,1
283,9.433,1780168752,D2,262,681,ok,1
283,9.433,1780168752,D11,250,726,ok,1
283,9.433,1780168752,D7,166,733,ok,1
283,9.433,1780168752,D10,-114,775,ok,0
283,9.433,1780168752,G8,43,-53,interpolated,0
284,9.467,1780168752,G12,111,167,ok,1
284,9.467,1780168752,G4,215,44,ok,1
284,9.467,1780168752,G1,355,134,ok,1
284,9.467,1780168752,G15,92,-27,ok,0
284,9.467,1780168752,G13,24,56,ok,1
284,9.467,1780168752,G11,158,-14,ok,0
284,9.467,1780168752,G22,118,-1,ok,0
284,9.467,1780168752,G18,175,-12,ok,0
284,9.467,1780168752,G7,143,-28,ok,0
284,9.467,1780168752,D4,-13,456,ok,0
284,9.467,1780168752,D2,263,681,ok,1
284,9.467,1780168752,D1,177,716,ok,1
284,9.467,1780168752,D11,250,726,ok,1
284,9.467,1780168752,D7,166,733,ok,1
284,9.467,1780168752,D10,-113,776,ok,0
284,9.467,1780168752,G8,43,-53,interpolated,0
285,9.500,1780168752,G12,111,167,ok,1
285,9.500,1780168752,G4,215,44,ok,1
285,9.500,1780168752,G1,355,134,ok,1
285,9.500,1780168752,G13,24,59,ok,1
285,9.500,1780168752,G15,92,-27,ok,0
285,9.500,1780168752,G11,158,-14,ok,0
285,9.500,1780168752,G18,176,-12,ok,0
285,9.500,1780168752,G22,118,-1,ok,0
285,9.500,1780168752,G7,143,-28,ok,0
285,9.500,1780168752,D4,-14,456,ok,0
285,9.500,1780168752,D1,177,716,ok,1
285,9.500,1780168752,D2,263,681,ok,1
285,9.500,1780168752,D11,250,726,ok,1
285,9.500,1780168752,D7,166,734,ok,1
285,9.500,1780168752,D10,-114,776,ok,0
285,9.500,1780168752,G8,43,-53,interpolated,0
286,9.533,1780168752,G12,111,167,ok,1
286,9.533,1780168752,G4,215,43,ok,1
286,9.533,1780168752,G1,355,135,ok,1
286,9.533,1780168752,G15,92,-28,ok,0
286,9.533,1780168752,G11,158,-14,ok,0
286,9.533,1780168752,G13,25,62,ok,1
286,9.533,1780168752,G18,176,-13,ok,0
286,9.533,1780168752,G22,119,-1,ok,0
286,9.533,1780168752,D4,-15,456,ok,0
286,9.533,1780168752,D2,264,679,ok,1
286,9.533,1780168752,D1,177,716,ok,1
286,9.533,1780168752,D11,250,726,ok,1
286,9.533,1780168752,D7,165,735,ok,1
286,9.533,1780168752,D10,-114,776,ok,0
286,9.533,1780168752,G7,143,-28,interpolated,0
286,9.533,1780168752,G8,43,-53,interpolated,0
287,9.567,1780168752,G12,111,167,ok,1
287,9.567,1780168752,G4,214,42,ok,1
287,9.567,1780168752,G1,355,137,ok,1
287,9.567,1780168752,G15,92,-27,ok,0
287,9.567,1780168752,G13,26,62,ok,1
287,9.567,1780168752,G11,158,-14,ok,0
287,9.567,1780168752,G18,176,-14,ok,0
287,9.567,1780168752,G22,119,-1,ok,0
287,9.567,1780168752,D4,-16,455,ok,0
287,9.567,1780168752,D2,264,678,ok,1
287,9.567,1780168752,D1,178,716,ok,1
287,9.567,1780168752,D11,250,726,ok,1
287,9.567,1780168752,D7,166,735,ok,1
287,9.567,1780168752,D10,-114,776,ok,0
287,9.567,1780168752,G7,143,-28,interpolated,0
287,9.567,1780168752,G8,43,-53,interpolated,0
288,9.600,1780168752,G12,111,167,ok,1
288,9.600,1780168752,G4,214,42,ok,1
288,9.600,1780168752,G1,354,139,ok,1
288,9.600,1780168752,G15,92,-28,ok,0
288,9.600,1780168752,G11,158,-14,ok,0
288,9.600,1780168752,G13,26,64,ok,1
288,9.600,1780168752,G18,176,-15,ok,0
288,9.600,1780168752,G7,143,-28,ok,0
288,9.600,1780168752,D4,-17,455,ok,0
288,9.600,1780168752,D2,265,677,ok,1
288,9.600,1780168752,D1,177,716,ok,1
288,9.600,1780168752,D11,251,727,ok,1
288,9.600,1780168752,D7,165,738,ok,0
288,9.600,1780168752,D10,-115,777,ok,0
288,9.600,1780168752,G22,119,-1,interpolated,0
288,9.600,1780168752,G8,43,-53,interpolated,0
289,9.633,1780168752,G12,111,167,ok,1
289,9.633,1780168752,G4,214,42,ok,1
289,9.633,1780168752,G1,354,139,ok,1
289,9.633,1780168752,G15,92,-28,ok,0
289,9.633,1780168752,G11,158,-14,ok,0
289,9.633,1780168752,G13,26,64,ok,1
289,9.633,1780168752,G7,143,-28,ok,0
289,9.633,1780168752,G18,176,-15,ok,0
289,9.633,1780168752,D4,-17,455,ok,0
289,9.633,1780168752,D2,265,677,ok,1
289,9.633,1780168752,D1,177,716,ok,1
289,9.633,1780168752,D11,251,727,ok,1
289,9.633,1780168752,D7,165,738,ok,0
289,9.633,1780168752,D10,-115,777,ok,0
289,9.633,1780168752,G22,119,-1,interpolated,0
290,9.667,1780168752,G12,111,167,ok,1
290,9.667,1780168752,G1,353,142,ok,1
290,9.667,1780168752,G4,214,40,ok,1
290,9.667,1780168752,G15,93,-28,ok,0
290,9.667,1780168752,G11,158,-14,ok,0
290,9.667,1780168752,G13,26,66,ok,1
290,9.667,1780168752,G18,176,-17,ok,0
290,9.667,1780168752,G7,143,-28,ok,0
290,9.667,1780168752,D4,-17,452,ok,0
290,9.667,1780168752,D1,178,716,ok,1
290,9.667,1780168752,D2,265,677,ok,1
290,9.667,1780168752,D11,251,727,ok,1
290,9.667,1780168752,D7,165,740,ok,0
290,9.667,1780168752,D10,-115,777,ok,0
290,9.667,1780168752,G22,119,-1,interpolated,0
291,9.700,1780168752,G12,111,167,ok,1
291,9.700,1780168752,G1,353,142,ok,1
291,9.700,1780168752,G4,213,39,ok,1
291,9.700,1780168752,G15,92,-28,ok,0
291,9.700,1780168752,G11,158,-14,ok,0
291,9.700,1780168752,G18,175,-18,ok,0
291,9.700,1780168752,G13,26,69,ok,1
291,9.700,1780168752,G7,143,-28,ok,0
291,9.700,1780168752,G8,11,5,ok,1
291,9.700,1780168752,D4,-16,448,ok,0
291,9.700,1780168752,D1,178,717,ok,1
291,9.700,1780168752,D2,266,677,ok,1
291,9.700,1780168752,D11,251,727,ok,1
291,9.700,1780168752,D7,165,742,ok,0
291,9.700,1780168752,D10,-115,777,ok,0
291,9.700,1780168752,G22,119,-1,interpolated,0
292,9.733,1780168752,G12,111,167,ok,1
292,9.733,1780168752,G1,352,142,ok,1
292,9.733,1780168752,G4,213,38,ok,1
292,9.733,1780168752,G15,93,-28,ok,0
292,9.733,1780168752,G11,158,-14,ok,0
292,9.733,1780168752,G18,176,-20,ok,0
292,9.733,1780168752,G8,12,7,ok,1
292,9.733,1780168752,G7,143,-28,ok,0
292,9.733,1780168752,D4,-16,446,ok,0
292,9.733,1780168752,D1,179,718,ok,1
292,9.733,1780168752,D2,267,677,ok,1
292,9.733,1780168752,D11,251,727,ok,1
292,9.733,1780168752,D7,166,745,ok,0
292,9.733,1780168752,D10,-114,776,ok,0
292,9.733,1780168752,G13,26,69,interpolated,1
292,9.733,1780168752,G22,119,-1,interpolated,0
293,9.767,1780168752,G12,111,167,ok,1
293,9.767,1780168752,G1,352,142,ok,1
293,9.767,1780168752,G4,213,36,ok,1
293,9.767,1780168752,G15,92,-28,ok,0
293,9.767,1780168752,G11,158,-14,ok,0
293,9.767,1780168752,G8,15,10,ok,1
293,9.767,1780168752,G18,175,-20,ok,0
293,9.767,1780168752,G7,143,-28,ok,0
293,9.767,1780168752,D4,-16,445,ok,0
293,9.767,1780168752,D1,179,720,ok,1
293,9.767,1780168752,D11,250,726,ok,1
293,9.767,1780168752,D2,269,677,ok,1
293,9.767,1780168752,D7,166,746,ok,0
293,9.767,1780168752,D10,-113,776,ok,0
293,9.767,1780168752,G13,26,69,interpolated,1
293,9.767,1780168752,G22,119,-1,interpolated,0
294,9.800,1780168752,G12,111,167,ok,1
294,9.800,1780168752,G1,352,142,ok,1
294,9.800,1780168752,G4,212,33,ok,1
294,9.800,1780168752,G15,92,-28,ok,0
294,9.800,1780168752,G11,158,-14,ok,0
294,9.800,1780168752,G18,176,-22,ok,0
294,9.800,1780168752,G8,16,13,ok,1
294,9.800,1780168752,G7,143,-28,ok,0
294,9.800,1780168752,G13,21,70,ok,1
294,9.800,1780168752,G22,187,-47,ok,0
294,9.800,1780168752,D4,-15,443,ok,0
294,9.800,1780168752,D1,179,722,ok,1
294,9.800,1780168752,D11,250,726,ok,1
294,9.800,1780168752,D2,271,678,ok,1
294,9.800,1780168752,D7,166,746,ok,0
294,9.800,1780168752,D10,-113,776,ok,0
295,9.833,1780168752,G12,111,167,ok,1
295,9.833,1780168752,G1,352,142,ok,1
295,9.833,1780168752,G4,212,33,ok,1
295,9.833,1780168752,G15,92,-28,ok,0
295,9.833,1780168752,G18,176,-23,ok,0
295,9.833,1780168752,G11,158,-14,ok,0
295,9.833,1780168752,G8,16,13,ok,1
295,9.833,1780168752,G7,143,-28,ok,0
295,9.833,1780168752,G13,21,70,ok,1
295,9.833,1780168752,G22,187,-47,ok,0
295,9.833,1780168752,D4,-15,443,ok,0
295,9.833,1780168752,D1,179,722,ok,1
295,9.833,1780168752,D11,250,726,ok,1
295,9.833,1780168752,D2,271,678,ok,1
295,9.833,1780168752,D7,166,746,ok,0
295,9.833,1780168752,D10,-114,776,ok,0
296,9.867,1780168752,G12,111,167,ok,1
296,9.867,1780168752,G1,352,142,ok,1
296,9.867,1780168752,G4,211,29,ok,1
296,9.867,1780168752,G15,92,-28,ok,0
296,9.867,1780168752,G18,176,-22,ok,0
296,9.867,1780168752,G11,157,-14,ok,0
296,9.867,1780168752,G8,17,13,ok,1
296,9.867,1780168752,G13,19,69,ok,1
296,9.867,1780168752,G7,143,-28,ok,0
296,9.867,1780168752,G22,120,0,ok,1
296,9.867,1780168752,D4,-15,442,ok,0
296,9.867,1780168752,D1,180,724,ok,1
296,9.867,1780168752,D11,249,726,ok,1
296,9.867,1780168752,D2,274,679,ok,1
296,9.867,1780168752,D7,165,747,ok,0
296,9.867,1780168752,D10,-114,776,ok,0
297,9.900,1780168752,G12,111,167,ok,1
297,9.900,1780168752,G1,352,142,ok,1
297,9.900,1780168752,G4,211,28,ok,1
297,9.900,1780168752,G15,92,-28,ok,0
297,9.900,1780168752,G18,175,-22,ok,0
297,9.900,1780168752,G11,157,-14,ok,0
297,9.900,1780168752,G7,143,-28,ok,0
297,9.900,1780168752,G8,17,12,ok,1
297,9.900,1780168752,G22,120,-1,ok,0
297,9.900,1780168752,D4,-14,442,ok,0
297,9.900,1780168752,D1,179,726,ok,1
297,9.900,1780168752,D11,247,726,ok,1
297,9.900,1780168752,D7,165,746,ok,0
297,9.900,1780168752,D2,276,678,ok,1
297,9.900,1780168752,D10,-114,776,ok,0
297,9.900,1780168752,G13,19,69,interpolated,1
298,9.933,1780168752,G12,111,167,ok,1
298,9.933,1780168752,G1,352,141,ok,1
298,9.933,1780168752,G4,210,27,ok,1
298,9.933,1780168752,G15,92,-28,ok,0
298,9.933,1780168752,G18,175,-22,ok,0
298,9.933,1780168752,G11,157,-14,ok,0
298,9.933,1780168752,G22,120,-1,ok,0
298,9.933,1780168752,G7,143,-28,ok,0
298,9.933,1780168752,G13,17,71,ok,1
298,9.933,1780168752,G8,17,10,ok,1
298,9.933,1780168752,D4,-14,441,ok,0
298,9.933,1780168752,D1,179,729,ok,1
298,9.933,1780168752,D2,276,677,ok,1
298,9.933,1780168752,D11,247,725,ok,1
298,9.933,1780168752,D7,165,746,ok,0
298,9.933,1780168752,D10,-113,775,ok,0
299,9.967,1780168752,G12,111,167,ok,1
299,9.967,1780168752,G1,352,141,ok,1
299,9.967,1780168752,G4,210,28,ok,1
299,9.967,1780168752,G15,92,-28,ok,0
299,9.967,1780168752,G18,175,-22,ok,0
299,9.967,1780168752,G11,157,-14,ok,0
299,9.967,1780168752,G13,16,71,ok,1
299,9.967,1780168752,G22,120,0,ok,1
299,9.967,1780168752,G7,143,-28,ok,0
299,9.967,1780168752,G8,17,10,ok,1
299,9.967,1780168752,D4,-14,440,ok,0
299,9.967,1780168752,D2,277,678,ok,1
299,9.967,1780168752,D1,179,730,ok,1
299,9.967,1780168752,D11,246,725,ok,1
299,9.967,1780168752,D7,165,746,ok,0
299,9.967,1780168752,D10,-113,775,ok,0
300,10.000,1780168753,G12,111,167,ok,1
300,10.000,1780168753,G1,352,142,ok,1
300,10.000,1780168753,G4,210,28,ok,1
300,10.000,1780168753,G15,92,-28,ok,0
300,10.000,1780168753,G18,175,-22,ok,0
300,10.000,1780168753,G11,157,-14,ok,0
300,10.000,1780168753,G13,14,69,ok,1
300,10.000,1780168753,G7,143,-28,ok,0
300,10.000,1780168753,G8,16,7,ok,1
300,10.000,1780168753,G25,473,395,ok,0
300,10.000,1780168753,D4,-14,440,ok,0
300,10.000,1780168753,D2,279,678,ok,1
300,10.000,1780168753,D1,180,730,ok,1
300,10.000,1780168753,D11,245,725,ok,1
300,10.000,1780168753,D7,165,746,ok,0
300,10.000,1780168753,D10,-112,775,ok,0
300,10.000,1780168753,G22,120,0,interpolated,1
301,10.033,1780168753,G12,111,167,ok,1
301,10.033,1780168753,G1,352,142,ok,1
301,10.033,1780168753,G4,210,28,ok,1
301,10.033,1780168753,G18,175,-22,ok,0
301,10.033,1780168753,G15,92,-28,ok,0
301,10.033,1780168753,G11,157,-14,ok,0
301,10.033,1780168753,G13,14,69,ok,1
301,10.033,1780168753,G7,143,-28,ok,0
301,10.033,1780168753,G8,16,7,ok,1
301,10.033,1780168753,D4,-14,440,ok,0
301,10.033,1780168753,D2,279,678,ok,1
301,10.033,1780168753,D1,180,730,ok,1
301,10.033,1780168753,D11,245,725,ok,1
301,10.033,1780168753,D7,165,746,ok,0
301,10.033,1780168753,D10,-112,775,ok,0
301,10.033,1780168753,G22,120,0,interpolated,1
301,10.033,1780168753,G25,473,395,interpolated,0
302,10.067,1780168753,G12,111,167,ok,1
302,10.067,1780168753,G1,352,142,ok,1
302,10.067,1780168753,G4,209,28,ok,1
302,10.067,1780168753,G15,92,-28,ok,0
302,10.067,1780168753,G18,175,-22,ok,0
302,10.067,1780168753,G13,16,79,ok,1
302,10.067,1780168753,G11,157,-14,ok,0
302,10.067,1780168753,G7,143,-27,ok,0
302,10.067,1780168753,D4,-14,439,ok,0
302,10.067,1780168753,D2,280,678,ok,1
302,10.067,1780168753,D1,180,730,ok,1
302,10.067,1780168753,D11,245,725,ok,1
302,10.067,1780168753,D7,165,747,ok,0
302,10.067,1780168753,D10,-112,775,ok,0
302,10.067,1780168753,G22,120,0,interpolated,1
302,10.067,1780168753,G8,16,7,interpolated,1
302,10.067,1780168753,G25,473,395,interpolated,0
303,10.100,1780168753,G12,111,167,ok,1
303,10.100,1780168753,G1,352,142,ok,1
303,10.100,1780168753,G4,209,27,ok,1
303,10.100,1780168753,G13,19,91,ok,1
303,10.100,1780168753,G15,92,-28,ok,0
303,10.100,1780168753,G18,175,-22,ok,0
303,10.100,1780168753,G11,157,-14,ok,0
303,10.100,1780168753,G8,16,4,ok,1
303,10.100,1780168753,G7,143,-27,ok,0
303,10.100,1780168753,D4,-15,439,ok,0
303,10.100,1780168753,D2,281,678,ok,1
303,10.100,1780168753,D1,180,730,ok,1
303,10.100,1780168753,D11,244,725,ok,1
303,10.100,1780168753,D7,165,746,ok,0
303,10.100,1780168753,D10,-112,775,ok,0
303,10.100,1780168753,G22,120,0,interpolated,1
303,10.100,1780168753,G25,473,395,interpolated,0
304,10.133,1780168753,G12,111,167,ok,1
304,10.133,1780168753,G1,352,142,ok,1
304,10.133,1780168753,G4,208,26,ok,1
304,10.133,1780168753,G13,18,94,ok,1
304,10.133,1780168753,G15,92,-28,ok,0
304,10.133,1780168753,G18,175,-22,ok,0
304,10.133,1780168753,G11,157,-14,ok,0
304,10.133,1780168753,G7,143,-27,ok,0
304,10.133,1780168753,G8,17,5,ok,1
304,10.133,1780168753,D4,-15,440,ok,0
304,10.133,1780168753,D2,281,676,ok,1
304,10.133,1780168753,D1,181,730,ok,1
304,10.133,1780168753,D11,243,725,ok,1
304,10.133,1780168753,D7,165,747,ok,0
304,10.133,1780168753,D10,-112,775,ok,0
304,10.133,1780168753,G22,120,0,interpolated,1
304,10.133,1780168753,G25,473,395,interpolated,0
305,10.167,1780168753,G12,111,167,ok,1
305,10.167,1780168753,G1,352,142,ok,1
305,10.167,1780168753,G4,208,27,ok,1
305,10.167,1780168753,G15,92,-28,ok,0
305,10.167,1780168753,G18,175,-24,ok,0
305,10.167,1780168753,G13,17,95,ok,1
305,10.167,1780168753,G11,157,-14,ok,0
305,10.167,1780168753,G7,143,-27,ok,0
305,10.167,1780168753,D4,-16,439,ok,0
305,10.167,1780168753,D2,281,676,ok,1
305,10.167,1780168753,D1,181,729,ok,1
305,10.167,1780168753,D7,164,748,ok,0
305,10.167,1780168753,D11,243,725,ok,1
305,10.167,1780168753,D10,-112,775,ok,0
305,10.167,1780168753,G22,120,0,interpolated,1
305,10.167,1780168753,G8,17,5,interpolated,1
305,10.167,1780168753,G25,473,395,interpolated,0
306,10.200,1780168753,G12,111,167,ok,1
306,10.200,1780168753,G1,352,142,ok,1
306,10.200,1780168753,G4,208,24,ok,1
306,10.200,1780168753,G13,15,95,ok,1
306,10.200,1780168753,G15,92,-27,ok,0
306,10.200,1780168753,G18,176,-24,ok,0
306,10.200,1780168753,G11,157,-14,ok,0
306,10.200,1780168753,G25,474,394,ok,0
306,10.200,1780168753,G7,143,-27,ok,0
306,10.200,1780168753,D4,-17,439,ok,0
306,10.200,1780168753,D2,282,676,ok,1
306,10.200,1780168753,D1,181,730,ok,1
306,10.200,1780168753,D11,243,725,ok,1
306,10.200,1780168753,D7,163,748,ok,0
306,10.200,1780168753,D10,-112,775,ok,0
306,10.200,1780168753,D12,96,481,ok,1
306,10.200,1780168753,G22,120,0,interpolated,1
306,10.200,1780168753,G8,17,5,interpolated,1
307,10.233,1780168753,G12,111,167,ok,1
307,10.233,1780168753,G1,352,142,ok,1
307,10.233,1780168753,G4,208,25,ok,1
307,10.233,1780168753,G13,15,95,ok,1
307,10.233,1780168753,G15,92,-27,ok,0
307,10.233,1780168753,G18,176,-24,ok,0
307,10.233,1780168753,G11,157,-14,ok,0
307,10.233,1780168753,G7,143,-27,ok,0
307,10.233,1780168753,G25,474,394,ok,0
307,10.233,1780168753,D4,-17,439,ok,0
307,10.233,1780168753,D2,282,676,ok,1
307,10.233,1780168753,D1,181,730,ok,1
307,10.233,1780168753,D11,243,725,ok,1
307,10.233,1780168753,D7,163,748,ok,0
307,10.233,1780168753,D12,96,481,ok,1
307,10.233,1780168753,D10,-112,775,ok,0
307,10.233,1780168753,G22,120,0,interpolated,1
307,10.233,1780168753,G8,17,5,interpolated,1
308,10.267,1780168753,G12,111,167,ok,1
308,10.267,1780168753,G4,207,24,ok,1
308,10.267,1780168753,G1,352,142,ok,1
308,10.267,1780168753,G13,13,95,ok,1
308,10.267,1780168753,G15,92,-27,ok,0
308,10.267,1780168753,G11,157,-14,ok,0
308,10.267,1780168753,G18,176,-27,ok,0
308,10.267,1780168753,G7,143,-28,ok,0
308,10.267,1780168753,G25,474,394,ok,0
308,10.267,1780168753,D4,-17,439,ok,0
308,10.267,1780168753,D2,284,675,ok,1
308,10.267,1780168753,D1,181,730,ok,1
308,10.267,1780168753,D11,243,725,ok,1
308,10.267,1780168753,D7,163,747,ok,0
308,10.267,1780168753,D12,96,481,ok,1
308,10.267,1780168753,D10,-113,775,ok,0
308,10.267,1780168753,G22,120,0,interpolated,1
308,10.267,1780168753,G8,17,5,interpolated,1
309,10.300,1780168753,G12,111,166,ok,1
309,10.300,1780168753,G4,207,23,ok,1
309,10.300,1780168753,G1,352,141,ok,1
309,10.300,1780168753,G13,11,96,ok,1
309,10.300,1780168753,G15,93,-27,ok,0
309,10.300,1780168753,G11,157,-14,ok,0
309,10.300,1780168753,G18,176,-28,ok,0
309,10.300,1780168753,G8,22,5,ok,1
309,10.300,1780168753,G7,143,-27,ok,0
309,10.300,1780168753,G25,474,394,ok,0
309,10.300,1780168753,D2,285,673,ok,1
309,10.300,1780168753,D1,181,730,ok,1
309,10.300,1780168753,D11,243,725,ok,1
309,10.300,1780168753,D7,163,747,ok,0
309,10.300,1780168753,D4,-18,439,ok,0
309,10.300,1780168753,D12,96,481,ok,1
309,10.300,1780168753,D10,-113,775,ok,0
309,10.300,1780168753,G22,120,0,interpolated,1
310,10.333,1780168753,G12,111,166,ok,1
310,10.333,1780168753,G4,207,21,ok,1
310,10.333,1780168753,G1,352,141,ok,1
310,10.333,1780168753,G15,93,-27,ok,0
310,10.333,1780168753,G13,11,98,ok,1
310,10.333,1780168753,G11,157,-14,ok,0
310,10.333,1780168753,G8,23,6,ok,1
310,10.333,1780168753,G18,176,-31,ok,0
310,10.333,1780168753,G7,143,-27,ok,0
310,10.333,1780168753,G25,474,394,ok,0
310,10.333,1780168753,D2,287,671,ok,1
310,10.333,1780168753,D4,-18,439,ok,0
310,10.333,1780168753,D11,243,725,ok,1
310,10.333,1780168753,D1,182,730,ok,1
310,10.333,1780168753,D7,162,746,ok,0
310,10.333,1780168753,D12,96,481,ok,1
310,10.333,1780168753,D10,-113,775,ok,0
311,10.367,1780168753,G12,111,165,ok,1
311,10.367,1780168753,G1,352,141,ok,1
311,10.367,1780168753,G4,206,17,ok,1
311,10.367,1780168753,G15,92,-27,ok,0
311,10.367,1780168753,G11,157,-14,ok,0
311,10.367,1780168753,G18,176,-30,ok,0
311,10.367,1780168753,G7,143,-28,ok,0
311,10.367,1780168753,G8,23,7,ok,1
311,10.367,1780168753,G22,117,12,ok,1
311,10.367,1780168753,G13,7,92,ok,1
311,10.367,1780168753,D4,-19,439,ok,0
311,10.367,1780168753,D2,287,668,ok,1
311,10.367,1780168753,D1,182,730,ok,1
311,10.367,1780168753,D11,243,724,ok,1
311,10.367,1780168753,D7,162,747,ok,0
311,10.367,1780168753,D10,-112,775,ok,0
311,10.367,1780168753,D12,96,480,ok,1
311,10.367,1780168753,G25,474,394,interpolated,0
312,10.400,1780168753,G12,111,165,ok,1
312,10.400,1780168753,G1,352,142,ok,1
312,10.400,1780168753,G4,206,15,ok,1
312,10.400,1780168753,G15,92,-28,ok,0
312,10.400,1780168753,G11,157,-14,ok,0
312,10.400,1780168753,G13,8,100,ok,1
312,10.400,1780168753,G18,176,-31,ok,0
312,10.400,1780168753,G7,143,-28,ok,0
312,10.400,1780168753,G8,24,7,ok,1
312,10.400,1780168753,D4,-19,439,ok,0
312,10.400,1780168753,D2,288,666,ok,1
312,10.400,1780168753,D1,182,732,ok,1
312,10.400,1780168753,D11,242,724,ok,1
312,10.400,1780168753,D7,162,746,ok,0
312,10.400,1780168753,D10,-113,775,ok,0
312,10.400,1780168753,D12,96,480,ok,1
312,10.400,1780168753,G25,474,394,interpolated,0
312,10.400,1780168753,G22,117,12,interpolated,1
313,10.433,1780168753,G12,111,165,ok,1
313,10.433,1780168753,G1,352,142,ok,1
313,10.433,1780168753,G4,206,15,ok,1
313,10.433,1780168753,G15,92,-28,ok,0
313,10.433,1780168753,G11,157,-14,ok,0
313,10.433,1780168753,G13,8,100,ok,1
313,10.433,1780168753,G18,177,-31,ok,0
313,10.433,1780168753,G7,143,-28,ok,0
313,10.433,1780168753,G8,24,7,ok,1
313,10.433,1780168753,D4,-19,439,ok,0
313,10.433,1780168753,D2,288,666,ok,1
313,10.433,1780168753,D1,182,732,ok,1
313,10.433,1780168753,D11,242,724,ok,1
313,10.433,1780168753,D7,162,746,ok,0
313,10.433,1780168753,D10,-113,775,ok,0
313,10.433,1780168753,D12,96,480,ok,1
313,10.433,1780168753,G25,474,394,interpolated,0
313,10.433,1780168753,G22,117,12,interpolated,1
314,10.467,1780168753,G12,111,166,ok,1
314,10.467,1780168753,G1,352,143,ok,1
314,10.467,1780168753,G4,206,14,ok,1
314,10.467,1780168753,G15,92,-28,ok,0
314,10.467,1780168753,G11,157,-14,ok,0
314,10.467,1780168753,G7,143,-28,ok,0
314,10.467,1780168753,G18,177,-34,ok,0
314,10.467,1780168753,G8,26,7,ok,1
314,10.467,1780168753,G13,11,113,ok,1
314,10.467,1780168753,G22,117,13,ok,1
314,10.467,1780168753,D4,-19,439,ok,0
314,10.467,1780168753,D2,288,665,ok,1
314,10.467,1780168753,D1,182,733,ok,1
314,10.467,1780168753,D11,242,725,ok,1
314,10.467,1780168753,D7,161,746,ok,0
314,10.467,1780168753,D10,-113,775,ok,0
314,10.467,1780168753,G25,474,394,interpolated,0
314,10.467,1780168753,D12,96,480,interpolated,1
315,10.500,1780168753,G12,111,166,ok,1
315,10.500,1780168753,G1,352,143,ok,1
315,10.500,1780168753,G4,206,14,ok,1
315,10.500,1780168753,G15,93,-28,ok,0
315,10.500,1780168753,G11,157,-13,ok,0
315,10.500,1780168753,G7,143,-28,ok,0
315,10.500,1780168753,G18,177,-31,ok,0
315,10.500,1780168753,G13,12,123,ok,1
315,10.500,1780168753,G8,27,7,ok,1
315,10.500,1780168753,G22,116,13,ok,1
315,10.500,1780168753,D4,-20,439,ok,0
315,10.500,1780168753,D2,289,662,ok,1
315,10.500,1780168753,D1,183,738,ok,0
315,10.500,1780168753,D7,160,750,ok,0
315,10.500,1780168753,D11,242,728,ok,1
315,10.500,1780168753,D10,-113,775,ok,0
315,10.500,1780168753,G25,474,394,interpolated,0
315,10.500,1780168753,D12,96,480,interpolated,1
316,10.533,1780168753,G12,111,167,ok,1
316,10.533,1780168753,G1,352,142,ok,1
316,10.533,1780168753,G4,206,14,ok,1
316,10.533,1780168753,G15,92,-27,ok,0
316,10.533,1780168753,G11,157,-13,ok,0
316,10.533,1780168753,G7,143,-28,ok,0
316,10.533,1780168753,G18,177,-31,ok,0
316,10.533,1780168753,G13,11,124,ok,1
316,10.533,1780168753,G8,25,6,ok,1
316,10.533,1780168753,G22,117,16,ok,1
316,10.533,1780168753,D4,-20,438,ok,0
316,10.533,1780168753,D2,290,662,ok,1
316,10.533,1780168753,D1,183,736,ok,0
316,10.533,1780168753,D7,160,748,ok,0
316,10.533,1780168753,D11,240,727,ok,1
316,10.533,1780168753,D10,-112,775,ok,0
316,10.533,1780168753,G25,474,394,interpolated,0
316,10.533,1780168753,D12,96,480,interpolated,1
317,10.567,1780168753,G12,111,167,ok,1
317,10.567,1780168753,G1,352,142,ok,1
317,10.567,1780168753,G4,206,14,ok,1
317,10.567,1780168753,G15,93,-28,ok,0
317,10.567,1780168753,G7,143,-28,ok,0
317,10.567,1780168753,G13,9,125,ok,1
317,10.567,1780168753,G11,157,-13,ok,0
317,10.567,1780168753,G18,177,-32,ok,0
317,10.567,1780168753,G22,116,27,ok,1
317,10.567,1780168753,G8,26,4,ok,1
317,10.567,1780168753,D4,-19,436,ok,0
317,10.567,1780168753,D2,290,661,ok,1
317,10.567,1780168753,D7,160,747,ok,0
317,10.567,1780168753,D1,183,739,ok,0
317,10.567,1780168753,D11,239,729,ok,1
317,10.567,1780168753,D10,-112,775,ok,0
317,10.567,1780168753,G25,474,394,interpolated,0
317,10.567,1780168753,D12,96,480,interpolated,1
318,10.600,1780168753,G12,111,166,ok,1
318,10.600,1780168753,G1,352,143,ok,1
318,10.600,1780168753,G4,206,13,ok,1
318,10.600,1780168753,G15,92,-28,ok,0
318,10.600,1780168753,G8,22,2,ok,1
318,10.600,1780168753,G7,143,-28,ok,0
318,10.600,1780168753,G11,157,-13,ok,0
318,10.600,1780168753,G22,116,31,ok,1
318,10.600,1780168753,G13,9,126,ok,1
318,10.600,1780168753,G18,177,-31,ok,0
318,10.600,1780168753,D4,-18,433,ok,0
318,10.600,1780168753,D2,291,661,ok,1
318,10.600,1780168753,D7,161,747,ok,0
318,10.600,1780168753,D1,183,742,ok,0
318,10.600,1780168753,D11,237,728,ok,1
318,10.600,1780168753,D10,-112,775,ok,0
318,10.600,1780168753,G25,474,394,interpolated,0
318,10.600,1780168753,D12,96,480,interpolated,1
319,10.633,1780168753,G12,111,166,ok,1
319,10.633,1780168753,G1,352,143,ok,1
319,10.633,1780168753,G4,206,13,ok,1
319,10.633,1780168753,G15,92,-28,ok,0
319,10.633,1780168753,G8,22,2,ok,1
319,10.633,1780168753,G7,143,-28,ok,0
319,10.633,1780168753,G11,157,-13,ok,0
319,10.633,1780168753,G22,116,31,ok,1
319,10.633,1780168753,G13,9,126,ok,1
319,10.633,1780168753,G18,177,-31,ok,0
319,10.633,1780168753,D4,-18,433,ok,0
319,10.633,1780168753,D2,291,661,ok,1
319,10.633,1780168753,D7,161,747,ok,0
319,10.633,1780168753,D1,183,742,ok,0
319,10.633,1780168753,D11,237,728,ok,1
319,10.633,1780168753,D10,-112,775,ok,0
319,10.633,1780168753,G25,474,394,interpolated,0
319,10.633,1780168753,D12,96,480,interpolated,1
320,10.667,1780168753,G12,111,167,ok,1
320,10.667,1780168753,G1,352,144,ok,1
320,10.667,1780168753,G4,206,14,ok,1
320,10.667,1780168753,G8,22,2,ok,1
320,10.667,1780168753,G15,92,-28,ok,0
320,10.667,1780168753,G22,115,33,ok,1
320,10.667,1780168753,G11,157,-13,ok,0
320,10.667,1780168753,G7,144,-28,ok,0
320,10.667,1780168753,G18,177,-31,ok,0
320,10.667,1780168753,G13,8,125,ok,1
320,10.667,1780168753,D4,-18,430,ok,0
320,10.667,1780168753,D2,291,660,ok,1
320,10.667,1780168753,D1,183,742,ok,0
320,10.667,1780168753,D11,237,729,ok,1
320,10.667,1780168753,D7,161,747,ok,0
320,10.667,1780168753,D10,-113,775,ok,0
320,10.667,1780168753,G25,474,394,interpolated,0
320,10.667,1780168753,D12,96,480,interpolated,1
321,10.700,1780168753,G12,110,167,ok,1
321,10.700,1780168753,G1,352,144,ok,1
321,10.700,1780168753,G4,206,14,ok,1
321,10.700,1780168753,G15,92,-27,ok,0
321,10.700,1780168753,G8,22,0,ok,1
321,10.700,1780168753,G22,114,34,ok,1
321,10.700,1780168753,G11,157,-14,ok,0
321,10.700,1780168753,G7,144,-28,ok,0
321,10.700,1780168753,G18,177,-33,ok,0
321,10.700,1780168753,G13,7,125,ok,1
321,10.700,1780168753,D4,-17,430,ok,0
321,10.700,1780168753,D2,292,661,ok,1
321,10.700,1780168753,D1,184,742,ok,0
321,10.700,1780168753,D11,236,729,ok,1
321,10.700,1780168753,D7,160,747,ok,0
321,10.700,1780168753,D10,-113,775,ok,0
321,10.700,1780168753,D12,96,480,interpolated,1
322,10.733,1780168753,G12,110,167,ok,1
322,10.733,1780168753,G1,352,145,ok,1
322,10.733,1780168753,G4,206,14,ok,1
322,10.733,1780168753,G15,92,-27,ok,0
322,10.733,1780168753,G13,8,132,ok,1
322,10.733,1780168753,G11,156,-13,ok,0
322,10.733,1780168753,G18,177,-35,ok,0
322,10.733,1780168753,G7,143,-27,ok,0
322,10.733,1780168753,G8,20,-3,ok,0
322,10.733,1780168753,G22,114,36,ok,1
322,10.733,1780168753,D4,-17,429,ok,0
322,10.733,1780168753,D2,293,661,ok,1
322,10.733,1780168753,D11,235,730,ok,1
322,10.733,1780168753,D7,160,747,ok,0
322,10.733,1780168753,D1,184,741,ok,0
322,10.733,1780168753,D10,-113,776,ok,0
322,10.733,1780168753,D12,96,480,interpolated,1
323,10.767,1780168753,G12,110,167,ok,1
323,10.767,1780168753,G1,353,146,ok,1
323,10.767,1780168753,G4,205,14,ok,1
323,10.767,1780168753,G15,92,-27,ok,0
323,10.767,1780168753,G11,156,-13,ok,0
323,10.767,1780168753,G13,10,142,ok,1
323,10.767,1780168753,G8,19,-5,ok,0
323,10.767,1780168753,G7,143,-28,ok,0
323,10.767,1780168753,G18,176,-36,ok,0
323,10.767,1780168753,D4,-17,428,ok,0
323,10.767,1780168753,D2,293,661,ok,1
323,10.767,1780168753,D11,233,730,ok,1
323,10.767,1780168753,D1,184,742,ok,0
323,10.767,1780168753,D7,160,748,ok,0
323,10.767,1780168753,D10,-113,776,ok,0
323,10.767,1780168753,D12,96,480,interpolated,1
323,10.767,1780168753,G22,114,36,interpolated,1
324,10.800,1780168753,G1,353,148,ok,1
324,10.800,1780168753,G12,110,169,ok,1
324,10.800,1780168753,G4,205,14,ok,1
324,10.800,1780168753,G15,93,-27,ok,0
324,10.800,1780168753,G11,157,-14,ok,0
324,10.800,1780168753,G22,118,54,ok,1
324,10.800,1780168753,G7,143,-27,ok,0
324,10.800,1780168753,G8,20,-5,ok,0
324,10.800,1780168753,G18,176,-36,ok,0
324,10.800,1780168753,G13,12,157,ok,1
324,10.800,1780168753,G25,473,395,ok,0
324,10.800,1780168753,D4,-17,427,ok,0
324,10.800,1780168753,D2,294,661,ok,1
324,10.800,1780168753,D11,232,732,ok,1
324,10.800,1780168753,D7,161,749,ok,0
324,10.800,1780168753,D1,184,742,ok,0
324,10.800,1780168753,D10,-113,775,ok,0
325,10.833,1780168753,G1,353,148,ok,1
325,10.833,1780168753,G12,110,169,ok,1
325,10.833,1780168753,G4,205,14,ok,1
325,10.833,1780168753,G15,93,-27,ok,0
325,10.833,1780168753,G11,157,-14,ok,0
325,10.833,1780168753,G22,118,54,ok,1
325,10.833,1780168753,G7,143,-28,ok,0
325,10.833,1780168753,G8,20,-5,ok,0
325,10.833,1780168753,G18,176,-36,ok,0
325,10.833,1780168753,G13,12,156,ok,1
325,10.833,1780168753,G25,473,394,ok,0
325,10.833,1780168753,D4,-17,427,ok,0
325,10.833,1780168753,D2,294,661,ok,1
325,10.833,1780168753,D11,232,732,ok,1
325,10.833,1780168753,D7,161,749,ok,0
325,10.833,1780168753,D1,184,742,ok,0
325,10.833,1780168753,D10,-113,775,ok,0
326,10.867,1780168753,G12,111,171,ok,1
326,10.867,1780168753,G1,353,150,ok,1
326,10.867,1780168753,G4,205,12,ok,1
326,10.867,1780168753,G15,93,-27,ok,0
326,10.867,1780168753,G11,156,-13,ok,0
326,10.867,1780168753,G13,8,152,ok,1
326,10.867,1780168753,G22,118,58,ok,1
326,10.867,1780168753,G7,143,-28,ok,0
326,10.867,1780168753,G18,176,-36,ok,0
326,10.867,1780168753,G8,20,-5,ok,0
326,10.867,1780168753,D4,-18,427,ok,0
326,10.867,1780168753,D2,294,661,ok,1
326,10.867,1780168753,D11,231,734,ok,1
326,10.867,1780168753,D7,161,751,ok,0
326,10.867,1780168753,D1,184,741,ok,0
326,10.867,1780168753,D10,-113,775,ok,0
326,10.867,1780168753,G25,473,394,interpolated,0
327,10.900,1780168753,G12,111,174,ok,1
327,10.900,1780168753,G1,354,152,ok,1
327,10.900,1780168753,G4,204,10,ok,1
327,10.900,1780168753,G15,93,-27,ok,0
327,10.900,1780168753,G11,157,-13,ok,0
327,10.900,1780168753,G8,20,-6,ok,0
327,10.900,1780168753,G22,118,59,ok,1
327,10.900,1780168753,G7,143,-28,ok,0
327,10.900,1780168753,G13,9,159,ok,1
327,10.900,1780168753,D4,-19,426,ok,0
327,10.900,1780168753,D2,295,660,ok,1
327,10.900,1780168753,D11,230,734,ok,1
327,10.900,1780168753,D7,161,753,ok,0
327,10.900,1780168753,D1,184,742,ok,0
327,10.900,1780168753,D10,-113,775,ok,0
327,10.900,1780168753,G18,176,-36,interpolated,0
327,10.900,1780168753,G25,473,394,interpolated,0
328,10.933,1780168753,G12,112,176,ok,1
328,10.933,1780168753,G1,355,154,ok,1
328,10.933,1780168753,G13,7,159,ok,1
328,10.933,1780168753,G15,93,-27,ok,0
328,10.933,1780168753,G8,22,-6,ok,0
328,10.933,1780168753,G4,203,5,ok,1
328,10.933,1780168753,G11,157,-13,ok,0
328,10.933,1780168753,G22,117,59,ok,1
328,10.933,1780168753,G7,143,-28,ok,0
328,10.933,1780168753,G18,175,-35,ok,0
328,10.933,1780168753,D4,-20,426,ok,0
328,10.933,1780168753,D2,295,659,ok,1
328,10.933,1780168753,D11,230,734,ok,1
328,10.933,1780168753,D7,160,754,ok,0
328,10.933,1780168753,D1,185,742,ok,0
328,10.933,1780168753,D10,-113,775,ok,0
328,10.933,1780168753,G25,473,394,interpolated,0
329,10.967,1780168753,G12,112,179,ok,1
329,10.967,1780168753,G1,354,156,ok,1
329,10.967,1780168753,G4,203,6,ok,1
329,10.967,1780168753,G15,93,-27,ok,0
329,10.967,1780168753,G8,24,-7,ok,0
329,10.967,1780168753,G13,6,160,ok,1
329,10.967,1780168753,G11,157,-13,ok,0
329,10.967,1780168753,G7,143,-28,ok,0
329,10.967,1780168753,G22,116,59,ok,1
329,10.967,1780168753,G18,174,-36,ok,0
329,10.967,1780168753,D4,-21,426,ok,0
329,10.967,1780168753,D2,295,656,ok,1
329,10.967,1780168753,D7,160,754,ok,0
329,10.967,1780168753,D11,229,735,ok,1
329,10.967,1780168753,D1,185,742,ok,0
329,10.967,1780168753,D10,-113,775,ok,0
329,10.967,1780168753,G25,473,394,interpolated,0
330,11.000,1780168754,G12,111,180,ok,1
330,11.000,1780168754,G1,355,156,ok,1
330,11.000,1780168754,G4,202,3,ok,1
330,11.000,1780168754,G15,93,-27,ok,0
330,11.000,1780168754,G13,5,164,ok,1
330,11.000,1780168754,G8,26,-5,ok,0
330,11.000,1780168754,G11,157,-13,ok,0
330,11.000,1780168754,G7,143,-28,ok,0
330,11.000,1780168754,G22,117,60,ok,1
330,11.000,1780168754,D4,-22,426,ok,0
330,11.000,1780168754,D2,295,651,ok,1
330,11.000,1780168754,D7,160,754,ok,0
330,11.000,1780168754,D11,229,736,ok,0
330,11.000,1780168754,D1,185,744,ok,0
330,11.000,1780168754,D10,-113,775,ok,0
330,11.000,1780168754,G18,174,-36,interpolated,0
330,11.000,1780168754,G25,473,394,interpolated,0
331,11.033,1780168754,G12,111,180,ok,1
331,11.033,1780168754,G1,355,156,ok,1
331,11.033,1780168754,G4,202,3,ok,1
331,11.033,1780168754,G15,93,-27,ok,0
331,11.033,1780168754,G13,5,164,ok,1
331,11.033,1780168754,G8,26,-5,ok,0
331,11.033,1780168754,G11,157,-13,ok,0
331,11.033,1780168754,G7,144,-28,ok,0
331,11.033,1780168754,G22,117,60,ok,1
331,11.033,1780168754,D4,-22,426,ok,0
331,11.033,1780168754,D2,295,651,ok,1
331,11.033,1780168754,D7,160,754,ok,0
331,11.033,1780168754,D11,229,736,ok,0
331,11.033,1780168754,D1,185,744,ok,0
331,11.033,1780168754,D10,-113,775,ok,0
331,11.033,1780168754,G18,174,-36,interpolated,0
331,11.033,1780168754,G25,473,394,interpolated,0
332,11.067,1780168754,G12,110,181,ok,1
332,11.067,1780168754,G1,356,156,ok,1
332,11.067,1780168754,G4,202,1,ok,1
332,11.067,1780168754,G15,92,-27,ok,0
332,11.067,1780168754,G8,28,-5,ok,0
332,11.067,1780168754,G13,7,176,ok,1
332,11.067,1780168754,G7,143,-27,ok,0
332,11.067,1780168754,G11,157,-13,ok,0
332,11.067,1780168754,G22,116,60,ok,1
332,11.067,1780168754,D4,-22,426,ok,0
332,11.067,1780168754,D2,295,649,ok,1
332,11.067,1780168754,D7,160,754,ok,0
332,11.067,1780168754,D11,229,736,ok,0
332,11.067,1780168754,D1,185,745,ok,0
332,11.067,1780168754,D10,-113,776,ok,0
332,11.067,1780168754,G18,174,-36,interpolated,0
332,11.067,1780168754,G25,473,394,interpolated,0
333,11.100,1780168754,G12,110,183,ok,1
333,11.100,1780168754,G1,356,156,ok,1
333,11.100,1780168754,G4,202,1,ok,1
333,11.100,1780168754,G8,28,-5,ok,0
333,11.100,1780168754,G15,92,-27,ok,0
333,11.100,1780168754,G11,156,-13,ok,0
333,11.100,1780168754,G7,144,-27,ok,0
333,11.100,1780168754,G22,118,68,ok,1
333,11.100,1780168754,G13,11,193,ok,1
333,11.100,1780168754,G18,36,-3,ok,0
333,11.100,1780168754,D4,-24,426,ok,0
333,11.100,1780168754,D2,295,646,ok,1
333,11.100,1780168754,D11,228,736,ok,0
333,11.100,1780168754,D7,160,754,ok,0
333,11.100,1780168754,D1,185,745,ok,0
333,11.100,1780168754,D10,-113,775,ok,0
333,11.100,1780168754,G25,473,394,interpolated,0
334,11.133,1780168754,G12,109,183,ok,1
334,11.133,1780168754,G1,356,156,ok,1
334,11.133,1780168754,G13,10,197,ok,1
334,11.133,1780168754,G4,201,1,ok,1
334,11.133,1780168754,G15,92,-28,ok,0
334,11.133,1780168754,G11,156,-13,ok,0
334,11.133,1780168754,G18,37,-4,ok,0
334,11.133,1780168754,G7,144,-28,ok,0
334,11.133,1780168754,D4,-25,425,ok,0
334,11.133,1780168754,D2,295,644,ok,1
334,11.133,1780168754,D11,228,736,ok,0
334,11.133,1780168754,D7,160,754,ok,0
334,11.133,1780168754,D1,185,745,ok,0
334,11.133,1780168754,D10,-113,775,ok,0
334,11.133,1780168754,G8,28,-5,interpolated,0
334,11.133,1780168754,G22,118,68,interpolated,1
334,11.133,1780168754,G25,473,394,interpolated,0
335,11.167,1780168754,G12,108,183,ok,1
335,11.167,1780168754,G13,9,198,ok,1
335,11.167,1780168754,G1,358,156,ok,1
335,11.167,1780168754,G4,201,1,ok,1
335,11.167,1780168754,G22,121,87,ok,1
335,11.167,1780168754,G15,92,-28,ok,0
335,11.167,1780168754,G11,156,-13,ok,0
335,11.167,1780168754,G7,144,-28,ok,0
335,11.167,1780168754,G18,37,-4,ok,0
335,11.167,1780168754,D4,-26,425,ok,0
335,11.167,1780168754,D2,295,644,ok,1
335,11.167,1780168754,D1,185,744,ok,0
335,11.167,1780168754,D7,160,753,ok,0
335,11.167,1780168754,D11,227,737,ok,0
335,11.167,1780168754,D10,-113,776,ok,0
335,11.167,1780168754,G8,28,-5,interpolated,0
335,11.167,1780168754,G25,473,394,interpolated,0
336,11.200,1780168754,G12,107,182,ok,1
336,11.200,1780168754,G1,358,156,ok,1
336,11.200,1780168754,G22,122,91,ok,1
336,11.200,1780168754,G4,200,1,ok,1
336,11.200,1780168754,G15,92,-28,ok,0
336,11.200,1780168754,G13,9,199,ok,1
336,11.200,1780168754,G11,156,-13,ok,0
336,11.200,1780168754,G7,144,-28,ok,0
336,11.200,1780168754,G18,38,-4,ok,0
336,11.200,1780168754,D4,-27,423,ok,0
336,11.200,1780168754,D2,295,644,ok,1
336,11.200,1780168754,D1,186,745,ok,0
336,11.200,1780168754,D7,160,754,ok,0
336,11.200,1780168754,D11,225,738,ok,0
336,11.200,1780168754,D10,-113,775,ok,0
336,11.200,1780168754,G8,28,-5,interpolated,0
337,11.233,1780168754,G12,107,182,ok,1
337,11.233,1780168754,G1,358,156,ok,1
337,11.233,1780168754,G22,122,91,ok,1
337,11.233,1780168754,G4,200,1,ok,1
337,11.233,1780168754,G15,92,-28,ok,0
337,11.233,1780168754,G13,8,199,ok,1
337,11.233,1780168754,G11,156,-13,ok,0
337,11.233,1780168754,G7,144,-28,ok,0
337,11.233,1780168754,G18,38,-4,ok,0
337,11.233,1780168754,G8,36,238,ok,1
337,11.233,1780168754,D4,-27,423,ok,0
337,11.233,1780168754,D2,295,644,ok,1
337,11.233,1780168754,D1,186,745,ok,0
337,11.233,1780168754,D7,160,754,ok,0
337,11.233,1780168754,D11,225,738,ok,0
337,11.233,1780168754,D10,-113,775,ok,0
338,11.267,1780168754,G12,105,182,ok,1
338,11.267,1780168754,G13,6,197,ok,1
338,11.267,1780168754,G1,358,156,ok,1
338,11.267,1780168754,G4,199,0,ok,1
338,11.267,1780168754,G22,123,92,ok,1
338,11.267,1780168754,G15,92,-27,ok,0
338,11.267,1780168754,G11,156,-13,ok,0
338,11.267,1780168754,G7,144,-27,ok,0
338,11.267,1780168754,G18,37,-5,ok,0
338,11.267,1780168754,D4,-27,420,ok,0
338,11.267,1780168754,D2,295,644,ok,1
338,11.267,1780168754,D7,160,754,ok,0
338,11.267,1780168754,D1,186,744,ok,0
338,11.267,1780168754,D10,-113,776,ok,0
338,11.267,1780168754,D11,223,737,ok,0
338,11.267,1780168754,G8,36,238,interpolated,1
339,11.300,1780168754,G12,104,182,ok,1
339,11.300,1780168754,G4,198,-1,ok,0
339,11.300,1780168754,G15,91,-28,ok,0
339,11.300,1780168754,G13,7,201,ok,1
339,11.300,1780168754,G22,125,92,ok,1
339,11.300,1780168754,G11,156,-13,ok,0
339,11.300,1780168754,G7,144,-27,ok,0
339,11.300,1780168754,G1,358,157,ok,1
339,11.300,1780168754,G18,37,-6,ok,0
339,11.300,1780168754,D4,-26,417,ok,0
339,11.300,1780168754,D2,294,644,ok,1
339,11.300,1780168754,D7,160,753,ok,0
339,11.300,1780168754,D1,187,744,ok,0
339,11.300,1780168754,D10,-113,775,ok,0
339,11.300,1780168754,D11,221,737,ok,0
339,11.300,1780168754,G8,36,238,interpolated,1
340,11.333,1780168754,G13,8,209,ok,1
340,11.333,1780168754,G4,198,-1,ok,0
340,11.333,1780168754,G12,101,182,ok,1
340,11.333,1780168754,G15,91,-28,ok,0
340,11.333,1780168754,G11,156,-13,ok,0
340,11.333,1780168754,G22,126,92,ok,1
340,11.333,1780168754,G7,144,-27,ok,0
340,11.333,1780168754,G18,37,-7,ok,0
340,11.333,1780168754,G1,358,162,ok,1
340,11.333,1780168754,D4,-25,415,ok,0
340,11.333,1780168754,D2,294,644,ok,1
340,11.333,1780168754,D7,160,753,ok,0
340,11.333,1780168754,D1,187,747,ok,0
340,11.333,1780168754,D10,-113,775,ok,0
340,11.333,1780168754,D11,218,737,ok,0
340,11.333,1780168754,G8,36,238,interpolated,1
341,11.367,1780168754,G12,102,183,ok,1
341,11.367,1780168754,G13,10,221,ok,1
341,11.367,1780168754,G4,197,-1,ok,0
341,11.367,1780168754,G15,91,-28,ok,0
341,11.367,1780168754,G11,156,-13,ok,0
341,11.367,1780168754,G1,355,175,ok,1
341,11.367,1780168754,G7,144,-27,ok,0
341,11.367,1780168754,G22,127,92,ok,1
341,11.367,1780168754,G18,37,-9,ok,0
341,11.367,1780168754,D4,-25,414,ok,0
341,11.367,1780168754,D2,293,644,ok,1
341,11.367,1780168754,D7,160,753,ok,0
341,11.367,1780168754,D1,187,745,ok,0
341,11.367,1780168754,D11,216,740,ok,0
341,11.367,1780168754,D10,-113,776,ok,0
341,11.367,1780168754,G8,36,238,interpolated,1
342,11.400,1780168754,G12,100,187,ok,1
342,11.400,1780168754,G1,355,180,ok,1
342,11.400,1780168754,G4,197,0,ok,1
342,11.400,1780168754,G15,91,-27,ok,0
342,11.400,1780168754,G11,156,-13,ok,0
342,11.400,1780168754,G22,128,101,ok,1
342,11.400,1780168754,G13,11,232,ok,1
342,11.400,1780168754,G7,144,-27,ok,0
342,11.400,1780168754,G18,37,-8,ok,0
342,11.400,1780168754,D4,-25,413,ok,0
342,11.400,1780168754,D2,292,644,ok,1
342,11.400,1780168754,D7,160,754,ok,0
342,11.400,1780168754,D1,187,745,ok,0
342,11.400,1780168754,D11,215,738,ok,0
342,11.400,1780168754,D10,-113,776,ok,0
342,11.400,1780168754,G8,36,238,interpolated,1
343,11.433,1780168754,G12,100,187,ok,1
343,11.433,1780168754,G4,197,-2,ok,0
343,11.433,1780168754,G15,91,-27,ok,0
343,11.433,1780168754,G1,355,180,ok,1
343,11.433,1780168754,G11,156,-13,ok,0
343,11.433,1780168754,G22,129,104,ok,1
343,11.433,1780168754,G13,10,230,ok,1
343,11.433,1780168754,G7,144,-27,ok,0
343,11.433,1780168754,G18,37,-9,ok,0
343,11.433,1780168754,D4,-25,413,ok,0
343,11.433,1780168754,D2,292,643,ok,1
343,11.433,1780168754,D7,160,754,ok,0
343,11.433,1780168754,D1,187,745,ok,0
343,11.433,1780168754,D11,215,738,ok,0
343,11.433,1780168754,D10,-113,776,ok,0
343,11.433,1780168754,G8,36,238,interpolated,1
344,11.467,1780168754,G12,100,194,ok,1
344,11.467,1780168754,G13,9,239,ok,1
344,11.467,1780168754,G4,197,-2,ok,0
344,11.467,1780168754,G1,355,181,ok,1
344,11.467,1780168754,G15,91,-27,ok,0
344,11.467,1780168754,G22,131,113,ok,1
344,11.467,1780168754,G11,156,-13,ok,0
344,11.467,1780168754,G7,144,-28,ok,0
344,11.467,1780168754,G8,474,394,ok,0
344,11.467,1780168754,D4,-25,413,ok,0
344,11.467,1780168754,D2,291,640,ok,1
344,11.467,1780168754,D11,214,738,ok,0
344,11.467,1780168754,D7,160,754,ok,0
344,11.467,1780168754,D1,187,745,ok,0
344,11.467,1780168754,D10,-113,776,ok,0
344,11.467,1780168754,G18,37,-9,interpolated,0
345,11.500,1780168754,G12,100,200,ok,1
345,11.500,1780168754,G13,8,240,ok,1
345,11.500,1780168754,G4,197,-4,ok,0
345,11.500,1780168754,G1,355,182,ok,1
345,11.500,1780168754,G15,91,-27,ok,0
345,11.500,1780168754,G11,156,-13,ok,0
345,11.500,1780168754,G22,132,116,ok,1
345,11.500,1780168754,D4,-25,412,ok,0
345,11.500,1780168754,D2,291,636,ok,1
345,11.500,1780168754,D11,213,738,ok,0
345,11.500,1780168754,D7,160,754,ok,0
345,11.500,1780168754,D1,188,747,ok,0
345,11.500,1780168754,D10,-113,776,ok,0
345,11.500,1780168754,G7,144,-28,interpolated,0
345,11.500,1780168754,G18,37,-9,interpolated,0
345,11.500,1780168754,G8,474,394,interpolated,0
346,11.533,1780168754,G12,102,204,ok,1
346,11.533,1780168754,G13,6,240,ok,1
346,11.533,1780168754,G22,135,127,ok,1
346,11.533,1780168754,G4,197,-5,ok,0
346,11.533,1780168754,G15,91,-27,ok,0
346,11.533,1780168754,G11,156,-13,ok,0
346,11.533,1780168754,G1,356,182,ok,1
346,11.533,1780168754,G7,144,-28,ok,0
346,11.533,1780168754,G8,473,394,ok,0
346,11.533,1780168754,G18,42,-53,ok,0
346,11.533,1780168754,D4,-25,412,ok,0
346,11.533,1780168754,D2,290,633,ok,1
346,11.533,1780168754,D11,211,737,ok,0
346,11.533,1780168754,D7,160,754,ok,0
346,11.533,1780168754,D1,188,748,ok,0
346,11.533,1780168754,D10,-113,776,ok,0
347,11.567,1780168754,G12,100,205,ok,1
347,11.567,1780168754,G4,196,-6,ok,0
347,11.567,1780168754,G15,91,-27,ok,0
347,11.567,1780168754,G13,5,242,ok,1
347,11.567,1780168754,G22,135,123,ok,1
347,11.567,1780168754,G26,-2,233,ok,0
347,11.567,1780168754,G11,156,-13,ok,0
347,11.567,1780168754,G7,143,-26,ok,0
347,11.567,1780168754,D4,-25,412,ok,0
347,11.567,1780168754,D2,290,630,ok,1
347,11.567,1780168754,D1,188,750,ok,0
347,11.567,1780168754,D11,211,737,ok,0
347,11.567,1780168754,D7,160,753,ok,0
347,11.567,1780168754,D10,-113,776,ok,0
347,11.567,1780168754,G18,42,-53,interpolated,0
347,11.567,1780168754,G1,356,182,interpolated,1
347,11.567,1780168754,G8,473,394,interpolated,0
348,11.600,1780168754,G22,136,131,ok,1
348,11.600,1780168754,G12,97,205,ok,1
348,11.600,1780168754,G15,91,-27,ok,0
348,11.600,1780168754,G4,196,-7,ok,0
348,11.600,1780168754,G13,2,243,ok,1
348,11.600,1780168754,G11,156,-13,ok,0
348,11.600,1780168754,G7,143,-25,ok,0
348,11.600,1780168754,G8,473,394,ok,0
348,11.600,1780168754,G18,41,-53,ok,0
348,11.600,1780168754,D4,-26,412,ok,0
348,11.600,1780168754,D2,290,629,ok,1
348,11.600,1780168754,D11,210,736,ok,0
348,11.600,1780168754,D1,189,752,ok,0
348,11.600,1780168754,D7,160,753,ok,0
348,11.600,1780168754,D10,-113,776,ok,0
348,11.600,1780168754,G1,356,182,interpolated,1
348,11.600,1780168754,G26,-2,233,interpolated,0
349,11.633,1780168754,G22,136,131,ok,1
349,11.633,1780168754,G12,97,205,ok,1
349,11.633,1780168754,G15,91,-27,ok,0
349,11.633,1780168754,G4,196,-7,ok,0
349,11.633,1780168754,G13,1,239,ok,1
349,11.633,1780168754,G11,156,-13,ok,0
349,11.633,1780168754,G7,143,-25,ok,0
349,11.633,1780168754,G26,5,247,ok,1
349,11.633,1780168754,D4,-26,412,ok,0
349,11.633,1780168754,D2,290,629,ok,1
349,11.633,1780168754,D11,210,736,ok,0
349,11.633,1780168754,D1,189,752,ok,0
349,11.633,1780168754,D7,160,753,ok,0
349,11.633,1780168754,D10,-113,776,ok,0
349,11.633,1780168754,G18,41,-53,interpolated,0
349,11.633,1780168754,G1,356,182,interpolated,1
349,11.633,1780168754,G8,473,394,interpolated,0
350,11.667,1780168754,G26,8,267,ok,1
350,11.667,1780168754,G22,137,131,ok,1
350,11.667,1780168754,G4,196,-7,ok,0
350,11.667,1780168754,G15,91,-27,ok,0
350,11.667,1780168754,G12,95,205,ok,1
350,11.667,1780168754,G7,143,-25,ok,0
350,11.667,1780168754,G11,156,-14,ok,0
350,11.667,1780168754,G8,473,394,ok,0
350,11.667,1780168754,D4,-27,412,ok,0
350,11.667,1780168754,D2,290,628,ok,1
350,11.667,1780168754,D11,210,736,ok,0
350,11.667,1780168754,D1,190,753,ok,0
350,11.667,1780168754,D7,160,753,ok,0
350,11.667,1780168754,D10,-113,776,ok,0
350,11.667,1780168754,G13,1,239,interpolated,1
350,11.667,1780168754,G18,41,-53,interpolated,0
350,11.667,1780168754,G1,356,182,interpolated,1
351,11.700,1780168754,G22,138,132,ok,1
351,11.700,1780168754,G12,93,216,ok,1
351,11.700,1780168754,G26,8,276,ok,1
351,11.700,1780168754,G4,196,-8,ok,0
351,11.700,1780168754,G15,91,-27,ok,0
351,11.700,1780168754,G7,142,-25,ok,0
351,11.700,1780168754,G11,156,-13,ok,0
351,11.700,1780168754,G1,352,205,ok,1
351,11.700,1780168754,G13,-2,249,ok,0
351,11.700,1780168754,G8,473,394,ok,0
351,11.700,1780168754,D2,289,628,ok,1
351,11.700,1780168754,D4,-27,412,ok,0
351,11.700,1780168754,D11,209,736,ok,0
351,11.700,1780168754,D1,189,754,ok,0
351,11.700,1780168754,D7,160,753,ok,0
351,11.700,1780168754,D10,-113,776,ok,0
351,11.700,1780168754,G18,41,-53,interpolated,0
352,11.733,1780168754,G12,91,223,ok,1
352,11.733,1780168754,G26,7,281,ok,1
352,11.733,1780168754,G22,141,143,ok,1
352,11.733,1780168754,G4,196,-8,ok,0
352,11.733,1780168754,G15,91,-27,ok,0
352,11.733,1780168754,G7,142,-24,ok,0
352,11.733,1780168754,G11,156,-13,ok,0
352,11.733,1780168754,G1,352,211,ok,1
352,11.733,1780168754,G8,473,394,ok,0
352,11.733,1780168754,D2,289,628,ok,1
352,11.733,1780168754,D4,-27,412,ok,0
352,11.733,1780168754,D11,207,736,ok,0
352,11.733,1780168754,D1,190,753,ok,0
352,11.733,1780168754,D7,160,753,ok,0
352,11.733,1780168754,D10,-113,776,ok,0
352,11.733,1780168754,G13,-2,249,interpolated,0
352,11.733,1780168754,G18,41,-53,interpolated,0
353,11.767,1780168754,G12,89,229,ok,1
353,11.767,1780168754,G26,7,285,ok,1
353,11.767,1780168754,G22,144,150,ok,1
353,11.767,1780168754,G1,352,215,ok,1
353,11.767,1780168754,G4,196,-8,ok,0
353,11.767,1780168754,G15,92,-27,ok,0
353,11.767,1780168754,G7,142,-24,ok,0
353,11.767,1780168754,G11,156,-14,ok,0
353,11.767,1780168754,G8,473,394,ok,0
353,11.767,1780168754,D2,290,628,ok,1
353,11.767,1780168754,D4,-28,412,ok,0
353,11.767,1780168754,D11,206,736,ok,0
353,11.767,1780168754,D1,191,753,ok,0
353,11.767,1780168754,D7,160,753,ok,0
353,11.767,1780168754,D10,-113,776,ok,0
353,11.767,1780168754,G13,-2,249,interpolated,0
353,11.767,1780168754,G18,41,-53,interpolated,0
354,11.800,1780168754,G26,6,285,ok,1
354,11.800,1780168754,G12,87,234,ok,1
354,11.800,1780168754,G22,147,157,ok,1
354,11.800,1780168754,G4,196,-9,ok,0
354,11.800,1780168754,G1,353,216,ok,1
354,11.800,1780168754,G15,92,-27,ok,0
354,11.800,1780168754,G7,141,-24,ok,0
354,11.800,1780168754,G11,156,-14,ok,0
354,11.800,1780168754,G13,327,256,ok,1
354,11.800,1780168754,D2,289,628,ok,1
354,11.800,1780168754,D4,-28,411,ok,0
354,11.800,1780168754,D11,204,735,ok,1
354,11.800,1780168754,D1,191,753,ok,0
354,11.800,1780168754,D7,159,753,ok,0
354,11.800,1780168754,D10,-114,775,ok,0
354,11.800,1780168754,G18,41,-53,interpolated,0
354,11.800,1780168754,G8,473,394,interpolated,0
355,11.833,1780168754,G26,6,285,ok,1
355,11.833,1780168754,G12,87,234,ok,1
355,11.833,1780168754,G22,147,157,ok,1
355,11.833,1780168754,G1,353,216,ok,1
355,11.833,1780168754,G4,196,-9,ok,0
355,11.833,1780168754,G15,92,-27,ok,0
355,11.833,1780168754,G7,141,-24,ok,0
355,11.833,1780168754,G11,156,-14,ok,0
355,11.833,1780168754,D4,-28,411,ok,0
355,11.833,1780168754,D2,289,628,ok,1
355,11.833,1780168754,D11,204,735,ok,1
355,11.833,1780168754,D1,191,753,ok,0
355,11.833,1780168754,D7,159,753,ok,0
355,11.833,1780168754,D10,-114,775,ok,0
355,11.833,1780168754,G13,327,256,interpolated,1
355,11.833,1780168754,G18,41,-53,interpolated,0
355,11.833,1780168754,G8,473,394,interpolated,0
356,11.867,1780168754,G22,149,161,ok,1
356,11.867,1780168754,G26,4,285,ok,1
356,11.867,1780168754,G1,354,216,ok,1
356,11.867,1780168754,G12,84,235,ok,1
356,11.867,1780168754,G4,195,-9,ok,0
356,11.867,1780168754,G15,92,-27,ok,0
356,11.867,1780168754,G7,141,-24,ok,0
356,11.867,1780168754,G11,156,-14,ok,0
356,11.867,1780168754,D2,290,628,ok,1
356,11.867,1780168754,D4,-28,411,ok,0
356,11.867,1780168754,D1,190,754,ok,0
356,11.867,1780168754,D11,202,736,ok,0
356,11.867,1780168754,D7,159,753,ok,0
356,11.867,1780168754,D10,-113,776,ok,0
356,11.867,1780168754,G13,327,256,interpolated,1
356,11.867,1780168754,G18,41,-53,interpolated,0
356,11.867,1780168754,G8,473,394,interpolated,0
357,11.900,1780168754,G26,4,290,ok,1
357,11.900,1780168754,G22,151,162,ok,1
357,11.900,1780168754,G12,82,235,ok,1
357,11.900,1780168754,G1,355,216,ok,1
357,11.900,1780168754,G4,195,-8,ok,0
357,11.900,1780168754,G15,92,-27,ok,0
357,11.900,1780168754,G7,141,-24,ok,0
357,11.900,1780168754,G11,155,-15,ok,0
357,11.900,1780168754,G13,88,235,ok,1
357,11.900,1780168754,D4,-29,411,ok,0
357,11.900,1780168754,D2,290,628,ok,1
357,11.900,1780168754,D1,190,753,ok,0
357,11.900,1780168754,D11,200,735,ok,1
357,11.900,1780168754,D7,159,753,ok,0
357,11.900,1780168754,D10,-114,775,ok,0
357,11.900,1780168754,G18,41,-53,interpolated,0
357,11.900,1780168754,G8,473,394,interpolated,0
358,11.933,1780168754,G26,6,298,ok,1
358,11.933,1780168754,G22,153,161,ok,1
358,11.933,1780168754,G1,356,217,ok,1
358,11.933,1780168754,G15,92,-27,ok,0
358,11.933,1780168754,G4,195,-8,ok,0
358,11.933,1780168754,G7,141,-24,ok,0
358,11.933,1780168754,G12,81,235,ok,1
358,11.933,1780168754,G11,155,-16,ok,0
358,11.933,1780168754,G13,87,235,ok,1
358,11.933,1780168754,G8,325,270,ok,1
358,11.933,1780168754,D4,-28,409,ok,0
358,11.933,1780168754,D2,290,628,ok,1
358,11.933,1780168754,D11,198,734,ok,1
358,11.933,1780168754,D7,160,753,ok,0
358,11.933,1780168754,D1,190,753,ok,0
358,11.933,1780168754,D10,-113,776,ok,0
358,11.933,1780168754,G18,41,-53,interpolated,0
359,11.967,1780168754,G26,7,308,ok,1
359,11.967,1780168754,G22,155,162,ok,1
359,11.967,1780168754,G12,81,240,ok,1
359,11.967,1780168754,G4,195,-8,ok,0
359,11.967,1780168754,G15,92,-27,ok,0
359,11.967,1780168754,G7,140,-24,ok,0
359,11.967,1780168754,G11,155,-16,ok,0
359,11.967,1780168754,G1,355,225,ok,1
359,11.967,1780168754,G18,48,-14,ok,0
359,11.967,1780168754,G8,325,276,ok,1
359,11.967,1780168754,D4,-27,407,ok,0
359,11.967,1780168754,D2,289,628,ok,1
359,11.967,1780168754,D11,197,734,ok,1
359,11.967,1780168754,D7,159,753,ok,0
359,11.967,1780168754,D10,-113,776,ok,0
359,11.967,1780168754,D1,190,752,ok,0
359,11.967,1780168754,G13,87,235,interpolated,1
360,12.000,1780168755,G1,352,238,ok,1
360,12.000,1780168755,G12,83,251,ok,1
360,12.000,1780168755,G4,194,-8,ok,0
360,12.000,1780168755,G22,156,165,ok,1
360,12.000,1780168755,G15,92,-27,ok,0
360,12.000,1780168755,G26,4,320,ok,1
360,12.000,1780168755,G7,140,-24,ok,0
360,12.000,1780168755,G11,155,-14,ok,0
360,12.000,1780168755,G18,49,-15,ok,0
360,12.000,1780168755,D4,-26,405,ok,0
360,12.000,1780168755,D2,288,628,ok,1
360,12.000,1780168755,D11,194,734,ok,1
360,12.000,1780168755,D7,159,753,ok,0
360,12.000,1780168755,D10,-114,775,ok,0
360,12.000,1780168755,G13,87,235,interpolated,1
360,12.000,1780168755,D1,190,752,interpolated,0
360,12.000,1780168755,G8,325,276,interpolated,1
361,12.033,1780168755,G1,352,238,ok,1
361,12.033,1780168755,G12,83,251,ok,1
361,12.033,1780168755,G4,194,-8,ok,0
361,12.033,1780168755,G22,156,165,ok,1
361,12.033,1780168755,G15,92,-27,ok,0
361,12.033,1780168755,G26,3,320,ok,1
361,12.033,1780168755,G7,140,-24,ok,0
361,12.033,1780168755,G11,155,-14,ok,0
361,12.033,1780168755,G18,49,-15,ok,0
361,12.033,1780168755,D4,-26,405,ok,0
361,12.033,1780168755,D2,288,628,ok,1
361,12.033,1780168755,D11,194,734,ok,1
361,12.033,1780168755,D7,159,753,ok,0
361,12.033,1780168755,D10,-114,775,ok,0
361,12.033,1780168755,G13,87,235,interpolated,1
361,12.033,1780168755,D1,190,752,interpolated,0
361,12.033,1780168755,G8,325,276,interpolated,1
362,12.067,1780168755,G26,5,329,ok,1
362,12.067,1780168755,G22,159,178,ok,1
362,12.067,1780168755,G12,85,262,ok,1
362,12.067,1780168755,G15,92,-28,ok,0
362,12.067,1780168755,G1,352,246,ok,1
362,12.067,1780168755,G4,194,-9,ok,0
362,12.067,1780168755,G7,139,-24,ok,0
362,12.067,1780168755,G11,154,-14,ok,0
362,12.067,1780168755,G18,49,-17,ok,0
362,12.067,1780168755,D4,-27,405,ok,0
362,12.067,1780168755,D2,287,628,ok,1
362,12.067,1780168755,D11,193,734,ok,1
362,12.067,1780168755,D7,159,754,ok,0
362,12.067,1780168755,D10,-114,775,ok,0
362,12.067,1780168755,G13,87,235,interpolated,1
362,12.067,1780168755,D1,190,752,interpolated,0
362,12.067,1780168755,G8,325,276,interpolated,1
363,12.100,1780168755,G26,5,330,ok,1
363,12.100,1780168755,G22,161,189,ok,1
363,12.100,1780168755,G12,86,267,ok,1
363,12.100,1780168755,G15,92,-28,ok,0
363,12.100,1780168755,G7,138,-24,ok,0
363,12.100,1780168755,G4,193,-11,ok,0
363,12.100,1780168755,G1,352,251,ok,1
363,12.100,1780168755,G11,154,-12,ok,0
363,12.100,1780168755,G18,49,-17,ok,0
363,12.100,1780168755,G8,325,296,ok,1
363,12.100,1780168755,G13,159,161,ok,1
363,12.100,1780168755,D4,-27,405,ok,0
363,12.100,1780168755,D2,286,628,ok,1
363,12.100,1780168755,D11,192,733,ok,1
363,12.100,1780168755,D7,159,753,ok,0
363,12.100,1780168755,D10,-114,775,ok,0
363,12.100,1780168755,D1,190,752,interpolated,0
364,12.133,1780168755,G12,86,272,ok,1
364,12.133,1780168755,G22,163,195,ok,1
364,12.133,1780168755,G15,92,-28,ok,0
364,12.133,1780168755,G1,354,250,ok,1
364,12.133,1780168755,G4,193,-12,ok,0
364,12.133,1780168755,G7,137,-24,ok,0
364,12.133,1780168755,G26,0,325,ok,1
364,12.133,1780168755,G11,154,-10,ok,0
364,12.133,1780168755,G18,50,-18,ok,0
364,12.133,1780168755,G8,327,295,ok,1
364,12.133,1780168755,D4,-27,405,ok,0
364,12.133,1780168755,D2,286,628,ok,1
364,12.133,1780168755,D11,191,733,ok,1
364,12.133,1780168755,D7,159,754,ok,0
364,12.133,1780168755,D10,-114,775,ok,0
364,12.133,1780168755,G13,159,161,interpolated,1
364,12.133,1780168755,D1,190,752,interpolated,0
365,12.167,1780168755,G1,354,251,ok,1
365,12.167,1780168755,G12,84,272,ok,1
365,12.167,1780168755,G22,165,199,ok,1
365,12.167,1780168755,G26,0,330,ok,1
365,12.167,1780168755,G15,92,-27,ok,0
365,12.167,1780168755,G4,192,-13,ok,0
365,12.167,1780168755,G7,136,-24,ok,0
365,12.167,1780168755,G11,154,-9,ok,0
365,12.167,1780168755,G8,328,294,ok,1
365,12.167,1780168755,D4,-28,405,ok,0
365,12.167,1780168755,D2,285,628,ok,1
365,12.167,1780168755,D11,191,734,ok,1
365,12.167,1780168755,D7,159,754,ok,0
365,12.167,1780168755,D10,-114,775,ok,0
365,12.167,1780168755,G13,159,161,interpolated,1
365,12.167,1780168755,D1,190,752,interpolated,0
365,12.167,1780168755,G18,50,-18,interpolated,0
366,12.200,1780168755,G22,167,196,ok,1
366,12.200,1780168755,G26,-14,371,merged,1
366,12.200,1780168755,G15,92,-27,ok,0
366,12.200,1780168755,G4,192,-16,ok,0
366,12.200,1780168755,G1,356,251,ok,1
366,12.200,1780168755,G11,154,-8,ok,0
366,12.200,1780168755,G7,136,-23,ok,0
366,12.200,1780168755,G12,84,273,ok,1
366,12.200,1780168755,G18,163,-46,ok,0
366,12.200,1780168755,D2,285,627,ok,1
366,12.200,1780168755,D11,190,732,ok,1
366,12.200,1780168755,D7,159,753,ok,0
366,12.200,1780168755,D10,-114,775,ok,0
366,12.200,1780168755,G13,159,161,interpolated,1
366,12.200,1780168755,D1,190,752,interpolated,0
366,12.200,1780168755,D4,-28,405,interpolated,0
366,12.200,1780168755,G8,328,294,interpolated,1
367,12.233,1780168755,G22,167,196,ok,1
367,12.233,1780168755,G26,-14,371,merged,1
367,12.233,1780168755,G15,92,-27,ok,0
367,12.233,1780168755,G4,192,-16,ok,0
367,12.233,1780168755,G1,356,251,ok,1
367,12.233,1780168755,G11,154,-8,ok,0
367,12.233,1780168755,G7,136,-23,ok,0
367,12.233,1780168755,G12,84,273,ok,1
367,12.233,1780168755,G18,163,-46,ok,0
367,12.233,1780168755,D2,285,627,ok,1
367,12.233,1780168755,D11,190,732,ok,1
367,12.233,1780168755,D7,159,753,ok,0
367,12.233,1780168755,D10,-114,775,ok,0
367,12.233,1780168755,G13,159,161,interpolated,1
367,12.233,1780168755,D1,190,752,interpolated,0
367,12.233,1780168755,D4,-28,405,interpolated,0
367,12.233,1780168755,G8,328,294,interpolated,1
368,12.267,1780168755,G26,-14,374,merged,1
368,12.267,1780168755,G1,356,256,ok,1
368,12.267,1780168755,G22,169,199,ok,1
368,12.267,1780168755,G15,92,-27,ok,0
368,12.267,1780168755,G4,191,-19,ok,0
368,12.267,1780168755,G11,154,-8,ok,0
368,12.267,1780168755,G12,81,273,ok,1
368,12.267,1780168755,G7,136,-21,ok,0
368,12.267,1780168755,G18,163,-46,ok,0
368,12.267,1780168755,G13,48,-27,ok,0
368,12.267,1780168755,D2,285,627,ok,1
368,12.267,1780168755,D11,189,733,ok,1
368,12.267,1780168755,D7,159,754,ok,0
368,12.267,1780168755,D1,194,763,ok,0
368,12.267,1780168755,D10,-114,775,ok,0
368,12.267,1780168755,D4,-28,405,interpolated,0
368,12.267,1780168755,G8,328,294,interpolated,1
369,12.300,1780168755,G1,353,268,ok,1
369,12.300,1780168755,G22,171,200,ok,1
369,12.300,1780168755,G26,-13,381,merged,1
369,12.300,1780168755,G15,92,-27,ok,0
369,12.300,1780168755,G4,191,-21,ok,0
369,12.300,1780168755,G11,154,-8,ok,0
369,12.300,1780168755,G7,135,-18,ok,0
369,12.300,1780168755,G12,79,278,ok,1
369,12.300,1780168755,G13,49,-25,ok,0
369,12.300,1780168755,G18,163,-46,ok,0
369,12.300,1780168755,D2,285,626,ok,1
369,12.300,1780168755,D11,187,732,ok,1
369,12.300,1780168755,D1,194,757,ok,0
369,12.300,1780168755,D7,159,753,ok,0
369,12.300,1780168755,D10,-114,775,ok,0
369,12.300,1780168755,D4,-28,405,interpolated,0
369,12.300,1780168755,G8,328,294,interpolated,1
370,12.333,1780168755,G1,352,278,ok,1
370,12.333,1780168755,G22,172,210,ok,1
370,12.333,1780168755,G26,-14,383,merged,1
370,12.333,1780168755,G15,92,-27,ok,0
370,12.333,1780168755,G4,191,-20,ok,0
370,12.333,1780168755,G11,154,-8,ok,0
370,12.333,1780168755,G12,78,287,ok,1
370,12.333,1780168755,G7,136,-17,ok,0
370,12.333,1780168755,G13,49,-25,ok,0
370,12.333,1780168755,G18,164,-46,ok,0
370,12.333,1780168755,D2,284,625,ok,1
370,12.333,1780168755,D11,186,733,ok,1
370,12.333,1780168755,D7,160,753,ok,0
370,12.333,1780168755,D1,194,756,ok,0
370,12.333,1780168755,D10,-114,775,ok,0
370,12.333,1780168755,D4,-28,405,interpolated,0
370,12.333,1780168755,G8,328,294,interpolated,1
371,12.367,1780168755,G1,353,284,ok,1
371,12.367,1780168755,G26,-12,388,merged,0
371,12.367,1780168755,G22,175,224,ok,1
371,12.367,1780168755,G12,81,298,ok,1
371,12.367,1780168755,G15,92,-27,ok,0
371,12.367,1780168755,G4,192,-21,ok,0
371,12.367,1780168755,G11,154,-7,ok,0
371,12.367,1780168755,G7,136,-15,ok,0
371,12.367,1780168755,G18,164,-46,ok,0
371,12.367,1780168755,D2,283,624,ok,1
371,12.367,1780168755,D11,184,733,ok,1
371,12.367,1780168755,D1,195,756,ok,0
371,12.367,1780168755,D7,160,753,ok,0
371,12.367,1780168755,D10,-114,775,ok,0
371,12.367,1780168755,G13,49,-25,interpolated,0
371,12.367,1780168755,D4,-28,405,interpolated,0
371,12.367,1780168755,G8,328,294,interpolated,1
372,12.400,1780168755,G22,177,231,ok,1
372,12.400,1780168755,G26,-13,390,merged,0
372,12.400,1780168755,G12,74,306,ok,1
372,12.400,1780168755,G1,353,289,ok,1
372,12.400,1780168755,G15,92,-27,ok,0
372,12.400,1780168755,G4,192,-21,ok,0
372,12.400,1780168755,G11,154,-7,ok,0
372,12.400,1780168755,G7,135,-14,ok,0
372,12.400,1780168755,G18,165,-45,ok,0
372,12.400,1780168755,D2,283,623,ok,1
372,12.400,1780168755,D7,160,753,ok,0
372,12.400,1780168755,D11,181,732,ok,1
372,12.400,1780168755,D1,196,756,ok,0
372,12.400,1780168755,D10,-114,775,ok,0
372,12.400,1780168755,G13,49,-25,interpolated,0
372,12.400,1780168755,D4,-28,405,interpolated,0
372,12.400,1780168755,G8,328,294,interpolated,1
373,12.433,1780168755,G22,177,231,ok,1
373,12.433,1780168755,G26,-13,390,merged,0
373,12.433,1780168755,G12,74,306,ok,1
373,12.433,1780168755,G1,353,289,ok,1
373,12.433,1780168755,G15,92,-27,ok,0
373,12.433,1780168755,G4,192,-21,ok,0
373,12.433,1780168755,G11,154,-7,ok,0
373,12.433,1780168755,G7,135,-14,ok,0
373,12.433,1780168755,G18,165,-45,ok,0
373,12.433,1780168755,D2,283,623,ok,1
373,12.433,1780168755,D7,160,753,ok,0
373,12.433,1780168755,D11,182,732,ok,1
373,12.433,1780168755,D1,196,756,ok,0
373,12.433,1780168755,D10,-114,775,ok,0
373,12.433,1780168755,G13,49,-25,interpolated,0
373,12.433,1780168755,D4,-28,405,interpolated,0
373,12.433,1780168755,G8,328,294,interpolated,1
374,12.467,1780168755,G22,180,236,ok,1
374,12.467,1780168755,G26,-13,390,merged,0
374,12.467,1780168755,G1,355,290,ok,1
374,12.467,1780168755,G12,72,310,ok,1
374,12.467,1780168755,G15,92,-27,ok,0
374,12.467,1780168755,G4,192,-21,ok,0
374,12.467,1780168755,G11,154,-7,ok,0
374,12.467,1780168755,G7,135,-14,ok,0
374,12.467,1780168755,G18,165,-45,ok,0
374,12.467,1780168755,D2,283,623,ok,1
374,12.467,1780168755,D7,160,754,ok,0
374,12.467,1780168755,D11,179,732,ok,1
374,12.467,1780168755,D13,197,757,ok,0
374,12.467,1780168755,D1,196,757,ok,0
374,12.467,1780168755,D10,-114,775,ok,0
374,12.467,1780168755,G13,49,-25,interpolated,0
374,12.467,1780168755,D4,-28,405,interpolated,0
374,12.467,1780168755,G8,328,294,interpolated,1
375,12.500,1780168755,G22,183,239,ok,1
375,12.500,1780168755,G1,357,290,ok,1
375,12.500,1780168755,G26,-13,390,merged,0
375,12.500,1780168755,G12,72,311,ok,1
375,12.500,1780168755,G15,92,-27,ok,0
375,12.500,1780168755,G4,191,-21,ok,0
375,12.500,1780168755,G11,154,-7,ok,0
375,12.500,1780168755,G27,37,385,ok,0
375,12.500,1780168755,G13,58,-26,ok,0
375,12.500,1780168755,G7,134,-12,ok,0
375,12.500,1780168755,G18,165,-45,ok,0
375,12.500,1780168755,G8,330,318,ok,1
375,12.500,1780168755,D2,283,623,ok,1
375,12.500,1780168755,D11,178,732,ok,1
375,12.500,1780168755,D7,160,753,ok,0
375,12.500,1780168755,D13,197,757,ok,0
375,12.500,1780168755,D10,-114,775,ok,0
375,12.500,1780168755,D1,196,757,interpolated,0
375,12.500,1780168755,D4,-28,405,interpolated,0
376,12.533,1780168755,G22,185,240,ok,1
376,12.533,1780168755,G26,-14,393,merged,0
376,12.533,1780168755,G12,34,326,merged,1
376,12.533,1780168755,G1,359,290,ok,1
376,12.533,1780168755,G15,92,-27,ok,0
376,12.533,1780168755,G4,192,-21,ok,0
376,12.533,1780168755,G11,154,-7,ok,0
376,12.533,1780168755,G7,135,-11,ok,0
376,12.533,1780168755,G18,165,-45,ok,0
376,12.533,1780168755,D2,283,623,ok,1
376,12.533,1780168755,D11,175,732,ok,1
376,12.533,1780168755,D7,160,753,ok,0
376,12.533,1780168755,D13,197,758,ok,0
376,12.533,1780168755,D10,-114,775,ok,0
376,12.533,1780168755,G13,58,-26,interpolated,0
376,12.533,1780168755,D1,196,757,interpolated,0
376,12.533,1780168755,G8,330,318,interpolated,1
376,12.533,1780168755,G27,37,385,interpolated,0
377,12.567,1780168755,G1,359,293,ok,1
377,12.567,1780168755,G26,-13,396,merged,0
377,12.567,1780168755,G22,187,240,ok,1
377,12.567,1780168755,G12,37,330,merged,1
377,12.567,1780168755,G15,92,-27,ok,0
377,12.567,1780168755,G4,191,-21,ok,0
377,12.567,1780168755,G11,154,-7,ok,0
377,12.567,1780168755,G18,165,-45,ok,0
377,12.567,1780168755,G7,135,-10,ok,0
377,12.567,1780168755,D2,283,623,ok,1
377,12.567,1780168755,D11,173,732,ok,1
377,12.567,1780168755,D7,160,754,ok,0
377,12.567,1780168755,D1,199,760,ok,0
377,12.567,1780168755,D13,198,759,ok,0
377,12.567,1780168755,D10,-114,775,ok,0
377,12.567,1780168755,G13,58,-26,interpolated,0
377,12.567,1780168755,G8,330,318,interpolated,1
377,12.567,1780168755,G27,37,385,interpolated,0
378,12.600,1780168755,G26,-13,399,merged,0
378,12.600,1780168755,G1,359,301,ok,1
378,12.600,1780168755,G22,189,241,ok,1
378,12.600,1780168755,G12,39,335,merged,1
378,12.600,1780168755,G15,92,-27,ok,0
378,12.600,1780168755,G4,191,-21,ok,0
378,12.600,1780168755,G11,154,-7,ok,0
378,12.600,1780168755,G7,134,-10,ok,0
378,12.600,1780168755,G8,473,395,ok,0
378,12.600,1780168755,G18,165,-46,ok,0
378,12.600,1780168755,D2,283,624,ok,1
378,12.600,1780168755,D1,199,761,ok,0
378,12.600,1780168755,D11,172,733,ok,1
378,12.600,1780168755,D7,160,756,ok,0
378,12.600,1780168755,D10,-114,775,ok,0
378,12.600,1780168755,G13,58,-26,interpolated,0
378,12.600,1780168755,D13,198,759,interpolated,0
378,12.600,1780168755,G27,37,385,interpolated,0
379,12.633,1780168755,G26,-13,399,merged,0
379,12.633,1780168755,G1,359,301,ok,1
379,12.633,1780168755,G22,189,241,ok,1
379,12.633,1780168755,G12,39,335,merged,1
379,12.633,1780168755,G15,92,-27,ok,0
379,12.633,1780168755,G4,191,-21,ok,0
379,12.633,1780168755,G11,154,-7,ok,0
379,12.633,1780168755,G7,134,-10,ok,0
379,12.633,1780168755,G8,473,395,ok,0
379,12.633,1780168755,D2,283,624,ok,1
379,12.633,1780168755,D1,199,761,ok,0
379,12.633,1780168755,D11,172,733,ok,1
379,12.633,1780168755,D7,160,756,ok,0
379,12.633,1780168755,D10,-114,775,ok,0
379,12.633,1780168755,G13,58,-26,interpolated,0
379,12.633,1780168755,G18,165,-46,interpolated,0
379,12.633,1780168755,D13,198,759,interpolated,0
379,12.633,1780168755,G27,37,385,interpolated,0
380,12.667,1780168755,G26,-14,399,merged,0
380,12.667,1780168755,G22,191,251,ok,1
380,12.667,1780168755,G1,357,315,ok,1
380,12.667,1780168755,G12,40,343,merged,1
380,12.667,1780168755,G15,92,-27,ok,0
380,12.667,1780168755,G4,190,-21,ok,0
380,12.667,1780168755,G11,154,-7,ok,0
380,12.667,1780168755,G7,133,-9,ok,0
380,12.667,1780168755,G13,61,-27,ok,0
380,12.667,1780168755,G8,473,395,ok,0
380,12.667,1780168755,G18,165,-46,ok,0
380,12.667,1780168755,D2,283,623,ok,1
380,12.667,1780168755,D11,171,731,ok,1
380,12.667,1780168755,D1,200,761,ok,0
380,12.667,1780168755,D7,159,756,ok,0
380,12.667,1780168755,D10,-114,775,ok,0
380,12.667,1780168755,D13,198,759,interpolated,0
380,12.667,1780168755,G27,37,385,interpolated,0
381,12.700,1780168755,G22,193,264,ok,1
381,12.700,1780168755,G12,41,346,merged,1
381,12.700,1780168755,G1,357,322,ok,1
381,12.700,1780168755,G26,-16,400,merged,0
381,12.700,1780168755,G15,93,-27,ok,0
381,12.700,1780168755,G4,190,-21,ok,0
381,12.700,1780168755,G7,132,-10,ok,0
381,12.700,1780168755,G11,154,-7,ok,0
381,12.700,1780168755,G8,473,395,ok,0
381,12.700,1780168755,D11,171,732,ok,1
381,12.700,1780168755,D2,283,623,ok,1
381,12.700,1780168755,D1,200,761,ok,0
381,12.700,1780168755,D7,159,757,ok,0
381,12.700,1780168755,D10,-114,775,ok,0
381,12.700,1780168755,G13,61,-27,interpolated,0
381,12.700,1780168755,G18,165,-46,interpolated,0
381,12.700,1780168755,D13,198,759,interpolated,0
381,12.700,1780168755,G27,37,385,interpolated,0
382,12.733,1780168755,G22,195,272,ok,1
382,12.733,1780168755,G1,358,326,ok,1
382,12.733,1780168755,G12,42,350,merged,1
382,12.733,1780168755,G15,93,-27,ok,0
382,12.733,1780168755,G4,188,-22,ok,0
382,12.733,1780168755,G7,132,-10,ok,0
382,12.733,1780168755,G11,154,-7,ok,0
382,12.733,1780168755,G26,-15,399,merged,0
382,12.733,1780168755,G8,473,395,ok,0
382,12.733,1780168755,D2,282,623,ok,1
382,12.733,1780168755,D11,170,732,ok,1
382,12.733,1780168755,D1,200,761,ok,0
382,12.733,1780168755,D10,-114,775,ok,0
382,12.733,1780168755,D7,160,758,ok,0
382,12.733,1780168755,G13,61,-27,interpolated,0
382,12.733,1780168755,G18,165,-46,interpolated,0
382,12.733,1780168755,D13,198,759,interpolated,0
382,12.733,1780168755,G27,37,385,interpolated,0
383,12.767,1780168755,G22,198,276,ok,1
383,12.767,1780168755,G12,43,350,merged,1
383,12.767,1780168755,G15,93,-27,ok,0
383,12.767,1780168755,G4,188,-23,ok,0
383,12.767,1780168755,G11,154,-7,ok,0
383,12.767,1780168755,G7,132,-10,ok,0
383,12.767,1780168755,G8,473,395,ok,0
383,12.767,1780168755,D4,-30,405,ok,0
383,12.767,1780168755,D2,282,623,ok,1
383,12.767,1780168755,D11,169,733,ok,1
383,12.767,1780168755,D1,201,760,ok,0
383,12.767,1780168755,D10,-114,775,ok,0
383,12.767,1780168755,G13,61,-27,interpolated,0
383,12.767,1780168755,D7,160,758,interpolated,0
383,12.767,1780168755,G18,165,-46,interpolated,0
383,12.767,1780168755,G1,358,326,interpolated,1
383,12.767,1780168755,G26,-15,399,interpolated,0
383,12.767,1780168755,D13,198,759,interpolated,0
383,12.767,1780168755,G27,37,385,interpolated,0
384,12.800,1780168755,G22,199,279,ok,1
384,12.800,1780168755,G1,359,331,ok,1
384,12.800,1780168755,G4,187,-24,ok,0
384,12.800,1780168755,G15,93,-27,ok,0
384,12.800,1780168755,G11,154,-7,ok,0
384,12.800,1780168755,G7,132,-10,ok,0
384,12.800,1780168755,G8,473,395,ok,0
384,12.800,1780168755,G18,164,-49,ok,0
384,12.800,1780168755,G13,38,-55,ok,0
384,12.800,1780168755,D4,-30,404,ok,0
384,12.800,1780168755,D14,9,354,ok,0
384,12.800,1780168755,D2,282,623,ok,1
384,12.800,1780168755,D11,167,734,ok,1
384,12.800,1780168755,D1,201,760,ok,0
384,12.800,1780168755,D10,-114,776,ok,0
384,12.800,1780168755,G12,43,350,interpolated,1
384,12.800,1780168755,D7,160,758,interpolated,0
384,12.800,1780168755,G26,-15,399,interpolated,0
384,12.800,1780168755,D13,198,759,interpolated,0
384,12.800,1780168755,G27,37,385,interpolated,0
385,12.833,1780168755,G22,199,279,ok,1
385,12.833,1780168755,G1,359,331,ok,1
385,12.833,1780168755,G4,187,-24,ok,0
385,12.833,1780168755,G15,93,-27,ok,0
385,12.833,1780168755,G11,154,-6,ok,0
385,12.833,1780168755,G7,132,-10,ok,0
385,12.833,1780168755,G8,473,395,ok,0
385,12.833,1780168755,G13,38,-55,ok,0
385,12.833,1780168755,G18,164,-48,ok,0
385,12.833,1780168755,D4,-30,404,ok,0
385,12.833,1780168755,D14,9,354,ok,0
385,12.833,1780168755,D2,282,623,ok,1
385,12.833,1780168755,D11,167,734,ok,1
385,12.833,1780168755,D1,201,760,ok,0
385,12.833,1780168755,D10,-114,776,ok,0
385,12.833,1780168755,G12,43,350,interpolated,1
385,12.833,1780168755,D7,160,758,interpolated,0
385,12.833,1780168755,G26,-15,399,interpolated,0
385,12.833,1780168755,D13,198,759,interpolated,0
385,12.833,1780168755,G27,37,385,interpolated,0
386,12.867,1780168755,G22,200,279,ok,1
386,12.867,1780168755,G1,360,331,ok,1
386,12.867,1780168755,G15,93,-27,ok,0
386,12.867,1780168755,G4,188,-26,ok,0
386,12.867,1780168755,G7,132,-10,ok,0
386,12.867,1780168755,G11,153,-8,ok,0
386,12.867,1780168755,G18,164,-48,ok,0
386,12.867,1780168755,G8,473,395,ok,0
386,12.867,1780168755,G13,38,-54,ok,0
386,12.867,1780168755,D4,-30,405,ok,0
386,12.867,1780168755,D14,8,357,ok,0
386,12.867,1780168755,D2,282,623,ok,1
386,12.867,1780168755,D11,165,734,ok,1
386,12.867,1780168755,D1,203,760,ok,0
386,12.867,1780168755,D10,-114,776,ok,0
386,12.867,1780168755,G12,43,350,interpolated,1
386,12.867,1780168755,D7,160,758,interpolated,0
386,12.867,1780168755,G26,-15,399,interpolated,0
386,12.867,1780168755,D13,198,759,interpolated,0
387,12.900,1780168755,G22,202,280,ok,1
387,12.900,1780168755,G1,361,332,ok,1
387,12.900,1780168755,G15,93,-27,ok,0
387,12.900,1780168755,G4,188,-29,ok,0
387,12.900,1780168755,G7,132,-10,ok,0
387,12.900,1780168755,G11,153,-7,ok,0
387,12.900,1780168755,G18,164,-48,ok,0
387,12.900,1780168755,G13,38,-54,ok,0
387,12.900,1780168755,G8,473,395,ok,0
387,12.900,1780168755,D4,-30,404,ok,0
387,12.900,1780168755,D14,10,361,ok,0
387,12.900,1780168755,D2,282,623,ok,1
387,12.900,1780168755,D11,163,734,ok,1
387,12.900,1780168755,D1,204,760,ok,0
387,12.900,1780168755,D10,-114,776,ok,0
387,12.900,1780168755,G12,43,350,interpolated,1
387,12.900,1780168755,D7,160,758,interpolated,0
387,12.900,1780168755,G26,-15,399,interpolated,0
387,12.900,1780168755,D13,198,759,interpolated,0
388,12.933,1780168755,G22,204,286,ok,1
388,12.933,1780168755,G1,361,338,ok,1
388,12.933,1780168755,G15,93,-27,ok,0
388,12.933,1780168755,G4,187,-31,ok,0
388,12.933,1780168755,G7,132,-10,ok,0
388,12.933,1780168755,G11,153,-7,ok,0
388,12.933,1780168755,G12,46,371,merged,1
388,12.933,1780168755,G18,164,-48,ok,0
388,12.933,1780168755,G27,86,376,ok,0
388,12.933,1780168755,G13,38,-53,ok,0
388,12.933,1780168755,D4,-30,404,ok,0
388,12.933,1780168755,D2,282,623,ok,1
388,12.933,1780168755,D11,161,735,ok,1
388,12.933,1780168755,D10,-114,776,ok,0
388,12.933,1780168755,D1,206,760,ok,0
388,12.933,1780168755,D7,160,758,interpolated,0
388,12.933,1780168755,G8,473,395,interpolated,0
388,12.933,1780168755,G26,-15,399,interpolated,0
388,12.933,1780168755,D14,10,361,interpolated,0
389,12.967,1780168755,G22,206,299,ok,1
389,12.967,1780168755,G1,360,349,ok,1
389,12.967,1780168755,G12,47,375,merged,1
389,12.967,1780168755,G15,93,-27,ok,0
389,12.967,1780168755,G4,188,-32,ok,0
389,12.967,1780168755,G7,132,-10,ok,0
389,12.967,1780168755,G11,153,-7,ok,0
389,12.967,1780168755,G18,164,-48,ok,0
389,12.967,1780168755,G13,38,-53,ok,0
389,12.967,1780168755,D4,-30,404,ok,0
389,12.967,1780168755,D2,282,623,ok,1
389,12.967,1780168755,D11,160,734,ok,1
389,12.967,1780168755,D10,-114,776,ok,0
389,12.967,1780168755,D1,207,760,ok,0
389,12.967,1780168755,D7,160,758,interpolated,0
389,12.967,1780168755,G8,473,395,interpolated,0
389,12.967,1780168755,G26,-15,399,interpolated,0
389,12.967,1780168755,D14,10,361,interpolated,0
389,12.967,1780168755,G27,86,376,interpolated,0
390,13.000,1780168756,G22,209,308,ok,1
390,13.000,1780168756,G15,92,-27,ok,0
390,13.000,1780168756,G1,359,360,ok,1
390,13.000,1780168756,G12,46,381,merged,1
390,13.000,1780168756,G4,188,-33,ok,0
390,13.000,1780168756,G11,153,-7,ok,0
390,13.000,1780168756,G7,131,-10,ok,0
390,13.000,1780168756,G13,38,-53,ok,0
390,13.000,1780168756,G8,473,395,ok,0
390,13.000,1780168756,D4,-30,404,ok,0
390,13.000,1780168756,D2,282,623,ok,1
390,13.000,1780168756,D11,158,734,ok,1
390,13.000,1780168756,D1,208,760,ok,0
390,13.000,1780168756,D10,-114,775,ok,0
390,13.000,1780168756,D7,160,758,interpolated,0
390,13.000,1780168756,G18,164,-48,interpolated,0
390,13.000,1780168756,G26,-15,399,interpolated,0
390,13.000,1780168756,D14,10,361,interpolated,0
390,13.000,1780168756,G27,86,376,interpolated,0
391,13.033,1780168756,G22,209,308,ok,1
391,13.033,1780168756,G15,92,-27,ok,0
391,13.033,1780168756,G1,359,359,ok,1
391,13.033,1780168756,G12,46,381,merged,1
391,13.033,1780168756,G4,188,-33,ok,0
391,13.033,1780168756,G11,152,-7,ok,0
391,13.033,1780168756,G7,131,-10,ok,0
391,13.033,1780168756,G13,38,-53,ok,0
391,13.033,1780168756,G8,473,395,ok,0
391,13.033,1780168756,D4,-30,404,ok,0
391,13.033,1780168756,D2,282,623,ok,1
391,13.033,1780168756,D11,158,734,ok,1
391,13.033,1780168756,D1,208,760,ok,0
391,13.033,1780168756,D10,-114,775,ok,0
391,13.033,1780168756,D7,160,758,interpolated,0
391,13.033,1780168756,G18,164,-48,interpolated,0
391,13.033,1780168756,G26,-15,399,interpolated,0
391,13.033,1780168756,D14,10,361,interpolated,0
391,13.033,1780168756,G27,86,376,interpolated,0
392,13.067,1780168756,G22,211,315,ok,1
392,13.067,1780168756,G15,93,-27,ok,0
392,13.067,1780168756,G1,360,365,ok,1
392,13.067,1780168756,G11,151,-7,ok,0
392,13.067,1780168756,G7,131,-8,ok,0
392,13.067,1780168756,G4,187,-33,ok,0
392,13.067,1780168756,G13,38,-53,ok,0
392,13.067,1780168756,G8,473,395,ok,0
392,13.067,1780168756,D4,-31,404,ok,0
392,13.067,1780168756,D2,282,623,ok,1
392,13.067,1780168756,D11,156,734,ok,1
392,13.067,1780168756,D14,10,392,ok,1
392,13.067,1780168756,D1,208,760,ok,0
392,13.067,1780168756,D10,-114,775,ok,0
392,13.067,1780168756,G12,46,381,interpolated,1
392,13.067,1780168756,D7,160,758,interpolated,0
392,13.067,1780168756,G18,164,-48,interpolated,0
392,13.067,1780168756,G26,-15,399,interpolated,0
392,13.067,1780168756,G27,86,376,interpolated,0
393,13.100,1780168756,G22,213,319,ok,1
393,13.100,1780168756,G15,92,-27,ok,0
393,13.100,1780168756,G11,151,-7,ok,0
393,13.100,1780168756,G7,131,-6,ok,0
393,13.100,1780168756,G1,361,367,ok,1
393,13.100,1780168756,G4,187,-33,ok,0
393,13.100,1780168756,G13,38,-53,ok,0
393,13.100,1780168756,G8,473,395,ok,0
393,13.100,1780168756,D4,-30,404,ok,0
393,13.100,1780168756,D14,11,393,ok,1
393,13.100,1780168756,D11,154,734,ok,1
393,13.100,1780168756,D2,282,623,ok,1
393,13.100,1780168756,D1,209,760,ok,0
393,13.100,1780168756,D10,-114,775,ok,0
393,13.100,1780168756,D7,161,755,ok,0
393,13.100,1780168756,G12,46,381,interpolated,1
393,13.100,1780168756,G18,164,-48,interpolated,0
393,13.100,1780168756,G27,86,376,interpolated,0
394,13.133,1780168756,G22,216,320,ok,1
394,13.133,1780168756,G15,92,-27,ok,0
394,13.133,1780168756,G11,150,-7,ok,0
394,13.133,1780168756,G7,131,-5,ok,0
394,13.133,1780168756,G1,363,367,ok,1
394,13.133,1780168756,G4,187,-33,ok,0
394,13.133,1780168756,G13,39,-53,ok,0
394,13.133,1780168756,G8,473,395,ok,0
394,13.133,1780168756,D4,-30,404,ok,0
394,13.133,1780168756,D14,13,395,ok,1
394,13.133,1780168756,D2,282,623,ok,1
394,13.133,1780168756,D11,153,735,ok,1
394,13.133,1780168756,D1,210,760,ok,0
394,13.133,1780168756,D7,160,754,ok,0
394,13.133,1780168756,D10,-114,775,ok,0
394,13.133,1780168756,G12,46,381,interpolated,1
394,13.133,1780168756,G18,164,-48,interpolated,0
394,13.133,1780168756,G27,86,376,interpolated,0
395,13.167,1780168756,G22,218,320,ok,1
395,13.167,1780168756,G15,92,-27,ok,0
395,13.167,1780168756,G11,150,-7,ok,0
395,13.167,1780168756,G7,130,-4,ok,0
395,13.167,1780168756,G4,187,-33,ok,0
395,13.167,1780168756,G1,364,368,ok,0
395,13.167,1780168756,G13,39,-53,ok,0
395,13.167,1780168756,G8,473,395,ok,0
395,13.167,1780168756,D4,-30,405,ok,0
395,13.167,1780168756,D14,15,398,ok,1
395,13.167,1780168756,D2,282,623,ok,1
395,13.167,1780168756,D11,152,735,ok,1
395,13.167,1780168756,D1,211,759,ok,0
395,13.167,1780168756,D7,161,754,ok,0
395,13.167,1780168756,D15,81,362,ok,0
395,13.167,1780168756,D10,-114,775,ok,0
395,13.167,1780168756,G12,46,381,interpolated,1
395,13.167,1780168756,G18,164,-48,interpolated,0
395,13.167,1780168756,G27,86,376,interpolated,0
396,13.200,1780168756,G22,220,323,ok,1
396,13.200,1780168756,G15,92,-27,ok,0
396,13.200,1780168756,G11,150,-7,ok,0
396,13.200,1780168756,G7,128,-4,ok,0
396,13.200,1780168756,G1,364,371,ok,0
396,13.200,1780168756,G4,187,-32,ok,0
396,13.200,1780168756,G13,40,-53,ok,0
396,13.200,1780168756,D4,-29,404,ok,0
396,13.200,1780168756,D14,17,405,ok,1
396,13.200,1780168756,D2,282,623,ok,1
396,13.200,1780168756,D15,86,363,ok,0
396,13.200,1780168756,D11,151,735,ok,1
396,13.200,1780168756,D1,211,757,ok,0
396,13.200,1780168756,D7,161,754,ok,0
396,13.200,1780168756,D10,-114,775,ok,0
396,13.200,1780168756,G12,46,381,interpolated,1
396,13.200,1780168756,G18,164,-48,interpolated,0
396,13.200,1780168756,G8,473,395,interpolated,0
396,13.200,1780168756,G27,86,376,interpolated,0
397,13.233,1780168756,G22,220,323,ok,1
397,13.233,1780168756,G15,92,-27,ok,0
397,13.233,1780168756,G11,150,-7,ok,0
397,13.233,1780168756,G7,128,-4,ok,0
397,13.233,1780168756,G1,364,371,ok,0
397,13.233,1780168756,G4,187,-32,ok,0
397,13.233,1780168756,G13,40,-53,ok,0
397,13.233,1780168756,D4,-29,404,ok,0
397,13.233,1780168756,D14,17,404,ok,1
397,13.233,1780168756,D2,282,623,ok,1
397,13.233,1780168756,D15,86,363,ok,0
397,13.233,1780168756,D11,151,735,ok,1
397,13.233,1780168756,D1,211,757,ok,0
397,13.233,1780168756,D7,161,754,ok,0
397,13.233,1780168756,D10,-115,776,ok,0
397,13.233,1780168756,G12,46,381,interpolated,1
397,13.233,1780168756,G18,164,-48,interpolated,0
397,13.233,1780168756,G8,473,395,interpolated,0
397,13.233,1780168756,G27,86,376,interpolated,0
398,13.267,1780168756,G22,222,330,ok,1
398,13.267,1780168756,G15,92,-27,ok,0
398,13.267,1780168756,G11,150,-7,ok,0
398,13.267,1780168756,G7,128,-4,ok,0
398,13.267,1780168756,G4,187,-33,ok,0
398,13.267,1780168756,G1,364,377,ok,0
398,13.267,1780168756,G13,41,-53,ok,0
398,13.267,1780168756,G8,359,377,ok,0
398,13.267,1780168756,D4,-29,404,ok,0
398,13.267,1780168756,D15,88,364,ok,0
398,13.267,1780168756,D14,19,409,ok,1
398,13.267,1780168756,D11,151,735,ok,1
398,13.267,1780168756,D2,282,623,ok,1
398,13.267,1780168756,D1,211,757,ok,0
398,13.267,1780168756,D7,161,754,ok,0
398,13.267,1780168756,D10,-115,776,ok,0
398,13.267,1780168756,G12,46,381,interpolated,1
398,13.267,1780168756,G18,164,-48,interpolated,0
398,13.267,1780168756,G27,86,376,interpolated,0
399,13.300,1780168756,G22,223,337,ok,1
399,13.300,1780168756,G15,93,-27,ok,0
399,13.300,1780168756,G11,150,-7,ok,0
399,13.300,1780168756,G1,365,382,ok,0
399,13.300,1780168756,G7,127,-5,ok,0
399,13.300,1780168756,G4,187,-33,ok,0
399,13.300,1780168756,G13,41,-53,ok,0
399,13.300,1780168756,G18,162,-45,ok,0
399,13.300,1780168756,D4,-29,404,ok,0
399,13.300,1780168756,D14,20,416,ok,1
399,13.300,1780168756,D15,90,364,ok,0
399,13.300,1780168756,D2,282,623,ok,1
399,13.300,1780168756,D11,150,736,ok,0
399,13.300,1780168756,D1,212,757,ok,0
399,13.300,1780168756,D7,160,755,ok,0
399,13.300,1780168756,D10,-115,776,ok,0
399,13.300,1780168756,G12,46,381,interpolated,1
399,13.300,1780168756,G8,359,377,interpolated,0
400,13.333,1780168756,G22,224,347,ok,1
400,13.333,1780168756,G15,93,-27,ok,0
400,13.333,1780168756,G11,150,-7,ok,0
400,13.333,1780168756,G4,187,-33,ok,0
400,13.333,1780168756,G7,127,-5,ok,0
400,13.333,1780168756,G13,42,-54,ok,0
400,13.333,1780168756,G18,161,-44,ok,0
400,13.333,1780168756,D4,-29,404,ok,0
400,13.333,1780168756,D14,19,424,ok,1
400,13.333,1780168756,D15,91,367,ok,1
400,13.333,1780168756,D2,282,623,ok,1
400,13.333,1780168756,D1,212,756,ok,0
400,13.333,1780168756,D11,148,736,ok,0
400,13.333,1780168756,D7,161,757,ok,0
400,13.333,1780168756,D10,-114,775,ok,0
400,13.333,1780168756,G12,46,381,interpolated,1
400,13.333,1780168756,G1,365,382,interpolated,0
400,13.333,1780168756,G8,359,377,interpolated,0
401,13.367,1780168756,G22,226,356,ok,1
401,13.367,1780168756,G15,93,-27,ok,0
401,13.367,1780168756,G11,149,-7,ok,0
401,13.367,1780168756,G7,127,-5,ok,0
401,13.367,1780168756,G4,187,-33,ok,0
401,13.367,1780168756,G18,161,-43,ok,0
401,13.367,1780168756,G13,42,-54,ok,0
401,13.367,1780168756,G1,371,368,merged,0
401,13.367,1780168756,D4,-28,405,ok,0
401,13.367,1780168756,D14,19,429,ok,1
401,13.367,1780168756,D15,92,372,ok,1
401,13.367,1780168756,D2,282,623,ok,1
401,13.367,1780168756,D1,212,757,ok,0
401,13.367,1780168756,D11,147,737,ok,0
401,13.367,1780168756,D7,160,755,ok,0
401,13.367,1780168756,D10,-114,775,ok,0
401,13.367,1780168756,G12,46,381,interpolated,1
401,13.367,1780168756,G8,359,377,interpolated,0
402,13.400,1780168756,G22,226,363,ok,1
402,13.400,1780168756,G15,93,-28,ok,0
402,13.400,1780168756,G11,149,-7,ok,0
402,13.400,1780168756,G7,126,-5,ok,0
402,13.400,1780168756,G4,187,-33,ok,0
402,13.400,1780168756,G18,161,-43,ok,0
402,13.400,1780168756,G13,42,-54,ok,0
402,13.400,1780168756,D4,-28,405,ok,0
402,13.400,1780168756,D2,282,623,ok,1
402,13.400,1780168756,D14,20,431,ok,1
402,13.400,1780168756,D15,94,373,ok,1
402,13.400,1780168756,D1,213,756,ok,0
402,13.400,1780168756,D7,160,755,ok,0
402,13.400,1780168756,D11,146,738,ok,0
402,13.400,1780168756,D10,-114,775,ok,0
402,13.400,1780168756,D16,375,354,ok,0
402,13.400,1780168756,D17,364,356,ok,0
402,13.400,1780168756,G1,371,368,interpolated,0
402,13.400,1780168756,G8,359,377,interpolated,0
403,13.433,1780168756,G22,226,363,ok,1
403,13.433,1780168756,G15,93,-27,ok,0
403,13.433,1780168756,G11,149,-7,ok,0
403,13.433,1780168756,G7,126,-5,ok,0
403,13.433,1780168756,G4,187,-33,ok,0
403,13.433,1780168756,G18,161,-43,ok,0
403,13.433,1780168756,G13,42,-54,ok,0
403,13.433,1780168756,D4,-28,405,ok,0
403,13.433,1780168756,D2,282,623,ok,1
403,13.433,1780168756,D14,20,431,ok,1
403,13.433,1780168756,D15,94,373,ok,1
403,13.433,1780168756,D1,213,756,ok,0
403,13.433,1780168756,D7,160,754,ok,0
403,13.433,1780168756,D11,146,738,ok,0
403,13.433,1780168756,D10,-114,775,ok,0
403,13.433,1780168756,D16,375,354,ok,0
403,13.433,1780168756,D17,364,356,ok,0
403,13.433,1780168756,G1,371,368,interpolated,0
403,13.433,1780168756,G8,359,377,interpolated,0
404,13.467,1780168756,G22,228,361,ok,1
404,13.467,1780168756,G15,92,-27,ok,0
404,13.467,1780168756,G11,148,-7,ok,0
404,13.467,1780168756,G7,127,-5,ok,0
404,13.467,1780168756,G18,161,-41,ok,0
404,13.467,1780168756,G4,187,-35,ok,0
404,13.467,1780168756,G13,42,-54,ok,0
404,13.467,1780168756,D4,-27,405,ok,0
404,13.467,1780168756,D14,20,432,ok,1
404,13.467,1780168756,D15,96,376,ok,1
404,13.467,1780168756,D2,282,623,ok,1
404,13.467,1780168756,D16,372,354,ok,0
404,13.467,1780168756,D1,213,756,ok,0
404,13.467,1780168756,D7,160,754,ok,0
404,13.467,1780168756,D11,144,737,ok,0
404,13.467,1780168756,D10,-114,775,ok,0
404,13.467,1780168756,D17,364,356,ok,0
404,13.467,1780168756,G1,371,368,interpolated,0
404,13.467,1780168756,G8,359,377,interpolated,0
405,13.500,1780168756,G22,230,364,ok,1
405,13.500,1780168756,G15,92,-28,ok,0
405,13.500,1780168756,G11,148,-7,ok,0
405,13.500,1780168756,G7,127,-5,ok,0
405,13.500,1780168756,G18,160,-39,ok,0
405,13.500,1780168756,G4,187,-37,ok,0
405,13.500,1780168756,G13,43,-54,ok,0
405,13.500,1780168756,G12,74,-34,ok,0
405,13.500,1780168756,D4,-27,405,ok,0
405,13.500,1780168756,D14,22,435,ok,1
405,13.500,1780168756,D15,99,380,ok,1
405,13.500,1780168756,D2,283,623,ok,1
405,13.500,1780168756,D1,214,756,ok,0
405,13.500,1780168756,D16,371,355,ok,0
405,13.500,1780168756,D7,160,754,ok,0
405,13.500,1780168756,D11,141,738,ok,0
405,13.500,1780168756,D10,-114,775,ok,0
405,13.500,1780168756,G1,371,368,interpolated,0
405,13.500,1780168756,G8,359,377,interpolated,0
405,13.500,1780168756,D17,364,356,interpolated,0
406,13.533,1780168756,G22,231,366,ok,1
406,13.533,1780168756,G15,92,-28,ok,0
406,13.533,1780168756,G11,148,-8,ok,0
406,13.533,1780168756,G7,126,-5,ok,0
406,13.533,1780168756,G18,160,-38,ok,0
406,13.533,1780168756,G4,187,-37,ok,0
406,13.533,1780168756,G13,43,-54,ok,0
406,13.533,1780168756,D4,-27,405,ok,0
406,13.533,1780168756,D14,24,439,ok,1
406,13.533,1780168756,D15,100,385,ok,1
406,13.533,1780168756,D2,283,623,ok,1
406,13.533,1780168756,D16,368,355,ok,0
406,13.533,1780168756,D1,215,755,ok,0
406,13.533,1780168756,D7,160,754,ok,0
406,13.533,1780168756,D11,139,738,ok,0
406,13.533,1780168756,D10,-114,775,ok,0
406,13.533,1780168756,D18,197,761,ok,0
406,13.533,1780168756,G1,371,368,interpolated,0
406,13.533,1780168756,G8,359,377,interpolated,0
406,13.533,1780168756,D17,364,356,interpolated,0
406,13.533,1780168756,G12,74,-34,interpolated,0
407,13.567,1780168756,G15,93,-27,ok,0
407,13.567,1780168756,G11,148,-7,ok,0
407,13.567,1780168756,G22,234,366,ok,1
407,13.567,1780168756,G7,126,-5,ok,0
407,13.567,1780168756,G18,160,-36,ok,0
407,13.567,1780168756,G4,187,-38,ok,0
407,13.567,1780168756,G13,43,-53,ok,0
407,13.567,1780168756,D4,-27,405,ok,0
407,13.567,1780168756,D14,26,442,ok,1
407,13.567,1780168756,D15,103,391,ok,1
407,13.567,1780168756,D2,283,623,ok,1
407,13.567,1780168756,D17,366,356,ok,0
407,13.567,1780168756,D7,160,754,ok,0
407,13.567,1780168756,D1,215,753,ok,0
407,13.567,1780168756,D11,138,738,ok,0
407,13.567,1780168756,D10,-114,775,ok,0
407,13.567,1780168756,D18,197,760,ok,0
407,13.567,1780168756,G1,371,368,interpolated,0
407,13.567,1780168756,G8,359,377,interpolated,0
407,13.567,1780168756,D16,368,355,interpolated,0
407,13.567,1780168756,G12,74,-34,interpolated,0
408,13.600,1780168756,G15,93,-27,ok,0
408,13.600,1780168756,G7,125,-5,ok,0
408,13.600,1780168756,G11,147,-8,ok,0
408,13.600,1780168756,G22,236,366,ok,1
408,13.600,1780168756,G4,184,-40,ok,0
408,13.600,1780168756,G18,160,-35,ok,0
408,13.600,1780168756,G13,45,-54,ok,0
408,13.600,1780168756,D4,-27,406,ok,0
408,13.600,1780168756,D14,27,449,ok,1
408,13.600,1780168756,D15,105,400,ok,1
408,13.600,1780168756,D2,283,623,ok,1
408,13.600,1780168756,D17,364,358,ok,0
408,13.600,1780168756,D1,215,751,ok,0
408,13.600,1780168756,D7,160,754,ok,0
408,13.600,1780168756,D11,137,738,ok,0
408,13.600,1780168756,D10,-114,775,ok,0
408,13.600,1780168756,D18,197,760,ok,0
408,13.600,1780168756,G1,371,368,interpolated,0
408,13.600,1780168756,G8,359,377,interpolated,0
408,13.600,1780168756,D16,368,355,interpolated,0
408,13.600,1780168756,G12,74,-34,interpolated,0
409,13.633,1780168756,G15,93,-27,ok,0
409,13.633,1780168756,G7,125,-5,ok,0
409,13.633,1780168756,G11,147,-8,ok,0
409,13.633,1780168756,G22,236,366,ok,1
409,13.633,1780168756,G4,184,-40,ok,0
409,13.633,1780168756,G18,160,-35,ok,0
409,13.633,1780168756,G13,45,-54,ok,0
409,13.633,1780168756,D4,-27,406,ok,0
409,13.633,1780168756,D14,27,449,ok,1
409,13.633,1780168756,D15,105,400,ok,1
409,13.633,1780168756,D2,283,623,ok,1
409,13.633,1780168756,D17,364,358,ok,0
409,13.633,1780168756,D1,215,751,ok,0
409,13.633,1780168756,D7,160,754,ok,0
409,13.633,1780168756,D11,137,738,ok,0
409,13.633,1780168756,D10,-114,775,ok,0
409,13.633,1780168756,D18,197,760,ok,0
409,13.633,1780168756,G1,371,368,interpolated,0
409,13.633,1780168756,D16,368,355,interpolated,0
409,13.633,1780168756,G12,74,-34,interpolated,0
410,13.667,1780168756,G15,93,-27,ok,0
410,13.667,1780168756,G11,147,-7,ok,0
410,13.667,1780168756,G7,125,-5,ok,0
410,13.667,1780168756,G4,187,-40,ok,0
410,13.667,1780168756,G18,160,-35,ok,0
410,13.667,1780168756,D4,-28,408,ok,0
410,13.667,1780168756,D15,106,408,ok,1
410,13.667,1780168756,D14,25,458,ok,1
410,13.667,1780168756,D2,283,624,ok,1
410,13.667,1780168756,D1,216,751,ok,0
410,13.667,1780168756,D17,362,362,ok,0
410,13.667,1780168756,D7,160,754,ok,0
410,13.667,1780168756,D11,135,738,ok,0
410,13.667,1780168756,D10,-114,775,ok,0
410,13.667,1780168756,D18,197,760,ok,0
410,13.667,1780168756,G13,45,-54,interpolated,0
410,13.667,1780168756,G1,371,368,interpolated,0
410,13.667,1780168756,G22,236,366,interpolated,1
410,13.667,1780168756,D16,368,355,interpolated,0
410,13.667,1780168756,G12,74,-34,interpolated,0
411,13.700,1780168756,G15,93,-28,ok,0
411,13.700,1780168756,G7,125,-5,ok,0
411,13.700,1780168756,G11,146,-8,ok,0
411,13.700,1780168756,G4,187,-40,ok,0
411,13.700,1780168756,G18,159,-34,ok,0
411,13.700,1780168756,D4,-28,409,ok,0
411,13.700,1780168756,D2,283,624,ok,1
411,13.700,1780168756,D17,362,368,ok,1
411,13.700,1780168756,D15,109,417,ok,1
411,13.700,1780168756,D14,23,465,ok,1
411,13.700,1780168756,D1,215,753,ok,0
411,13.700,1780168756,D7,160,754,ok,0
411,13.700,1780168756,D11,133,739,ok,0
411,13.700,1780168756,D18,197,761,ok,0
411,13.700,1780168756,D10,-114,775,ok,0
411,13.700,1780168756,G13,45,-54,interpolated,0
411,13.700,1780168756,G1,371,368,interpolated,0
411,13.700,1780168756,G22,236,366,interpolated,1
411,13.700,1780168756,D16,368,355,interpolated,0
411,13.700,1780168756,G12,74,-34,interpolated,0
412,13.733,1780168756,G15,93,-28,ok,0
412,13.733,1780168756,G7,125,-4,ok,0
412,13.733,1780168756,G11,145,-7,ok,0
412,13.733,1780168756,G4,187,-41,ok,0
412,13.733,1780168756,G18,159,-34,ok,0
412,13.733,1780168756,D4,-29,410,ok,0
412,13.733,1780168756,D2,283,624,ok,1
412,13.733,1780168756,D15,111,421,ok,1
412,13.733,1780168756,D17,363,374,ok,1
412,13.733,1780168756,D11,133,738,ok,0
412,13.733,1780168756,D1,215,752,ok,0
412,13.733,1780168756,D7,160,754,ok,0
412,13.733,1780168756,D14,26,464,ok,1
412,13.733,1780168756,D18,197,760,ok,0
412,13.733,1780168756,D10,-114,775,ok,0
412,13.733,1780168756,G13,45,-54,interpolated,0
412,13.733,1780168756,G22,236,366,interpolated,1
412,13.733,1780168756,D16,368,355,interpolated,0
412,13.733,1780168756,G12,74,-34,interpolated,0
413,13.767,1780168756,G15,92,-26,ok,0
413,13.767,1780168756,G7,124,-4,ok,0
413,13.767,1780168756,G11,145,-7,ok,0
413,13.767,1780168756,G4,187,-42,ok,0
413,13.767,1780168756,G18,159,-34,ok,0
413,13.767,1780168756,G12,76,-43,ok,0
413,13.767,1780168756,D4,-29,412,ok,0
413,13.767,1780168756,D15,112,425,ok,1
413,13.767,1780168756,D2,283,623,ok,1
413,13.767,1780168756,D11,132,738,ok,0
413,13.767,1780168756,D14,27,469,ok,1
413,13.767,1780168756,D17,364,382,ok,1
413,13.767,1780168756,D7,160,754,ok,0
413,13.767,1780168756,D1,215,753,ok,0
413,13.767,1780168756,D18,197,760,ok,0
413,13.767,1780168756,D10,-114,775,ok,0
413,13.767,1780168756,G13,45,-54,interpolated,0
413,13.767,1780168756,G22,236,366,interpolated,1
413,13.767,1780168756,D16,368,355,interpolated,0
414,13.800,1780168756,G15,92,-27,ok,0
414,13.800,1780168756,G7,123,-4,ok,0
414,13.800,1780168756,G11,144,-6,ok,0
414,13.800,1780168756,G4,187,-41,ok,0
414,13.800,1780168756,G18,159,-33,ok,0
414,13.800,1780168756,D4,-28,414,ok,0
414,13.800,1780168756,D15,115,429,ok,1
414,13.800,1780168756,D2,283,623,ok,1
414,13.800,1780168756,D11,131,737,ok,0
414,13.800,1780168756,D14,29,470,ok,1
414,13.800,1780168756,D7,160,754,ok,0
414,13.800,1780168756,D17,363,384,ok,1
414,13.800,1780168756,D1,214,752,ok,0
414,13.800,1780168756,D10,-113,776,ok,0
414,13.800,1780168756,G13,45,-54,interpolated,0
414,13.800,1780168756,G22,236,366,interpolated,1
414,13.800,1780168756,D16,368,355,interpolated,0
414,13.800,1780168756,G12,76,-43,interpolated,0
414,13.800,1780168756,D18,197,760,interpolated,0
415,13.833,1780168756,G15,92,-27,ok,0
415,13.833,1780168756,G7,123,-4,ok,0
415,13.833,1780168756,G11,144,-6,ok,0
415,13.833,1780168756,G4,187,-41,ok,0
415,13.833,1780168756,G18,159,-33,ok,0
415,13.833,1780168756,D4,-28,414,ok,0
415,13.833,1780168756,D15,115,429,ok,1
415,13.833,1780168756,D2,283,623,ok,1
415,13.833,1780168756,D11,131,737,ok,0
415,13.833,1780168756,D14,28,471,ok,1
415,13.833,1780168756,D7,160,754,ok,0
415,13.833,1780168756,D17,363,384,ok,1
415,13.833,1780168756,D1,214,752,ok,0
415,13.833,1780168756,D10,-113,776,ok,0
415,13.833,1780168756,G13,45,-54,interpolated,0
415,13.833,1780168756,G22,236,366,interpolated,1
415,13.833,1780168756,D16,368,355,interpolated,0
415,13.833,1780168756,G12,76,-43,interpolated,0
415,13.833,1780168756,D18,197,760,interpolated,0
416,13.867,1780168756,G15,92,-27,ok,0
416,13.867,1780168756,G7,123,-4,ok,0
416,13.867,1780168756,G11,144,-6,ok,0
416,13.867,1780168756,G4,187,-41,ok,0
416,13.867,1780168756,G18,159,-32,ok,0
416,13.867,1780168756,D4,-28,416,ok,0
416,13.867,1780168756,D2,283,623,ok,1
416,13.867,1780168756,D15,116,436,ok,1
416,13.867,1780168756,D17,362,386,ok,1
416,13.867,1780168756,D14,30,477,ok,1
416,13.867,1780168756,D11,130,738,ok,0
416,13.867,1780168756,D7,159,755,ok,0
416,13.867,1780168756,D1,214,753,ok,0
416,13.867,1780168756,D16,241,373,ok,1
416,13.867,1780168756,D10,-113,776,ok,0
416,13.867,1780168756,G13,45,-54,interpolated,0
416,13.867,1780168756,G22,236,366,interpolated,1
416,13.867,1780168756,G12,76,-43,interpolated,0
416,13.867,1780168756,D18,197,760,interpolated,0
417,13.900,1780168756,G15,93,-28,ok,0
417,13.900,1780168756,G4,186,-41,ok,0
417,13.900,1780168756,G11,143,-6,ok,0
417,13.900,1780168756,G7,123,-3,ok,0
417,13.900,1780168756,G18,159,-32,ok,0
417,13.900,1780168756,G13,12,-53,ok,0
417,13.900,1780168756,D4,-27,417,ok,0
417,13.900,1780168756,D15,119,443,ok,1
417,13.900,1780168756,D17,360,388,ok,1
417,13.900,1780168756,D2,283,624,ok,1
417,13.900,1780168756,D14,32,482,ok,1
417,13.900,1780168756,D16,240,373,ok,1
417,13.900,1780168756,D11,128,740,ok,0
417,13.900,1780168756,D7,159,755,ok,0
417,13.900,1780168756,D1,214,753,ok,0
417,13.900,1780168756,D10,-113,776,ok,0
417,13.900,1780168756,G22,236,366,interpolated,1
417,13.900,1780168756,G12,76,-43,interpolated,0
417,13.900,1780168756,D18,197,760,interpolated,0
418,13.933,1780168756,G15,93,-28,ok,0
418,13.933,1780168756,G11,144,-4,ok,0
418,13.933,1780168756,G4,186,-41,ok,0
418,13.933,1780168756,G7,123,-4,ok,0
418,13.933,1780168756,G12,125,-30,ok,0
418,13.933,1780168756,G13,12,-54,ok,0
418,13.933,1780168756,G18,159,-30,ok,0
418,13.933,1780168756,D4,-26,417,ok,0
418,13.933,1780168756,D2,284,624,ok,1
418,13.933,1780168756,D17,359,391,ok,1
418,13.933,1780168756,D16,241,373,ok,1
418,13.933,1780168756,D15,120,450,ok,1
418,13.933,1780168756,D14,32,488,ok,1
418,13.933,1780168756,D11,127,741,ok,0
418,13.933,1780168756,D1,213,751,ok,0
418,13.933,1780168756,D7,159,755,ok,0
418,13.933,1780168756,D10,-113,776,ok,0
418,13.933,1780168756,G22,236,366,interpolated,1
418,13.933,1780168756,D18,197,760,interpolated,0
419,13.967,1780168756,G15,93,-28,ok,0
419,13.967,1780168756,G7,122,-4,ok,0
419,13.967,1780168756,G4,186,-41,ok,0
419,13.967,1780168756,G11,144,-4,ok,0
419,13.967,1780168756,G18,159,-30,ok,0
419,13.967,1780168756,D4,-25,417,ok,0
419,13.967,1780168756,D14,31,495,ok,1
419,13.967,1780168756,D2,284,625,ok,1
419,13.967,1780168756,D15,122,458,ok,1
419,13.967,1780168756,D16,243,373,ok,1
419,13.967,1780168756,D17,355,394,ok,1
419,13.967,1780168756,D1,213,752,ok,0
419,13.967,1780168756,D7,159,755,ok,0
419,13.967,1780168756,D11,126,742,ok,0
419,13.967,1780168756,D10,-113,776,ok,0
419,13.967,1780168756,G13,12,-54,interpolated,0
419,13.967,1780168756,G22,236,366,interpolated,1
419,13.967,1780168756,G12,125,-30,interpolated,0
419,13.967,1780168756,D18,197,760,interpolated,0
420,14.000,1780168757,G15,93,-28,ok,0
420,14.000,1780168757,G7,121,-4,ok,0
420,14.000,1780168757,G4,186,-41,ok,0
420,14.000,1780168757,G11,144,-3,ok,0
420,14.000,1780168757,G18,159,-31,ok,0
420,14.000,1780168757,D4,-25,417,ok,0
420,14.000,1780168757,D16,244,373,ok,1
420,14.000,1780168757,D2,285,627,ok,1
420,14.000,1780168757,D14,30,502,ok,1
420,14.000,1780168757,D15,126,460,ok,1
420,14.000,1780168757,D17,353,397,ok,1
420,14.000,1780168757,D7,159,755,ok,0
420,14.000,1780168757,D1,213,752,ok,0
420,14.000,1780168757,D11,125,741,ok,0
420,14.000,1780168757,D10,-113,776,ok,0
420,14.000,1780168757,G13,12,-54,interpolated,0
420,14.000,1780168757,G12,125,-30,interpolated,0
420,14.000,1780168757,D18,197,760,interpolated,0
421,14.033,1780168757,G15,93,-28,ok,0
421,14.033,1780168757,G7,121,-4,ok,0
421,14.033,1780168757,G4,186,-41,ok,0
421,14.033,1780168757,G11,144,-3,ok,0
421,14.033,1780168757,G18,159,-31,ok,0
421,14.033,1780168757,D4,-25,417,ok,0
421,14.033,1780168757,D16,243,373,ok,1
421,14.033,1780168757,D2,285,627,ok,1
421,14.033,1780168757,D14,30,502,ok,1
421,14.033,1780168757,D15,126,460,ok,1
421,14.033,1780168757,D17,354,397,ok,1
421,14.033,1780168757,D7,159,755,ok,0
421,14.033,1780168757,D1,213,752,ok,0
421,14.033,1780168757,D11,125,741,ok,0
421,14.033,1780168757,D10,-113,776,ok,0
421,14.033,1780168757,G13,12,-54,interpolated,0
421,14.033,1780168757,G12,125,-30,interpolated,0
421,14.033,1780168757,D18,197,760,interpolated,0
422,14.067,1780168757,G15,92,-27,ok,0
422,14.067,1780168757,G7,121,-4,ok,0
422,14.067,1780168757,G11,144,-2,ok,0
422,14.067,1780168757,G4,185,-41,ok,0
422,14.067,1780168757,G18,159,-30,ok,0
422,14.067,1780168757,D4,-24,417,ok,0
422,14.067,1780168757,D16,243,374,ok,1
422,14.067,1780168757,D2,286,629,ok,1
422,14.067,1780168757,D17,354,401,ok,1
422,14.067,1780168757,D14,29,508,ok,1
422,14.067,1780168757,D15,128,463,ok,1
422,14.067,1780168757,D7,159,755,ok,0
422,14.067,1780168757,D1,213,751,ok,0
422,14.067,1780168757,D10,-113,776,ok,0
422,14.067,1780168757,D11,122,742,ok,0
422,14.067,1780168757,G13,12,-54,interpolated,0
422,14.067,1780168757,G12,125,-30,interpolated,0
422,14.067,1780168757,D18,197,760,interpolated,0
423,14.100,1780168757,G15,93,-27,ok,0
423,14.100,1780168757,G7,121,-3,ok,0
423,14.100,1780168757,G11,143,-1,ok,0
423,14.100,1780168757,G4,185,-41,ok,0
423,14.100,1780168757,G18,157,-31,ok,0
423,14.100,1780168757,D4,-23,418,ok,0
423,14.100,1780168757,D16,244,382,ok,1
423,14.100,1780168757,D17,354,407,ok,1
423,14.100,1780168757,D2,287,632,ok,1
423,14.100,1780168757,D15,131,464,ok,1
423,14.100,1780168757,D14,31,507,ok,1
423,14.100,1780168757,D7,159,755,ok,0
423,14.100,1780168757,D1,212,750,ok,0
423,14.100,1780168757,D11,121,743,ok,0
423,14.100,1780168757,D10,-113,776,ok,0
423,14.100,1780168757,G13,12,-54,interpolated,0
423,14.100,1780168757,G12,125,-30,interpolated,0
423,14.100,1780168757,D18,197,760,interpolated,0
424,14.133,1780168757,G15,93,-27,ok,0
424,14.133,1780168757,G7,121,-3,ok,0
424,14.133,1780168757,G11,143,-1,ok,0
424,14.133,1780168757,G4,184,-42,ok,0
424,14.133,1780168757,G18,159,-30,ok,0
424,14.133,1780168757,D4,-23,417,ok,0
424,14.133,1780168757,D2,287,634,ok,1
424,14.133,1780168757,D16,245,388,ok,1
424,14.133,1780168757,D17,353,414,ok,1
424,14.133,1780168757,D14,33,513,ok,1
424,14.133,1780168757,D7,159,755,ok,0
424,14.133,1780168757,D19,50,488,ok,1
424,14.133,1780168757,D15,135,468,ok,1
424,14.133,1780168757,D11,120,741,ok,0
424,14.133,1780168757,D1,211,748,ok,0
424,14.133,1780168757,D10,-113,776,ok,0
424,14.133,1780168757,D18,132,484,ok,1
424,14.133,1780168757,G13,12,-54,interpolated,0
424,14.133,1780168757,G12,125,-30,interpolated,0
425,14.167,1780168757,G15,93,-27,ok,0
425,14.167,1780168757,G11,143,-2,ok,0
425,14.167,1780168757,G7,121,-3,ok,0
425,14.167,1780168757,G4,184,-44,ok,0
425,14.167,1780168757,G18,156,-31,ok,0
425,14.167,1780168757,D4,-22,418,ok,0
425,14.167,1780168757,D16,246,386,ok,1
425,14.167,1780168757,D14,30,517,ok,1
425,14.167,1780168757,D2,288,637,ok,1
425,14.167,1780168757,D15,138,472,ok,1
425,14.167,1780168757,D17,352,417,ok,1
425,14.167,1780168757,D7,159,754,ok,0
425,14.167,1780168757,D11,117,744,ok,0
425,14.167,1780168757,D1,211,747,ok,0
425,14.167,1780168757,D10,-113,776,ok,0
425,14.167,1780168757,G13,12,-54,interpolated,0
425,14.167,1780168757,G12,125,-30,interpolated,0
425,14.167,1780168757,D18,132,484,interpolated,1
425,14.167,1780168757,D19,50,488,interpolated,1
426,14.200,1780168757,G15,93,-27,ok,0
426,14.200,1780168757,G11,143,-1,ok,0
426,14.200,1780168757,G7,120,-2,ok,0
426,14.200,1780168757,G4,184,-44,ok,0
426,14.200,1780168757,G18,159,-30,ok,0
426,14.200,1780168757,D4,-22,418,ok,0
426,14.200,1780168757,D14,32,519,ok,1
426,14.200,1780168757,D16,247,390,ok,1
426,14.200,1780168757,D2,289,637,ok,1
426,14.200,1780168757,D17,349,419,ok,1
426,14.200,1780168757,D15,140,475,ok,1
426,14.200,1780168757,D11,116,743,ok,0
426,14.200,1780168757,D7,160,754,ok,0
426,14.200,1780168757,D1,210,747,ok,0
426,14.200,1780168757,D10,-113,776,ok,0
426,14.200,1780168757,G13,12,-54,interpolated,0
426,14.200,1780168757,G12,125,-30,interpolated,0
426,14.200,1780168757,D18,132,484,interpolated,1
426,14.200,1780168757,D19,50,488,interpolated,1
427,14.233,1780168757,G15,93,-27,ok,0
427,14.233,1780168757,G11,143,-1,ok,0
427,14.233,1780168757,G7,120,-2,ok,0
427,14.233,1780168757,G4,184,-44,ok,0
427,14.233,1780168757,G18,159,-29,ok,0
427,14.233,1780168757,D4,-22,418,ok,0
427,14.233,1780168757,D14,32,519,ok,1
427,14.233,1780168757,D16,247,390,ok,1
427,14.233,1780168757,D2,289,637,ok,1
427,14.233,1780168757,D17,349,419,ok,1
427,14.233,1780168757,D15,140,475,ok,1
427,14.233,1780168757,D11,116,743,ok,0
427,14.233,1780168757,D7,160,754,ok,0
427,14.233,1780168757,D1,210,747,ok,0
427,14.233,1780168757,D10,-113,776,ok,0
427,14.233,1780168757,G13,12,-54,interpolated,0
427,14.233,1780168757,G12,125,-30,interpolated,0
427,14.233,1780168757,D18,132,484,interpolated,1
427,14.233,1780168757,D19,50,488,interpolated,1
428,14.267,1780168757,G15,93,-27,ok,0
428,14.267,1780168757,G7,120,-2,ok,0
428,14.267,1780168757,G11,142,-2,ok,0
428,14.267,1780168757,G4,184,-45,ok,0
428,14.267,1780168757,G18,156,-30,ok,0
428,14.267,1780168757,G12,125,-30,ok,0
428,14.267,1780168757,G13,13,-54,ok,0
428,14.267,1780168757,D4,-21,419,ok,0
428,14.267,1780168757,D16,248,393,ok,1
428,14.267,1780168757,D14,33,525,ok,1
428,14.267,1780168757,D2,289,637,ok,1
428,14.267,1780168757,D15,142,481,ok,1
428,14.267,1780168757,D17,347,421,ok,1
428,14.267,1780168757,D11,114,743,ok,0
428,14.267,1780168757,D7,160,754,ok,0
428,14.267,1780168757,D1,210,747,ok,0
428,14.267,1780168757,D10,-113,775,ok,0
428,14.267,1780168757,D18,132,484,interpolated,1
428,14.267,1780168757,D19,50,488,interpolated,1
429,14.300,1780168757,G15,93,-27,ok,0
429,14.300,1780168757,G18,156,-30,ok,0
429,14.300,1780168757,G11,142,-2,ok,0
429,14.300,1780168757,G4,184,-46,ok,0
429,14.300,1780168757,G7,120,-2,ok,0
429,14.300,1780168757,G12,125,-30,ok,0
429,14.300,1780168757,D16,249,398,ok,1
429,14.300,1780168757,D4,-21,420,ok,0
429,14.300,1780168757,D14,34,531,ok,1
429,14.300,1780168757,D2,290,637,ok,1
429,14.300,1780168757,D17,345,424,ok,1
429,14.300,1780168757,D15,144,486,ok,1
429,14.300,1780168757,D11,113,744,ok,0
429,14.300,1780168757,D1,210,748,ok,0
429,14.300,1780168757,D7,159,754,ok,0
429,14.300,1780168757,D10,-113,775,ok,0
429,14.300,1780168757,G13,13,-54,interpolated,0
429,14.300,1780168757,D18,132,484,interpolated,1
429,14.300,1780168757,D19,50,488,interpolated,1
430,14.333,1780168757,G15,93,-27,ok,0
430,14.333,1780168757,G11,142,-3,ok,0
430,14.333,1780168757,G4,184,-47,ok,0
430,14.333,1780168757,G18,156,-30,ok,0
430,14.333,1780168757,G7,120,-2,ok,0
430,14.333,1780168757,G12,125,-30,ok,0
430,14.333,1780168757,D4,-22,421,ok,0
430,14.333,1780168757,D16,250,403,ok,1
430,14.333,1780168757,D15,147,492,ok,1
430,14.333,1780168757,D14,34,538,ok,1
430,14.333,1780168757,D2,290,637,ok,1
430,14.333,1780168757,D17,342,427,ok,1
430,14.333,1780168757,D11,113,743,ok,0
430,14.333,1780168757,D1,210,747,ok,0
430,14.333,1780168757,D7,159,754,ok,0
430,14.333,1780168757,D10,-113,775,ok,0
430,14.333,1780168757,G13,13,-54,interpolated,0
430,14.333,1780168757,D18,132,484,interpolated,1
430,14.333,1780168757,D19,50,488,interpolated,1
431,14.367,1780168757,G15,93,-27,ok,0
431,14.367,1780168757,G11,142,-1,ok,0
431,14.367,1780168757,G7,120,-1,ok,0
431,14.367,1780168757,G4,184,-48,ok,0
431,14.367,1780168757,G12,124,-31,ok,0
431,14.367,1780168757,G13,7,-56,ok,0
431,14.367,1780168757,G18,160,-29,ok,0
431,14.367,1780168757,D4,-22,423,ok,0
431,14.367,1780168757,D16,251,410,ok,1
431,14.367,1780168757,D15,151,495,ok,1
431,14.367,1780168757,D14,32,542,ok,1
431,14.367,1780168757,D2,291,637,ok,1
431,14.367,1780168757,D17,342,431,ok,1
431,14.367,1780168757,D11,113,743,ok,0
431,14.367,1780168757,D1,209,747,ok,0
431,14.367,1780168757,D7,159,754,ok,0
431,14.367,1780168757,D10,-113,775,ok,0
431,14.367,1780168757,D18,132,484,interpolated,1
431,14.367,1780168757,D19,50,488,interpolated,1
432,14.400,1780168757,G15,93,-28,ok,0
432,14.400,1780168757,G11,142,-2,ok,0
432,14.400,1780168757,G7,119,-2,ok,0
432,14.400,1780168757,G12,124,-31,ok,0
432,14.400,1780168757,G13,8,-55,ok,0
432,14.400,1780168757,G18,160,-28,ok,0
432,14.400,1780168757,D4,-22,425,ok,0
432,14.400,1780168757,D16,252,418,ok,1
432,14.400,1780168757,D15,154,498,ok,1
432,14.400,1780168757,D2,291,639,ok,1
432,14.400,1780168757,D11,112,742,ok,0
432,14.400,1780168757,D17,341,435,ok,1
432,14.400,1780168757,D14,33,543,ok,1
432,14.400,1780168757,D1,209,747,ok,0
432,14.400,1780168757,D7,159,754,ok,0
432,14.400,1780168757,D10,-114,775,ok,0
432,14.400,1780168757,G4,184,-48,interpolated,0
432,14.400,1780168757,D18,132,484,interpolated,1
432,14.400,1780168757,D19,50,488,interpolated,1
433,14.433,1780168757,G15,93,-28,ok,0
433,14.433,1780168757,G11,142,-2,ok,0
433,14.433,1780168757,G7,120,-1,ok,0
433,14.433,1780168757,G12,124,-30,ok,0
433,14.433,1780168757,G13,7,-56,ok,0
433,14.433,1780168757,G18,160,-28,ok,0
433,14.433,1780168757,D4,-22,425,ok,0
433,14.433,1780168757,D16,252,418,ok,1
433,14.433,1780168757,D15,154,498,ok,1
433,14.433,1780168757,D2,291,639,ok,1
433,14.433,1780168757,D11,112,742,ok,0
433,14.433,1780168757,D17,341,435,ok,1
433,14.433,1780168757,D14,33,543,ok,1
433,14.433,1780168757,D1,209,747,ok,0
433,14.433,1780168757,D7,159,754,ok,0
433,14.433,1780168757,D10,-114,775,ok,0
433,14.433,1780168757,G4,184,-48,interpolated,0
433,14.433,1780168757,D18,132,484,interpolated,1
433,14.433,1780168757,D19,50,488,interpolated,1
434,14.467,1780168757,G15,92,-28,ok,0
434,14.467,1780168757,G11,142,-2,ok,0
434,14.467,1780168757,G7,120,-1,ok,0
434,14.467,1780168757,G18,161,-28,ok,0
434,14.467,1780168757,G12,124,-30,ok,0
434,14.467,1780168757,D4,-23,426,ok,0
434,14.467,1780168757,D16,253,425,ok,1
434,14.467,1780168757,D14,34,552,ok,1
434,14.467,1780168757,D15,156,501,ok,1
434,14.467,1780168757,D2,292,640,ok,1
434,14.467,1780168757,D11,111,742,ok,0
434,14.467,1780168757,D17,341,438,ok,1
434,14.467,1780168757,D7,159,754,ok,0
434,14.467,1780168757,D1,208,747,ok,0
434,14.467,1780168757,D10,-114,775,ok,0
434,14.467,1780168757,G4,184,-48,interpolated,0
434,14.467,1780168757,G13,7,-56,interpolated,0
434,14.467,1780168757,D18,132,484,interpolated,1
434,14.467,1780168757,D19,50,488,interpolated,1
435,14.500,1780168757,G15,92,-28,ok,0
435,14.500,1780168757,G7,120,-1,ok,0
435,14.500,1780168757,G11,142,-3,ok,0
435,14.500,1780168757,G18,161,-28,ok,0
435,14.500,1780168757,G12,124,-30,ok,0
435,14.500,1780168757,D4,-23,427,ok,0
435,14.500,1780168757,D16,253,428,ok,1
435,14.500,1780168757,D17,338,438,ok,1
435,14.500,1780168757,D2,293,641,ok,1
435,14.500,1780168757,D15,158,504,ok,1
435,14.500,1780168757,D14,35,557,ok,1
435,14.500,1780168757,D11,110,742,ok,0
435,14.500,1780168757,D7,159,754,ok,0
435,14.500,1780168757,D1,207,747,ok,0
435,14.500,1780168757,D10,-114,775,ok,0
435,14.500,1780168757,G4,184,-48,interpolated,0
435,14.500,1780168757,G13,7,-56,interpolated,0
436,14.533,1780168757,G15,93,-28,ok,0
436,14.533,1780168757,G11,142,-2,ok,0
436,14.533,1780168757,G7,120,-1,ok,0
436,14.533,1780168757,G18,162,-28,ok,0
436,14.533,1780168757,G12,124,-30,ok,0
436,14.533,1780168757,D4,-23,427,ok,0
436,14.533,1780168757,D15,159,504,ok,1
436,14.533,1780168757,D2,294,642,ok,1
436,14.533,1780168757,D16,254,429,ok,1
436,14.533,1780168757,D17,335,438,ok,1
436,14.533,1780168757,D14,36,562,ok,1
436,14.533,1780168757,D11,108,743,ok,0
436,14.533,1780168757,D7,159,754,ok,0
436,14.533,1780168757,D1,206,747,ok,0
436,14.533,1780168757,D10,-114,775,ok,0
436,14.533,1780168757,G4,184,-48,interpolated,0
436,14.533,1780168757,G13,7,-56,interpolated,0
437,14.567,1780168757,G15,92,-28,ok,0
437,14.567,1780168757,G11,142,-2,ok,0
437,14.567,1780168757,G7,120,-1,ok,0
437,14.567,1780168757,G18,162,-28,ok,0
437,14.567,1780168757,D4,-23,427,ok,0
437,14.567,1780168757,D15,160,505,ok,1
437,14.567,1780168757,D16,255,434,ok,1
437,14.567,1780168757,D2,295,643,ok,1
437,14.567,1780168757,D17,333,439,ok,1
437,14.567,1780168757,D14,35,569,ok,1
437,14.567,1780168757,D7,160,754,ok,0
437,14.567,1780168757,D11,107,742,ok,0
437,14.567,1780168757,D1,205,747,ok,0
437,14.567,1780168757,D10,-114,775,ok,0
437,14.567,1780168757,G4,184,-48,interpolated,0
437,14.567,1780168757,G13,7,-56,interpolated,0
437,14.567,1780168757,G12,124,-30,interpolated,0
438,14.600,1780168757,G15,92,-28,ok,0
438,14.600,1780168757,G11,142,-2,ok,0
438,14.600,1780168757,G7,120,-1,ok,0
438,14.600,1780168757,G18,163,-30,ok,0
438,14.600,1780168757,D4,-22,427,ok,0
438,14.600,1780168757,D16,256,439,ok,1
438,14.600,1780168757,D2,296,646,ok,1
438,14.600,1780168757,D17,331,441,ok,1
438,14.600,1780168757,D15,160,506,ok,1
438,14.600,1780168757,D14,34,574,ok,1
438,14.600,1780168757,D7,160,754,ok,0
438,14.600,1780168757,D11,106,743,ok,0
438,14.600,1780168757,D1,203,747,ok,0
438,14.600,1780168757,D10,-114,775,ok,0
438,14.600,1780168757,G4,184,-48,interpolated,0
438,14.600,1780168757,G13,7,-56,interpolated,0
438,14.600,1780168757,G12,124,-30,interpolated,0
439,14.633,1780168757,G15,92,-28,ok,0
439,14.633,1780168757,G11,142,-2,ok,0
439,14.633,1780168757,G7,120,-1,ok,0
439,14.633,1780168757,G18,163,-30,ok,0
439,14.633,1780168757,D16,256,439,ok,1
439,14.633,1780168757,D4,-22,427,ok,0
439,14.633,1780168757,D2,296,646,ok,1
439,14.633,1780168757,D17,331,441,ok,1
439,14.633,1780168757,D15,160,506,ok,1
439,14.633,1780168757,D14,34,574,ok,1
439,14.633,1780168757,D7,160,754,ok,0
439,14.633,1780168757,D1,203,747,ok,0
439,14.633,1780168757,D11,106,743,ok,0
439,14.633,1780168757,D10,-114,775,ok,0
439,14.633,1780168757,G4,184,-48,interpolated,0
439,14.633,1780168757,G13,7,-56,interpolated,0
439,14.633,1780168757,G12,124,-30,interpolated,0
440,14.667,1780168757,G15,93,-27,ok,0
440,14.667,1780168757,G7,120,-1,ok,0
440,14.667,1780168757,G11,142,-2,ok,0
440,14.667,1780168757,G18,163,-29,ok,0
440,14.667,1780168757,G12,124,-30,ok,0
440,14.667,1780168757,D16,257,442,ok,1
440,14.667,1780168757,D4,-22,427,ok,0
440,14.667,1780168757,D17,328,442,ok,1
440,14.667,1780168757,D2,297,649,ok,1
440,14.667,1780168757,D14,36,574,ok,1
440,14.667,1780168757,D15,160,509,ok,1
440,14.667,1780168757,D7,160,754,ok,0
440,14.667,1780168757,D1,202,748,ok,0
440,14.667,1780168757,D11,104,743,ok,0
440,14.667,1780168757,D10,-114,775,ok,0
440,14.667,1780168757,G4,184,-48,interpolated,0
440,14.667,1780168757,G13,7,-56,interpolated,0
441,14.700,1780168757,G15,92,-28,ok,0
441,14.700,1780168757,G11,142,-2,ok,0
441,14.700,1780168757,G7,120,-1,ok,0
441,14.700,1780168757,G18,163,-28,ok,0
441,14.700,1780168757,D4,-22,428,ok,0
441,14.700,1780168757,D16,258,448,ok,1
441,14.700,1780168757,D2,299,652,ok,1
441,14.700,1780168757,D17,325,443,ok,1
441,14.700,1780168757,D15,161,512,ok,1
441,14.700,1780168757,D14,36,574,ok,1
441,14.700,1780168757,D7,159,754,ok,0
441,14.700,1780168757,D1,201,747,ok,0
441,14.700,1780168757,D11,101,743,ok,0
441,14.700,1780168757,D10,-114,775,ok,0
441,14.700,1780168757,G4,184,-48,interpolated,0
441,14.700,1780168757,G13,7,-56,interpolated,0
441,14.700,1780168757,G12,124,-30,interpolated,0
442,14.733,1780168757,G15,92,-28,ok,0
442,14.733,1780168757,G11,141,-2,ok,0
442,14.733,1780168757,G7,120,-1,ok,0
442,14.733,1780168757,D16,257,455,ok,1
442,14.733,1780168757,D4,-22,428,ok,0
442,14.733,1780168757,D17,324,445,ok,1
442,14.733,1780168757,D2,301,652,ok,1
442,14.733,1780168757,D15,162,513,ok,1
442,14.733,1780168757,D14,39,573,ok,1
442,14.733,1780168757,D7,159,754,ok,0
442,14.733,1780168757,D1,201,747,ok,0
442,14.733,1780168757,D11,100,743,ok,0
442,14.733,1780168757,D10,-114,775,ok,0
442,14.733,1780168757,G13,7,-56,interpolated,0
442,14.733,1780168757,G18,163,-28,interpolated,0
442,14.733,1780168757,G12,124,-30,interpolated,0
443,14.767,1780168757,G15,92,-28,ok,0
443,14.767,1780168757,G11,141,-2,ok,0
443,14.767,1780168757,G7,120,-1,ok,0
443,14.767,1780168757,G18,164,-23,ok,0
443,14.767,1780168757,D4,-21,427,ok,0
443,14.767,1780168757,D15,165,514,ok,1
443,14.767,1780168757,D16,257,459,ok,1
443,14.767,1780168757,D17,323,448,ok,1
443,14.767,1780168757,D2,302,652,ok,1
443,14.767,1780168757,D14,41,573,ok,1
443,14.767,1780168757,D7,159,754,ok,0
443,14.767,1780168757,D11,98,743,ok,0
443,14.767,1780168757,D1,200,747,ok,0
443,14.767,1780168757,D10,-114,775,ok,0
443,14.767,1780168757,G13,7,-56,interpolated,0
443,14.767,1780168757,G12,124,-30,interpolated,0
444,14.800,1780168757,G15,92,-28,ok,0
444,14.800,1780168757,G11,141,-2,ok,0
444,14.800,1780168757,G7,120,-1,ok,0
444,14.800,1780168757,G18,165,-22,ok,0
444,14.800,1780168757,D17,322,452,ok,1
444,14.800,1780168757,D4,-21,427,ok,0
444,14.800,1780168757,D16,258,461,ok,1
444,14.800,1780168757,D2,303,652,ok,1
444,14.800,1780168757,D15,166,515,ok,1
444,14.800,1780168757,D14,38,581,ok,1
444,14.800,1780168757,D7,159,754,ok,0
444,14.800,1780168757,D1,199,746,ok,0
444,14.800,1780168757,D11,97,743,ok,0
444,14.800,1780168757,D10,-114,775,ok,0
444,14.800,1780168757,G12,124,-30,interpolated,0
445,14.833,1780168757,G15,92,-28,ok,0
445,14.833,1780168757,G11,141,-2,ok,0
445,14.833,1780168757,G7,120,-1,ok,0
445,14.833,1780168757,G18,165,-22,ok,0
445,14.833,1780168757,D17,322,452,ok,1
445,14.833,1780168757,D4,-21,427,ok,0
445,14.833,1780168757,D16,258,461,ok,1
445,14.833,1780168757,D15,166,515,ok,1
445,14.833,1780168757,D2,303,652,ok,1
445,14.833,1780168757,D14,38,581,ok,1
445,14.833,1780168757,D1,199,746,ok,0
445,14.833,1780168757,D7,159,754,ok,0
445,14.833,1780168757,D11,97,743,ok,0
445,14.833,1780168757,D10,-114,775,ok,0
445,14.833,1780168757,G12,124,-30,interpolated,0
446,14.867,1780168757,G15,92,-28,ok,0
446,14.867,1780168757,G11,140,-2,ok,0
446,14.867,1780168757,G7,120,-1,ok,0
446,14.867,1780168757,G18,166,-21,ok,0
446,14.867,1780168757,D16,259,463,ok,1
446,14.867,1780168757,D17,321,455,ok,1
446,14.867,1780168757,D4,-21,427,ok,0
446,14.867,1780168757,D15,166,516,ok,1
446,14.867,1780168757,D2,303,652,ok,1
446,14.867,1780168757,D14,37,585,ok,1
446,14.867,1780168757,D7,159,754,ok,0
446,14.867,1780168757,D1,199,746,ok,0
446,14.867,1780168757,D11,96,743,ok,0
446,14.867,1780168757,D10,-114,775,ok,0
446,14.867,1780168757,G12,124,-30,interpolated,0
447,14.900,1780168757,G15,92,-28,ok,0
447,14.900,1780168757,G11,140,-2,ok,0
447,14.900,1780168757,G7,121,-1,ok,0
447,14.900,1780168757,G18,166,-21,ok,0
447,14.900,1780168757,D16,260,465,ok,1
447,14.900,1780168757,D15,167,517,ok,1
447,14.900,1780168757,D4,-21,428,ok,0
447,14.900,1780168757,D17,319,459,ok,1
447,14.900,1780168757,D2,304,651,ok,1
447,14.900,1780168757,D14,40,580,ok,1
447,14.900,1780168757,D7,159,754,ok,0
447,14.900,1780168757,D1,198,746,ok,0
447,14.900,1780168757,D11,95,744,ok,0
447,14.900,1780168757,D10,-114,775,ok,0
447,14.900,1780168757,G12,124,-30,interpolated,0
448,14.933,1780168757,G11,140,-2,ok,0
448,14.933,1780168757,G15,92,-28,ok,0
448,14.933,1780168757,G7,120,-1,ok,0
448,14.933,1780168757,G18,166,-21,ok,0
448,14.933,1780168757,G13,45,-55,ok,0
448,14.933,1780168757,D16,262,467,ok,1
448,14.933,1780168757,D4,-21,428,ok,0
448,14.933,1780168757,D17,317,462,ok,1
448,14.933,1780168757,D15,167,518,ok,1
448,14.933,1780168757,D2,305,652,ok,1
448,14.933,1780168757,D14,41,583,ok,1
448,14.933,1780168757,D1,197,747,ok,0
448,14.933,1780168757,D7,159,754,ok,0
448,14.933,1780168757,D11,95,744,ok,0
448,14.933,1780168757,D10,-114,775,ok,0
448,14.933,1780168757,G12,124,-30,interpolated,0
449,14.967,1780168757,G11,139,-2,ok,0
449,14.967,1780168757,G15,92,-28,ok,0
449,14.967,1780168757,G7,120,-1,ok,0
449,14.967,1780168757,G18,167,-20,ok,0
449,14.967,1780168757,G13,45,-55,ok,0
449,14.967,1780168757,D16,263,471,ok,1
449,14.967,1780168757,D17,313,463,ok,1
449,14.967,1780168757,D15,168,518,ok,1
449,14.967,1780168757,D4,-21,428,ok,0
449,14.967,1780168757,D2,306,653,ok,1
449,14.967,1780168757,D14,40,584,ok,1
449,14.967,1780168757,D1,197,749,ok,0
449,14.967,1780168757,D7,160,754,ok,0
449,14.967,1780168757,D11,94,743,ok,0
449,14.967,1780168757,D10,-114,775,ok,0
449,14.967,1780168757,G12,124,-30,interpolated,0
450,15.000,1780168758,G11,139,-2,ok,0
450,15.000,1780168758,G15,92,-28,ok,0
450,15.000,1780168758,G7,120,-1,ok,0
450,15.000,1780168758,G18,167,-20,ok,0
450,15.000,1780168758,D16,264,475,ok,1
450,15.000,1780168758,D17,310,463,ok,1
450,15.000,1780168758,D15,168,518,ok,1
450,15.000,1780168758,D4,-21,428,ok,0
450,15.000,1780168758,D14,40,583,ok,1
450,15.000,1780168758,D2,306,654,ok,1
450,15.000,1780168758,D7,160,754,ok,0
450,15.000,1780168758,D11,94,743,ok,0
450,15.000,1780168758,D1,195,755,ok,0
450,15.000,1780168758,D10,-114,775,ok,0
450,15.000,1780168758,G12,124,-30,interpolated,0
450,15.000,1780168758,G13,45,-55,interpolated,0
451,15.033,1780168758,G11,139,-2,ok,0
451,15.033,1780168758,G15,92,-28,ok,0
451,15.033,1780168758,G7,120,-1,ok,0
451,15.033,1780168758,G18,167,-20,ok,0
451,15.033,1780168758,D16,264,475,ok,1
451,15.033,1780168758,D17,310,463,ok,1
451,15.033,1780168758,D15,168,518,ok,1
451,15.033,1780168758,D4,-21,428,ok,0
451,15.033,1780168758,D14,40,583,ok,1
451,15.033,1780168758,D2,306,654,ok,1
451,15.033,1780168758,D7,160,754,ok,0
451,15.033,1780168758,D11,94,743,ok,0
451,15.033,1780168758,D1,195,755,ok,0
451,15.033,1780168758,D10,-114,775,ok,0
451,15.033,1780168758,D20,-115,451,ok,0
451,15.033,1780168758,G13,45,-55,interpolated,0
452,15.067,1780168758,G11,139,-2,ok,0
452,15.067,1780168758,G15,93,-28,ok,0
452,15.067,1780168758,G7,120,0,ok,1
452,15.067,1780168758,G18,167,-20,ok,0
452,15.067,1780168758,D15,168,517,ok,1
452,15.067,1780168758,D17,308,464,ok,1
452,15.067,1780168758,D16,264,479,ok,1
452,15.067,1780168758,D4,-21,428,ok,0
452,15.067,1780168758,D2,307,653,ok,1
452,15.067,1780168758,D14,38,585,ok,1
452,15.067,1780168758,D7,160,754,ok,0
452,15.067,1780168758,D11,93,745,ok,0
452,15.067,1780168758,D1,194,757,ok,0
452,15.067,1780168758,D10,-114,775,ok,0
452,15.067,1780168758,D20,-115,451,ok,0
452,15.067,1780168758,G13,45,-55,interpolated,0
453,15.100,1780168758,G15,93,-28,ok,0
453,15.100,1780168758,G11,140,-2,ok,0
453,15.100,1780168758,G7,120,0,ok,1
453,15.100,1780168758,G18,167,-20,ok,0
453,15.100,1780168758,D15,168,517,ok,1
453,15.100,1780168758,D16,264,484,ok,1
453,15.100,1780168758,D17,308,466,ok,1
453,15.100,1780168758,D4,-21,429,ok,0
453,15.100,1780168758,D2,307,655,ok,1
453,15.100,1780168758,D14,38,587,ok,1
453,15.100,1780168758,D7,160,754,ok,0
453,15.100,1780168758,D10,-114,775,ok,0
453,15.100,1780168758,D11,93,744,ok,0
453,15.100,1780168758,D1,193,761,ok,0
453,15.100,1780168758,D20,-115,451,ok,0
453,15.100,1780168758,G13,45,-55,interpolated,0
454,15.133,1780168758,G15,93,-28,ok,0
454,15.133,1780168758,G11,140,-2,ok,0
454,15.133,1780168758,G7,120,0,ok,1
454,15.133,1780168758,G18,166,-19,ok,0
454,15.133,1780168758,D4,-21,429,ok,0
454,15.133,1780168758,D15,168,516,ok,1
454,15.133,1780168758,D16,264,488,ok,1
454,15.133,1780168758,D17,307,468,ok,1
454,15.133,1780168758,D2,308,654,ok,1
454,15.133,1780168758,D7,160,754,ok,0
454,15.133,1780168758,D14,39,587,ok,1
454,15.133,1780168758,D1,192,762,ok,0
454,15.133,1780168758,D10,-114,775,ok,0
454,15.133,1780168758,D11,92,746,ok,0
454,15.133,1780168758,D20,-115,451,ok,0
454,15.133,1780168758,G13,45,-55,interpolated,0
455,15.167,1780168758,G15,93,-28,ok,0
455,15.167,1780168758,G7,120,0,ok,1
455,15.167,1780168758,G11,140,-2,ok,0
455,15.167,1780168758,G18,166,-20,ok,0
455,15.167,1780168758,D4,-22,429,ok,0
455,15.167,1780168758,D15,168,516,ok,1
455,15.167,1780168758,D17,305,469,ok,1
455,15.167,1780168758,D16,265,492,ok,1
455,15.167,1780168758,D2,308,654,ok,1
455,15.167,1780168758,D7,160,754,ok,0
455,15.167,1780168758,D14,41,587,ok,1
455,15.167,1780168758,D10,-114,775,ok,0
455,15.167,1780168758,D1,191,763,ok,0
455,15.167,1780168758,D20,-115,451,ok,0
455,15.167,1780168758,D11,90,746,ok,0
455,15.167,1780168758,G13,45,-55,interpolated,0
456,15.200,1780168758,G15,93,-28,ok,0
456,15.200,1780168758,G7,121,-1,ok,0
456,15.200,1780168758,G11,140,-2,ok,0
456,15.200,1780168758,G18,166,-19,ok,0
456,15.200,1780168758,D4,-21,430,ok,0
456,15.200,1780168758,D17,303,470,ok,1
456,15.200,1780168758,D15,168,517,ok,1
456,15.200,1780168758,D16,266,495,ok,1
456,15.200,1780168758,D2,309,656,ok,1
456,15.200,1780168758,D14,41,588,ok,1
456,15.200,1780168758,D7,160,754,ok,0
456,15.200,1780168758,D11,88,746,ok,0
456,15.200,1780168758,D10,-114,775,ok,0
456,15.200,1780168758,D1,190,764,ok,0
456,15.200,1780168758,G13,45,-55,interpolated,0
456,15.200,1780168758,D20,-115,451,interpolated,0
457,15.233,1780168758,G15,93,-28,ok,0
457,15.233,1780168758,G7,121,-1,ok,0
457,15.233,1780168758,G11,140,-2,ok,0
457,15.233,1780168758,G18,166,-19,ok,0
457,15.233,1780168758,D4,-21,430,ok,0
457,15.233,1780168758,D15,168,517,ok,1
457,15.233,1780168758,D17,303,470,ok,1
457,15.233,1780168758,D16,266,495,ok,1
457,15.233,1780168758,D2,309,656,ok,1
457,15.233,1780168758,D7,160,754,ok,0
457,15.233,1780168758,D14,41,588,ok,1
457,15.233,1780168758,D11,88,746,ok,0
457,15.233,1780168758,D10,-114,775,ok,0
457,15.233,1780168758,D1,190,764,ok,0
457,15.233,1780168758,G13,45,-55,interpolated,0
457,15.233,1780168758,D20,-115,451,interpolated,0
458,15.267,1780168758,G15,92,-28,ok,0
458,15.267,1780168758,G11,140,-2,ok,0
458,15.267,1780168758,G7,121,-1,ok,0
458,15.267,1780168758,G18,167,-19,ok,0
458,15.267,1780168758,D4,-21,430,ok,0
458,15.267,1780168758,D17,301,470,ok,1
458,15.267,1780168758,D15,168,516,ok,1
458,15.267,1780168758,D16,266,497,ok,1
458,15.267,1780168758,D2,310,656,ok,1
458,15.267,1780168758,D7,160,754,ok,0
458,15.267,1780168758,D14,41,587,ok,1
458,15.267,1780168758,D11,86,746,ok,0
458,15.267,1780168758,D10,-114,775,ok,0
458,15.267,1780168758,D1,189,763,ok,0
458,15.267,1780168758,G13,45,-55,interpolated,0
458,15.267,1780168758,D20,-115,451,interpolated,0
459,15.300,1780168758,G15,93,-28,ok,0
459,15.300,1780168758,G7,121,-1,ok,0
459,15.300,1780168758,G11,140,-1,ok,0
459,15.300,1780168758,G18,167,-19,ok,0
459,15.300,1780168758,D17,300,471,ok,1
459,15.300,1780168758,D15,168,517,ok,1
459,15.300,1780168758,D4,-22,431,ok,0
459,15.300,1780168758,D16,266,501,ok,1
459,15.300,1780168758,D2,311,658,ok,1
459,15.300,1780168758,D14,43,587,ok,1
459,15.300,1780168758,D7,160,754,ok,0
459,15.300,1780168758,D10,-114,775,ok,0
459,15.300,1780168758,D11,83,746,ok,0
459,15.300,1780168758,D1,187,763,ok,0
459,15.300,1780168758,G13,45,-55,interpolated,0
459,15.300,1780168758,D20,-115,451,interpolated,0
460,15.333,1780168758,G7,121,-1,ok,0
460,15.333,1780168758,G11,140,-1,ok,0
460,15.333,1780168758,G15,92,-28,ok,0
460,15.333,1780168758,G18,167,-19,ok,0
460,15.333,1780168758,D17,299,471,ok,1
460,15.333,1780168758,D4,-22,431,ok,0
460,15.333,1780168758,D15,168,517,ok,1
460,15.333,1780168758,D2,311,659,ok,1
460,15.333,1780168758,D16,266,502,ok,1
460,15.333,1780168758,D14,43,588,ok,1
460,15.333,1780168758,D7,160,754,ok,0
460,15.333,1780168758,D11,82,747,ok,0
460,15.333,1780168758,D10,-114,775,ok,0
460,15.333,1780168758,D1,187,764,ok,0
460,15.333,1780168758,D20,-115,451,interpolated,0
461,15.367,1780168758,G7,121,-1,ok,0
461,15.367,1780168758,G11,140,-2,ok,0
461,15.367,1780168758,G15,93,-28,ok,0
461,15.367,1780168758,G18,168,-18,ok,0
461,15.367,1780168758,G13,41,-54,ok,0
461,15.367,1780168758,D17,296,472,ok,1
461,15.367,1780168758,D15,167,517,ok,1
461,15.367,1780168758,D4,-22,431,ok,0
461,15.367,1780168758,D2,312,660,ok,1
461,15.367,1780168758,D16,267,507,ok,1
461,15.367,1780168758,D14,44,588,ok,1
461,15.367,1780168758,D7,160,754,ok,0
461,15.367,1780168758,D11,80,748,ok,0
461,15.367,1780168758,D1,186,763,ok,0
461,15.367,1780168758,D10,-114,775,ok,0
461,15.367,1780168758,D20,-115,451,interpolated,0
462,15.400,1780168758,G7,121,-1,ok,0
462,15.400,1780168758,G11,140,-2,ok,0
462,15.400,1780168758,G15,92,-28,ok,0
462,15.400,1780168758,G18,169,-19,ok,0
462,15.400,1780168758,G13,41,-54,ok,0
462,15.400,1780168758,G28,474,394,ok,0
462,15.400,1780168758,D15,167,517,ok,1
462,15.400,1780168758,D17,294,472,ok,1
462,15.400,1780168758,D4,-22,431,ok,0
462,15.400,1780168758,D2,313,661,ok,1
462,15.400,1780168758,D16,267,508,ok,1
462,15.400,1780168758,D14,45,588,ok,1
462,15.400,1780168758,D11,80,746,ok,0
462,15.400,1780168758,D7,160,754,ok,0
462,15.400,1780168758,D1,185,766,ok,0
462,15.400,1780168758,D10,-114,775,ok,0
462,15.400,1780168758,D20,271,507,ok,1
463,15.433,1780168758,G7,121,-1,ok,0
463,15.433,1780168758,G11,140,-2,ok,0
463,15.433,1780168758,G15,92,-28,ok,0
463,15.433,1780168758,G18,169,-19,ok,0
463,15.433,1780168758,G13,41,-54,ok,0
463,15.433,1780168758,G28,474,394,ok,0
463,15.433,1780168758,D15,167,517,ok,1
463,15.433,1780168758,D17,294,472,ok,1
463,15.433,1780168758,D4,-22,431,ok,0
463,15.433,1780168758,D2,313,661,ok,1
463,15.433,1780168758,D16,267,508,ok,1
463,15.433,1780168758,D14,45,588,ok,1
463,15.433,1780168758,D11,80,746,ok,0
463,15.433,1780168758,D7,160,754,ok,0
463,15.433,1780168758,D1,185,766,ok,0
463,15.433,1780168758,D10,-114,775,ok,0
463,15.433,1780168758,D20,271,507,ok,1
464,15.467,1780168758,G7,121,-1,ok,0
464,15.467,1780168758,G11,140,-2,ok,0
464,15.467,1780168758,G15,92,-28,ok,0
464,15.467,1780168758,G18,169,-19,ok,0
464,15.467,1780168758,G28,473,394,ok,0
464,15.467,1780168758,G29,472,394,ok,0
464,15.467,1780168758,D17,293,472,ok,1
464,15.467,1780168758,D15,167,517,ok,1
464,15.467,1780168758,D4,-22,431,ok,0
464,15.467,1780168758,D2,313,661,ok,1
464,15.467,1780168758,D16,267,507,ok,1
464,15.467,1780168758,D14,45,587,ok,1
464,15.467,1780168758,D7,160,754,ok,0
464,15.467,1780168758,D11,79,748,ok,0
464,15.467,1780168758,D1,183,768,ok,0
464,15.467,1780168758,D10,-114,775,ok,0
464,15.467,1780168758,D20,271,507,interpolated,1
464,15.467,1780168758,G13,41,-54,interpolated,0
465,15.500,1780168758,G11,140,-2,ok,0
465,15.500,1780168758,G7,121,0,ok,1
465,15.500,1780168758,G15,92,-28,ok,0
465,15.500,1780168758,G18,170,-19,ok,0
465,15.500,1780168758,G28,473,394,ok,0
465,15.500,1780168758,G29,472,394,ok,0
465,15.500,1780168758,D4,-22,431,ok,0
465,15.500,1780168758,D15,167,517,ok,1
465,15.500,1780168758,D17,293,474,ok,1
465,15.500,1780168758,D16,267,508,ok,1
465,15.500,1780168758,D14,45,587,ok,1
465,15.500,1780168758,D2,313,660,ok,1
465,15.500,1780168758,D7,160,754,ok,0
465,15.500,1780168758,D11,78,747,ok,0
465,15.500,1780168758,D1,181,769,ok,0
465,15.500,1780168758,D10,-114,775,ok,0
465,15.500,1780168758,D20,271,507,interpolated,1
465,15.500,1780168758,G13,41,-54,interpolated,0
466,15.533,1780168758,G11,140,-2,ok,0
466,15.533,1780168758,G7,121,0,ok,1
466,15.533,1780168758,G15,92,-28,ok,0
466,15.533,1780168758,G18,171,-19,ok,0
466,15.533,1780168758,G28,473,394,ok,0
466,15.533,1780168758,D4,-22,431,ok,0
466,15.533,1780168758,D15,166,516,ok,1
466,15.533,1780168758,D17,292,475,ok,1
466,15.533,1780168758,D16,267,508,ok,1
466,15.533,1780168758,D14,47,586,ok,1
466,15.533,1780168758,D2,314,661,ok,1
466,15.533,1780168758,D7,160,754,ok,0
466,15.533,1780168758,D11,77,747,ok,0
466,15.533,1780168758,D10,-114,775,ok,0
466,15.533,1780168758,D1,179,769,ok,0
466,15.533,1780168758,D21,-114,451,ok,0
466,15.533,1780168758,D20,271,507,interpolated,1
466,15.533,1780168758,G13,41,-54,interpolated,0
466,15.533,1780168758,G29,472,394,interpolated,0
467,15.567,1780168758,G11,140,-2,ok,0
467,15.567,1780168758,G7,121,0,ok,1
467,15.567,1780168758,G15,92,-28,ok,0
467,15.567,1780168758,G18,172,-19,ok,0
467,15.567,1780168758,G28,473,394,ok,0
467,15.567,1780168758,D4,-22,431,ok,0
467,15.567,1780168758,D15,166,516,ok,1
467,15.567,1780168758,D17,292,477,ok,1
467,15.567,1780168758,D14,49,585,ok,1
467,15.567,1780168758,D16,268,508,ok,1
467,15.567,1780168758,D2,314,661,ok,1
467,15.567,1780168758,D7,160,754,ok,0
467,15.567,1780168758,D11,77,745,ok,0
467,15.567,1780168758,D10,-114,775,ok,0
467,15.567,1780168758,D21,-115,451,ok,0
467,15.567,1780168758,D1,179,769,interpolated,0
467,15.567,1780168758,D20,271,507,interpolated,1
467,15.567,1780168758,G13,41,-54,interpolated,0
467,15.567,1780168758,G29,472,394,interpolated,0
468,15.600,1780168758,G11,141,-1,ok,0
468,15.600,1780168758,G15,92,-28,ok,0
468,15.600,1780168758,G7,118,0,ok,1
468,15.600,1780168758,G18,173,-18,ok,0
468,15.600,1780168758,D4,-22,431,ok,0
468,15.600,1780168758,D15,166,516,ok,1
468,15.600,1780168758,D17,291,478,ok,1
468,15.600,1780168758,D14,50,585,ok,1
468,15.600,1780168758,D2,315,661,ok,1
468,15.600,1780168758,D7,160,754,ok,0
468,15.600,1780168758,D11,77,745,ok,0
468,15.600,1780168758,D20,270,508,ok,1
468,15.600,1780168758,D10,-113,775,ok,0
468,15.600,1780168758,D21,-115,451,ok,0
468,15.600,1780168758,D1,179,769,interpolated,0
468,15.600,1780168758,D16,268,508,interpolated,1
468,15.600,1780168758,G13,41,-54,interpolated,0
468,15.600,1780168758,G28,473,394,interpolated,0
468,15.600,1780168758,G29,472,394,interpolated,0
469,15.633,1780168758,G11,141,-1,ok,0
469,15.633,1780168758,G15,92,-28,ok,0
469,15.633,1780168758,G7,118,0,ok,1
469,15.633,1780168758,G18,173,-18,ok,0
469,15.633,1780168758,D4,-22,431,ok,0
469,15.633,1780168758,D15,166,516,ok,1
469,15.633,1780168758,D17,291,478,ok,1
469,15.633,1780168758,D14,50,585,ok,1
469,15.633,1780168758,D2,315,661,ok,1
469,15.633,1780168758,D7,160,754,ok,0
469,15.633,1780168758,D11,77,745,ok,0
469,15.633,1780168758,D20,270,508,ok,1
469,15.633,1780168758,D10,-113,775,ok,0
469,15.633,1780168758,D21,-115,451,ok,0
469,15.633,1780168758,D1,179,769,interpolated,0
469,15.633,1780168758,D16,268,508,interpolated,1
469,15.633,1780168758,G13,41,-54,interpolated,0
469,15.633,1780168758,G28,473,394,interpolated,0
469,15.633,1780168758,G29,472,394,interpolated,0
470,15.667,1780168758,G15,92,-28,ok,0
470,15.667,1780168758,G11,141,-1,ok,0
470,15.667,1780168758,G7,118,0,ok,1
470,15.667,1780168758,G18,173,-18,ok,0
470,15.667,1780168758,D4,-22,431,ok,0
470,15.667,1780168758,D15,166,516,ok,1
470,15.667,1780168758,D17,291,481,ok,1
470,15.667,1780168758,D14,50,584,ok,1
470,15.667,1780168758,D20,272,509,ok,1
470,15.667,1780168758,D2,315,661,ok,1
470,15.667,1780168758,D7,160,753,ok,0
470,15.667,1780168758,D11,77,745,ok,0
470,15.667,1780168758,D10,-113,775,ok,0
470,15.667,1780168758,D1,175,770,ok,0
470,15.667,1780168758,D21,-115,451,ok,0
470,15.667,1780168758,D16,268,508,interpolated,1
470,15.667,1780168758,G13,41,-54,interpolated,0
470,15.667,1780168758,G28,473,394,interpolated,0
470,15.667,1780168758,G29,472,394,interpolated,0
471,15.700,1780168758,G15,92,-28,ok,0
471,15.700,1780168758,G7,119,0,ok,1
471,15.700,1780168758,G11,141,-1,ok,0
471,15.700,1780168758,G18,173,-18,ok,0
471,15.700,1780168758,D4,-22,431,ok,0
471,15.700,1780168758,D15,165,516,ok,1
471,15.700,1780168758,D17,289,481,ok,1
471,15.700,1780168758,D14,50,585,ok,1
471,15.700,1780168758,D2,317,661,ok,1
471,15.700,1780168758,D20,272,511,ok,1
471,15.700,1780168758,D11,75,746,ok,0
471,15.700,1780168758,D7,160,753,ok,0
471,15.700,1780168758,D1,173,770,ok,0
471,15.700,1780168758,D10,-113,775,ok,0
471,15.700,1780168758,D16,268,508,interpolated,1
471,15.700,1780168758,G13,41,-54,interpolated,0
471,15.700,1780168758,G28,473,394,interpolated,0
471,15.700,1780168758,G29,472,394,interpolated,0
471,15.700,1780168758,D21,-115,451,interpolated,0
472,15.733,1780168758,G15,92,-28,ok,0
472,15.733,1780168758,G7,119,0,ok,1
472,15.733,1780168758,G11,141,-1,ok,0
472,15.733,1780168758,D4,-22,431,ok,0
472,15.733,1780168758,D15,165,516,ok,1
472,15.733,1780168758,D20,273,512,ok,1
472,15.733,1780168758,D17,286,482,ok,1
472,15.733,1780168758,D14,50,585,ok,1
472,15.733,1780168758,D2,319,661,ok,1
472,15.733,1780168758,D7,160,753,ok,0
472,15.733,1780168758,D11,73,746,ok,0
472,15.733,1780168758,D10,-113,775,ok,0
472,15.733,1780168758,D1,173,770,interpolated,0
472,15.733,1780168758,G18,173,-18,interpolated,0
472,15.733,1780168758,D16,268,508,interpolated,1
472,15.733,1780168758,G13,41,-54,interpolated,0
472,15.733,1780168758,G28,473,394,interpolated,0
472,15.733,1780168758,G29,472,394,interpolated,0
472,15.733,1780168758,D21,-115,451,interpolated,0
473,15.767,1780168758,G15,92,-28,ok,0
473,15.767,1780168758,G7,120,0,ok,1
473,15.767,1780168758,G11,141,-1,ok,0
473,15.767,1780168758,D4,-22,431,ok,0
473,15.767,1780168758,D17,284,483,ok,1
473,15.767,1780168758,D15,165,516,ok,1
473,15.767,1780168758,D20,275,514,ok,1
473,15.767,1780168758,D2,320,662,ok,1
473,15.767,1780168758,D14,50,584,ok,1
473,15.767,1780168758,D7,160,753,ok,0
473,15.767,1780168758,D10,-113,775,ok,0
473,15.767,1780168758,D1,171,769,ok,0
473,15.767,1780168758,G18,173,-18,interpolated,0
473,15.767,1780168758,D11,73,746,interpolated,0
473,15.767,1780168758,D16,268,508,interpolated,1
473,15.767,1780168758,G13,41,-54,interpolated,0
473,15.767,1780168758,G28,473,394,interpolated,0
473,15.767,1780168758,G29,472,394,interpolated,0
473,15.767,1780168758,D21,-115,451,interpolated,0
474,15.800,1780168758,G15,92,-28,ok,0
474,15.800,1780168758,G11,141,-1,ok,0
474,15.800,1780168758,G7,121,0,ok,1
474,15.800,1780168758,D4,-22,431,ok,0
474,15.800,1780168758,D15,165,516,ok,1
474,15.800,1780168758,D17,283,484,ok,1
474,15.800,1780168758,D20,276,516,ok,1
474,15.800,1780168758,D14,49,586,ok,1
474,15.800,1780168758,D2,322,662,ok,1
474,15.800,1780168758,D7,159,753,ok,0
474,15.800,1780168758,D10,-113,775,ok,0
474,15.800,1780168758,D1,171,769,interpolated,0
474,15.800,1780168758,G18,173,-18,interpolated,0
474,15.800,1780168758,D11,73,746,interpolated,0
474,15.800,1780168758,D16,268,508,interpolated,1
474,15.800,1780168758,G28,473,394,interpolated,0
474,15.800,1780168758,G29,472,394,interpolated,0
474,15.800,1780168758,D21,-115,451,interpolated,0
475,15.833,1780168758,G15,92,-28,ok,0
475,15.833,1780168758,G11,141,-1,ok,0
475,15.833,1780168758,G7,121,0,ok,1
475,15.833,1780168758,D4,-22,431,ok,0
475,15.833,1780168758,D15,165,516,ok,1
475,15.833,1780168758,D17,283,484,ok,1
475,15.833,1780168758,D20,276,516,ok,1
475,15.833,1780168758,D14,49,586,ok,1
475,15.833,1780168758,D2,322,662,ok,1
475,15.833,1780168758,D7,159,753,ok,0
475,15.833,1780168758,D10,-113,775,ok,0
475,15.833,1780168758,D1,171,769,interpolated,0
475,15.833,1780168758,G18,173,-18,interpolated,0
475,15.833,1780168758,D11,73,746,interpolated,0
475,15.833,1780168758,D16,268,508,interpolated,1
475,15.833,1780168758,G28,473,394,interpolated,0
475,15.833,1780168758,G29,472,394,interpolated,0
475,15.833,1780168758,D21,-115,451,interpolated,0
476,15.867,1780168758,G15,92,-28,ok,0
476,15.867,1780168758,G11,141,-1,ok,0
476,15.867,1780168758,G7,121,0,ok,1
476,15.867,1780168758,D4,-22,431,ok,0
476,15.867,1780168758,D20,277,517,ok,1
476,15.867,1780168758,D15,165,517,ok,1
476,15.867,1780168758,D17,282,484,ok,1
476,15.867,1780168758,D14,49,585,ok,1
476,15.867,1780168758,D2,323,662,ok,1
476,15.867,1780168758,D7,160,753,ok,0
476,15.867,1780168758,D10,-113,775,ok,0
476,15.867,1780168758,D1,171,769,interpolated,0
476,15.867,1780168758,G18,173,-18,interpolated,0
476,15.867,1780168758,D11,73,746,interpolated,0
476,15.867,1780168758,D16,268,508,interpolated,1
476,15.867,1780168758,G28,473,394,interpolated,0
476,15.867,1780168758,D21,-115,451,interpolated,0
477,15.900,1780168758,G15,92,-28,ok,0
477,15.900,1780168758,G11,141,-1,ok,0
477,15.900,1780168758,G7,121,0,ok,1
477,15.900,1780168758,D4,-22,431,ok,0
477,15.900,1780168758,D20,276,516,ok,1
477,15.900,1780168758,D15,164,517,ok,1
477,15.900,1780168758,D17,282,485,ok,1
477,15.900,1780168758,D14,49,586,ok,1
477,15.900,1780168758,D2,324,662,ok,1
477,15.900,1780168758,D10,-113,775,ok,0
477,15.900,1780168758,D7,159,753,ok,0
477,15.900,1780168758,D1,171,769,interpolated,0
477,15.900,1780168758,G18,173,-18,interpolated,0
477,15.900,1780168758,D11,73,746,interpolated,0
477,15.900,1780168758,D16,268,508,interpolated,1
477,15.900,1780168758,G28,473,394,interpolated,0
477,15.900,1780168758,D21,-115,451,interpolated,0
478,15.933,1780168758,G15,93,-28,ok,0
478,15.933,1780168758,G11,141,-1,ok,0
478,15.933,1780168758,G7,121,0,ok,1
478,15.933,1780168758,D4,-22,431,ok,0
478,15.933,1780168758,D15,164,517,ok,1
478,15.933,1780168758,D20,275,515,ok,1
478,15.933,1780168758,D17,282,486,ok,1
478,15.933,1780168758,D14,48,586,ok,1
478,15.933,1780168758,D2,325,662,ok,1
478,15.933,1780168758,D7,165,755,ok,0
478,15.933,1780168758,D10,-113,775,ok,0
478,15.933,1780168758,D11,68,746,ok,0
478,15.933,1780168758,D1,171,769,interpolated,0
478,15.933,1780168758,G18,173,-18,interpolated,0
478,15.933,1780168758,D21,-115,451,interpolated,0
479,15.967,1780168758,G15,92,-27,ok,0
479,15.967,1780168758,G11,141,-1,ok,0
479,15.967,1780168758,G7,120,0,ok,1
479,15.967,1780168758,D4,-22,431,ok,0
479,15.967,1780168758,D20,274,514,ok,1
479,15.967,1780168758,D17,281,486,ok,1
479,15.967,1780168758,D15,167,515,ok,1
479,15.967,1780168758,D14,47,586,ok,1
479,15.967,1780168758,D2,325,663,ok,1
479,15.967,1780168758,D11,66,746,ok,0
479,15.967,1780168758,D1,160,754,ok,0
479,15.967,1780168758,D7,163,755,ok,0
479,15.967,1780168758,D10,-113,775,ok,0
479,15.967,1780168758,G18,173,-18,interpolated,0
479,15.967,1780168758,D21,-115,451,interpolated,0
480,16.000,1780168759,G15,93,-27,ok,0
480,16.000,1780168759,G11,141,-1,ok,0
480,16.000,1780168759,G7,119,0,ok,1
480,16.000,1780168759,D4,-23,431,ok,0
480,16.000,1780168759,D15,167,514,ok,1
480,16.000,1780168759,D20,274,514,ok,1
480,16.000,1780168759,D17,281,486,ok,1
480,16.000,1780168759,D14,45,587,ok,1
480,16.000,1780168759,D2,326,664,ok,1
480,16.000,1780168759,D1,162,753,ok,0
480,16.000,1780168759,D11,64,746,ok,0
480,16.000,1780168759,D10,-113,775,ok,0
480,16.000,1780168759,D7,163,755,interpolated,0
480,16.000,1780168759,G18,173,-18,interpolated,0
480,16.000,1780168759,D21,-115,451,interpolated,0
481,16.033,1780168759,G15,93,-27,ok,0
481,16.033,1780168759,G11,141,-1,ok,0
481,16.033,1780168759,G7,119,0,ok,1
481,16.033,1780168759,D4,-23,431,ok,0
481,16.033,1780168759,D15,167,514,ok,1
481,16.033,1780168759,D20,274,514,ok,1
481,16.033,1780168759,D17,281,486,ok,1
481,16.033,1780168759,D14,45,587,ok,1
481,16.033,1780168759,D2,326,664,ok,1
481,16.033,1780168759,D1,162,753,ok,0
481,16.033,1780168759,D11,64,746,ok,0
481,16.033,1780168759,D10,-113,775,ok,0
481,16.033,1780168759,D7,163,755,interpolated,0
481,16.033,1780168759,G18,173,-18,interpolated,0
482,16.067,1780168759,G15,92,-28,ok,0
482,16.067,1780168759,G11,141,-1,ok,0
482,16.067,1780168759,G7,119,0,ok,1
482,16.067,1780168759,D4,-23,431,ok,0
482,16.067,1780168759,D17,281,486,ok,1
482,16.067,1780168759,D20,274,514,ok,1
482,16.067,1780168759,D14,44,587,ok,1
482,16.067,1780168759,D15,169,511,ok,1
482,16.067,1780168759,D2,327,666,ok,1
482,16.067,1780168759,D1,160,754,ok,0
482,16.067,1780168759,D11,63,746,ok,0
482,16.067,1780168759,D10,-113,775,ok,0
482,16.067,1780168759,D7,163,755,interpolated,0
483,16.100,1780168759,G11,142,-1,ok,0
483,16.100,1780168759,G15,92,-27,ok,0
483,16.100,1780168759,G7,119,0,ok,1
483,16.100,1780168759,D4,-23,431,ok,0
483,16.100,1780168759,D17,281,486,ok,1
483,16.100,1780168759,D15,171,510,ok,1
483,16.100,1780168759,D20,273,516,ok,1
483,16.100,1780168759,D14,43,586,ok,1
483,16.100,1780168759,D2,328,670,ok,1
483,16.100,1780168759,D1,160,754,ok,0
483,16.100,1780168759,D11,62,746,ok,0
483,16.100,1780168759,D10,-113,775,ok,0
483,16.100,1780168759,D7,163,755,interpolated,0
484,16.133,1780168759,G11,142,-1,ok,0
484,16.133,1780168759,G15,93,-27,ok,0
484,16.133,1780168759,G7,119,0,ok,1
484,16.133,1780168759,G18,173,-25,ok,0
484,16.133,1780168759,D4,-23,431,ok,0
484,16.133,1780168759,D17,280,486,ok,1
484,16.133,1780168759,D20,273,519,ok,1
484,16.133,1780168759,D15,171,509,ok,1
484,16.133,1780168759,D14,41,586,ok,1
484,16.133,1780168759,D1,160,755,ok,0
484,16.133,1780168759,D2,330,673,ok,1
484,16.133,1780168759,D10,-113,775,ok,0
484,16.133,1780168759,D11,62,746,ok,0
484,16.133,1780168759,D7,163,755,interpolated,0
485,16.167,1780168759,G11,142,-1,ok,0
485,16.167,1780168759,G15,93,-27,ok,0
485,16.167,1780168759,G7,119,0,ok,1
485,16.167,1780168759,D4,-23,431,ok,0
485,16.167,1780168759,D17,280,486,ok,1
485,16.167,1780168759,D15,171,509,ok,1
485,16.167,1780168759,D20,271,521,ok,1
485,16.167,1780168759,D14,40,587,ok,1
485,16.167,1780168759,D1,159,754,ok,0
485,16.167,1780168759,D2,331,673,ok,1
485,16.167,1780168759,D11,61,746,ok,0
485,16.167,1780168759,D10,-113,775,ok,0
485,16.167,1780168759,D7,163,755,interpolated,0
485,16.167,1780168759,G18,173,-25,interpolated,0
486,16.200,1780168759,G11,141,-1,ok,0
486,16.200,1780168759,G15,93,-27,ok,0
486,16.200,1780168759,G7,118,0,ok,1
486,16.200,1780168759,D4,-23,431,ok,0
486,16.200,1780168759,D17,280,485,ok,1
486,16.200,1780168759,D20,271,527,ok,1
486,16.200,1780168759,D15,171,510,ok,1
486,16.200,1780168759,D14,40,587,ok,1
486,16.200,1780168759,D2,331,671,ok,1
486,16.200,1780168759,D1,159,754,ok,0
486,16.200,1780168759,D11,61,746,ok,0
486,16.200,1780168759,D10,-114,775,ok,0
486,16.200,1780168759,D7,163,755,interpolated,0
486,16.200,1780168759,G18,173,-25,interpolated,0
487,16.233,1780168759,G11,141,-1,ok,0
487,16.233,1780168759,G15,93,-27,ok,0
487,16.233,1780168759,G7,118,0,ok,1
487,16.233,1780168759,D4,-23,431,ok,0
487,16.233,1780168759,D17,280,485,ok,1
487,16.233,1780168759,D20,271,527,ok,1
487,16.233,1780168759,D15,171,510,ok,1
487,16.233,1780168759,D14,40,587,ok,1
487,16.233,1780168759,D2,331,672,ok,1
487,16.233,1780168759,D1,159,754,ok,0
487,16.233,1780168759,D11,61,746,ok,0
487,16.233,1780168759,D10,-114,775,ok,0
487,16.233,1780168759,D7,163,755,interpolated,0
487,16.233,1780168759,G18,173,-25,interpolated,0
488,16.267,1780168759,G11,141,-1,ok,0
488,16.267,1780168759,G15,93,-27,ok,0
488,16.267,1780168759,G7,118,0,ok,1
488,16.267,1780168759,D4,-23,431,ok,0
488,16.267,1780168759,D17,281,486,ok,1
488,16.267,1780168759,D15,171,510,ok,1
488,16.267,1780168759,D20,271,533,ok,1
488,16.267,1780168759,D14,40,588,ok,1
488,16.267,1780168759,D2,328,666,ok,1
488,16.267,1780168759,D11,61,746,ok,0
488,16.267,1780168759,D1,159,754,ok,0
488,16.267,1780168759,D10,-114,775,ok,0
488,16.267,1780168759,D7,163,755,interpolated,0
488,16.267,1780168759,G18,173,-25,interpolated,0
489,16.300,1780168759,G15,93,-27,ok,0
489,16.300,1780168759,G11,141,-1,ok,0
489,16.300,1780168759,G7,118,0,ok,1
489,16.300,1780168759,D4,-23,431,ok,0
489,16.300,1780168759,D17,280,485,ok,1
489,16.300,1780168759,D15,172,510,ok,1
489,16.300,1780168759,D20,271,535,ok,1
489,16.300,1780168759,D14,40,588,ok,1
489,16.300,1780168759,D11,61,746,ok,0
489,16.300,1780168759,D2,330,668,ok,1
489,16.300,1780168759,D1,159,754,ok,0
489,16.300,1780168759,D10,-114,775,ok,0
489,16.300,1780168759,D7,163,755,interpolated,0
489,16.300,1780168759,G18,173,-25,interpolated,0
490,16.333,1780168759,G15,93,-27,ok,0
490,16.333,1780168759,G11,141,-1,ok,0
490,16.333,1780168759,G7,118,0,ok,1
490,16.333,1780168759,D4,-23,431,ok,0
490,16.333,1780168759,D17,281,486,ok,1
490,16.333,1780168759,D15,173,510,ok,1
490,16.333,1780168759,D20,272,536,ok,1
490,16.333,1780168759,D14,40,588,ok,1
490,16.333,1780168759,D1,160,754,ok,0
490,16.333,1780168759,D2,331,667,ok,1
490,16.333,1780168759,D11,60,746,ok,0
490,16.333,1780168759,D10,-114,775,ok,0
490,16.333,1780168759,G18,173,-25,interpolated,0
491,16.367,1780168759,G15,93,-27,ok,0
491,16.367,1780168759,G11,141,-1,ok,0
491,16.367,1780168759,G7,118,0,ok,1
491,16.367,1780168759,D4,-23,431,ok,0
491,16.367,1780168759,D17,281,485,ok,1
491,16.367,1780168759,D15,174,510,ok,1
491,16.367,1780168759,D20,273,539,ok,1
491,16.367,1780168759,D14,40,589,ok,1
491,16.367,1780168759,D2,332,669,ok,1
491,16.367,1780168759,D1,160,753,ok,0
491,16.367,1780168759,D10,-114,775,ok,0
491,16.367,1780168759,D11,59,746,ok,0
491,16.367,1780168759,G18,173,-25,interpolated,0
492,16.400,1780168759,G15,93,-27,ok,0
492,16.400,1780168759,G7,117,0,ok,1
492,16.400,1780168759,G11,141,-1,ok,0
492,16.400,1780168759,D4,-23,431,ok,0
492,16.400,1780168759,D15,174,510,ok,1
492,16.400,1780168759,D17,281,486,ok,1
492,16.400,1780168759,D20,273,540,ok,1
492,16.400,1780168759,D14,39,592,ok,1
492,16.400,1780168759,D2,331,667,ok,1
492,16.400,1780168759,D1,159,754,ok,0
492,16.400,1780168759,D10,-113,775,ok,0
492,16.400,1780168759,D11,57,746,ok,0
492,16.400,1780168759,G18,173,-25,interpolated,0
493,16.433,1780168759,G15,93,-27,ok,0
493,16.433,1780168759,G7,117,0,ok,1
493,16.433,1780168759,G11,141,-1,ok,0
493,16.433,1780168759,D4,-23,431,ok,0
493,16.433,1780168759,D15,174,510,ok,1
493,16.433,1780168759,D17,281,486,ok,1
493,16.433,1780168759,D20,273,541,ok,1
493,16.433,1780168759,D14,39,592,ok,1
493,16.433,1780168759,D2,331,667,ok,1
493,16.433,1780168759,D1,159,754,ok,0
493,16.433,1780168759,D10,-113,775,ok,0
493,16.433,1780168759,D11,57,746,ok,0
493,16.433,1780168759,G18,173,-25,interpolated,0
494,16.467,1780168759,G15,93,-27,ok,0
494,16.467,1780168759,G11,141,-1,ok,0
494,16.467,1780168759,G7,117,0,ok,1
494,16.467,1780168759,D4,-23,431,ok,0
494,16.467,1780168759,D15,175,511,ok,1
494,16.467,1780168759,D17,281,486,ok,1
494,16.467,1780168759,D20,272,544,ok,1
494,16.467,1780168759,D2,332,668,ok,1
494,16.467,1780168759,D14,36,597,ok,1
494,16.467,1780168759,D1,160,754,ok,0
494,16.467,1780168759,D10,-113,775,ok,0
494,16.467,1780168759,D11,57,746,interpolated,0
494,16.467,1780168759,G18,173,-25,interpolated,0
495,16.500,1780168759,G15,93,-27,ok,0
495,16.500,1780168759,G11,141,-1,ok,0
495,16.500,1780168759,G7,117,0,ok,1
495,16.500,1780168759,D4,-23,431,ok,0
495,16.500,1780168759,D15,175,512,ok,1
495,16.500,1780168759,D17,281,486,ok,1
495,16.500,1780168759,D20,271,549,ok,1
495,16.500,1780168759,D2,332,667,ok,1
495,16.500,1780168759,D14,36,598,ok,1
495,16.500,1780168759,D1,159,754,ok,0
495,16.500,1780168759,D10,-113,775,ok,0
495,16.500,1780168759,D11,53,746,ok,0
496,16.533,1780168759,G15,93,-27,ok,0
496,16.533,1780168759,G7,117,0,ok,1
496,16.533,1780168759,G11,140,-1,ok,0
496,16.533,1780168759,D4,-23,431,ok,0
496,16.533,1780168759,D17,282,488,ok,1
496,16.533,1780168759,D15,175,514,ok,1
496,16.533,1780168759,D20,270,556,ok,1
496,16.533,1780168759,D2,332,668,ok,1
496,16.533,1780168759,D14,33,605,ok,1
496,16.533,1780168759,D1,160,754,ok,0
496,16.533,1780168759,D11,51,744,ok,0
496,16.533,1780168759,D10,-113,776,ok,0
497,16.567,1780168759,G15,93,-27,ok,0
497,16.567,1780168759,G7,117,0,ok,1
497,16.567,1780168759,G11,140,-1,ok,0
497,16.567,1780168759,D15,177,516,ok,1
497,16.567,1780168759,D4,-23,431,ok,0
497,16.567,1780168759,D17,282,489,ok,1
497,16.567,1780168759,D20,267,564,ok,1
497,16.567,1780168759,D2,333,670,ok,1
497,16.567,1780168759,D14,30,610,ok,1
497,16.567,1780168759,D1,160,754,ok,0
497,16.567,1780168759,D11,50,743,ok,0
497,16.567,1780168759,D10,-113,776,ok,0
498,16.600,1780168759,G15,93,-27,ok,0
498,16.600,1780168759,G7,117,0,ok,1
498,16.600,1780168759,G11,140,-1,ok,0
498,16.600,1780168759,G18,154,-48,ok,0
498,16.600,1780168759,D4,-23,431,ok,0
498,16.600,1780168759,D15,179,520,ok,1
498,16.600,1780168759,D17,283,490,ok,1
498,16.600,1780168759,D2,334,672,ok,1
498,16.600,1780168759,D20,265,564,ok,1
498,16.600,1780168759,D14,30,612,ok,1
498,16.600,1780168759,D1,160,753,ok,0
498,16.600,1780168759,D11,48,746,ok,0
498,16.600,1780168759,D10,-113,776,ok,0
499,16.633,1780168759,G15,93,-27,ok,0
499,16.633,1780168759,G7,117,0,ok,1
499,16.633,1780168759,G11,140,-1,ok,0
499,16.633,1780168759,G18,154,-48,ok,0
499,16.633,1780168759,D4,-23,431,ok,0
499,16.633,1780168759,D15,179,520,ok,1
499,16.633,1780168759,D17,283,490,ok,1
499,16.633,1780168759,D2,334,672,ok,1
499,16.633,1780168759,D20,265,565,ok,1
499,16.633,1780168759,D14,30,612,ok,1
499,16.633,1780168759,D1,160,753,ok,0
499,16.633,1780168759,D11,48,746,ok,0
499,16.633,1780168759,D10,-113,776,ok,0
500,16.667,1780168759,G15,93,-27,ok,0
500,16.667,1780168759,G7,117,0,ok,1
500,16.667,1780168759,G11,140,-1,ok,0
500,16.667,1780168759,G18,154,-48,ok,0
500,16.667,1780168759,G30,14,-54,ok,0
500,16.667,1780168759,G31,127,-34,ok,0
500,16.667,1780168759,D4,-23,431,ok,0
500,16.667,1780168759,D15,181,525,ok,1
500,16.667,1780168759,D17,283,490,ok,1
500,16.667,1780168759,D20,262,564,ok,1
500,16.667,1780168759,D2,335,674,ok,1
500,16.667,1780168759,D14,30,612,ok,1
500,16.667,1780168759,D1,160,754,ok,0
500,16.667,1780168759,D11,47,745,ok,0
500,16.667,1780168759,D10,-113,776,ok,0
500,16.667,1780168759,D22,139,770,ok,0
501,16.700,1780168759,G15,92,-27,ok,0
501,16.700,1780168759,G11,140,-1,ok,0
501,16.700,1780168759,G7,117,0,ok,1
501,16.700,1780168759,G18,154,-47,ok,0
501,16.700,1780168759,G31,126,-34,ok,0
501,16.700,1780168759,D17,284,490,ok,1
501,16.700,1780168759,D4,-23,431,ok,0
501,16.700,1780168759,D15,184,525,ok,1
501,16.700,1780168759,D2,336,675,ok,1
501,16.700,1780168759,D20,260,566,ok,1
501,16.700,1780168759,D14,30,612,ok,1
501,16.700,1780168759,D11,49,739,ok,0
501,16.700,1780168759,D1,160,754,ok,0
501,16.700,1780168759,D10,-113,776,ok,0
501,16.700,1780168759,D22,137,770,ok,0
501,16.700,1780168759,G30,14,-54,interpolated,0
502,16.733,1780168759,G11,140,-1,ok,0
502,16.733,1780168759,G15,92,-27,ok,0
502,16.733,1780168759,G7,117,0,ok,1
502,16.733,1780168759,G18,153,-48,ok,0
502,16.733,1780168759,D17,285,491,ok,1
502,16.733,1780168759,D4,-23,431,ok,0
502,16.733,1780168759,D15,187,526,ok,1
502,16.733,1780168759,D20,259,567,ok,1
502,16.733,1780168759,D2,336,675,ok,1
502,16.733,1780168759,D14,31,611,ok,1
502,16.733,1780168759,D11,48,740,ok,0
502,16.733,1780168759,D1,160,754,ok,0
502,16.733,1780168759,D10,-113,776,ok,0
502,16.733,1780168759,D22,136,768,ok,0
502,16.733,1780168759,G30,14,-54,interpolated,0
502,16.733,1780168759,G31,126,-34,interpolated,0
503,16.767,1780168759,G11,140,-1,ok,0
503,16.767,1780168759,G15,92,-27,ok,0
503,16.767,1780168759,G7,117,0,ok,1
503,16.767,1780168759,G18,154,-47,ok,0
503,16.767,1780168759,D17,285,494,ok,1
503,16.767,1780168759,D4,-23,431,ok,0
503,16.767,1780168759,D20,257,572,ok,1
503,16.767,1780168759,D15,188,527,ok,1
503,16.767,1780168759,D2,336,675,ok,1
503,16.767,1780168759,D14,31,611,ok,1
503,16.767,1780168759,D1,159,754,ok,0
503,16.767,1780168759,D11,49,739,ok,0
503,16.767,1780168759,D10,-114,776,ok,0
503,16.767,1780168759,D22,135,767,ok,0
503,16.767,1780168759,G30,14,-54,interpolated,0
503,16.767,1780168759,G31,126,-34,interpolated,0
504,16.800,1780168759,G11,140,-1,ok,0
504,16.800,1780168759,G15,92,-27,ok,0
504,16.800,1780168759,G7,117,0,ok,1
504,16.800,1780168759,G31,125,-34,ok,0
504,16.800,1780168759,G18,153,-48,ok,0
504,16.800,1780168759,D17,285,493,ok,1
504,16.800,1780168759,D4,-23,430,ok,0
504,16.800,1780168759,D20,255,578,ok,1
504,16.800,1780168759,D15,189,527,ok,1
504,16.800,1780168759,D2,336,675,ok,1
504,16.800,1780168759,D14,31,611,ok,1
504,16.800,1780168759,D1,160,754,ok,0
504,16.800,1780168759,D11,48,738,ok,0
504,16.800,1780168759,D10,-114,776,ok,0
504,16.800,1780168759,D22,134,766,ok,0
504,16.800,1780168759,G30,14,-54,interpolated,0
505,16.833,1780168759,G11,140,-1,ok,0
505,16.833,1780168759,G15,92,-27,ok,0
505,16.833,1780168759,G7,117,0,ok,1
505,16.833,1780168759,G18,153,-48,ok,0
505,16.833,1780168759,G31,125,-34,ok,0
505,16.833,1780168759,D17,285,493,ok,1
505,16.833,1780168759,D4,-23,430,ok,0
505,16.833,1780168759,D20,255,578,ok,1
505,16.833,1780168759,D15,189,527,ok,1
505,16.833,1780168759,D2,336,675,ok,1
505,16.833,1780168759,D14,31,611,ok,1
505,16.833,1780168759,D1,160,754,ok,0
505,16.833,1780168759,D11,48,738,ok,0
505,16.833,1780168759,D10,-114,776,ok,0
505,16.833,1780168759,D22,134,766,ok,0
505,16.833,1780168759,G30,14,-54,interpolated,0
506,16.867,1780168759,G11,141,-1,ok,0
506,16.867,1780168759,G15,92,-27,ok,0
506,16.867,1780168759,G7,117,0,ok,1
506,16.867,1780168759,G31,125,-33,ok,0
506,16.867,1780168759,G18,153,-48,ok,0
506,16.867,1780168759,D17,285,492,ok,1
506,16.867,1780168759,D4,-23,430,ok,0
506,16.867,1780168759,D20,253,580,ok,1
506,16.867,1780168759,D15,190,528,ok,1
506,16.867,1780168759,D2,337,675,ok,1
506,16.867,1780168759,D14,30,611,ok,1
506,16.867,1780168759,D1,160,754,ok,0
506,16.867,1780168759,D11,48,738,ok,0
506,16.867,1780168759,D10,-115,776,ok,0
506,16.867,1780168759,D22,135,764,ok,0
506,16.867,1780168759,G30,14,-54,interpolated,0
507,16.900,1780168759,G11,141,-1,ok,0
507,16.900,1780168759,G15,92,-27,ok,0
507,16.900,1780168759,G7,117,0,ok,1
507,16.900,1780168759,G31,125,-33,ok,0
507,16.900,1780168759,G18,153,-48,ok,0
507,16.900,1780168759,G30,45,-49,ok,0
507,16.900,1780168759,D17,285,491,ok,1
507,16.900,1780168759,D4,-23,430,ok,0
507,16.900,1780168759,D20,252,588,ok,1
507,16.900,1780168759,D15,191,531,ok,1
507,16.900,1780168759,D2,337,675,ok,1
507,16.900,1780168759,D1,160,754,ok,0
507,16.900,1780168759,D14,31,611,ok,1
507,16.900,1780168759,D11,47,738,ok,0
507,16.900,1780168759,D22,135,763,ok,0
507,16.900,1780168759,D10,-114,775,ok,0
508,16.933,1780168759,G11,141,-1,ok,0
508,16.933,1780168759,G15,92,-28,ok,0
508,16.933,1780168759,G7,117,0,ok,1
508,16.933,1780168759,G31,125,-32,ok,0
508,16.933,1780168759,G18,153,-48,ok,0
508,16.933,1780168759,G30,10,-54,ok,0
508,16.933,1780168759,D17,286,491,ok,1
508,16.933,1780168759,D4,-23,430,ok,0
508,16.933,1780168759,D20,251,591,ok,1
508,16.933,1780168759,D15,193,534,ok,1
508,16.933,1780168759,D2,338,675,ok,1
508,16.933,1780168759,D14,31,611,ok,1
508,16.933,1780168759,D1,159,754,ok,0
508,16.933,1780168759,D11,46,737,ok,0
508,16.933,1780168759,D22,133,763,ok,0
508,16.933,1780168759,D10,-114,775,ok,0
509,16.967,1780168759,G11,141,-1,ok,0
509,16.967,1780168759,G15,92,-28,ok,0
509,16.967,1780168759,G7,117,0,ok,1
509,16.967,1780168759,G18,153,-48,ok,0
509,16.967,1780168759,D17,287,491,ok,1
509,16.967,1780168759,D4,-23,430,ok,0
509,16.967,1780168759,D20,251,592,ok,1
509,16.967,1780168759,D15,194,537,ok,1
509,16.967,1780168759,D2,339,674,ok,1
509,16.967,1780168759,D1,159,754,ok,0
509,16.967,1780168759,D14,31,611,ok,1
509,16.967,1780168759,D11,45,736,ok,0
509,16.967,1780168759,D22,133,763,ok,0
509,16.967,1780168759,D10,-114,775,ok,0
509,16.967,1780168759,G30,10,-54,interpolated,0
509,16.967,1780168759,G31,125,-32,interpolated,0
510,17.000,1780168760,G11,141,-1,ok,0
510,17.000,1780168760,G15,92,-28,ok,0
510,17.000,1780168760,G7,117,0,ok,1
510,17.000,1780168760,G18,154,-47,ok,0
510,17.000,1780168760,G30,45,-50,ok,0
510,17.000,1780168760,D17,288,492,ok,1
510,17.000,1780168760,D4,-23,430,ok,0
510,17.000,1780168760,D20,248,595,ok,1
510,17.000,1780168760,D15,196,541,ok,1
510,17.000,1780168760,D2,339,674,ok,1
510,17.000,1780168760,D14,31,612,ok,1
510,17.000,1780168760,D1,159,754,ok,0
510,17.000,1780168760,D11,43,737,ok,0
510,17.000,1780168760,D22,131,763,ok,0
510,17.000,1780168760,D10,-116,776,ok,0
510,17.000,1780168760,G31,125,-32,interpolated,0
511,17.033,1780168760,G11,141,-1,ok,0
511,17.033,1780168760,G15,92,-28,ok,0
511,17.033,1780168760,G7,117,0,ok,1
511,17.033,1780168760,G18,154,-47,ok,0
511,17.033,1780168760,G30,45,-50,ok,0
511,17.033,1780168760,D17,288,492,ok,1
511,17.033,1780168760,D4,-23,430,ok,0
511,17.033,1780168760,D20,248,595,ok,1
511,17.033,1780168760,D15,196,541,ok,1
511,17.033,1780168760,D2,339,674,ok,1
511,17.033,1780168760,D14,31,611,ok,1
511,17.033,1780168760,D1,159,754,ok,0
511,17.033,1780168760,D11,43,737,ok,0
511,17.033,1780168760,D22,131,763,ok,0
511,17.033,1780168760,D10,-115,776,ok,0
511,17.033,1780168760,G31,125,-32,interpolated,0
512,17.067,1780168760,G11,141,-1,ok,0
512,17.067,1780168760,G15,92,-27,ok,0
512,17.067,1780168760,G7,117,0,ok,1
512,17.067,1780168760,G18,153,-48,ok,0
512,17.067,1780168760,G30,45,-50,ok,0
512,17.067,1780168760,D17,289,494,ok,1
512,17.067,1780168760,D4,-23,430,ok,0
512,17.067,1780168760,D15,200,546,ok,1
512,17.067,1780168760,D20,246,597,ok,1
512,17.067,1780168760,D2,341,673,ok,1
512,17.067,1780168760,D14,32,612,ok,1
512,17.067,1780168760,D1,159,754,ok,0
512,17.067,1780168760,D22,130,763,ok,0
512,17.067,1780168760,D11,42,737,ok,0
512,17.067,1780168760,D10,-117,777,ok,0
512,17.067,1780168760,G31,125,-32,interpolated,0
513,17.100,1780168760,G11,141,-1,ok,0
513,17.100,1780168760,G15,92,-28,ok,0
513,17.100,1780168760,G7,117,0,ok,1
513,17.100,1780168760,G18,153,-48,ok,0
513,17.100,1780168760,D17,290,495,ok,1
513,17.100,1780168760,D4,-23,430,ok,0
513,17.100,1780168760,D20,246,602,ok,1
513,17.100,1780168760,D15,201,552,ok,1
513,17.100,1780168760,D2,342,672,ok,1
513,17.100,1780168760,D14,32,614,ok,1
513,17.100,1780168760,D1,159,754,ok,0
513,17.100,1780168760,D11,40,738,ok,0
513,17.100,1780168760,D22,128,764,ok,0
513,17.100,1780168760,D10,-117,777,ok,0
513,17.100,1780168760,G30,45,-50,interpolated,0
513,17.100,1780168760,G31,125,-32,interpolated,0
514,17.133,1780168760,G11,140,-1,ok,0
514,17.133,1780168760,G15,92,-28,ok,0
514,17.133,1780168760,G7,117,0,ok,1
514,17.133,1780168760,G18,152,-47,ok,0
514,17.133,1780168760,D17,292,498,ok,1
514,17.133,1780168760,D4,-23,430,ok,0
514,17.133,1780168760,D20,245,608,ok,1
514,17.133,1780168760,D15,202,556,ok,1
514,17.133,1780168760,D2,343,671,ok,1
514,17.133,1780168760,D14,31,617,ok,1
514,17.133,1780168760,D1,159,754,ok,0
514,17.133,1780168760,D11,39,737,ok,0
514,17.133,1780168760,D10,-117,777,ok,0
514,17.133,1780168760,G30,45,-50,interpolated,0
514,17.133,1780168760,G31,125,-32,interpolated,0
514,17.133,1780168760,D22,128,764,interpolated,0
515,17.167,1780168760,G11,141,-1,ok,0
515,17.167,1780168760,G15,92,-28,ok,0
515,17.167,1780168760,G7,117,0,ok,1
515,17.167,1780168760,G18,152,-47,ok,0
515,17.167,1780168760,G31,123,-34,ok,0
515,17.167,1780168760,D17,295,502,ok,1
515,17.167,1780168760,D4,-23,430,ok,0
515,17.167,1780168760,D15,203,561,ok,1
515,17.167,1780168760,D20,244,614,ok,1
515,17.167,1780168760,D2,345,672,ok,1
515,17.167,1780168760,D14,31,619,ok,1
515,17.167,1780168760,D1,159,754,ok,0
515,17.167,1780168760,D11,37,737,ok,0
515,17.167,1780168760,D10,-117,777,interpolated,0
515,17.167,1780168760,G30,45,-50,interpolated,0
515,17.167,1780168760,D22,128,764,interpolated,0
516,17.200,1780168760,G11,140,-1,ok,0
516,17.200,1780168760,G15,92,-28,ok,0
516,17.200,1780168760,G7,117,0,ok,1
516,17.200,1780168760,G31,123,-33,ok,0
516,17.200,1780168760,G30,45,-48,ok,0
516,17.200,1780168760,G18,152,-47,ok,0
516,17.200,1780168760,D17,297,505,ok,1
516,17.200,1780168760,D4,-23,430,ok,0
516,17.200,1780168760,D15,205,564,ok,1
516,17.200,1780168760,D20,242,620,ok,1
516,17.200,1780168760,D2,345,670,ok,1
516,17.200,1780168760,D14,30,621,ok,1
516,17.200,1780168760,D1,159,754,ok,0
516,17.200,1780168760,D11,37,737,ok,0
516,17.200,1780168760,D10,-117,777,interpolated,0
516,17.200,1780168760,D22,128,764,interpolated,0
517,17.233,1780168760,G11,141,-1,ok,0
517,17.233,1780168760,G15,92,-28,ok,0
517,17.233,1780168760,G7,117,0,ok,1
517,17.233,1780168760,G31,123,-33,ok,0
517,17.233,1780168760,G30,45,-48,ok,0
517,17.233,1780168760,G18,152,-47,ok,0
517,17.233,1780168760,D17,297,505,ok,1
517,17.233,1780168760,D4,-23,430,ok,0
517,17.233,1780168760,D15,205,564,ok,1
517,17.233,1780168760,D20,242,620,ok,1
517,17.233,1780168760,D2,345,670,ok,1
517,17.233,1780168760,D14,30,621,ok,1
517,17.233,1780168760,D1,159,754,ok,0
517,17.233,1780168760,D11,37,737,ok,0
517,17.233,1780168760,D22,124,758,ok,0
517,17.233,1780168760,D10,-117,777,interpolated,0
518,17.267,1780168760,G11,140,-1,ok,0
518,17.267,1780168760,G15,92,-28,ok,0
518,17.267,1780168760,G7,117,0,ok,1
518,17.267,1780168760,G31,123,-33,ok,0
518,17.267,1780168760,G18,151,-48,ok,0
518,17.267,1780168760,G30,44,-49,ok,0
518,17.267,1780168760,D4,-23,430,ok,0
518,17.267,1780168760,D17,299,508,ok,1
518,17.267,1780168760,D15,207,566,ok,1
518,17.267,1780168760,D20,239,625,ok,1
518,17.267,1780168760,D2,345,668,ok,1
518,17.267,1780168760,D14,31,621,ok,1
518,17.267,1780168760,D1,159,754,ok,0
518,17.267,1780168760,D11,36,737,ok,0
518,17.267,1780168760,D22,124,757,ok,0
518,17.267,1780168760,D10,-117,777,interpolated,0
519,17.300,1780168760,G11,140,-1,ok,0
519,17.300,1780168760,G15,92,-28,ok,0
519,17.300,1780168760,G7,117,0,ok,1
519,17.300,1780168760,G32,121,0,ok,1
519,17.300,1780168760,G18,151,-48,ok,0
519,17.300,1780168760,G30,44,-49,ok,0
519,17.300,1780168760,G31,122,-32,ok,0
519,17.300,1780168760,D4,-23,430,ok,0
519,17.300,1780168760,D15,208,567,ok,1
519,17.300,1780168760,D17,300,508,ok,1
519,17.300,1780168760,D20,237,625,ok,1
519,17.300,1780168760,D14,30,622,ok,1
519,17.300,1780168760,D2,345,665,ok,1
519,17.300,1780168760,D1,159,754,ok,0
519,17.300,1780168760,D11,35,737,ok,0
519,17.300,1780168760,D22,123,756,ok,0
519,17.300,1780168760,D10,-117,777,interpolated,0
520,17.333,1780168760,G11,140,-1,ok,0
520,17.333,1780168760,G15,93,-28,ok,0
520,17.333,1780168760,G7,116,0,ok,1
520,17.333,1780168760,G18,151,-48,ok,0
520,17.333,1780168760,G30,44,-49,ok,0
520,17.333,1780168760,D4,-23,430,ok,0
520,17.333,1780168760,D15,209,570,ok,1
520,17.333,1780168760,D17,302,509,ok,1
520,17.333,1780168760,D20,236,627,ok,1
520,17.333,1780168760,D14,30,623,ok,1
520,17.333,1780168760,D2,345,665,ok,1
520,17.333,1780168760,D1,159,754,ok,0
520,17.333,1780168760,D11,34,736,ok,0
520,17.333,1780168760,D22,123,754,ok,0
520,17.333,1780168760,D10,-117,777,interpolated,0
520,17.333,1780168760,G31,122,-32,interpolated,0
520,17.333,1780168760,G32,121,0,interpolated,1
521,17.367,1780168760,G11,140,-1,ok,0
521,17.367,1780168760,G15,92,-28,ok,0
521,17.367,1780168760,G7,116,0,ok,1
521,17.367,1780168760,G30,44,-50,ok,0
521,17.367,1780168760,G18,150,-48,ok,0
521,17.367,1780168760,D15,211,573,ok,1
521,17.367,1780168760,D4,-23,430,ok,0
521,17.367,1780168760,D20,235,629,ok,1
521,17.367,1780168760,D17,302,510,ok,1
521,17.367,1780168760,D14,30,622,ok,1
521,17.367,1780168760,D2,346,664,ok,1
521,17.367,1780168760,D1,159,754,ok,0
521,17.367,1780168760,D11,34,735,ok,1
521,17.367,1780168760,D22,122,754,ok,0
521,17.367,1780168760,D10,-117,777,interpolated,0
521,17.367,1780168760,G31,122,-32,interpolated,0
521,17.367,1780168760,G32,121,0,interpolated,1
522,17.400,1780168760,G11,140,-1,ok,0
522,17.400,1780168760,G15,92,-28,ok,0
522,17.400,1780168760,G7,116,0,ok,1
522,17.400,1780168760,G31,120,-33,ok,0
522,17.400,1780168760,D4,-24,431,ok,0
522,17.400,1780168760,D15,213,577,ok,1
522,17.400,1780168760,D17,304,511,ok,1
522,17.400,1780168760,D14,30,622,ok,1
522,17.400,1780168760,D1,159,754,ok,0
522,17.400,1780168760,D10,237,630,ok,1
522,17.400,1780168760,D11,34,734,ok,1
522,17.400,1780168760,D2,346,664,ok,1
522,17.400,1780168760,D22,122,754,ok,0
522,17.400,1780168760,D20,234,630,ok,1
522,17.400,1780168760,G18,150,-48,interpolated,0
522,17.400,1780168760,G30,44,-50,interpolated,0
522,17.400,1780168760,G32,121,0,interpolated,1
523,17.433,1780168760,G11,140,-2,ok,0
523,17.433,1780168760,G15,92,-28,ok,0
523,17.433,1780168760,G7,116,0,ok,1
523,17.433,1780168760,G31,120,-32,ok,0
523,17.433,1780168760,D4,-24,431,ok,0
523,17.433,1780168760,D15,213,577,ok,1
523,17.433,1780168760,D17,304,511,ok,1
523,17.433,1780168760,D14,30,622,ok,1
523,17.433,1780168760,D1,159,754,ok,0
523,17.433,1780168760,D10,237,630,ok,1
523,17.433,1780168760,D11,34,734,ok,1
523,17.433,1780168760,D2,346,664,ok,1
523,17.433,1780168760,D22,122,754,ok,0
523,17.433,1780168760,D20,235,630,ok,1
523,17.433,1780168760,G18,150,-48,interpolated,0
523,17.433,1780168760,G30,44,-50,interpolated,0
523,17.433,1780168760,G32,121,0,interpolated,1
524,17.467,1780168760,G11,140,-2,ok,0
524,17.467,1780168760,G15,92,-28,ok,0
524,17.467,1780168760,G7,116,0,ok,1
524,17.467,1780168760,D15,215,579,ok,1
524,17.467,1780168760,D4,-24,431,ok,0
524,17.467,1780168760,D17,306,513,ok,1
524,17.467,1780168760,D20,232,635,ok,1
524,17.467,1780168760,D14,31,622,ok,1
524,17.467,1780168760,D1,159,754,ok,0
524,17.467,1780168760,D22,121,754,ok,0
524,17.467,1780168760,D2,346,664,ok,1
524,17.467,1780168760,D11,34,734,ok,1
524,17.467,1780168760,D10,237,630,interpolated,1
524,17.467,1780168760,G18,150,-48,interpolated,0
524,17.467,1780168760,G30,44,-50,interpolated,0
524,17.467,1780168760,G31,120,-32,interpolated,0
524,17.467,1780168760,G32,121,0,interpolated,1
525,17.500,1780168760,G11,140,-2,ok,0
525,17.500,1780168760,G15,92,-28,ok,0
525,17.500,1780168760,G7,116,0,ok,1
525,17.500,1780168760,D4,-24,431,ok,0
525,17.500,1780168760,D15,218,580,ok,1
525,17.500,1780168760,D17,307,516,ok,1
525,17.500,1780168760,D14,31,622,ok,1
525,17.500,1780168760,D20,231,640,ok,1
525,17.500,1780168760,D1,159,754,ok,0
525,17.500,1780168760,D22,120,753,ok,0
525,17.500,1780168760,D11,33,734,ok,1
525,17.500,1780168760,D2,347,663,ok,1
525,17.500,1780168760,D10,237,630,interpolated,1
525,17.500,1780168760,G18,150,-48,interpolated,0
525,17.500,1780168760,G30,44,-50,interpolated,0
525,17.500,1780168760,G31,120,-32,interpolated,0
525,17.500,1780168760,G32,121,0,interpolated,1
526,17.533,1780168760,G11,140,-2,ok,0
526,17.533,1780168760,G15,92,-28,ok,0
526,17.533,1780168760,G7,117,0,ok,1
526,17.533,1780168760,D4,-24,431,ok,0
526,17.533,1780168760,D17,307,519,ok,1
526,17.533,1780168760,D15,221,580,ok,1
526,17.533,1780168760,D14,31,622,ok,1
526,17.533,1780168760,D10,233,646,ok,1
526,17.533,1780168760,D2,347,663,ok,1
526,17.533,1780168760,D1,159,754,ok,0
526,17.533,1780168760,D11,31,735,ok,1
526,17.533,1780168760,D22,119,753,ok,0
526,17.533,1780168760,D20,231,646,ok,1
526,17.533,1780168760,G18,150,-48,interpolated,0
526,17.533,1780168760,G30,44,-50,interpolated,0
526,17.533,1780168760,G31,120,-32,interpolated,0
526,17.533,1780168760,G32,121,0,interpolated,1
527,17.567,1780168760,G11,141,-1,ok,0
527,17.567,1780168760,G15,93,-28,ok,0
527,17.567,1780168760,G7,116,0,ok,1
527,17.567,1780168760,G18,150,-47,ok,0
527,17.567,1780168760,D4,-24,431,ok,0
527,17.567,1780168760,D17,310,523,ok,1
527,17.567,1780168760,D15,223,580,ok,1
527,17.567,1780168760,D20,229,652,ok,1
527,17.567,1780168760,D14,31,622,ok,1
527,17.567,1780168760,D2,347,663,ok,1
527,17.567,1780168760,D1,159,754,ok,0
527,17.567,1780168760,D11,31,734,ok,1
527,17.567,1780168760,D22,118,753,ok,0
527,17.567,1780168760,D10,233,646,interpolated,1
527,17.567,1780168760,G30,44,-50,interpolated,0
527,17.567,1780168760,G31,120,-32,interpolated,0
527,17.567,1780168760,G32,121,0,interpolated,1
528,17.600,1780168760,G11,141,-1,ok,0
528,17.600,1780168760,G7,116,0,ok,1
528,17.600,1780168760,G15,92,-28,ok,0
528,17.600,1780168760,G30,42,-49,ok,0
528,17.600,1780168760,D4,-24,431,ok,0
528,17.600,1780168760,D17,312,528,ok,1
528,17.600,1780168760,D15,224,581,ok,1
528,17.600,1780168760,D20,227,655,ok,1
528,17.600,1780168760,D14,32,622,ok,1
528,17.600,1780168760,D2,347,663,ok,1
528,17.600,1780168760,D1,159,754,ok,0
528,17.600,1780168760,D11,30,733,ok,1
528,17.600,1780168760,D22,117,753,ok,0
528,17.600,1780168760,D10,233,646,interpolated,1
528,17.600,1780168760,G18,150,-47,interpolated,0
528,17.600,1780168760,G31,120,-32,interpolated,0
528,17.600,1780168760,G32,121,0,interpolated,1
529,17.633,1780168760,G11,141,-1,ok,0
529,17.633,1780168760,G7,116,0,ok,1
529,17.633,1780168760,G15,92,-28,ok,0
529,17.633,1780168760,G30,42,-49,ok,0
529,17.633,1780168760,D4,-24,431,ok,0
529,17.633,1780168760,D17,312,528,ok,1
529,17.633,1780168760,D15,224,581,ok,1
529,17.633,1780168760,D20,227,655,ok,1
529,17.633,1780168760,D14,32,622,ok,1
529,17.633,1780168760,D2,346,663,ok,1
529,17.633,1780168760,D1,159,754,ok,0
529,17.633,1780168760,D11,30,733,ok,1
529,17.633,1780168760,D22,117,753,ok,0
529,17.633,1780168760,D10,233,646,interpolated,1
529,17.633,1780168760,G18,150,-47,interpolated,0
529,17.633,1780168760,G31,120,-32,interpolated,0
529,17.633,1780168760,G32,121,0,interpolated,1
530,17.667,1780168760,G11,141,-1,ok,0
530,17.667,1780168760,G15,92,-28,ok,0
530,17.667,1780168760,G7,116,0,ok,1
530,17.667,1780168760,G30,42,-50,ok,0
530,17.667,1780168760,G32,473,395,ok,0
530,17.667,1780168760,D4,-24,431,ok,0
530,17.667,1780168760,D17,314,530,ok,1
530,17.667,1780168760,D15,226,581,ok,1
530,17.667,1780168760,D20,226,659,ok,1
530,17.667,1780168760,D2,346,664,ok,1
530,17.667,1780168760,D14,32,622,ok,1
530,17.667,1780168760,D1,159,754,ok,0
530,17.667,1780168760,D11,28,734,ok,1
530,17.667,1780168760,D22,116,754,ok,0
530,17.667,1780168760,D10,233,646,interpolated,1
530,17.667,1780168760,G18,150,-47,interpolated,0
530,17.667,1780168760,G31,120,-32,interpolated,0
531,17.700,1780168760,G11,140,-2,ok,0
531,17.700,1780168760,G15,92,-28,ok,0
531,17.700,1780168760,G7,116,0,ok,1
531,17.700,1780168760,G30,42,-50,ok,0
531,17.700,1780168760,G32,473,395,ok,0
531,17.700,1780168760,D15,228,582,ok,1
531,17.700,1780168760,D4,-24,431,ok,0
531,17.700,1780168760,D17,315,530,ok,1
531,17.700,1780168760,D20,226,663,ok,1
531,17.700,1780168760,D2,346,664,ok,1
531,17.700,1780168760,D14,33,623,ok,1
531,17.700,1780168760,D1,159,754,ok,0
531,17.700,1780168760,D11,26,734,ok,1
531,17.700,1780168760,D22,115,753,ok,0
531,17.700,1780168760,D10,233,646,interpolated,1
531,17.700,1780168760,G18,150,-47,interpolated,0
531,17.700,1780168760,G31,120,-32,interpolated,0
532,17.733,1780168760,G15,92,-28,ok,0
532,17.733,1780168760,G11,140,-2,ok,0
532,17.733,1780168760,G7,117,0,ok,1
532,17.733,1780168760,G30,42,-50,ok,0
532,17.733,1780168760,G32,473,395,ok,0
532,17.733,1780168760,D4,-24,431,ok,0
532,17.733,1780168760,D17,316,531,ok,1
532,17.733,1780168760,D15,231,584,ok,1
532,17.733,1780168760,D2,345,661,ok,1
532,17.733,1780168760,D20,224,667,ok,1
532,17.733,1780168760,D14,34,623,ok,1
532,17.733,1780168760,D1,159,754,ok,0
532,17.733,1780168760,D22,114,753,ok,0
532,17.733,1780168760,D11,25,734,ok,1
532,17.733,1780168760,D10,233,646,interpolated,1
532,17.733,1780168760,G18,150,-47,interpolated,0
532,17.733,1780168760,G31,120,-32,interpolated,0
533,17.767,1780168760,G11,141,-1,ok,0
533,17.767,1780168760,G15,92,-28,ok,0
533,17.767,1780168760,G7,117,0,ok,1
533,17.767,1780168760,G30,41,-50,ok,0
533,17.767,1780168760,G32,473,395,ok,0
533,17.767,1780168760,D4,-24,431,ok,0
533,17.767,1780168760,D17,317,532,ok,1
533,17.767,1780168760,D15,233,585,ok,1
533,17.767,1780168760,D2,344,657,ok,1
533,17.767,1780168760,D14,34,625,ok,1
533,17.767,1780168760,D20,224,668,ok,1
533,17.767,1780168760,D1,159,754,ok,0
533,17.767,1780168760,D22,112,754,ok,0
533,17.767,1780168760,D11,24,733,ok,1
533,17.767,1780168760,D10,233,646,interpolated,1
533,17.767,1780168760,G18,150,-47,interpolated,0
533,17.767,1780168760,G31,120,-32,interpolated,0
534,17.800,1780168760,G11,141,-1,ok,0
534,17.800,1780168760,G15,92,-28,ok,0
534,17.800,1780168760,G7,117,0,ok,1
534,17.800,1780168760,G30,41,-50,ok,0
534,17.800,1780168760,G18,177,-22,ok,0
534,17.800,1780168760,G32,473,395,ok,0
534,17.800,1780168760,D4,-24,431,ok,0
534,17.800,1780168760,D15,236,586,ok,1
534,17.800,1780168760,D17,318,534,ok,1
534,17.800,1780168760,D2,344,654,ok,1
534,17.800,1780168760,D14,34,627,ok,1
534,17.800,1780168760,D1,159,754,ok,0
534,17.800,1780168760,D20,223,668,ok,1
534,17.800,1780168760,D22,112,753,ok,0
534,17.800,1780168760,D11,25,730,ok,1
534,17.800,1780168760,D10,233,646,interpolated,1
535,17.833,1780168760,G11,141,-1,ok,0
535,17.833,1780168760,G15,92,-28,ok,0
535,17.833,1780168760,G7,117,0,ok,1
535,17.833,1780168760,G30,41,-50,ok,0
535,17.833,1780168760,G18,177,-22,ok,0
535,17.833,1780168760,D4,-24,431,ok,0
535,17.833,1780168760,D15,236,586,ok,1
535,17.833,1780168760,D17,318,534,ok,1
535,17.833,1780168760,D2,344,654,ok,1
535,17.833,1780168760,D14,34,627,ok,1
535,17.833,1780168760,D1,159,754,ok,0
535,17.833,1780168760,D20,223,668,ok,1
535,17.833,1780168760,D22,112,753,ok,0
535,17.833,1780168760,D11,25,730,ok,1
535,17.833,1780168760,D10,233,646,interpolated,1
535,17.833,1780168760,G32,473,395,interpolated,0
536,17.867,1780168760,G11,141,-1,ok,0
536,17.867,1780168760,G15,92,-28,ok,0
536,17.867,1780168760,G7,117,0,ok,1
536,17.867,1780168760,G30,41,-51,ok,0
536,17.867,1780168760,D4,-24,431,ok,0
536,17.867,1780168760,D17,320,537,ok,1
536,17.867,1780168760,D15,237,590,ok,1
536,17.867,1780168760,D2,345,653,ok,1
536,17.867,1780168760,D14,33,629,ok,1
536,17.867,1780168760,D1,159,754,ok,0
536,17.867,1780168760,D20,221,668,ok,1
536,17.867,1780168760,D22,112,752,ok,0
536,17.867,1780168760,D11,25,729,ok,1
536,17.867,1780168760,D10,233,646,interpolated,1
536,17.867,1780168760,G18,177,-22,interpolated,0
536,17.867,1780168760,G32,473,395,interpolated,0
537,17.900,1780168760,G11,140,-1,ok,0
537,17.900,1780168760,G15,92,-28,ok,0
537,17.900,1780168760,G7,117,0,ok,1
537,17.900,1780168760,G30,41,-51,ok,0
537,17.900,1780168760,G18,144,-1,ok,0
537,17.900,1780168760,D4,-24,431,ok,0
537,17.900,1780168760,D17,322,541,ok,1
537,17.900,1780168760,D15,239,592,ok,1
537,17.900,1780168760,D2,345,650,ok,1
537,17.900,1780168760,D14,35,630,ok,1
537,17.900,1780168760,D1,159,754,ok,0
537,17.900,1780168760,D20,221,668,ok,1
537,17.900,1780168760,D11,25,727,ok,1
537,17.900,1780168760,D22,111,752,ok,0
537,17.900,1780168760,G32,473,395,interpolated,0
538,17.933,1780168760,G11,141,-1,ok,0
538,17.933,1780168760,G15,92,-28,ok,0
538,17.933,1780168760,G7,117,0,ok,1
538,17.933,1780168760,G30,41,-51,ok,0
538,17.933,1780168760,G18,177,-22,ok,0
538,17.933,1780168760,D4,-24,431,ok,0
538,17.933,1780168760,D15,241,594,ok,1
538,17.933,1780168760,D17,324,545,ok,1
538,17.933,1780168760,D2,344,647,ok,1
538,17.933,1780168760,D14,36,630,ok,1
538,17.933,1780168760,D20,219,668,ok,1
538,17.933,1780168760,D11,24,729,ok,1
538,17.933,1780168760,D1,159,754,ok,0
538,17.933,1780168760,D22,111,752,ok,0
538,17.933,1780168760,G32,473,395,interpolated,0
539,17.967,1780168760,G11,141,-1,ok,0
539,17.967,1780168760,G15,92,-28,ok,0
539,17.967,1780168760,G7,117,0,ok,1
539,17.967,1780168760,G30,40,-51,ok,0
539,17.967,1780168760,G18,177,-22,ok,0
539,17.967,1780168760,D4,-24,431,ok,0
539,17.967,1780168760,D15,243,596,ok,1
539,17.967,1780168760,D17,326,546,ok,1
539,17.967,1780168760,D2,344,647,ok,1
539,17.967,1780168760,D14,38,630,ok,1
539,17.967,1780168760,D20,218,668,ok,1
539,17.967,1780168760,D22,111,752,ok,0
539,17.967,1780168760,D1,159,754,ok,0
539,17.967,1780168760,D11,22,731,ok,1
539,17.967,1780168760,G32,473,395,interpolated,0
540,18.000,1780168761,G11,143,-1,ok,0
540,18.000,1780168761,G15,92,-28,ok,0
540,18.000,1780168761,G7,118,0,ok,1
540,18.000,1780168761,G30,40,-52,ok,0
540,18.000,1780168761,G18,177,-22,ok,0
540,18.000,1780168761,D4,-24,431,ok,0
540,18.000,1780168761,D15,246,598,ok,1
540,18.000,1780168761,D17,327,549,ok,1
540,18.000,1780168761,D2,343,646,ok,1
540,18.000,1780168761,D14,39,629,ok,1
540,18.000,1780168761,D20,218,668,ok,1
540,18.000,1780168761,D22,111,752,ok,0
540,18.000,1780168761,D1,159,754,ok,0
540,18.000,1780168761,D11,22,729,ok,1
540,18.000,1780168761,G32,473,395,interpolated,0
541,18.033,1780168761,G11,143,-1,ok,0
541,18.033,1780168761,G15,92,-28,ok,0
541,18.033,1780168761,G7,118,0,ok,1
541,18.033,1780168761,G30,40,-52,ok,0
541,18.033,1780168761,G18,177,-22,ok,0
541,18.033,1780168761,D4,-24,431,ok,0
541,18.033,1780168761,D15,246,598,ok,1
541,18.033,1780168761,D17,327,549,ok,1
541,18.033,1780168761,D2,343,646,ok,1
541,18.033,1780168761,D14,39,629,ok,1
541,18.033,1780168761,D20,218,668,ok,1
541,18.033,1780168761,D22,111,752,ok,0
541,18.033,1780168761,D1,159,754,ok,0
541,18.033,1780168761,D11,22,728,ok,1
541,18.033,1780168761,G32,473,395,interpolated,0
542,18.067,1780168761,G11,143,-1,ok,0
542,18.067,1780168761,G15,92,-28,ok,0
542,18.067,1780168761,G7,118,0,ok,1
542,18.067,1780168761,G18,177,-22,ok,0
542,18.067,1780168761,G30,40,-52,ok,0
542,18.067,1780168761,D4,-24,431,ok,0
542,18.067,1780168761,D15,247,600,ok,1
542,18.067,1780168761,D17,328,550,ok,1
542,18.067,1780168761,D2,343,646,ok,1
542,18.067,1780168761,D20,218,670,ok,1
542,18.067,1780168761,D14,40,629,ok,1
542,18.067,1780168761,D11,22,726,ok,1
542,18.067,1780168761,D22,111,752,ok,0
542,18.067,1780168761,D1,159,754,ok,0
542,18.067,1780168761,G32,473,395,interpolated,0
543,18.100,1780168761,G11,142,-1,ok,0
543,18.100,1780168761,G15,92,-28,ok,0
543,18.100,1780168761,G7,118,0,ok,1
543,18.100,1780168761,G30,40,-52,ok,0
543,18.100,1780168761,G18,177,-22,ok,0
543,18.100,1780168761,D4,-24,431,ok,0
543,18.100,1780168761,D15,248,600,ok,1
543,18.100,1780168761,D17,329,551,ok,1
543,18.100,1780168761,D2,343,646,ok,1
543,18.100,1780168761,D20,218,673,ok,1
543,18.100,1780168761,D14,41,630,ok,1
543,18.100,1780168761,D22,110,752,ok,0
543,18.100,1780168761,D11,23,723,ok,1
543,18.100,1780168761,D1,159,754,ok,0
543,18.100,1780168761,G32,473,395,interpolated,0
544,18.133,1780168761,G11,141,-1,ok,0
544,18.133,1780168761,G15,92,-28,ok,0
544,18.133,1780168761,G7,118,0,ok,1
544,18.133,1780168761,G18,177,-22,ok,0
544,18.133,1780168761,G30,40,-52,ok,0
544,18.133,1780168761,D4,-24,431,ok,0
544,18.133,1780168761,D15,249,603,ok,1
544,18.133,1780168761,D17,329,552,ok,1
544,18.133,1780168761,D20,218,675,ok,1
544,18.133,1780168761,D2,343,645,ok,1
544,18.133,1780168761,D14,42,630,ok,1
544,18.133,1780168761,D11,22,722,ok,1
544,18.133,1780168761,D22,109,752,ok,0
544,18.133,1780168761,D1,159,754,ok,0
544,18.133,1780168761,G32,473,395,interpolated,0
545,18.167,1780168761,G11,141,-1,ok,0
545,18.167,1780168761,G15,92,-28,ok,0
545,18.167,1780168761,G7,118,0,ok,1
545,18.167,1780168761,G18,177,-22,ok,0
545,18.167,1780168761,G30,40,-52,ok,0
545,18.167,1780168761,D4,-24,431,ok,0
545,18.167,1780168761,D15,251,606,ok,1
545,18.167,1780168761,D2,342,645,ok,1
545,18.167,1780168761,D17,330,555,ok,1
545,18.167,1780168761,D20,218,678,ok,1
545,18.167,1780168761,D14,43,629,ok,1
545,18.167,1780168761,D11,22,722,ok,1
545,18.167,1780168761,D1,159,754,ok,0
545,18.167,1780168761,D22,108,752,ok,0
546,18.200,1780168761,G11,141,-1,ok,0
546,18.200,1780168761,G15,93,-28,ok,0
546,18.200,1780168761,G7,118,0,ok,1
546,18.200,1780168761,G18,177,-22,ok,0
546,18.200,1780168761,G30,40,-51,ok,0
546,18.200,1780168761,D4,-24,431,ok,0
546,18.200,1780168761,D15,252,609,ok,1
546,18.200,1780168761,D2,342,645,ok,1
546,18.200,1780168761,D17,331,556,ok,1
546,18.200,1780168761,D20,218,683,ok,1
546,18.200,1780168761,D14,43,629,ok,1
546,18.200,1780168761,D11,21,722,ok,1
546,18.200,1780168761,D1,159,754,ok,0
546,18.200,1780168761,D22,107,751,ok,0
547,18.233,1780168761,G11,141,-1,ok,0
547,18.233,1780168761,G15,93,-28,ok,0
547,18.233,1780168761,G7,118,0,ok,1
547,18.233,1780168761,G18,177,-22,ok,0
547,18.233,1780168761,G30,40,-51,ok,0
547,18.233,1780168761,D4,-24,431,ok,0
547,18.233,1780168761,D15,252,609,ok,1
547,18.233,1780168761,D2,342,645,ok,1
547,18.233,1780168761,D20,218,683,ok,1
547,18.233,1780168761,D17,331,556,ok,1
547,18.233,1780168761,D14,43,629,ok,1
547,18.233,1780168761,D11,21,722,ok,1
547,18.233,1780168761,D1,159,754,ok,0
547,18.233,1780168761,D22,107,751,ok,0
548,18.267,1780168761,G11,141,-1,ok,0
548,18.267,1780168761,G15,92,-28,ok,0
548,18.267,1780168761,G7,119,0,ok,1
548,18.267,1780168761,G18,177,-22,ok,0
548,18.267,1780168761,G30,40,-51,ok,0
548,18.267,1780168761,D4,-24,431,ok,0
548,18.267,1780168761,D15,254,612,ok,1
548,18.267,1780168761,D2,342,645,ok,1
548,18.267,1780168761,D17,331,559,ok,1
548,18.267,1780168761,D20,218,688,ok,1
548,18.267,1780168761,D14,43,631,ok,1
548,18.267,1780168761,D11,19,722,ok,1
548,18.267,1780168761,D1,159,754,ok,0
548,18.267,1780168761,D22,106,751,ok,0
549,18.300,1780168761,G11,141,-1,ok,0
549,18.300,1780168761,G15,92,-27,ok,0
549,18.300,1780168761,G7,119,0,ok,1
549,18.300,1780168761,G18,177,-22,ok,0
549,18.300,1780168761,D4,-24,431,ok,0
549,18.300,1780168761,D15,254,613,ok,1
549,18.300,1780168761,D2,342,645,ok,1
549,18.300,1780168761,D20,218,692,ok,1
549,18.300,1780168761,D17,332,561,ok,1
549,18.300,1780168761,D14,44,635,ok,1
549,18.300,1780168761,D11,18,722,ok,1
549,18.300,1780168761,D1,159,754,ok,0
549,18.300,1780168761,D22,105,750,ok,0
549,18.300,1780168761,G30,40,-51,interpolated,0
550,18.333,1780168761,G11,141,-1,ok,0
550,18.333,1780168761,G15,92,-27,ok,0
550,18.333,1780168761,G7,119,0,ok,1
550,18.333,1780168761,G18,177,-22,ok,0
550,18.333,1780168761,D4,-24,431,ok,0
550,18.333,1780168761,D15,255,614,ok,1
550,18.333,1780168761,D2,341,645,ok,1
550,18.333,1780168761,D20,219,695,ok,1
550,18.333,1780168761,D17,333,563,ok,1
550,18.333,1780168761,D14,45,635,ok,1
550,18.333,1780168761,D1,159,754,ok,0
550,18.333,1780168761,D22,104,748,ok,0
550,18.333,1780168761,D11,14,722,ok,1
550,18.333,1780168761,D23,-126,768,ok,0
550,18.333,1780168761,G30,40,-51,interpolated,0
551,18.367,1780168761,G11,141,-1,ok,0
551,18.367,1780168761,G7,119,0,ok,1
551,18.367,1780168761,G15,92,-27,ok,0
551,18.367,1780168761,G18,177,-20,ok,0
551,18.367,1780168761,G30,40,-52,ok,0
551,18.367,1780168761,D4,-24,431,ok,0
551,18.367,1780168761,D15,255,615,ok,1
551,18.367,1780168761,D2,340,642,ok,1
551,18.367,1780168761,D17,334,564,ok,1
551,18.367,1780168761,D20,218,696,ok,1
551,18.367,1780168761,D14,46,636,ok,1
551,18.367,1780168761,D1,159,754,ok,0
551,18.367,1780168761,D11,14,722,ok,1
551,18.367,1780168761,D22,104,748,ok,0
551,18.367,1780168761,D23,-125,768,ok,0
552,18.400,1780168761,G11,141,-1,ok,0
552,18.400,1780168761,G7,120,0,ok,1
552,18.400,1780168761,G15,92,-28,ok,0
552,18.400,1780168761,G18,176,-19,ok,0
552,18.400,1780168761,D4,-24,431,ok,0
552,18.400,1780168761,D17,336,565,ok,1
552,18.400,1780168761,D15,255,617,ok,1
552,18.400,1780168761,D2,338,640,ok,1
552,18.400,1780168761,D20,218,698,ok,1
552,18.400,1780168761,D14,47,636,ok,1
552,18.400,1780168761,D1,159,754,ok,0
552,18.400,1780168761,D22,104,744,ok,0
552,18.400,1780168761,D11,14,722,ok,1
552,18.400,1780168761,D23,-124,768,ok,0
552,18.400,1780168761,G30,40,-52,interpolated,0
553,18.433,1780168761,G11,141,-1,ok,0
553,18.433,1780168761,G7,120,0,ok,1
553,18.433,1780168761,G15,92,-28,ok,0
553,18.433,1780168761,G18,176,-20,ok,0
553,18.433,1780168761,D4,-24,431,ok,0
553,18.433,1780168761,D17,336,565,ok,1
553,18.433,1780168761,D15,255,617,ok,1
553,18.433,1780168761,D2,338,640,ok,1
553,18.433,1780168761,D20,218,698,ok,1
553,18.433,1780168761,D1,159,754,ok,0
553,18.433,1780168761,D14,47,636,ok,1
553,18.433,1780168761,D22,104,744,ok,0
553,18.433,1780168761,D11,14,722,ok,1
553,18.433,1780168761,G30,40,-52,interpolated,0
553,18.433,1780168761,D23,-124,768,interpolated,0
554,18.467,1780168761,G11,141,-1,ok,0
554,18.467,1780168761,G7,120,0,ok,1
554,18.467,1780168761,G15,92,-27,ok,0
554,18.467,1780168761,G18,176,-20,ok,0
554,18.467,1780168761,D4,-24,431,ok,0
554,18.467,1780168761,D17,337,565,ok,1
554,18.467,1780168761,D15,255,618,ok,1
554,18.467,1780168761,D20,218,699,ok,1
554,18.467,1780168761,D2,338,640,ok,1
554,18.467,1780168761,D14,47,636,ok,1
554,18.467,1780168761,D1,159,754,ok,0
554,18.467,1780168761,D22,104,743,ok,0
554,18.467,1780168761,D11,13,723,ok,1
554,18.467,1780168761,G30,40,-52,interpolated,0
554,18.467,1780168761,D23,-124,768,interpolated,0
555,18.500,1780168761,G11,141,-1,ok,0
555,18.500,1780168761,G15,92,-27,ok,0
555,18.500,1780168761,G7,120,0,ok,1
555,18.500,1780168761,G18,176,-20,ok,0
555,18.500,1780168761,G30,105,-19,ok,0
555,18.500,1780168761,D4,-24,431,ok,0
555,18.500,1780168761,D17,338,565,ok,1
555,18.500,1780168761,D20,217,701,ok,1
555,18.500,1780168761,D15,256,621,ok,1
555,18.500,1780168761,D2,335,635,ok,1
555,18.500,1780168761,D14,48,637,ok,1
555,18.500,1780168761,D1,159,754,ok,0
555,18.500,1780168761,D22,104,743,ok,0
555,18.500,1780168761,D11,12,723,ok,1
555,18.500,1780168761,D23,-124,768,interpolated,0
556,18.533,1780168761,G11,141,-1,ok,0
556,18.533,1780168761,G7,120,0,ok,1
556,18.533,1780168761,G15,92,-26,ok,0
556,18.533,1780168761,G18,176,-20,ok,0
556,18.533,1780168761,G30,105,-18,ok,0
556,18.533,1780168761,D4,-24,431,ok,0
556,18.533,1780168761,D17,338,565,ok,1
556,18.533,1780168761,D15,256,621,ok,1
556,18.533,1780168761,D20,216,700,ok,1
556,18.533,1780168761,D2,335,634,ok,1
556,18.533,1780168761,D14,51,636,ok,1
556,18.533,1780168761,D1,159,754,ok,0
556,18.533,1780168761,D22,104,743,ok,0
556,18.533,1780168761,D11,12,721,ok,1
556,18.533,1780168761,D23,-124,768,interpolated,0
557,18.567,1780168761,G11,141,-1,ok,0
557,18.567,1780168761,G7,120,0,ok,1
557,18.567,1780168761,G30,103,-18,ok,0
557,18.567,1780168761,G18,175,-20,ok,0
557,18.567,1780168761,G15,92,-27,ok,0
557,18.567,1780168761,D4,-24,430,ok,0
557,18.567,1780168761,D20,215,700,ok,1
557,18.567,1780168761,D17,339,566,ok,1
557,18.567,1780168761,D15,256,624,ok,1
557,18.567,1780168761,D2,334,633,ok,1
557,18.567,1780168761,D14,54,636,ok,1
557,18.567,1780168761,D1,159,754,ok,0
557,18.567,1780168761,D22,104,743,ok,0
557,18.567,1780168761,D11,12,721,ok,1
557,18.567,1780168761,D23,-117,765,ok,0
558,18.600,1780168761,G11,141,-1,ok,0
558,18.600,1780168761,G7,120,0,ok,1
558,18.600,1780168761,G30,102,-18,ok,0
558,18.600,1780168761,G18,175,-20,ok,0
558,18.600,1780168761,G15,91,-27,ok,0
558,18.600,1780168761,D4,-24,430,ok,0
558,18.600,1780168761,D17,339,566,ok,1
558,18.600,1780168761,D15,257,627,ok,1
558,18.600,1780168761,D20,214,700,ok,1
558,18.600,1780168761,D2,333,632,ok,1
558,18.600,1780168761,D14,55,636,ok,1
558,18.600,1780168761,D1,159,754,ok,0
558,18.600,1780168761,D22,104,743,ok,0
558,18.600,1780168761,D11,12,718,ok,1
558,18.600,1780168761,D23,-116,765,ok,0
559,18.633,1780168761,G11,141,-1,ok,0
559,18.633,1780168761,G7,120,0,ok,1
559,18.633,1780168761,G30,102,-18,ok,0
559,18.633,1780168761,G18,175,-20,ok,0
559,18.633,1780168761,G15,91,-27,ok,0
559,18.633,1780168761,D4,-24,430,ok,0
559,18.633,1780168761,D17,339,566,ok,1
559,18.633,1780168761,D15,257,627,ok,1
559,18.633,1780168761,D20,214,700,ok,1
559,18.633,1780168761,D2,333,632,ok,1
559,18.633,1780168761,D14,56,636,ok,1
559,18.633,1780168761,D1,159,754,ok,0
559,18.633,1780168761,D22,104,743,ok,0
559,18.633,1780168761,D11,12,718,ok,1
559,18.633,1780168761,D23,-116,765,ok,0
560,18.667,1780168761,G11,141,-1,ok,0
560,18.667,1780168761,G7,120,0,ok,1
560,18.667,1780168761,G30,101,-18,ok,0
560,18.667,1780168761,G18,175,-20,ok,0
560,18.667,1780168761,G15,91,-25,ok,0
560,18.667,1780168761,D4,-24,430,ok,0
560,18.667,1780168761,D17,340,567,ok,1
560,18.667,1780168761,D15,257,631,ok,1
560,18.667,1780168761,D2,333,632,ok,1
560,18.667,1780168761,D20,213,701,ok,1
560,18.667,1780168761,D14,57,636,ok,1
560,18.667,1780168761,D1,159,754,ok,0
560,18.667,1780168761,D22,104,743,ok,0
560,18.667,1780168761,D11,12,716,ok,1
560,18.667,1780168761,D23,-116,765,ok,0
561,18.700,1780168761,G11,141,-1,ok,0
561,18.700,1780168761,G7,119,0,ok,1
561,18.700,1780168761,G30,100,-16,ok,0
561,18.700,1780168761,G18,175,-20,ok,0
561,18.700,1780168761,G15,93,-19,ok,0
561,18.700,1780168761,D4,-24,430,ok,0
561,18.700,1780168761,D15,257,633,ok,1
561,18.700,1780168761,D17,341,567,ok,1
561,18.700,1780168761,D2,332,632,ok,1
561,18.700,1780168761,D14,58,636,ok,1
561,18.700,1780168761,D20,213,701,ok,1
561,18.700,1780168761,D1,159,754,ok,0
561,18.700,1780168761,D22,104,743,ok,0
561,18.700,1780168761,D11,12,715,ok,1
561,18.700,1780168761,D23,-116,765,ok,0
562,18.733,1780168761,G11,141,-1,ok,0
562,18.733,1780168761,G7,119,0,ok,1
562,18.733,1780168761,G30,99,-16,ok,0
562,18.733,1780168761,G18,175,-20,ok,0
562,18.733,1780168761,D4,-24,430,ok,0
562,18.733,1780168761,D2,332,631,ok,1
562,18.733,1780168761,D15,257,634,ok,1
562,18.733,1780168761,D17,342,569,ok,1
562,18.733,1780168761,D14,60,637,ok,1
562,18.733,1780168761,D20,213,701,ok,1
562,18.733,1780168761,D1,159,754,ok,0
562,18.733,1780168761,D22,104,743,ok,0
562,18.733,1780168761,D11,11,715,ok,1
562,18.733,1780168761,D23,-116,765,ok,0
562,18.733,1780168761,G15,93,-19,interpolated,0
563,18.767,1780168761,G11,141,-1,ok,0
563,18.767,1780168761,G7,119,0,ok,1
563,18.767,1780168761,G30,99,-15,ok,0
563,18.767,1780168761,G18,175,-20,ok,0
563,18.767,1780168761,D4,-24,430,ok,0
563,18.767,1780168761,D2,331,631,ok,1
563,18.767,1780168761,D15,257,634,ok,1
563,18.767,1780168761,D17,344,569,ok,1
563,18.767,1780168761,D14,61,636,ok,1
563,18.767,1780168761,D20,212,700,ok,1
563,18.767,1780168761,D1,159,754,ok,0
563,18.767,1780168761,D11,10,716,ok,1
563,18.767,1780168761,D22,103,743,ok,0
563,18.767,1780168761,D23,-115,765,ok,0
563,18.767,1780168761,G15,93,-19,interpolated,0
564,18.800,1780168761,G11,141,-1,ok,0
564,18.800,1780168761,G7,119,0,ok,1
564,18.800,1780168761,G30,99,-15,ok,0
564,18.800,1780168761,G18,175,-20,ok,0
564,18.800,1780168761,D4,-24,430,ok,0
564,18.800,1780168761,D2,330,631,ok,1
564,18.800,1780168761,D15,257,635,ok,1
564,18.800,1780168761,D14,61,638,ok,1
564,18.800,1780168761,D17,347,573,ok,1
564,18.800,1780168761,D20,213,700,ok,1
564,18.800,1780168761,D1,159,754,ok,0
564,18.800,1780168761,D11,9,716,ok,1
564,18.800,1780168761,D22,103,743,ok,0
564,18.800,1780168761,D23,-114,765,ok,0
564,18.800,1780168761,D24,322,523,ok,1
564,18.800,1780168761,G15,93,-19,interpolated,0
565,18.833,1780168761,G11,141,-1,ok,0
565,18.833,1780168761,G7,119,0,ok,1
565,18.833,1780168761,G30,99,-15,ok,0
565,18.833,1780168761,G18,175,-20,ok,0
565,18.833,1780168761,D4,-24,430,ok,0
565,18.833,1780168761,D2,330,631,ok,1
565,18.833,1780168761,D15,257,635,ok,1
565,18.833,1780168761,D14,61,638,ok,1
565,18.833,1780168761,D17,347,573,ok,1
565,18.833,1780168761,D20,213,700,ok,1
565,18.833,1780168761,D1,159,754,ok,0
565,18.833,1780168761,D11,9,716,ok,1
565,18.833,1780168761,D22,103,743,ok,0
565,18.833,1780168761,D23,-114,765,ok,0
565,18.833,1780168761,D24,322,524,ok,1
565,18.833,1780168761,G15,93,-19,interpolated,0
566,18.867,1780168761,G11,141,-1,ok,0
566,18.867,1780168761,G7,119,0,ok,1
566,18.867,1780168761,G30,99,-13,ok,0
566,18.867,1780168761,G18,175,-20,ok,0
566,18.867,1780168761,D4,-24,430,ok,0
566,18.867,1780168761,D2,329,629,ok,1
566,18.867,1780168761,D15,257,635,ok,1
566,18.867,1780168761,D17,348,573,ok,1
566,18.867,1780168761,D14,61,644,ok,1
566,18.867,1780168761,D20,214,700,ok,1
566,18.867,1780168761,D1,159,754,ok,0
566,18.867,1780168761,D22,103,743,ok,0
566,18.867,1780168761,D11,8,717,ok,1
566,18.867,1780168761,D23,-114,765,ok,0
566,18.867,1780168761,D25,197,761,ok,0
566,18.867,1780168761,G15,93,-19,interpolated,0
566,18.867,1780168761,D24,322,524,interpolated,1
567,18.900,1780168761,G11,141,-1,ok,0
567,18.900,1780168761,G7,119,0,ok,1
567,18.900,1780168761,G30,99,-12,ok,0
567,18.900,1780168761,G18,176,-17,ok,0
567,18.900,1780168761,G15,37,349,ok,1
567,18.900,1780168761,D4,-24,430,ok,0
567,18.900,1780168761,D2,327,625,ok,1
567,18.900,1780168761,D15,257,636,ok,1
567,18.900,1780168761,D17,350,575,ok,1
567,18.900,1780168761,D14,62,644,ok,1
567,18.900,1780168761,D1,160,754,ok,0
567,18.900,1780168761,D20,215,701,ok,1
567,18.900,1780168761,D22,102,743,ok,0
567,18.900,1780168761,D11,7,716,ok,1
567,18.900,1780168761,D23,-113,763,ok,0
567,18.900,1780168761,D25,197,761,ok,0
567,18.900,1780168761,D24,322,524,interpolated,1
568,18.933,1780168761,G11,141,-1,ok,0
568,18.933,1780168761,G7,119,0,ok,1
568,18.933,1780168761,G30,99,-11,ok,0
568,18.933,1780168761,G18,175,-18,ok,0
568,18.933,1780168761,G15,37,349,ok,1
568,18.933,1780168761,D4,-24,430,ok,0
568,18.933,1780168761,D2,325,622,ok,1
568,18.933,1780168761,D15,256,637,ok,1
568,18.933,1780168761,D17,351,576,ok,1
568,18.933,1780168761,D22,102,743,ok,0
568,18.933,1780168761,D1,160,754,ok,0
568,18.933,1780168761,D14,62,645,ok,1
568,18.933,1780168761,D20,214,701,ok,1
568,18.933,1780168761,D11,5,716,ok,1
568,18.933,1780168761,D23,-112,762,ok,0
568,18.933,1780168761,D24,322,524,interpolated,1
568,18.933,1780168761,D25,197,761,interpolated,0
569,18.967,1780168761,G11,141,-1,ok,0
569,18.967,1780168761,G7,119,0,ok,1
569,18.967,1780168761,G30,99,-11,ok,0
569,18.967,1780168761,G18,175,-18,ok,0
569,18.967,1780168761,G15,37,349,ok,1
569,18.967,1780168761,D4,-24,430,ok,0
569,18.967,1780168761,D2,326,630,ok,1
569,18.967,1780168761,D17,352,576,ok,1
569,18.967,1780168761,D15,257,649,ok,1
569,18.967,1780168761,D20,213,701,ok,1
569,18.967,1780168761,D14,63,645,ok,1
569,18.967,1780168761,D22,101,743,ok,0
569,18.967,1780168761,D1,160,754,ok,0
569,18.967,1780168761,D11,4,715,ok,1
569,18.967,1780168761,D23,-111,760,ok,0
569,18.967,1780168761,D24,322,524,interpolated,1
569,18.967,1780168761,D25,197,761,interpolated,0
570,19.000,1780168762,G11,141,-1,ok,0
570,19.000,1780168762,G30,98,-11,ok,0
570,19.000,1780168762,G7,119,0,ok,1
570,19.000,1780168762,G18,176,-17,ok,0
570,19.000,1780168762,D4,-24,430,ok,0
570,19.000,1780168762,D2,323,621,ok,1
570,19.000,1780168762,D17,352,576,ok,1
570,19.000,1780168762,D15,256,643,ok,1
570,19.000,1780168762,D20,212,701,ok,1
570,19.000,1780168762,D22,101,743,ok,0
570,19.000,1780168762,D1,160,754,ok,0
570,19.000,1780168762,D14,65,644,ok,1
570,19.000,1780168762,D11,5,711,ok,1
570,19.000,1780168762,D23,-110,758,ok,0
570,19.000,1780168762,D25,197,762,ok,0
570,19.000,1780168762,G15,37,349,interpolated,1
570,19.000,1780168762,D24,322,524,interpolated,1
571,19.033,1780168762,G11,141,-1,ok,0
571,19.033,1780168762,G30,98,-11,ok,0
571,19.033,1780168762,G7,119,0,ok,1
571,19.033,1780168762,G18,176,-17,ok,0
571,19.033,1780168762,D4,-24,430,ok,0
571,19.033,1780168762,D2,323,621,ok,1
571,19.033,1780168762,D17,352,576,ok,1
571,19.033,1780168762,D15,256,643,ok,1
571,19.033,1780168762,D20,212,701,ok,1
571,19.033,1780168762,D22,101,743,ok,0
571,19.033,1780168762,D1,160,754,ok,0
571,19.033,1780168762,D14,65,644,ok,1
571,19.033,1780168762,D11,5,711,ok,1
571,19.033,1780168762,D23,-110,758,ok,0
571,19.033,1780168762,D25,197,762,ok,0
571,19.033,1780168762,G15,37,349,interpolated,1
571,19.033,1780168762,D24,322,524,interpolated,1
572,19.067,1780168762,G11,140,-1,ok,0
572,19.067,1780168762,G30,97,-12,ok,0
572,19.067,1780168762,G18,176,-15,ok,0
572,19.067,1780168762,G7,119,0,ok,1
572,19.067,1780168762,D4,-24,430,ok,0
572,19.067,1780168762,D2,321,619,ok,1
572,19.067,1780168762,D17,352,575,ok,1
572,19.067,1780168762,D15,255,643,ok,1
572,19.067,1780168762,D14,67,646,ok,1
572,19.067,1780168762,D20,212,701,ok,1
572,19.067,1780168762,D1,160,754,ok,0
572,19.067,1780168762,D22,101,742,ok,0
572,19.067,1780168762,D11,6,707,ok,1
572,19.067,1780168762,D23,-109,758,ok,0
572,19.067,1780168762,G15,37,349,interpolated,1
572,19.067,1780168762,D24,322,524,interpolated,1
572,19.067,1780168762,D25,197,762,interpolated,0
573,19.100,1780168762,G11,140,-1,ok,0
573,19.100,1780168762,G30,96,-11,ok,0
573,19.100,1780168762,G18,176,-13,ok,0
573,19.100,1780168762,G7,120,0,ok,1
573,19.100,1780168762,D4,-24,430,ok,0
573,19.100,1780168762,D2,320,618,ok,1
573,19.100,1780168762,D15,255,646,ok,1
573,19.100,1780168762,D17,352,574,ok,1
573,19.100,1780168762,D14,69,647,ok,1
573,19.100,1780168762,D11,7,705,ok,1
573,19.100,1780168762,D1,160,754,ok,0
573,19.100,1780168762,D20,212,700,ok,1
573,19.100,1780168762,D22,101,740,ok,0
573,19.100,1780168762,D23,-110,758,ok,0
573,19.100,1780168762,G15,37,349,interpolated,1
573,19.100,1780168762,D24,322,524,interpolated,1
573,19.100,1780168762,D25,197,762,interpolated,0
574,19.133,1780168762,G11,140,-1,ok,0
574,19.133,1780168762,G18,177,-12,ok,0
574,19.133,1780168762,G7,119,0,ok,1
574,19.133,1780168762,G30,94,-12,ok,0
574,19.133,1780168762,D4,-24,430,ok,0
574,19.133,1780168762,D2,319,617,ok,1
574,19.133,1780168762,D15,254,649,ok,1
574,19.133,1780168762,D14,72,647,ok,1
574,19.133,1780168762,D17,352,575,ok,1
574,19.133,1780168762,D20,212,701,ok,1
574,19.133,1780168762,D1,160,754,ok,0
574,19.133,1780168762,D11,7,703,ok,1
574,19.133,1780168762,D22,101,739,ok,0
574,19.133,1780168762,D23,-110,758,ok,0
574,19.133,1780168762,G15,37,349,interpolated,1
574,19.133,1780168762,D24,322,524,interpolated,1
574,19.133,1780168762,D25,197,762,interpolated,0
575,19.167,1780168762,G11,140,-1,ok,0
575,19.167,1780168762,G18,177,-9,ok,0
575,19.167,1780168762,G7,119,0,ok,1
575,19.167,1780168762,G30,92,-12,ok,0
575,19.167,1780168762,D4,-24,430,ok,0
575,19.167,1780168762,D2,318,617,ok,1
575,19.167,1780168762,D15,253,654,ok,1
575,19.167,1780168762,D17,352,575,ok,1
575,19.167,1780168762,D14,74,646,ok,1
575,19.167,1780168762,D20,210,701,ok,1
575,19.167,1780168762,D1,160,754,ok,0
575,19.167,1780168762,D22,101,738,ok,0
575,19.167,1780168762,D11,7,701,ok,1
575,19.167,1780168762,D23,-110,758,ok,0
575,19.167,1780168762,G15,37,349,interpolated,1
575,19.167,1780168762,D24,322,524,interpolated,1
575,19.167,1780168762,D25,197,762,interpolated,0
576,19.200,1780168762,G11,140,-1,ok,0
576,19.200,1780168762,G18,177,-9,ok,0
576,19.200,1780168762,G7,120,0,ok,1
576,19.200,1780168762,G30,90,-11,ok,0
576,19.200,1780168762,G15,-117,238,ok,0
576,19.200,1780168762,D4,-24,431,ok,0
576,19.200,1780168762,D2,317,617,ok,1
576,19.200,1780168762,D15,253,655,ok,1
576,19.200,1780168762,D20,209,701,ok,1
576,19.200,1780168762,D14,76,646,ok,1
576,19.200,1780168762,D17,353,575,ok,1
576,19.200,1780168762,D22,101,737,ok,0
576,19.200,1780168762,D1,160,754,ok,0
576,19.200,1780168762,D11,6,700,ok,1
576,19.200,1780168762,D23,-110,757,ok,0
576,19.200,1780168762,D25,197,762,interpolated,0
577,19.233,1780168762,G18,178,-9,ok,0
577,19.233,1780168762,G11,140,-1,ok,0
577,19.233,1780168762,G7,119,0,ok,1
577,19.233,1780168762,G30,90,-11,ok,0
577,19.233,1780168762,G15,-117,238,ok,0
577,19.233,1780168762,G33,6,-55,ok,0
577,19.233,1780168762,D4,-24,430,ok,0
577,19.233,1780168762,D2,317,617,ok,1
577,19.233,1780168762,D15,253,655,ok,1
577,19.233,1780168762,D20,209,701,ok,1
577,19.233,1780168762,D14,76,646,ok,1
577,19.233,1780168762,D17,353,575,ok,1
577,19.233,1780168762,D22,101,737,ok,0
577,19.233,1780168762,D1,160,754,ok,0
577,19.233,1780168762,D11,6,700,ok,1
577,19.233,1780168762,D23,-110,757,ok,0
577,19.233,1780168762,D25,197,762,interpolated,0
578,19.267,1780168762,G18,178,-9,ok,0
578,19.267,1780168762,G7,119,0,ok,1
578,19.267,1780168762,G11,140,-1,ok,0
578,19.267,1780168762,G30,89,-8,ok,0
578,19.267,1780168762,G34,92,-32,ok,0
578,19.267,1780168762,G33,43,-52,ok,0
578,19.267,1780168762,G15,-117,238,ok,0
578,19.267,1780168762,G35,472,394,ok,0
578,19.267,1780168762,D4,-24,431,ok,0
578,19.267,1780168762,D2,316,617,ok,1
578,19.267,1780168762,D14,76,645,ok,1
578,19.267,1780168762,D15,252,656,ok,1
578,19.267,1780168762,D17,354,575,ok,1
578,19.267,1780168762,D20,208,701,ok,1
578,19.267,1780168762,D1,160,754,ok,0
578,19.267,1780168762,D22,101,737,ok,0
578,19.267,1780168762,D11,6,699,ok,1
578,19.267,1780168762,D23,-110,757,ok,0
578,19.267,1780168762,D25,211,701,ok,1
579,19.300,1780168762,G18,178,-9,ok,0
579,19.300,1780168762,G7,120,0,ok,1
579,19.300,1780168762,G11,139,-1,ok,0
579,19.300,1780168762,G30,88,-4,ok,0
579,19.300,1780168762,G34,92,-34,ok,0
579,19.300,1780168762,G15,-117,238,ok,0
579,19.300,1780168762,G35,472,394,ok,0
579,19.300,1780168762,D4,-24,431,ok,0
579,19.300,1780168762,D2,315,616,ok,1
579,19.300,1780168762,D14,77,646,ok,1
579,19.300,1780168762,D15,251,656,ok,1
579,19.300,1780168762,D20,207,701,ok,1
579,19.300,1780168762,D17,354,575,ok,1
579,19.300,1780168762,D1,160,754,ok,0
579,19.300,1780168762,D22,101,737,ok,0
579,19.300,1780168762,D25,211,701,ok,1
579,19.300,1780168762,D23,-109,755,ok,0
579,19.300,1780168762,D11,5,698,ok,1
579,19.300,1780168762,D24,-115,450,ok,0
579,19.300,1780168762,G33,43,-52,interpolated,0
580,19.333,1780168762,G18,178,-9,ok,0
580,19.333,1780168762,G30,87,-4,ok,0
580,19.333,1780168762,G7,120,0,ok,1
580,19.333,1780168762,G11,139,-1,ok,0
580,19.333,1780168762,G34,92,-31,ok,0
580,19.333,1780168762,G15,-117,238,ok,0
580,19.333,1780168762,G35,472,394,ok,0
580,19.333,1780168762,D4,-24,431,ok,0
580,19.333,1780168762,D2,315,616,ok,1
580,19.333,1780168762,D14,77,646,ok,1
580,19.333,1780168762,D15,249,657,ok,1
580,19.333,1780168762,D20,207,701,ok,1
580,19.333,1780168762,D17,354,576,ok,1
580,19.333,1780168762,D1,160,754,ok,0
580,19.333,1780168762,D22,101,737,ok,0
580,19.333,1780168762,D11,5,697,ok,1
580,19.333,1780168762,D23,-107,752,ok,0
580,19.333,1780168762,D24,-114,449,ok,0
580,19.333,1780168762,D25,211,701,interpolated,1
580,19.333,1780168762,G33,43,-52,interpolated,0
581,19.367,1780168762,G18,178,-9,ok,0
581,19.367,1780168762,G30,87,-3,ok,0
581,19.367,1780168762,G7,120,0,ok,1
581,19.367,1780168762,G11,139,-1,ok,0
581,19.367,1780168762,G34,92,-32,ok,0
581,19.367,1780168762,G15,-117,238,ok,0
581,19.367,1780168762,G35,472,395,ok,0
581,19.367,1780168762,D4,-24,431,ok,0
581,19.367,1780168762,D2,315,616,ok,1
581,19.367,1780168762,D14,78,648,ok,1
581,19.367,1780168762,D15,248,656,ok,1
581,19.367,1780168762,D20,207,702,ok,1
581,19.367,1780168762,D17,355,577,ok,1
581,19.367,1780168762,D1,160,754,ok,0
581,19.367,1780168762,D22,101,737,ok,0
581,19.367,1780168762,D23,-105,747,ok,0
581,19.367,1780168762,D11,4,696,ok,1
581,19.367,1780168762,D24,-115,450,ok,0
581,19.367,1780168762,D25,211,701,interpolated,1
581,19.367,1780168762,G33,43,-52,interpolated,0
582,19.400,1780168762,G18,180,-9,ok,0
582,19.400,1780168762,G30,87,-2,ok,0
582,19.400,1780168762,G11,139,-1,ok,0
582,19.400,1780168762,G34,92,-31,ok,0
582,19.400,1780168762,G7,121,0,ok,1
582,19.400,1780168762,G15,-117,238,ok,0
582,19.400,1780168762,G35,472,395,ok,0
582,19.400,1780168762,D4,-24,431,ok,0
582,19.400,1780168762,D15,247,656,ok,1
582,19.400,1780168762,D2,314,617,ok,1
582,19.400,1780168762,D14,78,650,ok,1
582,19.400,1780168762,D20,207,702,ok,1
582,19.400,1780168762,D17,356,579,ok,1
582,19.400,1780168762,D1,160,754,ok,0
582,19.400,1780168762,D22,100,737,ok,0
582,19.400,1780168762,D11,4,697,ok,1
582,19.400,1780168762,D23,-103,744,ok,0
582,19.400,1780168762,D24,-115,450,ok,0
582,19.400,1780168762,D25,211,701,interpolated,1
582,19.400,1780168762,G33,43,-52,interpolated,0
583,19.433,1780168762,G18,180,-9,ok,0
583,19.433,1780168762,G30,87,-2,ok,0
583,19.433,1780168762,G11,139,-1,ok,0
583,19.433,1780168762,G34,92,-31,ok,0
583,19.433,1780168762,G7,121,0,ok,1
583,19.433,1780168762,G15,-117,238,ok,0
583,19.433,1780168762,G35,472,395,ok,0
583,19.433,1780168762,D4,-24,431,ok,0
583,19.433,1780168762,D15,247,656,ok,1
583,19.433,1780168762,D2,314,617,ok,1
583,19.433,1780168762,D14,78,650,ok,1
583,19.433,1780168762,D20,207,702,ok,1
583,19.433,1780168762,D17,356,579,ok,1
583,19.433,1780168762,D1,160,754,ok,0
583,19.433,1780168762,D22,100,737,ok,0
583,19.433,1780168762,D11,4,697,ok,1
583,19.433,1780168762,D23,-103,744,ok,0
583,19.433,1780168762,D24,-115,450,ok,0
583,19.433,1780168762,D25,211,701,interpolated,1
583,19.433,1780168762,G33,43,-52,interpolated,0
584,19.467,1780168762,G30,87,-1,ok,0
584,19.467,1780168762,G18,181,-9,ok,0
584,19.467,1780168762,G34,92,-31,ok,0
584,19.467,1780168762,G11,139,-1,ok,0
584,19.467,1780168762,G7,121,0,ok,1
584,19.467,1780168762,G15,-117,238,ok,0
584,19.467,1780168762,G35,472,395,ok,0
584,19.467,1780168762,G36,7,-54,ok,0
584,19.467,1780168762,G33,42,-52,ok,0
584,19.467,1780168762,D4,-24,431,ok,0
584,19.467,1780168762,D2,311,616,ok,1
584,19.467,1780168762,D15,247,658,ok,1
584,19.467,1780168762,D14,80,649,ok,1
584,19.467,1780168762,D20,206,703,ok,1
584,19.467,1780168762,D1,160,754,ok,0
584,19.467,1780168762,D17,357,583,ok,1
584,19.467,1780168762,D22,100,737,ok,0
584,19.467,1780168762,D11,2,696,ok,1
584,19.467,1780168762,D23,-103,743,ok,0
584,19.467,1780168762,D24,-115,450,ok,0
584,19.467,1780168762,D25,211,701,interpolated,1
585,19.500,1780168762,G30,86,0,ok,1
585,19.500,1780168762,G18,182,-9,ok,0
585,19.500,1780168762,G11,139,-1,ok,0
585,19.500,1780168762,G34,93,-29,ok,0
585,19.500,1780168762,G7,120,0,ok,1
585,19.500,1780168762,G15,-117,238,ok,0
585,19.500,1780168762,D4,-24,431,ok,0
585,19.500,1780168762,D2,309,615,ok,1
585,19.500,1780168762,D15,247,659,ok,1
585,19.500,1780168762,D20,206,701,ok,1
585,19.500,1780168762,D14,81,649,ok,1
585,19.500,1780168762,D17,357,584,ok,1
585,19.500,1780168762,D1,160,754,ok,0
585,19.500,1780168762,D22,100,737,ok,0
585,19.500,1780168762,D23,-101,743,ok,0
585,19.500,1780168762,D24,-115,450,ok,0
585,19.500,1780168762,D11,1,696,ok,1
585,19.500,1780168762,D25,211,701,interpolated,1
585,19.500,1780168762,G33,42,-52,interpolated,0
585,19.500,1780168762,G35,472,395,interpolated,0
585,19.500,1780168762,G36,7,-54,interpolated,0
586,19.533,1780168762,G34,93,-28,ok,0
586,19.533,1780168762,G30,85,0,ok,1
586,19.533,1780168762,G11,139,-1,ok,0
586,19.533,1780168762,G18,183,-9,ok,0
586,19.533,1780168762,G7,120,0,ok,1
586,19.533,1780168762,D4,-24,431,ok,0
586,19.533,1780168762,D15,247,662,ok,1
586,19.533,1780168762,D2,306,613,ok,1
586,19.533,1780168762,D20,206,700,ok,1
586,19.533,1780168762,D17,358,586,ok,1
586,19.533,1780168762,D1,160,754,ok,0
586,19.533,1780168762,D14,82,649,ok,1
586,19.533,1780168762,D22,99,737,ok,0
586,19.533,1780168762,D23,-101,740,ok,0
586,19.533,1780168762,D11,1,696,ok,1
586,19.533,1780168762,D24,-114,449,ok,0
586,19.533,1780168762,G15,-117,238,interpolated,0
586,19.533,1780168762,D25,211,701,interpolated,1
586,19.533,1780168762,G33,42,-52,interpolated,0
586,19.533,1780168762,G35,472,395,interpolated,0
586,19.533,1780168762,G36,7,-54,interpolated,0
587,19.567,1780168762,G34,93,-28,ok,0
587,19.567,1780168762,G18,183,-7,ok,0
587,19.567,1780168762,G11,139,-1,ok,0
587,19.567,1780168762,G30,85,1,ok,1
587,19.567,1780168762,G7,120,0,ok,1
587,19.567,1780168762,D4,-24,431,ok,0
587,19.567,1780168762,D15,247,665,ok,1
587,19.567,1780168762,D2,304,612,ok,1
587,19.567,1780168762,D20,205,698,ok,1
587,19.567,1780168762,D17,359,588,ok,1
587,19.567,1780168762,D1,160,754,ok,0
587,19.567,1780168762,D14,83,649,ok,1
587,19.567,1780168762,D22,99,737,ok,0
587,19.567,1780168762,D23,-100,738,ok,0
587,19.567,1780168762,D11,0,695,ok,1
587,19.567,1780168762,D24,-115,450,ok,0
587,19.567,1780168762,G15,-117,238,interpolated,0
587,19.567,1780168762,D25,211,701,interpolated,1
587,19.567,1780168762,G33,42,-52,interpolated,0
587,19.567,1780168762,G35,472,395,interpolated,0
587,19.567,1780168762,G36,7,-54,interpolated,0
588,19.600,1780168762,G34,93,-28,ok,0
588,19.600,1780168762,G18,184,-3,ok,0
588,19.600,1780168762,G11,139,-1,ok,0
588,19.600,1780168762,G30,84,1,ok,1
588,19.600,1780168762,G7,120,0,ok,1
588,19.600,1780168762,D4,-24,431,ok,0
588,19.600,1780168762,D2,303,611,ok,1
588,19.600,1780168762,D17,358,588,ok,1
588,19.600,1780168762,D15,246,667,ok,1
588,19.600,1780168762,D14,84,649,ok,1
588,19.600,1780168762,D1,160,754,ok,0
588,19.600,1780168762,D20,204,698,ok,1
588,19.600,1780168762,D22,98,737,ok,0
588,19.600,1780168762,D11,0,693,ok,1
588,19.600,1780168762,D24,-115,450,ok,0
588,19.600,1780168762,G15,-117,238,interpolated,0
588,19.600,1780168762,D23,-100,738,interpolated,0
588,19.600,1780168762,D25,211,701,interpolated,1
588,19.600,1780168762,G33,42,-52,interpolated,0
588,19.600,1780168762,G35,472,395,interpolated,0
588,19.600,1780168762,G36,7,-54,interpolated,0
589,19.633,1780168762,G34,93,-28,ok,0
589,19.633,1780168762,G18,184,-4,ok,0
589,19.633,1780168762,G11,139,-1,ok,0
589,19.633,1780168762,G30,84,1,ok,1
589,19.633,1780168762,G7,120,0,ok,1
589,19.633,1780168762,D4,-24,431,ok,0
589,19.633,1780168762,D2,303,611,ok,1
589,19.633,1780168762,D17,358,589,ok,1
589,19.633,1780168762,D15,246,667,ok,1
589,19.633,1780168762,D14,84,649,ok,1
589,19.633,1780168762,D1,160,754,ok,0
589,19.633,1780168762,D20,204,698,ok,1
589,19.633,1780168762,D22,98,737,ok,0
589,19.633,1780168762,D11,0,693,ok,1
589,19.633,1780168762,D24,-115,450,ok,0
589,19.633,1780168762,G15,-117,238,interpolated,0
589,19.633,1780168762,D23,-100,738,interpolated,0
589,19.633,1780168762,D25,211,701,interpolated,1
589,19.633,1780168762,G33,42,-52,interpolated,0
589,19.633,1780168762,G35,472,395,interpolated,0
589,19.633,1780168762,G36,7,-54,interpolated,0
590,19.667,1780168762,G34,93,-29,ok,0
590,19.667,1780168762,G30,84,1,ok,1
590,19.667,1780168762,G11,139,-1,ok,0
590,19.667,1780168762,G18,185,-2,ok,0
590,19.667,1780168762,G7,120,0,ok,1
590,19.667,1780168762,D4,-24,431,ok,0
590,19.667,1780168762,D2,302,609,ok,1
590,19.667,1780168762,D15,245,670,ok,1
590,19.667,1780168762,D17,357,590,ok,1
590,19.667,1780168762,D14,87,650,ok,1
590,19.667,1780168762,D1,160,754,ok,0
590,19.667,1780168762,D22,97,737,ok,0
590,19.667,1780168762,D25,208,698,ok,1
590,19.667,1780168762,D20,204,697,ok,1
590,19.667,1780168762,D11,2,687,ok,1
590,19.667,1780168762,D23,-99,736,ok,0
590,19.667,1780168762,D24,-114,449,ok,0
590,19.667,1780168762,G15,-117,238,interpolated,0
590,19.667,1780168762,G33,42,-52,interpolated,0
590,19.667,1780168762,G35,472,395,interpolated,0
590,19.667,1780168762,G36,7,-54,interpolated,0
591,19.700,1780168762,G34,93,-28,ok,0
591,19.700,1780168762,G30,82,0,ok,1
591,19.700,1780168762,G11,139,-1,ok,0
591,19.700,1780168762,G18,186,0,ok,1
591,19.700,1780168762,G7,120,0,ok,1
591,19.700,1780168762,D4,-24,431,ok,0
591,19.700,1780168762,D2,301,608,ok,1
591,19.700,1780168762,D14,88,650,ok,1
591,19.700,1780168762,D15,244,671,ok,1
591,19.700,1780168762,D17,357,590,ok,1
591,19.700,1780168762,D1,160,754,ok,0
591,19.700,1780168762,D22,97,737,ok,0
591,19.700,1780168762,D25,207,698,ok,1
591,19.700,1780168762,D20,204,697,ok,1
591,19.700,1780168762,D23,-99,737,ok,0
591,19.700,1780168762,D11,2,682,ok,1
591,19.700,1780168762,D24,-114,449,ok,0
591,19.700,1780168762,G15,-117,238,interpolated,0
591,19.700,1780168762,G33,42,-52,interpolated,0
591,19.700,1780168762,G35,472,395,interpolated,0
591,19.700,1780168762,G36,7,-54,interpolated,0
592,19.733,1780168762,G34,93,-28,ok,0
592,19.733,1780168762,G30,80,0,ok,1
592,19.733,1780168762,G11,139,-1,ok,0
592,19.733,1780168762,G18,187,-1,ok,0
592,19.733,1780168762,G7,120,0,ok,1
592,19.733,1780168762,G33,178,-42,ok,0
592,19.733,1780168762,D4,-24,431,ok,0
592,19.733,1780168762,D2,301,608,ok,1
592,19.733,1780168762,D14,90,650,ok,1
592,19.733,1780168762,D15,243,671,ok,1
592,19.733,1780168762,D17,355,589,ok,1
592,19.733,1780168762,D1,160,754,ok,0
592,19.733,1780168762,D22,97,736,ok,0
592,19.733,1780168762,D20,203,697,ok,1
592,19.733,1780168762,D25,207,697,ok,1
592,19.733,1780168762,D11,3,679,ok,1
592,19.733,1780168762,D23,-100,736,ok,0
592,19.733,1780168762,D24,-114,449,ok,0
592,19.733,1780168762,G15,-117,238,interpolated,0
592,19.733,1780168762,G35,472,395,interpolated,0
592,19.733,1780168762,G36,7,-54,interpolated,0
593,19.767,1780168762,G34,93,-27,ok,0
593,19.767,1780168762,G18,187,-3,ok,0
593,19.767,1780168762,G11,139,-1,ok,0
593,19.767,1780168762,G7,120,0,ok,1
593,19.767,1780168762,G30,78,1,ok,1
593,19.767,1780168762,D4,-24,431,ok,0
593,19.767,1780168762,D14,90,650,ok,1
593,19.767,1780168762,D2,300,608,ok,1
593,19.767,1780168762,D17,355,590,ok,1
593,19.767,1780168762,D15,243,671,ok,1
593,19.767,1780168762,D1,160,754,ok,0
593,19.767,1780168762,D25,206,697,ok,1
593,19.767,1780168762,D11,3,676,ok,1
593,19.767,1780168762,D22,97,736,ok,0
593,19.767,1780168762,D24,-115,450,ok,0
593,19.767,1780168762,D23,-101,737,ok,0
593,19.767,1780168762,G15,-117,238,interpolated,0
593,19.767,1780168762,D20,203,697,interpolated,1
593,19.767,1780168762,G33,178,-42,interpolated,0
593,19.767,1780168762,G35,472,395,interpolated,0
593,19.767,1780168762,G36,7,-54,interpolated,0
594,19.800,1780168762,G34,93,-27,ok,0
594,19.800,1780168762,G18,188,-3,ok,0
594,19.800,1780168762,G11,139,-1,ok,0
594,19.800,1780168762,G7,120,0,ok,1
594,19.800,1780168762,G33,177,-38,ok,0
594,19.800,1780168762,G30,76,0,ok,1
594,19.800,1780168762,D4,-24,431,ok,0
594,19.800,1780168762,D2,299,608,ok,1
594,19.800,1780168762,D14,91,650,ok,1
594,19.800,1780168762,D15,242,671,ok,1
594,19.800,1780168762,D17,354,589,ok,1
594,19.800,1780168762,D1,160,754,ok,0
594,19.800,1780168762,D25,205,696,ok,1
594,19.800,1780168762,D11,3,675,ok,1
594,19.800,1780168762,D22,97,734,ok,1
594,19.800,1780168762,D20,202,697,ok,1
594,19.800,1780168762,D23,-101,737,ok,0
594,19.800,1780168762,G15,-117,238,interpolated,0
594,19.800,1780168762,G35,472,395,interpolated,0
594,19.800,1780168762,D24,-115,450,interpolated,0
594,19.800,1780168762,G36,7,-54,interpolated,0
595,19.833,1780168762,G34,93,-28,ok,0
595,19.833,1780168762,G18,188,-3,ok,0
595,19.833,1780168762,G11,139,-1,ok,0
595,19.833,1780168762,G7,120,0,ok,1
595,19.833,1780168762,G33,177,-38,ok,0
595,19.833,1780168762,G30,76,0,ok,1
595,19.833,1780168762,D4,-24,431,ok,0
595,19.833,1780168762,D2,299,608,ok,1
595,19.833,1780168762,D14,91,650,ok,1
595,19.833,1780168762,D15,242,671,ok,1
595,19.833,1780168762,D17,354,589,ok,1
595,19.833,1780168762,D1,160,754,ok,0
595,19.833,1780168762,D20,201,698,ok,1
595,19.833,1780168762,D11,3,675,ok,1
595,19.833,1780168762,D22,97,734,ok,1
595,19.833,1780168762,D25,205,697,ok,1
595,19.833,1780168762,D23,-101,737,ok,0
595,19.833,1780168762,G15,-117,238,interpolated,0
595,19.833,1780168762,D24,-115,450,interpolated,0
596,19.867,1780168762,G34,93,-28,ok,0
596,19.867,1780168762,G33,177,-36,ok,0
596,19.867,1780168762,G7,120,0,ok,1
596,19.867,1780168762,G11,139,-1,ok,0
596,19.867,1780168762,G18,188,0,ok,1
596,19.867,1780168762,G30,74,1,ok,1
596,19.867,1780168762,D4,-24,431,ok,0
596,19.867,1780168762,D14,92,650,ok,1
596,19.867,1780168762,D2,299,607,ok,1
596,19.867,1780168762,D15,242,671,ok,1
596,19.867,1780168762,D25,205,698,ok,1
596,19.867,1780168762,D11,2,675,ok,1
596,19.867,1780168762,D17,354,589,ok,1
596,19.867,1780168762,D1,160,754,ok,0
596,19.867,1780168762,D22,97,733,ok,1
596,19.867,1780168762,D23,-102,736,ok,0
596,19.867,1780168762,D20,201,698,interpolated,1
596,19.867,1780168762,D24,-115,450,interpolated,0
597,19.900,1780168762,G34,93,-28,ok,0
597,19.900,1780168762,G11,138,-1,ok,0
597,19.900,1780168762,G33,177,-35,ok,0
597,19.900,1780168762,G7,120,0,ok,1
597,19.900,1780168762,G30,73,1,ok,1
597,19.900,1780168762,G18,189,3,ok,1
597,19.900,1780168762,D4,-24,431,ok,0
597,19.900,1780168762,D14,93,652,ok,1
597,19.900,1780168762,D2,298,604,ok,1
597,19.900,1780168762,D20,200,698,ok,1
597,19.900,1780168762,D15,241,670,ok,1
597,19.900,1780168762,D17,353,590,ok,1
597,19.900,1780168762,D11,0,675,ok,1
597,19.900,1780168762,D22,97,731,ok,1
597,19.900,1780168762,D1,160,754,ok,0
597,19.900,1780168762,D23,-105,738,ok,0
597,19.900,1780168762,D25,205,698,interpolated,1
597,19.900,1780168762,D24,-115,450,interpolated,0
598,19.933,1780168762,G34,93,-27,ok,0
598,19.933,1780168762,G7,121,0,ok,1
598,19.933,1780168762,G11,138,-1,ok,0
598,19.933,1780168762,G30,73,2,ok,1
598,19.933,1780168762,G33,176,-35,ok,0
598,19.933,1780168762,G18,190,4,ok,1
598,19.933,1780168762,D4,-24,431,ok,0
598,19.933,1780168762,D2,297,607,ok,1
598,19.933,1780168762,D14,93,656,ok,1
598,19.933,1780168762,D20,200,697,ok,1
598,19.933,1780168762,D15,240,670,ok,1
598,19.933,1780168762,D17,352,590,ok,1
598,19.933,1780168762,D22,96,731,ok,1
598,19.933,1780168762,D11,-1,676,ok,0
598,19.933,1780168762,D1,160,754,ok,0
598,19.933,1780168762,D24,-108,736,ok,0
598,19.933,1780168762,D23,-107,736,ok,0
598,19.933,1780168762,D25,205,698,interpolated,1
599,19.967,1780168762,G34,93,-27,ok,0
599,19.967,1780168762,G30,73,5,ok,1
599,19.967,1780168762,G33,176,-35,ok,0
599,19.967,1780168762,G7,120,0,ok,1
599,19.967,1780168762,G11,138,-1,ok,0
599,19.967,1780168762,G18,191,5,ok,1
599,19.967,1780168762,D4,-24,431,ok,0
599,19.967,1780168762,D2,294,598,ok,1
599,19.967,1780168762,D14,94,658,ok,1
599,19.967,1780168762,D15,240,671,ok,1
599,19.967,1780168762,D17,352,592,ok,1
599,19.967,1780168762,D20,200,697,ok,1
599,19.967,1780168762,D1,160,754,ok,0
599,19.967,1780168762,D11,-3,676,ok,0
599,19.967,1780168762,D22,95,731,ok,1
599,19.967,1780168762,D23,-106,733,ok,0
599,19.967,1780168762,D25,205,698,interpolated,1
599,19.967,1780168762,D24,-108,736,interpolated,0
600,20.000,1780168763,G30,72,7,ok,1
600,20.000,1780168763,G34,93,-27,ok,0
600,20.000,1780168763,G33,176,-35,ok,0
600,20.000,1780168763,G7,120,0,ok,1
600,20.000,1780168763,G11,138,-1,ok,0
600,20.000,1780168763,G18,193,4,ok,1
600,20.000,1780168763,D4,-24,431,ok,0
600,20.000,1780168763,D2,292,596,ok,1
600,20.000,1780168763,D17,352,594,ok,1
600,20.000,1780168763,D15,239,672,ok,1
600,20.000,1780168763,D14,95,662,ok,1
600,20.000,1780168763,D1,160,754,ok,0
600,20.000,1780168763,D20,202,697,ok,1
600,20.000,1780168763,D11,-3,671,ok,0
600,20.000,1780168763,D22,95,730,ok,1
600,20.000,1780168763,D24,-102,729,ok,0
600,20.000,1780168763,D23,-106,728,ok,0
600,20.000,1780168763,D25,205,698,interpolated,1
601,20.033,1780168763,G30,72,7,ok,1
601,20.033,1780168763,G34,93,-27,ok,0
601,20.033,1780168763,G33,176,-35,ok,0
601,20.033,1780168763,G7,120,0,ok,1
601,20.033,1780168763,G11,138,-1,ok,0
601,20.033,1780168763,G18,193,4,ok,1
601,20.033,1780168763,D4,-24,431,ok,0
601,20.033,1780168763,D2,292,595,ok,1
601,20.033,1780168763,D17,352,594,ok,1
601,20.033,1780168763,D15,239,672,ok,1
601,20.033,1780168763,D14,95,662,ok,1
601,20.033,1780168763,D1,160,754,ok,0
601,20.033,1780168763,D20,202,697,ok,1
601,20.033,1780168763,D11,-3,671,ok,0
601,20.033,1780168763,D22,95,730,ok,1
601,20.033,1780168763,D23,-106,728,ok,0
601,20.033,1780168763,D24,-103,729,ok,0
601,20.033,1780168763,D25,205,698,interpolated,1
602,20.067,1780168763,G34,93,-27,ok,0
602,20.067,1780168763,G30,71,7,ok,1
602,20.067,1780168763,G11,138,-1,ok,0
602,20.067,1780168763,G7,121,0,ok,1
602,20.067,1780168763,G33,175,-34,ok,0
602,20.067,1780168763,G18,195,5,ok,1
602,20.067,1780168763,D4,-24,431,ok,0
602,20.067,1780168763,D17,352,595,ok,1
602,20.067,1780168763,D2,290,594,ok,1
602,20.067,1780168763,D15,238,673,ok,1
602,20.067,1780168763,D1,160,754,ok,0
602,20.067,1780168763,D20,200,697,ok,1
602,20.067,1780168763,D14,95,662,ok,1
602,20.067,1780168763,D11,-2,667,ok,0
602,20.067,1780168763,D22,95,730,ok,1
602,20.067,1780168763,D24,-103,729,ok,0
602,20.067,1780168763,D23,-106,728,interpolated,0
602,20.067,1780168763,D25,205,698,interpolated,1
603,20.100,1780168763,G34,93,-27,ok,0
603,20.100,1780168763,G30,71,9,ok,1
603,20.100,1780168763,G11,138,-1,ok,0
603,20.100,1780168763,G7,120,0,ok,1
603,20.100,1780168763,G33,175,-34,ok,0
603,20.100,1780168763,G18,196,5,ok,1
603,20.100,1780168763,G37,472,395,ok,0
603,20.100,1780168763,D4,-24,431,ok,0
603,20.100,1780168763,D17,352,597,ok,1
603,20.100,1780168763,D2,289,594,ok,1
603,20.100,1780168763,D15,238,676,ok,1
603,20.100,1780168763,D14,96,662,ok,1
603,20.100,1780168763,D20,200,697,ok,1
603,20.100,1780168763,D1,160,754,ok,0
603,20.100,1780168763,D11,-2,663,ok,0
603,20.100,1780168763,D22,95,730,ok,1
603,20.100,1780168763,D24,-102,726,ok,0
603,20.100,1780168763,D23,-106,728,interpolated,0
603,20.100,1780168763,D25,205,698,interpolated,1
604,20.133,1780168763,G34,93,-27,ok,0
604,20.133,1780168763,G30,71,10,ok,1
604,20.133,1780168763,G7,121,0,ok,1
604,20.133,1780168763,G11,137,-1,ok,0
604,20.133,1780168763,G33,175,-34,ok,0
604,20.133,1780168763,G37,472,395,ok,0
604,20.133,1780168763,D4,-24,431,ok,0
604,20.133,1780168763,D2,288,591,ok,1
604,20.133,1780168763,D17,353,600,ok,1
604,20.133,1780168763,D14,97,662,ok,1
604,20.133,1780168763,D20,200,697,ok,1
604,20.133,1780168763,D15,238,679,ok,1
604,20.133,1780168763,D1,160,754,ok,0
604,20.133,1780168763,D11,-2,659,ok,0
604,20.133,1780168763,D24,-100,723,ok,0
604,20.133,1780168763,G18,196,5,interpolated,1
604,20.133,1780168763,D22,95,730,interpolated,1
604,20.133,1780168763,D23,-106,728,interpolated,0
604,20.133,1780168763,D25,205,698,interpolated,1
605,20.167,1780168763,G34,93,-27,ok,0
605,20.167,1780168763,G30,71,13,ok,1
605,20.167,1780168763,G7,120,0,ok,1
605,20.167,1780168763,G11,137,-1,ok,0
605,20.167,1780168763,G33,175,-33,ok,0
605,20.167,1780168763,G18,199,5,ok,1
605,20.167,1780168763,G37,472,395,ok,0
605,20.167,1780168763,D4,-24,431,ok,0
605,20.167,1780168763,D2,287,591,ok,1
605,20.167,1780168763,D17,353,604,ok,1
605,20.167,1780168763,D14,99,662,ok,1
605,20.167,1780168763,D20,200,697,ok,1
605,20.167,1780168763,D15,238,683,ok,1
605,20.167,1780168763,D1,160,754,ok,0
605,20.167,1780168763,D11,-1,656,ok,0
605,20.167,1780168763,D24,-99,721,ok,0
605,20.167,1780168763,D22,95,730,interpolated,1
605,20.167,1780168763,D23,-106,728,interpolated,0
605,20.167,1780168763,D25,205,698,interpolated,1
606,20.200,1780168763,G34,93,-27,ok,0
606,20.200,1780168763,G7,121,0,ok,1
606,20.200,1780168763,G11,136,-1,ok,0
606,20.200,1780168763,G30,71,14,ok,1
606,20.200,1780168763,G33,174,-34,ok,0
606,20.200,1780168763,G18,200,7,ok,1
606,20.200,1780168763,G37,473,395,ok,0
606,20.200,1780168763,D4,-24,431,ok,0
606,20.200,1780168763,D2,287,591,ok,1
606,20.200,1780168763,D14,101,662,ok,1
606,20.200,1780168763,D17,352,606,ok,1
606,20.200,1780168763,D20,200,697,ok,1
606,20.200,1780168763,D15,238,685,ok,1
606,20.200,1780168763,D1,160,754,ok,0
606,20.200,1780168763,D11,-3,655,ok,0
606,20.200,1780168763,D22,95,730,interpolated,1
606,20.200,1780168763,D23,-106,728,interpolated,0
606,20.200,1780168763,D25,205,698,interpolated,1
606,20.200,1780168763,D24,-99,721,interpolated,0
607,20.233,1780168763,G34,93,-27,ok,0
607,20.233,1780168763,G7,121,0,ok,1
607,20.233,1780168763,G11,136,-1,ok,0
607,20.233,1780168763,G30,71,14,ok,1
607,20.233,1780168763,G33,174,-34,ok,0
607,20.233,1780168763,G18,200,7,ok,1
607,20.233,1780168763,G37,473,395,ok,0
607,20.233,1780168763,D4,-24,431,ok,0
607,20.233,1780168763,D2,287,591,ok,1
607,20.233,1780168763,D17,352,606,ok,1
607,20.233,1780168763,D14,101,662,ok,1
607,20.233,1780168763,D20,200,697,ok,1
607,20.233,1780168763,D15,238,685,ok,1
607,20.233,1780168763,D1,160,754,ok,0
607,20.233,1780168763,D11,-3,655,ok,0
607,20.233,1780168763,D22,95,730,interpolated,1
607,20.233,1780168763,D23,-106,728,interpolated,0
607,20.233,1780168763,D24,-99,721,interpolated,0
608,20.267,1780168763,G34,93,-27,ok,0
608,20.267,1780168763,G30,71,15,ok,1
608,20.267,1780168763,G7,121,0,ok,1
608,20.267,1780168763,G11,137,-1,ok,0
608,20.267,1780168763,G33,174,-34,ok,0
608,20.267,1780168763,G18,201,10,ok,1
608,20.267,1780168763,G37,473,395,ok,0
608,20.267,1780168763,D4,-24,431,ok,0
608,20.267,1780168763,D2,286,590,ok,1
608,20.267,1780168763,D15,238,688,ok,1
608,20.267,1780168763,D14,103,663,ok,1
608,20.267,1780168763,D20,200,697,ok,1
608,20.267,1780168763,D17,352,607,ok,1
608,20.267,1780168763,D1,160,754,ok,0
608,20.267,1780168763,D11,-4,655,ok,0
608,20.267,1780168763,D22,95,730,interpolated,1
608,20.267,1780168763,D23,-106,728,interpolated,0
608,20.267,1780168763,D24,-99,721,interpolated,0
609,20.300,1780168763,G34,93,-27,ok,0
609,20.300,1780168763,G30,70,15,ok,1
609,20.300,1780168763,G7,121,0,ok,1
609,20.300,1780168763,G11,136,-1,ok,0
609,20.300,1780168763,G18,203,11,ok,1
609,20.300,1780168763,G33,174,-33,ok,0
609,20.300,1780168763,G37,473,395,ok,0
609,20.300,1780168763,D4,-24,431,ok,0
609,20.300,1780168763,D2,286,590,ok,1
609,20.300,1780168763,D20,199,697,ok,1
609,20.300,1780168763,D14,104,663,ok,1
609,20.300,1780168763,D15,237,689,ok,1
609,20.300,1780168763,D17,351,607,ok,1
609,20.300,1780168763,D1,160,754,ok,0
609,20.300,1780168763,D11,-5,655,ok,0
609,20.300,1780168763,D22,95,730,interpolated,1
609,20.300,1780168763,D23,-106,728,interpolated,0
609,20.300,1780168763,D24,-99,721,interpolated,0
610,20.333,1780168763,G34,93,-27,ok,0
610,20.333,1780168763,G30,69,14,ok,1
610,20.333,1780168763,G7,122,3,ok,1
610,20.333,1780168763,G11,138,-1,ok,0
610,20.333,1780168763,G33,173,-34,ok,0
610,20.333,1780168763,G18,205,13,ok,1
610,20.333,1780168763,G37,472,395,ok,0
610,20.333,1780168763,D4,-23,430,ok,0
610,20.333,1780168763,D2,285,591,ok,1
610,20.333,1780168763,D14,105,663,ok,1
610,20.333,1780168763,D17,350,606,ok,1
610,20.333,1780168763,D20,198,698,ok,1
610,20.333,1780168763,D15,236,690,ok,1
610,20.333,1780168763,D1,160,754,ok,0
610,20.333,1780168763,D11,-5,653,ok,0
610,20.333,1780168763,D24,-99,719,ok,0
610,20.333,1780168763,D22,95,730,interpolated,1
610,20.333,1780168763,D23,-106,728,interpolated,0
611,20.367,1780168763,G34,93,-28,ok,0
611,20.367,1780168763,G7,123,6,ok,1
611,20.367,1780168763,G11,138,-1,ok,0
611,20.367,1780168763,G30,67,13,ok,1
611,20.367,1780168763,G33,173,-34,ok,0
611,20.367,1780168763,G18,205,15,ok,1
611,20.367,1780168763,G37,472,395,ok,0
611,20.367,1780168763,D4,-24,431,ok,0
611,20.367,1780168763,D2,285,590,ok,1
611,20.367,1780168763,D14,105,664,ok,1
611,20.367,1780168763,D20,197,699,ok,1
611,20.367,1780168763,D17,349,605,ok,1
611,20.367,1780168763,D15,236,690,ok,1
611,20.367,1780168763,D1,160,754,ok,0
611,20.367,1780168763,D11,-5,654,ok,0
611,20.367,1780168763,D24,-100,719,ok,0
611,20.367,1780168763,D22,95,730,interpolated,1
611,20.367,1780168763,D23,-106,728,interpolated,0
612,20.400,1780168763,G34,93,-27,ok,0
612,20.400,1780168763,G30,65,14,ok,1
612,20.400,1780168763,G7,123,7,ok,1
612,20.400,1780168763,G11,138,-1,ok,0
612,20.400,1780168763,G33,173,-34,ok,0
612,20.400,1780168763,G18,205,17,ok,1
612,20.400,1780168763,G38,8,-54,ok,0
612,20.400,1780168763,D4,-24,431,ok,0
612,20.400,1780168763,D2,284,590,ok,1
612,20.400,1780168763,D14,105,665,ok,1
612,20.400,1780168763,D17,348,605,ok,1
612,20.400,1780168763,D20,195,701,ok,1
612,20.400,1780168763,D15,234,690,ok,1
612,20.400,1780168763,D1,160,754,ok,0
612,20.400,1780168763,D11,-4,649,ok,0
612,20.400,1780168763,D24,-99,719,ok,0
612,20.400,1780168763,D22,95,730,interpolated,1
612,20.400,1780168763,G37,472,395,interpolated,0
613,20.433,1780168763,G34,93,-27,ok,0
613,20.433,1780168763,G30,65,14,ok,1
613,20.433,1780168763,G7,123,6,ok,1
613,20.433,1780168763,G11,138,-1,ok,0
613,20.433,1780168763,G33,173,-34,ok,0
613,20.433,1780168763,G18,205,17,ok,1
613,20.433,1780168763,G38,8,-54,ok,0
613,20.433,1780168763,D4,-24,431,ok,0
613,20.433,1780168763,D2,284,590,ok,1
613,20.433,1780168763,D14,105,665,ok,1
613,20.433,1780168763,D17,348,605,ok,1
613,20.433,1780168763,D20,195,701,ok,1
613,20.433,1780168763,D15,234,690,ok,1
613,20.433,1780168763,D1,160,754,ok,0
613,20.433,1780168763,D11,-4,649,ok,0
613,20.433,1780168763,D24,-99,719,ok,0
613,20.433,1780168763,D22,95,730,interpolated,1
613,20.433,1780168763,G37,472,395,interpolated,0
614,20.467,1780168763,G34,93,-28,ok,0
614,20.467,1780168763,G30,63,14,ok,1
614,20.467,1780168763,G7,123,8,ok,1
614,20.467,1780168763,G11,138,-1,ok,0
614,20.467,1780168763,G33,172,-34,ok,0
614,20.467,1780168763,G18,205,19,ok,1
614,20.467,1780168763,D4,-23,430,ok,0
614,20.467,1780168763,D2,283,591,ok,1
614,20.467,1780168763,D14,105,667,ok,1
614,20.467,1780168763,D17,347,605,ok,1
614,20.467,1780168763,D15,233,690,ok,1
614,20.467,1780168763,D20,194,702,ok,1
614,20.467,1780168763,D1,160,754,ok,0
614,20.467,1780168763,D11,-2,643,ok,0
614,20.467,1780168763,D24,-101,720,ok,0
614,20.467,1780168763,G37,472,395,interpolated,0
614,20.467,1780168763,G38,8,-54,interpolated,0
615,20.500,1780168763,G34,93,-28,ok,0
615,20.500,1780168763,G7,123,9,ok,1
615,20.500,1780168763,G30,61,14,ok,1
615,20.500,1780168763,G11,138,-1,ok,0
615,20.500,1780168763,G18,207,18,ok,1
615,20.500,1780168763,G33,172,-32,ok,0
615,20.500,1780168763,D4,-23,430,ok,0
615,20.500,1780168763,D2,281,588,ok,1
615,20.500,1780168763,D17,346,605,ok,1
615,20.500,1780168763,D15,231,690,ok,1
615,20.500,1780168763,D20,192,704,ok,1
615,20.500,1780168763,D14,106,669,ok,1
615,20.500,1780168763,D1,160,754,ok,0
615,20.500,1780168763,D11,-2,640,ok,0
615,20.500,1780168763,D24,-101,719,ok,0
615,20.500,1780168763,D22,87,723,ok,1
615,20.500,1780168763,G37,472,395,interpolated,0
615,20.500,1780168763,G38,8,-54,interpolated,0
616,20.533,1780168763,G34,93,-28,ok,0
616,20.533,1780168763,G7,123,10,ok,1
616,20.533,1780168763,G30,60,17,ok,1
616,20.533,1780168763,G11,138,-1,ok,0
616,20.533,1780168763,G33,172,-29,ok,0
616,20.533,1780168763,G18,210,18,ok,1
616,20.533,1780168763,D4,-24,431,ok,0
616,20.533,1780168763,D17,345,606,ok,1
616,20.533,1780168763,D2,278,584,ok,1
616,20.533,1780168763,D15,231,691,ok,1
616,20.533,1780168763,D11,-1,636,ok,0
616,20.533,1780168763,D20,193,704,ok,1
616,20.533,1780168763,D14,107,671,ok,1
616,20.533,1780168763,D1,160,754,ok,0
616,20.533,1780168763,D24,-99,715,ok,0
616,20.533,1780168763,G37,472,395,interpolated,0
616,20.533,1780168763,G38,8,-54,interpolated,0
616,20.533,1780168763,D22,87,723,interpolated,1
617,20.567,1780168763,G34,93,-28,ok,0
617,20.567,1780168763,G7,122,11,ok,1
617,20.567,1780168763,G30,60,21,ok,1
617,20.567,1780168763,G11,138,-1,ok,0
617,20.567,1780168763,G33,171,-26,ok,0
617,20.567,1780168763,D4,-24,431,ok,0
617,20.567,1780168763,D2,277,581,ok,1
617,20.567,1780168763,D17,345,606,ok,1
617,20.567,1780168763,D20,192,703,ok,1
617,20.567,1780168763,D15,231,692,ok,1
617,20.567,1780168763,D11,-1,635,ok,0
617,20.567,1780168763,D1,160,754,ok,0
617,20.567,1780168763,D14,108,671,ok,1
617,20.567,1780168763,D22,89,707,ok,1
617,20.567,1780168763,D24,-97,710,ok,0
617,20.567,1780168763,G18,210,18,interpolated,1
617,20.567,1780168763,G37,472,395,interpolated,0
617,20.567,1780168763,G38,8,-54,interpolated,0
618,20.600,1780168763,G34,93,-28,ok,0
618,20.600,1780168763,G7,122,11,ok,1
618,20.600,1780168763,G30,59,23,ok,1
618,20.600,1780168763,G11,138,-1,ok,0
618,20.600,1780168763,G33,171,-24,ok,0
618,20.600,1780168763,G18,217,19,ok,1
618,20.600,1780168763,D4,-24,431,ok,0
618,20.600,1780168763,D2,276,580,ok,1
618,20.600,1780168763,D17,344,609,ok,1
618,20.600,1780168763,D20,192,704,ok,1
618,20.600,1780168763,D15,231,693,ok,1
618,20.600,1780168763,D11,-2,634,ok,0
618,20.600,1780168763,D1,160,754,ok,0
618,20.600,1780168763,D14,109,671,ok,1
618,20.600,1780168763,D22,89,704,ok,1
618,20.600,1780168763,D24,-97,708,ok,0
618,20.600,1780168763,G37,472,395,interpolated,0
618,20.600,1780168763,G38,8,-54,interpolated,0
619,20.633,1780168763,G34,93,-28,ok,0
619,20.633,1780168763,G7,123,11,ok,1
619,20.633,1780168763,G30,59,23,ok,1
619,20.633,1780168763,G11,138,-1,ok,0
619,20.633,1780168763,G33,171,-24,ok,0
619,20.633,1780168763,G18,217,19,ok,1
619,20.633,1780168763,D4,-24,431,ok,0
619,20.633,1780168763,D2,276,580,ok,1
619,20.633,1780168763,D17,344,609,ok,1
619,20.633,1780168763,D20,192,704,ok,1
619,20.633,1780168763,D15,231,693,ok,1
619,20.633,1780168763,D11,-2,634,ok,0
619,20.633,1780168763,D1,160,754,ok,0
619,20.633,1780168763,D14,109,671,ok,1
619,20.633,1780168763,D22,89,704,ok,1
619,20.633,1780168763,D24,-97,708,ok,0
619,20.633,1780168763,G37,472,395,interpolated,0
619,20.633,1780168763,G38,8,-54,interpolated,0
620,20.667,1780168763,G34,93,-28,ok,0
620,20.667,1780168763,G30,59,25,ok,1
620,20.667,1780168763,G7,123,11,ok,1
620,20.667,1780168763,G11,138,-1,ok,0
620,20.667,1780168763,G33,171,-23,ok,0
620,20.667,1780168763,G18,218,19,ok,1
620,20.667,1780168763,D4,-24,431,ok,0
620,20.667,1780168763,D2,275,580,ok,1
620,20.667,1780168763,D20,190,705,ok,1
620,20.667,1780168763,D17,345,612,ok,1
620,20.667,1780168763,D15,231,694,ok,1
620,20.667,1780168763,D11,-2,633,ok,0
620,20.667,1780168763,D1,160,754,ok,0
620,20.667,1780168763,D14,109,671,ok,1
620,20.667,1780168763,D24,-96,707,ok,0
620,20.667,1780168763,D22,87,705,ok,1
620,20.667,1780168763,G37,472,395,interpolated,0
620,20.667,1780168763,G38,8,-54,interpolated,0
621,20.700,1780168763,G34,93,-28,ok,0
621,20.700,1780168763,G30,59,26,ok,1
621,20.700,1780168763,G7,123,13,ok,1
621,20.700,1780168763,G11,138,-1,ok,0
621,20.700,1780168763,G18,218,24,ok,1
621,20.700,1780168763,D4,-24,431,ok,0
621,20.700,1780168763,D2,275,580,ok,1
621,20.700,1780168763,D20,189,705,ok,1
621,20.700,1780168763,D17,345,614,ok,1
621,20.700,1780168763,D14,110,672,ok,1
621,20.700,1780168763,D1,160,754,ok,0
621,20.700,1780168763,D15,231,699,ok,1
621,20.700,1780168763,D11,-4,633,ok,0
621,20.700,1780168763,D22,87,705,ok,1
621,20.700,1780168763,D24,-95,704,ok,0
621,20.700,1780168763,G33,171,-23,interpolated,0
621,20.700,1780168763,G37,472,395,interpolated,0
621,20.700,1780168763,G38,8,-54,interpolated,0
622,20.733,1780168763,G30,59,27,ok,1
622,20.733,1780168763,G34,93,-28,ok,0
622,20.733,1780168763,G7,122,14,ok,1
622,20.733,1780168763,G11,138,-2,ok,0
622,20.733,1780168763,G33,169,-23,ok,0
622,20.733,1780168763,G18,219,28,ok,1
622,20.733,1780168763,D4,-24,431,ok,0
622,20.733,1780168763,D2,275,580,ok,1
622,20.733,1780168763,D20,187,705,ok,1
622,20.733,1780168763,D17,345,616,ok,1
622,20.733,1780168763,D15,230,702,ok,1
622,20.733,1780168763,D1,160,754,ok,0
622,20.733,1780168763,D11,-6,632,ok,0
622,20.733,1780168763,D14,111,671,ok,1
622,20.733,1780168763,D24,-94,702,ok,0
622,20.733,1780168763,D22,87,705,ok,1
622,20.733,1780168763,G38,8,-54,interpolated,0
623,20.767,1780168763,G30,59,27,ok,1
623,20.767,1780168763,G34,93,-28,ok,0
623,20.767,1780168763,G7,122,14,ok,1
623,20.767,1780168763,G11,138,-1,ok,0
623,20.767,1780168763,G18,222,32,ok,1
623,20.767,1780168763,G33,168,-23,ok,0
623,20.767,1780168763,D4,-24,431,ok,0
623,20.767,1780168763,D2,275,580,ok,1
623,20.767,1780168763,D20,187,704,ok,1
623,20.767,1780168763,D17,346,620,ok,1
623,20.767,1780168763,D15,229,703,ok,1
623,20.767,1780168763,D1,160,754,ok,0
623,20.767,1780168763,D14,113,672,ok,1
623,20.767,1780168763,D11,-7,631,ok,0
623,20.767,1780168763,D24,-93,699,ok,0
623,20.767,1780168763,D22,87,704,ok,1
623,20.767,1780168763,G38,8,-54,interpolated,0
624,20.800,1780168763,G30,58,29,ok,1
624,20.800,1780168763,G34,93,-28,ok,0
624,20.800,1780168763,G7,122,14,ok,1
624,20.800,1780168763,G11,138,-1,ok,0
624,20.800,1780168763,G33,169,-22,ok,0
624,20.800,1780168763,G18,223,33,ok,1
624,20.800,1780168763,G38,40,-54,ok,0
624,20.800,1780168763,D4,-24,431,ok,0
624,20.800,1780168763,D2,274,579,ok,1
624,20.800,1780168763,D20,186,704,ok,1
624,20.800,1780168763,D15,228,703,ok,1
624,20.800,1780168763,D17,346,625,ok,1
624,20.800,1780168763,D14,114,672,ok,1
624,20.800,1780168763,D11,-5,624,ok,0
624,20.800,1780168763,D1,160,753,ok,0
624,20.800,1780168763,D24,-94,698,ok,0
624,20.800,1780168763,D22,88,696,ok,1
625,20.833,1780168763,G30,58,29,ok,1
625,20.833,1780168763,G34,93,-28,ok,0
625,20.833,1780168763,G7,122,14,ok,1
625,20.833,1780168763,G11,138,-1,ok,0
625,20.833,1780168763,G33,169,-22,ok,0
625,20.833,1780168763,G18,223,33,ok,1
625,20.833,1780168763,G38,40,-54,ok,0
625,20.833,1780168763,D4,-24,431,ok,0
625,20.833,1780168763,D2,274,580,ok,1
625,20.833,1780168763,D20,186,704,ok,1
625,20.833,1780168763,D15,228,703,ok,1
625,20.833,1780168763,D17,346,625,ok,1
625,20.833,1780168763,D14,114,672,ok,1
625,20.833,1780168763,D11,-5,624,ok,0
625,20.833,1780168763,D1,160,753,ok,0
625,20.833,1780168763,D24,-94,698,ok,0
625,20.833,1780168763,D22,88,696,ok,1
626,20.867,1780168763,G30,57,29,ok,1
626,20.867,1780168763,G34,93,-28,ok,0
626,20.867,1780168763,G7,121,14,ok,1
626,20.867,1780168763,G11,138,-1,ok,0
626,20.867,1780168763,G18,225,37,ok,1
626,20.867,1780168763,G38,41,-53,ok,0
626,20.867,1780168763,D4,-24,431,ok,0
626,20.867,1780168763,D2,274,579,ok,1
626,20.867,1780168763,D20,186,704,ok,1
626,20.867,1780168763,D15,226,703,ok,1
626,20.867,1780168763,D17,345,624,ok,1
626,20.867,1780168763,D1,160,753,ok,0
626,20.867,1780168763,D11,-5,620,ok,0
626,20.867,1780168763,D14,114,672,ok,1
626,20.867,1780168763,D24,-95,699,ok,0
626,20.867,1780168763,D22,89,687,ok,1
626,20.867,1780168763,G33,169,-22,interpolated,0
627,20.900,1780168763,G30,55,29,ok,1
627,20.900,1780168763,G34,93,-27,ok,0
627,20.900,1780168763,G7,121,14,ok,1
627,20.900,1780168763,G11,138,-2,ok,0
627,20.900,1780168763,G38,41,-52,ok,0
627,20.900,1780168763,D4,-24,431,ok,0
627,20.900,1780168763,D2,273,575,ok,1
627,20.900,1780168763,D20,186,705,ok,1
627,20.900,1780168763,D14,115,672,ok,1
627,20.900,1780168763,D17,344,623,ok,1
627,20.900,1780168763,D15,225,704,ok,1
627,20.900,1780168763,D1,160,753,ok,0
627,20.900,1780168763,D11,-4,617,ok,0
627,20.900,1780168763,D24,-95,699,ok,0
627,20.900,1780168763,D22,90,682,ok,1
627,20.900,1780168763,G18,225,37,interpolated,1
627,20.900,1780168763,G33,169,-22,interpolated,0
628,20.933,1780168763,G7,122,14,ok,1
628,20.933,1780168763,G34,93,-27,ok,0
628,20.933,1780168763,G30,54,28,ok,1
628,20.933,1780168763,G11,138,-1,ok,0
628,20.933,1780168763,G38,41,-52,ok,0
628,20.933,1780168763,G33,8,-54,ok,0
628,20.933,1780168763,D4,-24,431,ok,0
628,20.933,1780168763,D2,272,572,ok,1
628,20.933,1780168763,D20,185,707,ok,1
628,20.933,1780168763,D14,116,673,ok,1
628,20.933,1780168763,D15,224,703,ok,1
628,20.933,1780168763,D1,160,753,ok,0
628,20.933,1780168763,D17,343,624,ok,1
628,20.933,1780168763,D11,-5,614,ok,0
628,20.933,1780168763,D24,-95,699,ok,0
628,20.933,1780168763,D22,91,678,ok,1
628,20.933,1780168763,G18,225,37,interpolated,1
629,20.967,1780168763,G7,121,14,ok,1
629,20.967,1780168763,G34,93,-28,ok,0
629,20.967,1780168763,G30,52,29,ok,1
629,20.967,1780168763,G11,138,-2,ok,0
629,20.967,1780168763,G38,41,-52,ok,0
629,20.967,1780168763,G18,168,-22,ok,0
629,20.967,1780168763,G33,8,-54,ok,0
629,20.967,1780168763,D4,-24,431,ok,0
629,20.967,1780168763,D2,272,568,ok,1
629,20.967,1780168763,D15,223,703,ok,1
629,20.967,1780168763,D20,185,708,ok,1
629,20.967,1780168763,D11,-5,611,ok,0
629,20.967,1780168763,D17,341,623,ok,1
629,20.967,1780168763,D1,160,754,ok,0
629,20.967,1780168763,D24,-97,699,ok,0
629,20.967,1780168763,D22,90,679,ok,1
629,20.967,1780168763,D14,116,674,ok,1
630,21.000,1780168764,G34,93,-27,ok,0
630,21.000,1780168764,G30,51,29,ok,1
630,21.000,1780168764,G7,120,14,ok,1
630,21.000,1780168764,G11,138,-2,ok,0
630,21.000,1780168764,G18,167,-22,ok,0
630,21.000,1780168764,G38,41,-52,ok,0
630,21.000,1780168764,G39,473,394,ok,0
630,21.000,1780168764,G40,125,-23,ok,0
630,21.000,1780168764,G33,7,-54,ok,0
630,21.000,1780168764,D4,-23,431,ok,0
630,21.000,1780168764,D2,271,565,ok,1
630,21.000,1780168764,D15,223,704,ok,1
630,21.000,1780168764,D20,183,711,ok,1
630,21.000,1780168764,D11,-6,610,ok,0
630,21.000,1780168764,D1,160,754,ok,0
630,21.000,1780168764,D14,116,674,ok,1
630,21.000,1780168764,D17,339,623,ok,1
630,21.000,1780168764,D22,90,679,ok,1
630,21.000,1780168764,D24,-98,699,ok,0
631,21.033,1780168764,G34,93,-27,ok,0
631,21.033,1780168764,G30,51,29,ok,1
631,21.033,1780168764,G7,120,14,ok,1
631,21.033,1780168764,G11,138,-2,ok,0
631,21.033,1780168764,G18,167,-22,ok,0
631,21.033,1780168764,G38,41,-52,ok,0
631,21.033,1780168764,G39,473,394,ok,0
631,21.033,1780168764,G40,125,-23,ok,0
631,21.033,1780168764,G33,7,-54,ok,0
631,21.033,1780168764,D4,-23,431,ok,0
631,21.033,1780168764,D2,271,566,ok,1
631,21.033,1780168764,D15,223,704,ok,1
631,21.033,1780168764,D20,183,711,ok,1
631,21.033,1780168764,D11,-6,610,ok,0
631,21.033,1780168764,D1,160,754,ok,0
631,21.033,1780168764,D14,116,674,ok,1
631,21.033,1780168764,D17,339,623,ok,1
631,21.033,1780168764,D22,90,679,ok,1
631,21.033,1780168764,D24,-98,699,ok,0
632,21.067,1780168764,G30,49,29,ok,1
632,21.067,1780168764,G34,93,-28,ok,0
632,21.067,1780168764,G7,120,15,ok,1
632,21.067,1780168764,G11,138,-2,ok,0
632,21.067,1780168764,G18,166,-22,ok,0
632,21.067,1780168764,G38,41,-52,ok,0
632,21.067,1780168764,G39,473,394,ok,0
632,21.067,1780168764,G40,125,-24,ok,0
632,21.067,1780168764,G41,472,394,ok,0
632,21.067,1780168764,D4,-23,431,ok,0
632,21.067,1780168764,D2,271,565,ok,1
632,21.067,1780168764,D15,222,704,ok,1
632,21.067,1780168764,D20,182,713,ok,1
632,21.067,1780168764,D11,-6,610,ok,0
632,21.067,1780168764,D17,338,623,ok,1
632,21.067,1780168764,D14,116,676,ok,1
632,21.067,1780168764,D1,160,754,ok,0
632,21.067,1780168764,D22,90,678,ok,1
632,21.067,1780168764,D24,-99,698,ok,0
632,21.067,1780168764,G33,7,-54,interpolated,0
633,21.100,1780168764,G34,93,-28,ok,0
633,21.100,1780168764,G7,120,15,ok,1
633,21.100,1780168764,G11,138,-1,ok,0
633,21.100,1780168764,G30,48,29,ok,1
633,21.100,1780168764,G42,238,44,ok,1
633,21.100,1780168764,G18,166,-22,ok,0
633,21.100,1780168764,G38,41,-52,ok,0
633,21.100,1780168764,G39,473,394,ok,0
633,21.100,1780168764,D4,-24,431,ok,0
633,21.100,1780168764,D2,271,565,ok,1
633,21.100,1780168764,D15,221,704,ok,1
633,21.100,1780168764,D17,337,622,ok,1
633,21.100,1780168764,D20,182,713,ok,1
633,21.100,1780168764,D1,160,754,ok,0
633,21.100,1780168764,D11,-6,609,ok,0
633,21.100,1780168764,D14,115,680,ok,1
633,21.100,1780168764,D24,-99,696,ok,0
633,21.100,1780168764,D22,90,679,ok,1
633,21.100,1780168764,G33,7,-54,interpolated,0
633,21.100,1780168764,G40,125,-24,interpolated,0
633,21.100,1780168764,G41,472,394,interpolated,0
634,21.133,1780168764,G34,93,-28,ok,0
634,21.133,1780168764,G30,48,32,ok,1
634,21.133,1780168764,G7,120,16,ok,1
634,21.133,1780168764,G11,138,-1,ok,0
634,21.133,1780168764,G18,165,-22,ok,0
634,21.133,1780168764,G42,239,49,ok,1
634,21.133,1780168764,G38,41,-52,ok,0
634,21.133,1780168764,G39,473,395,ok,0
634,21.133,1780168764,D4,-24,431,ok,0
634,21.133,1780168764,D2,271,565,ok,1
634,21.133,1780168764,D15,221,705,ok,1
634,21.133,1780168764,D17,336,623,ok,1
634,21.133,1780168764,D20,182,712,ok,1
634,21.133,1780168764,D1,160,754,ok,0
634,21.133,1780168764,D11,-5,606,ok,0
634,21.133,1780168764,D22,91,671,ok,1
634,21.133,1780168764,D14,115,688,ok,1
634,21.133,1780168764,D24,-99,693,ok,0
634,21.133,1780168764,G33,7,-54,interpolated,0
634,21.133,1780168764,G40,125,-24,interpolated,0
634,21.133,1780168764,G41,472,394,interpolated,0
635,21.167,1780168764,G30,48,35,ok,1
635,21.167,1780168764,G34,93,-28,ok,0
635,21.167,1780168764,G7,120,18,ok,1
635,21.167,1780168764,G11,138,-2,ok,0
635,21.167,1780168764,G42,241,53,ok,1
635,21.167,1780168764,G40,125,-18,ok,0
635,21.167,1780168764,G18,167,-21,ok,0
635,21.167,1780168764,G38,41,-52,ok,0
635,21.167,1780168764,G39,473,394,ok,0
635,21.167,1780168764,D4,-24,433,ok,0
635,21.167,1780168764,D2,272,565,ok,1
635,21.167,1780168764,D15,221,707,ok,1
635,21.167,1780168764,D11,-7,609,ok,0
635,21.167,1780168764,D17,335,624,ok,1
635,21.167,1780168764,D20,181,712,ok,1
635,21.167,1780168764,D14,115,687,ok,1
635,21.167,1780168764,D1,160,752,ok,0
635,21.167,1780168764,D22,93,662,ok,1
635,21.167,1780168764,D24,-98,690,ok,0
635,21.167,1780168764,G33,7,-54,interpolated,0
635,21.167,1780168764,G41,472,394,interpolated,0
636,21.200,1780168764,G30,48,38,ok,1
636,21.200,1780168764,G34,92,-31,ok,0
636,21.200,1780168764,G11,139,0,ok,1
636,21.200,1780168764,G7,120,24,ok,1
636,21.200,1780168764,G42,243,55,ok,1
636,21.200,1780168764,G40,124,-18,ok,0
636,21.200,1780168764,G18,166,-21,ok,0
636,21.200,1780168764,G38,40,-52,ok,0
636,21.200,1780168764,G39,473,394,ok,0
636,21.200,1780168764,D4,-24,434,ok,0
636,21.200,1780168764,D2,272,565,ok,1
636,21.200,1780168764,D15,220,709,ok,1
636,21.200,1780168764,D22,93,657,ok,1
636,21.200,1780168764,D14,115,687,ok,1
636,21.200,1780168764,D11,-5,601,ok,0
636,21.200,1780168764,D20,180,711,ok,1
636,21.200,1780168764,D17,335,626,ok,1
636,21.200,1780168764,D1,160,752,ok,0
636,21.200,1780168764,D24,-97,688,ok,0
636,21.200,1780168764,G33,7,-54,interpolated,0
636,21.200,1780168764,G41,472,394,interpolated,0
637,21.233,1780168764,G30,48,38,ok,1
637,21.233,1780168764,G34,93,-28,ok,0
637,21.233,1780168764,G11,139,0,ok,1
637,21.233,1780168764,G7,120,24,ok,1
637,21.233,1780168764,G42,243,55,ok,1
637,21.233,1780168764,G40,124,-18,ok,0
637,21.233,1780168764,G18,166,-21,ok,0
637,21.233,1780168764,G38,40,-52,ok,0
637,21.233,1780168764,G39,473,394,ok,0
637,21.233,1780168764,D4,-24,434,ok,0
637,21.233,1780168764,D2,272,565,ok,1
637,21.233,1780168764,D15,220,709,ok,1
637,21.233,1780168764,D22,93,657,ok,1
637,21.233,1780168764,D14,115,687,ok,1
637,21.233,1780168764,D11,-4,601,ok,0
637,21.233,1780168764,D17,336,626,ok,1
637,21.233,1780168764,D20,180,711,ok,1
637,21.233,1780168764,D1,160,752,ok,0
637,21.233,1780168764,D24,-97,688,ok,0
637,21.233,1780168764,G33,7,-54,interpolated,0
637,21.233,1780168764,G41,472,394,interpolated,0
638,21.267,1780168764,G30,47,40,ok,1
638,21.267,1780168764,G34,93,-28,ok,0
638,21.267,1780168764,G11,138,-1,ok,0
638,21.267,1780168764,G7,121,28,ok,1
638,21.267,1780168764,G18,166,-21,ok,0
638,21.267,1780168764,G40,124,-19,ok,0
638,21.267,1780168764,G38,40,-52,ok,0
638,21.267,1780168764,G42,244,59,ok,1
638,21.267,1780168764,G39,473,394,ok,0
638,21.267,1780168764,D4,-24,436,ok,0
638,21.267,1780168764,D2,272,565,ok,1
638,21.267,1780168764,D15,220,711,ok,1
638,21.267,1780168764,D11,-4,598,ok,0
638,21.267,1780168764,D22,94,655,ok,1
638,21.267,1780168764,D14,116,688,ok,1
638,21.267,1780168764,D17,335,629,ok,1
638,21.267,1780168764,D20,179,711,ok,1
638,21.267,1780168764,D1,161,749,ok,0
638,21.267,1780168764,D24,-97,686,ok,0
638,21.267,1780168764,G33,7,-54,interpolated,0
638,21.267,1780168764,G41,472,394,interpolated,0
639,21.300,1780168764,G30,47,42,ok,1
639,21.300,1780168764,G34,92,-31,ok,0
639,21.300,1780168764,G11,138,-1,ok,0
639,21.300,1780168764,G7,121,31,ok,1
639,21.300,1780168764,G42,246,58,ok,1
639,21.300,1780168764,G18,165,-22,ok,0
639,21.300,1780168764,G40,124,-17,ok,0
639,21.300,1780168764,G38,40,-52,ok,0
639,21.300,1780168764,G39,473,394,ok,0
639,21.300,1780168764,D4,-24,437,ok,0
639,21.300,1780168764,D2,272,565,ok,1
639,21.300,1780168764,D14,118,689,ok,1
639,21.300,1780168764,D22,94,655,ok,1
639,21.300,1780168764,D20,179,712,ok,1
639,21.300,1780168764,D11,-2,592,ok,0
639,21.300,1780168764,D15,220,713,ok,1
639,21.300,1780168764,D17,336,631,ok,1
639,21.300,1780168764,D1,160,749,ok,0
639,21.300,1780168764,D24,-95,683,ok,0
639,21.300,1780168764,G33,7,-54,interpolated,0
639,21.300,1780168764,G41,472,394,interpolated,0
640,21.333,1780168764,G30,48,45,ok,1
640,21.333,1780168764,G34,93,-28,ok,0
640,21.333,1780168764,G11,138,-1,ok,0
640,21.333,1780168764,G7,120,32,ok,1
640,21.333,1780168764,G40,124,-18,ok,0
640,21.333,1780168764,G38,40,-52,ok,0
640,21.333,1780168764,G42,249,59,ok,1
640,21.333,1780168764,G18,164,-22,ok,0
640,21.333,1780168764,G39,473,394,ok,0
640,21.333,1780168764,D4,-24,439,ok,0
640,21.333,1780168764,D2,272,565,ok,1
640,21.333,1780168764,D14,120,689,ok,1
640,21.333,1780168764,D22,94,655,ok,1
640,21.333,1780168764,D11,-2,591,ok,0
640,21.333,1780168764,D17,337,635,ok,1
640,21.333,1780168764,D20,178,712,ok,1
640,21.333,1780168764,D15,220,716,ok,1
640,21.333,1780168764,D1,161,745,ok,0
640,21.333,1780168764,D24,-95,682,ok,0
640,21.333,1780168764,G33,7,-54,interpolated,0
640,21.333,1780168764,G41,472,394,interpolated,0
641,21.367,1780168764,G30,48,46,ok,1
641,21.367,1780168764,G34,93,-28,ok,0
641,21.367,1780168764,G11,138,-1,ok,0
641,21.367,1780168764,G40,123,-20,ok,0
641,21.367,1780168764,G7,120,33,ok,1
641,21.367,1780168764,G18,163,-21,ok,0
641,21.367,1780168764,G38,40,-52,ok,0
641,21.367,1780168764,G42,252,59,ok,1
641,21.367,1780168764,G33,124,33,ok,1
641,21.367,1780168764,G39,473,394,ok,0
641,21.367,1780168764,D4,-24,440,ok,0
641,21.367,1780168764,D2,272,565,ok,1
641,21.367,1780168764,D11,-3,588,ok,0
641,21.367,1780168764,D14,121,690,ok,1
641,21.367,1780168764,D22,94,656,ok,1
641,21.367,1780168764,D20,178,712,ok,1
641,21.367,1780168764,D17,336,637,ok,1
641,21.367,1780168764,D1,161,746,ok,0
641,21.367,1780168764,D15,219,718,ok,1
641,21.367,1780168764,D24,-95,682,ok,0
641,21.367,1780168764,G41,472,394,interpolated,0
642,21.400,1780168764,G30,47,48,ok,1
642,21.400,1780168764,G34,93,-28,ok,0
642,21.400,1780168764,G11,139,0,ok,1
642,21.400,1780168764,G40,123,-21,ok,0
642,21.400,1780168764,G18,163,-21,ok,0
642,21.400,1780168764,G33,123,35,ok,1
642,21.400,1780168764,G42,253,59,ok,1
642,21.400,1780168764,G38,40,-52,ok,0
642,21.400,1780168764,G39,473,394,ok,0
642,21.400,1780168764,D4,-24,440,ok,0
642,21.400,1780168764,D2,272,565,ok,1
642,21.400,1780168764,D11,-3,588,ok,0
642,21.400,1780168764,D14,122,690,ok,1
642,21.400,1780168764,D22,95,649,ok,1
642,21.400,1780168764,D20,178,712,ok,1
642,21.400,1780168764,D17,336,640,ok,1
642,21.400,1780168764,D1,161,745,ok,0
642,21.400,1780168764,D15,219,719,ok,1
642,21.400,1780168764,D24,-95,681,ok,0
642,21.400,1780168764,G7,120,33,interpolated,1
642,21.400,1780168764,G41,472,394,interpolated,0
643,21.433,1780168764,G30,47,48,ok,1
643,21.433,1780168764,G34,93,-28,ok,0
643,21.433,1780168764,G11,139,0,ok,1
643,21.433,1780168764,G40,123,-21,ok,0
643,21.433,1780168764,G18,163,-21,ok,0
643,21.433,1780168764,G42,254,59,ok,1
643,21.433,1780168764,G33,123,34,ok,1
643,21.433,1780168764,G38,40,-52,ok,0
643,21.433,1780168764,G39,473,394,ok,0
643,21.433,1780168764,D4,-23,440,ok,0
643,21.433,1780168764,D2,272,565,ok,1
643,21.433,1780168764,D11,-3,588,ok,0
643,21.433,1780168764,D14,122,690,ok,1
643,21.433,1780168764,D22,95,649,ok,1
643,21.433,1780168764,D20,178,712,ok,1
643,21.433,1780168764,D1,161,745,ok,0
643,21.433,1780168764,D17,336,640,ok,1
643,21.433,1780168764,D15,219,719,ok,1
643,21.433,1780168764,D24,-96,683,ok,0
643,21.433,1780168764,G7,120,33,interpolated,1
644,21.467,1780168764,G30,46,48,ok,1
644,21.467,1780168764,G34,93,-28,ok,0
644,21.467,1780168764,G11,139,0,ok,1
644,21.467,1780168764,G42,255,65,ok,1
644,21.467,1780168764,G18,163,-20,ok,0
644,21.467,1780168764,G33,123,35,ok,1
644,21.467,1780168764,G40,123,-20,ok,0
644,21.467,1780168764,G38,39,-52,ok,0
644,21.467,1780168764,G39,473,394,ok,0
644,21.467,1780168764,D4,-23,440,ok,0
644,21.467,1780168764,D2,272,565,ok,1
644,21.467,1780168764,D11,-3,587,ok,0
644,21.467,1780168764,D22,96,642,ok,1
644,21.467,1780168764,D14,122,690,ok,1
644,21.467,1780168764,D15,218,719,ok,1
644,21.467,1780168764,D17,335,638,ok,1
644,21.467,1780168764,D20,178,713,ok,1
644,21.467,1780168764,D1,161,743,ok,0
644,21.467,1780168764,D24,-96,680,ok,0
644,21.467,1780168764,G7,120,33,interpolated,1
645,21.500,1780168764,G30,45,48,ok,1
645,21.500,1780168764,G42,255,69,ok,1
645,21.500,1780168764,G34,92,-31,ok,0
645,21.500,1780168764,G11,138,-1,ok,0
645,21.500,1780168764,G40,124,-17,ok,0
645,21.500,1780168764,G18,163,-20,ok,0
645,21.500,1780168764,G38,39,-52,ok,0
645,21.500,1780168764,G33,122,36,ok,1
645,21.500,1780168764,G39,473,394,ok,0
645,21.500,1780168764,D4,-22,440,ok,0
645,21.500,1780168764,D2,272,565,ok,1
645,21.500,1780168764,D22,98,635,ok,1
645,21.500,1780168764,D11,-5,587,ok,0
645,21.500,1780168764,D20,178,713,ok,1
645,21.500,1780168764,D15,217,719,ok,1
645,21.500,1780168764,D14,122,691,ok,1
645,21.500,1780168764,D17,334,638,ok,1
645,21.500,1780168764,D1,161,747,ok,0
645,21.500,1780168764,D24,-97,680,ok,0
645,21.500,1780168764,G7,120,33,interpolated,1
646,21.533,1780168764,G30,43,48,ok,1
646,21.533,1780168764,G11,138,-1,ok,0
646,21.533,1780168764,G34,93,-28,ok,0
646,21.533,1780168764,G42,257,65,ok,1
646,21.533,1780168764,G40,123,-19,ok,0
646,21.533,1780168764,G33,122,36,ok,1
646,21.533,1780168764,G38,38,-53,ok,0
646,21.533,1780168764,G18,163,-20,ok,0
646,21.533,1780168764,G39,473,394,ok,0
646,21.533,1780168764,D4,-21,440,ok,0
646,21.533,1780168764,D2,272,565,ok,1
646,21.533,1780168764,D22,99,630,ok,1
646,21.533,1780168764,D11,-7,587,ok,0
646,21.533,1780168764,D20,178,715,ok,1
646,21.533,1780168764,D17,333,638,ok,1
646,21.533,1780168764,D14,122,692,ok,1
646,21.533,1780168764,D15,216,719,ok,1
646,21.533,1780168764,D1,160,747,ok,0
646,21.533,1780168764,D24,-98,680,ok,0
646,21.533,1780168764,G7,120,33,interpolated,1
647,21.567,1780168764,G30,42,48,ok,1
647,21.567,1780168764,G42,258,78,ok,1
647,21.567,1780168764,G11,137,-1,ok,0
647,21.567,1780168764,G34,93,-28,ok,0
647,21.567,1780168764,G40,123,-19,ok,0
647,21.567,1780168764,G33,122,37,ok,1
647,21.567,1780168764,G18,163,-20,ok,0
647,21.567,1780168764,G38,38,-53,ok,0
647,21.567,1780168764,G39,473,394,ok,0
647,21.567,1780168764,D4,-21,440,ok,0
647,21.567,1780168764,D2,272,565,ok,1
647,21.567,1780168764,D22,99,628,ok,1
647,21.567,1780168764,D11,-8,587,ok,0
647,21.567,1780168764,D20,177,716,ok,1
647,21.567,1780168764,D17,331,637,ok,1
647,21.567,1780168764,D14,123,692,ok,1
647,21.567,1780168764,D1,160,747,ok,0
647,21.567,1780168764,D15,215,719,ok,1
647,21.567,1780168764,D24,-98,681,ok,0
647,21.567,1780168764,G7,120,33,interpolated,1
648,21.600,1780168764,G30,40,48,ok,1
648,21.600,1780168764,G11,138,-1,ok,0
648,21.600,1780168764,G34,93,-28,ok,0
648,21.600,1780168764,G40,123,-20,ok,0
648,21.600,1780168764,G42,259,81,ok,1
648,21.600,1780168764,G18,163,-19,ok,0
648,21.600,1780168764,G38,38,-54,ok,0
648,21.600,1780168764,G33,121,38,ok,1
648,21.600,1780168764,G39,473,394,ok,0
648,21.600,1780168764,D4,-21,440,ok,0
648,21.600,1780168764,D2,272,565,ok,1
648,21.600,1780168764,D22,100,628,ok,1
648,21.600,1780168764,D11,-8,581,ok,0
648,21.600,1780168764,D20,177,718,ok,1
648,21.600,1780168764,D17,331,637,ok,1
648,21.600,1780168764,D15,214,720,ok,1
648,21.600,1780168764,D14,123,693,ok,1
648,21.600,1780168764,D1,160,744,ok,0
648,21.600,1780168764,D24,-98,680,ok,0
648,21.600,1780168764,G7,120,33,interpolated,1
649,21.633,1780168764,G30,40,48,ok,1
649,21.633,1780168764,G11,137,-1,ok,0
649,21.633,1780168764,G34,93,-28,ok,0
649,21.633,1780168764,G40,123,-20,ok,0
649,21.633,1780168764,G42,259,81,ok,1
649,21.633,1780168764,G18,163,-19,ok,0
649,21.633,1780168764,G38,38,-54,ok,0
649,21.633,1780168764,G33,121,38,ok,1
649,21.633,1780168764,G39,474,394,ok,0
649,21.633,1780168764,D4,-21,440,ok,0
649,21.633,1780168764,D2,272,565,ok,1
649,21.633,1780168764,D22,100,628,ok,1
649,21.633,1780168764,D11,-8,581,ok,0
649,21.633,1780168764,D20,177,718,ok,1
649,21.633,1780168764,D17,331,638,ok,1
649,21.633,1780168764,D15,214,720,ok,1
649,21.633,1780168764,D14,123,693,ok,1
649,21.633,1780168764,D1,160,744,ok,0
649,21.633,1780168764,D24,-98,680,ok,0
649,21.633,1780168764,G7,120,33,interpolated,1
650,21.667,1780168764,G11,138,-1,ok,0
650,21.667,1780168764,G30,38,48,ok,1
650,21.667,1780168764,G34,93,-28,ok,0
650,21.667,1780168764,G42,263,81,ok,1
650,21.667,1780168764,G40,124,-20,ok,0
650,21.667,1780168764,G18,162,-20,ok,0
650,21.667,1780168764,G33,121,37,ok,1
650,21.667,1780168764,G38,37,-54,ok,0
650,21.667,1780168764,G39,473,394,ok,0
650,21.667,1780168764,D4,-20,440,ok,0
650,21.667,1780168764,D2,272,565,ok,1
650,21.667,1780168764,D17,330,638,ok,1
650,21.667,1780168764,D22,101,628,ok,1
650,21.667,1780168764,D20,177,721,ok,1
650,21.667,1780168764,D11,-7,578,ok,0
650,21.667,1780168764,D14,123,695,ok,1
650,21.667,1780168764,D15,213,721,ok,1
650,21.667,1780168764,D1,160,744,ok,0
650,21.667,1780168764,D24,-96,676,ok,0
650,21.667,1780168764,G7,120,33,interpolated,1
651,21.700,1780168764,G30,37,50,ok,1
651,21.700,1780168764,G42,264,82,ok,1
651,21.700,1780168764,G11,138,-1,ok,0
651,21.700,1780168764,G34,93,-28,ok,0
651,21.700,1780168764,G18,161,-20,ok,0
651,21.700,1780168764,G33,121,37,ok,1
651,21.700,1780168764,G40,123,-20,ok,0
651,21.700,1780168764,G38,36,-54,ok,0
651,21.700,1780168764,G39,473,394,ok,0
651,21.700,1780168764,D4,-20,441,ok,0
651,21.700,1780168764,D2,272,565,ok,1
651,21.700,1780168764,D17,329,638,ok,1
651,21.700,1780168764,D22,102,627,ok,1
651,21.700,1780168764,D11,-6,575,ok,0
651,21.700,1780168764,D15,213,721,ok,1
651,21.700,1780168764,D20,176,723,ok,1
651,21.700,1780168764,D14,123,700,ok,1
651,21.700,1780168764,D1,160,745,ok,0
651,21.700,1780168764,D24,-94,670,ok,0
651,21.700,1780168764,G7,120,33,interpolated,1
652,21.733,1780168764,G42,265,83,ok,1
652,21.733,1780168764,G30,38,55,ok,1
652,21.733,1780168764,G11,138,-1,ok,0
652,21.733,1780168764,G34,93,-28,ok,0
652,21.733,1780168764,G18,161,-20,ok,0
652,21.733,1780168764,G40,123,-20,ok,0
652,21.733,1780168764,G33,121,40,ok,1
652,21.733,1780168764,G38,36,-54,ok,0
652,21.733,1780168764,G39,474,394,ok,0
652,21.733,1780168764,D4,-19,441,ok,0
652,21.733,1780168764,D17,329,640,ok,1
652,21.733,1780168764,D2,272,565,ok,1
652,21.733,1780168764,D22,103,627,ok,1
652,21.733,1780168764,D15,213,723,ok,1
652,21.733,1780168764,D11,-5,571,ok,0
652,21.733,1780168764,D20,176,725,ok,1
652,21.733,1780168764,D14,123,701,ok,1
652,21.733,1780168764,D1,159,745,ok,0
652,21.733,1780168764,D24,-93,667,ok,0
653,21.767,1780168764,G42,267,82,ok,1
653,21.767,1780168764,G30,38,58,ok,1
653,21.767,1780168764,G11,138,-1,ok,0
653,21.767,1780168764,G34,93,-28,ok,0
653,21.767,1780168764,G18,161,-20,ok,0
653,21.767,1780168764,G33,122,48,ok,1
653,21.767,1780168764,G40,123,-20,ok,0
653,21.767,1780168764,G38,36,-54,ok,0
653,21.767,1780168764,G39,474,394,ok,0
653,21.767,1780168764,D4,-19,441,ok,0
653,21.767,1780168764,D2,272,565,ok,1
653,21.767,1780168764,D17,328,641,ok,1
653,21.767,1780168764,D22,105,627,ok,1
653,21.767,1780168764,D20,176,726,ok,1
653,21.767,1780168764,D14,124,702,ok,1
653,21.767,1780168764,D15,213,725,ok,1
653,21.767,1780168764,D11,-6,568,ok,0
653,21.767,1780168764,D1,159,745,ok,0
653,21.767,1780168764,D24,-92,667,ok,0
654,21.800,1780168764,G30,38,61,ok,1
654,21.800,1780168764,G11,138,-1,ok,0
654,21.800,1780168764,G34,93,-28,ok,0
654,21.800,1780168764,G42,269,81,ok,1
654,21.800,1780168764,G33,122,53,ok,1
654,21.800,1780168764,G18,161,-19,ok,0
654,21.800,1780168764,G40,123,-19,ok,0
654,21.800,1780168764,G38,36,-54,ok,0
654,21.800,1780168764,D4,-18,441,ok,0
654,21.800,1780168764,D2,272,565,ok,1
654,21.800,1780168764,D17,328,643,ok,1
654,21.800,1780168764,D22,107,619,ok,1
654,21.800,1780168764,D14,125,702,ok,1
654,21.800,1780168764,D11,-7,568,ok,0
654,21.800,1780168764,D20,176,727,ok,1
654,21.800,1780168764,D15,212,728,ok,1
654,21.800,1780168764,D1,159,745,ok,0
654,21.800,1780168764,D24,-91,664,ok,0
654,21.800,1780168764,G39,474,394,interpolated,0
655,21.833,1780168764,G30,38,61,ok,1
655,21.833,1780168764,G11,138,-1,ok,0
655,21.833,1780168764,G34,93,-28,ok,0
655,21.833,1780168764,G33,122,53,ok,1
655,21.833,1780168764,G42,269,81,ok,1
655,21.833,1780168764,G18,161,-19,ok,0
655,21.833,1780168764,G40,123,-19,ok,0
655,21.833,1780168764,G38,36,-54,ok,0
655,21.833,1780168764,D4,-18,441,ok,0
655,21.833,1780168764,D2,272,565,ok,1
655,21.833,1780168764,D17,328,643,ok,1
655,21.833,1780168764,D22,107,619,ok,1
655,21.833,1780168764,D14,125,702,ok,1
655,21.833,1780168764,D11,-6,568,ok,0
655,21.833,1780168764,D20,176,727,ok,1
655,21.833,1780168764,D15,212,728,ok,1
655,21.833,1780168764,D1,159,745,ok,0
655,21.833,1780168764,D24,-91,664,ok,0
655,21.833,1780168764,G39,474,394,interpolated,0
656,21.867,1780168764,G30,38,62,ok,1
656,21.867,1780168764,G42,269,86,ok,1
656,21.867,1780168764,G33,122,57,ok,1
656,21.867,1780168764,G11,138,-1,ok,0
656,21.867,1780168764,G34,93,-28,ok,0
656,21.867,1780168764,G40,123,-19,ok,0
656,21.867,1780168764,G18,159,-19,ok,0
656,21.867,1780168764,G38,35,-54,ok,0
656,21.867,1780168764,D4,-18,442,ok,0
656,21.867,1780168764,D22,108,614,ok,1
656,21.867,1780168764,D2,272,565,ok,1
656,21.867,1780168764,D17,328,648,ok,1
656,21.867,1780168764,D14,125,702,ok,1
656,21.867,1780168764,D11,-8,568,ok,0
656,21.867,1780168764,D1,158,744,ok,0
656,21.867,1780168764,D20,176,727,ok,1
656,21.867,1780168764,D15,212,731,ok,1
656,21.867,1780168764,D24,-90,661,ok,0
656,21.867,1780168764,G39,474,394,interpolated,0
657,21.900,1780168764,G42,270,91,ok,1
657,21.900,1780168764,G30,39,67,ok,1
657,21.900,1780168764,G11,139,-1,ok,0
657,21.900,1780168764,G34,93,-27,ok,0
657,21.900,1780168764,G40,123,-21,ok,0
657,21.900,1780168764,G18,159,-20,ok,0
657,21.900,1780168764,G33,122,59,ok,1
657,21.900,1780168764,G38,35,-54,ok,0
657,21.900,1780168764,D4,-19,443,ok,0
657,21.900,1780168764,D22,108,610,ok,1
657,21.900,1780168764,D2,272,565,ok,1
657,21.900,1780168764,D17,328,653,ok,1
657,21.900,1780168764,D11,-8,568,ok,0
657,21.900,1780168764,D14,126,702,ok,1
657,21.900,1780168764,D24,-91,660,ok,0
657,21.900,1780168764,D20,176,726,ok,1
657,21.900,1780168764,D15,211,733,ok,1
657,21.900,1780168764,D1,158,742,ok,0
657,21.900,1780168764,G39,474,394,interpolated,0
658,21.933,1780168764,G30,38,68,ok,1
658,21.933,1780168764,G42,271,95,ok,1
658,21.933,1780168764,G34,93,-28,ok,0
658,21.933,1780168764,G11,139,-1,ok,0
658,21.933,1780168764,G40,123,-21,ok,0
658,21.933,1780168764,G33,122,59,ok,1
658,21.933,1780168764,G18,159,-19,ok,0
658,21.933,1780168764,G38,35,-53,ok,0
658,21.933,1780168764,D4,-19,444,ok,0
658,21.933,1780168764,D22,108,610,ok,1
658,21.933,1780168764,D14,125,702,ok,1
658,21.933,1780168764,D2,272,565,ok,1
658,21.933,1780168764,D11,-9,568,ok,0
658,21.933,1780168764,D24,-90,659,ok,0
658,21.933,1780168764,D20,175,726,ok,1
658,21.933,1780168764,D17,328,657,ok,1
658,21.933,1780168764,D15,210,734,ok,1
658,21.933,1780168764,D1,156,742,ok,0
658,21.933,1780168764,G39,474,394,interpolated,0
659,21.967,1780168764,G42,270,99,ok,1
659,21.967,1780168764,G30,37,68,ok,1
659,21.967,1780168764,G34,93,-27,ok,0
659,21.967,1780168764,G40,123,-20,ok,0
659,21.967,1780168764,G11,139,-1,ok,0
659,21.967,1780168764,G18,159,-19,ok,0
659,21.967,1780168764,G33,122,60,ok,1
659,21.967,1780168764,D4,-19,445,ok,0
659,21.967,1780168764,D22,109,610,ok,1
659,21.967,1780168764,D2,272,565,ok,1
659,21.967,1780168764,D11,-9,568,ok,0
659,21.967,1780168764,D14,125,702,ok,1
659,21.967,1780168764,D20,175,726,ok,1
659,21.967,1780168764,D17,328,658,ok,1
659,21.967,1780168764,D24,-91,659,ok,0
659,21.967,1780168764,D15,209,734,ok,1
659,21.967,1780168764,D1,156,741,ok,0
659,21.967,1780168764,G38,35,-53,interpolated,0
659,21.967,1780168764,G39,474,394,interpolated,0
660,22.000,1780168765,G42,270,104,ok,1
660,22.000,1780168765,G11,139,-1,ok,0
660,22.000,1780168765,G34,93,-27,ok,0
660,22.000,1780168765,G18,159,-20,ok,0
660,22.000,1780168765,G40,123,-19,ok,0
660,22.000,1780168765,G33,121,59,ok,1
660,22.000,1780168765,G30,35,69,ok,1
660,22.000,1780168765,D4,-20,447,ok,0
660,22.000,1780168765,D22,110,610,ok,1
660,22.000,1780168765,D11,-7,563,ok,0
660,22.000,1780168765,D2,272,565,ok,1
660,22.000,1780168765,D14,125,703,ok,1
660,22.000,1780168765,D20,175,727,ok,1
660,22.000,1780168765,D17,326,656,ok,1
660,22.000,1780168765,D24,-93,660,ok,0
660,22.000,1780168765,D15,208,734,ok,1
660,22.000,1780168765,D1,156,741,ok,0
660,22.000,1780168765,G38,35,-53,interpolated,0
660,22.000,1780168765,G39,474,394,interpolated,0
661,22.033,1780168765,G42,270,104,ok,1
661,22.033,1780168765,G11,139,-1,ok,0
661,22.033,1780168765,G34,93,-27,ok,0
661,22.033,1780168765,G18,159,-20,ok,0
661,22.033,1780168765,G33,121,59,ok,1
661,22.033,1780168765,G40,123,-19,ok,0
661,22.033,1780168765,G30,35,69,ok,1
661,22.033,1780168765,D4,-20,447,ok,0
661,22.033,1780168765,D22,110,610,ok,1
661,22.033,1780168765,D11,-7,563,ok,0
661,22.033,1780168765,D2,272,565,ok,1
661,22.033,1780168765,D14,125,703,ok,1
661,22.033,1780168765,D20,175,727,ok,1
661,22.033,1780168765,D17,326,656,ok,1
661,22.033,1780168765,D24,-93,660,ok,0
661,22.033,1780168765,D15,208,734,ok,1
661,22.033,1780168765,D1,156,741,ok,0
661,22.033,1780168765,G38,35,-53,interpolated,0
661,22.033,1780168765,G39,474,394,interpolated,0
662,22.067,1780168765,G42,273,103,ok,1
662,22.067,1780168765,G30,34,69,ok,1
662,22.067,1780168765,G34,93,-28,ok,0
662,22.067,1780168765,G11,139,-1,ok,0
662,22.067,1780168765,G18,159,-19,ok,0
662,22.067,1780168765,G33,122,61,ok,1
662,22.067,1780168765,G40,123,-18,ok,0
662,22.067,1780168765,G38,8,-54,ok,0
662,22.067,1780168765,D4,-20,449,ok,0
662,22.067,1780168765,D22,111,610,ok,1
662,22.067,1780168765,D11,-6,558,ok,0
662,22.067,1780168765,D2,272,565,ok,1
662,22.067,1780168765,D14,125,704,ok,1
662,22.067,1780168765,D17,325,656,ok,1
662,22.067,1780168765,D20,174,727,ok,1
662,22.067,1780168765,D15,207,734,ok,1
662,22.067,1780168765,D24,-94,660,ok,0
662,22.067,1780168765,D1,156,741,ok,0
662,22.067,1780168765,G39,474,394,interpolated,0
663,22.100,1780168765,G42,273,105,ok,1
663,22.100,1780168765,G33,122,64,ok,1
663,22.100,1780168765,G30,32,68,ok,1
663,22.100,1780168765,G34,93,-27,ok,0
663,22.100,1780168765,G11,139,-1,ok,0
663,22.100,1780168765,G18,159,-20,ok,0
663,22.100,1780168765,G40,123,-18,ok,0
663,22.100,1780168765,G38,8,-54,ok,0
663,22.100,1780168765,D4,-21,450,ok,0
663,22.100,1780168765,D11,-5,554,ok,0
663,22.100,1780168765,D22,113,604,ok,1
663,22.100,1780168765,D17,323,655,ok,1
663,22.100,1780168765,D2,272,565,ok,1
663,22.100,1780168765,D14,125,706,ok,1
663,22.100,1780168765,D20,174,729,ok,1
663,22.100,1780168765,D1,156,740,ok,0
663,22.100,1780168765,D15,206,734,ok,1
663,22.100,1780168765,D24,-95,661,ok,0
663,22.100,1780168765,G39,474,394,interpolated,0
664,22.133,1780168765,G42,274,105,ok,1
664,22.133,1780168765,G33,123,70,ok,1
664,22.133,1780168765,G30,30,68,ok,1
664,22.133,1780168765,G11,139,-1,ok,0
664,22.133,1780168765,G34,93,-27,ok,0
664,22.133,1780168765,G18,159,-20,ok,0
664,22.133,1780168765,G40,123,-18,ok,0
664,22.133,1780168765,G38,7,-54,ok,0
664,22.133,1780168765,D4,-21,451,ok,0
664,22.133,1780168765,D11,-4,552,ok,0
664,22.133,1780168765,D22,115,600,ok,1
664,22.133,1780168765,D2,272,565,ok,1
664,22.133,1780168765,D14,125,707,ok,1
664,22.133,1780168765,D17,321,655,ok,1
664,22.133,1780168765,D20,173,731,ok,1
664,22.133,1780168765,D15,205,734,ok,1
664,22.133,1780168765,D1,156,740,ok,0
664,22.133,1780168765,D24,-97,661,ok,0
665,22.167,1780168765,G42,276,104,ok,1
665,22.167,1780168765,G33,123,75,ok,1
665,22.167,1780168765,G30,29,68,ok,1
665,22.167,1780168765,G11,139,-1,ok,0
665,22.167,1780168765,G18,159,-20,ok,0
665,22.167,1780168765,G34,93,-28,ok,0
665,22.167,1780168765,G40,123,-18,ok,0
665,22.167,1780168765,G38,7,-54,ok,0
665,22.167,1780168765,D4,-21,451,ok,0
665,22.167,1780168765,D11,-4,550,ok,0
665,22.167,1780168765,D14,125,708,ok,1
665,22.167,1780168765,D2,272,565,ok,1
665,22.167,1780168765,D22,116,596,ok,1
665,22.167,1780168765,D20,173,734,ok,1
665,22.167,1780168765,D15,205,734,ok,1
665,22.167,1780168765,D17,319,654,ok,1
665,22.167,1780168765,D1,155,740,ok,0
665,22.167,1780168765,D24,-99,661,ok,0
666,22.200,1780168765,G42,277,104,ok,1
666,22.200,1780168765,G33,124,78,ok,1
666,22.200,1780168765,G30,29,69,ok,1
666,22.200,1780168765,G11,139,-1,ok,0
666,22.200,1780168765,G18,160,-20,ok,0
666,22.200,1780168765,G34,93,-28,ok,0
666,22.200,1780168765,G40,123,-18,ok,0
666,22.200,1780168765,G39,473,394,ok,0
666,22.200,1780168765,G43,472,393,ok,0
666,22.200,1780168765,D4,-21,452,ok,0
666,22.200,1780168765,D11,-5,550,ok,0
666,22.200,1780168765,D2,272,565,ok,1
666,22.200,1780168765,D22,117,591,ok,1
666,22.200,1780168765,D14,126,710,ok,1
666,22.200,1780168765,D15,204,734,ok,1
666,22.200,1780168765,D17,318,654,ok,1
666,22.200,1780168765,D20,172,736,ok,0
666,22.200,1780168765,D1,154,740,ok,0
666,22.200,1780168765,D24,-98,657,ok,0
666,22.200,1780168765,G38,7,-54,interpolated,0
667,22.233,1780168765,G42,277,104,ok,1
667,22.233,1780168765,G33,124,78,ok,1
667,22.233,1780168765,G30,29,69,ok,1
667,22.233,1780168765,G11,139,-1,ok,0
667,22.233,1780168765,G18,160,-20,ok,0
667,22.233,1780168765,G34,93,-28,ok,0
667,22.233,1780168765,G40,123,-18,ok,0
667,22.233,1780168765,G39,473,394,ok,0
667,22.233,1780168765,D4,-21,452,ok,0
667,22.233,1780168765,D11,-5,550,ok,0
667,22.233,1780168765,D2,272,565,ok,1
667,22.233,1780168765,D22,117,591,ok,1
667,22.233,1780168765,D14,126,710,ok,1
667,22.233,1780168765,D15,204,734,ok,1
667,22.233,1780168765,D17,318,654,ok,1
667,22.233,1780168765,D20,172,736,ok,0
667,22.233,1780168765,D1,154,740,ok,0
667,22.233,1780168765,D24,-98,657,ok,0
667,22.233,1780168765,G38,7,-54,interpolated,0
667,22.233,1780168765,G43,472,393,interpolated,0
668,22.267,1780168765,G42,276,107,ok,1
668,22.267,1780168765,G33,124,82,ok,1
668,22.267,1780168765,G30,29,72,ok,1
668,22.267,1780168765,G11,139,-1,ok,0
668,22.267,1780168765,G18,161,-19,ok,0
668,22.267,1780168765,G34,93,-28,ok,0
668,22.267,1780168765,G40,123,-18,ok,0
668,22.267,1780168765,G39,472,394,ok,0
668,22.267,1780168765,D4,-21,452,ok,0
668,22.267,1780168765,D11,-5,550,ok,0
668,22.267,1780168765,D22,119,588,ok,1
668,22.267,1780168765,D2,272,565,ok,1
668,22.267,1780168765,D17,318,656,ok,1
668,22.267,1780168765,D15,203,735,ok,1
668,22.267,1780168765,D14,125,713,ok,1
668,22.267,1780168765,D20,172,740,ok,0
668,22.267,1780168765,D1,153,741,ok,0
668,22.267,1780168765,D24,-96,652,ok,0
668,22.267,1780168765,D26,-136,482,ok,0
668,22.267,1780168765,G38,7,-54,interpolated,0
668,22.267,1780168765,G43,472,393,interpolated,0
669,22.300,1780168765,G42,276,111,ok,1
669,22.300,1780168765,G33,124,83,ok,1
669,22.300,1780168765,G30,30,77,ok,1
669,22.300,1780168765,G11,139,-1,ok,0
669,22.300,1780168765,G34,93,-28,ok,0
669,22.300,1780168765,G18,161,-20,ok,0
669,22.300,1780168765,G40,123,-18,ok,0
669,22.300,1780168765,G39,472,394,ok,0
669,22.300,1780168765,D4,-21,452,ok,0
669,22.300,1780168765,D11,-6,550,ok,0
669,22.300,1780168765,D2,272,565,ok,1
669,22.300,1780168765,D17,318,659,ok,1
669,22.300,1780168765,D22,120,586,ok,1
669,22.300,1780168765,D15,203,736,ok,0
669,22.300,1780168765,D14,126,717,ok,1
669,22.300,1780168765,D20,172,741,ok,0
669,22.300,1780168765,D1,151,740,ok,0
669,22.300,1780168765,D24,-96,651,ok,0
669,22.300,1780168765,D26,-136,482,ok,0
669,22.300,1780168765,G38,7,-54,interpolated,0
669,22.300,1780168765,G43,472,393,interpolated,0
670,22.333,1780168765,G42,275,117,ok,1
670,22.333,1780168765,G30,30,78,ok,1
670,22.333,1780168765,G33,125,84,ok,1
670,22.333,1780168765,G11,140,-1,ok,0
670,22.333,1780168765,G34,93,-28,ok,0
670,22.333,1780168765,G18,161,-19,ok,0
670,22.333,1780168765,G40,123,-18,ok,0
670,22.333,1780168765,G39,472,394,ok,0
670,22.333,1780168765,D4,-21,452,ok,0
670,22.333,1780168765,D11,-6,549,ok,0
670,22.333,1780168765,D2,272,565,ok,1
670,22.333,1780168765,D17,318,661,ok,1
670,22.333,1780168765,D22,120,584,ok,1
670,22.333,1780168765,D14,126,719,ok,1
670,22.333,1780168765,D15,203,737,ok,0
670,22.333,1780168765,D20,171,742,ok,0
670,22.333,1780168765,D24,-96,650,ok,0
670,22.333,1780168765,D1,150,741,ok,0
670,22.333,1780168765,G38,7,-54,interpolated,0
670,22.333,1780168765,G43,472,393,interpolated,0
670,22.333,1780168765,D26,-136,482,interpolated,0
671,22.367,1780168765,G42,276,118,ok,1
671,22.367,1780168765,G30,29,82,ok,1
671,22.367,1780168765,G33,125,84,ok,1
671,22.367,1780168765,G11,140,-1,ok,0
671,22.367,1780168765,G34,93,-28,ok,0
671,22.367,1780168765,G18,161,-19,ok,0
671,22.367,1780168765,G40,123,-18,ok,0
671,22.367,1780168765,D4,-21,452,ok,0
671,22.367,1780168765,D11,-7,549,ok,0
671,22.367,1780168765,D22,121,582,ok,1
671,22.367,1780168765,D2,272,565,ok,1
671,22.367,1780168765,D17,318,663,ok,1
671,22.367,1780168765,D14,126,720,ok,1
671,22.367,1780168765,D15,203,738,ok,0
671,22.367,1780168765,D20,171,742,ok,0
671,22.367,1780168765,D24,-94,647,ok,0
671,22.367,1780168765,D1,149,743,ok,0
671,22.367,1780168765,G38,7,-54,interpolated,0
671,22.367,1780168765,G39,472,394,interpolated,0
671,22.367,1780168765,G43,472,393,interpolated,0
671,22.367,1780168765,D26,-136,482,interpolated,0
672,22.400,1780168765,G30,29,83,ok,1
672,22.400,1780168765,G42,276,118,ok,1
672,22.400,1780168765,G33,125,86,ok,1
672,22.400,1780168765,G11,140,-1,ok,0
672,22.400,1780168765,G34,93,-28,ok,0
672,22.400,1780168765,G18,161,-20,ok,0
672,22.400,1780168765,G40,123,-18,ok,0
672,22.400,1780168765,G39,475,394,ok,0
672,22.400,1780168765,D4,-20,452,ok,0
672,22.400,1780168765,D22,122,582,ok,1
672,22.400,1780168765,D11,-7,549,ok,0
672,22.400,1780168765,D2,272,565,ok,1
672,22.400,1780168765,D14,126,720,ok,1
672,22.400,1780168765,D24,-94,645,ok,0
672,22.400,1780168765,D15,203,741,ok,0
672,22.400,1780168765,D17,318,668,ok,1
672,22.400,1780168765,D20,171,742,ok,0
672,22.400,1780168765,D1,149,738,ok,0
672,22.400,1780168765,D26,-136,482,ok,0
672,22.400,1780168765,G38,7,-54,interpolated,0
672,22.400,1780168765,G43,472,393,interpolated,0
673,22.433,1780168765,G30,29,83,ok,1
673,22.433,1780168765,G42,276,118,ok,1
673,22.433,1780168765,G33,125,86,ok,1
673,22.433,1780168765,G11,140,-1,ok,0
673,22.433,1780168765,G34,93,-28,ok,0
673,22.433,1780168765,G18,161,-20,ok,0
673,22.433,1780168765,G40,123,-18,ok,0
673,22.433,1780168765,G39,475,394,ok,0
673,22.433,1780168765,D4,-20,452,ok,0
673,22.433,1780168765,D11,-7,549,ok,0
673,22.433,1780168765,D22,122,582,ok,1
673,22.433,1780168765,D2,272,565,ok,1
673,22.433,1780168765,D14,126,720,ok,1
673,22.433,1780168765,D24,-94,645,ok,0
673,22.433,1780168765,D15,203,741,ok,0
673,22.433,1780168765,D17,318,668,ok,1
673,22.433,1780168765,D20,171,742,ok,0
673,22.433,1780168765,D1,148,738,ok,0
673,22.433,1780168765,D26,-136,482,ok,0
673,22.433,1780168765,G38,7,-54,interpolated,0
673,22.433,1780168765,G43,472,393,interpolated,0
674,22.467,1780168765,G42,277,118,ok,1
674,22.467,1780168765,G30,30,85,ok,1
674,22.467,1780168765,G33,125,92,ok,1
674,22.467,1780168765,G11,139,-1,ok,0
674,22.467,1780168765,G34,93,-28,ok,0
674,22.467,1780168765,G18,160,-20,ok,0
674,22.467,1780168765,G40,123,-18,ok,0
674,22.467,1780168765,G39,475,394,ok,0
674,22.467,1780168765,D4,-20,452,ok,0
674,22.467,1780168765,D22,123,582,ok,1
674,22.467,1780168765,D11,-7,547,ok,0
674,22.467,1780168765,D2,272,565,ok,1
674,22.467,1780168765,D14,126,720,ok,1
674,22.467,1780168765,D24,-94,643,ok,0
674,22.467,1780168765,D17,318,670,ok,1
674,22.467,1780168765,D20,170,742,ok,0
674,22.467,1780168765,D15,203,747,ok,0
674,22.467,1780168765,D1,148,736,ok,0
674,22.467,1780168765,D26,-135,482,ok,0
674,22.467,1780168765,G38,7,-54,interpolated,0
674,22.467,1780168765,G43,472,393,interpolated,0
675,22.500,1780168765,G33,126,99,ok,1
675,22.500,1780168765,G30,30,86,ok,1
675,22.500,1780168765,G42,277,118,ok,1
675,22.500,1780168765,G11,140,-1,ok,0
675,22.500,1780168765,G18,160,-19,ok,0
675,22.500,1780168765,G34,93,-28,ok,0
675,22.500,1780168765,G40,123,-18,ok,0
675,22.500,1780168765,G39,474,395,ok,0
675,22.500,1780168765,G38,7,-55,ok,0
675,22.500,1780168765,D4,-20,453,ok,0
675,22.500,1780168765,D22,123,582,ok,1
675,22.500,1780168765,D2,272,565,ok,1
675,22.500,1780168765,D11,-6,544,ok,0
675,22.500,1780168765,D24,-94,643,ok,0
675,22.500,1780168765,D14,126,720,ok,1
675,22.500,1780168765,D17,318,671,ok,1
675,22.500,1780168765,D20,170,741,ok,0
675,22.500,1780168765,D15,203,746,ok,0
675,22.500,1780168765,D1,148,735,ok,1
675,22.500,1780168765,G43,472,393,interpolated,0
675,22.500,1780168765,D26,-135,482,interpolated,0
676,22.533,1780168765,G42,277,118,ok,1
676,22.533,1780168765,G33,126,103,ok,1
676,22.533,1780168765,G30,29,87,ok,1
676,22.533,1780168765,G11,140,-1,ok,0
676,22.533,1780168765,G34,93,-28,ok,0
676,22.533,1780168765,G18,160,-19,ok,0
676,22.533,1780168765,G40,123,-18,ok,0
676,22.533,1780168765,G39,474,395,ok,0
676,22.533,1780168765,D4,-20,453,ok,0
676,22.533,1780168765,D22,123,582,ok,1
676,22.533,1780168765,D2,272,565,ok,1
676,22.533,1780168765,D11,-5,540,ok,0
676,22.533,1780168765,D17,316,671,ok,1
676,22.533,1780168765,D24,-95,643,ok,0
676,22.533,1780168765,D14,127,721,ok,1
676,22.533,1780168765,D20,170,742,ok,0
676,22.533,1780168765,D1,147,735,ok,1
676,22.533,1780168765,D15,202,747,ok,0
676,22.533,1780168765,G38,7,-55,interpolated,0
676,22.533,1780168765,G43,472,393,interpolated,0
676,22.533,1780168765,D26,-135,482,interpolated,0
677,22.567,1780168765,G42,278,118,ok,1
677,22.567,1780168765,G33,126,107,ok,1
677,22.567,1780168765,G30,28,87,ok,1
677,22.567,1780168765,G11,140,-1,ok,0
677,22.567,1780168765,G34,93,-28,ok,0
677,22.567,1780168765,G40,123,-18,ok,0
677,22.567,1780168765,G18,160,-19,ok,0
677,22.567,1780168765,G39,474,395,ok,0
677,22.567,1780168765,D4,-20,454,ok,0
677,22.567,1780168765,D22,122,582,ok,1
677,22.567,1780168765,D2,272,565,ok,1
677,22.567,1780168765,D11,-5,539,ok,0
677,22.567,1780168765,D17,315,671,ok,1
677,22.567,1780168765,D20,169,742,ok,0
677,22.567,1780168765,D1,146,736,ok,0
677,22.567,1780168765,D14,126,721,ok,1
677,22.567,1780168765,D24,-96,643,ok,0
677,22.567,1780168765,D15,201,748,ok,0
677,22.567,1780168765,G38,7,-55,interpolated,0
677,22.567,1780168765,D26,-135,482,interpolated,0
678,22.600,1780168765,G42,280,118,ok,1
678,22.600,1780168765,G33,126,108,ok,1
678,22.600,1780168765,G30,27,87,ok,1
678,22.600,1780168765,G34,93,-28,ok,0
678,22.600,1780168765,G18,160,-19,ok,0
678,22.600,1780168765,G11,140,-1,ok,0
678,22.600,1780168765,G40,123,-18,ok,0
678,22.600,1780168765,G39,474,395,ok,0
678,22.600,1780168765,G38,28,-61,ok,0
678,22.600,1780168765,D4,-20,455,ok,0
678,22.600,1780168765,D22,122,581,ok,1
678,22.600,1780168765,D2,272,565,ok,1
678,22.600,1780168765,D11,-5,537,ok,0
678,22.600,1780168765,D17,315,671,ok,1
678,22.600,1780168765,D20,169,742,ok,0
678,22.600,1780168765,D1,146,737,ok,0
678,22.600,1780168765,D15,201,748,ok,0
678,22.600,1780168765,D14,127,722,ok,1
678,22.600,1780168765,D24,-96,643,ok,0
678,22.600,1780168765,D26,-135,482,interpolated,0
679,22.633,1780168765,G42,280,118,ok,1
679,22.633,1780168765,G33,126,108,ok,1
679,22.633,1780168765,G30,27,87,ok,1
679,22.633,1780168765,G34,93,-28,ok,0
679,22.633,1780168765,G18,160,-19,ok,0
679,22.633,1780168765,G11,140,-1,ok,0
679,22.633,1780168765,G40,123,-18,ok,0
679,22.633,1780168765,G39,474,395,ok,0
679,22.633,1780168765,G38,28,-61,ok,0
679,22.633,1780168765,D4,-20,455,ok,0
679,22.633,1780168765,D22,122,581,ok,1
679,22.633,1780168765,D2,272,565,ok,1
679,22.633,1780168765,D11,-5,537,ok,0
679,22.633,1780168765,D17,314,671,ok,1
679,22.633,1780168765,D20,169,742,ok,0
679,22.633,1780168765,D1,146,737,ok,0
679,22.633,1780168765,D15,201,748,ok,0
679,22.633,1780168765,D14,127,722,ok,1
679,22.633,1780168765,D24,-96,643,ok,0
679,22.633,1780168765,D26,-135,482,interpolated,0
680,22.667,1780168765,G42,281,118,ok,1
680,22.667,1780168765,G33,126,108,ok,1
680,22.667,1780168765,G30,25,87,ok,1
680,22.667,1780168765,G34,93,-28,ok,0
680,22.667,1780168765,G11,140,-1,ok,0
680,22.667,1780168765,G18,161,-19,ok,0
680,22.667,1780168765,G40,123,-18,ok,0
680,22.667,1780168765,G39,474,395,ok,0
680,22.667,1780168765,D4,-20,456,ok,0
680,22.667,1780168765,D22,122,582,ok,1
680,22.667,1780168765,D11,-5,537,ok,0
680,22.667,1780168765,D2,272,565,ok,1
680,22.667,1780168765,D17,313,670,ok,1
680,22.667,1780168765,D20,169,742,ok,0
680,22.667,1780168765,D1,146,738,ok,0
680,22.667,1780168765,D15,200,749,ok,0
680,22.667,1780168765,D14,127,724,ok,1
680,22.667,1780168765,D24,-97,643,ok,0
680,22.667,1780168765,G38,28,-61,interpolated,0
680,22.667,1780168765,D26,-135,482,interpolated,0
681,22.700,1780168765,G42,280,121,ok,1
681,22.700,1780168765,G33,127,108,ok,1
681,22.700,1780168765,G30,23,87,ok,1
681,22.700,1780168765,G11,140,-1,ok,0
681,22.700,1780168765,G34,93,-28,ok,0
681,22.700,1780168765,G18,161,-19,ok,0
681,22.700,1780168765,G40,123,-18,ok,0
681,22.700,1780168765,G39,474,395,ok,0
681,22.700,1780168765,D4,-21,457,ok,0
681,22.700,1780168765,D22,121,582,ok,1
681,22.700,1780168765,D11,-5,537,ok,0
681,22.700,1780168765,D2,272,565,ok,1
681,22.700,1780168765,D17,313,671,ok,1
681,22.700,1780168765,D1,146,736,ok,0
681,22.700,1780168765,D20,169,743,ok,0
681,22.700,1780168765,D15,199,749,ok,0
681,22.700,1780168765,D24,-97,644,ok,0
681,22.700,1780168765,D14,127,725,ok,1
681,22.700,1780168765,G38,28,-61,interpolated,0
681,22.700,1780168765,D26,-135,482,interpolated,0
682,22.733,1780168765,G42,281,125,ok,1
682,22.733,1780168765,G33,128,109,ok,1
682,22.733,1780168765,G30,21,87,ok,1
682,22.733,1780168765,G34,93,-28,ok,0
682,22.733,1780168765,G11,140,-1,ok,0
682,22.733,1780168765,G18,161,-19,ok,0
682,22.733,1780168765,G40,124,-18,ok,0
682,22.733,1780168765,G39,474,395,ok,0
682,22.733,1780168765,D4,-22,459,ok,0
682,22.733,1780168765,D22,121,582,ok,1
682,22.733,1780168765,D17,312,671,ok,1
682,22.733,1780168765,D11,-5,537,ok,0
682,22.733,1780168765,D2,272,565,ok,1
682,22.733,1780168765,D24,-97,643,ok,0
682,22.733,1780168765,D1,145,734,ok,1
682,22.733,1780168765,D20,168,745,ok,0
682,22.733,1780168765,D14,127,727,ok,1
682,22.733,1780168765,D15,198,749,ok,0
682,22.733,1780168765,G38,28,-61,interpolated,0
682,22.733,1780168765,D26,-135,482,interpolated,0
683,22.767,1780168765,G42,280,129,ok,1
683,22.767,1780168765,G33,128,111,ok,1
683,22.767,1780168765,G30,20,88,ok,1
683,22.767,1780168765,G34,92,-28,ok,0
683,22.767,1780168765,G11,140,-1,ok,0
683,22.767,1780168765,G18,162,-20,ok,0
683,22.767,1780168765,G40,124,-18,ok,0
683,22.767,1780168765,G39,474,395,ok,0
683,22.767,1780168765,D4,-22,462,ok,0
683,22.767,1780168765,D22,121,581,ok,1
683,22.767,1780168765,D17,311,671,ok,1
683,22.767,1780168765,D11,-5,537,ok,0
683,22.767,1780168765,D2,272,565,ok,1
683,22.767,1780168765,D24,-95,637,ok,0
683,22.767,1780168765,D1,145,734,ok,1
683,22.767,1780168765,D20,168,746,ok,0
683,22.767,1780168765,D15,197,749,ok,0
683,22.767,1780168765,D14,126,735,ok,1
683,22.767,1780168765,D26,-135,482,ok,0
683,22.767,1780168765,G38,28,-61,interpolated,0
684,22.800,1780168765,G42,280,130,ok,1
684,22.800,1780168765,G33,129,117,ok,1
684,22.800,1780168765,G30,20,92,ok,1
684,22.800,1780168765,G34,93,-28,ok,0
684,22.800,1780168765,G11,140,-1,ok,0
684,22.800,1780168765,G18,163,-20,ok,0
684,22.800,1780168765,G40,123,-18,ok,0
684,22.800,1780168765,G38,25,-64,ok,0
684,22.800,1780168765,D4,-23,464,ok,0
684,22.800,1780168765,D17,311,673,ok,1
684,22.800,1780168765,D11,-5,537,ok,0
684,22.800,1780168765,D22,121,579,ok,1
684,22.800,1780168765,D2,272,565,ok,1
684,22.800,1780168765,D24,-93,633,ok,0
684,22.800,1780168765,D20,167,750,ok,0
684,22.800,1780168765,D15,197,749,ok,0
684,22.800,1780168765,D1,144,734,ok,1
684,22.800,1780168765,D14,127,736,ok,0
684,22.800,1780168765,D27,-116,452,ok,0
684,22.800,1780168765,D26,-136,483,ok,0
684,22.800,1780168765,G39,474,395,interpolated,0
685,22.833,1780168765,G42,280,130,ok,1
685,22.833,1780168765,G33,129,117,ok,1
685,22.833,1780168765,G30,20,92,ok,1
685,22.833,1780168765,G34,93,-28,ok,0
685,22.833,1780168765,G11,140,-1,ok,0
685,22.833,1780168765,G18,163,-20,ok,0
685,22.833,1780168765,G40,123,-18,ok,0
685,22.833,1780168765,G38,25,-64,ok,0
685,22.833,1780168765,G39,472,394,ok,0
685,22.833,1780168765,D4,-23,464,ok,0
685,22.833,1780168765,D17,311,673,ok,1
685,22.833,1780168765,D22,121,579,ok,1
685,22.833,1780168765,D11,-5,537,ok,0
685,22.833,1780168765,D2,272,565,ok,1
685,22.833,1780168765,D24,-93,633,ok,0
685,22.833,1780168765,D20,167,751,ok,0
685,22.833,1780168765,D15,197,749,ok,0
685,22.833,1780168765,D1,144,734,ok,1
685,22.833,1780168765,D14,127,736,ok,0
685,22.833,1780168765,D27,-116,452,ok,0
685,22.833,1780168765,D26,-136,483,ok,0
686,22.867,1780168765,G42,281,131,ok,1
686,22.867,1780168765,G30,20,96,ok,1
686,22.867,1780168765,G33,131,122,ok,1
686,22.867,1780168765,G34,93,-28,ok,0
686,22.867,1780168765,G18,163,-19,ok,0
686,22.867,1780168765,G11,140,-1,ok,0
686,22.867,1780168765,G40,124,-18,ok,0
686,22.867,1780168765,G38,25,-65,ok,0
686,22.867,1780168765,D4,-23,467,ok,0
686,22.867,1780168765,D22,121,577,ok,1
686,22.867,1780168765,D11,-5,537,ok,0
686,22.867,1780168765,D17,310,675,ok,1
686,22.867,1780168765,D2,272,565,ok,1
686,22.867,1780168765,D24,-92,630,ok,0
686,22.867,1780168765,D20,166,753,ok,0
686,22.867,1780168765,D1,143,733,ok,1
686,22.867,1780168765,D15,197,749,ok,0
686,22.867,1780168765,D26,-135,482,ok,0
686,22.867,1780168765,D14,127,736,interpolated,0
686,22.867,1780168765,G39,472,394,interpolated,0
686,22.867,1780168765,D27,-116,452,interpolated,0
687,22.900,1780168765,G42,281,131,ok,1
687,22.900,1780168765,G30,21,100,ok,1
687,22.900,1780168765,G33,132,128,ok,1
687,22.900,1780168765,G34,93,-28,ok,0
687,22.900,1780168765,G18,164,-19,ok,0
687,22.900,1780168765,G11,140,0,ok,1
687,22.900,1780168765,G40,124,-18,ok,0
687,22.900,1780168765,D4,-23,469,ok,0
687,22.900,1780168765,D22,121,576,ok,1
687,22.900,1780168765,D11,-5,536,ok,0
687,22.900,1780168765,D17,309,675,ok,1
687,22.900,1780168765,D2,272,565,ok,1
687,22.900,1780168765,D24,-91,629,ok,0
687,22.900,1780168765,D1,143,734,ok,1
687,22.900,1780168765,D20,166,754,ok,0
687,22.900,1780168765,D15,197,750,ok,0
687,22.900,1780168765,D26,-135,481,ok,0
687,22.900,1780168765,D14,127,736,ok,0
687,22.900,1780168765,G38,25,-65,interpolated,0
687,22.900,1780168765,G39,472,394,interpolated,0
687,22.900,1780168765,D27,-116,452,interpolated,0
688,22.933,1780168765,G42,282,131,ok,1
688,22.933,1780168765,G33,132,132,ok,1
688,22.933,1780168765,G30,21,102,ok,1
688,22.933,1780168765,G34,93,-28,ok,0
688,22.933,1780168765,G18,164,-19,ok,0
688,22.933,1780168765,G11,139,-1,ok,0
688,22.933,1780168765,G40,124,-18,ok,0
688,22.933,1780168765,D4,-22,469,ok,0
688,22.933,1780168765,D22,120,575,ok,1
688,22.933,1780168765,D11,-4,533,ok,0
688,22.933,1780168765,D2,272,565,ok,1
688,22.933,1780168765,D17,308,680,ok,1
688,22.933,1780168765,D24,-91,628,ok,0
688,22.933,1780168765,D1,142,733,ok,1
688,22.933,1780168765,D20,165,755,ok,0
688,22.933,1780168765,D26,-135,481,ok,0
688,22.933,1780168765,D15,197,752,ok,0
688,22.933,1780168765,D14,127,736,ok,0
688,22.933,1780168765,G38,25,-65,interpolated,0
688,22.933,1780168765,G39,472,394,interpolated,0
688,22.933,1780168765,D27,-116,452,interpolated,0
689,22.967,1780168765,G42,282,131,ok,1
689,22.967,1780168765,G33,132,131,ok,1
689,22.967,1780168765,G30,22,105,ok,1
689,22.967,1780168765,G34,93,-28,ok,0
689,22.967,1780168765,G18,164,-19,ok,0
689,22.967,1780168765,G11,139,-1,ok,0
689,22.967,1780168765,G40,124,-18,ok,0
689,22.967,1780168765,G39,472,395,ok,0
689,22.967,1780168765,D4,-21,469,ok,0
689,22.967,1780168765,D22,120,575,ok,1
689,22.967,1780168765,D11,-3,530,ok,0
689,22.967,1780168765,D2,272,565,ok,1
689,22.967,1780168765,D17,308,683,ok,1
689,22.967,1780168765,D24,-90,625,ok,0
689,22.967,1780168765,D1,141,733,ok,1
689,22.967,1780168765,D20,165,755,ok,0
689,22.967,1780168765,D15,197,753,ok,0
689,22.967,1780168765,D26,-135,481,ok,0
689,22.967,1780168765,D14,127,736,ok,0
689,22.967,1780168765,G38,25,-65,interpolated,0
689,22.967,1780168765,D27,-116,452,interpolated,0
690,23.000,1780168766,G42,283,132,ok,1
690,23.000,1780168766,G30,21,105,ok,1
690,23.000,1780168766,G33,132,132,ok,1
690,23.000,1780168766,G34,93,-28,ok,0
690,23.000,1780168766,G18,164,-20,ok,0
690,23.000,1780168766,G11,139,-1,ok,0
690,23.000,1780168766,G40,124,-18,ok,0
690,23.000,1780168766,G39,472,395,ok,0
690,23.000,1780168766,D4,-21,469,ok,0
690,23.000,1780168766,D22,119,575,ok,1
690,23.000,1780168766,D11,-2,528,ok,0
690,23.000,1780168766,D2,272,565,ok,1
690,23.000,1780168766,D24,-89,623,ok,0
690,23.000,1780168766,D17,309,688,ok,1
690,23.000,1780168766,D20,165,755,ok,0
690,23.000,1780168766,D1,141,734,ok,1
690,23.000,1780168766,D15,196,755,ok,0
690,23.000,1780168766,D26,-135,481,ok,0
690,23.000,1780168766,D14,128,735,ok,1
690,23.000,1780168766,G38,25,-65,interpolated,0
690,23.000,1780168766,D27,-116,452,interpolated,0
691,23.033,1780168766,G42,283,132,ok,1
691,23.033,1780168766,G33,132,132,ok,1
691,23.033,1780168766,G30,21,105,ok,1
691,23.033,1780168766,G34,93,-28,ok,0
691,23.033,1780168766,G18,164,-20,ok,0
691,23.033,1780168766,G11,139,-1,ok,0
691,23.033,1780168766,G40,124,-18,ok,0
691,23.033,1780168766,G39,472,395,ok,0
691,23.033,1780168766,D4,-21,469,ok,0
691,23.033,1780168766,D22,119,575,ok,1
691,23.033,1780168766,D11,-2,528,ok,0
691,23.033,1780168766,D2,272,565,ok,1
691,23.033,1780168766,D24,-89,623,ok,0
691,23.033,1780168766,D17,309,688,ok,1
691,23.033,1780168766,D20,165,755,ok,0
691,23.033,1780168766,D1,141,734,ok,1
691,23.033,1780168766,D15,196,755,ok,0
691,23.033,1780168766,D26,-135,481,ok,0
691,23.033,1780168766,D14,128,735,ok,1
691,23.033,1780168766,G38,25,-65,interpolated,0
691,23.033,1780168766,D27,-116,452,interpolated,0
692,23.067,1780168766,G42,283,132,ok,1
692,23.067,1780168766,G33,132,131,ok,1
692,23.067,1780168766,G30,21,107,ok,1
692,23.067,1780168766,G34,93,-28,ok,0
692,23.067,1780168766,G18,164,-20,ok,0
692,23.067,1780168766,G11,139,-1,ok,0
692,23.067,1780168766,G40,124,-17,ok,0
692,23.067,1780168766,G39,472,395,ok,0
692,23.067,1780168766,G38,8,-55,ok,0
692,23.067,1780168766,D4,-20,469,ok,0
692,23.067,1780168766,D22,119,575,ok,1
692,23.067,1780168766,D11,-1,526,ok,0
692,23.067,1780168766,D2,272,565,ok,1
692,23.067,1780168766,D24,-90,623,ok,0
692,23.067,1780168766,D17,308,689,ok,1
692,23.067,1780168766,D20,165,755,ok,0
692,23.067,1780168766,D1,140,734,ok,1
692,23.067,1780168766,D15,196,756,ok,0
692,23.067,1780168766,D14,128,735,ok,1
692,23.067,1780168766,D26,-135,482,ok,0
692,23.067,1780168766,D27,-116,452,interpolated,0
693,23.100,1780168766,G42,284,132,ok,1
693,23.100,1780168766,G33,132,133,ok,1
693,23.100,1780168766,G30,19,106,ok,1
693,23.100,1780168766,G34,93,-28,ok,0
693,23.100,1780168766,G18,164,-20,ok,0
693,23.100,1780168766,G11,138,-2,ok,0
693,23.100,1780168766,G40,124,-17,ok,0
693,23.100,1780168766,G39,481,372,ok,0
693,23.100,1780168766,D22,119,575,ok,1
693,23.100,1780168766,D4,-20,469,ok,0
693,23.100,1780168766,D11,-1,526,ok,0
693,23.100,1780168766,D2,272,565,ok,1
693,23.100,1780168766,D24,-90,622,ok,0
693,23.100,1780168766,D17,306,687,ok,1
693,23.100,1780168766,D20,165,755,ok,0
693,23.100,1780168766,D1,140,734,ok,1
693,23.100,1780168766,D14,128,734,ok,1
693,23.100,1780168766,D15,196,757,ok,0
693,23.100,1780168766,D26,-135,481,ok,0
693,23.100,1780168766,G38,8,-55,interpolated,0
693,23.100,1780168766,D27,-116,452,interpolated,0
694,23.133,1780168766,G42,285,132,ok,1
694,23.133,1780168766,G30,18,106,ok,1
694,23.133,1780168766,G33,133,132,ok,1
694,23.133,1780168766,G34,93,-28,ok,0
694,23.133,1780168766,G18,164,-21,ok,0
694,23.133,1780168766,G11,138,-2,ok,0
694,23.133,1780168766,G40,123,-18,ok,0
694,23.133,1780168766,G39,481,373,ok,0
694,23.133,1780168766,D4,-20,469,ok,0
694,23.133,1780168766,D22,119,575,ok,1
694,23.133,1780168766,D11,-1,527,ok,0
694,23.133,1780168766,D2,272,565,ok,1
694,23.133,1780168766,D17,305,687,ok,1
694,23.133,1780168766,D24,-91,622,ok,0
694,23.133,1780168766,D20,165,755,ok,0
694,23.133,1780168766,D1,139,733,ok,1
694,23.133,1780168766,D15,194,757,ok,0
694,23.133,1780168766,D14,128,734,ok,1
694,23.133,1780168766,D26,-134,480,ok,0
694,23.133,1780168766,G38,8,-55,interpolated,0
694,23.133,1780168766,D27,-116,452,interpolated,0
695,23.167,1780168766,G33,134,143,ok,1
695,23.167,1780168766,G42,285,132,ok,1
695,23.167,1780168766,G30,17,106,ok,1
695,23.167,1780168766,G34,92,-28,ok,0
695,23.167,1780168766,G18,165,-21,ok,0
695,23.167,1780168766,G11,138,-1,ok,0
695,23.167,1780168766,G40,123,-18,ok,0
695,23.167,1780168766,G39,481,373,ok,0
695,23.167,1780168766,G44,472,394,ok,0
695,23.167,1780168766,D22,119,575,ok,1
695,23.167,1780168766,D4,-19,469,ok,0
695,23.167,1780168766,D11,-1,526,ok,0
695,23.167,1780168766,D2,272,565,ok,1
695,23.167,1780168766,D17,303,687,ok,1
695,23.167,1780168766,D20,165,755,ok,0
695,23.167,1780168766,D1,139,733,ok,1
695,23.167,1780168766,D24,-92,622,ok,0
695,23.167,1780168766,D15,194,757,ok,0
695,23.167,1780168766,D14,128,734,ok,1
695,23.167,1780168766,D26,-134,480,ok,0
695,23.167,1780168766,G38,8,-55,interpolated,0
695,23.167,1780168766,D27,-116,452,interpolated,0
696,23.200,1780168766,G42,285,134,ok,1
696,23.200,1780168766,G33,134,146,ok,1
696,23.200,1780168766,G34,92,-28,ok,0
696,23.200,1780168766,G30,16,106,ok,1
696,23.200,1780168766,G18,165,-21,ok,0
696,23.200,1780168766,G11,138,-1,ok,0
696,23.200,1780168766,G40,123,-18,ok,0
696,23.200,1780168766,G39,481,372,ok,0
696,23.200,1780168766,G44,472,394,ok,0
696,23.200,1780168766,D22,119,575,ok,1
696,23.200,1780168766,D4,-19,470,ok,0
696,23.200,1780168766,D11,-1,526,ok,0
696,23.200,1780168766,D2,272,565,ok,1
696,23.200,1780168766,D17,301,687,ok,1
696,23.200,1780168766,D20,165,755,ok,0
696,23.200,1780168766,D24,-93,622,ok,0
696,23.200,1780168766,D1,139,733,ok,1
696,23.200,1780168766,D15,193,756,ok,0
696,23.200,1780168766,D14,127,735,ok,1
696,23.200,1780168766,D26,-134,480,ok,0
696,23.200,1780168766,G38,8,-55,interpolated,0
697,23.233,1780168766,G42,285,134,ok,1
697,23.233,1780168766,G33,134,146,ok,1
697,23.233,1780168766,G34,92,-28,ok,0
697,23.233,1780168766,G30,16,106,ok,1
697,23.233,1780168766,G18,165,-21,ok,0
697,23.233,1780168766,G11,138,-1,ok,0
697,23.233,1780168766,G40,123,-18,ok,0
697,23.233,1780168766,G39,481,372,ok,0
697,23.233,1780168766,G44,472,394,ok,0
697,23.233,1780168766,D22,119,575,ok,1
697,23.233,1780168766,D4,-19,470,ok,0
697,23.233,1780168766,D11,-1,526,ok,0
697,23.233,1780168766,D2,272,565,ok,1
697,23.233,1780168766,D17,301,687,ok,1
697,23.233,1780168766,D20,165,755,ok,0
697,23.233,1780168766,D24,-93,622,ok,0
697,23.233,1780168766,D1,139,733,ok,1
697,23.233,1780168766,D15,193,756,ok,0
697,23.233,1780168766,D14,128,735,ok,1
697,23.233,1780168766,D26,-134,480,ok,0
697,23.233,1780168766,G38,8,-55,interpolated,0
698,23.267,1780168766,G42,285,138,ok,1
698,23.267,1780168766,G34,92,-28,ok,0
698,23.267,1780168766,G30,14,106,ok,1
698,23.267,1780168766,G33,133,135,ok,1
698,23.267,1780168766,G18,165,-21,ok,0
698,23.267,1780168766,G11,138,-1,ok,0
698,23.267,1780168766,G40,123,-18,ok,0
698,23.267,1780168766,G44,472,394,ok,0
698,23.267,1780168766,G39,473,394,ok,0
698,23.267,1780168766,D4,-19,470,ok,0
698,23.267,1780168766,D22,119,575,ok,1
698,23.267,1780168766,D11,-1,525,ok,0
698,23.267,1780168766,D2,272,565,ok,1
698,23.267,1780168766,D17,299,686,ok,1
698,23.267,1780168766,D24,-95,622,ok,0
698,23.267,1780168766,D20,164,755,ok,0
698,23.267,1780168766,D1,139,733,ok,1
698,23.267,1780168766,D15,193,756,ok,0
698,23.267,1780168766,D26,-135,481,ok,0
698,23.267,1780168766,D14,127,737,ok,0
698,23.267,1780168766,G38,8,-55,interpolated,0
699,23.300,1780168766,G42,284,142,ok,1
699,23.300,1780168766,G30,13,106,ok,1
699,23.300,1780168766,G38,135,151,ok,1
699,23.300,1780168766,G34,92,-28,ok,0
699,23.300,1780168766,G18,166,-21,ok,0
699,23.300,1780168766,G33,132,129,ok,1
699,23.300,1780168766,G11,138,-1,ok,0
699,23.300,1780168766,G40,124,-17,ok,0
699,23.300,1780168766,G44,472,394,ok,0
699,23.300,1780168766,D4,-19,471,ok,0
699,23.300,1780168766,D22,119,574,ok,1
699,23.300,1780168766,D11,-1,525,ok,0
699,23.300,1780168766,D2,272,565,ok,1
699,23.300,1780168766,D17,298,686,ok,1
699,23.300,1780168766,D24,-97,623,ok,0
699,23.300,1780168766,D20,163,755,ok,0
699,23.300,1780168766,D15,193,756,ok,0
699,23.300,1780168766,D1,138,734,ok,1
699,23.300,1780168766,D14,126,740,ok,0
699,23.300,1780168766,D26,-135,481,ok,0
699,23.300,1780168766,G39,473,394,interpolated,0
700,23.333,1780168766,G30,14,110,ok,1
700,23.333,1780168766,G38,135,152,ok,1
700,23.333,1780168766,G42,284,142,ok,1
700,23.333,1780168766,G34,92,-28,ok,0
700,23.333,1780168766,G18,166,-21,ok,0
700,23.333,1780168766,G11,138,-1,ok,0
700,23.333,1780168766,G40,124,-16,ok,0
700,23.333,1780168766,G39,474,395,ok,0
700,23.333,1780168766,D4,-19,472,ok,0
700,23.333,1780168766,D22,119,573,ok,1
700,23.333,1780168766,D11,-1,525,ok,0
700,23.333,1780168766,D2,272,565,ok,1
700,23.333,1780168766,D17,297,687,ok,1
700,23.333,1780168766,D24,-97,619,ok,0
700,23.333,1780168766,D1,136,736,ok,0
700,23.333,1780168766,D20,163,755,ok,0
700,23.333,1780168766,D15,192,756,ok,0
700,23.333,1780168766,D14,125,741,ok,0
700,23.333,1780168766,G33,132,129,interpolated,1
700,23.333,1780168766,D26,-135,481,interpolated,0
700,23.333,1780168766,G44,472,394,interpolated,0
701,23.367,1780168766,G30,15,115,ok,1
701,23.367,1780168766,G42,284,142,ok,1
701,23.367,1780168766,G38,135,153,ok,1
701,23.367,1780168766,G34,92,-28,ok,0
701,23.367,1780168766,G18,166,-21,ok,0
701,23.367,1780168766,G11,138,-1,ok,0
701,23.367,1780168766,G40,124,-17,ok,0
701,23.367,1780168766,G39,474,394,ok,0
701,23.367,1780168766,D4,-20,475,ok,0
701,23.367,1780168766,D22,120,572,ok,1
701,23.367,1780168766,D11,-1,525,ok,0
701,23.367,1780168766,D2,272,565,ok,1
701,23.367,1780168766,D17,297,688,ok,1
701,23.367,1780168766,D20,162,755,ok,0
701,23.367,1780168766,D15,192,756,ok,0
701,23.367,1780168766,D24,-95,615,ok,0
701,23.367,1780168766,D1,136,734,ok,1
701,23.367,1780168766,D14,124,744,ok,0
701,23.367,1780168766,G33,132,129,interpolated,1
701,23.367,1780168766,D26,-135,481,interpolated,0
701,23.367,1780168766,G44,472,394,interpolated,0
702,23.400,1780168766,G30,15,118,ok,1
702,23.400,1780168766,G42,285,143,ok,1
702,23.400,1780168766,G38,135,153,ok,1
702,23.400,1780168766,G34,92,-28,ok,0
702,23.400,1780168766,G18,166,-21,ok,0
702,23.400,1780168766,G11,138,-1,ok,0
702,23.400,1780168766,G40,123,-18,ok,0
702,23.400,1780168766,G39,474,394,ok,0
702,23.400,1780168766,G44,474,393,ok,0
702,23.400,1780168766,D4,-20,476,ok,0
702,23.400,1780168766,D22,119,571,ok,1
702,23.400,1780168766,D11,-1,525,ok,0
702,23.400,1780168766,D2,272,565,ok,1
702,23.400,1780168766,D17,297,689,ok,1
702,23.400,1780168766,D20,162,755,ok,0
702,23.400,1780168766,D24,-94,613,ok,0
702,23.400,1780168766,D15,192,756,ok,0
702,23.400,1780168766,D1,136,733,ok,1
702,23.400,1780168766,D14,124,744,interpolated,0
702,23.400,1780168766,G33,132,129,interpolated,1
702,23.400,1780168766,D26,-135,481,interpolated,0
703,23.433,1780168766,G30,15,118,ok,1
703,23.433,1780168766,G42,285,143,ok,1
703,23.433,1780168766,G38,135,153,ok,1
703,23.433,1780168766,G34,92,-28,ok,0
703,23.433,1780168766,G18,166,-21,ok,0
703,23.433,1780168766,G11,138,-1,ok,0
703,23.433,1780168766,G40,123,-18,ok,0
703,23.433,1780168766,G39,474,394,ok,0
703,23.433,1780168766,G44,474,393,ok,0
703,23.433,1780168766,D4,-20,476,ok,0
703,23.433,1780168766,D22,119,571,ok,1
703,23.433,1780168766,D11,-1,525,ok,0
703,23.433,1780168766,D2,272,565,ok,1
703,23.433,1780168766,D17,297,689,ok,1
703,23.433,1780168766,D20,162,755,ok,0
703,23.433,1780168766,D24,-94,613,ok,0
703,23.433,1780168766,D15,192,756,ok,0
703,23.433,1780168766,D1,136,733,ok,1
703,23.433,1780168766,D14,124,744,interpolated,0
703,23.433,1780168766,G33,132,129,interpolated,1
703,23.433,1780168766,D26,-135,481,interpolated,0
704,23.467,1780168766,G30,15,119,ok,1
704,23.467,1780168766,G42,285,143,ok,1
704,23.467,1780168766,G38,134,153,ok,1
704,23.467,1780168766,G34,92,-28,ok,0
704,23.467,1780168766,G18,166,-21,ok,0
704,23.467,1780168766,G11,138,-1,ok,0
704,23.467,1780168766,G40,123,-18,ok,0
704,23.467,1780168766,G44,473,393,ok,0
704,23.467,1780168766,G39,474,394,ok,0
704,23.467,1780168766,D4,-20,477,ok,0
704,23.467,1780168766,D11,0,525,ok,1
704,23.467,1780168766,D22,120,570,ok,1
704,23.467,1780168766,D2,272,565,ok,1
704,23.467,1780168766,D17,296,690,ok,1
704,23.467,1780168766,D24,-93,611,ok,0
704,23.467,1780168766,D20,161,755,ok,0
704,23.467,1780168766,D1,135,733,ok,1
704,23.467,1780168766,D15,192,756,ok,0
704,23.467,1780168766,D14,124,744,interpolated,0
704,23.467,1780168766,G33,132,129,interpolated,1
704,23.467,1780168766,D26,-135,481,interpolated,0
705,23.500,1780168766,G30,15,120,ok,1
705,23.500,1780168766,G42,285,143,ok,1
705,23.500,1780168766,G38,134,153,ok,1
705,23.500,1780168766,G34,92,-28,ok,0
705,23.500,1780168766,G18,166,-21,ok,0
705,23.500,1780168766,G11,138,-1,ok,0
705,23.500,1780168766,G40,123,-18,ok,0
705,23.500,1780168766,G39,474,394,ok,0
705,23.500,1780168766,D4,-21,480,ok,0
705,23.500,1780168766,D22,120,570,ok,1
705,23.500,1780168766,D11,0,525,ok,1
705,23.500,1780168766,D2,272,565,ok,1
705,23.500,1780168766,D17,296,695,ok,1
705,23.500,1780168766,D24,-91,608,ok,0
705,23.500,1780168766,D20,161,755,ok,0
705,23.500,1780168766,D1,135,734,ok,1
705,23.500,1780168766,D15,192,755,ok,0
705,23.500,1780168766,D14,124,744,interpolated,0
705,23.500,1780168766,G33,132,129,interpolated,1
705,23.500,1780168766,D26,-135,481,interpolated,0
705,23.500,1780168766,G44,473,393,interpolated,0
706,23.533,1780168766,G30,15,122,ok,1
706,23.533,1780168766,G42,285,143,ok,1
706,23.533,1780168766,G38,134,153,ok,1
706,23.533,1780168766,G34,92,-28,ok,0
706,23.533,1780168766,G18,166,-20,ok,0
706,23.533,1780168766,G11,138,-1,ok,0
706,23.533,1780168766,G40,123,-18,ok,0
706,23.533,1780168766,D4,-22,482,ok,0
706,23.533,1780168766,D22,120,569,ok,1
706,23.533,1780168766,D11,0,525,ok,1
706,23.533,1780168766,D2,272,565,ok,1
706,23.533,1780168766,D24,-90,607,ok,0
706,23.533,1780168766,D17,296,698,ok,1
706,23.533,1780168766,D1,135,734,ok,1
706,23.533,1780168766,D15,192,755,ok,0
706,23.533,1780168766,D20,160,756,ok,0
706,23.533,1780168766,D14,124,744,interpolated,0
706,23.533,1780168766,G33,132,129,interpolated,1
706,23.533,1780168766,G39,474,394,interpolated,0
706,23.533,1780168766,D26,-135,481,interpolated,0
706,23.533,1780168766,G44,473,393,interpolated,0
707,23.567,1780168766,G30,15,125,ok,1
707,23.567,1780168766,G42,285,143,ok,1
707,23.567,1780168766,G38,134,153,ok,1
707,23.567,1780168766,G34,92,-28,ok,0
707,23.567,1780168766,G18,165,-21,ok,0
707,23.567,1780168766,G11,138,-1,ok,0
707,23.567,1780168766,G40,123,-18,ok,0
707,23.567,1780168766,D4,-23,484,ok,0
707,23.567,1780168766,D11,0,525,ok,1
707,23.567,1780168766,D22,121,569,ok,1
707,23.567,1780168766,D2,272,565,ok,1
707,23.567,1780168766,D24,-90,605,ok,0
707,23.567,1780168766,D17,295,699,ok,1
707,23.567,1780168766,D20,160,757,ok,0
707,23.567,1780168766,D1,134,734,ok,1
707,23.567,1780168766,D15,192,756,ok,0
707,23.567,1780168766,D14,124,744,interpolated,0
707,23.567,1780168766,G33,132,129,interpolated,1
707,23.567,1780168766,G39,474,394,interpolated,0
707,23.567,1780168766,D26,-135,481,interpolated,0
707,23.567,1780168766,G44,473,393,interpolated,0
708,23.600,1780168766,G30,16,127,ok,1
708,23.600,1780168766,G38,135,153,ok,1
708,23.600,1780168766,G42,284,143,ok,1
708,23.600,1780168766,G34,93,-28,ok,0
708,23.600,1780168766,G11,138,-1,ok,0
708,23.600,1780168766,G18,165,-21,ok,0
708,23.600,1780168766,G40,123,-18,ok,0
708,23.600,1780168766,G44,473,393,ok,0
708,23.600,1780168766,D4,-23,485,ok,0
708,23.600,1780168766,D22,121,569,ok,1
708,23.600,1780168766,D11,0,525,ok,1
708,23.600,1780168766,D2,272,565,ok,1
708,23.600,1780168766,D24,-90,605,ok,0
708,23.600,1780168766,D20,160,757,ok,0
708,23.600,1780168766,D17,294,699,ok,1
708,23.600,1780168766,D1,134,735,ok,1
708,23.600,1780168766,D15,193,756,ok,0
708,23.600,1780168766,D14,124,744,interpolated,0
708,23.600,1780168766,G33,132,129,interpolated,1
708,23.600,1780168766,G39,474,394,interpolated,0
708,23.600,1780168766,D26,-135,481,interpolated,0
709,23.633,1780168766,G30,16,127,ok,1
709,23.633,1780168766,G38,135,153,ok,1
709,23.633,1780168766,G42,284,143,ok,1
709,23.633,1780168766,G34,93,-28,ok,0
709,23.633,1780168766,G11,138,-1,ok,0
709,23.633,1780168766,G18,165,-21,ok,0
709,23.633,1780168766,G40,123,-18,ok,0
709,23.633,1780168766,G44,473,393,ok,0
709,23.633,1780168766,D4,-23,485,ok,0
709,23.633,1780168766,D22,121,569,ok,1
709,23.633,1780168766,D11,0,525,ok,1
709,23.633,1780168766,D2,272,565,ok,1
709,23.633,1780168766,D24,-90,605,ok,0
709,23.633,1780168766,D20,160,757,ok,0
709,23.633,1780168766,D17,294,699,ok,1
709,23.633,1780168766,D1,134,735,ok,1
709,23.633,1780168766,D15,193,756,ok,0
709,23.633,1780168766,D14,124,744,interpolated,0
709,23.633,1780168766,G33,132,129,interpolated,1
709,23.633,1780168766,G39,474,394,interpolated,0
709,23.633,1780168766,D26,-135,481,interpolated,0
710,23.667,1780168766,G38,136,154,ok,1
710,23.667,1780168766,G30,15,128,ok,1
710,23.667,1780168766,G42,284,146,ok,1
710,23.667,1780168766,G34,93,-28,ok,0
710,23.667,1780168766,G11,138,-1,ok,0
710,23.667,1780168766,G18,165,-21,ok,0
710,23.667,1780168766,G40,123,-18,ok,0
710,23.667,1780168766,G44,473,393,ok,0
710,23.667,1780168766,D4,-23,485,ok,0
710,23.667,1780168766,D22,121,569,ok,1
710,23.667,1780168766,D11,0,525,ok,1
710,23.667,1780168766,D2,272,565,ok,1
710,23.667,1780168766,D24,-91,605,ok,0
710,23.667,1780168766,D20,159,757,ok,0
710,23.667,1780168766,D1,133,735,ok,1
710,23.667,1780168766,D17,293,699,ok,1
710,23.667,1780168766,D15,192,756,ok,0
710,23.667,1780168766,D14,196,756,ok,0
710,23.667,1780168766,G39,474,394,interpolated,0
711,23.700,1780168766,G38,135,155,ok,1
711,23.700,1780168766,G30,14,128,ok,1
711,23.700,1780168766,G42,284,150,ok,1
711,23.700,1780168766,G34,93,-28,ok,0
711,23.700,1780168766,G11,138,-1,ok,0
711,23.700,1780168766,G18,165,-21,ok,0
711,23.700,1780168766,G40,123,-18,ok,0
711,23.700,1780168766,G44,473,393,ok,0
711,23.700,1780168766,D4,-23,485,ok,0
711,23.700,1780168766,D22,121,569,ok,1
711,23.700,1780168766,D11,0,525,ok,1
711,23.700,1780168766,D2,272,565,ok,1
711,23.700,1780168766,D24,-92,605,ok,0
711,23.700,1780168766,D17,292,700,ok,1
711,23.700,1780168766,D20,159,756,ok,0
711,23.700,1780168766,D1,132,735,ok,1
711,23.700,1780168766,D15,192,756,ok,0
711,23.700,1780168766,D14,196,756,interpolated,0
711,23.700,1780168766,G39,474,394,interpolated,0
712,23.733,1780168766,G38,135,157,ok,1
712,23.733,1780168766,G42,283,153,ok,1
712,23.733,1780168766,G30,13,128,ok,1
712,23.733,1780168766,G34,93,-28,ok,0
712,23.733,1780168766,G11,138,-1,ok,0
712,23.733,1780168766,G18,165,-21,ok,0
712,23.733,1780168766,G40,123,-18,ok,0
712,23.733,1780168766,G44,473,393,ok,0
712,23.733,1780168766,D4,-23,485,ok,0
712,23.733,1780168766,D22,121,569,ok,1
712,23.733,1780168766,D11,0,525,ok,1
712,23.733,1780168766,D2,272,565,ok,1
712,23.733,1780168766,D24,-93,605,ok,0
712,23.733,1780168766,D17,290,699,ok,1
712,23.733,1780168766,D1,132,734,ok,1
712,23.733,1780168766,D20,159,757,ok,0
712,23.733,1780168766,D14,196,757,ok,0
712,23.733,1780168766,D15,192,757,ok,0
712,23.733,1780168766,G39,474,394,interpolated,0
713,23.767,1780168766,G38,134,158,ok,1
713,23.767,1780168766,G30,12,128,ok,1
713,23.767,1780168766,G42,283,154,ok,1
713,23.767,1780168766,G34,93,-28,ok,0
713,23.767,1780168766,G18,165,-21,ok,0
713,23.767,1780168766,G11,138,-1,ok,0
713,23.767,1780168766,G40,123,-18,ok,0
713,23.767,1780168766,G44,473,393,ok,0
713,23.767,1780168766,D4,-23,485,ok,0
713,23.767,1780168766,D22,121,569,ok,1
713,23.767,1780168766,D11,0,525,ok,1
713,23.767,1780168766,D2,272,565,ok,1
713,23.767,1780168766,D17,289,698,ok,1
713,23.767,1780168766,D24,-93,605,ok,0
713,23.767,1780168766,D14,196,757,ok,0
713,23.767,1780168766,D1,132,734,ok,1
713,23.767,1780168766,D20,158,757,ok,0
713,23.767,1780168766,D15,194,758,ok,0
713,23.767,1780168766,G39,474,394,interpolated,0
714,23.800,1780168766,G38,133,158,ok,1
714,23.800,1780168766,G30,10,128,ok,1
714,23.800,1780168766,G42,283,154,ok,1
714,23.800,1780168766,G34,93,-28,ok,0
714,23.800,1780168766,G11,138,-1,ok,0
714,23.800,1780168766,G18,166,-21,ok,0
714,23.800,1780168766,G40,123,-18,ok,0
714,23.800,1780168766,G44,473,393,ok,0
714,23.800,1780168766,D22,121,569,ok,1
714,23.800,1780168766,D4,-22,485,ok,0
714,23.800,1780168766,D11,0,525,ok,1
714,23.800,1780168766,D2,272,565,ok,1
714,23.800,1780168766,D17,287,698,ok,1
714,23.800,1780168766,D1,131,734,ok,1
714,23.800,1780168766,D24,-94,605,ok,0
714,23.800,1780168766,D20,158,759,ok,0
714,23.800,1780168766,D15,193,760,ok,0
714,23.800,1780168766,D14,196,759,ok,0
714,23.800,1780168766,G39,474,394,interpolated,0
715,23.833,1780168766,G38,133,158,ok,1
715,23.833,1780168766,G30,10,128,ok,1
715,23.833,1780168766,G42,283,154,ok,1
715,23.833,1780168766,G34,93,-28,ok,0
715,23.833,1780168766,G11,138,-1,ok,0
715,23.833,1780168766,G18,166,-21,ok,0
715,23.833,1780168766,G40,123,-18,ok,0
715,23.833,1780168766,G44,473,393,ok,0
715,23.833,1780168766,D22,121,569,ok,1
715,23.833,1780168766,D4,-22,485,ok,0
715,23.833,1780168766,D11,0,525,ok,1
715,23.833,1780168766,D2,272,565,ok,1
715,23.833,1780168766,D17,287,698,ok,1
715,23.833,1780168766,D1,131,734,ok,1
715,23.833,1780168766,D24,-94,605,ok,0
715,23.833,1780168766,D20,158,759,ok,0
715,23.833,1780168766,D15,193,760,ok,0
715,23.833,1780168766,D14,196,759,ok,0
715,23.833,1780168766,G39,474,394,interpolated,0
716,23.867,1780168766,G38,134,158,ok,1
716,23.867,1780168766,G30,9,128,ok,1
716,23.867,1780168766,G42,283,155,ok,1
716,23.867,1780168766,G34,93,-28,ok,0
716,23.867,1780168766,G11,138,-1,ok,0
716,23.867,1780168766,G18,165,-21,ok,0
716,23.867,1780168766,G40,123,-18,ok,0
716,23.867,1780168766,G44,473,393,ok,0
716,23.867,1780168766,D22,121,569,ok,1
716,23.867,1780168766,D4,-22,485,ok,0
716,23.867,1780168766,D11,0,525,ok,1
716,23.867,1780168766,D2,272,565,ok,1
716,23.867,1780168766,D17,286,699,ok,1
716,23.867,1780168766,D24,-94,604,ok,0
716,23.867,1780168766,D1,131,734,ok,1
716,23.867,1780168766,D20,156,760,ok,0
716,23.867,1780168766,D15,193,761,ok,0
716,23.867,1780168766,D14,196,759,interpolated,0
717,23.900,1780168766,G38,134,158,ok,1
717,23.900,1780168766,G30,8,128,ok,1
717,23.900,1780168766,G42,284,155,ok,1
717,23.900,1780168766,G34,93,-28,ok,0
717,23.900,1780168766,G11,138,-1,ok,0
717,23.900,1780168766,G18,164,-21,ok,0
717,23.900,1780168766,G40,123,-18,ok,0
717,23.900,1780168766,G44,473,393,ok,0
717,23.900,1780168766,D22,122,569,ok,1
717,23.900,1780168766,D4,-22,485,ok,0
717,23.900,1780168766,D11,0,525,ok,1
717,23.900,1780168766,D2,272,565,ok,1
717,23.900,1780168766,D17,286,700,ok,1
717,23.900,1780168766,D24,-91,599,ok,0
717,23.900,1780168766,D20,155,761,ok,0
717,23.900,1780168766,D1,131,734,ok,1
717,23.900,1780168766,D15,192,762,ok,0
717,23.900,1780168766,D14,196,759,interpolated,0
718,23.933,1780168766,G38,132,157,ok,1
718,23.933,1780168766,G30,8,132,ok,1
718,23.933,1780168766,G42,284,155,ok,1
718,23.933,1780168766,G34,93,-28,ok,0
718,23.933,1780168766,G11,138,-1,ok,0
718,23.933,1780168766,G18,164,-20,ok,0
718,23.933,1780168766,G40,123,-19,ok,0
718,23.933,1780168766,G44,473,393,ok,0
718,23.933,1780168766,D11,0,525,ok,1
718,23.933,1780168766,D4,-22,486,ok,0
718,23.933,1780168766,D22,122,569,ok,1
718,23.933,1780168766,D2,272,565,ok,1
718,23.933,1780168766,D17,285,700,ok,1
718,23.933,1780168766,D24,-89,595,ok,0
718,23.933,1780168766,D20,155,762,ok,0
718,23.933,1780168766,D1,130,734,ok,1
718,23.933,1780168766,D15,191,762,ok,0
718,23.933,1780168766,D14,196,759,interpolated,0
719,23.967,1780168766,G38,130,158,ok,1
719,23.967,1780168766,G42,284,155,ok,1
719,23.967,1780168766,G34,93,-28,ok,0
719,23.967,1780168766,G30,8,136,ok,1
719,23.967,1780168766,G11,138,-1,ok,0
719,23.967,1780168766,G18,164,-21,ok,0
719,23.967,1780168766,G40,123,-20,ok,0
719,23.967,1780168766,G44,473,393,ok,0
719,23.967,1780168766,D4,-23,486,ok,0
719,23.967,1780168766,D11,0,525,ok,1
719,23.967,1780168766,D22,122,569,ok,1
719,23.967,1780168766,D2,272,565,ok,1
719,23.967,1780168766,D17,284,703,ok,1
719,23.967,1780168766,D24,-88,592,ok,0
719,23.967,1780168766,D20,155,761,ok,0
719,23.967,1780168766,D15,190,762,ok,0
719,23.967,1780168766,D1,129,734,ok,1
719,23.967,1780168766,D14,196,759,interpolated,0
720,24.000,1780168767,G38,128,159,ok,1
720,24.000,1780168767,G30,9,138,ok,1
720,24.000,1780168767,G42,285,154,ok,1
720,24.000,1780168767,G34,92,-27,ok,0
720,24.000,1780168767,G11,138,-1,ok,0
720,24.000,1780168767,G18,164,-21,ok,0
720,24.000,1780168767,G40,123,-20,ok,0
720,24.000,1780168767,G44,473,393,ok,0
720,24.000,1780168767,G39,474,394,ok,0
720,24.000,1780168767,G45,49,-77,ok,0
720,24.000,1780168767,D4,-23,488,ok,0
720,24.000,1780168767,D11,0,525,ok,1
720,24.000,1780168767,D22,122,569,ok,1
720,24.000,1780168767,D2,272,565,ok,1
720,24.000,1780168767,D24,-88,591,ok,0
720,24.000,1780168767,D17,284,703,ok,1
720,24.000,1780168767,D20,154,762,ok,0
720,24.000,1780168767,D1,129,734,ok,1
720,24.000,1780168767,D15,189,762,ok,0
720,24.000,1780168767,D14,115,757,ok,0
721,24.033,1780168767,G38,128,159,ok,1
721,24.033,1780168767,G30,9,138,ok,1
721,24.033,1780168767,G42,285,154,ok,1
721,24.033,1780168767,G34,92,-27,ok,0
721,24.033,1780168767,G11,138,-1,ok,0
721,24.033,1780168767,G18,164,-21,ok,0
721,24.033,1780168767,G40,123,-21,ok,0
721,24.033,1780168767,G44,473,393,ok,0
721,24.033,1780168767,G39,474,394,ok,0
721,24.033,1780168767,G45,49,-77,ok,0
721,24.033,1780168767,D4,-23,488,ok,0
721,24.033,1780168767,D11,0,525,ok,1
721,24.033,1780168767,D22,122,569,ok,1
721,24.033,1780168767,D2,272,565,ok,1
721,24.033,1780168767,D24,-88,591,ok,0
721,24.033,1780168767,D17,284,703,ok,1
721,24.033,1780168767,D20,154,762,ok,0
721,24.033,1780168767,D1,129,734,ok,1
721,24.033,1780168767,D15,189,762,ok,0
721,24.033,1780168767,D14,115,757,ok,0
722,24.067,1780168767,G38,124,158,ok,1
722,24.067,1780168767,G42,285,155,ok,1
722,24.067,1780168767,G30,10,142,ok,1
722,24.067,1780168767,G34,92,-27,ok,0
722,24.067,1780168767,G11,138,-1,ok,0
722,24.067,1780168767,G18,163,-21,ok,0
722,24.067,1780168767,G40,123,-19,ok,0
722,24.067,1780168767,G46,7,-54,ok,0
722,24.067,1780168767,G45,48,-77,ok,0
722,24.067,1780168767,G39,475,394,ok,0
722,24.067,1780168767,D4,-23,488,ok,0
722,24.067,1780168767,D11,0,525,ok,1
722,24.067,1780168767,D22,122,569,ok,1
722,24.067,1780168767,D2,273,565,ok,1
722,24.067,1780168767,D24,-87,589,ok,0
722,24.067,1780168767,D17,283,705,ok,1
722,24.067,1780168767,D20,154,762,ok,0
722,24.067,1780168767,D1,129,734,ok,1
722,24.067,1780168767,D14,115,757,ok,0
722,24.067,1780168767,D15,189,762,ok,0
722,24.067,1780168767,G44,473,393,interpolated,0
723,24.100,1780168767,G38,120,158,ok,1
723,24.100,1780168767,G42,285,154,ok,1
723,24.100,1780168767,G30,10,142,ok,1
723,24.100,1780168767,G34,92,-27,ok,0
723,24.100,1780168767,G11,138,0,ok,1
723,24.100,1780168767,G18,162,-21,ok,0
723,24.100,1780168767,G40,122,-19,ok,0
723,24.100,1780168767,G39,475,394,ok,0
723,24.100,1780168767,D4,-24,490,ok,0
723,24.100,1780168767,D11,0,525,ok,1
723,24.100,1780168767,D22,122,569,ok,1
723,24.100,1780168767,D2,273,565,ok,1
723,24.100,1780168767,D17,283,709,ok,1
723,24.100,1780168767,D24,-86,587,ok,0
723,24.100,1780168767,D1,129,734,ok,1
723,24.100,1780168767,D20,154,762,ok,0
723,24.100,1780168767,D15,189,762,ok,0
723,24.100,1780168767,D14,115,757,ok,0
723,24.100,1780168767,G44,473,393,interpolated,0
723,24.100,1780168767,G45,48,-77,interpolated,0
723,24.100,1780168767,G46,7,-54,interpolated,0
724,24.133,1780168767,G38,117,158,ok,1
724,24.133,1780168767,G30,10,142,ok,1
724,24.133,1780168767,G42,285,154,ok,1
724,24.133,1780168767,G34,92,-27,ok,0
724,24.133,1780168767,G11,137,0,ok,1
724,24.133,1780168767,G18,163,-21,ok,0
724,24.133,1780168767,G40,122,-20,ok,0
724,24.133,1780168767,G39,475,394,ok,0
724,24.133,1780168767,G46,7,-54,ok,0
724,24.133,1780168767,D4,-24,492,ok,0
724,24.133,1780168767,D11,0,525,ok,1
724,24.133,1780168767,D22,122,569,ok,1
724,24.133,1780168767,D2,273,565,ok,1
724,24.133,1780168767,D24,-85,585,ok,0
724,24.133,1780168767,D17,282,713,ok,1
724,24.133,1780168767,D20,153,762,ok,0
724,24.133,1780168767,D15,188,762,ok,0
724,24.133,1780168767,D1,129,734,ok,1
724,24.133,1780168767,D14,115,756,ok,0
724,24.133,1780168767,G44,473,393,interpolated,0
724,24.133,1780168767,G45,48,-77,interpolated,0
725,24.167,1780168767,G38,116,158,ok,1
725,24.167,1780168767,G30,9,142,ok,1
725,24.167,1780168767,G42,285,154,ok,1
725,24.167,1780168767,G34,92,-27,ok,0
725,24.167,1780168767,G11,136,2,ok,1
725,24.167,1780168767,G18,161,-21,ok,0
725,24.167,1780168767,G46,7,-55,ok,0
725,24.167,1780168767,G39,475,394,ok,0
725,24.167,1780168767,G40,122,-23,ok,0
725,24.167,1780168767,D4,-25,493,ok,0
725,24.167,1780168767,D11,0,525,ok,1
725,24.167,1780168767,D22,122,569,ok,1
725,24.167,1780168767,D2,273,565,ok,1
725,24.167,1780168767,D24,-86,585,ok,0
725,24.167,1780168767,D17,282,715,ok,1
725,24.167,1780168767,D1,129,734,ok,1
725,24.167,1780168767,D15,188,761,ok,0
725,24.167,1780168767,D20,153,762,ok,0
725,24.167,1780168767,D14,115,756,ok,0
725,24.167,1780168767,G44,473,393,interpolated,0
725,24.167,1780168767,G45,48,-77,interpolated,0
726,24.200,1780168767,G38,115,158,ok,1
726,24.200,1780168767,G30,8,143,ok,1
726,24.200,1780168767,G42,285,154,ok,1
726,24.200,1780168767,G34,92,-27,ok,0
726,24.200,1780168767,G11,136,4,ok,1
726,24.200,1780168767,G18,160,-21,ok,0
726,24.200,1780168767,G46,7,-54,ok,0
726,24.200,1780168767,G39,475,394,ok,0
726,24.200,1780168767,D22,122,569,ok,1
726,24.200,1780168767,D4,-25,495,ok,0
726,24.200,1780168767,D11,0,525,ok,1
726,24.200,1780168767,D2,273,565,ok,1
726,24.200,1780168767,D24,-86,585,ok,0
726,24.200,1780168767,D1,129,734,ok,1
726,24.200,1780168767,D17,281,715,ok,1
726,24.200,1780168767,D15,188,761,ok,0
726,24.200,1780168767,D20,153,763,ok,0
726,24.200,1780168767,D14,114,758,ok,0
726,24.200,1780168767,G40,122,-23,interpolated,0
726,24.200,1780168767,G44,473,393,interpolated,0
726,24.200,1780168767,G45,48,-77,interpolated,0
727,24.233,1780168767,G38,115,158,ok,1
727,24.233,1780168767,G30,8,143,ok,1
727,24.233,1780168767,G42,285,154,ok,1
727,24.233,1780168767,G34,92,-27,ok,0
727,24.233,1780168767,G11,136,4,ok,1
727,24.233,1780168767,G18,160,-21,ok,0
727,24.233,1780168767,G46,7,-54,ok,0
727,24.233,1780168767,G39,475,394,ok,0
727,24.233,1780168767,D22,122,569,ok,1
727,24.233,1780168767,D11,0,525,ok,1
727,24.233,1780168767,D4,-25,495,ok,0
727,24.233,1780168767,D2,273,565,ok,1
727,24.233,1780168767,D24,-86,585,ok,0
727,24.233,1780168767,D1,129,734,ok,1
727,24.233,1780168767,D17,281,715,ok,1
727,24.233,1780168767,D15,188,761,ok,0
727,24.233,1780168767,D20,153,763,ok,0
727,24.233,1780168767,D14,114,758,ok,0
727,24.233,1780168767,G40,122,-23,interpolated,0
727,24.233,1780168767,G44,473,393,interpolated,0
727,24.233,1780168767,G45,48,-77,interpolated,0
728,24.267,1780168767,G38,113,157,ok,1
728,24.267,1780168767,G30,8,143,ok,1
728,24.267,1780168767,G42,285,154,ok,1
728,24.267,1780168767,G34,92,-27,ok,0
728,24.267,1780168767,G11,135,4,ok,1
728,24.267,1780168767,G18,164,-21,ok,0
728,24.267,1780168767,G46,7,-55,ok,0
728,24.267,1780168767,G39,474,394,ok,0
728,24.267,1780168767,D22,122,569,ok,1
728,24.267,1780168767,D4,-25,498,ok,0
728,24.267,1780168767,D2,273,565,ok,1
728,24.267,1780168767,D11,0,525,ok,1
728,24.267,1780168767,D24,-87,584,ok,0
728,24.267,1780168767,D17,279,714,ok,1
728,24.267,1780168767,D15,188,761,ok,0
728,24.267,1780168767,D1,129,734,ok,1
728,24.267,1780168767,D20,153,763,ok,0
728,24.267,1780168767,D14,115,757,ok,0
728,24.267,1780168767,G40,122,-23,interpolated,0
728,24.267,1780168767,G44,473,393,interpolated,0
728,24.267,1780168767,G45,48,-77,interpolated,0
729,24.300,1780168767,G38,110,155,ok,1
729,24.300,1780168767,G30,7,143,ok,1
729,24.300,1780168767,G42,286,154,ok,1
729,24.300,1780168767,G34,92,-28,ok,0
729,24.300,1780168767,G11,134,5,ok,1
729,24.300,1780168767,G18,163,-21,ok,0
729,24.300,1780168767,G46,7,-55,ok,0
729,24.300,1780168767,G39,474,394,ok,0
729,24.300,1780168767,D22,122,569,ok,1
729,24.300,1780168767,D4,-26,501,ok,0
729,24.300,1780168767,D2,273,565,ok,1
729,24.300,1780168767,D11,0,525,ok,1
729,24.300,1780168767,D24,-88,584,ok,0
729,24.300,1780168767,D17,278,714,ok,1
729,24.300,1780168767,D15,188,761,ok,0
729,24.300,1780168767,D1,129,732,ok,1
729,24.300,1780168767,D20,153,763,ok,0
729,24.300,1780168767,D14,115,757,interpolated,0
729,24.300,1780168767,G40,122,-23,interpolated,0
729,24.300,1780168767,G44,473,393,interpolated,0
729,24.300,1780168767,G45,48,-77,interpolated,0
730,24.333,1780168767,G30,6,143,ok,1
730,24.333,1780168767,G38,106,152,ok,1
730,24.333,1780168767,G34,92,-27,ok,0
730,24.333,1780168767,G42,287,154,ok,1
730,24.333,1780168767,G11,134,5,ok,1
730,24.333,1780168767,G18,163,-21,ok,0
730,24.333,1780168767,G40,160,-21,ok,0
730,24.333,1780168767,G39,474,394,ok,0
730,24.333,1780168767,D4,-26,502,ok,0
730,24.333,1780168767,D2,273,565,ok,1
730,24.333,1780168767,D22,121,569,ok,1
730,24.333,1780168767,D24,-90,584,ok,0
730,24.333,1780168767,D11,0,526,ok,1
730,24.333,1780168767,D17,276,714,ok,1
730,24.333,1780168767,D15,188,761,ok,0
730,24.333,1780168767,D1,129,734,ok,1
730,24.333,1780168767,D20,153,763,ok,0
730,24.333,1780168767,D28,-135,482,ok,0
730,24.333,1780168767,D14,115,757,interpolated,0
730,24.333,1780168767,G44,473,393,interpolated,0
730,24.333,1780168767,G45,48,-77,interpolated,0
730,24.333,1780168767,G46,7,-55,interpolated,0
731,24.367,1780168767,G30,7,144,ok,1
731,24.367,1780168767,G38,103,150,ok,1
731,24.367,1780168767,G42,287,154,ok,1
731,24.367,1780168767,G34,92,-27,ok,0
731,24.367,1780168767,G11,135,6,ok,1
731,24.367,1780168767,G40,159,-21,ok,0
731,24.367,1780168767,G39,474,394,ok,0
731,24.367,1780168767,D4,-25,501,ok,0
731,24.367,1780168767,D22,121,569,ok,1
731,24.367,1780168767,D2,273,565,ok,1
731,24.367,1780168767,D24,-90,584,ok,0
731,24.367,1780168767,D11,0,526,ok,1
731,24.367,1780168767,D17,274,714,ok,1
731,24.367,1780168767,D15,188,760,ok,0
731,24.367,1780168767,D1,129,734,ok,1
731,24.367,1780168767,D20,152,763,ok,0
731,24.367,1780168767,D28,-135,482,ok,0
731,24.367,1780168767,D14,115,757,interpolated,0
731,24.367,1780168767,G18,163,-21,interpolated,0
731,24.367,1780168767,G44,473,393,interpolated,0
731,24.367,1780168767,G45,48,-77,interpolated,0
731,24.367,1780168767,G46,7,-55,interpolated,0
732,24.400,1780168767,G30,7,147,ok,1
732,24.400,1780168767,G38,102,149,ok,1
732,24.400,1780168767,G42,287,154,ok,1
732,24.400,1780168767,G34,92,-27,ok,0
732,24.400,1780168767,G11,135,6,ok,1
732,24.400,1780168767,G40,160,-21,ok,0
732,24.400,1780168767,G39,474,394,ok,0
732,24.400,1780168767,G44,474,394,ok,0
732,24.400,1780168767,D4,-23,501,ok,0
732,24.400,1780168767,D22,121,569,ok,1
732,24.400,1780168767,D2,273,564,ok,1
732,24.400,1780168767,D11,0,527,ok,1
732,24.400,1780168767,D24,-92,584,ok,0
732,24.400,1780168767,D17,272,713,ok,1
732,24.400,1780168767,D15,187,761,ok,0
732,24.400,1780168767,D1,129,734,ok,1
732,24.400,1780168767,D20,152,763,ok,0
732,24.400,1780168767,D14,112,756,ok,0
732,24.400,1780168767,D28,-135,482,ok,0
732,24.400,1780168767,G18,163,-21,interpolated,0
732,24.400,1780168767,G45,48,-77,interpolated,0
732,24.400,1780168767,G46,7,-55,interpolated,0
733,24.433,1780168767,G30,7,147,ok,1
733,24.433,1780168767,G38,102,149,ok,1
733,24.433,1780168767,G42,287,154,ok,1
733,24.433,1780168767,G34,92,-27,ok,0
733,24.433,1780168767,G11,135,6,ok,1
733,24.433,1780168767,G40,160,-21,ok,0
733,24.433,1780168767,G39,474,394,ok,0
733,24.433,1780168767,G44,474,394,ok,0
733,24.433,1780168767,D4,-23,501,ok,0
733,24.433,1780168767,D22,121,569,ok,1
733,24.433,1780168767,D2,273,564,ok,1
733,24.433,1780168767,D11,0,527,ok,1
733,24.433,1780168767,D24,-92,584,ok,0
733,24.433,1780168767,D17,272,713,ok,1
733,24.433,1780168767,D15,187,761,ok,0
733,24.433,1780168767,D1,129,734,ok,1
733,24.433,1780168767,D20,152,763,ok,0
733,24.433,1780168767,D14,112,756,ok,0
733,24.433,1780168767,D28,-135,482,ok,0
733,24.433,1780168767,G18,163,-21,interpolated,0
733,24.433,1780168767,G46,7,-55,interpolated,0
734,24.467,1780168767,G30,8,150,ok,1
734,24.467,1780168767,G38,99,148,ok,1
734,24.467,1780168767,G42,287,154,ok,1
734,24.467,1780168767,G34,92,-27,ok,0
734,24.467,1780168767,G11,132,6,ok,1
734,24.467,1780168767,G40,161,-21,ok,0
734,24.467,1780168767,G39,474,395,ok,0
734,24.467,1780168767,D4,-23,501,ok,0
734,24.467,1780168767,D22,121,569,ok,1
734,24.467,1780168767,D2,273,562,ok,1
734,24.467,1780168767,D24,-91,580,ok,0
734,24.467,1780168767,D11,0,526,ok,1
734,24.467,1780168767,D15,187,760,ok,0
734,24.467,1780168767,D17,272,713,ok,1
734,24.467,1780168767,D1,129,734,ok,1
734,24.467,1780168767,D20,152,763,ok,0
734,24.467,1780168767,D14,115,757,ok,0
734,24.467,1780168767,D28,-135,482,ok,0
734,24.467,1780168767,G18,163,-21,interpolated,0
734,24.467,1780168767,G44,474,394,interpolated,0
734,24.467,1780168767,G46,7,-55,interpolated,0
735,24.500,1780168767,G30,8,151,ok,1
735,24.500,1780168767,G38,96,147,ok,1
735,24.500,1780168767,G42,287,155,ok,1
735,24.500,1780168767,G34,92,-28,ok,0
735,24.500,1780168767,G11,131,6,ok,1
735,24.500,1780168767,G18,162,-21,ok,0
735,24.500,1780168767,D4,-22,501,ok,0
735,24.500,1780168767,D22,121,569,ok,1
735,24.500,1780168767,D2,273,562,ok,1
735,24.500,1780168767,D24,-90,576,ok,0
735,24.500,1780168767,D11,0,526,ok,1
735,24.500,1780168767,D15,187,760,ok,0
735,24.500,1780168767,D17,271,714,ok,1
735,24.500,1780168767,D20,151,763,ok,0
735,24.500,1780168767,D1,129,734,ok,1
735,24.500,1780168767,D14,115,757,ok,0
735,24.500,1780168767,D28,-135,482,ok,0
735,24.500,1780168767,G40,161,-21,interpolated,0
735,24.500,1780168767,G44,474,394,interpolated,0
735,24.500,1780168767,G39,474,395,interpolated,0
735,24.500,1780168767,G46,7,-55,interpolated,0
736,24.533,1780168767,G30,8,152,ok,1
736,24.533,1780168767,G38,93,146,ok,1
736,24.533,1780168767,G42,286,155,ok,1
736,24.533,1780168767,G34,92,-28,ok,0
736,24.533,1780168767,G11,133,6,ok,1
736,24.533,1780168767,G40,160,-22,ok,0
736,24.533,1780168767,G44,475,394,ok,0
736,24.533,1780168767,D4,-22,501,ok,0
736,24.533,1780168767,D22,121,569,ok,1
736,24.533,1780168767,D11,1,523,ok,1
736,24.533,1780168767,D2,273,562,ok,1
736,24.533,1780168767,D24,-90,575,ok,0
736,24.533,1780168767,D15,187,761,ok,0
736,24.533,1780168767,D17,270,715,ok,1
736,24.533,1780168767,D1,129,734,ok,1
736,24.533,1780168767,D20,151,763,ok,0
736,24.533,1780168767,D28,-135,482,ok,0
736,24.533,1780168767,D14,115,757,interpolated,0
736,24.533,1780168767,G18,162,-21,interpolated,0
736,24.533,1780168767,G39,474,395,interpolated,0
736,24.533,1780168767,G46,7,-55,interpolated,0
737,24.567,1780168767,G30,8,152,ok,1
737,24.567,1780168767,G38,92,145,ok,1
737,24.567,1780168767,G42,286,157,ok,1
737,24.567,1780168767,G34,93,-28,ok,0
737,24.567,1780168767,G11,130,6,ok,1
737,24.567,1780168767,G40,159,-22,ok,0
737,24.567,1780168767,G44,475,394,ok,0
737,24.567,1780168767,D4,-21,501,ok,0
737,24.567,1780168767,D22,121,569,ok,1
737,24.567,1780168767,D11,1,523,ok,1
737,24.567,1780168767,D2,273,562,ok,1
737,24.567,1780168767,D24,-89,572,ok,0
737,24.567,1780168767,D15,186,761,ok,0
737,24.567,1780168767,D17,270,716,ok,1
737,24.567,1780168767,D1,129,734,ok,1
737,24.567,1780168767,D20,151,762,ok,0
737,24.567,1780168767,D14,113,757,ok,0
737,24.567,1780168767,D28,-135,482,ok,0
737,24.567,1780168767,G18,162,-21,interpolated,0
737,24.567,1780168767,G39,474,395,interpolated,0
737,24.567,1780168767,G46,7,-55,interpolated,0
738,24.600,1780168767,G30,7,151,ok,1
738,24.600,1780168767,G38,89,145,ok,1
738,24.600,1780168767,G42,286,158,ok,1
738,24.600,1780168767,G34,93,-28,ok,0
738,24.600,1780168767,G11,131,7,ok,1
738,24.600,1780168767,G40,159,-22,ok,0
738,24.600,1780168767,D4,-21,502,ok,0
738,24.600,1780168767,D22,121,569,ok,1
738,24.600,1780168767,D11,1,523,ok,1
738,24.600,1780168767,D2,273,562,ok,1
738,24.600,1780168767,D24,-88,571,ok,0
738,24.600,1780168767,D15,185,762,ok,0
738,24.600,1780168767,D17,269,718,ok,1
738,24.600,1780168767,D1,129,734,ok,1
738,24.600,1780168767,D20,150,763,ok,0
738,24.600,1780168767,D14,113,757,interpolated,0
738,24.600,1780168767,G18,162,-21,interpolated,0
738,24.600,1780168767,G44,475,394,interpolated,0
738,24.600,1780168767,G39,474,395,interpolated,0
738,24.600,1780168767,G46,7,-55,interpolated,0
738,24.600,1780168767,D28,-135,482,interpolated,0
739,24.633,1780168767,G30,7,151,ok,1
739,24.633,1780168767,G38,90,145,ok,1
739,24.633,1780168767,G42,286,158,ok,1
739,24.633,1780168767,G34,93,-28,ok,0
739,24.633,1780168767,G11,131,7,ok,1
739,24.633,1780168767,G40,159,-22,ok,0
739,24.633,1780168767,D4,-21,502,ok,0
739,24.633,1780168767,D22,121,569,ok,1
739,24.633,1780168767,D11,1,523,ok,1
739,24.633,1780168767,D2,273,562,ok,1
739,24.633,1780168767,D24,-88,571,ok,0
739,24.633,1780168767,D15,185,762,ok,0
739,24.633,1780168767,D17,269,718,ok,1
739,24.633,1780168767,D1,129,734,ok,1
739,24.633,1780168767,D20,150,763,ok,0
739,24.633,1780168767,D14,113,757,interpolated,0
739,24.633,1780168767,G18,162,-21,interpolated,0
739,24.633,1780168767,G44,475,394,interpolated,0
739,24.633,1780168767,G39,474,395,interpolated,0
739,24.633,1780168767,G46,7,-55,interpolated,0
739,24.633,1780168767,D28,-135,482,interpolated,0
740,24.667,1780168767,G30,6,151,ok,1
740,24.667,1780168767,G42,286,159,ok,1
740,24.667,1780168767,G38,88,145,ok,1
740,24.667,1780168767,G34,92,-29,ok,0
740,24.667,1780168767,G11,132,6,ok,1
740,24.667,1780168767,G40,160,-22,ok,0
740,24.667,1780168767,D4,-21,502,ok,0
740,24.667,1780168767,D22,121,569,ok,1
740,24.667,1780168767,D11,1,523,ok,1
740,24.667,1780168767,D2,273,562,ok,1
740,24.667,1780168767,D24,-86,567,ok,0
740,24.667,1780168767,D15,184,763,ok,0
740,24.667,1780168767,D1,129,734,ok,1
740,24.667,1780168767,D17,269,721,ok,1
740,24.667,1780168767,D20,150,763,ok,0
740,24.667,1780168767,D14,113,757,interpolated,0
740,24.667,1780168767,G18,162,-21,interpolated,0
740,24.667,1780168767,G44,475,394,interpolated,0
740,24.667,1780168767,G39,474,395,interpolated,0
740,24.667,1780168767,D28,-135,482,interpolated,0
741,24.700,1780168767,G30,6,150,ok,1
741,24.700,1780168767,G38,87,144,ok,1
741,24.700,1780168767,G42,286,161,ok,1
741,24.700,1780168767,G34,93,-28,ok,0
741,24.700,1780168767,G11,134,7,ok,1
741,24.700,1780168767,G40,160,-22,ok,0
741,24.700,1780168767,G18,163,-23,ok,0
741,24.700,1780168767,D4,-21,503,ok,0
741,24.700,1780168767,D11,1,523,ok,1
741,24.700,1780168767,D22,121,570,ok,1
741,24.700,1780168767,D2,274,562,ok,1
741,24.700,1780168767,D24,-86,566,ok,0
741,24.700,1780168767,D15,184,764,ok,0
741,24.700,1780168767,D1,129,734,ok,1
741,24.700,1780168767,D17,268,722,ok,1
741,24.700,1780168767,D20,150,763,ok,0
741,24.700,1780168767,D14,113,757,interpolated,0
741,24.700,1780168767,G44,475,394,interpolated,0
741,24.700,1780168767,G39,474,395,interpolated,0
741,24.700,1780168767,D28,-135,482,interpolated,0
742,24.733,1780168767,G30,5,149,ok,1
742,24.733,1780168767,G38,85,144,ok,1
742,24.733,1780168767,G42,286,161,ok,1
742,24.733,1780168767,G34,94,-28,ok,0
742,24.733,1780168767,G11,133,6,ok,1
742,24.733,1780168767,G40,161,-22,ok,0
742,24.733,1780168767,D4,-21,503,ok,0
742,24.733,1780168767,D11,1,523,ok,1
742,24.733,1780168767,D22,121,571,ok,1
742,24.733,1780168767,D2,275,562,ok,1
742,24.733,1780168767,D24,-87,566,ok,0
742,24.733,1780168767,D1,129,734,ok,1
742,24.733,1780168767,D17,267,723,ok,1
742,24.733,1780168767,D20,150,763,ok,0
742,24.733,1780168767,D15,183,765,ok,0
742,24.733,1780168767,D14,113,757,interpolated,0
742,24.733,1780168767,G18,163,-23,interpolated,0
742,24.733,1780168767,G44,475,394,interpolated,0
742,24.733,1780168767,G39,474,395,interpolated,0
742,24.733,1780168767,D28,-135,482,interpolated,0
743,24.767,1780168767,G30,4,149,ok,1
743,24.767,1780168767,G38,82,144,ok,1
743,24.767,1780168767,G42,286,161,ok,1
743,24.767,1780168767,G34,93,-28,ok,0
743,24.767,1780168767,G11,133,3,ok,1
743,24.767,1780168767,G40,160,-22,ok,0
743,24.767,1780168767,D4,-21,505,ok,0
743,24.767,1780168767,D11,0,523,ok,1
743,24.767,1780168767,D22,121,571,ok,1
743,24.767,1780168767,D24,-88,566,ok,0
743,24.767,1780168767,D2,275,562,ok,1
743,24.767,1780168767,D1,129,734,ok,1
743,24.767,1780168767,D15,183,765,ok,0
743,24.767,1780168767,D17,266,723,ok,1
743,24.767,1780168767,D20,150,763,ok,0
743,24.767,1780168767,D14,113,757,interpolated,0
743,24.767,1780168767,G18,163,-23,interpolated,0
743,24.767,1780168767,G44,475,394,interpolated,0
743,24.767,1780168767,G39,474,395,interpolated,0
743,24.767,1780168767,D28,-135,482,interpolated,0
744,24.800,1780168767,G30,3,149,ok,1
744,24.800,1780168767,G38,80,143,ok,1
744,24.800,1780168767,G42,287,161,ok,1
744,24.800,1780168767,G11,133,3,ok,1
744,24.800,1780168767,G34,94,-28,ok,0
744,24.800,1780168767,G40,160,-22,ok,0
744,24.800,1780168767,D4,-22,506,ok,0
744,24.800,1780168767,D11,0,523,ok,1
744,24.800,1780168767,D22,121,572,ok,1
744,24.800,1780168767,D24,-89,565,ok,0
744,24.800,1780168767,D2,275,562,ok,1
744,24.800,1780168767,D17,264,724,ok,1
744,24.800,1780168767,D1,129,734,ok,1
744,24.800,1780168767,D15,183,766,ok,0
744,24.800,1780168767,D20,150,764,ok,0
744,24.800,1780168767,D14,113,757,interpolated,0
744,24.800,1780168767,G18,163,-23,interpolated,0
744,24.800,1780168767,G44,475,394,interpolated,0
744,24.800,1780168767,G39,474,395,interpolated,0
744,24.800,1780168767,D28,-135,482,interpolated,0
745,24.833,1780168767,G30,3,149,ok,1
745,24.833,1780168767,G38,80,143,ok,1
745,24.833,1780168767,G42,287,161,ok,1
745,24.833,1780168767,G11,133,3,ok,1
745,24.833,1780168767,G34,94,-28,ok,0
745,24.833,1780168767,G40,160,-22,ok,0
745,24.833,1780168767,D4,-22,506,ok,0
745,24.833,1780168767,D11,0,523,ok,1
745,24.833,1780168767,D22,121,572,ok,1
745,24.833,1780168767,D24,-89,565,ok,0
745,24.833,1780168767,D2,275,562,ok,1
745,24.833,1780168767,D17,264,724,ok,1
745,24.833,1780168767,D1,129,734,ok,1
745,24.833,1780168767,D15,183,766,ok,0
745,24.833,1780168767,D20,150,764,ok,0
745,24.833,1780168767,D14,113,757,interpolated,0
745,24.833,1780168767,G18,163,-23,interpolated,0
745,24.833,1780168767,G44,475,394,interpolated,0
745,24.833,1780168767,D28,-135,482,interpolated,0
746,24.867,1780168767,G38,78,143,ok,1
746,24.867,1780168767,G30,2,149,ok,1
746,24.867,1780168767,G42,289,162,ok,1
746,24.867,1780168767,G34,94,-28,ok,0
746,24.867,1780168767,G40,161,-22,ok,0
746,24.867,1780168767,G11,134,4,ok,1
746,24.867,1780168767,D4,-22,508,ok,0
746,24.867,1780168767,D11,0,523,ok,1
746,24.867,1780168767,D22,121,572,ok,1
746,24.867,1780168767,D24,-90,565,ok,0
746,24.867,1780168767,D2,275,562,ok,1
746,24.867,1780168767,D17,263,723,ok,1
746,24.867,1780168767,D1,129,734,ok,1
746,24.867,1780168767,D15,183,766,ok,0
746,24.867,1780168767,D20,150,764,ok,0
746,24.867,1780168767,D14,113,757,interpolated,0
746,24.867,1780168767,G18,163,-23,interpolated,0
746,24.867,1780168767,G44,475,394,interpolated,0
746,24.867,1780168767,D28,-135,482,interpolated,0
747,24.900,1780168767,G30,0,150,ok,1
747,24.900,1780168767,G38,77,144,ok,1
747,24.900,1780168767,G42,291,162,ok,1
747,24.900,1780168767,G40,162,-22,ok,0
747,24.900,1780168767,G34,94,-28,ok,0
747,24.900,1780168767,G11,134,5,ok,1
747,24.900,1780168767,D4,-23,511,ok,0
747,24.900,1780168767,D22,121,572,ok,1
747,24.900,1780168767,D11,0,523,ok,1
747,24.900,1780168767,D24,-90,565,ok,0
747,24.900,1780168767,D2,274,557,ok,1
747,24.900,1780168767,D17,261,723,ok,1
747,24.900,1780168767,D1,129,734,ok,1
747,24.900,1780168767,D20,150,764,ok,0
747,24.900,1780168767,D15,183,767,ok,0
747,24.900,1780168767,D14,113,757,interpolated,0
747,24.900,1780168767,G18,163,-23,interpolated,0
747,24.900,1780168767,G44,475,394,interpolated,0
747,24.900,1780168767,D28,-135,482,interpolated,0
748,24.933,1780168767,G30,0,155,ok,1
748,24.933,1780168767,G38,75,145,ok,1
748,24.933,1780168767,G42,291,162,ok,1
748,24.933,1780168767,G34,94,-27,ok,0
748,24.933,1780168767,G18,163,-22,ok,0
748,24.933,1780168767,G11,134,5,ok,1
748,24.933,1780168767,D4,-23,511,ok,0
748,24.933,1780168767,D22,121,572,ok,1
748,24.933,1780168767,D11,0,523,ok,1
748,24.933,1780168767,D24,-90,565,ok,0
748,24.933,1780168767,D2,274,551,ok,1
748,24.933,1780168767,D17,259,723,ok,1
748,24.933,1780168767,D1,128,734,ok,1
748,24.933,1780168767,D20,150,764,ok,0
748,24.933,1780168767,D15,183,768,ok,0
748,24.933,1780168767,D28,-115,451,ok,0
748,24.933,1780168767,D14,-115,451,ok,0
748,24.933,1780168767,G40,162,-22,interpolated,0
749,24.967,1780168767,G38,74,149,ok,1
749,24.967,1780168767,G30,0,161,ok,1
749,24.967,1780168767,G34,94,-28,ok,0
749,24.967,1780168767,G18,163,-22,ok,0
749,24.967,1780168767,G42,292,162,ok,1
749,24.967,1780168767,G11,134,5,ok,1
749,24.967,1780168767,D4,-25,516,ok,0
749,24.967,1780168767,D22,121,572,ok,1
749,24.967,1780168767,D24,-90,565,ok,0
749,24.967,1780168767,D11,0,523,ok,1
749,24.967,1780168767,D1,127,734,ok,1
749,24.967,1780168767,D17,257,722,ok,1
749,24.967,1780168767,D2,274,546,ok,1
749,24.967,1780168767,D20,150,764,ok,0
749,24.967,1780168767,D15,183,768,ok,0
749,24.967,1780168767,D14,-115,451,ok,0
749,24.967,1780168767,D28,-114,450,ok,0
749,24.967,1780168767,G40,162,-22,interpolated,0
750,25.000,1780168768,G38,73,152,ok,1
750,25.000,1780168768,G30,1,166,ok,1
750,25.000,1780168768,G34,94,-28,ok,0
750,25.000,1780168768,G18,163,-22,ok,0
750,25.000,1780168768,G42,293,164,ok,1
750,25.000,1780168768,G11,134,5,ok,1
750,25.000,1780168768,D4,-25,517,ok,0
750,25.000,1780168768,D11,1,522,ok,1
750,25.000,1780168768,D22,121,572,ok,1
750,25.000,1780168768,D24,-88,560,ok,0
750,25.000,1780168768,D1,127,734,ok,1
750,25.000,1780168768,D17,256,722,ok,1
750,25.000,1780168768,D2,274,543,ok,1
750,25.000,1780168768,D20,150,764,ok,0
750,25.000,1780168768,D15,183,768,ok,0
750,25.000,1780168768,D28,-114,451,ok,0
750,25.000,1780168768,D14,-115,451,ok,0
750,25.000,1780168768,D29,277,562,ok,1
750,25.000,1780168768,G40,162,-22,interpolated,0
751,25.033,1780168768,G38,73,152,ok,1
751,25.033,1780168768,G30,1,166,ok,1
751,25.033,1780168768,G34,94,-28,ok,0
751,25.033,1780168768,G18,163,-22,ok,0
751,25.033,1780168768,G42,293,165,ok,1
751,25.033,1780168768,G11,134,5,ok,1
751,25.033,1780168768,D4,-25,517,ok,0
751,25.033,1780168768,D11,1,522,ok,1
751,25.033,1780168768,D22,121,572,ok,1
751,25.033,1780168768,D24,-88,560,ok,0
751,25.033,1780168768,D1,127,734,ok,1
751,25.033,1780168768,D17,256,722,ok,1
751,25.033,1780168768,D2,274,543,ok,1
751,25.033,1780168768,D20,150,764,ok,0
751,25.033,1780168768,D15,183,768,ok,0
751,25.033,1780168768,D28,-115,452,ok,0
751,25.033,1780168768,D29,277,562,ok,1
751,25.033,1780168768,D14,-115,451,ok,0
751,25.033,1780168768,G40,162,-22,interpolated,0
752,25.067,1780168768,G38,71,154,ok,1
752,25.067,1780168768,G34,94,-27,ok,0
752,25.067,1780168768,G42,290,176,ok,1
752,25.067,1780168768,G18,163,-22,ok,0
752,25.067,1780168768,G11,134,5,ok,1
752,25.067,1780168768,G40,-10,142,ok,0
752,25.067,1780168768,G30,1,169,ok,1
752,25.067,1780168768,D24,-86,556,ok,0
752,25.067,1780168768,D4,-25,517,ok,0
752,25.067,1780168768,D22,121,571,ok,1
752,25.067,1780168768,D11,2,519,ok,1
752,25.067,1780168768,D2,274,541,ok,1
752,25.067,1780168768,D17,256,722,ok,1
752,25.067,1780168768,D20,150,764,ok,0
752,25.067,1780168768,D1,127,734,ok,1
752,25.067,1780168768,D15,183,768,ok,0
752,25.067,1780168768,D14,-115,451,ok,0
752,25.067,1780168768,D28,-114,450,ok,0
752,25.067,1780168768,D29,277,562,interpolated,1
753,25.100,1780168768,G38,70,155,ok,1
753,25.100,1780168768,G42,290,182,ok,1
753,25.100,1780168768,G34,94,-28,ok,0
753,25.100,1780168768,G18,163,-22,ok,0
753,25.100,1780168768,G30,0,169,ok,1
753,25.100,1780168768,G11,136,7,ok,1
753,25.100,1780168768,G40,-9,146,ok,0
753,25.100,1780168768,D4,-25,517,ok,0
753,25.100,1780168768,D24,-85,552,ok,0
753,25.100,1780168768,D22,121,571,ok,1
753,25.100,1780168768,D11,2,516,ok,1
753,25.100,1780168768,D2,274,541,ok,1
753,25.100,1780168768,D17,255,722,ok,1
753,25.100,1780168768,D20,150,764,ok,0
753,25.100,1780168768,D1,127,734,ok,1
753,25.100,1780168768,D15,183,768,ok,0
753,25.100,1780168768,D14,-115,451,ok,0
753,25.100,1780168768,D28,-114,450,ok,0
753,25.100,1780168768,D29,277,562,interpolated,1
754,25.133,1780168768,G42,290,185,ok,1
754,25.133,1780168768,G38,70,155,ok,1
754,25.133,1780168768,G18,163,-22,ok,0
754,25.133,1780168768,G30,0,169,ok,1
754,25.133,1780168768,G34,94,-28,ok,0
754,25.133,1780168768,G11,139,7,ok,1
754,25.133,1780168768,G47,123,-20,ok,0
754,25.133,1780168768,D24,-85,552,ok,0
754,25.133,1780168768,D4,-24,517,ok,0
754,25.133,1780168768,D22,121,572,ok,1
754,25.133,1780168768,D11,3,513,ok,1
754,25.133,1780168768,D2,274,541,ok,1
754,25.133,1780168768,D20,150,764,ok,0
754,25.133,1780168768,D17,255,724,ok,1
754,25.133,1780168768,D1,127,734,ok,1
754,25.133,1780168768,D15,183,768,ok,0
754,25.133,1780168768,D28,-114,450,ok,0
754,25.133,1780168768,D14,-114,450,ok,0
754,25.133,1780168768,G40,-9,146,interpolated,0
754,25.133,1780168768,D29,277,562,interpolated,1
755,25.167,1780168768,G38,69,155,ok,1
755,25.167,1780168768,G42,290,185,ok,1
755,25.167,1780168768,G30,-1,169,ok,0
755,25.167,1780168768,G18,163,-22,ok,0
755,25.167,1780168768,G34,94,-28,ok,0
755,25.167,1780168768,G11,143,8,ok,1
755,25.167,1780168768,G47,123,-19,ok,0
755,25.167,1780168768,D24,-84,550,ok,0
755,25.167,1780168768,D22,121,573,ok,1
755,25.167,1780168768,D4,-24,517,ok,0
755,25.167,1780168768,D11,4,510,ok,1
755,25.167,1780168768,D2,274,541,ok,1
755,25.167,1780168768,D1,127,735,ok,1
755,25.167,1780168768,D17,254,724,ok,1
755,25.167,1780168768,D20,150,764,ok,0
755,25.167,1780168768,D15,182,768,ok,0
755,25.167,1780168768,D14,-114,450,ok,0
755,25.167,1780168768,D28,-115,451,ok,0
755,25.167,1780168768,G40,-9,146,interpolated,0
755,25.167,1780168768,D29,277,562,interpolated,1
756,25.200,1780168768,G38,69,156,ok,1
756,25.200,1780168768,G42,292,184,ok,1
756,25.200,1780168768,G30,-2,169,ok,0
756,25.200,1780168768,G18,163,-22,ok,0
756,25.200,1780168768,G34,94,-27,ok,0
756,25.200,1780168768,G11,146,7,ok,1
756,25.200,1780168768,G47,123,-18,ok,0
756,25.200,1780168768,D22,121,574,ok,1
756,25.200,1780168768,D24,-83,547,ok,0
756,25.200,1780168768,D4,-23,517,ok,0
756,25.200,1780168768,D11,4,510,ok,1
756,25.200,1780168768,D1,127,734,ok,1
756,25.200,1780168768,D2,273,539,ok,1
756,25.200,1780168768,D20,150,764,ok,0
756,25.200,1780168768,D17,254,728,ok,1
756,25.200,1780168768,D15,181,768,ok,0
756,25.200,1780168768,D28,-115,452,ok,0
756,25.200,1780168768,D14,-114,450,interpolated,0
756,25.200,1780168768,G40,-9,146,interpolated,0
756,25.200,1780168768,D29,277,562,interpolated,1
757,25.233,1780168768,G38,69,156,ok,1
757,25.233,1780168768,G42,292,184,ok,1
757,25.233,1780168768,G30,-2,169,ok,0
757,25.233,1780168768,G18,163,-22,ok,0
757,25.233,1780168768,G34,94,-27,ok,0
757,25.233,1780168768,G11,146,7,ok,1
757,25.233,1780168768,G47,123,-18,ok,0
757,25.233,1780168768,D22,121,574,ok,1
757,25.233,1780168768,D24,-83,547,ok,0
757,25.233,1780168768,D4,-23,517,ok,0
757,25.233,1780168768,D11,4,509,ok,1
757,25.233,1780168768,D1,127,734,ok,1
757,25.233,1780168768,D2,274,540,ok,1
757,25.233,1780168768,D20,150,764,ok,0
757,25.233,1780168768,D17,254,728,ok,1
757,25.233,1780168768,D15,181,768,ok,0
757,25.233,1780168768,D28,-115,452,ok,0
757,25.233,1780168768,D14,-114,450,interpolated,0
757,25.233,1780168768,G40,-9,146,interpolated,0
757,25.233,1780168768,D29,277,562,interpolated,1
758,25.267,1780168768,G38,68,157,ok,1
758,25.267,1780168768,G30,-3,169,ok,0
758,25.267,1780168768,G18,163,-22,ok,0
758,25.267,1780168768,G34,94,-27,ok,0
758,25.267,1780168768,G42,294,185,ok,1
758,25.267,1780168768,G11,148,7,ok,1
758,25.267,1780168768,G47,123,-18,ok,0
758,25.267,1780168768,D22,121,575,ok,1
758,25.267,1780168768,D24,-83,546,ok,0
758,25.267,1780168768,D4,-23,517,ok,0
758,25.267,1780168768,D11,4,509,ok,1
758,25.267,1780168768,D2,274,541,ok,1
758,25.267,1780168768,D20,150,763,ok,0
758,25.267,1780168768,D17,252,728,ok,1
758,25.267,1780168768,D1,127,734,ok,1
758,25.267,1780168768,D15,182,768,ok,0
758,25.267,1780168768,D28,-115,452,ok,0
758,25.267,1780168768,D14,-114,450,interpolated,0
758,25.267,1780168768,G40,-9,146,interpolated,0
758,25.267,1780168768,D29,277,562,interpolated,1
759,25.300,1780168768,G38,67,158,ok,1
759,25.300,1780168768,G42,295,186,ok,1
759,25.300,1780168768,G30,0,178,ok,1
759,25.300,1780168768,G34,94,-27,ok,0
759,25.300,1780168768,G18,164,-22,ok,0
759,25.300,1780168768,G11,150,11,ok,1
759,25.300,1780168768,G47,123,-18,ok,0
759,25.300,1780168768,G40,471,404,ok,0
759,25.300,1780168768,D22,122,573,ok,1
759,25.300,1780168768,D24,-83,546,ok,0
759,25.300,1780168768,D4,-23,517,ok,0
759,25.300,1780168768,D11,3,510,ok,1
759,25.300,1780168768,D2,274,541,ok,1
759,25.300,1780168768,D20,150,762,ok,0
759,25.300,1780168768,D1,125,734,ok,1
759,25.300,1780168768,D17,251,730,ok,1
759,25.300,1780168768,D15,180,768,ok,0
759,25.300,1780168768,D28,-115,452,ok,0
759,25.300,1780168768,D14,-114,450,interpolated,0
759,25.300,1780168768,D29,277,562,interpolated,1
760,25.333,1780168768,G42,295,194,ok,1
760,25.333,1780168768,G38,66,157,ok,1
760,25.333,1780168768,G30,1,186,ok,1
760,25.333,1780168768,G18,165,-22,ok,0
760,25.333,1780168768,G34,94,-28,ok,0
760,25.333,1780168768,G11,153,13,ok,1
760,25.333,1780168768,G47,123,-18,ok,0
760,25.333,1780168768,G40,470,406,ok,0
760,25.333,1780168768,D22,122,572,ok,1
760,25.333,1780168768,D24,-84,546,ok,0
760,25.333,1780168768,D4,-23,518,ok,0
760,25.333,1780168768,D11,3,510,ok,1
760,25.333,1780168768,D2,275,542,ok,1
760,25.333,1780168768,D1,126,734,ok,1
760,25.333,1780168768,D20,150,761,ok,0
760,25.333,1780168768,D15,179,768,ok,0
760,25.333,1780168768,D17,250,731,ok,1
760,25.333,1780168768,D29,131,754,ok,0
760,25.333,1780168768,D28,-115,452,ok,0
760,25.333,1780168768,D14,-114,450,interpolated,0
761,25.367,1780168768,G42,295,202,ok,1
761,25.367,1780168768,G30,2,191,ok,1
761,25.367,1780168768,G38,65,158,ok,1
761,25.367,1780168768,G34,94,-28,ok,0
761,25.367,1780168768,G18,165,-21,ok,0
761,25.367,1780168768,G47,123,-18,ok,0
761,25.367,1780168768,G11,155,16,ok,1
761,25.367,1780168768,G40,470,405,ok,0
761,25.367,1780168768,D22,122,572,ok,1
761,25.367,1780168768,D24,-86,546,ok,0
761,25.367,1780168768,D4,-23,518,ok,0
761,25.367,1780168768,D11,3,509,ok,1
761,25.367,1780168768,D2,277,541,ok,1
761,25.367,1780168768,D1,128,734,ok,1
761,25.367,1780168768,D20,149,762,ok,0
761,25.367,1780168768,D15,180,768,ok,0
761,25.367,1780168768,D29,133,753,ok,0
761,25.367,1780168768,D17,249,731,ok,1
761,25.367,1780168768,D28,-115,452,ok,0
761,25.367,1780168768,D14,-115,451,ok,0
762,25.400,1780168768,G30,1,194,ok,1
762,25.400,1780168768,G42,294,209,ok,1
762,25.400,1780168768,G34,94,-28,ok,0
762,25.400,1780168768,G38,60,158,ok,1
762,25.400,1780168768,G18,166,-21,ok,0
762,25.400,1780168768,G11,157,17,ok,1
762,25.400,1780168768,G47,123,-18,ok,0
762,25.400,1780168768,D24,-87,546,ok,0
762,25.400,1780168768,D22,122,571,ok,1
762,25.400,1780168768,D4,-23,519,ok,0
762,25.400,1780168768,D11,3,509,ok,1
762,25.400,1780168768,D2,277,536,ok,1
762,25.400,1780168768,D1,127,735,ok,1
762,25.400,1780168768,D20,149,763,ok,0
762,25.400,1780168768,D17,248,730,ok,1
762,25.400,1780168768,D15,181,768,ok,0
762,25.400,1780168768,D29,133,753,ok,0
762,25.400,1780168768,D14,-115,451,ok,0
762,25.400,1780168768,D28,-115,452,ok,0
762,25.400,1780168768,G40,470,405,interpolated,0
763,25.433,1780168768,G30,1,194,ok,1
763,25.433,1780168768,G42,294,209,ok,1
763,25.433,1780168768,G34,94,-28,ok,0
763,25.433,1780168768,G38,60,158,ok,1
763,25.433,1780168768,G18,166,-21,ok,0
763,25.433,1780168768,G11,157,17,ok,1
763,25.433,1780168768,G47,123,-18,ok,0
763,25.433,1780168768,D24,-87,546,ok,0
763,25.433,1780168768,D22,122,571,ok,1
763,25.433,1780168768,D4,-23,519,ok,0
763,25.433,1780168768,D11,3,509,ok,1
763,25.433,1780168768,D2,277,536,ok,1
763,25.433,1780168768,D1,127,735,ok,1
763,25.433,1780168768,D20,149,763,ok,0
763,25.433,1780168768,D17,248,730,ok,1
763,25.433,1780168768,D15,181,768,ok,0
763,25.433,1780168768,D29,133,753,ok,0
763,25.433,1780168768,D14,-115,451,ok,0
763,25.433,1780168768,D28,-115,452,ok,0
763,25.433,1780168768,G40,470,405,interpolated,0
764,25.467,1780168768,G42,298,213,ok,1
764,25.467,1780168768,G30,-1,194,ok,0
764,25.467,1780168768,G34,94,-28,ok,0
764,25.467,1780168768,G38,58,159,ok,1
764,25.467,1780168768,G18,166,-23,ok,0
764,25.467,1780168768,G47,123,-18,ok,0
764,25.467,1780168768,D22,122,571,ok,1
764,25.467,1780168768,D24,-89,546,ok,0
764,25.467,1780168768,D4,-23,519,ok,0
764,25.467,1780168768,D11,3,509,ok,1
764,25.467,1780168768,D2,277,530,ok,1
764,25.467,1780168768,D1,126,735,ok,1
764,25.467,1780168768,D17,247,730,ok,1
764,25.467,1780168768,D20,149,764,ok,0
764,25.467,1780168768,D29,133,755,ok,0
764,25.467,1780168768,D15,182,768,ok,0
764,25.467,1780168768,D28,-115,452,ok,0
764,25.467,1780168768,G11,157,17,interpolated,1
764,25.467,1780168768,D14,-115,451,interpolated,0
764,25.467,1780168768,G40,470,405,interpolated,0
765,25.500,1780168768,G42,298,216,ok,1
765,25.500,1780168768,G30,-2,194,ok,0
765,25.500,1780168768,G34,94,-28,ok,0
765,25.500,1780168768,G38,61,162,ok,1
765,25.500,1780168768,G47,124,-17,ok,0
765,25.500,1780168768,G11,165,17,ok,1
765,25.500,1780168768,G18,166,-43,ok,0
765,25.500,1780168768,D22,121,571,ok,1
765,25.500,1780168768,D4,-24,522,ok,0
765,25.500,1780168768,D24,-90,545,ok,0
765,25.500,1780168768,D11,2,510,ok,1
765,25.500,1780168768,D1,125,735,ok,1
765,25.500,1780168768,D17,245,730,ok,1
765,25.500,1780168768,D20,149,764,ok,0
765,25.500,1780168768,D30,279,541,ok,1
765,25.500,1780168768,D29,135,754,ok,0
765,25.500,1780168768,D2,276,524,ok,1
765,25.500,1780168768,D15,182,767,ok,0
765,25.500,1780168768,D14,-115,451,interpolated,0
765,25.500,1780168768,G40,470,405,interpolated,0
765,25.500,1780168768,D28,-115,452,interpolated,0
766,25.533,1780168768,G42,298,216,ok,1
766,25.533,1780168768,G30,-4,194,ok,0
766,25.533,1780168768,G34,94,-28,ok,0
766,25.533,1780168768,G38,61,164,ok,1
766,25.533,1780168768,G11,168,17,ok,1
766,25.533,1780168768,G47,124,-17,ok,0
766,25.533,1780168768,G18,167,-36,ok,0
766,25.533,1780168768,D22,120,571,ok,1
766,25.533,1780168768,D4,-23,524,ok,0
766,25.533,1780168768,D24,-91,544,ok,0
766,25.533,1780168768,D11,3,510,ok,1
766,25.533,1780168768,D2,277,519,ok,1
766,25.533,1780168768,D17,243,730,ok,1
766,25.533,1780168768,D29,135,754,ok,0
766,25.533,1780168768,D1,124,735,ok,1
766,25.533,1780168768,D20,148,765,ok,0
766,25.533,1780168768,D15,182,766,ok,0
766,25.533,1780168768,D14,-115,451,ok,0
766,25.533,1780168768,G40,470,405,interpolated,0
766,25.533,1780168768,D28,-115,452,interpolated,0
766,25.533,1780168768,D30,279,541,interpolated,1
767,25.567,1780168768,G42,298,217,ok,1
767,25.567,1780168768,G30,-6,194,ok,0
767,25.567,1780168768,G34,94,-27,ok,0
767,25.567,1780168768,G38,56,161,ok,1
767,25.567,1780168768,G18,167,-30,ok,0
767,25.567,1780168768,G47,124,-17,ok,0
767,25.567,1780168768,D22,119,571,ok,1
767,25.567,1780168768,D4,-24,527,ok,0
767,25.567,1780168768,D24,-91,540,ok,0
767,25.567,1780168768,D11,3,509,ok,1
767,25.567,1780168768,D2,278,516,ok,1
767,25.567,1780168768,D17,241,730,ok,1
767,25.567,1780168768,D1,124,735,ok,1
767,25.567,1780168768,D20,149,764,ok,0
767,25.567,1780168768,D29,136,755,ok,0
767,25.567,1780168768,D30,285,516,ok,1
767,25.567,1780168768,D14,-115,451,ok,0
767,25.567,1780168768,D15,183,766,ok,0
767,25.567,1780168768,G11,168,17,interpolated,1
767,25.567,1780168768,G40,470,405,interpolated,0
767,25.567,1780168768,D28,-115,452,interpolated,0
768,25.600,1780168768,G30,-3,204,ok,0
768,25.600,1780168768,G42,299,217,ok,1
768,25.600,1780168768,G34,94,-27,ok,0
768,25.600,1780168768,G38,55,160,ok,1
768,25.600,1780168768,G18,167,-26,ok,0
768,25.600,1780168768,G47,124,-17,ok,0
768,25.600,1780168768,D22,118,571,ok,1
768,25.600,1780168768,D4,-24,528,ok,0
768,25.600,1780168768,D24,-90,535,ok,0
768,25.600,1780168768,D11,3,506,ok,1
768,25.600,1780168768,D17,240,730,ok,1
768,25.600,1780168768,D1,124,735,ok,1
768,25.600,1780168768,D2,280,516,ok,1
768,25.600,1780168768,D29,136,755,ok,0
768,25.600,1780168768,D20,148,765,ok,0
768,25.600,1780168768,D15,183,766,ok,0
768,25.600,1780168768,D30,287,516,ok,1
768,25.600,1780168768,D14,-115,451,ok,0
768,25.600,1780168768,G11,168,17,interpolated,1
768,25.600,1780168768,G40,470,405,interpolated,0
768,25.600,1780168768,D28,-115,452,interpolated,0
769,25.633,1780168768,G30,-3,205,ok,0
769,25.633,1780168768,G42,299,217,ok,1
769,25.633,1780168768,G34,94,-27,ok,0
769,25.633,1780168768,G38,55,160,ok,1
769,25.633,1780168768,G18,167,-26,ok,0
769,25.633,1780168768,G47,124,-17,ok,0
769,25.633,1780168768,D22,118,571,ok,1
769,25.633,1780168768,D4,-24,528,ok,0
769,25.633,1780168768,D24,-90,535,ok,0
769,25.633,1780168768,D11,3,506,ok,1
769,25.633,1780168768,D17,240,730,ok,1
769,25.633,1780168768,D1,124,735,ok,1
769,25.633,1780168768,D2,280,516,ok,1
769,25.633,1780168768,D29,136,755,ok,0
769,25.633,1780168768,D20,148,765,ok,0
769,25.633,1780168768,D15,183,766,ok,0
769,25.633,1780168768,D30,287,516,ok,1
769,25.633,1780168768,D14,-115,451,ok,0
769,25.633,1780168768,G11,168,17,interpolated,1
769,25.633,1780168768,G40,470,405,interpolated,0
769,25.633,1780168768,D28,-115,452,interpolated,0
770,25.667,1780168768,G30,-1,214,ok,0
770,25.667,1780168768,G42,300,218,ok,1
770,25.667,1780168768,G34,94,-27,ok,0
770,25.667,1780168768,G18,168,-22,ok,0
770,25.667,1780168768,G38,55,165,ok,1
770,25.667,1780168768,G47,124,-17,ok,0
770,25.667,1780168768,G11,177,29,ok,1
770,25.667,1780168768,D22,118,570,ok,1
770,25.667,1780168768,D4,-27,536,ok,0
770,25.667,1780168768,D11,4,503,ok,1
770,25.667,1780168768,D24,-89,534,ok,0
770,25.667,1780168768,D17,240,731,ok,1
770,25.667,1780168768,D2,280,517,ok,1
770,25.667,1780168768,D30,285,516,ok,1
770,25.667,1780168768,D1,124,734,ok,1
770,25.667,1780168768,D29,137,754,ok,0
770,25.667,1780168768,D20,148,765,ok,0
770,25.667,1780168768,D15,184,766,ok,0
770,25.667,1780168768,D14,-115,451,ok,0
770,25.667,1780168768,G40,470,405,interpolated,0
770,25.667,1780168768,D28,-115,452,interpolated,0
771,25.700,1780168768,G30,-1,220,ok,0
771,25.700,1780168768,G42,299,229,ok,1
771,25.700,1780168768,G34,94,-28,ok,0
771,25.700,1780168768,G18,168,-21,ok,0
771,25.700,1780168768,G47,124,-17,ok,0
771,25.700,1780168768,G38,54,168,ok,1
771,25.700,1780168768,G11,180,32,ok,1
771,25.700,1780168768,D22,117,569,ok,1
771,25.700,1780168768,D4,-27,537,ok,0
771,25.700,1780168768,D24,-89,532,ok,0
771,25.700,1780168768,D11,6,499,ok,1
771,25.700,1780168768,D17,239,731,ok,1
771,25.700,1780168768,D29,137,754,ok,0
771,25.700,1780168768,D1,124,733,ok,1
771,25.700,1780168768,D2,281,516,ok,1
771,25.700,1780168768,D30,287,516,ok,1
771,25.700,1780168768,D14,-115,451,ok,0
771,25.700,1780168768,D20,148,765,ok,0
771,25.700,1780168768,D15,184,766,interpolated,0
771,25.700,1780168768,G40,470,405,interpolated,0
771,25.700,1780168768,D28,-115,452,interpolated,0
772,25.733,1780168768,G30,-1,225,ok,0
772,25.733,1780168768,G42,298,237,ok,1
772,25.733,1780168768,G34,94,-28,ok,0
772,25.733,1780168768,G18,168,-22,ok,0
772,25.733,1780168768,G38,56,178,ok,1
772,25.733,1780168768,G11,184,33,ok,1
772,25.733,1780168768,G47,124,-17,ok,0
772,25.733,1780168768,D22,117,568,ok,1
772,25.733,1780168768,D4,-26,536,ok,0
772,25.733,1780168768,D24,-88,531,ok,0
772,25.733,1780168768,D11,8,496,ok,1
772,25.733,1780168768,D17,239,731,ok,1
772,25.733,1780168768,D29,137,754,ok,0
772,25.733,1780168768,D30,283,527,ok,1
772,25.733,1780168768,D28,2,510,ok,1
772,25.733,1780168768,D15,185,766,ok,0
772,25.733,1780168768,D2,282,516,ok,1
772,25.733,1780168768,D1,124,731,ok,1
772,25.733,1780168768,D14,-115,451,interpolated,0
772,25.733,1780168768,D20,148,765,interpolated,0
773,25.767,1780168768,G30,-3,226,ok,0
773,25.767,1780168768,G42,298,243,ok,1
773,25.767,1780168768,G34,94,-28,ok,0
773,25.767,1780168768,G38,53,175,ok,1
773,25.767,1780168768,G18,168,-22,ok,0
773,25.767,1780168768,G11,186,33,ok,1
773,25.767,1780168768,G47,124,-17,ok,0
773,25.767,1780168768,D22,117,564,ok,1
773,25.767,1780168768,D4,-22,535,ok,0
773,25.767,1780168768,D24,-86,528,ok,0
773,25.767,1780168768,D11,9,492,ok,1
773,25.767,1780168768,D17,238,731,ok,1
773,25.767,1780168768,D2,282,512,ok,1
773,25.767,1780168768,D29,138,753,ok,0
773,25.767,1780168768,D15,186,766,ok,0
773,25.767,1780168768,D1,123,726,ok,1
773,25.767,1780168768,D28,-115,534,ok,0
773,25.767,1780168768,D14,-114,451,ok,0
773,25.767,1780168768,D20,149,764,ok,0
773,25.767,1780168768,D30,283,527,interpolated,1
774,25.800,1780168768,G42,300,247,ok,1
774,25.800,1780168768,G30,-5,226,ok,0
774,25.800,1780168768,G38,53,185,ok,1
774,25.800,1780168768,G34,94,-28,ok,0
774,25.800,1780168768,G18,167,-21,ok,0
774,25.800,1780168768,G47,124,-17,ok,0
774,25.800,1780168768,G40,471,405,ok,0
774,25.800,1780168768,D22,116,564,ok,1
774,25.800,1780168768,D4,-20,535,ok,0
774,25.800,1780168768,D24,-87,528,ok,0
774,25.800,1780168768,D11,9,491,ok,1
774,25.800,1780168768,D30,281,501,ok,1
774,25.800,1780168768,D17,237,732,ok,1
774,25.800,1780168768,D15,186,767,ok,0
774,25.800,1780168768,D29,139,754,ok,0
774,25.800,1780168768,D1,123,723,ok,1
774,25.800,1780168768,D20,148,764,ok,0
774,25.800,1780168768,D2,283,514,ok,1
774,25.800,1780168768,D14,-115,451,ok,0
774,25.800,1780168768,D28,-114,450,ok,0
774,25.800,1780168768,G11,186,33,interpolated,1
775,25.833,1780168768,G42,300,247,ok,1
775,25.833,1780168768,G30,-5,226,ok,0
775,25.833,1780168768,G38,53,185,ok,1
775,25.833,1780168768,G34,94,-28,ok,0
775,25.833,1780168768,G18,167,-21,ok,0
775,25.833,1780168768,G47,124,-17,ok,0
775,25.833,1780168768,G40,470,407,ok,0
775,25.833,1780168768,D22,116,564,ok,1
775,25.833,1780168768,D4,-20,535,ok,0
775,25.833,1780168768,D24,-87,528,ok,0
775,25.833,1780168768,D30,281,501,ok,1
775,25.833,1780168768,D11,9,491,ok,1
775,25.833,1780168768,D17,237,732,ok,1
775,25.833,1780168768,D29,139,754,ok,0
775,25.833,1780168768,D15,186,767,ok,0
775,25.833,1780168768,D1,123,723,ok,1
775,25.833,1780168768,D14,-114,451,ok,0
775,25.833,1780168768,D20,149,763,ok,0
775,25.833,1780168768,D28,-113,449,ok,0
775,25.833,1780168768,G11,186,33,interpolated,1
775,25.833,1780168768,D2,283,514,interpolated,1
776,25.867,1780168768,G38,52,185,ok,1
776,25.867,1780168768,G30,-5,226,ok,0
776,25.867,1780168768,G42,301,249,ok,1
776,25.867,1780168768,G34,93,-28,ok,0
776,25.867,1780168768,G18,167,-21,ok,0
776,25.867,1780168768,G47,124,-17,ok,0
776,25.867,1780168768,G11,194,38,ok,1
776,25.867,1780168768,G40,472,401,ok,0
776,25.867,1780168768,D22,113,564,ok,1
776,25.867,1780168768,D4,-18,535,ok,0
776,25.867,1780168768,D24,-87,527,ok,0
776,25.867,1780168768,D11,10,489,ok,1
776,25.867,1780168768,D15,186,767,ok,0
776,25.867,1780168768,D30,283,494,ok,1
776,25.867,1780168768,D29,139,754,ok,0
776,25.867,1780168768,D1,123,719,ok,1
776,25.867,1780168768,D17,236,732,ok,1
776,25.867,1780168768,D20,148,763,ok,0
776,25.867,1780168768,D28,-115,451,ok,0
776,25.867,1780168768,D14,-114,451,ok,0
776,25.867,1780168768,D2,283,514,interpolated,1
777,25.900,1780168768,G30,-6,228,ok,0
777,25.900,1780168768,G38,48,185,ok,1
777,25.900,1780168768,G42,302,249,ok,1
777,25.900,1780168768,G34,92,-28,ok,0
777,25.900,1780168768,G18,167,-21,ok,0
777,25.900,1780168768,G11,198,48,ok,1
777,25.900,1780168768,G47,124,-17,ok,0
777,25.900,1780168768,G40,472,401,ok,0
777,25.900,1780168768,D4,-17,535,ok,0
777,25.900,1780168768,D22,111,564,ok,1
777,25.900,1780168768,D11,9,488,ok,1
777,25.900,1780168768,D24,-89,527,ok,0
777,25.900,1780168768,D30,283,490,ok,1
777,25.900,1780168768,D15,187,767,ok,0
777,25.900,1780168768,D29,139,753,ok,0
777,25.900,1780168768,D17,235,732,ok,1
777,25.900,1780168768,D1,122,716,ok,1
777,25.900,1780168768,D20,149,764,ok,0
777,25.900,1780168768,D2,283,514,interpolated,1
777,25.900,1780168768,D14,-114,451,interpolated,0
777,25.900,1780168768,D28,-115,451,interpolated,0
778,25.933,1780168768,G30,-2,240,ok,0
778,25.933,1780168768,G42,303,249,ok,1
778,25.933,1780168768,G38,46,186,ok,1
778,25.933,1780168768,G34,93,-28,ok,0
778,25.933,1780168768,G18,167,-22,ok,0
778,25.933,1780168768,G11,200,56,ok,1
778,25.933,1780168768,G47,124,-17,ok,0
778,25.933,1780168768,G40,472,401,ok,0
778,25.933,1780168768,D4,-17,535,ok,0
778,25.933,1780168768,D22,107,564,ok,1
778,25.933,1780168768,D30,285,488,ok,1
778,25.933,1780168768,D11,5,488,ok,1
778,25.933,1780168768,D24,-91,526,ok,0
778,25.933,1780168768,D15,187,767,ok,0
778,25.933,1780168768,D17,234,732,ok,1
778,25.933,1780168768,D29,139,753,ok,0
778,25.933,1780168768,D20,149,764,ok,0
778,25.933,1780168768,D28,-115,451,ok,0
778,25.933,1780168768,D1,122,712,ok,1
778,25.933,1780168768,D2,283,514,interpolated,1
778,25.933,1780168768,D14,-114,451,interpolated,0
779,25.967,1780168768,G30,0,250,ok,1
779,25.967,1780168768,G38,45,186,ok,1
779,25.967,1780168768,G11,204,62,ok,1
779,25.967,1780168768,G18,167,-22,ok,0
779,25.967,1780168768,G42,304,252,ok,1
779,25.967,1780168768,G34,94,-28,ok,0
779,25.967,1780168768,G47,124,-17,ok,0
779,25.967,1780168768,G40,472,401,ok,0
779,25.967,1780168768,D30,286,488,ok,1
779,25.967,1780168768,D4,-16,534,ok,0
779,25.967,1780168768,D22,104,563,ok,1
779,25.967,1780168768,D11,5,488,ok,1
779,25.967,1780168768,D24,-91,526,ok,0
779,25.967,1780168768,D29,140,753,ok,0
779,25.967,1780168768,D15,188,767,ok,0
779,25.967,1780168768,D17,234,732,ok,1
779,25.967,1780168768,D20,148,764,ok,0
779,25.967,1780168768,D1,122,712,interpolated,1
779,25.967,1780168768,D2,283,514,interpolated,1
779,25.967,1780168768,D14,-114,451,interpolated,0
779,25.967,1780168768,D28,-115,451,interpolated,0
780,26.000,1780168769,G30,0,256,ok,1
780,26.000,1780168769,G38,47,199,ok,1
780,26.000,1780168769,G42,304,259,ok,1
780,26.000,1780168769,G11,206,64,ok,1
780,26.000,1780168769,G18,167,-22,ok,0
780,26.000,1780168769,G34,93,-28,ok,0
780,26.000,1780168769,G47,124,-17,ok,0
780,26.000,1780168769,G40,472,401,ok,0
780,26.000,1780168769,G48,483,368,ok,0
780,26.000,1780168769,D4,-15,535,ok,0
780,26.000,1780168769,D11,4,488,ok,1
780,26.000,1780168769,D30,287,488,ok,1
780,26.000,1780168769,D22,101,562,ok,1
780,26.000,1780168769,D24,-92,526,ok,0
780,26.000,1780168769,D15,188,768,ok,0
780,26.000,1780168769,D29,140,753,ok,0
780,26.000,1780168769,D17,233,733,ok,1
780,26.000,1780168769,D20,148,765,ok,0
780,26.000,1780168769,D28,-115,451,ok,0
780,26.000,1780168769,D14,-114,450,ok,0
780,26.000,1780168769,D1,122,712,interpolated,1
780,26.000,1780168769,D2,283,514,interpolated,1
781,26.033,1780168769,G30,0,256,ok,1
781,26.033,1780168769,G38,47,199,ok,1
781,26.033,1780168769,G42,304,259,ok,1
781,26.033,1780168769,G11,206,64,ok,1
781,26.033,1780168769,G18,167,-22,ok,0
781,26.033,1780168769,G34,93,-28,ok,0
781,26.033,1780168769,G47,124,-17,ok,0
781,26.033,1780168769,G40,472,401,ok,0
781,26.033,1780168769,D4,-15,535,ok,0
781,26.033,1780168769,D11,4,488,ok,1
781,26.033,1780168769,D30,287,488,ok,1
781,26.033,1780168769,D22,101,562,ok,1
781,26.033,1780168769,D24,-92,526,ok,0
781,26.033,1780168769,D15,188,768,ok,0
781,26.033,1780168769,D29,140,753,ok,0
781,26.033,1780168769,D17,233,733,ok,1
781,26.033,1780168769,D20,148,765,ok,0
781,26.033,1780168769,D1,122,712,interpolated,1
781,26.033,1780168769,D2,283,514,interpolated,1
781,26.033,1780168769,D14,-114,450,interpolated,0
781,26.033,1780168769,D28,-115,451,interpolated,0
781,26.033,1780168769,G48,483,368,interpolated,0
782,26.067,1780168769,G30,-1,260,ok,0
782,26.067,1780168769,G42,302,271,ok,1
782,26.067,1780168769,G38,48,207,ok,1
782,26.067,1780168769,G11,209,64,ok,1
782,26.067,1780168769,G34,93,-28,ok,0
782,26.067,1780168769,G18,166,-22,ok,0
782,26.067,1780168769,G47,124,-17,ok,0
782,26.067,1780168769,G40,472,401,ok,0
782,26.067,1780168769,D4,-15,535,ok,0
782,26.067,1780168769,D22,99,561,ok,1
782,26.067,1780168769,D11,4,488,ok,1
782,26.067,1780168769,D24,-92,526,ok,0
782,26.067,1780168769,D1,95,575,ok,1
782,26.067,1780168769,D30,287,486,ok,1
782,26.067,1780168769,D29,140,753,ok,0
782,26.067,1780168769,D15,188,768,ok,0
782,26.067,1780168769,D17,231,733,ok,1
782,26.067,1780168769,D20,148,765,ok,0
782,26.067,1780168769,D28,-115,451,ok,0
782,26.067,1780168769,D14,-114,450,ok,0
782,26.067,1780168769,D2,283,514,interpolated,1
782,26.067,1780168769,G48,483,368,interpolated,0
783,26.100,1780168769,G30,-3,261,ok,0
783,26.100,1780168769,G42,304,277,ok,1
783,26.100,1780168769,G38,47,212,ok,1
783,26.100,1780168769,G34,92,-28,ok,0
783,26.100,1780168769,G11,212,65,ok,1
783,26.100,1780168769,G18,166,-21,ok,0
783,26.100,1780168769,G47,124,-17,ok,0
783,26.100,1780168769,G40,472,402,ok,0
783,26.100,1780168769,D4,-15,537,ok,0
783,26.100,1780168769,D24,-92,526,ok,0
783,26.100,1780168769,D22,96,560,ok,1
783,26.100,1780168769,D30,287,487,ok,1
783,26.100,1780168769,D11,4,486,ok,1
783,26.100,1780168769,D29,140,753,ok,0
783,26.100,1780168769,D15,188,768,ok,0
783,26.100,1780168769,D17,229,733,ok,1
783,26.100,1780168769,D20,148,765,ok,0
783,26.100,1780168769,D1,95,575,interpolated,1
783,26.100,1780168769,D2,283,514,interpolated,1
783,26.100,1780168769,D14,-114,450,interpolated,0
783,26.100,1780168769,D28,-115,451,interpolated,0
783,26.100,1780168769,G48,483,368,interpolated,0
784,26.133,1780168769,G42,306,282,ok,1
784,26.133,1780168769,G38,47,215,ok,1
784,26.133,1780168769,G30,-5,261,ok,0
784,26.133,1780168769,G34,91,-28,ok,0
784,26.133,1780168769,G18,166,-21,ok,0
784,26.133,1780168769,G11,215,64,ok,1
784,26.133,1780168769,G47,124,-17,ok,0
784,26.133,1780168769,G40,472,402,ok,0
784,26.133,1780168769,D4,-16,540,ok,0
784,26.133,1780168769,D24,-89,521,ok,0
784,26.133,1780168769,D1,91,575,ok,1
784,26.133,1780168769,D2,287,476,ok,1
784,26.133,1780168769,D11,6,479,ok,1
784,26.133,1780168769,D29,140,753,ok,0
784,26.133,1780168769,D30,289,488,ok,1
784,26.133,1780168769,D14,-2,491,ok,0
784,26.133,1780168769,D15,188,768,ok,0
784,26.133,1780168769,D17,228,733,ok,1
784,26.133,1780168769,D20,148,765,ok,0
784,26.133,1780168769,D22,96,560,interpolated,1
784,26.133,1780168769,D28,-115,451,interpolated,0
784,26.133,1780168769,G48,483,368,interpolated,0
785,26.167,1780168769,G42,308,284,ok,1
785,26.167,1780168769,G38,44,215,ok,1
785,26.167,1780168769,G18,166,-21,ok,0
785,26.167,1780168769,G30,-6,262,ok,0
785,26.167,1780168769,G34,93,-28,ok,0
785,26.167,1780168769,G47,124,-17,ok,0
785,26.167,1780168769,G11,219,65,ok,1
785,26.167,1780168769,G40,471,404,ok,0
785,26.167,1780168769,D2,286,461,ok,1
785,26.167,1780168769,D4,-16,541,ok,0
785,26.167,1780168769,D22,94,558,ok,1
785,26.167,1780168769,D24,-88,516,ok,0
785,26.167,1780168769,D11,10,468,ok,1
785,26.167,1780168769,D15,189,768,ok,0
785,26.167,1780168769,D29,140,753,ok,0
785,26.167,1780168769,D17,226,732,ok,1
785,26.167,1780168769,D20,148,765,ok,0
785,26.167,1780168769,D14,-1,486,ok,0
785,26.167,1780168769,D1,91,575,interpolated,1
785,26.167,1780168769,D28,-115,451,interpolated,0
785,26.167,1780168769,D30,289,488,interpolated,1
785,26.167,1780168769,G48,483,368,interpolated,0
786,26.200,1780168769,G30,-8,264,ok,0
786,26.200,1780168769,G38,43,215,ok,1
786,26.200,1780168769,G18,165,-21,ok,0
786,26.200,1780168769,G34,94,-28,ok,0
786,26.200,1780168769,G42,311,284,ok,1
786,26.200,1780168769,G11,221,79,ok,1
786,26.200,1780168769,G47,124,-17,ok,0
786,26.200,1780168769,G40,470,405,ok,0
786,26.200,1780168769,G48,473,397,ok,0
786,26.200,1780168769,D2,287,457,ok,1
786,26.200,1780168769,D4,-16,542,ok,0
786,26.200,1780168769,D24,-88,515,ok,0
786,26.200,1780168769,D22,92,556,ok,1
786,26.200,1780168769,D11,11,463,ok,1
786,26.200,1780168769,D15,189,768,ok,0
786,26.200,1780168769,D17,226,732,ok,1
786,26.200,1780168769,D29,140,753,ok,0
786,26.200,1780168769,D20,149,764,ok,0
786,26.200,1780168769,D28,-115,451,ok,0
786,26.200,1780168769,D14,-114,450,ok,0
786,26.200,1780168769,D1,91,575,interpolated,1
786,26.200,1780168769,D30,289,488,interpolated,1
787,26.233,1780168769,G30,-8,264,ok,0
787,26.233,1780168769,G38,43,215,ok,1
787,26.233,1780168769,G18,165,-21,ok,0
787,26.233,1780168769,G34,94,-28,ok,0
787,26.233,1780168769,G11,220,80,ok,1
787,26.233,1780168769,G42,311,284,ok,1
787,26.233,1780168769,G47,124,-17,ok,0
787,26.233,1780168769,G40,470,405,ok,0
787,26.233,1780168769,G48,473,397,ok,0
787,26.233,1780168769,D2,287,457,ok,1
787,26.233,1780168769,D4,-16,542,ok,0
787,26.233,1780168769,D24,-88,515,ok,0
787,26.233,1780168769,D22,90,556,ok,1
787,26.233,1780168769,D11,11,463,ok,1
787,26.233,1780168769,D15,189,768,ok,0
787,26.233,1780168769,D29,140,753,ok,0
787,26.233,1780168769,D17,226,732,ok,1
787,26.233,1780168769,D20,149,764,ok,0
787,26.233,1780168769,D1,91,575,interpolated,1
787,26.233,1780168769,D14,-114,450,interpolated,0
787,26.233,1780168769,D28,-115,451,interpolated,0
787,26.233,1780168769,D30,289,488,interpolated,1
788,26.267,1780168769,G30,-5,275,ok,0
788,26.267,1780168769,G38,44,220,ok,1
788,26.267,1780168769,G11,223,88,ok,1
788,26.267,1780168769,G18,164,-21,ok,0
788,26.267,1780168769,G34,93,-28,ok,0
788,26.267,1780168769,G42,314,285,ok,1
788,26.267,1780168769,G47,124,-17,ok,0
788,26.267,1780168769,G40,472,403,ok,0
788,26.267,1780168769,G48,473,397,ok,0
788,26.267,1780168769,D2,287,453,ok,1
788,26.267,1780168769,D4,-17,544,ok,0
788,26.267,1780168769,D24,-87,513,ok,0
788,26.267,1780168769,D22,91,556,ok,1
788,26.267,1780168769,D11,11,461,ok,1
788,26.267,1780168769,D15,189,767,ok,0
788,26.267,1780168769,D17,226,732,ok,1
788,26.267,1780168769,D29,140,753,ok,0
788,26.267,1780168769,D20,149,764,ok,0
788,26.267,1780168769,D1,91,575,interpolated,1
788,26.267,1780168769,D14,-114,450,interpolated,0
788,26.267,1780168769,D28,-115,451,interpolated,0
788,26.267,1780168769,D30,289,488,interpolated,1
789,26.300,1780168769,G30,-3,286,ok,0
789,26.300,1780168769,G42,314,291,ok,1
789,26.300,1780168769,G38,41,217,ok,1
789,26.300,1780168769,G11,226,92,ok,1
789,26.300,1780168769,G18,163,-21,ok,0
789,26.300,1780168769,G34,93,-28,ok,0
789,26.300,1780168769,G47,124,-18,ok,0
789,26.300,1780168769,G40,472,402,ok,0
789,26.300,1780168769,D2,288,453,ok,1
789,26.300,1780168769,D4,-17,545,ok,0
789,26.300,1780168769,D24,-86,511,ok,0
789,26.300,1780168769,D11,11,461,ok,1
789,26.300,1780168769,D22,86,555,ok,1
789,26.300,1780168769,D17,226,732,ok,1
789,26.300,1780168769,D15,189,767,ok,0
789,26.300,1780168769,D29,140,753,ok,0
789,26.300,1780168769,D20,149,764,ok,0
789,26.300,1780168769,D14,-1,478,ok,0
789,26.300,1780168769,D1,91,575,interpolated,1
789,26.300,1780168769,D28,-115,451,interpolated,0
789,26.300,1780168769,D30,289,488,interpolated,1
789,26.300,1780168769,G48,473,397,interpolated,0
790,26.333,1780168769,G30,-2,293,ok,0
790,26.333,1780168769,G38,42,227,ok,1
790,26.333,1780168769,G42,314,303,ok,1
790,26.333,1780168769,G11,228,93,ok,1
790,26.333,1780168769,G34,94,-28,ok,0
790,26.333,1780168769,G18,163,-18,ok,0
790,26.333,1780168769,G47,124,-17,ok,0
790,26.333,1780168769,G40,472,402,ok,0
790,26.333,1780168769,D11,10,460,ok,1
790,26.333,1780168769,D24,-85,508,ok,0
790,26.333,1780168769,D4,-16,545,ok,0
790,26.333,1780168769,D22,88,555,ok,1
790,26.333,1780168769,D2,289,453,ok,1
790,26.333,1780168769,D15,189,767,ok,0
790,26.333,1780168769,D17,226,732,ok,1
790,26.333,1780168769,D29,140,753,ok,0
790,26.333,1780168769,D20,149,765,ok,0
790,26.333,1780168769,D1,91,575,interpolated,1
790,26.333,1780168769,D14,-1,478,interpolated,0
790,26.333,1780168769,D28,-115,451,interpolated,0
790,26.333,1780168769,D30,289,488,interpolated,1
790,26.333,1780168769,G48,473,397,interpolated,0
791,26.367,1780168769,G38,44,238,ok,1
791,26.367,1780168769,G42,314,312,ok,1
791,26.367,1780168769,G30,-3,299,ok,0
791,26.367,1780168769,G11,230,93,ok,1
791,26.367,1780168769,G18,162,-18,ok,0
791,26.367,1780168769,G34,93,-28,ok,0
791,26.367,1780168769,G47,124,-18,ok,0
791,26.367,1780168769,G40,472,401,ok,0
791,26.367,1780168769,D11,9,460,ok,1
791,26.367,1780168769,D4,-16,544,ok,0
791,26.367,1780168769,D24,-87,507,ok,0
791,26.367,1780168769,D1,81,555,ok,1
791,26.367,1780168769,D15,189,767,ok,0
791,26.367,1780168769,D17,225,732,ok,1
791,26.367,1780168769,D22,85,555,ok,1
791,26.367,1780168769,D2,290,451,ok,1
791,26.367,1780168769,D30,293,459,ok,1
791,26.367,1780168769,D29,140,754,ok,0
791,26.367,1780168769,D20,149,764,ok,0
791,26.367,1780168769,D14,-114,450,ok,0
791,26.367,1780168769,D28,-114,451,ok,0
791,26.367,1780168769,G48,473,397,interpolated,0
792,26.400,1780168769,G30,-5,301,ok,0
792,26.400,1780168769,G38,41,238,ok,1
792,26.400,1780168769,G42,315,317,ok,1
792,26.400,1780168769,G11,233,93,ok,1
792,26.400,1780168769,G18,162,-16,ok,0
792,26.400,1780168769,G34,93,-28,ok,0
792,26.400,1780168769,G47,124,-18,ok,0
792,26.400,1780168769,G48,475,395,ok,0
792,26.400,1780168769,D2,291,446,ok,1
792,26.400,1780168769,D24,-88,507,ok,0
792,26.400,1780168769,D4,-16,545,ok,0
792,26.400,1780168769,D11,9,457,ok,1
792,26.400,1780168769,D1,78,555,ok,1
792,26.400,1780168769,D15,189,767,ok,0
792,26.400,1780168769,D17,225,735,ok,1
792,26.400,1780168769,D20,119,690,ok,1
792,26.400,1780168769,D29,141,754,ok,0
792,26.400,1780168769,D14,-114,450,interpolated,0
792,26.400,1780168769,D22,85,555,interpolated,1
792,26.400,1780168769,D28,-114,451,interpolated,0
792,26.400,1780168769,D30,293,459,interpolated,1
792,26.400,1780168769,G40,472,401,interpolated,0
793,26.433,1780168769,G30,-5,301,ok,0
793,26.433,1780168769,G38,41,238,ok,1
793,26.433,1780168769,G11,233,93,ok,1
793,26.433,1780168769,G42,315,317,ok,1
793,26.433,1780168769,G18,162,-16,ok,0
793,26.433,1780168769,G34,93,-28,ok,0
793,26.433,1780168769,G47,124,-18,ok,0
793,26.433,1780168769,G48,475,395,ok,0
793,26.433,1780168769,D2,291,446,ok,1
793,26.433,1780168769,D24,-88,507,ok,0
793,26.433,1780168769,D4,-16,545,ok,0
793,26.433,1780168769,D11,9,457,ok,1
793,26.433,1780168769,D1,78,555,ok,1
793,26.433,1780168769,D15,189,768,ok,0
793,26.433,1780168769,D17,225,735,ok,1
793,26.433,1780168769,D20,119,690,ok,1
793,26.433,1780168769,D29,140,754,ok,0
793,26.433,1780168769,D14,-114,450,interpolated,0
793,26.433,1780168769,D22,85,555,interpolated,1
793,26.433,1780168769,D28,-114,451,interpolated,0
793,26.433,1780168769,D30,293,459,interpolated,1
793,26.433,1780168769,G40,472,401,interpolated,0
794,26.467,1780168769,G30,-6,301,ok,0
794,26.467,1780168769,G42,317,323,ok,1
794,26.467,1780168769,G11,234,105,ok,1
794,26.467,1780168769,G38,37,238,ok,1
794,26.467,1780168769,G18,161,-16,ok,0
794,26.467,1780168769,G34,93,-28,ok,0
794,26.467,1780168769,G47,124,-18,ok,0
794,26.467,1780168769,G48,475,395,ok,0
794,26.467,1780168769,D11,10,450,ok,1
794,26.467,1780168769,D24,-89,507,ok,0
794,26.467,1780168769,D4,-14,544,ok,0
794,26.467,1780168769,D2,291,441,ok,1
794,26.467,1780168769,D15,189,768,ok,0
794,26.467,1780168769,D1,78,555,ok,1
794,26.467,1780168769,D17,224,736,ok,0
794,26.467,1780168769,D20,119,690,ok,1
794,26.467,1780168769,D22,96,480,ok,1
794,26.467,1780168769,D29,140,754,ok,0
794,26.467,1780168769,D30,294,453,ok,1
794,26.467,1780168769,D31,149,763,ok,0
794,26.467,1780168769,D14,-114,450,interpolated,0
794,26.467,1780168769,D28,-114,451,interpolated,0
794,26.467,1780168769,G40,472,401,interpolated,0
795,26.500,1780168769,G30,-7,302,ok,0
795,26.500,1780168769,G38,35,242,ok,1
795,26.500,1780168769,G11,235,116,ok,1
795,26.500,1780168769,G18,161,-16,ok,0
795,26.500,1780168769,G34,93,-28,ok,0
795,26.500,1780168769,G42,320,323,ok,1
795,26.500,1780168769,G47,124,-18,ok,0
795,26.500,1780168769,G48,475,395,ok,0
795,26.500,1780168769,D11,10,444,ok,1
795,26.500,1780168769,D4,-13,544,ok,0
795,26.500,1780168769,D2,292,427,ok,1
795,26.500,1780168769,D1,76,554,ok,1
795,26.500,1780168769,D24,-91,507,ok,0
795,26.500,1780168769,D20,121,690,ok,1
795,26.500,1780168769,D15,189,767,ok,0
795,26.500,1780168769,D17,223,737,ok,0
795,26.500,1780168769,D29,141,754,ok,0
795,26.500,1780168769,D31,149,763,ok,0
795,26.500,1780168769,D14,-114,450,interpolated,0
795,26.500,1780168769,D22,96,480,interpolated,1
795,26.500,1780168769,D28,-114,451,interpolated,0
795,26.500,1780168769,D30,294,453,interpolated,1
795,26.500,1780168769,G40,472,401,interpolated,0
796,26.533,1780168769,G30,-8,304,ok,0
796,26.533,1780168769,G11,237,123,ok,1
796,26.533,1780168769,G42,321,323,ok,1
796,26.533,1780168769,G38,32,243,ok,1
796,26.533,1780168769,G18,161,-16,ok,0
796,26.533,1780168769,G34,93,-28,ok,0
796,26.533,1780168769,G47,124,-18,ok,0
796,26.533,1780168769,G48,475,395,ok,0
796,26.533,1780168769,D11,9,441,ok,1
796,26.533,1780168769,D4,-12,544,ok,0
796,26.533,1780168769,D24,-92,506,ok,0
796,26.533,1780168769,D1,75,554,ok,1
796,26.533,1780168769,D2,293,421,ok,1
796,26.533,1780168769,D20,121,690,ok,1
796,26.533,1780168769,D15,189,767,ok,0
796,26.533,1780168769,D29,140,754,ok,0
796,26.533,1780168769,D17,223,739,ok,0
796,26.533,1780168769,D31,149,763,ok,0
796,26.533,1780168769,D30,296,441,ok,1
796,26.533,1780168769,D14,-114,450,interpolated,0
796,26.533,1780168769,D22,96,480,interpolated,1
796,26.533,1780168769,D28,-114,451,interpolated,0
796,26.533,1780168769,G40,472,401,interpolated,0
797,26.567,1780168769,G30,-5,316,ok,0
797,26.567,1780168769,G11,238,128,ok,1
797,26.567,1780168769,G38,35,255,ok,1
797,26.567,1780168769,G42,324,326,ok,1
797,26.567,1780168769,G34,93,-28,ok,0
797,26.567,1780168769,G18,160,-16,ok,0
797,26.567,1780168769,G47,124,-18,ok,0
797,26.567,1780168769,G48,475,395,ok,0
797,26.567,1780168769,D11,8,437,ok,1
797,26.567,1780168769,D4,-11,544,ok,0
797,26.567,1780168769,D24,-93,506,ok,0
797,26.567,1780168769,D2,294,418,ok,1
797,26.567,1780168769,D1,74,547,ok,1
797,26.567,1780168769,D15,190,767,ok,0
797,26.567,1780168769,D20,121,690,ok,1
797,26.567,1780168769,D29,141,754,ok,0
797,26.567,1780168769,D30,297,436,ok,1
797,26.567,1780168769,D17,221,739,ok,0
797,26.567,1780168769,D31,149,763,ok,0
797,26.567,1780168769,D14,-114,450,interpolated,0
797,26.567,1780168769,D22,96,480,interpolated,1
797,26.567,1780168769,D28,-114,451,interpolated,0
797,26.567,1780168769,G40,472,401,interpolated,0
798,26.600,1780168769,G30,-3,326,ok,0
798,26.600,1780168769,G38,36,265,ok,1
798,26.600,1780168769,G11,240,128,ok,1
798,26.600,1780168769,G42,323,330,ok,1
798,26.600,1780168769,G34,93,-28,ok,0
798,26.600,1780168769,G18,160,-16,ok,0
798,26.600,1780168769,G47,124,-18,ok,0
798,26.600,1780168769,G48,475,395,ok,0
798,26.600,1780168769,D11,6,434,ok,1
798,26.600,1780168769,D4,-11,544,ok,0
798,26.600,1780168769,D1,75,539,ok,1
798,26.600,1780168769,D2,295,418,ok,1
798,26.600,1780168769,D24,-95,506,ok,0
798,26.600,1780168769,D20,122,682,ok,1
798,26.600,1780168769,D15,189,767,ok,0
798,26.600,1780168769,D29,141,754,ok,0
798,26.600,1780168769,D17,221,738,ok,0
798,26.600,1780168769,D14,-114,450,interpolated,0
798,26.600,1780168769,D22,96,480,interpolated,1
798,26.600,1780168769,D28,-114,451,interpolated,0
798,26.600,1780168769,D30,297,436,interpolated,1
798,26.600,1780168769,G40,472,401,interpolated,0
798,26.600,1780168769,D31,149,763,interpolated,0
799,26.633,1780168769,G30,-3,326,ok,0
799,26.633,1780168769,G38,36,265,ok,1
799,26.633,1780168769,G11,240,128,ok,1
799,26.633,1780168769,G42,323,330,ok,1
799,26.633,1780168769,G34,93,-28,ok,0
799,26.633,1780168769,G18,160,-16,ok,0
799,26.633,1780168769,G47,124,-18,ok,0
799,26.633,1780168769,G48,475,395,ok,0
799,26.633,1780168769,D11,6,434,ok,1
799,26.633,1780168769,D4,-11,544,ok,0
799,26.633,1780168769,D1,75,539,ok,1
799,26.633,1780168769,D2,295,418,ok,1
799,26.633,1780168769,D24,-95,506,ok,0
799,26.633,1780168769,D20,122,682,ok,1
799,26.633,1780168769,D15,189,767,ok,0
799,26.633,1780168769,D29,141,754,ok,0
799,26.633,1780168769,D17,221,738,ok,0
799,26.633,1780168769,D14,-114,450,interpolated,0
799,26.633,1780168769,D22,96,480,interpolated,1
799,26.633,1780168769,D28,-114,451,interpolated,0
799,26.633,1780168769,D30,297,436,interpolated,1
799,26.633,1780168769,G40,472,401,interpolated,0
799,26.633,1780168769,D31,149,763,interpolated,0
800,26.667,1780168769,G30,-3,334,ok,0
800,26.667,1780168769,G11,242,129,ok,1
800,26.667,1780168769,G42,323,335,ok,1
800,26.667,1780168769,G38,36,269,ok,1
800,26.667,1780168769,G34,93,-28,ok,0
800,26.667,1780168769,G18,161,-16,ok,0
800,26.667,1780168769,G47,124,-17,ok,0
800,26.667,1780168769,G48,474,396,ok,0
800,26.667,1780168769,D11,4,434,ok,1
800,26.667,1780168769,D4,-11,544,ok,0
800,26.667,1780168769,D2,296,418,ok,1
800,26.667,1780168769,D1,73,533,ok,1
800,26.667,1780168769,D24,-97,505,ok,0
800,26.667,1780168769,D20,122,678,ok,1
800,26.667,1780168769,D15,189,768,ok,0
800,26.667,1780168769,D29,141,754,ok,0
800,26.667,1780168769,D17,221,738,ok,0
800,26.667,1780168769,D31,149,764,ok,0
800,26.667,1780168769,D14,-114,450,interpolated,0
800,26.667,1780168769,D22,96,480,interpolated,1
800,26.667,1780168769,D28,-114,451,interpolated,0
800,26.667,1780168769,D30,297,436,interpolated,1
800,26.667,1780168769,G40,472,401,interpolated,0
801,26.700,1780168769,G42,309,383,merged,1
801,26.700,1780168769,G38,35,273,ok,1
801,26.700,1780168769,G30,-4,337,ok,0
801,26.700,1780168769,G11,245,129,ok,1
801,26.700,1780168769,G18,161,-16,ok,0
801,26.700,1780168769,G34,93,-27,ok,0
801,26.700,1780168769,G47,124,-17,ok,0
801,26.700,1780168769,G48,474,396,ok,0
801,26.700,1780168769,D4,-11,544,ok,0
801,26.700,1780168769,D1,72,532,ok,1
801,26.700,1780168769,D11,0,433,ok,1
801,26.700,1780168769,D24,-94,500,ok,0
801,26.700,1780168769,D20,123,667,ok,1
801,26.700,1780168769,D15,189,768,ok,0
801,26.700,1780168769,D29,141,754,ok,0
801,26.700,1780168769,D17,220,738,ok,0
801,26.700,1780168769,D31,149,764,ok,0
801,26.700,1780168769,D30,300,421,ok,1
801,26.700,1780168769,D28,-133,480,ok,0
801,26.700,1780168769,D2,296,418,interpolated,1
801,26.700,1780168769,D14,-114,450,interpolated,0
801,26.700,1780168769,D22,96,480,interpolated,1
801,26.700,1780168769,G40,472,401,interpolated,0
802,26.733,1780168769,G42,311,382,merged,1
802,26.733,1780168769,G30,-6,337,ok,0
802,26.733,1780168769,G38,32,274,ok,1
802,26.733,1780168769,G34,93,-25,ok,0
802,26.733,1780168769,G11,247,135,ok,1
802,26.733,1780168769,G18,160,-16,ok,0
802,26.733,1780168769,G47,124,-17,ok,0
802,26.733,1780168769,G48,474,395,ok,0
802,26.733,1780168769,D4,-11,544,ok,0
802,26.733,1780168769,D24,-94,496,ok,0
802,26.733,1780168769,D20,124,659,ok,1
802,26.733,1780168769,D1,68,532,ok,1
802,26.733,1780168769,D11,-1,432,ok,0
802,26.733,1780168769,D15,189,767,ok,0
802,26.733,1780168769,D17,218,740,ok,0
802,26.733,1780168769,D2,299,417,ok,1
802,26.733,1780168769,D29,141,754,ok,0
802,26.733,1780168769,D31,148,765,ok,0
802,26.733,1780168769,D22,96,480,interpolated,1
802,26.733,1780168769,D28,-133,480,interpolated,0
802,26.733,1780168769,D30,300,421,interpolated,1
803,26.767,1780168769,G42,311,380,merged,1
803,26.767,1780168769,G38,30,274,ok,1
803,26.767,1780168769,G30,-9,338,ok,0
803,26.767,1780168769,G11,247,149,ok,1
803,26.767,1780168769,G18,160,-16,ok,0
803,26.767,1780168769,G34,93,-23,ok,0
803,26.767,1780168769,G47,124,-17,ok,0
803,26.767,1780168769,G48,474,395,ok,0
803,26.767,1780168769,D11,0,426,ok,1
803,26.767,1780168769,D4,-10,544,ok,0
803,26.767,1780168769,D24,-92,494,ok,0
803,26.767,1780168769,D20,123,658,ok,1
803,26.767,1780168769,D1,65,531,ok,1
803,26.767,1780168769,D17,217,740,ok,0
803,26.767,1780168769,D15,189,767,ok,0
803,26.767,1780168769,D31,149,765,ok,0
803,26.767,1780168769,D29,141,754,ok,0
803,26.767,1780168769,D2,302,413,ok,1
803,26.767,1780168769,D22,96,480,interpolated,1
803,26.767,1780168769,D28,-133,480,interpolated,0
803,26.767,1780168769,D30,300,421,interpolated,1
804,26.800,1780168769,G30,-5,378,merged,1
804,26.800,1780168769,G11,248,156,ok,1
804,26.800,1780168769,G34,93,-22,ok,0
804,26.800,1780168769,G38,29,274,ok,1
804,26.800,1780168769,G18,158,-16,ok,0
804,26.800,1780168769,G42,313,376,merged,1
804,26.800,1780168769,G40,310,374,ok,0
804,26.800,1780168769,G47,124,-17,ok,0
804,26.800,1780168769,G48,474,395,ok,0
804,26.800,1780168769,D4,-10,545,ok,0
804,26.800,1780168769,D24,-91,492,ok,0
804,26.800,1780168769,D20,123,657,ok,1
804,26.800,1780168769,D17,215,740,ok,0
804,26.800,1780168769,D15,189,767,ok,0
804,26.800,1780168769,D31,149,765,ok,0
804,26.800,1780168769,D29,141,754,ok,0
804,26.800,1780168769,D1,63,530,ok,1
804,26.800,1780168769,D2,302,413,interpolated,1
804,26.800,1780168769,D11,0,426,interpolated,1
804,26.800,1780168769,D22,96,480,interpolated,1
804,26.800,1780168769,D28,-133,480,interpolated,0
804,26.800,1780168769,D30,300,421,interpolated,1
805,26.833,1780168769,G30,-5,378,merged,1
805,26.833,1780168769,G11,248,156,ok,1
805,26.833,1780168769,G38,29,274,ok,1
805,26.833,1780168769,G34,93,-22,ok,0
805,26.833,1780168769,G18,158,-16,ok,0
805,26.833,1780168769,G42,313,376,merged,1
805,26.833,1780168769,G40,309,374,ok,0
805,26.833,1780168769,G47,124,-17,ok,0
805,26.833,1780168769,G48,474,395,ok,0
805,26.833,1780168769,D4,-10,545,ok,0
805,26.833,1780168769,D24,-91,492,ok,0
805,26.833,1780168769,D20,123,657,ok,1
805,26.833,1780168769,D17,215,740,ok,0
805,26.833,1780168769,D15,189,767,ok,0
805,26.833,1780168769,D14,-5,433,ok,0
805,26.833,1780168769,D31,149,765,ok,0
805,26.833,1780168769,D29,141,754,ok,0
805,26.833,1780168769,D1,63,530,ok,1
805,26.833,1780168769,D2,302,413,interpolated,1
805,26.833,1780168769,D11,0,426,interpolated,1
805,26.833,1780168769,D28,-133,480,interpolated,0
805,26.833,1780168769,D30,300,421,interpolated,1
806,26.867,1780168769,G30,-9,348,ok,0
806,26.867,1780168769,G40,302,378,merged,1
806,26.867,1780168769,G34,93,-21,ok,0
806,26.867,1780168769,G11,250,165,ok,1
806,26.867,1780168769,G38,29,276,ok,1
806,26.867,1780168769,G18,158,-15,ok,0
806,26.867,1780168769,G42,331,363,ok,1
806,26.867,1780168769,G47,124,-17,ok,0
806,26.867,1780168769,G48,474,395,ok,0
806,26.867,1780168769,D4,-11,545,ok,0
806,26.867,1780168769,D14,-6,432,ok,0
806,26.867,1780168769,D24,-90,490,ok,0
806,26.867,1780168769,D15,189,767,ok,0
806,26.867,1780168769,D31,149,765,ok,0
806,26.867,1780168769,D17,215,740,ok,0
806,26.867,1780168769,D1,65,519,ok,1
806,26.867,1780168769,D29,141,754,ok,0
806,26.867,1780168769,D20,124,657,ok,1
806,26.867,1780168769,D2,302,413,interpolated,1
806,26.867,1780168769,D11,0,426,interpolated,1
806,26.867,1780168769,D28,-133,480,interpolated,0
806,26.867,1780168769,D30,300,421,interpolated,1
807,26.900,1780168769,G30,-8,393,merged,0
807,26.900,1780168769,G40,303,377,merged,1
807,26.900,1780168769,G11,250,168,ok,1
807,26.900,1780168769,G34,93,-22,ok,0
807,26.900,1780168769,G38,30,284,ok,1
807,26.900,1780168769,G42,333,368,ok,0
807,26.900,1780168769,G18,158,-15,ok,0
807,26.900,1780168769,G47,124,-17,ok,0
807,26.900,1780168769,G49,-16,407,merged,0
807,26.900,1780168769,G48,474,395,ok,0
807,26.900,1780168769,D4,-11,545,ok,0
807,26.900,1780168769,D24,-89,488,ok,0
807,26.900,1780168769,D1,65,513,ok,1
807,26.900,1780168769,D15,189,767,ok,0
807,26.900,1780168769,D17,214,740,ok,0
807,26.900,1780168769,D31,149,765,ok,0
807,26.900,1780168769,D29,141,754,ok,0
807,26.900,1780168769,D20,124,657,ok,1
807,26.900,1780168769,D2,302,413,interpolated,1
807,26.900,1780168769,D11,0,426,interpolated,1
807,26.900,1780168769,D28,-133,480,interpolated,0
807,26.900,1780168769,D30,300,421,interpolated,1
807,26.900,1780168769,D14,-6,432,interpolated,0
808,26.933,1780168769,G30,-6,387,merged,0
808,26.933,1780168769,G11,252,169,ok,1
808,26.933,1780168769,G38,32,295,ok,1
808,26.933,1780168769,G34,93,-21,ok,0
808,26.933,1780168769,G40,304,376,merged,1
808,26.933,1780168769,G18,158,-14,ok,0
808,26.933,1780168769,G49,-20,405,merged,0
808,26.933,1780168769,G47,124,-18,ok,0
808,26.933,1780168769,G50,-41,-61,ok,0
808,26.933,1780168769,G51,-18,386,merged,0
808,26.933,1780168769,G42,317,375,ok,0
808,26.933,1780168769,G48,474,395,ok,0
808,26.933,1780168769,D4,-10,545,ok,0
808,26.933,1780168769,D24,-90,487,ok,0
808,26.933,1780168769,D1,63,508,ok,1
808,26.933,1780168769,D31,149,765,ok,0
808,26.933,1780168769,D17,214,740,ok,0
808,26.933,1780168769,D15,189,767,ok,0
808,26.933,1780168769,D29,141,754,ok,0
808,26.933,1780168769,D20,124,657,ok,1
808,26.933,1780168769,D2,302,413,interpolated,1
808,26.933,1780168769,D11,0,426,interpolated,1
808,26.933,1780168769,D28,-133,480,interpolated,0
808,26.933,1780168769,D30,300,421,interpolated,1
808,26.933,1780168769,D14,-6,432,interpolated,0
809,26.967,1780168769,G30,-13,395,merged,0
809,26.967,1780168769,G42,318,378,merged,1
809,26.967,1780168769,G40,305,377,merged,1
809,26.967,1780168769,G11,254,170,ok,1
809,26.967,1780168769,G38,32,301,ok,1
809,26.967,1780168769,G34,93,-20,ok,0
809,26.967,1780168769,G49,-22,409,merged,0
809,26.967,1780168769,G18,158,-12,ok,0
809,26.967,1780168769,G47,124,-17,ok,0
809,26.967,1780168769,G50,-42,-61,ok,0
809,26.967,1780168769,G48,474,396,ok,0
809,26.967,1780168769,D4,-10,546,ok,0
809,26.967,1780168769,D24,-93,487,ok,0
809,26.967,1780168769,D1,63,504,ok,1
809,26.967,1780168769,D31,149,765,ok,0
809,26.967,1780168769,D17,214,740,ok,0
809,26.967,1780168769,D15,189,767,ok,0
809,26.967,1780168769,D29,141,754,ok,0
809,26.967,1780168769,D20,127,642,ok,1
809,26.967,1780168769,D2,302,413,interpolated,1
809,26.967,1780168769,D11,0,426,interpolated,1
809,26.967,1780168769,D28,-133,480,interpolated,0
809,26.967,1780168769,D30,300,421,interpolated,1
809,26.967,1780168769,D14,-6,432,interpolated,0
809,26.967,1780168769,G51,-18,386,interpolated,0
810,27.000,1780168770,G30,-9,391,merged,0
810,27.000,1780168770,G40,304,369,merged,1
810,27.000,1780168770,G42,336,378,ok,0
810,27.000,1780168770,G38,33,306,ok,1
810,27.000,1780168770,G34,93,-19,ok,0
810,27.000,1780168770,G49,-31,397,ok,0
810,27.000,1780168770,G11,256,173,ok,1
810,27.000,1780168770,G18,158,-9,ok,0
810,27.000,1780168770,G47,124,-18,ok,0
810,27.000,1780168770,D4,-10,546,ok,0
810,27.000,1780168770,D24,-96,486,ok,0
810,27.000,1780168770,D1,61,504,ok,1
810,27.000,1780168770,D31,150,765,ok,0
810,27.000,1780168770,D20,129,634,ok,1
810,27.000,1780168770,D15,189,767,ok,0
810,27.000,1780168770,D17,214,740,ok,0
810,27.000,1780168770,D28,-135,481,ok,0
810,27.000,1780168770,D29,141,754,ok,0
810,27.000,1780168770,D2,302,413,interpolated,1
810,27.000,1780168770,D11,0,426,interpolated,1
810,27.000,1780168770,D30,300,421,interpolated,1
810,27.000,1780168770,G48,474,396,interpolated,0
810,27.000,1780168770,D14,-6,432,interpolated,0
810,27.000,1780168770,G50,-42,-61,interpolated,0
810,27.000,1780168770,G51,-18,386,interpolated,0
811,27.033,1780168770,G30,-9,390,merged,0
811,27.033,1780168770,G40,304,369,merged,1
811,27.033,1780168770,G42,336,378,ok,0
811,27.033,1780168770,G38,33,306,ok,1
811,27.033,1780168770,G34,93,-19,ok,0
811,27.033,1780168770,G49,-31,397,ok,0
811,27.033,1780168770,G11,256,173,ok,1
811,27.033,1780168770,G18,158,-9,ok,0
811,27.033,1780168770,G47,124,-18,ok,0
811,27.033,1780168770,D4,-10,546,ok,0
811,27.033,1780168770,D24,-96,486,ok,0
811,27.033,1780168770,D1,61,504,ok,1
811,27.033,1780168770,D31,150,765,ok,0
811,27.033,1780168770,D20,129,634,ok,1
811,27.033,1780168770,D15,189,768,ok,0
811,27.033,1780168770,D17,214,740,ok,0
811,27.033,1780168770,D28,-135,481,ok,0
811,27.033,1780168770,D29,141,754,ok,0
811,27.033,1780168770,D2,302,413,interpolated,1
811,27.033,1780168770,D11,0,426,interpolated,1
811,27.033,1780168770,D30,300,421,interpolated,1
811,27.033,1780168770,G48,474,396,interpolated,0
811,27.033,1780168770,D14,-6,432,interpolated,0
811,27.033,1780168770,G50,-42,-61,interpolated,0
811,27.033,1780168770,G51,-18,386,interpolated,0
812,27.067,1780168770,G40,305,367,merged,1
812,27.067,1780168770,G38,31,309,ok,1
812,27.067,1780168770,G11,256,188,ok,1
812,27.067,1780168770,G30,-11,390,merged,0
812,27.067,1780168770,G42,338,379,ok,0
812,27.067,1780168770,G34,93,-19,ok,0
812,27.067,1780168770,G49,-33,393,ok,0
812,27.067,1780168770,G18,158,-6,ok,0
812,27.067,1780168770,G47,124,-18,ok,0
812,27.067,1780168770,D4,-9,545,ok,0
812,27.067,1780168770,D24,-96,486,ok,0
812,27.067,1780168770,D20,131,628,ok,1
812,27.067,1780168770,D1,59,504,ok,1
812,27.067,1780168770,D17,213,740,ok,0
812,27.067,1780168770,D31,150,765,ok,0
812,27.067,1780168770,D15,188,768,ok,0
812,27.067,1780168770,D28,-135,481,ok,0
812,27.067,1780168770,D29,141,754,ok,0
812,27.067,1780168770,D2,302,413,interpolated,1
812,27.067,1780168770,D11,0,426,interpolated,1
812,27.067,1780168770,G48,474,396,interpolated,0
812,27.067,1780168770,D14,-6,432,interpolated,0
812,27.067,1780168770,G50,-42,-61,interpolated,0
812,27.067,1780168770,G51,-18,386,interpolated,0
813,27.100,1780168770,G40,307,367,merged,1
813,27.100,1780168770,G11,257,199,ok,1
813,27.100,1780168770,G38,4,322,merged,1
813,27.100,1780168770,G30,-12,390,merged,0
813,27.100,1780168770,G34,92,-19,ok,0
813,27.100,1780168770,G49,-29,397,merged,0
813,27.100,1780168770,G18,157,-6,ok,0
813,27.100,1780168770,G42,323,373,merged,1
813,27.100,1780168770,G47,125,-18,ok,0
813,27.100,1780168770,D4,-9,545,ok,0
813,27.100,1780168770,D24,-96,486,ok,0
813,27.100,1780168770,D20,133,625,ok,1
813,27.100,1780168770,D17,213,740,ok,0
813,27.100,1780168770,D1,57,503,ok,1
813,27.100,1780168770,D31,150,765,ok,0
813,27.100,1780168770,D28,-135,481,ok,0
813,27.100,1780168770,D15,188,768,ok,0
813,27.100,1780168770,D29,141,754,ok,0
813,27.100,1780168770,D2,309,373,ok,1
813,27.100,1780168770,D11,0,426,interpolated,1
813,27.100,1780168770,G48,474,396,interpolated,0
813,27.100,1780168770,D14,-6,432,interpolated,0
813,27.100,1780168770,G50,-42,-61,interpolated,0
813,27.100,1780168770,G51,-18,386,interpolated,0
814,27.133,1780168770,G11,257,205,ok,1
814,27.133,1780168770,G38,7,324,merged,1
814,27.133,1780168770,G30,-13,389,merged,0
814,27.133,1780168770,G34,92,-19,ok,0
814,27.133,1780168770,G40,308,364,merged,1
814,27.133,1780168770,G42,317,342,ok,1
814,27.133,1780168770,G18,157,-6,ok,0
814,27.133,1780168770,G47,125,-18,ok,0
814,27.133,1780168770,G49,-33,382,ok,0
814,27.133,1780168770,G48,469,410,ok,0
814,27.133,1780168770,G50,-4,-46,ok,0
814,27.133,1780168770,D4,-9,545,ok,0
814,27.133,1780168770,D24,-96,486,ok,0
814,27.133,1780168770,D20,134,624,ok,1
814,27.133,1780168770,D1,55,502,ok,1
814,27.133,1780168770,D31,150,765,ok,0
814,27.133,1780168770,D17,212,740,ok,0
814,27.133,1780168770,D15,188,768,ok,0
814,27.133,1780168770,D28,-135,482,ok,0
814,27.133,1780168770,D29,141,754,ok,0
814,27.133,1780168770,D2,309,373,interpolated,1
814,27.133,1780168770,D14,-6,432,interpolated,0
814,27.133,1780168770,G51,-18,386,interpolated,0
815,27.167,1780168770,G11,258,212,ok,1
815,27.167,1780168770,G40,312,362,merged,1
815,27.167,1780168770,G30,-8,362,merged,0
815,27.167,1780168770,G38,12,327,merged,1
815,27.167,1780168770,G34,91,-18,ok,0
815,27.167,1780168770,G18,156,-5,ok,0
815,27.167,1780168770,G42,330,348,merged,1
815,27.167,1780168770,G47,125,-18,ok,0
815,27.167,1780168770,G50,-5,-46,ok,0
815,27.167,1780168770,G48,469,410,ok,0
815,27.167,1780168770,D4,-10,545,ok,0
815,27.167,1780168770,D24,-96,486,ok,0
815,27.167,1780168770,D20,135,623,ok,1
815,27.167,1780168770,D11,-14,387,ok,0
815,27.167,1780168770,D1,58,491,ok,1
815,27.167,1780168770,D31,150,765,ok,0
815,27.167,1780168770,D15,188,768,ok,0
815,27.167,1780168770,D28,-135,482,ok,0
815,27.167,1780168770,D29,141,754,ok,0
815,27.167,1780168770,D17,211,741,ok,0
815,27.167,1780168770,D2,309,373,interpolated,1
815,27.167,1780168770,D14,-6,432,interpolated,0
815,27.167,1780168770,G49,-33,382,interpolated,0
815,27.167,1780168770,G51,-18,386,interpolated,0
816,27.200,1780168770,G11,260,213,ok,1
816,27.200,1780168770,G38,7,350,merged,1
816,27.200,1780168770,G30,-6,368,merged,0
816,27.200,1780168770,G34,91,-18,ok,0
816,27.200,1780168770,G42,330,345,merged,1
816,27.200,1780168770,G40,325,356,merged,1
816,27.200,1780168770,G18,156,-4,ok,0
816,27.200,1780168770,G50,-5,-46,ok,0
816,27.200,1780168770,G47,125,-18,ok,0
816,27.200,1780168770,D4,-10,545,ok,0
816,27.200,1780168770,D20,137,623,ok,1
816,27.200,1780168770,D24,-95,484,ok,0
816,27.200,1780168770,D1,59,481,ok,1
816,27.200,1780168770,D31,151,765,ok,0
816,27.200,1780168770,D29,142,753,ok,0
816,27.200,1780168770,D15,188,768,ok,0
816,27.200,1780168770,D30,328,363,ok,0
816,27.200,1780168770,D17,211,742,ok,0
816,27.200,1780168770,D32,315,365,ok,0
816,27.200,1780168770,D2,309,373,interpolated,1
816,27.200,1780168770,D28,-135,482,interpolated,0
816,27.200,1780168770,G48,469,410,interpolated,0
816,27.200,1780168770,D14,-6,432,interpolated,0
816,27.200,1780168770,G49,-33,382,interpolated,0
816,27.200,1780168770,G51,-18,386,interpolated,0
816,27.200,1780168770,D11,-14,387,interpolated,0
817,27.233,1780168770,G11,260,213,ok,1
817,27.233,1780168770,G38,7,350,merged,1
817,27.233,1780168770,G30,-6,368,merged,0
817,27.233,1780168770,G34,91,-18,ok,0
817,27.233,1780168770,G42,330,345,merged,1
817,27.233,1780168770,G40,325,356,merged,1
817,27.233,1780168770,G18,156,-4,ok,0
817,27.233,1780168770,G50,-5,-46,ok,0
817,27.233,1780168770,G47,125,-18,ok,0
817,27.233,1780168770,D4,-10,545,ok,0
817,27.233,1780168770,D20,137,623,ok,1
817,27.233,1780168770,D24,-95,484,ok,0
817,27.233,1780168770,D1,59,481,ok,1
817,27.233,1780168770,D31,151,764,ok,0
817,27.233,1780168770,D15,188,767,ok,0
817,27.233,1780168770,D29,142,753,ok,0
817,27.233,1780168770,D30,328,363,ok,0
817,27.233,1780168770,D17,211,742,ok,0
817,27.233,1780168770,D32,315,365,ok,0
817,27.233,1780168770,D2,309,373,interpolated,1
817,27.233,1780168770,D28,-135,482,interpolated,0
817,27.233,1780168770,G48,469,410,interpolated,0
817,27.233,1780168770,G49,-33,382,interpolated,0
817,27.233,1780168770,G51,-18,386,interpolated,0
817,27.233,1780168770,D11,-14,387,interpolated,0
818,27.267,1780168770,G38,7,355,merged,1
818,27.267,1780168770,G40,329,352,merged,1
818,27.267,1780168770,G30,-5,369,merged,0
818,27.267,1780168770,G11,261,213,ok,1
818,27.267,1780168770,G34,90,-19,ok,0
818,27.267,1780168770,G18,156,-4,ok,0
818,27.267,1780168770,G50,-5,-46,ok,0
818,27.267,1780168770,G47,125,-18,ok,0
818,27.267,1780168770,D4,-10,544,ok,0
818,27.267,1780168770,D24,-92,479,ok,0
818,27.267,1780168770,D20,138,623,ok,1
818,27.267,1780168770,D31,151,765,ok,0
818,27.267,1780168770,D1,60,475,ok,1
818,27.267,1780168770,D29,142,753,ok,0
818,27.267,1780168770,D15,188,767,ok,0
818,27.267,1780168770,D17,210,741,ok,0
818,27.267,1780168770,D28,-134,481,ok,0
818,27.267,1780168770,D2,309,373,interpolated,1
818,27.267,1780168770,G42,330,345,interpolated,1
818,27.267,1780168770,G48,469,410,interpolated,0
818,27.267,1780168770,G49,-33,382,interpolated,0
818,27.267,1780168770,G51,-18,386,interpolated,0
818,27.267,1780168770,D11,-14,387,interpolated,0
818,27.267,1780168770,D30,328,363,interpolated,0
818,27.267,1780168770,D32,315,365,interpolated,0
819,27.300,1780168770,G42,329,348,merged,1
819,27.300,1780168770,G30,-7,374,merged,0
819,27.300,1780168770,G38,3,356,merged,1
819,27.300,1780168770,G34,90,-18,ok,0
819,27.300,1780168770,G51,-29,363,ok,0
819,27.300,1780168770,G18,156,-4,ok,0
819,27.300,1780168770,G48,267,214,ok,1
819,27.300,1780168770,G11,263,214,ok,1
819,27.300,1780168770,G50,-5,-46,ok,0
819,27.300,1780168770,G47,125,-18,ok,0
819,27.300,1780168770,D4,-10,544,ok,0
819,27.300,1780168770,D24,-90,475,ok,0
819,27.300,1780168770,D1,60,470,ok,1
819,27.300,1780168770,D31,151,765,ok,0
819,27.300,1780168770,D20,139,619,ok,1
819,27.300,1780168770,D15,188,767,ok,0
819,27.300,1780168770,D22,140,601,ok,1
819,27.300,1780168770,D29,142,753,ok,0
819,27.300,1780168770,D17,210,742,ok,0
819,27.300,1780168770,D2,309,373,interpolated,1
819,27.300,1780168770,D28,-134,481,interpolated,0
819,27.300,1780168770,G40,329,352,interpolated,1
819,27.300,1780168770,G49,-33,382,interpolated,0
819,27.300,1780168770,D11,-14,387,interpolated,0
819,27.300,1780168770,D30,328,363,interpolated,0
819,27.300,1780168770,D32,315,365,interpolated,0
820,27.333,1780168770,G42,329,345,merged,1
820,27.333,1780168770,G38,13,346,merged,1
820,27.333,1780168770,G34,89,-19,ok,0
820,27.333,1780168770,G30,-21,386,merged,0
820,27.333,1780168770,G11,263,224,ok,1
820,27.333,1780168770,G49,-25,378,ok,0
820,27.333,1780168770,G18,156,-4,ok,0
820,27.333,1780168770,G50,-5,-45,ok,0
820,27.333,1780168770,G48,267,224,ok,1
820,27.333,1780168770,G47,124,-18,ok,0
820,27.333,1780168770,D4,-10,544,ok,0
820,27.333,1780168770,D1,62,466,ok,1
820,27.333,1780168770,D24,-89,473,ok,0
820,27.333,1780168770,D20,140,611,ok,1
820,27.333,1780168770,D31,151,765,ok,0
820,27.333,1780168770,D29,142,754,ok,0
820,27.333,1780168770,D15,188,767,ok,0
820,27.333,1780168770,D17,209,742,ok,0
820,27.333,1780168770,D2,309,373,interpolated,1
820,27.333,1780168770,D28,-134,481,interpolated,0
820,27.333,1780168770,G40,329,352,interpolated,1
820,27.333,1780168770,G51,-29,363,interpolated,0
820,27.333,1780168770,D11,-14,387,interpolated,0
820,27.333,1780168770,D30,328,363,interpolated,0
820,27.333,1780168770,D32,315,365,interpolated,0
820,27.333,1780168770,D22,140,601,interpolated,1
821,27.367,1780168770,G38,14,348,merged,1
821,27.367,1780168770,G42,329,346,merged,1
821,27.367,1780168770,G11,263,238,ok,1
821,27.367,1780168770,G34,89,-19,ok,0
821,27.367,1780168770,G18,155,-4,ok,0
821,27.367,1780168770,G50,-5,-46,ok,0
821,27.367,1780168770,G30,-22,386,merged,0
821,27.367,1780168770,G47,124,-17,ok,0
821,27.367,1780168770,G51,-30,357,ok,0
821,27.367,1780168770,D4,-10,544,ok,0
821,27.367,1780168770,D1,60,466,ok,1
821,27.367,1780168770,D24,-90,472,ok,0
821,27.367,1780168770,D22,141,601,ok,1
821,27.367,1780168770,D31,151,765,ok,0
821,27.367,1780168770,D29,142,753,ok,0
821,27.367,1780168770,D17,208,741,ok,0
821,27.367,1780168770,D15,187,767,ok,0
821,27.367,1780168770,D2,309,373,interpolated,1
821,27.367,1780168770,D20,140,611,interpolated,1
821,27.367,1780168770,D28,-134,481,interpolated,0
821,27.367,1780168770,G48,267,224,interpolated,1
821,27.367,1780168770,G40,329,352,interpolated,1
821,27.367,1780168770,G49,-25,378,interpolated,0
821,27.367,1780168770,D11,-14,387,interpolated,0
821,27.367,1780168770,D30,328,363,interpolated,0
821,27.367,1780168770,D32,315,365,interpolated,0
822,27.400,1780168770,G38,13,348,merged,1
822,27.400,1780168770,G11,263,248,ok,1
822,27.400,1780168770,G42,330,349,merged,1
822,27.400,1780168770,G34,88,-19,ok,0
822,27.400,1780168770,G51,-29,370,merged,0
822,27.400,1780168770,G18,155,-4,ok,0
822,27.400,1780168770,G50,-5,-46,ok,0
822,27.400,1780168770,G47,124,-18,ok,0
822,27.400,1780168770,D4,-10,544,ok,0
822,27.400,1780168770,D24,-88,470,ok,0
822,27.400,1780168770,D1,59,466,ok,1
822,27.400,1780168770,D22,142,596,ok,1
822,27.400,1780168770,D31,151,765,ok,0
822,27.400,1780168770,D29,142,753,ok,0
822,27.400,1780168770,D17,207,741,ok,0
822,27.400,1780168770,D15,187,767,ok,0
822,27.400,1780168770,D2,309,373,interpolated,1
822,27.400,1780168770,D20,140,611,interpolated,1
822,27.400,1780168770,G30,-22,386,interpolated,0
822,27.400,1780168770,D28,-134,481,interpolated,0
822,27.400,1780168770,G48,267,224,interpolated,1
822,27.400,1780168770,G40,329,352,interpolated,1
822,27.400,1780168770,G49,-25,378,interpolated,0
822,27.400,1780168770,D11,-14,387,interpolated,0
822,27.400,1780168770,D30,328,363,interpolated,0
822,27.400,1780168770,D32,315,365,interpolated,0
823,27.433,1780168770,G38,13,348,merged,1
823,27.433,1780168770,G11,263,248,ok,1
823,27.433,1780168770,G42,330,349,merged,1
823,27.433,1780168770,G34,88,-19,ok,0
823,27.433,1780168770,G51,-29,370,merged,0
823,27.433,1780168770,G18,155,-4,ok,0
823,27.433,1780168770,G50,-5,-46,ok,0
823,27.433,1780168770,G47,124,-18,ok,0
823,27.433,1780168770,D4,-10,544,ok,0
823,27.433,1780168770,D24,-88,470,ok,0
823,27.433,1780168770,D1,59,466,ok,1
823,27.433,1780168770,D22,142,596,ok,1
823,27.433,1780168770,D31,151,765,ok,0
823,27.433,1780168770,D29,142,753,ok,0
823,27.433,1780168770,D17,207,741,ok,0
823,27.433,1780168770,D15,187,767,ok,0
823,27.433,1780168770,D2,309,373,interpolated,1
823,27.433,1780168770,D20,140,611,interpolated,1
823,27.433,1780168770,G30,-22,386,interpolated,0
823,27.433,1780168770,D28,-134,481,interpolated,0
823,27.433,1780168770,G48,267,224,interpolated,1
823,27.433,1780168770,G40,329,352,interpolated,1
823,27.433,1780168770,G49,-25,378,interpolated,0
823,27.433,1780168770,D11,-14,387,interpolated,0
823,27.433,1780168770,D30,328,363,interpolated,0
823,27.433,1780168770,D32,315,365,interpolated,0
824,27.467,1780168770,G11,264,254,ok,1
824,27.467,1780168770,G38,13,349,merged,1
824,27.467,1780168770,G42,332,349,merged,1
824,27.467,1780168770,G34,88,-18,ok,0
824,27.467,1780168770,G18,155,-3,ok,0
824,27.467,1780168770,G47,124,-17,ok,0
824,27.467,1780168770,G50,-5,-46,ok,0
824,27.467,1780168770,D4,-10,544,ok,0
824,27.467,1780168770,D22,147,591,ok,1
824,27.467,1780168770,D24,-87,468,ok,0
824,27.467,1780168770,D1,60,466,ok,1
824,27.467,1780168770,D31,151,765,ok,0
824,27.467,1780168770,D29,142,754,ok,0
824,27.467,1780168770,D17,206,741,ok,0
824,27.467,1780168770,D15,187,768,ok,0
824,27.467,1780168770,D20,140,611,interpolated,1
824,27.467,1780168770,G30,-22,386,interpolated,0
824,27.467,1780168770,D28,-134,481,interpolated,0
824,27.467,1780168770,G48,267,224,interpolated,1
824,27.467,1780168770,G40,329,352,interpolated,1
824,27.467,1780168770,G49,-25,378,interpolated,0
824,27.467,1780168770,G51,-29,370,interpolated,0
824,27.467,1780168770,D11,-14,387,interpolated,0
824,27.467,1780168770,D30,328,363,interpolated,0
824,27.467,1780168770,D32,315,365,interpolated,0
825,27.500,1780168770,G42,333,349,merged,1
825,27.500,1780168770,G11,265,258,ok,1
825,27.500,1780168770,G38,10,362,merged,1
825,27.500,1780168770,G34,88,-14,ok,0
825,27.500,1780168770,G18,155,-3,ok,0
825,27.500,1780168770,G51,-27,357,merged,0
825,27.500,1780168770,G47,124,-17,ok,0
825,27.500,1780168770,G50,-6,-46,ok,0
825,27.500,1780168770,D4,-10,544,ok,0
825,27.500,1780168770,D22,149,588,ok,1
825,27.500,1780168770,D24,-87,467,ok,0
825,27.500,1780168770,D31,151,765,ok,0
825,27.500,1780168770,D29,142,754,ok,0
825,27.500,1780168770,D1,63,456,ok,1
825,27.500,1780168770,D14,0,356,ok,0
825,27.500,1780168770,D17,206,741,ok,0
825,27.500,1780168770,D15,186,767,ok,0
825,27.500,1780168770,D20,140,611,interpolated,1
825,27.500,1780168770,G30,-22,386,interpolated,0
825,27.500,1780168770,D28,-134,481,interpolated,0
825,27.500,1780168770,G48,267,224,interpolated,1
825,27.500,1780168770,G40,329,352,interpolated,1
825,27.500,1780168770,G49,-25,378,interpolated,0
825,27.500,1780168770,D11,-14,387,interpolated,0
825,27.500,1780168770,D30,328,363,interpolated,0
825,27.500,1780168770,D32,315,365,interpolated,0
826,27.533,1780168770,G42,334,347,merged,1
826,27.533,1780168770,G11,267,258,ok,1
826,27.533,1780168770,G38,15,360,merged,1
826,27.533,1780168770,G34,88,-10,ok,0
826,27.533,1780168770,G51,-24,349,merged,0
826,27.533,1780168770,G18,155,-3,ok,0
826,27.533,1780168770,G47,124,-17,ok,0
826,27.533,1780168770,G50,-6,-46,ok,0
826,27.533,1780168770,D4,-10,544,ok,0
826,27.533,1780168770,D22,150,587,ok,1
826,27.533,1780168770,D24,-87,467,ok,0
826,27.533,1780168770,D1,64,446,ok,1
826,27.533,1780168770,D31,151,765,ok,0
826,27.533,1780168770,D29,142,754,ok,0
826,27.533,1780168770,D17,206,741,ok,0
826,27.533,1780168770,D20,-132,478,ok,0
826,27.533,1780168770,D15,186,767,interpolated,0
826,27.533,1780168770,G30,-22,386,interpolated,0
826,27.533,1780168770,D28,-134,481,interpolated,0
826,27.533,1780168770,G48,267,224,interpolated,1
826,27.533,1780168770,G40,329,352,interpolated,1
826,27.533,1780168770,G49,-25,378,interpolated,0
826,27.533,1780168770,D30,328,363,interpolated,0
826,27.533,1780168770,D32,315,365,interpolated,0
826,27.533,1780168770,D14,0,356,interpolated,0
827,27.567,1780168770,G42,327,303,ok,1
827,27.567,1780168770,G11,268,259,ok,1
827,27.567,1780168770,G51,-10,359,merged,0
827,27.567,1780168770,G38,47,406,merged,1
827,27.567,1780168770,G34,88,-8,ok,0
827,27.567,1780168770,G18,154,-4,ok,0
827,27.567,1780168770,G47,124,-18,ok,0
827,27.567,1780168770,G50,-7,-47,ok,0
827,27.567,1780168770,D4,-10,544,ok,0
827,27.567,1780168770,D22,151,587,ok,1
827,27.567,1780168770,D2,346,388,ok,1
827,27.567,1780168770,D24,-90,466,ok,0
827,27.567,1780168770,D11,-28,342,ok,0
827,27.567,1780168770,D31,150,765,ok,0
827,27.567,1780168770,D17,205,741,ok,0
827,27.567,1780168770,D29,142,754,ok,0
827,27.567,1780168770,D32,-22,338,ok,0
827,27.567,1780168770,D28,-33,353,ok,0
827,27.567,1780168770,D1,64,446,interpolated,1
827,27.567,1780168770,D15,186,767,interpolated,0
827,27.567,1780168770,D20,-132,478,interpolated,0
827,27.567,1780168770,G30,-22,386,interpolated,0
827,27.567,1780168770,G48,267,224,interpolated,1
827,27.567,1780168770,G40,329,352,interpolated,1
827,27.567,1780168770,G49,-25,378,interpolated,0
827,27.567,1780168770,D30,328,363,interpolated,0
827,27.567,1780168770,D14,0,356,interpolated,0
828,27.600,1780168770,G42,329,295,ok,1
828,27.600,1780168770,G51,-11,370,merged,0
828,27.600,1780168770,G38,47,406,merged,1
828,27.600,1780168770,G11,269,267,ok,1
828,27.600,1780168770,G34,88,-7,ok,0
828,27.600,1780168770,G18,154,-4,ok,0
828,27.600,1780168770,G47,125,-17,ok,0
828,27.600,1780168770,G50,-7,-46,ok,0
828,27.600,1780168770,D4,-11,544,ok,0
828,27.600,1780168770,D2,347,391,ok,1
828,27.600,1780168770,D22,154,587,ok,1
828,27.600,1780168770,D28,-30,350,ok,0
828,27.600,1780168770,D24,-91,466,ok,0
828,27.600,1780168770,D17,205,740,ok,0
828,27.600,1780168770,D31,150,765,ok,0
828,27.600,1780168770,D14,1,370,ok,1
828,27.600,1780168770,D29,141,755,ok,0
828,27.600,1780168770,D1,64,446,interpolated,1
828,27.600,1780168770,D15,186,767,interpolated,0
828,27.600,1780168770,D20,-132,478,interpolated,0
828,27.600,1780168770,G30,-22,386,interpolated,0
828,27.600,1780168770,G48,267,224,interpolated,1
828,27.600,1780168770,G40,329,352,interpolated,1
828,27.600,1780168770,G49,-25,378,interpolated,0
828,27.600,1780168770,D32,-22,338,interpolated,0
828,27.600,1780168770,D11,-28,342,interpolated,0
829,27.633,1780168770,G42,329,295,ok,1
829,27.633,1780168770,G51,-11,370,merged,0
829,27.633,1780168770,G38,47,406,merged,1
829,27.633,1780168770,G11,269,267,ok,1
829,27.633,1780168770,G34,88,-7,ok,0
829,27.633,1780168770,G18,154,-4,ok,0
829,27.633,1780168770,G47,125,-17,ok,0
829,27.633,1780168770,G50,-7,-46,ok,0
829,27.633,1780168770,D4,-11,544,ok,0
829,27.633,1780168770,D2,347,391,ok,1
829,27.633,1780168770,D22,154,587,ok,1
829,27.633,1780168770,D28,-30,350,ok,0
829,27.633,1780168770,D24,-91,466,ok,0
829,27.633,1780168770,D17,205,740,ok,0
829,27.633,1780168770,D31,150,765,ok,0
829,27.633,1780168770,D14,1,370,ok,1
829,27.633,1780168770,D29,142,754,ok,0
829,27.633,1780168770,D1,64,446,interpolated,1
829,27.633,1780168770,D15,186,767,interpolated,0
829,27.633,1780168770,D20,-132,478,interpolated,0
829,27.633,1780168770,G30,-22,386,interpolated,0
829,27.633,1780168770,G48,267,224,interpolated,1
829,27.633,1780168770,G49,-25,378,interpolated,0
829,27.633,1780168770,D32,-22,338,interpolated,0
829,27.633,1780168770,D11,-28,342,interpolated,0
830,27.667,1780168770,G42,331,287,ok,1
830,27.667,1780168770,G51,-25,345,merged,0
830,27.667,1780168770,G38,47,406,merged,1
830,27.667,1780168770,G34,88,-7,ok,0
830,27.667,1780168770,G11,269,279,ok,1
830,27.667,1780168770,G18,155,-4,ok,0
830,27.667,1780168770,G47,124,-17,ok,0
830,27.667,1780168770,G50,-8,-48,ok,0
830,27.667,1780168770,D4,-11,544,ok,0
830,27.667,1780168770,D22,157,578,ok,1
830,27.667,1780168770,D2,349,399,ok,1
830,27.667,1780168770,D24,-94,466,ok,0
830,27.667,1780168770,D11,-3,390,ok,0
830,27.667,1780168770,D14,1,376,ok,1
830,27.667,1780168770,D31,150,765,ok,0
830,27.667,1780168770,D17,205,740,ok,0
830,27.667,1780168770,D29,141,754,ok,0
830,27.667,1780168770,D15,184,766,ok,0
830,27.667,1780168770,D1,64,446,interpolated,1
830,27.667,1780168770,D20,-132,478,interpolated,0
830,27.667,1780168770,G30,-22,386,interpolated,0
830,27.667,1780168770,D28,-30,350,interpolated,0
830,27.667,1780168770,G48,267,224,interpolated,1
830,27.667,1780168770,G49,-25,378,interpolated,0
830,27.667,1780168770,D32,-22,338,interpolated,0
831,27.700,1780168770,G11,268,291,ok,1
831,27.700,1780168770,G51,-9,361,merged,0
831,27.700,1780168770,G42,332,287,ok,1
831,27.700,1780168770,G34,88,-5,ok,0
831,27.700,1780168770,G38,45,404,merged,1
831,27.700,1780168770,G18,155,-4,ok,0
831,27.700,1780168770,G47,124,-17,ok,0
831,27.700,1780168770,G50,-7,-47,ok,0
831,27.700,1780168770,D4,-11,544,ok,0
831,27.700,1780168770,D2,350,407,ok,1
831,27.700,1780168770,D22,160,569,ok,1
831,27.700,1780168770,D24,-97,466,ok,0
831,27.700,1780168770,D28,-33,341,ok,0
831,27.700,1780168770,D17,205,740,ok,0
831,27.700,1780168770,D31,150,765,ok,0
831,27.700,1780168770,D29,141,754,ok,0
831,27.700,1780168770,D15,184,766,ok,0
831,27.700,1780168770,D1,64,446,interpolated,1
831,27.700,1780168770,D20,-132,478,interpolated,0
831,27.700,1780168770,G30,-22,386,interpolated,0
831,27.700,1780168770,D32,-22,338,interpolated,0
831,27.700,1780168770,D14,1,376,interpolated,1
831,27.700,1780168770,D11,-3,390,interpolated,0
832,27.733,1780168770,G42,334,284,ok,1
832,27.733,1780168770,G11,268,299,ok,1
832,27.733,1780168770,G51,-8,362,merged,1
832,27.733,1780168770,G34,88,-2,ok,0
832,27.733,1780168770,G38,45,405,merged,1
832,27.733,1780168770,G18,155,-4,ok,0
832,27.733,1780168770,G47,124,-17,ok,0
832,27.733,1780168770,G50,-7,-47,ok,0
832,27.733,1780168770,D4,-11,544,ok,0
832,27.733,1780168770,D2,352,416,ok,1
832,27.733,1780168770,D22,162,563,ok,1
832,27.733,1780168770,D24,-99,465,ok,0
832,27.733,1780168770,D28,-32,334,ok,0
832,27.733,1780168770,D31,150,765,ok,0
832,27.733,1780168770,D29,142,754,ok,0
832,27.733,1780168770,D17,205,741,ok,0
832,27.733,1780168770,D15,184,766,ok,0
832,27.733,1780168770,D1,64,446,interpolated,1
832,27.733,1780168770,D20,-132,478,interpolated,0
832,27.733,1780168770,D32,-22,338,interpolated,0
832,27.733,1780168770,D14,1,376,interpolated,1
832,27.733,1780168770,D11,-3,390,interpolated,0
833,27.767,1780168770,G42,335,281,ok,1
833,27.767,1780168770,G11,269,305,ok,1
833,27.767,1780168770,G34,87,-3,ok,0
833,27.767,1780168770,G51,-8,359,merged,1
833,27.767,1780168770,G38,46,406,merged,1
833,27.767,1780168770,G18,155,-4,ok,0
833,27.767,1780168770,G47,124,-17,ok,0
833,27.767,1780168770,G30,1,360,merged,0
833,27.767,1780168770,D22,165,557,ok,1
833,27.767,1780168770,D4,-11,544,ok,0
833,27.767,1780168770,D2,352,422,ok,1
833,27.767,1780168770,D24,-96,462,ok,0
833,27.767,1780168770,D31,150,765,ok,0
833,27.767,1780168770,D17,204,742,ok,0
833,27.767,1780168770,D29,142,754,ok,0
833,27.767,1780168770,D15,184,766,ok,0
833,27.767,1780168770,D14,19,349,ok,0
833,27.767,1780168770,D1,64,446,interpolated,1
833,27.767,1780168770,D20,-132,478,interpolated,0
833,27.767,1780168770,D28,-32,334,interpolated,0
833,27.767,1780168770,G50,-7,-47,interpolated,0
833,27.767,1780168770,D32,-22,338,interpolated,0
833,27.767,1780168770,D11,-3,390,interpolated,0
834,27.800,1780168770,G42,336,277,ok,1
834,27.800,1780168770,G38,15,391,merged,1
834,27.800,1780168770,G11,270,306,ok,1
834,27.800,1780168770,G34,87,-2,ok,0
834,27.800,1780168770,G51,-23,328,merged,0
834,27.800,1780168770,G18,155,-4,ok,0
834,27.800,1780168770,G47,125,-17,ok,0
834,27.800,1780168770,D4,-11,544,ok,0
834,27.800,1780168770,D22,166,554,ok,1
834,27.800,1780168770,D24,-96,457,ok,0
834,27.800,1780168770,D2,355,432,ok,1
834,27.800,1780168770,D1,68,427,ok,1
834,27.800,1780168770,D31,150,765,ok,0
834,27.800,1780168770,D17,204,743,ok,0
834,27.800,1780168770,D29,141,754,ok,0
834,27.800,1780168770,D15,184,766,ok,0
834,27.800,1780168770,D20,-132,478,interpolated,0
834,27.800,1780168770,D28,-32,334,interpolated,0
834,27.800,1780168770,G50,-7,-47,interpolated,0
834,27.800,1780168770,D32,-22,338,interpolated,0
834,27.800,1780168770,D14,19,349,interpolated,0
834,27.800,1780168770,D11,-3,390,interpolated,0
834,27.800,1780168770,G30,1,360,interpolated,0
835,27.833,1780168770,G42,336,277,ok,1
835,27.833,1780168770,G38,15,391,merged,1
835,27.833,1780168770,G11,270,306,ok,1
835,27.833,1780168770,G34,87,-2,ok,0
835,27.833,1780168770,G51,-23,328,merged,0
835,27.833,1780168770,G18,155,-4,ok,0
835,27.833,1780168770,G47,125,-17,ok,0
835,27.833,1780168770,D4,-11,544,ok,0
835,27.833,1780168770,D22,166,554,ok,1
835,27.833,1780168770,D24,-96,457,ok,0
835,27.833,1780168770,D2,355,432,ok,1
835,27.833,1780168770,D1,68,427,ok,1
835,27.833,1780168770,D31,150,765,ok,0
835,27.833,1780168770,D17,204,743,ok,0
835,27.833,1780168770,D29,141,754,ok,0
835,27.833,1780168770,D15,184,766,ok,0
835,27.833,1780168770,D20,-132,478,interpolated,0
835,27.833,1780168770,D28,-32,334,interpolated,0
835,27.833,1780168770,G50,-7,-47,interpolated,0
835,27.833,1780168770,D32,-22,338,interpolated,0
835,27.833,1780168770,D14,19,349,interpolated,0
835,27.833,1780168770,D11,-3,390,interpolated,0
835,27.833,1780168770,G30,1,360,interpolated,0
836,27.867,1780168770,G42,337,272,ok,1
836,27.867,1780168770,G51,-5,358,merged,1
836,27.867,1780168770,G34,87,-2,ok,0
836,27.867,1780168770,G11,271,306,ok,1
836,27.867,1780168770,G18,154,-4,ok,0
836,27.867,1780168770,G47,124,-17,ok,0
836,27.867,1780168770,G38,46,407,merged,1
836,27.867,1780168770,D4,-11,544,ok,0
836,27.867,1780168770,D2,352,426,ok,1
836,27.867,1780168770,D22,168,550,ok,1
836,27.867,1780168770,D24,-94,454,ok,0
836,27.867,1780168770,D14,24,350,ok,0
836,27.867,1780168770,D31,150,765,ok,0
836,27.867,1780168770,D29,142,754,ok,0
836,27.867,1780168770,D17,204,743,ok,0
836,27.867,1780168770,D32,31,351,ok,0
836,27.867,1780168770,D15,184,766,ok,0
836,27.867,1780168770,D1,68,427,interpolated,1
836,27.867,1780168770,D20,-132,478,interpolated,0
836,27.867,1780168770,D28,-32,334,interpolated,0
836,27.867,1780168770,G50,-7,-47,interpolated,0
836,27.867,1780168770,D11,-3,390,interpolated,0
836,27.867,1780168770,G30,1,360,interpolated,0
837,27.900,1780168770,G42,339,265,ok,1
837,27.900,1780168770,G51,7,335,merged,0
837,27.900,1780168770,G11,272,309,ok,1
837,27.900,1780168770,G34,86,-2,ok,0
837,27.900,1780168770,G18,154,-4,ok,0
837,27.900,1780168770,G47,125,-17,ok,0
837,27.900,1780168770,G38,13,395,merged,1
837,27.900,1780168770,D2,353,430,ok,1
837,27.900,1780168770,D4,-11,544,ok,0
837,27.900,1780168770,D22,170,550,ok,1
837,27.900,1780168770,D1,67,420,ok,1
837,27.900,1780168770,D24,-93,452,ok,0
837,27.900,1780168770,D31,150,765,ok,0
837,27.900,1780168770,D29,141,754,ok,0
837,27.900,1780168770,D15,184,766,ok,0
837,27.900,1780168770,D17,203,745,ok,0
837,27.900,1780168770,D28,-32,334,interpolated,0
837,27.900,1780168770,G50,-7,-47,interpolated,0
837,27.900,1780168770,D32,31,351,interpolated,0
837,27.900,1780168770,D14,24,350,interpolated,0
837,27.900,1780168770,D11,-3,390,interpolated,0
837,27.900,1780168770,G30,1,360,interpolated,0
838,27.933,1780168770,G42,341,256,ok,1
838,27.933,1780168770,G51,9,337,merged,0
838,27.933,1780168770,G34,86,-2,ok,0
838,27.933,1780168770,G11,272,317,ok,1
838,27.933,1780168770,G18,154,-4,ok,0
838,27.933,1780168770,G38,13,397,merged,1
838,27.933,1780168770,G47,124,-17,ok,0
838,27.933,1780168770,D2,353,434,ok,1
838,27.933,1780168770,D4,-11,544,ok,0
838,27.933,1780168770,D22,171,550,ok,1
838,27.933,1780168770,D28,69,410,ok,1
838,27.933,1780168770,D24,-92,451,ok,0
838,27.933,1780168770,D31,150,764,ok,0
838,27.933,1780168770,D29,141,754,ok,0
838,27.933,1780168770,D15,184,764,ok,0
838,27.933,1780168770,D1,65,426,ok,1
838,27.933,1780168770,D17,203,744,ok,0
838,27.933,1780168770,D32,28,351,ok,0
838,27.933,1780168770,G50,-7,-47,interpolated,0
838,27.933,1780168770,D14,24,350,interpolated,0
838,27.933,1780168770,D11,-3,390,interpolated,0
838,27.933,1780168770,G30,1,360,interpolated,0
839,27.967,1780168770,G42,343,246,ok,1
839,27.967,1780168770,G51,11,331,merged,0
839,27.967,1780168770,G34,86,-2,ok,0
839,27.967,1780168770,G11,272,329,ok,1
839,27.967,1780168770,G18,154,-4,ok,0
839,27.967,1780168770,G47,124,-17,ok,0
839,27.967,1780168770,D4,-11,544,ok,0
839,27.967,1780168770,D11,4,412,ok,1
839,27.967,1780168770,D2,355,439,ok,1
839,27.967,1780168770,D22,173,550,ok,1
839,27.967,1780168770,D28,70,403,ok,1
839,27.967,1780168770,D24,-91,449,ok,0
839,27.967,1780168770,D14,26,362,ok,0
839,27.967,1780168770,D31,150,764,ok,0
839,27.967,1780168770,D15,183,764,ok,0
839,27.967,1780168770,D29,141,753,ok,0
839,27.967,1780168770,D17,203,743,ok,0
839,27.967,1780168770,D20,-115,451,ok,0
839,27.967,1780168770,D1,65,426,interpolated,1
839,27.967,1780168770,G38,13,397,interpolated,1
839,27.967,1780168770,G50,-7,-47,interpolated,0
839,27.967,1780168770,D32,28,351,interpolated,0
839,27.967,1780168770,G30,1,360,interpolated,0
840,28.000,1780168771,G42,344,242,ok,1
840,28.000,1780168771,G51,12,332,merged,0
840,28.000,1780168771,G11,272,340,ok,1
840,28.000,1780168771,G34,85,-2,ok,0
840,28.000,1780168771,G18,154,-4,ok,0
840,28.000,1780168771,G47,124,-17,ok,0
840,28.000,1780168771,D4,-11,544,ok,0
840,28.000,1780168771,D28,71,398,ok,1
840,28.000,1780168771,D11,3,419,ok,1
840,28.000,1780168771,D2,355,445,ok,1
840,28.000,1780168771,D22,175,545,ok,1
840,28.000,1780168771,D24,-90,447,ok,0
840,28.000,1780168771,D17,203,743,ok,0
840,28.000,1780168771,D15,183,764,ok,0
840,28.000,1780168771,D31,150,764,ok,0
840,28.000,1780168771,D29,141,753,ok,0
840,28.000,1780168771,D1,65,426,interpolated,1
840,28.000,1780168771,G38,13,397,interpolated,1
840,28.000,1780168771,G50,-7,-47,interpolated,0
840,28.000,1780168771,D32,28,351,interpolated,0
840,28.000,1780168771,D14,26,362,interpolated,0
840,28.000,1780168771,G30,1,360,interpolated,0
840,28.000,1780168771,D20,-115,451,interpolated,0
841,28.033,1780168771,G42,344,243,ok,1
841,28.033,1780168771,G51,12,332,merged,0
841,28.033,1780168771,G11,272,341,ok,1
841,28.033,1780168771,G34,85,-2,ok,0
841,28.033,1780168771,G18,154,-4,ok,0
841,28.033,1780168771,G47,124,-17,ok,0
841,28.033,1780168771,D4,-11,544,ok,0
841,28.033,1780168771,D28,71,398,ok,1
841,28.033,1780168771,D11,3,419,ok,1
841,28.033,1780168771,D2,355,445,ok,1
841,28.033,1780168771,D22,175,545,ok,1
841,28.033,1780168771,D24,-90,447,ok,0
841,28.033,1780168771,D17,203,743,ok,0
841,28.033,1780168771,D15,183,764,ok,0
841,28.033,1780168771,D31,150,764,ok,0
841,28.033,1780168771,D29,141,753,ok,0
841,28.033,1780168771,D1,65,426,interpolated,1
841,28.033,1780168771,G38,13,397,interpolated,1
841,28.033,1780168771,G50,-7,-47,interpolated,0
841,28.033,1780168771,D32,28,351,interpolated,0
841,28.033,1780168771,D14,26,362,interpolated,0
841,28.033,1780168771,G30,1,360,interpolated,0
841,28.033,1780168771,D20,-115,451,interpolated,0
842,28.067,1780168771,G11,272,349,ok,1
842,28.067,1780168771,G51,12,332,merged,0
842,28.067,1780168771,G42,344,243,ok,1
842,28.067,1780168771,G34,84,0,ok,1
842,28.067,1780168771,G18,154,-4,ok,0
842,28.067,1780168771,G47,124,-17,ok,0
842,28.067,1780168771,D28,70,394,ok,1
842,28.067,1780168771,D4,-11,544,ok,0
842,28.067,1780168771,D2,358,453,ok,1
842,28.067,1780168771,D11,2,426,ok,1
842,28.067,1780168771,D24,-89,447,ok,0
842,28.067,1780168771,D22,177,534,ok,1
842,28.067,1780168771,D17,202,743,ok,0
842,28.067,1780168771,D31,150,764,ok,0
842,28.067,1780168771,D15,182,764,ok,0
842,28.067,1780168771,D29,141,754,ok,0
842,28.067,1780168771,D20,-115,451,ok,0
842,28.067,1780168771,D32,-113,449,ok,0
842,28.067,1780168771,D1,65,426,interpolated,1
842,28.067,1780168771,G38,13,397,interpolated,1
842,28.067,1780168771,G50,-7,-47,interpolated,0
842,28.067,1780168771,D14,26,362,interpolated,0
842,28.067,1780168771,G30,1,360,interpolated,0
843,28.100,1780168771,G11,272,354,ok,1
843,28.100,1780168771,G42,345,242,ok,1
843,28.100,1780168771,G34,84,3,ok,1
843,28.100,1780168771,G51,-6,295,ok,0
843,28.100,1780168771,G18,154,-4,ok,0
843,28.100,1780168771,G30,64,387,merged,1
843,28.100,1780168771,G47,124,-17,ok,0
843,28.100,1780168771,D4,-11,544,ok,0
843,28.100,1780168771,D14,33,365,ok,0
843,28.100,1780168771,D11,2,427,ok,1
843,28.100,1780168771,D22,180,530,ok,1
843,28.100,1780168771,D2,359,462,ok,1
843,28.100,1780168771,D24,-92,446,ok,0
843,28.100,1780168771,D31,150,764,ok,0
843,28.100,1780168771,D17,201,743,ok,0
843,28.100,1780168771,D15,182,764,ok,0
843,28.100,1780168771,D29,142,754,ok,0
843,28.100,1780168771,D32,-114,448,ok,0
843,28.100,1780168771,D1,65,426,interpolated,1
843,28.100,1780168771,G38,13,397,interpolated,1
843,28.100,1780168771,D28,70,394,interpolated,1
843,28.100,1780168771,D20,-115,451,interpolated,0
844,28.133,1780168771,G11,273,355,ok,1
844,28.133,1780168771,G42,346,237,ok,1
844,28.133,1780168771,G34,83,3,ok,1
844,28.133,1780168771,G51,-8,288,ok,0
844,28.133,1780168771,G18,154,-4,ok,0
844,28.133,1780168771,G30,48,375,merged,1
844,28.133,1780168771,G38,33,404,merged,1
844,28.133,1780168771,G50,65,386,merged,1
844,28.133,1780168771,G47,125,-17,ok,0
844,28.133,1780168771,D4,-11,544,ok,0
844,28.133,1780168771,D22,182,520,ok,1
844,28.133,1780168771,D2,360,468,ok,1
844,28.133,1780168771,D24,-93,446,ok,0
844,28.133,1780168771,D15,181,764,ok,0
844,28.133,1780168771,D17,201,743,ok,0
844,28.133,1780168771,D31,150,764,ok,0
844,28.133,1780168771,D29,142,754,ok,0
844,28.133,1780168771,D20,-115,451,ok,0
844,28.133,1780168771,D1,65,426,interpolated,1
844,28.133,1780168771,D28,70,394,interpolated,1
844,28.133,1780168771,D32,-114,448,interpolated,0
844,28.133,1780168771,D14,33,365,interpolated,0
844,28.133,1780168771,D11,2,427,interpolated,1
845,28.167,1780168771,G11,274,356,ok,1
845,28.167,1780168771,G42,348,233,ok,1
845,28.167,1780168771,G34,82,5,ok,1
845,28.167,1780168771,G38,50,377,merged,1
845,28.167,1780168771,G18,154,-4,ok,0
845,28.167,1780168771,G51,-8,285,ok,0
845,28.167,1780168771,G47,125,-17,ok,0
845,28.167,1780168771,D4,-11,544,ok,0
845,28.167,1780168771,D2,361,469,ok,1
845,28.167,1780168771,D22,184,515,ok,1
845,28.167,1780168771,D11,3,431,ok,1
845,28.167,1780168771,D28,67,394,ok,1
845,28.167,1780168771,D31,150,765,ok,0
845,28.167,1780168771,D24,-93,446,ok,0
845,28.167,1780168771,D17,201,743,ok,0
845,28.167,1780168771,D15,181,763,ok,0
845,28.167,1780168771,D1,-4,450,ok,0
845,28.167,1780168771,D29,142,754,ok,0
845,28.167,1780168771,D32,-114,448,interpolated,0
845,28.167,1780168771,D14,33,365,interpolated,0
845,28.167,1780168771,G30,48,375,interpolated,1
845,28.167,1780168771,D20,-115,451,interpolated,0
845,28.167,1780168771,G50,65,386,interpolated,1
846,28.200,1780168771,G50,52,379,merged,1
846,28.200,1780168771,G42,348,228,ok,1
846,28.200,1780168771,G34,83,9,ok,1
846,28.200,1780168771,G18,153,-4,ok,0
846,28.200,1780168771,G11,278,357,ok,1
846,28.200,1780168771,G51,-4,284,ok,0
846,28.200,1780168771,G47,125,-17,ok,0
846,28.200,1780168771,G30,275,362,ok,1
846,28.200,1780168771,G52,474,395,ok,0
846,28.200,1780168771,D4,-11,544,ok,0
846,28.200,1780168771,D22,185,511,ok,1
846,28.200,1780168771,D28,67,389,ok,1
846,28.200,1780168771,D2,362,472,ok,1
846,28.200,1780168771,D1,-3,455,ok,0
846,28.200,1780168771,D15,180,763,ok,0
846,28.200,1780168771,D31,151,765,ok,0
846,28.200,1780168771,D17,201,743,ok,0
846,28.200,1780168771,D29,142,753,ok,0
846,28.200,1780168771,D24,-95,445,ok,0
846,28.200,1780168771,D11,4,436,ok,1
846,28.200,1780168771,G38,50,377,interpolated,1
846,28.200,1780168771,D32,-114,448,interpolated,0
846,28.200,1780168771,D14,33,365,interpolated,0
846,28.200,1780168771,D20,-115,451,interpolated,0
847,28.233,1780168771,G42,348,228,ok,1
847,28.233,1780168771,G50,52,379,merged,1
847,28.233,1780168771,G34,83,9,ok,1
847,28.233,1780168771,G11,278,357,ok,1
847,28.233,1780168771,G18,153,-4,ok,0
847,28.233,1780168771,G51,-4,284,ok,0
847,28.233,1780168771,G47,125,-17,ok,0
847,28.233,1780168771,G30,275,362,ok,1
847,28.233,1780168771,G52,474,395,ok,0
847,28.233,1780168771,D4,-11,544,ok,0
847,28.233,1780168771,D22,185,511,ok,1
847,28.233,1780168771,D28,67,389,ok,1
847,28.233,1780168771,D1,-3,455,ok,0
847,28.233,1780168771,D2,362,472,ok,1
847,28.233,1780168771,D15,180,763,ok,0
847,28.233,1780168771,D31,151,765,ok,0
847,28.233,1780168771,D17,201,743,ok,0
847,28.233,1780168771,D24,-94,446,ok,0
847,28.233,1780168771,D29,142,753,ok,0
847,28.233,1780168771,D11,4,433,ok,1
847,28.233,1780168771,G38,50,377,interpolated,1
847,28.233,1780168771,D32,-114,448,interpolated,0
847,28.233,1780168771,D14,33,365,interpolated,0
847,28.233,1780168771,D20,-115,451,interpolated,0
848,28.267,1780168771,G42,350,222,ok,1
848,28.267,1780168771,G34,84,11,ok,1
848,28.267,1780168771,G50,53,380,merged,1
848,28.267,1780168771,G51,0,286,ok,1
848,28.267,1780168771,G18,153,-4,ok,0
848,28.267,1780168771,G11,275,369,ok,0
848,28.267,1780168771,G38,326,251,ok,1
848,28.267,1780168771,G47,125,-17,ok,0
848,28.267,1780168771,G52,474,394,ok,0
848,28.267,1780168771,G30,277,363,ok,1
848,28.267,1780168771,D4,-11,544,ok,0
848,28.267,1780168771,D22,187,511,ok,1
848,28.267,1780168771,D11,4,438,ok,1
848,28.267,1780168771,D32,67,379,ok,1
848,28.267,1780168771,D2,367,486,ok,1
848,28.267,1780168771,D28,64,386,ok,1
848,28.267,1780168771,D17,201,743,ok,0
848,28.267,1780168771,D15,179,763,ok,0
848,28.267,1780168771,D1,-3,460,ok,0
848,28.267,1780168771,D31,151,765,ok,0
848,28.267,1780168771,D29,142,753,ok,0
848,28.267,1780168771,D24,-94,446,ok,0
848,28.267,1780168771,D14,33,365,interpolated,0
848,28.267,1780168771,D20,-115,451,interpolated,0
849,28.300,1780168771,G42,353,214,ok,1
849,28.300,1780168771,G34,83,12,ok,1
849,28.300,1780168771,G51,4,283,ok,1
849,28.300,1780168771,G11,276,369,ok,0
849,28.300,1780168771,G50,54,384,merged,1
849,28.300,1780168771,G18,152,-4,ok,0
849,28.300,1780168771,G47,125,-17,ok,0
849,28.300,1780168771,G52,474,395,ok,0
849,28.300,1780168771,G53,-3,263,ok,0
849,28.300,1780168771,D4,-11,544,ok,0
849,28.300,1780168771,D22,189,510,ok,1
849,28.300,1780168771,D32,69,370,ok,1
849,28.300,1780168771,D11,4,444,ok,1
849,28.300,1780168771,D2,365,480,ok,1
849,28.300,1780168771,D28,66,383,ok,1
849,28.300,1780168771,D15,179,763,ok,0
849,28.300,1780168771,D24,-95,444,ok,0
849,28.300,1780168771,D17,201,743,ok,0
849,28.300,1780168771,D31,151,765,ok,0
849,28.300,1780168771,D29,142,754,ok,0
849,28.300,1780168771,D1,-3,460,interpolated,0
849,28.300,1780168771,G38,326,251,interpolated,1
849,28.300,1780168771,D14,33,365,interpolated,0
849,28.300,1780168771,G30,277,363,interpolated,1
849,28.300,1780168771,D20,-115,451,interpolated,0
850,28.333,1780168771,G51,6,282,ok,1
850,28.333,1780168771,G42,355,207,ok,1
850,28.333,1780168771,G34,82,12,ok,1
850,28.333,1780168771,G30,54,376,merged,1
850,28.333,1780168771,G18,151,-4,ok,0
850,28.333,1780168771,G11,278,370,ok,0
850,28.333,1780168771,G50,68,369,merged,0
850,28.333,1780168771,G47,124,-17,ok,0
850,28.333,1780168771,G52,474,395,ok,0
850,28.333,1780168771,D4,-11,544,ok,0
850,28.333,1780168771,D11,4,449,ok,1
850,28.333,1780168771,D2,365,485,ok,1
850,28.333,1780168771,D22,191,510,ok,1
850,28.333,1780168771,D24,-93,440,ok,0
850,28.333,1780168771,D15,179,763,ok,0
850,28.333,1780168771,D17,201,743,ok,0
850,28.333,1780168771,D29,142,754,ok,0
850,28.333,1780168771,D20,-116,452,ok,0
850,28.333,1780168771,D31,151,765,ok,0
850,28.333,1780168771,D34,373,508,ok,1
850,28.333,1780168771,D1,-3,460,interpolated,0
850,28.333,1780168771,G38,326,251,interpolated,1
850,28.333,1780168771,D28,66,383,interpolated,1
850,28.333,1780168771,D32,69,370,interpolated,1
850,28.333,1780168771,D14,33,365,interpolated,0
850,28.333,1780168771,G53,-3,263,interpolated,0
851,28.367,1780168771,G42,357,201,ok,1
851,28.367,1780168771,G34,81,12,ok,1
851,28.367,1780168771,G30,55,373,merged,1
851,28.367,1780168771,G51,7,276,ok,1
851,28.367,1780168771,G18,150,-4,ok,0
851,28.367,1780168771,G50,68,366,merged,0
851,28.367,1780168771,G47,125,-18,ok,0
851,28.367,1780168771,G52,474,395,ok,0
851,28.367,1780168771,D4,-11,544,ok,0
851,28.367,1780168771,D1,2,456,ok,1
851,28.367,1780168771,D24,-90,435,ok,0
851,28.367,1780168771,D2,365,491,ok,1
851,28.367,1780168771,D22,193,506,ok,1
851,28.367,1780168771,D15,178,763,ok,0
851,28.367,1780168771,D17,201,743,ok,0
851,28.367,1780168771,D31,151,765,ok,0
851,28.367,1780168771,D29,142,753,ok,0
851,28.367,1780168771,D28,70,362,ok,0
851,28.367,1780168771,D20,-116,452,ok,0
851,28.367,1780168771,G11,278,370,interpolated,0
851,28.367,1780168771,G38,326,251,interpolated,1
851,28.367,1780168771,D32,69,370,interpolated,1
851,28.367,1780168771,D14,33,365,interpolated,0
851,28.367,1780168771,D11,4,449,interpolated,1
851,28.367,1780168771,G53,-3,263,interpolated,0
851,28.367,1780168771,D34,373,508,interpolated,1
852,28.400,1780168771,G42,358,199,ok,1
852,28.400,1780168771,G34,82,12,ok,1
852,28.400,1780168771,G51,6,270,ok,1
852,28.400,1780168771,G30,55,380,merged,1
852,28.400,1780168771,G18,150,-4,ok,0
852,28.400,1780168771,G47,124,-17,ok,0
852,28.400,1780168771,G52,474,395,ok,0
852,28.400,1780168771,D4,-11,544,ok,0
852,28.400,1780168771,D1,2,461,ok,1
852,28.400,1780168771,D2,366,497,ok,1
852,28.400,1780168771,D24,-89,433,ok,0
852,28.400,1780168771,D22,196,502,ok,1
852,28.400,1780168771,D15,177,763,ok,0
852,28.400,1780168771,D14,40,395,ok,1
852,28.400,1780168771,D32,63,361,ok,0
852,28.400,1780168771,D28,70,363,ok,0
852,28.400,1780168771,D31,151,765,ok,0
852,28.400,1780168771,D17,201,743,ok,0
852,28.400,1780168771,D29,142,754,ok,0
852,28.400,1780168771,D34,185,499,ok,1
852,28.400,1780168771,G11,278,370,interpolated,0
852,28.400,1780168771,G38,326,251,interpolated,1
852,28.400,1780168771,D11,4,449,interpolated,1
852,28.400,1780168771,D20,-116,452,interpolated,0
852,28.400,1780168771,G50,68,366,interpolated,0
852,28.400,1780168771,G53,-3,263,interpolated,0
853,28.433,1780168771,G42,358,199,ok,1
853,28.433,1780168771,G34,82,12,ok,1
853,28.433,1780168771,G51,6,270,ok,1
853,28.433,1780168771,G30,57,373,merged,1
853,28.433,1780168771,G18,150,-4,ok,0
853,28.433,1780168771,G47,124,-17,ok,0
853,28.433,1780168771,G52,474,395,ok,0
853,28.433,1780168771,D4,-11,544,ok,0
853,28.433,1780168771,D1,2,461,ok,1
853,28.433,1780168771,D2,366,497,ok,1
853,28.433,1780168771,D24,-89,433,ok,0
853,28.433,1780168771,D22,196,502,ok,1
853,28.433,1780168771,D15,177,763,ok,0
853,28.433,1780168771,D11,36,409,ok,1
853,28.433,1780168771,D28,70,363,ok,0
853,28.433,1780168771,D32,63,361,ok,0
853,28.433,1780168771,D31,151,765,ok,0
853,28.433,1780168771,D17,201,743,ok,0
853,28.433,1780168771,D29,142,754,ok,0
853,28.433,1780168771,G11,278,370,interpolated,0
853,28.433,1780168771,G38,326,251,interpolated,1
853,28.433,1780168771,D14,40,395,interpolated,1
853,28.433,1780168771,D20,-116,452,interpolated,0
853,28.433,1780168771,G50,68,366,interpolated,0
853,28.433,1780168771,G53,-3,263,interpolated,0
853,28.433,1780168771,D34,185,499,interpolated,1
854,28.467,1780168771,G30,60,377,merged,1
854,28.467,1780168771,G34,82,12,ok,1
854,28.467,1780168771,G42,359,197,ok,1
854,28.467,1780168771,G18,150,-4,ok,0
854,28.467,1780168771,G53,2,254,ok,1
854,28.467,1780168771,G47,124,-17,ok,0
854,28.467,1780168771,G52,474,395,ok,0
854,28.467,1780168771,D4,-11,544,ok,0
854,28.467,1780168771,D22,199,488,ok,1
854,28.467,1780168771,D24,-89,431,ok,0
854,28.467,1780168771,D2,366,506,ok,1
854,28.467,1780168771,D1,5,462,ok,1
854,28.467,1780168771,D32,65,359,ok,0
854,28.467,1780168771,D15,177,763,ok,0
854,28.467,1780168771,D31,151,765,ok,0
854,28.467,1780168771,D29,142,754,ok,0
854,28.467,1780168771,D17,201,743,ok,0
854,28.467,1780168771,D20,-118,450,ok,0
854,28.467,1780168771,G11,278,370,interpolated,0
854,28.467,1780168771,G38,326,251,interpolated,1
854,28.467,1780168771,D28,70,363,interpolated,0
854,28.467,1780168771,G51,6,270,interpolated,1
854,28.467,1780168771,D14,40,395,interpolated,1
854,28.467,1780168771,D11,36,409,interpolated,1
854,28.467,1780168771,G50,68,366,interpolated,0
854,28.467,1780168771,D34,185,499,interpolated,1
855,28.500,1780168771,G30,61,375,merged,1
855,28.500,1780168771,G34,82,11,ok,1
855,28.500,1780168771,G42,360,194,ok,1
855,28.500,1780168771,G18,149,-4,ok,0
855,28.500,1780168771,G53,3,252,ok,1
855,28.500,1780168771,G47,124,-17,ok,0
855,28.500,1780168771,G52,474,395,ok,0
855,28.500,1780168771,D4,-11,544,ok,0
855,28.500,1780168771,D1,6,464,ok,1
855,28.500,1780168771,D22,199,481,ok,1
855,28.500,1780168771,D2,365,508,ok,1
855,28.500,1780168771,D24,-88,430,ok,0
855,28.500,1780168771,D15,177,763,ok,0
855,28.500,1780168771,D32,66,359,ok,0
855,28.500,1780168771,D31,151,765,ok,0
855,28.500,1780168771,D29,142,754,ok,0
855,28.500,1780168771,D17,200,743,ok,0
855,28.500,1780168771,G11,278,370,interpolated,0
855,28.500,1780168771,G38,326,251,interpolated,1
855,28.500,1780168771,D28,70,363,interpolated,0
855,28.500,1780168771,G51,6,270,interpolated,1
855,28.500,1780168771,D14,40,395,interpolated,1
855,28.500,1780168771,D11,36,409,interpolated,1
855,28.500,1780168771,D20,-118,450,interpolated,0
855,28.500,1780168771,G50,68,366,interpolated,0
855,28.500,1780168771,D34,185,499,interpolated,1
856,28.533,1780168771,G42,362,189,ok,1
856,28.533,1780168771,G34,81,12,ok,1
856,28.533,1780168771,G30,64,376,merged,1
856,28.533,1780168771,G53,7,253,ok,1
856,28.533,1780168771,G18,149,-4,ok,0
856,28.533,1780168771,G47,124,-17,ok,0
856,28.533,1780168771,G52,474,395,ok,0
856,28.533,1780168771,D1,8,468,ok,1
856,28.533,1780168771,D4,-11,544,ok,0
856,28.533,1780168771,D24,-87,428,ok,0
856,28.533,1780168771,D22,202,476,ok,1
856,28.533,1780168771,D2,364,510,ok,1
856,28.533,1780168771,D15,177,763,ok,0
856,28.533,1780168771,D31,151,765,ok,0
856,28.533,1780168771,D29,141,753,ok,0
856,28.533,1780168771,D17,200,743,ok,0
856,28.533,1780168771,D32,67,359,ok,0
856,28.533,1780168771,G11,278,370,interpolated,0
856,28.533,1780168771,G38,326,251,interpolated,1
856,28.533,1780168771,D28,70,363,interpolated,0
856,28.533,1780168771,G51,6,270,interpolated,1
856,28.533,1780168771,D14,40,395,interpolated,1
856,28.533,1780168771,D11,36,409,interpolated,1
856,28.533,1780168771,D20,-118,450,interpolated,0
856,28.533,1780168771,G50,68,366,interpolated,0
856,28.533,1780168771,D34,185,499,interpolated,1
857,28.567,1780168771,G30,66,377,merged,1
857,28.567,1780168771,G34,80,14,ok,1
857,28.567,1780168771,G53,10,250,ok,1
857,28.567,1780168771,G42,366,175,ok,1
857,28.567,1780168771,G18,149,-4,ok,0
857,28.567,1780168771,G47,124,-17,ok,0
857,28.567,1780168771,G52,474,395,ok,0
857,28.567,1780168771,G51,74,13,ok,1
857,28.567,1780168771,D4,-11,544,ok,0
857,28.567,1780168771,D22,204,473,ok,1
857,28.567,1780168771,D24,-86,427,ok,0
857,28.567,1780168771,D1,9,471,ok,1
857,28.567,1780168771,D2,363,512,ok,1
857,28.567,1780168771,D15,177,763,ok,0
857,28.567,1780168771,D34,279,370,ok,1
857,28.567,1780168771,D31,152,765,ok,0
857,28.567,1780168771,D29,141,753,ok,0
857,28.567,1780168771,D17,200,743,ok,0
857,28.567,1780168771,D28,282,370,ok,1
857,28.567,1780168771,G11,278,370,interpolated,0
857,28.567,1780168771,G38,326,251,interpolated,1
857,28.567,1780168771,D32,67,359,interpolated,0
857,28.567,1780168771,D14,40,395,interpolated,1
857,28.567,1780168771,D11,36,409,interpolated,1
857,28.567,1780168771,D20,-118,450,interpolated,0
857,28.567,1780168771,G50,68,366,interpolated,0
858,28.600,1780168771,G30,88,342,ok,1
858,28.600,1780168771,G53,13,247,ok,1
858,28.600,1780168771,G34,81,16,ok,1
858,28.600,1780168771,G42,365,179,ok,1
858,28.600,1780168771,G18,149,-4,ok,0
858,28.600,1780168771,G47,124,-17,ok,0
858,28.600,1780168771,G51,74,17,ok,1
858,28.600,1780168771,G52,474,395,ok,0
858,28.600,1780168771,D4,-11,544,ok,0
858,28.600,1780168771,D2,363,517,ok,1
858,28.600,1780168771,D1,9,475,ok,1
858,28.600,1780168771,D24,-87,427,ok,0
858,28.600,1780168771,D22,205,470,ok,1
858,28.600,1780168771,D34,280,370,ok,1
858,28.600,1780168771,D14,47,413,ok,1
858,28.600,1780168771,D15,177,763,ok,0
858,28.600,1780168771,D29,142,753,ok,0
858,28.600,1780168771,D31,152,766,ok,0
858,28.600,1780168771,D17,200,743,ok,0
858,28.600,1780168771,G11,278,370,interpolated,0
858,28.600,1780168771,G38,326,251,interpolated,1
858,28.600,1780168771,D28,282,370,interpolated,1
858,28.600,1780168771,D32,67,359,interpolated,0
858,28.600,1780168771,D11,36,409,interpolated,1
858,28.600,1780168771,D20,-118,450,interpolated,0
858,28.600,1780168771,G50,68,366,interpolated,0
859,28.633,1780168771,G30,88,342,ok,1
859,28.633,1780168771,G53,13,247,ok,1
859,28.633,1780168771,G34,81,16,ok,1
859,28.633,1780168771,G42,365,179,ok,1
859,28.633,1780168771,G18,149,-4,ok,0
859,28.633,1780168771,G47,124,-17,ok,0
859,28.633,1780168771,G51,74,17,ok,1
859,28.633,1780168771,G52,474,395,ok,0
859,28.633,1780168771,D4,-11,544,ok,0
859,28.633,1780168771,D2,363,517,ok,1
859,28.633,1780168771,D1,9,475,ok,1
859,28.633,1780168771,D24,-87,427,ok,0
859,28.633,1780168771,D22,205,470,ok,1
859,28.633,1780168771,D34,280,370,ok,1
859,28.633,1780168771,D14,47,413,ok,1
859,28.633,1780168771,D15,177,763,ok,0
859,28.633,1780168771,D29,142,753,ok,0
859,28.633,1780168771,D31,152,766,ok,0
859,28.633,1780168771,D17,200,743,ok,0
859,28.633,1780168771,G11,278,370,interpolated,0
859,28.633,1780168771,D28,282,370,interpolated,1
859,28.633,1780168771,D32,67,359,interpolated,0
859,28.633,1780168771,D11,36,409,interpolated,1
859,28.633,1780168771,D20,-118,450,interpolated,0
859,28.633,1780168771,G50,68,366,interpolated,0
860,28.667,1780168771,G30,90,338,ok,1
860,28.667,1780168771,G34,81,19,ok,1
860,28.667,1780168771,G42,366,173,ok,1
860,28.667,1780168771,G53,14,242,ok,1
860,28.667,1780168771,G18,149,-3,ok,0
860,28.667,1780168771,G47,124,-17,ok,0
860,28.667,1780168771,G52,474,395,ok,0
860,28.667,1780168771,D4,-11,544,ok,0
860,28.667,1780168771,D24,-87,426,ok,0
860,28.667,1780168771,D22,207,470,ok,1
860,28.667,1780168771,D1,8,481,ok,1
860,28.667,1780168771,D2,364,520,ok,1
860,28.667,1780168771,D14,48,418,ok,1
860,28.667,1780168771,D34,279,371,ok,1
860,28.667,1780168771,D15,177,763,ok,0
860,28.667,1780168771,D31,152,766,ok,0
860,28.667,1780168771,D29,142,753,ok,0
860,28.667,1780168771,D17,200,743,ok,0
860,28.667,1780168771,G11,278,370,interpolated,0
860,28.667,1780168771,D28,282,370,interpolated,1
860,28.667,1780168771,G51,74,17,interpolated,1
860,28.667,1780168771,D32,67,359,interpolated,0
860,28.667,1780168771,D11,36,409,interpolated,1
860,28.667,1780168771,D20,-118,450,interpolated,0
860,28.667,1780168771,G50,68,366,interpolated,0
861,28.700,1780168771,G34,81,20,ok,1
861,28.700,1780168771,G42,367,167,ok,1
861,28.700,1780168771,G53,16,236,ok,1
861,28.700,1780168771,G30,93,329,ok,1
861,28.700,1780168771,G18,148,-3,ok,0
861,28.700,1780168771,G47,124,-17,ok,0
861,28.700,1780168771,G51,74,19,ok,1
861,28.700,1780168771,G50,47,304,ok,1
861,28.700,1780168771,G52,474,395,ok,0
861,28.700,1780168771,D4,-11,544,ok,0
861,28.700,1780168771,D1,7,487,ok,1
861,28.700,1780168771,D22,209,470,ok,1
861,28.700,1780168771,D2,364,526,ok,1
861,28.700,1780168771,D14,48,422,ok,1
861,28.700,1780168771,D24,-88,426,ok,0
861,28.700,1780168771,D34,280,370,ok,1
861,28.700,1780168771,D15,176,762,ok,0
861,28.700,1780168771,D31,152,766,ok,0
861,28.700,1780168771,D29,142,754,ok,0
861,28.700,1780168771,D17,200,743,ok,0
861,28.700,1780168771,D28,282,370,interpolated,1
861,28.700,1780168771,D32,67,359,interpolated,0
861,28.700,1780168771,D11,36,409,interpolated,1
861,28.700,1780168771,D20,-118,450,interpolated,0
862,28.733,1780168771,G30,94,324,ok,1
862,28.733,1780168771,G34,80,22,ok,1
862,28.733,1780168771,G53,17,230,ok,1
862,28.733,1780168771,G42,369,161,ok,1
862,28.733,1780168771,G18,148,-3,ok,0
862,28.733,1780168771,G47,124,-17,ok,0
862,28.733,1780168771,G51,73,21,ok,1
862,28.733,1780168771,G52,474,395,ok,0
862,28.733,1780168771,D22,211,468,ok,1
862,28.733,1780168771,D4,-11,544,ok,0
862,28.733,1780168771,D34,279,372,ok,1
862,28.733,1780168771,D14,51,425,ok,1
862,28.733,1780168771,D2,366,533,ok,1
862,28.733,1780168771,D1,6,493,ok,1
862,28.733,1780168771,D24,-89,426,ok,0
862,28.733,1780168771,D15,176,763,ok,0
862,28.733,1780168771,D31,153,766,ok,0
862,28.733,1780168771,D29,142,753,ok,0
862,28.733,1780168771,D17,200,743,ok,0
862,28.733,1780168771,D28,282,370,interpolated,1
862,28.733,1780168771,D32,67,359,interpolated,0
862,28.733,1780168771,D11,36,409,interpolated,1
862,28.733,1780168771,D20,-118,450,interpolated,0
862,28.733,1780168771,G50,47,304,interpolated,1
863,28.767,1780168771,G42,369,159,ok,1
863,28.767,1780168771,G34,79,22,ok,1
863,28.767,1780168771,G30,97,320,ok,1
863,28.767,1780168771,G53,18,228,ok,1
863,28.767,1780168771,G18,148,-3,ok,0
863,28.767,1780168771,G47,124,-17,ok,0
863,28.767,1780168771,G52,474,395,ok,0
863,28.767,1780168771,D14,52,426,ok,1
863,28.767,1780168771,D4,-12,545,ok,0
863,28.767,1780168771,D34,280,381,ok,1
863,28.767,1780168771,D2,367,540,ok,1
863,28.767,1780168771,D1,6,495,ok,1
863,28.767,1780168771,D28,213,458,ok,1
863,28.767,1780168771,D24,-89,426,ok,0
863,28.767,1780168771,D15,176,762,ok,0
863,28.767,1780168771,D29,143,753,ok,0
863,28.767,1780168771,D31,153,766,ok,0
863,28.767,1780168771,D17,201,743,ok,0
863,28.767,1780168771,D22,213,475,ok,1
863,28.767,1780168771,G51,73,21,interpolated,1
863,28.767,1780168771,D32,67,359,interpolated,0
863,28.767,1780168771,D11,36,409,interpolated,1
863,28.767,1780168771,D20,-118,450,interpolated,0
863,28.767,1780168771,G50,47,304,interpolated,1
864,28.800,1780168771,G30,100,318,ok,1
864,28.800,1780168771,G34,80,23,ok,1
864,28.800,1780168771,G42,370,154,ok,1
864,28.800,1780168771,G53,19,227,ok,1
864,28.800,1780168771,G18,147,-3,ok,0
864,28.800,1780168771,G47,125,-16,ok,0
864,28.800,1780168771,D14,55,427,ok,1
864,28.800,1780168771,D28,213,449,ok,1
864,28.800,1780168771,D4,-12,548,ok,0
864,28.800,1780168771,D34,280,383,ok,1
864,28.800,1780168771,D1,6,496,ok,1
864,28.800,1780168771,D2,368,545,ok,1
864,28.800,1780168771,D24,-90,426,ok,0
864,28.800,1780168771,D15,175,762,ok,0
864,28.800,1780168771,D29,143,754,ok,0
864,28.800,1780168771,D31,153,766,ok,0
864,28.800,1780168771,D17,200,743,ok,0
864,28.800,1780168771,D22,282,399,ok,1
864,28.800,1780168771,G51,73,21,interpolated,1
864,28.800,1780168771,D32,67,359,interpolated,0
864,28.800,1780168771,D20,-118,450,interpolated,0
864,28.800,1780168771,G50,47,304,interpolated,1
864,28.800,1780168771,G52,474,395,interpolated,0
865,28.833,1780168771,G30,100,318,ok,1
865,28.833,1780168771,G34,80,23,ok,1
865,28.833,1780168771,G42,370,154,ok,1
865,28.833,1780168771,G53,19,227,ok,1
865,28.833,1780168771,G18,147,-3,ok,0
865,28.833,1780168771,G47,125,-16,ok,0
865,28.833,1780168771,D14,55,427,ok,1
865,28.833,1780168771,D28,213,449,ok,1
865,28.833,1780168771,D4,-13,548,ok,0
865,28.833,1780168771,D34,280,383,ok,1
865,28.833,1780168771,D1,6,496,ok,1
865,28.833,1780168771,D2,368,545,ok,1
865,28.833,1780168771,D24,-90,426,ok,0
865,28.833,1780168771,D15,175,762,ok,0
865,28.833,1780168771,D29,143,754,ok,0
865,28.833,1780168771,D31,153,766,ok,0
865,28.833,1780168771,D17,200,743,ok,0
865,28.833,1780168771,D22,282,399,ok,1
865,28.833,1780168771,G51,73,21,interpolated,1
865,28.833,1780168771,D32,67,359,interpolated,0
865,28.833,1780168771,G50,47,304,interpolated,1
865,28.833,1780168771,G52,474,395,interpolated,0
866,28.867,1780168771,G34,80,23,ok,1
866,28.867,1780168771,G53,20,227,ok,1
866,28.867,1780168771,G30,104,317,ok,1
866,28.867,1780168771,G42,370,152,ok,1
866,28.867,1780168771,G18,147,-3,ok,0
866,28.867,1780168771,G47,125,-16,ok,0
866,28.867,1780168771,D28,214,441,ok,1
866,28.867,1780168771,D14,57,429,ok,1
866,28.867,1780168771,D34,279,386,ok,1
866,28.867,1780168771,D4,-15,554,ok,0
866,28.867,1780168771,D2,369,547,ok,1
866,28.867,1780168771,D24,-90,423,ok,0
866,28.867,1780168771,D15,175,762,ok,0
866,28.867,1780168771,D1,7,498,ok,1
866,28.867,1780168771,D17,201,743,ok,0
866,28.867,1780168771,D29,144,753,ok,0
866,28.867,1780168771,D11,-10,538,ok,0
866,28.867,1780168771,D31,153,766,ok,0
866,28.867,1780168771,G51,73,21,interpolated,1
866,28.867,1780168771,D32,67,359,interpolated,0
866,28.867,1780168771,D22,282,399,interpolated,1
866,28.867,1780168771,G50,47,304,interpolated,1
866,28.867,1780168771,G52,474,395,interpolated,0
867,28.900,1780168771,G30,107,315,ok,1
867,28.900,1780168771,G53,22,227,ok,1
867,28.900,1780168771,G42,370,151,ok,1
867,28.900,1780168771,G34,80,24,ok,1
867,28.900,1780168771,G18,146,-3,ok,0
867,28.900,1780168771,G47,125,-16,ok,0
867,28.900,1780168771,G50,104,299,ok,1
867,28.900,1780168771,D14,60,430,ok,1
867,28.900,1780168771,D34,280,390,ok,1
867,28.900,1780168771,D28,217,435,ok,1
867,28.900,1780168771,D4,-15,554,ok,0
867,28.900,1780168771,D11,2,520,ok,1
867,28.900,1780168771,D24,-88,418,ok,0
867,28.900,1780168771,D2,370,549,ok,1
867,28.900,1780168771,D29,145,752,ok,0
867,28.900,1780168771,D15,175,762,ok,0
867,28.900,1780168771,D17,201,743,ok,0
867,28.900,1780168771,D31,153,765,ok,0
867,28.900,1780168771,D1,10,499,ok,1
867,28.900,1780168771,G51,73,21,interpolated,1
867,28.900,1780168771,D22,282,399,interpolated,1
867,28.900,1780168771,G52,474,395,interpolated,0
868,28.933,1780168771,G53,23,227,ok,1
868,28.933,1780168771,G30,112,311,ok,1
868,28.933,1780168771,G42,371,148,ok,1
868,28.933,1780168771,G34,81,24,ok,1
868,28.933,1780168771,G18,146,-3,ok,0
868,28.933,1780168771,G51,75,24,ok,1
868,28.933,1780168771,G47,125,-16,ok,0
868,28.933,1780168771,G50,109,293,ok,1
868,28.933,1780168771,D14,61,432,ok,1
868,28.933,1780168771,D28,219,432,ok,1
868,28.933,1780168771,D22,281,395,ok,1
868,28.933,1780168771,D4,-16,554,ok,0
868,28.933,1780168771,D24,-86,414,ok,0
868,28.933,1780168771,D2,370,552,ok,1
868,28.933,1780168771,D11,2,526,ok,1
868,28.933,1780168771,D15,174,762,ok,0
868,28.933,1780168771,D17,201,743,ok,0
868,28.933,1780168771,D29,145,752,ok,0
868,28.933,1780168771,D1,10,499,interpolated,1
868,28.933,1780168771,D31,153,765,interpolated,0
868,28.933,1780168771,G52,474,395,interpolated,0
868,28.933,1780168771,D34,280,390,interpolated,1
869,28.967,1780168771,G30,115,307,ok,1
869,28.967,1780168771,G34,81,24,ok,1
869,28.967,1780168771,G53,24,226,ok,1
869,28.967,1780168771,G42,372,143,ok,1
869,28.967,1780168771,G18,145,-3,ok,0
869,28.967,1780168771,G47,125,-16,ok,0
869,28.967,1780168771,G50,45,252,ok,1
869,28.967,1780168771,D22,282,400,ok,1
869,28.967,1780168771,D14,62,434,ok,1
869,28.967,1780168771,D28,222,432,ok,1
869,28.967,1780168771,D4,-21,561,ok,0
869,28.967,1780168771,D24,-85,413,ok,0
869,28.967,1780168771,D11,3,529,ok,1
869,28.967,1780168771,D29,147,751,ok,0
869,28.967,1780168771,D15,174,762,ok,0
869,28.967,1780168771,D17,201,743,ok,0
869,28.967,1780168771,D2,378,571,ok,1
869,28.967,1780168771,D1,10,499,interpolated,1
869,28.967,1780168771,D31,153,765,interpolated,0
869,28.967,1780168771,G51,75,24,interpolated,1
869,28.967,1780168771,G52,474,395,interpolated,0
869,28.967,1780168771,D34,280,390,interpolated,1
870,29.000,1780168772,G34,81,24,ok,1
870,29.000,1780168772,G53,25,226,ok,1
870,29.000,1780168772,G50,114,290,ok,1
870,29.000,1780168772,G42,374,139,ok,1
870,29.000,1780168772,G18,145,-3,ok,0
870,29.000,1780168772,G47,124,-17,ok,0
870,29.000,1780168772,G30,116,302,ok,1
870,29.000,1780168772,D22,281,407,ok,1
870,29.000,1780168772,D14,64,437,ok,1
870,29.000,1780168772,D28,224,432,ok,1
870,29.000,1780168772,D4,-15,548,ok,0
870,29.000,1780168772,D1,12,513,ok,1
870,29.000,1780168772,D24,-85,412,ok,0
870,29.000,1780168772,D15,174,761,ok,0
870,29.000,1780168772,D29,146,752,ok,0
870,29.000,1780168772,D17,201,743,ok,0
870,29.000,1780168772,D2,378,577,ok,1
870,29.000,1780168772,D31,153,765,interpolated,0
870,29.000,1780168772,G51,75,24,interpolated,1
870,29.000,1780168772,G52,474,395,interpolated,0
870,29.000,1780168772,D34,280,390,interpolated,1
870,29.000,1780168772,D11,3,529,interpolated,1
871,29.033,1780168772,G34,81,24,ok,1
871,29.033,1780168772,G53,24,226,ok,1
871,29.033,1780168772,G50,114,290,ok,1
871,29.033,1780168772,G42,374,139,ok,1
871,29.033,1780168772,G18,145,-3,ok,0
871,29.033,1780168772,G47,124,-17,ok,0
871,29.033,1780168772,G30,116,302,ok,1
871,29.033,1780168772,D22,281,407,ok,1
871,29.033,1780168772,D14,64,437,ok,1
871,29.033,1780168772,D28,224,432,ok,1
871,29.033,1780168772,D4,-15,548,ok,0
871,29.033,1780168772,D1,12,513,ok,1
871,29.033,1780168772,D24,-85,412,ok,0
871,29.033,1780168772,D15,174,761,ok,0
871,29.033,1780168772,D29,146,752,ok,0
871,29.033,1780168772,D17,201,743,ok,0
871,29.033,1780168772,D2,378,577,ok,1
871,29.033,1780168772,D31,153,765,interpolated,0
871,29.033,1780168772,G51,75,24,interpolated,1
871,29.033,1780168772,G52,474,395,interpolated,0
871,29.033,1780168772,D34,280,390,interpolated,1
871,29.033,1780168772,D11,3,529,interpolated,1
872,29.067,1780168772,G34,81,24,ok,1
872,29.067,1780168772,G50,118,295,ok,1
872,29.067,1780168772,G53,27,225,ok,1
872,29.067,1780168772,G42,376,133,ok,1
872,29.067,1780168772,G18,144,-2,ok,0
872,29.067,1780168772,G47,124,-17,ok,0
872,29.067,1780168772,D4,-14,544,ok,0
872,29.067,1780168772,D28,226,428,ok,1
872,29.067,1780168772,D22,282,417,ok,1
872,29.067,1780168772,D14,64,442,ok,1
872,29.067,1780168772,D2,374,566,ok,1
872,29.067,1780168772,D11,2,537,ok,1
872,29.067,1780168772,D24,-84,410,ok,0
872,29.067,1780168772,D15,174,762,ok,0
872,29.067,1780168772,D1,9,518,ok,1
872,29.067,1780168772,D29,147,751,ok,0
872,29.067,1780168772,D17,201,743,ok,0
872,29.067,1780168772,D31,153,765,interpolated,0
872,29.067,1780168772,G51,75,24,interpolated,1
872,29.067,1780168772,G30,116,302,interpolated,1
872,29.067,1780168772,G52,474,395,interpolated,0
872,29.067,1780168772,D34,280,390,interpolated,1
873,29.100,1780168772,G34,81,25,ok,1
873,29.100,1780168772,G50,122,289,ok,1
873,29.100,1780168772,G53,27,224,ok,1
873,29.100,1780168772,G42,376,128,ok,1
873,29.100,1780168772,G18,143,-2,ok,0
873,29.100,1780168772,G47,124,-17,ok,0
873,29.100,1780168772,D28,228,423,ok,1
873,29.100,1780168772,D4,-14,544,ok,0
873,29.100,1780168772,D14,63,447,ok,1
873,29.100,1780168772,D22,281,424,ok,1
873,29.100,1780168772,D24,-83,408,ok,0
873,29.100,1780168772,D2,376,571,ok,1
873,29.100,1780168772,D11,7,531,ok,1
873,29.100,1780168772,D15,174,762,ok,0
873,29.100,1780168772,D29,147,751,ok,0
873,29.100,1780168772,D17,201,743,ok,0
873,29.100,1780168772,D1,9,518,interpolated,1
873,29.100,1780168772,D31,153,765,interpolated,0
873,29.100,1780168772,G51,75,24,interpolated,1
873,29.100,1780168772,G30,116,302,interpolated,1
873,29.100,1780168772,G52,474,395,interpolated,0
873,29.100,1780168772,D34,280,390,interpolated,1
874,29.133,1780168772,G50,127,286,ok,1
874,29.133,1780168772,G34,81,25,ok,1
874,29.133,1780168772,G53,27,222,ok,1
874,29.133,1780168772,G42,377,124,ok,1
874,29.133,1780168772,G47,124,-17,ok,0
874,29.133,1780168772,G18,143,-2,ok,0
874,29.133,1780168772,D22,281,427,ok,1
874,29.133,1780168772,D4,-14,545,ok,0
874,29.133,1780168772,D14,63,453,ok,1
874,29.133,1780168772,D28,231,415,ok,1
874,29.133,1780168772,D24,-84,408,ok,0
874,29.133,1780168772,D15,174,762,ok,0
874,29.133,1780168772,D29,148,751,ok,0
874,29.133,1780168772,D2,375,577,ok,1
874,29.133,1780168772,D1,5,542,ok,1
874,29.133,1780168772,D17,201,743,ok,0
874,29.133,1780168772,D11,11,527,ok,1
874,29.133,1780168772,D31,153,765,interpolated,0
874,29.133,1780168772,G51,75,24,interpolated,1
874,29.133,1780168772,G30,116,302,interpolated,1
874,29.133,1780168772,D34,280,390,interpolated,1
875,29.167,1780168772,G50,133,284,ok,1
875,29.167,1780168772,G34,82,26,ok,1
875,29.167,1780168772,G53,26,220,ok,1
875,29.167,1780168772,G42,378,123,ok,1
875,29.167,1780168772,G47,124,-17,ok,0
875,29.167,1780168772,G18,143,0,ok,1
875,29.167,1780168772,D28,231,402,ok,1
875,29.167,1780168772,D22,280,428,ok,1
875,29.167,1780168772,D4,-12,545,ok,0
875,29.167,1780168772,D11,12,531,ok,1
875,29.167,1780168772,D14,65,453,ok,1
875,29.167,1780168772,D24,-84,407,ok,0
875,29.167,1780168772,D2,374,580,ok,1
875,29.167,1780168772,D29,148,750,ok,0
875,29.167,1780168772,D15,174,762,ok,0
875,29.167,1780168772,D17,201,743,ok,0
875,29.167,1780168772,D1,5,542,interpolated,1
875,29.167,1780168772,D31,153,765,interpolated,0
875,29.167,1780168772,G51,75,24,interpolated,1
875,29.167,1780168772,G30,116,302,interpolated,1
875,29.167,1780168772,D34,280,390,interpolated,1
876,29.200,1780168772,G34,82,29,ok,1
876,29.200,1780168772,G50,136,281,ok,1
876,29.200,1780168772,G53,26,217,ok,1
876,29.200,1780168772,G42,378,123,ok,1
876,29.200,1780168772,G47,125,-16,ok,0
876,29.200,1780168772,G18,143,0,ok,1
876,29.200,1780168772,D28,233,396,ok,1
876,29.200,1780168772,D22,280,432,ok,1
876,29.200,1780168772,D4,-12,545,ok,0
876,29.200,1780168772,D11,15,533,ok,1
876,29.200,1780168772,D14,67,455,ok,1
876,29.200,1780168772,D24,-85,407,ok,0
876,29.200,1780168772,D2,373,580,ok,1
876,29.200,1780168772,D15,174,762,ok,0
876,29.200,1780168772,D29,148,751,ok,0
876,29.200,1780168772,D17,201,743,ok,0
876,29.200,1780168772,D1,5,542,interpolated,1
876,29.200,1780168772,D31,153,765,interpolated,0
876,29.200,1780168772,G51,75,24,interpolated,1
876,29.200,1780168772,G30,116,302,interpolated,1
876,29.200,1780168772,D34,280,390,interpolated,1
877,29.233,1780168772,G34,82,29,ok,1
877,29.233,1780168772,G50,136,281,ok,1
877,29.233,1780168772,G53,26,217,ok,1
877,29.233,1780168772,G42,378,122,ok,1
877,29.233,1780168772,G47,125,-16,ok,0
877,29.233,1780168772,G18,143,0,ok,1
877,29.233,1780168772,D28,233,396,ok,1
877,29.233,1780168772,D22,280,432,ok,1
877,29.233,1780168772,D4,-12,545,ok,0
877,29.233,1780168772,D11,15,533,ok,1
877,29.233,1780168772,D14,67,455,ok,1
877,29.233,1780168772,D24,-85,406,ok,0
877,29.233,1780168772,D2,373,580,ok,1
877,29.233,1780168772,D15,174,762,ok,0
877,29.233,1780168772,D29,148,751,ok,0
877,29.233,1780168772,D17,201,743,ok,0
877,29.233,1780168772,D1,5,542,interpolated,1
877,29.233,1780168772,D31,153,765,interpolated,0
877,29.233,1780168772,G51,75,24,interpolated,1
877,29.233,1780168772,G30,116,302,interpolated,1
877,29.233,1780168772,D34,280,390,interpolated,1
878,29.267,1780168772,G34,83,32,ok,1
878,29.267,1780168772,G50,139,277,ok,1
878,29.267,1780168772,G53,26,213,ok,1
878,29.267,1780168772,G42,380,120,ok,1
878,29.267,1780168772,G47,124,-17,ok,0
878,29.267,1780168772,G18,143,1,ok,1
878,29.267,1780168772,D28,236,393,ok,1
878,29.267,1780168772,D4,-12,544,ok,0
878,29.267,1780168772,D11,17,536,ok,1
878,29.267,1780168772,D22,281,437,ok,1
878,29.267,1780168772,D24,-85,407,ok,0
878,29.267,1780168772,D14,70,456,ok,1
878,29.267,1780168772,D29,148,750,ok,0
878,29.267,1780168772,D2,372,581,ok,1
878,29.267,1780168772,D15,174,762,ok,0
878,29.267,1780168772,D17,201,743,ok,0
878,29.267,1780168772,D1,5,542,interpolated,1
878,29.267,1780168772,G51,75,24,interpolated,1
878,29.267,1780168772,G30,116,302,interpolated,1
879,29.300,1780168772,G50,142,272,ok,1
879,29.300,1780168772,G34,83,33,ok,1
879,29.300,1780168772,G53,27,209,ok,1
879,29.300,1780168772,G42,380,120,ok,1
879,29.300,1780168772,G47,124,-17,ok,0
879,29.300,1780168772,G18,143,3,ok,1
879,29.300,1780168772,G51,76,31,ok,1
879,29.300,1780168772,D28,239,390,ok,1
879,29.300,1780168772,D22,280,443,ok,1
879,29.300,1780168772,D11,17,539,ok,1
879,29.300,1780168772,D4,-12,544,ok,0
879,29.300,1780168772,D14,73,458,ok,1
879,29.300,1780168772,D2,372,581,ok,1
879,29.300,1780168772,D29,148,750,ok,0
879,29.300,1780168772,D24,-85,406,ok,0
879,29.300,1780168772,D15,174,762,ok,0
879,29.300,1780168772,D17,201,743,ok,0
879,29.300,1780168772,D1,5,542,interpolated,1
879,29.300,1780168772,G30,116,302,interpolated,1
880,29.333,1780168772,G50,143,267,ok,1
880,29.333,1780168772,G34,83,33,ok,1
880,29.333,1780168772,G53,29,205,ok,1
880,29.333,1780168772,G51,76,32,ok,1
880,29.333,1780168772,G42,381,116,ok,1
880,29.333,1780168772,G30,247,379,merged,1
880,29.333,1780168772,G47,124,-17,ok,0
880,29.333,1780168772,G18,143,4,ok,1
880,29.333,1780168772,D22,281,450,ok,1
880,29.333,1780168772,D4,-12,544,ok,0
880,29.333,1780168772,D11,16,544,ok,1
880,29.333,1780168772,D14,76,459,ok,1
880,29.333,1780168772,D2,373,583,ok,1
880,29.333,1780168772,D29,149,750,ok,0
880,29.333,1780168772,D24,-84,406,ok,0
880,29.333,1780168772,D15,174,762,ok,0
880,29.333,1780168772,D17,201,743,ok,0
880,29.333,1780168772,D1,5,542,interpolated,1
880,29.333,1780168772,D28,239,390,interpolated,1
881,29.367,1780168772,G50,144,264,ok,1
881,29.367,1780168772,G30,248,378,merged,1
881,29.367,1780168772,G34,82,35,ok,1
881,29.367,1780168772,G53,26,200,ok,1
881,29.367,1780168772,G51,76,32,ok,1
881,29.367,1780168772,G42,382,114,ok,1
881,29.367,1780168772,G47,124,-17,ok,0
881,29.367,1780168772,G18,142,4,ok,1
881,29.367,1780168772,D4,-12,544,ok,0
881,29.367,1780168772,D14,78,462,ok,1
881,29.367,1780168772,D22,281,457,ok,1
881,29.367,1780168772,D11,16,548,ok,1
881,29.367,1780168772,D24,-85,406,ok,0
881,29.367,1780168772,D2,373,586,ok,1
881,29.367,1780168772,D29,150,748,ok,0
881,29.367,1780168772,D15,174,762,ok,0
881,29.367,1780168772,D17,201,743,ok,0
881,29.367,1780168772,D1,-85,407,ok,0
881,29.367,1780168772,D28,239,390,interpolated,1
882,29.400,1780168772,G34,82,35,ok,1
882,29.400,1780168772,G50,147,262,ok,1
882,29.400,1780168772,G30,249,375,merged,1
882,29.400,1780168772,G53,26,199,ok,1
882,29.400,1780168772,G42,381,112,ok,1
882,29.400,1780168772,G51,76,34,ok,1
882,29.400,1780168772,G18,142,4,ok,1
882,29.400,1780168772,G47,125,-16,ok,0
882,29.400,1780168772,D4,-12,544,ok,0
882,29.400,1780168772,D22,281,460,ok,1
882,29.400,1780168772,D14,78,467,ok,1
882,29.400,1780168772,D11,16,551,ok,1
882,29.400,1780168772,D2,375,590,ok,1
882,29.400,1780168772,D24,-82,402,ok,0
882,29.400,1780168772,D15,174,762,ok,0
882,29.400,1780168772,D29,150,746,ok,0
882,29.400,1780168772,D17,202,743,ok,0
882,29.400,1780168772,D1,-85,407,interpolated,0
882,29.400,1780168772,D28,239,390,interpolated,1
883,29.433,1780168772,G34,82,35,ok,1
883,29.433,1780168772,G50,147,262,ok,1
883,29.433,1780168772,G53,26,199,ok,1
883,29.433,1780168772,G30,249,375,merged,1
883,29.433,1780168772,G42,381,112,ok,1
883,29.433,1780168772,G51,76,34,ok,1
883,29.433,1780168772,G18,142,4,ok,1
883,29.433,1780168772,G47,125,-16,ok,0
883,29.433,1780168772,D4,-12,544,ok,0
883,29.433,1780168772,D22,281,460,ok,1
883,29.433,1780168772,D14,78,467,ok,1
883,29.433,1780168772,D11,15,551,ok,1
883,29.433,1780168772,D2,375,590,ok,1
883,29.433,1780168772,D24,-82,402,ok,0
883,29.433,1780168772,D15,174,762,ok,0
883,29.433,1780168772,D29,150,746,ok,0
883,29.433,1780168772,D17,202,743,ok,0
883,29.433,1780168772,D1,-85,407,interpolated,0
883,29.433,1780168772,D28,239,390,interpolated,1
884,29.467,1780168772,G50,148,261,ok,1
884,29.467,1780168772,G53,27,199,ok,1
884,29.467,1780168772,G30,250,372,merged,1
884,29.467,1780168772,G34,82,35,ok,1
884,29.467,1780168772,G51,76,35,ok,1
884,29.467,1780168772,G42,381,110,ok,1
884,29.467,1780168772,G18,142,4,ok,1
884,29.467,1780168772,G47,125,-16,ok,0
884,29.467,1780168772,D4,-12,544,ok,0
884,29.467,1780168772,D22,281,461,ok,1
884,29.467,1780168772,D14,77,473,ok,1
884,29.467,1780168772,D11,16,550,ok,1
884,29.467,1780168772,D24,-80,398,ok,0
884,29.467,1780168772,D2,376,594,ok,1
884,29.467,1780168772,D15,174,762,ok,0
884,29.467,1780168772,D17,202,744,ok,0
884,29.467,1780168772,D29,150,743,ok,0
884,29.467,1780168772,D28,246,385,ok,1
884,29.467,1780168772,D35,249,385,ok,1
884,29.467,1780168772,D1,-85,407,interpolated,0
885,29.500,1780168772,G53,28,199,ok,1
885,29.500,1780168772,G50,149,258,ok,1
885,29.500,1780168772,G34,82,35,ok,1
885,29.500,1780168772,G30,251,373,merged,1
885,29.500,1780168772,G51,76,35,ok,1
885,29.500,1780168772,G42,382,107,ok,1
885,29.500,1780168772,G47,124,-17,ok,0
885,29.500,1780168772,G18,142,4,ok,1
885,29.500,1780168772,D4,-12,544,ok,0
885,29.500,1780168772,D22,281,463,ok,1
885,29.500,1780168772,D14,78,477,ok,1
885,29.500,1780168772,D11,16,550,ok,1
885,29.500,1780168772,D24,-79,396,ok,0
885,29.500,1780168772,D29,151,742,ok,0
885,29.500,1780168772,D15,174,762,ok,0
885,29.500,1780168772,D2,377,600,ok,1
885,29.500,1780168772,D17,203,743,ok,0
885,29.500,1780168772,D1,-85,407,interpolated,0
885,29.500,1780168772,D28,246,385,interpolated,1
885,29.500,1780168772,D35,249,385,interpolated,1
886,29.533,1780168772,G50,151,255,ok,1
886,29.533,1780168772,G34,82,36,ok,1
886,29.533,1780168772,G30,253,369,merged,1
886,29.533,1780168772,G53,30,199,ok,1
886,29.533,1780168772,G51,76,35,ok,1
886,29.533,1780168772,G42,382,105,ok,1
886,29.533,1780168772,G47,124,-17,ok,0
886,29.533,1780168772,G18,141,4,ok,1
886,29.533,1780168772,D4,-12,544,ok,0
886,29.533,1780168772,D22,281,466,ok,1
886,29.533,1780168772,D14,79,481,ok,1
886,29.533,1780168772,D11,18,551,ok,1
886,29.533,1780168772,D24,-78,393,ok,0
886,29.533,1780168772,D2,379,606,ok,1
886,29.533,1780168772,D15,174,762,ok,0
886,29.533,1780168772,D29,151,741,ok,0
886,29.533,1780168772,D17,203,744,ok,0
886,29.533,1780168772,D1,-85,407,interpolated,0
886,29.533,1780168772,D28,246,385,interpolated,1
886,29.533,1780168772,D35,249,385,interpolated,1
887,29.567,1780168772,G50,155,252,ok,1
887,29.567,1780168772,G34,81,36,ok,1
887,29.567,1780168772,G30,255,369,merged,1
887,29.567,1780168772,G53,33,199,ok,1
887,29.567,1780168772,G47,124,-17,ok,0
887,29.567,1780168772,G42,383,100,ok,1
887,29.567,1780168772,G18,141,4,ok,1
887,29.567,1780168772,G51,76,35,ok,1
887,29.567,1780168772,G54,473,394,ok,0
887,29.567,1780168772,D4,-12,544,ok,0
887,29.567,1780168772,D22,280,468,ok,1
887,29.567,1780168772,D14,82,484,ok,1
887,29.567,1780168772,D11,19,551,ok,1
887,29.567,1780168772,D24,-77,392,ok,0
887,29.567,1780168772,D2,381,609,ok,1
887,29.567,1780168772,D15,174,762,ok,0
887,29.567,1780168772,D17,203,743,ok,0
887,29.567,1780168772,D1,-85,407,interpolated,0
887,29.567,1780168772,D28,246,385,interpolated,1
887,29.567,1780168772,D29,151,741,interpolated,0
887,29.567,1780168772,D35,249,385,interpolated,1
888,29.600,1780168772,G50,158,249,ok,1
888,29.600,1780168772,G34,81,36,ok,1
888,29.600,1780168772,G30,258,367,merged,1
888,29.600,1780168772,G53,34,199,ok,1
888,29.600,1780168772,G47,124,-17,ok,0
888,29.600,1780168772,G18,141,4,ok,1
888,29.600,1780168772,G42,384,97,ok,1
888,29.600,1780168772,D4,-12,544,ok,0
888,29.600,1780168772,D14,86,487,ok,1
888,29.600,1780168772,D22,281,474,ok,1
888,29.600,1780168772,D11,20,551,ok,1
888,29.600,1780168772,D24,-77,390,ok,0
888,29.600,1780168772,D17,203,743,ok,0
888,29.600,1780168772,D15,174,762,ok,0
888,29.600,1780168772,D2,381,609,ok,1
888,29.600,1780168772,D1,-85,407,interpolated,0
888,29.600,1780168772,D28,246,385,interpolated,1
888,29.600,1780168772,D29,151,741,interpolated,0
888,29.600,1780168772,G51,76,35,interpolated,1
888,29.600,1780168772,D35,249,385,interpolated,1
888,29.600,1780168772,G54,473,394,interpolated,0
889,29.633,1780168772,G50,158,249,ok,1
889,29.633,1780168772,G34,81,36,ok,1
889,29.633,1780168772,G30,258,367,merged,1
889,29.633,1780168772,G53,34,199,ok,1
889,29.633,1780168772,G47,124,-17,ok,0
889,29.633,1780168772,G42,384,97,ok,1
889,29.633,1780168772,G18,141,4,ok,1
889,29.633,1780168772,D4,-12,544,ok,0
889,29.633,1780168772,D14,86,487,ok,1
889,29.633,1780168772,D22,281,473,ok,1
889,29.633,1780168772,D11,20,551,ok,1
889,29.633,1780168772,D24,-77,390,ok,0
889,29.633,1780168772,D17,203,743,ok,0
889,29.633,1780168772,D15,174,762,ok,0
889,29.633,1780168772,D2,381,609,ok,1
889,29.633,1780168772,D1,-85,407,interpolated,0
889,29.633,1780168772,D28,246,385,interpolated,1
889,29.633,1780168772,D29,151,741,interpolated,0
889,29.633,1780168772,G51,76,35,interpolated,1
889,29.633,1780168772,D35,249,385,interpolated,1
889,29.633,1780168772,G54,473,394,interpolated,0
890,29.667,1780168772,G50,162,248,ok,1
890,29.667,1780168772,G30,258,389,merged,1
890,29.667,1780168772,G34,81,36,ok,1
890,29.667,1780168772,G53,35,198,ok,1
890,29.667,1780168772,G47,124,-17,ok,0
890,29.667,1780168772,G18,141,4,ok,1
890,29.667,1780168772,G42,384,94,ok,1
890,29.667,1780168772,G54,473,394,ok,0
890,29.667,1780168772,D4,-12,544,ok,0
890,29.667,1780168772,D14,89,489,ok,1
890,29.667,1780168772,D22,281,480,ok,1
890,29.667,1780168772,D11,20,553,ok,1
890,29.667,1780168772,D24,-76,389,ok,0
890,29.667,1780168772,D17,204,744,ok,0
890,29.667,1780168772,D15,174,762,ok,0
890,29.667,1780168772,D2,381,609,ok,1
890,29.667,1780168772,D28,-76,388,ok,0
890,29.667,1780168772,D1,-85,407,interpolated,0
890,29.667,1780168772,D29,151,741,interpolated,0
890,29.667,1780168772,G51,76,35,interpolated,1
890,29.667,1780168772,D35,249,385,interpolated,1
891,29.700,1780168772,G50,165,248,ok,1
891,29.700,1780168772,G30,269,348,ok,1
891,29.700,1780168772,G34,81,36,ok,1
891,29.700,1780168772,G53,38,199,ok,1
891,29.700,1780168772,G47,125,-17,ok,0
891,29.700,1780168772,G18,140,4,ok,1
891,29.700,1780168772,G42,384,93,ok,1
891,29.700,1780168772,D4,-12,544,ok,0
891,29.700,1780168772,D14,93,489,ok,1
891,29.700,1780168772,D22,281,487,ok,1
891,29.700,1780168772,D11,20,555,ok,1
891,29.700,1780168772,D28,-76,388,ok,0
891,29.700,1780168772,D2,382,609,ok,1
891,29.700,1780168772,D17,204,744,ok,0
891,29.700,1780168772,D15,175,762,ok,0
891,29.700,1780168772,D24,-76,388,ok,0
891,29.700,1780168772,D1,-85,407,interpolated,0
891,29.700,1780168772,D29,151,741,interpolated,0
891,29.700,1780168772,G51,76,35,interpolated,1
891,29.700,1780168772,D35,249,385,interpolated,1
891,29.700,1780168772,G54,473,394,interpolated,0
892,29.733,1780168772,G50,167,248,ok,1
892,29.733,1780168772,G53,38,198,ok,1
892,29.733,1780168772,G30,272,339,ok,1
892,29.733,1780168772,G34,81,36,ok,1
892,29.733,1780168772,G18,140,4,ok,1
892,29.733,1780168772,G47,125,-17,ok,0
892,29.733,1780168772,G42,384,93,ok,1
892,29.733,1780168772,D14,95,489,ok,1
892,29.733,1780168772,D4,-12,544,ok,0
892,29.733,1780168772,D22,280,489,ok,1
892,29.733,1780168772,D11,20,557,ok,1
892,29.733,1780168772,D24,-75,388,ok,0
892,29.733,1780168772,D2,382,609,ok,1
892,29.733,1780168772,D17,205,744,ok,0
892,29.733,1780168772,D15,175,762,ok,0
892,29.733,1780168772,D29,154,741,ok,0
892,29.733,1780168772,D28,-76,388,interpolated,0
892,29.733,1780168772,G51,76,35,interpolated,1
892,29.733,1780168772,D35,249,385,interpolated,1
892,29.733,1780168772,G54,473,394,interpolated,0
893,29.767,1780168772,G50,168,246,ok,1
893,29.767,1780168772,G34,81,36,ok,1
893,29.767,1780168772,G30,273,334,ok,1
893,29.767,1780168772,G53,39,197,ok,1
893,29.767,1780168772,G18,139,4,ok,1
893,29.767,1780168772,G42,383,94,ok,1
893,29.767,1780168772,G47,125,-17,ok,0
893,29.767,1780168772,D14,97,490,ok,1
893,29.767,1780168772,D4,-12,544,ok,0
893,29.767,1780168772,D22,279,491,ok,1
893,29.767,1780168772,D11,21,560,ok,1
893,29.767,1780168772,D28,-77,387,ok,0
893,29.767,1780168772,D2,382,611,ok,1
893,29.767,1780168772,D15,175,762,ok,0
893,29.767,1780168772,D17,205,744,ok,0
893,29.767,1780168772,D24,-75,388,interpolated,0
893,29.767,1780168772,D29,154,741,interpolated,0
893,29.767,1780168772,G51,76,35,interpolated,1
893,29.767,1780168772,D35,249,385,interpolated,1
893,29.767,1780168772,G54,473,394,interpolated,0
894,29.800,1780168772,G50,170,244,ok,1
894,29.800,1780168772,G34,81,36,ok,1
894,29.800,1780168772,G53,39,196,ok,1
894,29.800,1780168772,G30,274,333,ok,1
894,29.800,1780168772,G42,382,94,ok,1
894,29.800,1780168772,G18,139,4,ok,1
894,29.800,1780168772,G47,125,-17,ok,0
894,29.800,1780168772,D14,98,491,ok,1
894,29.800,1780168772,D4,-12,544,ok,0
894,29.800,1780168772,D22,278,493,ok,1
894,29.800,1780168772,D11,22,562,ok,1
894,29.800,1780168772,D2,383,613,ok,1
894,29.800,1780168772,D15,175,763,ok,0
894,29.800,1780168772,D17,205,744,ok,0
894,29.800,1780168772,D28,-78,387,ok,0
894,29.800,1780168772,D24,-78,387,ok,0
894,29.800,1780168772,D29,154,741,interpolated,0
894,29.800,1780168772,G51,76,35,interpolated,1
894,29.800,1780168772,D35,249,385,interpolated,1
894,29.800,1780168772,G54,473,394,interpolated,0
895,29.833,1780168772,G50,170,244,ok,1
895,29.833,1780168772,G34,81,36,ok,1
895,29.833,1780168772,G53,39,196,ok,1
895,29.833,1780168772,G30,274,333,ok,1
895,29.833,1780168772,G42,382,94,ok,1
895,29.833,1780168772,G18,140,4,ok,1
895,29.833,1780168772,G47,125,-17,ok,0
895,29.833,1780168772,D14,98,491,ok,1
895,29.833,1780168772,D4,-12,544,ok,0
895,29.833,1780168772,D22,278,493,ok,1
895,29.833,1780168772,D11,22,562,ok,1
895,29.833,1780168772,D2,383,613,ok,1
895,29.833,1780168772,D15,175,763,ok,0
895,29.833,1780168772,D17,205,744,ok,0
895,29.833,1780168772,D24,-78,387,ok,0
895,29.833,1780168772,D28,-78,387,ok,0
895,29.833,1780168772,D29,154,741,interpolated,0
895,29.833,1780168772,G51,76,35,interpolated,1
895,29.833,1780168772,G54,473,394,interpolated,0
896,29.867,1780168772,G50,170,242,ok,1
896,29.867,1780168772,G30,277,331,ok,1
896,29.867,1780168772,G34,81,36,ok,1
896,29.867,1780168772,G53,37,191,ok,1
896,29.867,1780168772,G18,140,4,ok,1
896,29.867,1780168772,G42,382,94,ok,1
896,29.867,1780168772,G47,125,-18,ok,0
896,29.867,1780168772,D14,99,494,ok,1
896,29.867,1780168772,D4,-12,544,ok,0
896,29.867,1780168772,D22,276,495,ok,1
896,29.867,1780168772,D11,23,565,ok,1
896,29.867,1780168772,D15,175,763,ok,0
896,29.867,1780168772,D17,205,744,ok,0
896,29.867,1780168772,D2,383,615,ok,1
896,29.867,1780168772,D29,154,741,ok,0
896,29.867,1780168772,D24,-78,387,ok,0
896,29.867,1780168772,D28,-78,387,interpolated,0
896,29.867,1780168772,G51,76,35,interpolated,1
896,29.867,1780168772,G54,473,394,interpolated,0
897,29.900,1780168772,G50,170,240,ok,1
897,29.900,1780168772,G34,81,36,ok,1
897,29.900,1780168772,G30,287,309,ok,1
897,29.900,1780168772,G53,36,187,ok,1
897,29.900,1780168772,G42,380,94,ok,1
897,29.900,1780168772,G47,125,-18,ok,0
897,29.900,1780168772,G18,140,4,ok,1
897,29.900,1780168772,D14,100,496,ok,1
897,29.900,1780168772,D4,-12,544,ok,0
897,29.900,1780168772,D22,275,499,ok,1
897,29.900,1780168772,D11,25,566,ok,1
897,29.900,1780168772,D15,175,763,ok,0
897,29.900,1780168772,D17,205,744,ok,0
897,29.900,1780168772,D24,-78,386,ok,0
897,29.900,1780168772,D2,384,617,ok,1
897,29.900,1780168772,D28,-79,387,ok,0
897,29.900,1780168772,D35,-78,386,ok,0
897,29.900,1780168772,D29,150,741,ok,0
897,29.900,1780168772,G51,76,35,interpolated,1
897,29.900,1780168772,G54,473,394,interpolated,0
898,29.933,1780168772,G50,172,238,ok,1
898,29.933,1780168772,G34,81,36,ok,1
898,29.933,1780168772,G30,280,323,ok,1
898,29.933,1780168772,G53,37,185,ok,1
898,29.933,1780168772,G47,125,-19,ok,0
898,29.933,1780168772,G42,380,95,ok,1
898,29.933,1780168772,G18,139,3,ok,1
898,29.933,1780168772,D4,-12,544,ok,0
898,29.933,1780168772,D14,101,497,ok,1
898,29.933,1780168772,D22,275,504,ok,1
898,29.933,1780168772,D11,27,568,ok,1
898,29.933,1780168772,D15,175,763,ok,0
898,29.933,1780168772,D17,205,744,ok,0
898,29.933,1780168772,D24,-79,385,ok,0
898,29.933,1780168772,D35,-79,385,ok,0
898,29.933,1780168772,D2,384,620,ok,1
898,29.933,1780168772,D28,-79,385,ok,0
898,29.933,1780168772,D29,152,741,ok,0
898,29.933,1780168772,G54,473,394,interpolated,0
899,29.967,1780168772,G34,81,36,ok,1
899,29.967,1780168772,G50,175,235,ok,1
899,29.967,1780168772,G53,37,183,ok,1
899,29.967,1780168772,G54,292,299,ok,1
899,29.967,1780168772,G30,287,315,ok,1
899,29.967,1780168772,G47,125,-18,ok,0
899,29.967,1780168772,G18,138,3,ok,1
899,29.967,1780168772,G42,379,95,ok,1
899,29.967,1780168772,D4,-12,544,ok,0
899,29.967,1780168772,D14,104,498,ok,1
899,29.967,1780168772,D11,27,569,ok,1
899,29.967,1780168772,D15,176,763,ok,0
899,29.967,1780168772,D22,274,509,ok,1
899,29.967,1780168772,D17,205,744,ok,0
899,29.967,1780168772,D24,-77,380,ok,0
899,29.967,1780168772,D1,279,509,ok,1
899,29.967,1780168772,D28,-79,385,interpolated,0
899,29.967,1780168772,D29,152,741,interpolated,0
899,29.967,1780168772,D2,384,620,interpolated,1
899,29.967,1780168772,D35,-79,385,interpolated,0
900,30.000,1780168773,G34,81,36,ok,1
900,30.000,1780168773,G54,291,307,ok,1
900,30.000,1780168773,G50,178,234,ok,1
900,30.000,1780168773,G53,38,182,ok,1
900,30.000,1780168773,G47,125,-17,ok,0
900,30.000,1780168773,G18,139,3,ok,1
900,30.000,1780168773,G42,378,95,ok,1
900,30.000,1780168773,D4,-12,544,ok,0
900,30.000,1780168773,D14,104,500,ok,1
900,30.000,1780168773,D11,27,570,ok,1
900,30.000,1780168773,D22,276,514,ok,1
900,30.000,1780168773,D15,177,763,ok,0
900,30.000,1780168773,D17,205,745,ok,0
900,30.000,1780168773,D24,-76,376,ok,0
900,30.000,1780168773,D29,155,741,ok,0
900,30.000,1780168773,D28,-79,385,interpolated,0
900,30.000,1780168773,D2,384,620,interpolated,1
900,30.000,1780168773,G30,287,315,interpolated,1
900,30.000,1780168773,D35,-79,385,interpolated,0
900,30.000,1780168773,D1,279,509,interpolated,1
901,30.033,1780168773,G34,81,36,ok,1
901,30.033,1780168773,G54,291,307,ok,1
901,30.033,1780168773,G50,178,234,ok,1
901,30.033,1780168773,G53,38,182,ok,1
901,30.033,1780168773,G47,125,-17,ok,0
901,30.033,1780168773,G18,139,3,ok,1
901,30.033,1780168773,G42,378,95,ok,1
901,30.033,1780168773,D4,-12,544,ok,0
901,30.033,1780168773,D14,104,500,ok,1
901,30.033,1780168773,D11,27,570,ok,1
901,30.033,1780168773,D22,276,514,ok,1
901,30.033,1780168773,D15,177,763,ok,0
901,30.033,1780168773,D17,205,745,ok,0
901,30.033,1780168773,D24,-76,376,ok,0
901,30.033,1780168773,D29,155,741,ok,0
901,30.033,1780168773,D28,-79,385,interpolated,0
901,30.033,1780168773,D2,384,620,interpolated,1
901,30.033,1780168773,G30,287,315,interpolated,1
901,30.033,1780168773,D35,-79,385,interpolated,0
901,30.033,1780168773,D1,279,509,interpolated,1
902,30.067,1780168773,G34,81,36,ok,1
902,30.067,1780168773,G54,291,297,ok,1
902,30.067,1780168773,G50,181,234,ok,1
902,30.067,1780168773,G53,40,180,ok,1
902,30.067,1780168773,G42,378,94,ok,1
902,30.067,1780168773,G47,125,-18,ok,0
902,30.067,1780168773,G18,139,3,ok,1
902,30.067,1780168773,G30,475,394,ok,0
902,30.067,1780168773,D4,-12,544,ok,0
902,30.067,1780168773,D14,106,503,ok,1
902,30.067,1780168773,D11,28,572,ok,1
902,30.067,1780168773,D15,177,763,ok,0
902,30.067,1780168773,D22,277,521,ok,1
902,30.067,1780168773,D17,205,745,ok,0
902,30.067,1780168773,D35,-75,373,ok,0
902,30.067,1780168773,D24,-76,374,ok,0
902,30.067,1780168773,D1,274,521,ok,1
902,30.067,1780168773,D29,156,741,ok,0
902,30.067,1780168773,D28,-81,387,ok,0
902,30.067,1780168773,D2,384,620,interpolated,1
903,30.100,1780168773,G34,81,36,ok,1
903,30.100,1780168773,G54,291,295,ok,1
903,30.100,1780168773,G50,185,234,ok,1
903,30.100,1780168773,G53,41,179,ok,1
903,30.100,1780168773,G42,378,93,ok,1
903,30.100,1780168773,G47,125,-17,ok,0
903,30.100,1780168773,G18,139,2,ok,1
903,30.100,1780168773,G30,475,394,ok,0
903,30.100,1780168773,D4,-12,544,ok,0
903,30.100,1780168773,D14,108,506,ok,1
903,30.100,1780168773,D1,274,524,ok,1
903,30.100,1780168773,D11,28,572,ok,1
903,30.100,1780168773,D15,177,763,ok,0
903,30.100,1780168773,D35,-74,372,ok,0
903,30.100,1780168773,D17,205,744,ok,0
903,30.100,1780168773,D29,157,741,ok,0
903,30.100,1780168773,D24,-76,374,interpolated,0
903,30.100,1780168773,D28,-81,387,interpolated,0
903,30.100,1780168773,D22,277,521,interpolated,1
903,30.100,1780168773,D2,384,620,interpolated,1
904,30.133,1780168773,G50,187,234,ok,1
904,30.133,1780168773,G34,81,36,ok,1
904,30.133,1780168773,G54,291,294,ok,1
904,30.133,1780168773,G53,43,178,ok,1
904,30.133,1780168773,G18,139,4,ok,1
904,30.133,1780168773,G47,125,-17,ok,0
904,30.133,1780168773,G42,378,90,ok,1
904,30.133,1780168773,D1,274,525,ok,1
904,30.133,1780168773,D4,-12,544,ok,0
904,30.133,1780168773,D14,110,506,ok,1
904,30.133,1780168773,D11,28,573,ok,1
904,30.133,1780168773,D15,177,763,ok,0
904,30.133,1780168773,D35,-74,371,ok,0
904,30.133,1780168773,D17,205,744,ok,0
904,30.133,1780168773,D29,157,741,ok,0
904,30.133,1780168773,D2,141,766,ok,0
904,30.133,1780168773,D24,-76,374,interpolated,0
904,30.133,1780168773,D28,-81,387,interpolated,0
904,30.133,1780168773,D22,277,521,interpolated,1
904,30.133,1780168773,G30,475,394,interpolated,0
