frame,timestamp_s,timestamp_unix,player_id,X,Y,cam,on_terrain
0,0.000,1780168743,1,278,229,gauche,1
0,0.000,1780168743,2,140,238,gauche,1
0,0.000,1780168743,3,104,108,gauche,1
0,0.000,1780168743,4,330,144,gauche,1
0,0.000,1780168743,5,-34,375,gauche,0
0,0.000,1780168743,6,89,-30,gauche,0
0,0.000,1780168743,7,165,-23,gauche,0
0,0.000,1780168743,8,146,-27,gauche,0
0,0.000,1780168743,9,118,-1,gauche,0
0,0.000,1780168743,10,297,6,gauche,1
0,0.000,1780168743,11,191,-45,gauche,0
0,0.000,1780168743,12,179,3,gauche,1
0,0.000,1780168743,13,40,-56,gauche,0
0,0.000,1780168743,1,41,567,droite,1
0,0.000,1780168743,2,134,512,droite,1
0,0.000,1780168743,3,268,618,droite,1
0,0.000,1780168743,4,-35,336,droite,0
1,0.033,1780168743,1,278,229,gauche,1
1,0.033,1780168743,2,140,238,gauche,1
1,0.033,1780168743,3,104,108,gauche,1
1,0.033,1780168743,4,330,144,gauche,1
1,0.033,1780168743,5,-34,375,gauche,0
1,0.033,1780168743,6,89,-30,gauche,0
1,0.033,1780168743,7,165,-23,gauche,0
1,0.033,1780168743,8,146,-27,gauche,0
1,0.033,1780168743,9,118,-1,gauche,0
1,0.033,1780168743,10,297,6,gauche,1
1,0.033,1780168743,11,191,-45,gauche,0
1,0.033,1780168743,13,40,-56,gauche,0
1,0.033,1780168743,12,179,3,gauche,1
1,0.033,1780168743,1,41,567,droite,1
1,0.033,1780168743,2,134,511,droite,1
1,0.033,1780168743,3,268,618,droite,1
1,0.033,1780168743,4,-35,336,droite,0
2,0.067,1780168743,2,140,237,gauche,1
2,0.067,1780168743,1,279,229,gauche,1
2,0.067,1780168743,3,104,108,gauche,1
2,0.067,1780168743,4,331,145,gauche,1
2,0.067,1780168743,6,89,-30,gauche,0
2,0.067,1780168743,9,118,-1,gauche,0
2,0.067,1780168743,7,165,-23,gauche,0
2,0.067,1780168743,8,146,-27,gauche,0
2,0.067,1780168743,5,-35,375,gauche,0
2,0.067,1780168743,10,298,6,gauche,1
2,0.067,1780168743,12,178,4,gauche,1
2,0.067,1780168743,13,40,-55,gauche,0
2,0.067,1780168743,11,190,-46,gauche,0
2,0.067,1780168743,1,42,567,droite,1
2,0.067,1780168743,2,136,511,droite,1
2,0.067,1780168743,3,267,620,droite,1
2,0.067,1780168743,4,-35,336,droite,0
2,0.067,1780168743,5,-114,450,droite,0
3,0.100,1780168743,1,279,229,gauche,1
3,0.100,1780168743,2,140,237,gauche,1
3,0.100,1780168743,3,104,108,gauche,1
3,0.100,1780168743,4,331,144,gauche,1
3,0.100,1780168743,5,-35,375,gauche,0
3,0.100,1780168743,6,89,-30,gauche,0
3,0.100,1780168743,9,118,-1,gauche,0
3,0.100,1780168743,7,165,-23,gauche,0
3,0.100,1780168743,8,146,-27,gauche,0
3,0.100,1780168743,10,298,5,gauche,1
3,0.100,1780168743,12,177,3,gauche,1
3,0.100,1780168743,11,190,-46,gauche,0
3,0.100,1780168743,13,40,-55,gauche,0
3,0.100,1780168743,1,42,568,droite,1
3,0.100,1780168743,2,137,511,droite,1
3,0.100,1780168743,3,266,625,droite,1
3,0.100,1780168743,4,-34,336,droite,0
3,0.100,1780168743,5,-114,450,droite,0
4,0.133,1780168743,1,280,228,gauche,1
4,0.133,1780168743,2,141,237,gauche,1
4,0.133,1780168743,3,104,108,gauche,1
4,0.133,1780168743,4,331,143,gauche,1
4,0.133,1780168743,5,-35,375,gauche,0
4,0.133,1780168743,9,117,-1,gauche,0
4,0.133,1780168743,7,166,-23,gauche,0
4,0.133,1780168743,6,88,-33,gauche,0
4,0.133,1780168743,8,146,-27,gauche,0
4,0.133,1780168743,10,299,5,gauche,1
4,0.133,1780168743,11,189,-45,gauche,0
4,0.133,1780168743,13,39,-55,gauche,0
4,0.133,1780168743,12,176,4,gauche,1
4,0.133,1780168743,2,138,511,droite,1
4,0.133,1780168743,1,42,567,droite,1
4,0.133,1780168743,3,270,631,droite,1
4,0.133,1780168743,4,-34,337,droite,0
4,0.133,1780168743,5,-114,450,droite,0
5,0.167,1780168743,2,143,237,gauche,1
5,0.167,1780168743,1,282,228,gauche,1
5,0.167,1780168743,5,-35,375,gauche,0
5,0.167,1780168743,4,332,141,gauche,1
5,0.167,1780168743,3,104,108,gauche,1
5,0.167,1780168743,9,118,-1,gauche,0
5,0.167,1780168743,8,146,-27,gauche,0
5,0.167,1780168743,7,166,-23,gauche,0
5,0.167,1780168743,6,89,-30,gauche,0
5,0.167,1780168743,10,300,5,gauche,1
5,0.167,1780168743,11,189,-45,gauche,0
5,0.167,1780168743,12,175,3,gauche,1
5,0.167,1780168743,1,43,567,droite,1
5,0.167,1780168743,2,138,511,droite,1
5,0.167,1780168743,3,269,636,droite,1
5,0.167,1780168743,4,-34,337,droite,0
6,0.200,1780168743,2,144,237,gauche,1
6,0.200,1780168743,5,-35,375,gauche,0
6,0.200,1780168743,1,285,226,gauche,1
6,0.200,1780168743,3,104,108,gauche,1
6,0.200,1780168743,4,332,138,gauche,1
6,0.200,1780168743,9,118,-1,gauche,0
6,0.200,1780168743,8,146,-27,gauche,0
6,0.200,1780168743,10,300,6,gauche,1
6,0.200,1780168743,6,89,-30,gauche,0
6,0.200,1780168743,13,99,-11,gauche,0
6,0.200,1780168743,7,165,-24,gauche,0
6,0.200,1780168743,12,175,4,gauche,1
6,0.200,1780168743,11,189,-45,gauche,0
6,0.200,1780168743,2,139,511,droite,1
6,0.200,1780168743,1,43,567,droite,1
6,0.200,1780168743,3,269,643,droite,1
6,0.200,1780168743,4,-34,340,droite,0
6,0.200,1780168743,6,367,634,droite,1
7,0.233,1780168743,2,144,237,gauche,1
7,0.233,1780168743,5,-35,375,gauche,0
7,0.233,1780168743,1,285,226,gauche,1
7,0.233,1780168743,3,104,108,gauche,1
7,0.233,1780168743,4,332,138,gauche,1
7,0.233,1780168743,9,118,-1,gauche,0
7,0.233,1780168743,8,146,-27,gauche,0
7,0.233,1780168743,10,300,6,gauche,1
7,0.233,1780168743,6,89,-30,gauche,0
7,0.233,1780168743,13,99,-11,gauche,0
7,0.233,1780168743,7,165,-24,gauche,0
7,0.233,1780168743,12,175,4,gauche,1
7,0.233,1780168743,11,189,-45,gauche,0
7,0.233,1780168743,2,139,511,droite,1
7,0.233,1780168743,1,43,567,droite,1
7,0.233,1780168743,3,269,643,droite,1
7,0.233,1780168743,4,-34,340,droite,0
7,0.233,1780168743,6,367,634,droite,1
8,0.267,1780168743,1,285,225,gauche,1
8,0.267,1780168743,5,-36,375,gauche,0
8,0.267,1780168743,3,104,107,gauche,1
8,0.267,1780168743,4,334,133,gauche,1
8,0.267,1780168743,2,145,237,gauche,1
8,0.267,1780168743,9,118,-1,gauche,0
8,0.267,1780168743,8,146,-27,gauche,0
8,0.267,1780168743,14,139,237,gauche,1
8,0.267,1780168743,10,301,6,gauche,1
8,0.267,1780168743,13,99,-8,gauche,0
8,0.267,1780168743,11,189,-45,gauche,0
8,0.267,1780168743,6,88,-32,gauche,0
8,0.267,1780168743,1,43,567,droite,1
8,0.267,1780168743,2,141,516,droite,1
8,0.267,1780168743,6,367,634,droite,1
8,0.267,1780168743,3,268,648,droite,1
8,0.267,1780168743,4,-36,346,droite,0
8,0.267,1780168743,5,-119,778,droite,0
9,0.300,1780168743,1,289,221,gauche,1
9,0.300,1780168743,3,105,106,gauche,1
9,0.300,1780168743,5,-36,375,gauche,0
9,0.300,1780168743,4,335,130,gauche,1
9,0.300,1780168743,9,118,-1,gauche,0
9,0.300,1780168743,2,146,237,gauche,1
9,0.300,1780168743,8,146,-27,gauche,0
9,0.300,1780168743,14,141,237,gauche,1
9,0.300,1780168743,13,98,-5,gauche,0
9,0.300,1780168743,10,303,6,gauche,1
9,0.300,1780168743,11,188,-45,gauche,0
9,0.300,1780168743,12,172,5,gauche,1
9,0.300,1780168743,2,141,513,droite,1
9,0.300,1780168743,1,43,567,droite,1
9,0.300,1780168743,3,264,649,droite,1
9,0.300,1780168743,4,-32,338,droite,0
9,0.300,1780168743,6,366,634,droite,1
10,0.333,1780168743,1,290,217,gauche,1
10,0.333,1780168743,5,-36,375,gauche,0
10,0.333,1780168743,3,105,105,gauche,1
10,0.333,1780168743,4,336,127,gauche,1
10,0.333,1780168743,9,118,-1,gauche,0
10,0.333,1780168743,8,146,-27,gauche,0
10,0.333,1780168743,2,146,237,gauche,1
10,0.333,1780168743,14,141,237,gauche,1
10,0.333,1780168743,13,97,-5,gauche,0
10,0.333,1780168743,10,304,6,gauche,1
10,0.333,1780168743,11,188,-45,gauche,0
10,0.333,1780168743,12,171,5,gauche,1
10,0.333,1780168743,1,43,567,droite,1
10,0.333,1780168743,2,144,518,droite,1
10,0.333,1780168743,4,-31,338,droite,0
10,0.333,1780168743,3,259,647,droite,1
10,0.333,1780168743,6,365,633,droite,1
11,0.367,1780168743,1,290,215,gauche,1
11,0.367,1780168743,3,105,103,gauche,1
11,0.367,1780168743,5,-36,375,gauche,0
11,0.367,1780168743,4,336,126,gauche,1
11,0.367,1780168743,9,118,-1,gauche,0
11,0.367,1780168743,2,146,236,gauche,1
11,0.367,1780168743,8,146,-27,gauche,0
11,0.367,1780168743,14,138,236,gauche,1
11,0.367,1780168743,12,169,5,gauche,1
11,0.367,1780168743,10,305,6,gauche,1
11,0.367,1780168743,11,188,-46,gauche,0
11,0.367,1780168743,13,96,-5,gauche,0
11,0.367,1780168743,1,43,568,droite,1
11,0.367,1780168743,2,146,518,droite,1
11,0.367,1780168743,3,257,650,droite,1
11,0.367,1780168743,6,362,625,droite,1
11,0.367,1780168743,4,-31,338,droite,0
12,0.400,1780168743,1,289,215,gauche,1
12,0.400,1780168743,3,105,102,gauche,1
12,0.400,1780168743,4,336,126,gauche,1
12,0.400,1780168743,5,-36,375,gauche,0
12,0.400,1780168743,9,118,-1,gauche,0
12,0.400,1780168743,8,146,-27,gauche,0
12,0.400,1780168743,2,146,236,gauche,1
12,0.400,1780168743,14,140,236,gauche,1
12,0.400,1780168743,11,188,-45,gauche,0
12,0.400,1780168743,12,167,4,gauche,1
12,0.400,1780168743,13,95,-5,gauche,0
12,0.400,1780168743,2,150,519,droite,1
12,0.400,1780168743,4,-31,339,droite,0
12,0.400,1780168743,1,43,567,droite,1
12,0.400,1780168743,6,360,617,droite,1
12,0.400,1780168743,3,255,651,droite,1
13,0.433,1780168743,1,289,215,gauche,1
13,0.433,1780168743,3,105,102,gauche,1
13,0.433,1780168743,4,336,126,gauche,1
13,0.433,1780168743,5,-36,375,gauche,0
13,0.433,1780168743,9,118,-1,gauche,0
13,0.433,1780168743,8,146,-27,gauche,0
13,0.433,1780168743,14,139,236,gauche,1
13,0.433,1780168743,2,146,236,gauche,1
13,0.433,1780168743,11,188,-45,gauche,0
13,0.433,1780168743,12,167,4,gauche,1
13,0.433,1780168743,13,95,-5,gauche,0
13,0.433,1780168743,2,150,519,droite,1
13,0.433,1780168743,4,-31,339,droite,0
13,0.433,1780168743,1,43,567,droite,1
13,0.433,1780168743,6,360,617,droite,1
13,0.433,1780168743,3,255,651,droite,1
14,0.467,1780168743,1,289,216,gauche,1
14,0.467,1780168743,4,337,126,gauche,1
14,0.467,1780168743,3,105,100,gauche,1
14,0.467,1780168743,9,118,-1,gauche,0
14,0.467,1780168743,5,-37,376,gauche,0
14,0.467,1780168743,8,146,-27,gauche,0
14,0.467,1780168743,14,141,236,gauche,1
14,0.467,1780168743,2,147,236,gauche,1
14,0.467,1780168743,13,93,-4,gauche,0
14,0.467,1780168743,11,188,-45,gauche,0
14,0.467,1780168743,12,165,4,gauche,1
14,0.467,1780168743,2,151,519,droite,1
14,0.467,1780168743,4,-31,341,droite,0
14,0.467,1780168743,1,43,567,droite,1
14,0.467,1780168743,6,358,612,droite,1
14,0.467,1780168743,3,253,668,droite,1
15,0.500,1780168743,1,289,214,gauche,1
15,0.500,1780168743,2,148,236,gauche,1
15,0.500,1780168743,4,337,126,gauche,1
15,0.500,1780168743,3,105,100,gauche,1
15,0.500,1780168743,5,-35,380,gauche,0
15,0.500,1780168743,9,118,-1,gauche,0
15,0.500,1780168743,8,146,-27,gauche,0
15,0.500,1780168743,11,188,-45,gauche,0
15,0.500,1780168743,12,163,5,gauche,1
15,0.500,1780168743,13,92,-5,gauche,0
15,0.500,1780168743,14,141,237,gauche,1
15,0.500,1780168743,2,154,519,droite,1
15,0.500,1780168743,6,357,606,droite,1
15,0.500,1780168743,4,-32,343,droite,0
15,0.500,1780168743,1,43,567,droite,1
15,0.500,1780168743,3,252,670,droite,1
16,0.533,1780168743,1,290,213,gauche,1
16,0.533,1780168743,2,149,237,gauche,1
16,0.533,1780168743,3,104,100,gauche,1
16,0.533,1780168743,4,338,126,gauche,1
16,0.533,1780168743,5,-34,384,gauche,0
16,0.533,1780168743,9,118,-1,gauche,0
16,0.533,1780168743,8,146,-27,gauche,0
16,0.533,1780168743,12,162,7,gauche,1
16,0.533,1780168743,13,91,-4,gauche,0
16,0.533,1780168743,11,188,-45,gauche,0
16,0.533,1780168743,6,-5,-72,gauche,0
16,0.533,1780168743,7,166,-29,gauche,0
16,0.533,1780168743,10,311,5,gauche,1
16,0.533,1780168743,4,-32,345,droite,0
16,0.533,1780168743,6,354,600,droite,1
16,0.533,1780168743,1,43,566,droite,1
16,0.533,1780168743,7,152,519,droite,1
16,0.533,1780168743,3,251,673,droite,1
16,0.533,1780168743,2,155,520,droite,1
16,0.533,1780168743,5,-119,778,droite,0
17,0.567,1780168743,2,149,237,gauche,1
17,0.567,1780168743,5,-33,387,gauche,0
17,0.567,1780168743,1,292,209,gauche,1
17,0.567,1780168743,4,338,126,gauche,1
17,0.567,1780168743,3,104,100,gauche,1
17,0.567,1780168743,9,118,-1,gauche,0
17,0.567,1780168743,8,145,-27,gauche,0
17,0.567,1780168743,12,160,10,gauche,1
17,0.567,1780168743,11,189,-45,gauche,0
17,0.567,1780168743,13,91,-4,gauche,0
17,0.567,1780168743,7,166,-34,gauche,0
17,0.567,1780168743,6,-5,-72,gauche,0
17,0.567,1780168743,15,87,-35,gauche,0
17,0.567,1780168743,4,-33,347,droite,0
17,0.567,1780168743,2,156,519,droite,1
17,0.567,1780168743,6,353,599,droite,1
17,0.567,1780168743,1,43,567,droite,1
17,0.567,1780168743,3,250,675,droite,1
17,0.567,1780168743,8,-114,450,droite,0
18,0.600,1780168743,2,149,237,gauche,1
18,0.600,1780168743,3,104,100,gauche,1
18,0.600,1780168743,4,339,125,gauche,1
18,0.600,1780168743,1,294,203,gauche,1
18,0.600,1780168743,9,117,-1,gauche,0
18,0.600,1780168743,5,-33,388,gauche,0
18,0.600,1780168743,12,159,13,gauche,1
18,0.600,1780168743,8,146,-27,gauche,0
18,0.600,1780168743,13,89,-4,gauche,0
18,0.600,1780168743,15,87,-37,gauche,0
18,0.600,1780168743,11,189,-46,gauche,0
18,0.600,1780168743,6,-6,-74,gauche,0
18,0.600,1780168743,7,166,-35,gauche,0
18,0.600,1780168743,2,156,519,droite,1
18,0.600,1780168743,4,-33,349,droite,0
18,0.600,1780168743,1,44,564,droite,1
18,0.600,1780168743,6,351,599,droite,1
18,0.600,1780168743,7,247,675,droite,1
18,0.600,1780168743,3,250,675,droite,1
19,0.633,1780168743,2,149,237,gauche,1
19,0.633,1780168743,3,104,100,gauche,1
19,0.633,1780168743,4,339,125,gauche,1
19,0.633,1780168743,9,117,-1,gauche,0
19,0.633,1780168743,1,295,203,gauche,1
19,0.633,1780168743,5,-33,388,gauche,0
19,0.633,1780168743,12,159,13,gauche,1
19,0.633,1780168743,8,146,-27,gauche,0
19,0.633,1780168743,13,89,-4,gauche,0
19,0.633,1780168743,11,189,-46,gauche,0
19,0.633,1780168743,15,87,-37,gauche,0
19,0.633,1780168743,6,-6,-74,gauche,0
19,0.633,1780168743,7,166,-37,gauche,0
19,0.633,1780168743,2,156,519,droite,1
19,0.633,1780168743,4,-33,349,droite,0
19,0.633,1780168743,1,44,564,droite,1
19,0.633,1780168743,6,351,599,droite,1
19,0.633,1780168743,7,247,675,droite,1
20,0.667,1780168743,2,149,237,gauche,1
20,0.667,1780168743,3,104,99,gauche,1
20,0.667,1780168743,1,294,196,gauche,1
20,0.667,1780168743,4,339,125,gauche,1
20,0.667,1780168743,5,-32,389,gauche,0
20,0.667,1780168743,9,118,-1,gauche,0
20,0.667,1780168743,12,157,14,gauche,1
20,0.667,1780168743,8,146,-27,gauche,0
20,0.667,1780168743,15,87,-37,gauche,0
20,0.667,1780168743,11,189,-45,gauche,0
20,0.667,1780168743,13,88,-4,gauche,0
20,0.667,1780168743,7,166,-35,gauche,0
20,0.667,1780168743,6,-7,-73,gauche,0
20,0.667,1780168743,2,156,520,droite,1
20,0.667,1780168743,1,45,562,droite,1
20,0.667,1780168743,4,-33,351,droite,0
20,0.667,1780168743,6,351,599,droite,1
20,0.667,1780168743,7,245,675,droite,1
21,0.700,1780168743,2,149,237,gauche,1
21,0.700,1780168743,1,294,194,gauche,1
21,0.700,1780168743,3,102,97,gauche,1
21,0.700,1780168743,4,340,123,gauche,1
21,0.700,1780168743,9,118,-1,gauche,0
21,0.700,1780168743,5,-32,390,gauche,0
21,0.700,1780168743,12,157,17,gauche,1
21,0.700,1780168743,15,87,-36,gauche,0
21,0.700,1780168743,8,146,-27,gauche,0
21,0.700,1780168743,7,166,-35,gauche,0
21,0.700,1780168743,11,189,-45,gauche,0
21,0.700,1780168743,10,316,4,gauche,1
21,0.700,1780168743,6,-8,-73,gauche,0
21,0.700,1780168743,13,87,-4,gauche,0
21,0.700,1780168743,2,157,520,droite,1
21,0.700,1780168743,1,46,561,droite,1
21,0.700,1780168743,4,-33,350,droite,0
21,0.700,1780168743,6,347,598,droite,1
21,0.700,1780168743,7,242,675,droite,1
22,0.733,1780168743,2,149,237,gauche,1
22,0.733,1780168743,1,293,194,gauche,1
22,0.733,1780168743,3,101,95,gauche,1
22,0.733,1780168743,9,118,-1,gauche,0
22,0.733,1780168743,4,340,122,gauche,1
22,0.733,1780168743,5,-32,391,gauche,0
22,0.733,1780168743,12,157,18,gauche,1
22,0.733,1780168743,15,87,-35,gauche,0
22,0.733,1780168743,7,166,-34,gauche,0
22,0.733,1780168743,13,86,-4,gauche,0
22,0.733,1780168743,10,316,4,gauche,1
22,0.733,1780168743,8,146,-29,gauche,0
22,0.733,1780168743,11,189,-45,gauche,0
22,0.733,1780168743,2,157,523,droite,1
22,0.733,1780168743,1,47,560,droite,1
22,0.733,1780168743,6,345,595,droite,1
22,0.733,1780168743,4,-33,350,droite,0
22,0.733,1780168743,7,240,677,droite,1
23,0.767,1780168743,2,149,237,gauche,1
23,0.767,1780168743,1,292,193,gauche,1
23,0.767,1780168743,5,-32,391,gauche,0
23,0.767,1780168743,3,101,95,gauche,1
23,0.767,1780168743,4,341,120,gauche,1
23,0.767,1780168743,9,118,-1,gauche,0
23,0.767,1780168743,12,157,18,gauche,1
23,0.767,1780168743,15,87,-35,gauche,0
23,0.767,1780168743,7,166,-24,gauche,0
23,0.767,1780168743,10,316,4,gauche,1
23,0.767,1780168743,8,145,-30,gauche,0
23,0.767,1780168743,13,84,-4,gauche,0
23,0.767,1780168743,11,189,-45,gauche,0
23,0.767,1780168743,2,158,525,droite,1
23,0.767,1780168743,1,48,559,droite,1
23,0.767,1780168743,4,-33,350,droite,0
23,0.767,1780168743,6,343,592,droite,1
23,0.767,1780168743,7,239,679,droite,1
23,0.767,1780168743,3,243,679,droite,1
24,0.800,1780168743,5,-32,391,gauche,0
24,0.800,1780168743,2,148,238,gauche,1
24,0.800,1780168743,1,292,192,gauche,1
24,0.800,1780168743,3,99,95,gauche,1
24,0.800,1780168743,9,118,-1,gauche,0
24,0.800,1780168743,4,343,118,gauche,1
24,0.800,1780168743,15,87,-35,gauche,0
24,0.800,1780168743,7,166,-24,gauche,0
24,0.800,1780168743,12,156,18,gauche,1
24,0.800,1780168743,10,317,4,gauche,1
24,0.800,1780168743,13,84,-5,gauche,0
24,0.800,1780168743,8,143,-49,gauche,0
24,0.800,1780168743,11,189,-45,gauche,0
24,0.800,1780168743,1,49,559,droite,1
24,0.800,1780168743,2,160,527,droite,1
24,0.800,1780168743,6,340,588,droite,1
24,0.800,1780168743,4,-32,350,droite,0
24,0.800,1780168743,7,240,679,droite,1
25,0.833,1780168743,5,-32,391,gauche,0
25,0.833,1780168743,2,148,238,gauche,1
25,0.833,1780168743,1,292,192,gauche,1
25,0.833,1780168743,3,99,95,gauche,1
25,0.833,1780168743,9,118,-1,gauche,0
25,0.833,1780168743,4,343,118,gauche,1
25,0.833,1780168743,15,87,-35,gauche,0
25,0.833,1780168743,7,166,-24,gauche,0
25,0.833,1780168743,12,156,18,gauche,1
25,0.833,1780168743,10,317,4,gauche,1
25,0.833,1780168743,13,84,-5,gauche,0
25,0.833,1780168743,8,143,-49,gauche,0
25,0.833,1780168743,11,189,-45,gauche,0
25,0.833,1780168743,1,49,559,droite,1
25,0.833,1780168743,2,160,526,droite,1
25,0.833,1780168743,4,-32,350,droite,0
25,0.833,1780168743,6,340,588,droite,1
25,0.833,1780168743,7,240,679,droite,1
26,0.867,1780168743,5,-33,391,gauche,0
26,0.867,1780168743,2,148,238,gauche,1
26,0.867,1780168743,1,292,188,gauche,1
26,0.867,1780168743,3,97,94,gauche,1
26,0.867,1780168743,9,118,-1,gauche,0
26,0.867,1780168743,4,345,116,gauche,1
26,0.867,1780168743,15,87,-35,gauche,0
26,0.867,1780168743,7,166,-24,gauche,0
26,0.867,1780168743,12,155,19,gauche,1
26,0.867,1780168743,10,317,4,gauche,1
26,0.867,1780168743,13,83,-3,gauche,0
26,0.867,1780168743,2,161,528,droite,1
26,0.867,1780168743,1,49,558,droite,1
26,0.867,1780168743,6,338,585,droite,1
26,0.867,1780168743,4,-32,350,droite,0
26,0.867,1780168743,7,240,685,droite,1
27,0.900,1780168743,5,-32,391,gauche,0
27,0.900,1780168743,2,149,238,gauche,1
27,0.900,1780168743,3,95,94,gauche,1
27,0.900,1780168743,1,293,184,gauche,1
27,0.900,1780168743,9,118,-1,gauche,0
27,0.900,1780168743,15,88,-33,gauche,0
27,0.900,1780168743,4,347,114,gauche,1
27,0.900,1780168743,7,166,-24,gauche,0
27,0.900,1780168743,12,152,19,gauche,1
27,0.900,1780168743,13,82,-4,gauche,0
27,0.900,1780168743,11,189,-46,gauche,0
27,0.900,1780168743,1,49,557,droite,1
27,0.900,1780168743,2,163,531,droite,1
27,0.900,1780168743,6,336,585,droite,1
27,0.900,1780168743,4,-32,351,droite,0
27,0.900,1780168743,7,240,687,droite,1
28,0.933,1780168743,5,-32,392,gauche,0
28,0.933,1780168743,2,149,238,gauche,1
28,0.933,1780168743,1,293,177,gauche,1
28,0.933,1780168743,3,93,94,gauche,1
28,0.933,1780168743,9,118,-1,gauche,0
28,0.933,1780168743,15,88,-33,gauche,0
28,0.933,1780168743,7,166,-24,gauche,0
28,0.933,1780168743,4,348,112,gauche,1
28,0.933,1780168743,12,150,18,gauche,1
28,0.933,1780168743,13,81,-3,gauche,0
28,0.933,1780168743,11,189,-46,gauche,0
28,0.933,1780168743,2,164,530,droite,1
28,0.933,1780168743,4,-31,351,droite,0
28,0.933,1780168743,1,50,556,droite,1
28,0.933,1780168743,6,335,585,droite,1
28,0.933,1780168743,7,239,691,droite,1
29,0.967,1780168743,2,149,238,gauche,1
29,0.967,1780168743,5,-33,391,gauche,0
29,0.967,1780168743,1,293,175,gauche,1
29,0.967,1780168743,3,92,94,gauche,1
29,0.967,1780168743,9,118,-1,gauche,0
29,0.967,1780168743,15,87,-34,gauche,0
29,0.967,1780168743,7,166,-24,gauche,0
29,0.967,1780168743,4,348,110,gauche,1
29,0.967,1780168743,12,147,20,gauche,1
29,0.967,1780168743,13,81,-3,gauche,0
29,0.967,1780168743,2,165,530,droite,1
29,0.967,1780168743,4,-31,351,droite,0
29,0.967,1780168743,6,334,581,droite,1
29,0.967,1780168743,1,50,555,droite,1
29,0.967,1780168743,7,238,696,droite,1
30,1.000,1780168744,2,149,238,gauche,1
30,1.000,1780168744,3,91,93,gauche,1
30,1.000,1780168744,9,118,-1,gauche,0
30,1.000,1780168744,1,293,171,gauche,1
30,1.000,1780168744,15,88,-32,gauche,0
30,1.000,1780168744,7,166,-23,gauche,0
30,1.000,1780168744,4,348,110,gauche,1
30,1.000,1780168744,5,-34,391,gauche,0
30,1.000,1780168744,12,146,22,gauche,1
30,1.000,1780168744,14,-34,392,gauche,0
30,1.000,1780168744,8,145,-30,gauche,0
30,1.000,1780168744,10,473,395,gauche,0
30,1.000,1780168744,11,189,-46,gauche,0
30,1.000,1780168744,13,81,0,gauche,1
30,1.000,1780168744,2,166,531,droite,1
30,1.000,1780168744,4,-30,351,droite,0
30,1.000,1780168744,6,332,571,droite,1
30,1.000,1780168744,1,50,555,droite,1
30,1.000,1780168744,7,237,698,droite,1
31,1.033,1780168744,2,149,238,gauche,1
31,1.033,1780168744,3,91,93,gauche,1
31,1.033,1780168744,9,118,-1,gauche,0
31,1.033,1780168744,1,293,171,gauche,1
31,1.033,1780168744,15,88,-32,gauche,0
31,1.033,1780168744,7,166,-23,gauche,0
31,1.033,1780168744,4,348,110,gauche,1
31,1.033,1780168744,5,-34,391,gauche,0
31,1.033,1780168744,12,146,22,gauche,1
31,1.033,1780168744,14,-34,392,gauche,0
31,1.033,1780168744,8,145,-30,gauche,0
31,1.033,1780168744,11,189,-46,gauche,0
31,1.033,1780168744,13,81,0,gauche,1
31,1.033,1780168744,10,473,395,gauche,0
31,1.033,1780168744,2,166,531,droite,1
31,1.033,1780168744,4,-30,351,droite,0
31,1.033,1780168744,6,332,571,droite,1
31,1.033,1780168744,1,50,555,droite,1
31,1.033,1780168744,7,237,699,droite,1
32,1.067,1780168744,2,149,238,gauche,1
32,1.067,1780168744,1,290,172,gauche,1
32,1.067,1780168744,3,91,94,gauche,1
32,1.067,1780168744,9,118,-1,gauche,0
32,1.067,1780168744,15,88,-32,gauche,0
32,1.067,1780168744,5,-34,391,gauche,0
32,1.067,1780168744,4,348,111,gauche,1
32,1.067,1780168744,7,166,-23,gauche,0
32,1.067,1780168744,8,145,-30,gauche,0
32,1.067,1780168744,14,-34,392,gauche,0
32,1.067,1780168744,12,145,24,gauche,1
32,1.067,1780168744,11,189,-46,gauche,0
32,1.067,1780168744,13,80,-1,gauche,0
32,1.067,1780168744,10,473,395,gauche,0
32,1.067,1780168744,4,-30,352,droite,0
32,1.067,1780168744,2,167,531,droite,1
32,1.067,1780168744,6,332,568,droite,1
32,1.067,1780168744,1,50,555,droite,1
32,1.067,1780168744,7,233,701,droite,1
33,1.100,1780168744,2,149,238,gauche,1
33,1.100,1780168744,1,290,166,gauche,1
33,1.100,1780168744,3,90,94,gauche,1
33,1.100,1780168744,9,118,-1,gauche,0
33,1.100,1780168744,15,88,-33,gauche,0
33,1.100,1780168744,5,-34,391,gauche,0
33,1.100,1780168744,7,166,-23,gauche,0
33,1.100,1780168744,4,348,110,gauche,1
33,1.100,1780168744,12,144,27,gauche,1
33,1.100,1780168744,13,79,0,gauche,1
33,1.100,1780168744,8,145,-29,gauche,0
33,1.100,1780168744,11,190,-46,gauche,0
33,1.100,1780168744,10,473,395,gauche,0
33,1.100,1780168744,14,-34,392,gauche,0
33,1.100,1780168744,2,169,531,droite,1
33,1.100,1780168744,1,51,555,droite,1
33,1.100,1780168744,6,330,565,droite,1
33,1.100,1780168744,4,-30,353,droite,0
33,1.100,1780168744,7,230,700,droite,1
34,1.133,1780168744,2,149,237,gauche,1
34,1.133,1780168744,1,289,163,gauche,1
34,1.133,1780168744,3,90,94,gauche,1
34,1.133,1780168744,9,118,-1,gauche,0
34,1.133,1780168744,15,88,-32,gauche,0
34,1.133,1780168744,7,166,-23,gauche,0
34,1.133,1780168744,14,-34,392,gauche,0
34,1.133,1780168744,4,348,111,gauche,1
34,1.133,1780168744,12,143,28,gauche,1
34,1.133,1780168744,13,78,0,gauche,1
34,1.133,1780168744,8,145,-28,gauche,0
34,1.133,1780168744,11,190,-46,gauche,0
34,1.133,1780168744,10,473,395,gauche,0
34,1.133,1780168744,1,51,554,droite,1
34,1.133,1780168744,2,170,531,droite,1
34,1.133,1780168744,6,328,562,droite,1
34,1.133,1780168744,4,-31,354,droite,0
34,1.133,1780168744,7,227,699,droite,1
35,1.167,1780168744,2,149,237,gauche,1
35,1.167,1780168744,9,118,0,gauche,1
35,1.167,1780168744,1,291,158,gauche,1
35,1.167,1780168744,15,88,-32,gauche,0
35,1.167,1780168744,3,89,93,gauche,1
35,1.167,1780168744,7,166,-23,gauche,0
35,1.167,1780168744,4,348,110,gauche,1
35,1.167,1780168744,14,-33,393,gauche,0
35,1.167,1780168744,12,142,28,gauche,1
35,1.167,1780168744,8,146,-28,gauche,0
35,1.167,1780168744,13,78,0,gauche,1
35,1.167,1780168744,11,190,-46,gauche,0
35,1.167,1780168744,6,328,4,gauche,1
35,1.167,1780168744,10,473,395,gauche,0
35,1.167,1780168744,2,171,531,droite,1
35,1.167,1780168744,4,-31,355,droite,0
35,1.167,1780168744,1,51,554,droite,1
35,1.167,1780168744,6,328,558,droite,1
35,1.167,1780168744,7,226,700,droite,1
36,1.200,1780168744,2,149,237,gauche,1
36,1.200,1780168744,1,290,151,gauche,1
36,1.200,1780168744,3,89,92,gauche,1
36,1.200,1780168744,9,118,0,gauche,1
36,1.200,1780168744,15,88,-32,gauche,0
36,1.200,1780168744,7,166,-23,gauche,0
36,1.200,1780168744,14,-32,397,gauche,0
36,1.200,1780168744,4,348,110,gauche,1
36,1.200,1780168744,12,141,30,gauche,1
36,1.200,1780168744,8,146,-27,gauche,0
36,1.200,1780168744,6,329,4,gauche,1
36,1.200,1780168744,11,190,-46,gauche,0
36,1.200,1780168744,2,171,531,droite,1
36,1.200,1780168744,1,52,554,droite,1
36,1.200,1780168744,4,-31,357,droite,0
36,1.200,1780168744,6,326,552,droite,1
36,1.200,1780168744,7,226,701,droite,1
36,1.200,1780168744,3,-114,450,droite,0
37,1.233,1780168744,2,149,237,gauche,1
37,1.233,1780168744,1,290,151,gauche,1
37,1.233,1780168744,3,89,92,gauche,1
37,1.233,1780168744,9,118,0,gauche,1
37,1.233,1780168744,15,88,-32,gauche,0
37,1.233,1780168744,7,166,-23,gauche,0
37,1.233,1780168744,14,-32,397,gauche,0
37,1.233,1780168744,4,348,110,gauche,1
37,1.233,1780168744,12,141,30,gauche,1
37,1.233,1780168744,8,146,-27,gauche,0
37,1.233,1780168744,6,329,4,gauche,1
37,1.233,1780168744,11,190,-46,gauche,0
37,1.233,1780168744,2,171,531,droite,1
37,1.233,1780168744,1,52,554,droite,1
37,1.233,1780168744,4,-31,356,droite,0
37,1.233,1780168744,6,326,552,droite,1
37,1.233,1780168744,7,226,701,droite,1
37,1.233,1780168744,3,-114,450,droite,0
38,1.267,1780168744,2,149,238,gauche,1
38,1.267,1780168744,1,287,148,gauche,1
38,1.267,1780168744,3,87,91,gauche,1
38,1.267,1780168744,9,118,0,gauche,1
38,1.267,1780168744,15,88,-32,gauche,0
38,1.267,1780168744,14,-32,400,gauche,0
38,1.267,1780168744,4,349,109,gauche,1
38,1.267,1780168744,7,166,-23,gauche,0
38,1.267,1780168744,6,330,5,gauche,1
38,1.267,1780168744,8,146,-27,gauche,0
38,1.267,1780168744,12,140,31,gauche,1
38,1.267,1780168744,11,190,-46,gauche,0
38,1.267,1780168744,13,75,0,gauche,1
38,1.267,1780168744,2,172,530,droite,1
38,1.267,1780168744,1,52,554,droite,1
38,1.267,1780168744,4,-32,359,droite,0
38,1.267,1780168744,6,325,551,droite,1
38,1.267,1780168744,7,224,702,droite,1
38,1.267,1780168744,3,-114,450,droite,0
39,1.300,1780168744,2,149,238,gauche,1
39,1.300,1780168744,1,284,147,gauche,1
39,1.300,1780168744,3,86,89,gauche,1
39,1.300,1780168744,9,118,0,gauche,1
39,1.300,1780168744,15,88,-32,gauche,0
39,1.300,1780168744,14,-32,403,gauche,0
39,1.300,1780168744,4,349,109,gauche,1
39,1.300,1780168744,7,166,-23,gauche,0
39,1.300,1780168744,6,331,4,gauche,1
39,1.300,1780168744,12,140,31,gauche,1
39,1.300,1780168744,8,146,-27,gauche,0
39,1.300,1780168744,11,190,-46,gauche,0
39,1.300,1780168744,13,72,0,gauche,1
39,1.300,1780168744,2,172,528,droite,1
39,1.300,1780168744,1,53,555,droite,1
39,1.300,1780168744,4,-33,361,droite,0
39,1.300,1780168744,6,324,551,droite,1
39,1.300,1780168744,7,223,705,droite,1
39,1.300,1780168744,3,-114,450,droite,0
40,1.333,1780168744,2,149,238,gauche,1
40,1.333,1780168744,1,283,144,gauche,1
40,1.333,1780168744,15,88,-32,gauche,0
40,1.333,1780168744,3,84,88,gauche,1
40,1.333,1780168744,9,118,-1,gauche,0
40,1.333,1780168744,4,349,109,gauche,1
40,1.333,1780168744,7,166,-23,gauche,0
40,1.333,1780168744,8,145,-27,gauche,0
40,1.333,1780168744,6,331,4,gauche,1
40,1.333,1780168744,14,-32,403,gauche,0
40,1.333,1780168744,12,137,30,gauche,1
40,1.333,1780168744,13,70,1,gauche,1
40,1.333,1780168744,11,190,-46,gauche,0
40,1.333,1780168744,1,54,554,droite,1
40,1.333,1780168744,2,172,526,droite,1
40,1.333,1780168744,6,322,551,droite,1
40,1.333,1780168744,4,-33,364,droite,0
40,1.333,1780168744,7,221,710,droite,1
40,1.333,1780168744,3,-115,451,droite,0
41,1.367,1780168744,2,149,237,gauche,1
41,1.367,1780168744,1,281,143,gauche,1
41,1.367,1780168744,3,83,87,gauche,1
41,1.367,1780168744,4,350,108,gauche,1
41,1.367,1780168744,15,88,-32,gauche,0
41,1.367,1780168744,9,117,-1,gauche,0
41,1.367,1780168744,7,166,-23,gauche,0
41,1.367,1780168744,8,145,-27,gauche,0
41,1.367,1780168744,12,136,30,gauche,1
41,1.367,1780168744,14,-32,403,gauche,0
41,1.367,1780168744,6,331,6,gauche,1
41,1.367,1780168744,13,69,4,gauche,1
41,1.367,1780168744,11,190,-46,gauche,0
41,1.367,1780168744,1,56,554,droite,1
41,1.367,1780168744,2,173,526,droite,1
41,1.367,1780168744,6,321,551,droite,1
41,1.367,1780168744,4,-32,366,droite,0
41,1.367,1780168744,7,218,713,droite,1
41,1.367,1780168744,3,-115,451,droite,0
42,1.400,1780168744,2,149,238,gauche,1
42,1.400,1780168744,1,279,140,gauche,1
42,1.400,1780168744,4,350,108,gauche,1
42,1.400,1780168744,3,82,88,gauche,1
42,1.400,1780168744,15,88,-32,gauche,0
42,1.400,1780168744,9,117,-1,gauche,0
42,1.400,1780168744,7,166,-23,gauche,0
42,1.400,1780168744,8,145,-27,gauche,0
42,1.400,1780168744,12,133,30,gauche,1
42,1.400,1780168744,14,-32,403,gauche,0
42,1.400,1780168744,6,332,6,gauche,1
42,1.400,1780168744,13,67,1,gauche,1
42,1.400,1780168744,11,190,-46,gauche,0
42,1.400,1780168744,5,-32,403,gauche,0
42,1.400,1780168744,1,58,554,droite,1
42,1.400,1780168744,2,173,524,droite,1
42,1.400,1780168744,6,320,551,droite,1
42,1.400,1780168744,4,-32,369,droite,0
42,1.400,1780168744,3,-115,451,droite,0
42,1.400,1780168744,7,216,716,droite,1
43,1.433,1780168744,2,149,238,gauche,1
43,1.433,1780168744,1,279,140,gauche,1
43,1.433,1780168744,4,350,108,gauche,1
43,1.433,1780168744,3,82,88,gauche,1
43,1.433,1780168744,15,88,-32,gauche,0
43,1.433,1780168744,9,117,-1,gauche,0
43,1.433,1780168744,7,166,-23,gauche,0
43,1.433,1780168744,8,145,-27,gauche,0
43,1.433,1780168744,12,133,30,gauche,1
43,1.433,1780168744,6,331,6,gauche,1
43,1.433,1780168744,5,-32,403,gauche,0
43,1.433,1780168744,14,-32,403,gauche,0
43,1.433,1780168744,13,67,1,gauche,1
43,1.433,1780168744,11,190,-45,gauche,0
43,1.433,1780168744,1,58,554,droite,1
43,1.433,1780168744,2,173,524,droite,1
43,1.433,1780168744,6,320,551,droite,1
43,1.433,1780168744,4,-32,369,droite,0
43,1.433,1780168744,7,216,716,droite,1
43,1.433,1780168744,3,-115,451,droite,0
44,1.467,1780168744,2,149,237,gauche,1
44,1.467,1780168744,4,350,109,gauche,1
44,1.467,1780168744,3,81,86,gauche,1
44,1.467,1780168744,1,280,137,gauche,1
44,1.467,1780168744,15,88,-32,gauche,0
44,1.467,1780168744,7,166,-23,gauche,0
44,1.467,1780168744,9,116,-4,gauche,0
44,1.467,1780168744,14,-33,403,gauche,0
44,1.467,1780168744,8,145,-27,gauche,0
44,1.467,1780168744,12,132,29,gauche,1
44,1.467,1780168744,6,332,7,gauche,1
44,1.467,1780168744,13,67,2,gauche,1
44,1.467,1780168744,5,-32,403,gauche,0
44,1.467,1780168744,11,190,-45,gauche,0
44,1.467,1780168744,1,60,554,droite,1
44,1.467,1780168744,2,174,522,droite,1
44,1.467,1780168744,6,320,552,droite,1
44,1.467,1780168744,4,-31,369,droite,0
44,1.467,1780168744,7,213,718,droite,1
44,1.467,1780168744,3,-115,451,droite,0
45,1.500,1780168744,2,150,237,gauche,1
45,1.500,1780168744,1,278,130,gauche,1
45,1.500,1780168744,3,80,85,gauche,1
45,1.500,1780168744,4,349,110,gauche,1
45,1.500,1780168744,15,88,-32,gauche,0
45,1.500,1780168744,7,165,-23,gauche,0
45,1.500,1780168744,9,116,-2,gauche,0
45,1.500,1780168744,8,145,-27,gauche,0
45,1.500,1780168744,13,66,1,gauche,1
45,1.500,1780168744,14,-33,402,gauche,0
45,1.500,1780168744,12,129,29,gauche,1
45,1.500,1780168744,6,333,7,gauche,1
45,1.500,1780168744,11,190,-45,gauche,0
45,1.500,1780168744,5,-34,399,gauche,0
45,1.500,1780168744,2,174,522,droite,1
45,1.500,1780168744,6,319,552,droite,1
45,1.500,1780168744,1,61,553,droite,1
45,1.500,1780168744,4,-30,369,droite,0
45,1.500,1780168744,3,-115,451,droite,0
46,1.533,1780168744,2,150,237,gauche,1
46,1.533,1780168744,3,80,84,gauche,1
46,1.533,1780168744,4,349,109,gauche,1
46,1.533,1780168744,10,280,126,gauche,1
46,1.533,1780168744,15,88,-32,gauche,0
46,1.533,1780168744,7,166,-23,gauche,0
46,1.533,1780168744,9,116,0,gauche,1
46,1.533,1780168744,5,-32,404,gauche,0
46,1.533,1780168744,8,145,-27,gauche,0
46,1.533,1780168744,12,128,29,gauche,1
46,1.533,1780168744,13,66,2,gauche,1
46,1.533,1780168744,1,277,126,gauche,1
46,1.533,1780168744,11,190,-46,gauche,0
46,1.533,1780168744,14,-33,403,gauche,0
46,1.533,1780168744,6,335,7,gauche,1
46,1.533,1780168744,6,317,554,droite,1
46,1.533,1780168744,4,-29,369,droite,0
46,1.533,1780168744,1,63,553,droite,1
46,1.533,1780168744,2,174,522,droite,1
46,1.533,1780168744,7,209,720,droite,1
46,1.533,1780168744,3,-114,451,droite,0
47,1.567,1780168744,2,151,239,gauche,1
47,1.567,1780168744,1,276,121,gauche,1
47,1.567,1780168744,4,349,112,gauche,1
47,1.567,1780168744,3,79,83,gauche,1
47,1.567,1780168744,15,88,-32,gauche,0
47,1.567,1780168744,7,166,-23,gauche,0
47,1.567,1780168744,5,-32,404,gauche,0
47,1.567,1780168744,12,126,30,gauche,1
47,1.567,1780168744,8,145,-27,gauche,0
47,1.567,1780168744,9,116,-4,gauche,0
47,1.567,1780168744,13,66,2,gauche,1
47,1.567,1780168744,11,190,-45,gauche,0
47,1.567,1780168744,6,336,6,gauche,1
47,1.567,1780168744,14,-32,403,gauche,0
47,1.567,1780168744,6,316,552,droite,1
47,1.567,1780168744,2,176,522,droite,1
47,1.567,1780168744,1,64,553,droite,1
47,1.567,1780168744,4,-29,370,droite,0
47,1.567,1780168744,7,207,719,droite,1
47,1.567,1780168744,3,-115,451,droite,0
48,1.600,1780168744,2,151,240,gauche,1
48,1.600,1780168744,3,78,82,gauche,1
48,1.600,1780168744,1,276,117,gauche,1
48,1.600,1780168744,4,348,115,gauche,1
48,1.600,1780168744,15,88,-31,gauche,0
48,1.600,1780168744,12,125,31,gauche,1
48,1.600,1780168744,7,166,-23,gauche,0
48,1.600,1780168744,5,-32,404,gauche,0
48,1.600,1780168744,8,145,-27,gauche,0
48,1.600,1780168744,9,116,-12,gauche,0
48,1.600,1780168744,13,66,2,gauche,1
48,1.600,1780168744,11,190,-45,gauche,0
48,1.600,1780168744,14,-32,403,gauche,0
48,1.600,1780168744,2,176,522,droite,1
48,1.600,1780168744,4,-28,370,droite,0
48,1.600,1780168744,6,316,555,droite,1
48,1.600,1780168744,1,65,552,droite,1
48,1.600,1780168744,7,205,722,droite,1
48,1.600,1780168744,3,-115,451,droite,0
49,1.633,1780168744,2,151,240,gauche,1
49,1.633,1780168744,3,78,82,gauche,1
49,1.633,1780168744,1,276,117,gauche,1
49,1.633,1780168744,15,88,-31,gauche,0
49,1.633,1780168744,12,125,31,gauche,1
49,1.633,1780168744,4,348,115,gauche,1
49,1.633,1780168744,7,166,-23,gauche,0
49,1.633,1780168744,5,-32,404,gauche,0
49,1.633,1780168744,8,145,-27,gauche,0
49,1.633,1780168744,9,116,-12,gauche,0
49,1.633,1780168744,13,66,2,gauche,1
49,1.633,1780168744,11,190,-45,gauche,0
49,1.633,1780168744,14,-32,403,gauche,0
49,1.633,1780168744,2,177,522,droite,1
49,1.633,1780168744,4,-28,370,droite,0
49,1.633,1780168744,6,316,555,droite,1
49,1.633,1780168744,1,65,552,droite,1
49,1.633,1780168744,7,205,722,droite,1
49,1.633,1780168744,3,-115,451,droite,0
50,1.667,1780168744,2,152,240,gauche,1
50,1.667,1780168744,1,275,114,gauche,1
50,1.667,1780168744,4,348,117,gauche,1
50,1.667,1780168744,3,77,80,gauche,1
50,1.667,1780168744,15,88,-32,gauche,0
50,1.667,1780168744,7,166,-23,gauche,0
50,1.667,1780168744,5,-32,404,gauche,0
50,1.667,1780168744,8,145,-27,gauche,0
50,1.667,1780168744,12,123,31,gauche,1
50,1.667,1780168744,14,-32,404,gauche,0
50,1.667,1780168744,13,67,2,gauche,1
50,1.667,1780168744,9,116,-13,gauche,0
50,1.667,1780168744,11,190,-45,gauche,0
50,1.667,1780168744,2,176,522,droite,1
50,1.667,1780168744,1,66,552,droite,1
50,1.667,1780168744,6,316,555,droite,1
50,1.667,1780168744,4,-27,370,droite,0
50,1.667,1780168744,7,203,724,droite,1
50,1.667,1780168744,3,-115,451,droite,0
51,1.700,1780168744,1,274,112,gauche,1
51,1.700,1780168744,2,151,240,gauche,1
51,1.700,1780168744,4,349,117,gauche,1
51,1.700,1780168744,15,88,-32,gauche,0
51,1.700,1780168744,3,76,80,gauche,1
51,1.700,1780168744,7,166,-23,gauche,0
51,1.700,1780168744,5,-32,404,gauche,0
51,1.700,1780168744,12,122,32,gauche,1
51,1.700,1780168744,14,-32,404,gauche,0
51,1.700,1780168744,8,145,-27,gauche,0
51,1.700,1780168744,13,67,3,gauche,1
51,1.700,1780168744,16,-32,404,gauche,0
51,1.700,1780168744,11,190,-45,gauche,0
51,1.700,1780168744,10,146,240,gauche,1
51,1.700,1780168744,4,-27,370,droite,0
51,1.700,1780168744,2,177,522,droite,1
51,1.700,1780168744,6,316,558,droite,1
51,1.700,1780168744,1,67,552,droite,1
51,1.700,1780168744,7,200,725,droite,1
51,1.700,1780168744,3,-115,451,droite,0
52,1.733,1780168744,2,150,240,gauche,1
52,1.733,1780168744,4,349,117,gauche,1
52,1.733,1780168744,1,272,106,gauche,1
52,1.733,1780168744,15,88,-31,gauche,0
52,1.733,1780168744,3,77,80,gauche,1
52,1.733,1780168744,7,166,-23,gauche,0
52,1.733,1780168744,12,122,33,gauche,1
52,1.733,1780168744,5,-32,404,gauche,0
52,1.733,1780168744,8,145,-27,gauche,0
52,1.733,1780168744,14,-32,404,gauche,0
52,1.733,1780168744,13,65,4,gauche,1
52,1.733,1780168744,11,190,-46,gauche,0
52,1.733,1780168744,16,-32,404,gauche,0
52,1.733,1780168744,4,-26,371,droite,0
52,1.733,1780168744,1,67,552,droite,1
52,1.733,1780168744,2,177,522,droite,1
52,1.733,1780168744,6,317,560,droite,1
52,1.733,1780168744,7,198,726,droite,1
52,1.733,1780168744,3,-115,451,droite,0
53,1.767,1780168744,2,150,238,gauche,1
53,1.767,1780168744,1,271,103,gauche,1
53,1.767,1780168744,4,349,117,gauche,1
53,1.767,1780168744,15,88,-31,gauche,0
53,1.767,1780168744,3,76,80,gauche,1
53,1.767,1780168744,7,166,-23,gauche,0
53,1.767,1780168744,12,122,35,gauche,1
53,1.767,1780168744,8,145,-27,gauche,0
53,1.767,1780168744,13,64,5,gauche,1
53,1.767,1780168744,9,116,-12,gauche,0
53,1.767,1780168744,11,190,-46,gauche,0
53,1.767,1780168744,5,-32,404,gauche,0
53,1.767,1780168744,14,-32,404,gauche,0
53,1.767,1780168744,1,68,552,droite,1
53,1.767,1780168744,4,-26,371,droite,0
53,1.767,1780168744,2,176,522,droite,1
53,1.767,1780168744,6,317,566,droite,1
53,1.767,1780168744,7,197,726,droite,1
53,1.767,1780168744,3,-115,451,droite,0
54,1.800,1780168744,2,150,237,gauche,1
54,1.800,1780168744,1,269,103,gauche,1
54,1.800,1780168744,4,349,117,gauche,1
54,1.800,1780168744,12,121,34,gauche,1
54,1.800,1780168744,15,88,-31,gauche,0
54,1.800,1780168744,3,76,80,gauche,1
54,1.800,1780168744,7,165,-23,gauche,0
54,1.800,1780168744,9,115,-17,gauche,0
54,1.800,1780168744,8,145,-27,gauche,0
54,1.800,1780168744,11,190,-46,gauche,0
54,1.800,1780168744,5,-32,404,gauche,0
54,1.800,1780168744,13,64,8,gauche,1
54,1.800,1780168744,6,472,395,gauche,0
54,1.800,1780168744,14,-32,404,gauche,0
54,1.800,1780168744,4,-26,372,droite,0
54,1.800,1780168744,1,69,552,droite,1
54,1.800,1780168744,2,176,519,droite,1
54,1.800,1780168744,6,318,570,droite,1
54,1.800,1780168744,7,194,726,droite,1
54,1.800,1780168744,3,-115,451,droite,0
54,1.800,1780168744,9,-114,450,droite,0
55,1.833,1780168744,2,150,237,gauche,1
55,1.833,1780168744,1,269,103,gauche,1
55,1.833,1780168744,4,349,117,gauche,1
55,1.833,1780168744,12,121,34,gauche,1
55,1.833,1780168744,15,88,-31,gauche,0
55,1.833,1780168744,3,76,80,gauche,1
55,1.833,1780168744,7,165,-23,gauche,0
55,1.833,1780168744,9,115,-17,gauche,0
55,1.833,1780168744,8,145,-27,gauche,0
55,1.833,1780168744,11,190,-46,gauche,0
55,1.833,1780168744,5,-32,404,gauche,0
55,1.833,1780168744,13,64,7,gauche,1
55,1.833,1780168744,6,472,395,gauche,0
55,1.833,1780168744,14,-32,404,gauche,0
55,1.833,1780168744,4,-26,372,droite,0
55,1.833,1780168744,1,69,552,droite,1
55,1.833,1780168744,2,176,519,droite,1
55,1.833,1780168744,6,317,570,droite,1
55,1.833,1780168744,7,194,726,droite,1
55,1.833,1780168744,3,-115,451,droite,0
55,1.833,1780168744,9,-114,450,droite,0
55,1.833,1780168744,10,-116,777,droite,0
56,1.867,1780168744,2,147,234,gauche,1
56,1.867,1780168744,1,266,103,gauche,1
56,1.867,1780168744,4,349,117,gauche,1
56,1.867,1780168744,15,88,-32,gauche,0
56,1.867,1780168744,7,165,-23,gauche,0
56,1.867,1780168744,3,75,80,gauche,1
56,1.867,1780168744,12,119,34,gauche,1
56,1.867,1780168744,8,145,-27,gauche,0
56,1.867,1780168744,9,116,-15,gauche,0
56,1.867,1780168744,13,64,12,gauche,1
56,1.867,1780168744,11,189,-46,gauche,0
56,1.867,1780168744,6,472,395,gauche,0
56,1.867,1780168744,5,-32,404,gauche,0
56,1.867,1780168744,4,-26,374,droite,0
56,1.867,1780168744,1,70,551,droite,1
56,1.867,1780168744,6,317,571,droite,1
56,1.867,1780168744,2,177,517,droite,1
56,1.867,1780168744,7,190,726,droite,1
56,1.867,1780168744,3,-114,451,droite,0
57,1.900,1780168744,2,147,231,gauche,1
57,1.900,1780168744,1,265,102,gauche,1
57,1.900,1780168744,12,117,34,gauche,1
57,1.900,1780168744,3,74,80,gauche,1
57,1.900,1780168744,15,88,-32,gauche,0
57,1.900,1780168744,4,348,117,gauche,1
57,1.900,1780168744,7,165,-23,gauche,0
57,1.900,1780168744,9,117,-8,gauche,0
57,1.900,1780168744,13,62,11,gauche,1
57,1.900,1780168744,8,145,-27,gauche,0
57,1.900,1780168744,6,472,395,gauche,0
57,1.900,1780168744,11,190,-46,gauche,0
57,1.900,1780168744,4,-27,376,droite,0
57,1.900,1780168744,2,178,515,droite,1
57,1.900,1780168744,6,316,572,droite,1
57,1.900,1780168744,1,70,550,droite,1
57,1.900,1780168744,7,186,725,droite,1
58,1.933,1780168744,1,263,100,gauche,1
58,1.933,1780168744,2,143,229,gauche,1
58,1.933,1780168744,15,88,-32,gauche,0
58,1.933,1780168744,4,348,117,gauche,1
58,1.933,1780168744,7,165,-23,gauche,0
58,1.933,1780168744,9,117,-3,gauche,0
58,1.933,1780168744,12,115,35,gauche,1
58,1.933,1780168744,3,72,79,gauche,1
58,1.933,1780168744,13,61,12,gauche,1
58,1.933,1780168744,8,144,-27,gauche,0
58,1.933,1780168744,6,472,395,gauche,0
58,1.933,1780168744,11,189,-46,gauche,0
58,1.933,1780168744,5,-32,404,gauche,0
58,1.933,1780168744,4,-27,378,droite,0
58,1.933,1780168744,6,315,572,droite,1
58,1.933,1780168744,2,178,512,droite,1
58,1.933,1780168744,1,72,550,droite,1
58,1.933,1780168744,7,183,725,droite,1
58,1.933,1780168744,3,-114,451,droite,0
59,1.967,1780168744,2,143,229,gauche,1
59,1.967,1780168744,1,262,91,gauche,1
59,1.967,1780168744,15,88,-32,gauche,0
59,1.967,1780168744,7,165,-23,gauche,0
59,1.967,1780168744,9,117,-2,gauche,0
59,1.967,1780168744,3,70,79,gauche,1
59,1.967,1780168744,12,112,36,gauche,1
59,1.967,1780168744,4,347,119,gauche,1
59,1.967,1780168744,8,145,-27,gauche,0
59,1.967,1780168744,13,60,13,gauche,1
59,1.967,1780168744,6,472,394,gauche,0
59,1.967,1780168744,11,189,-46,gauche,0
59,1.967,1780168744,5,-32,404,gauche,0
59,1.967,1780168744,4,-28,380,droite,0
59,1.967,1780168744,2,178,511,droite,1
59,1.967,1780168744,6,314,572,droite,1
59,1.967,1780168744,1,73,549,droite,1
59,1.967,1780168744,7,180,725,droite,1
59,1.967,1780168744,3,-114,451,droite,0
60,2.000,1780168745,2,142,229,gauche,1
60,2.000,1780168745,1,260,88,gauche,1
60,2.000,1780168745,15,88,-32,gauche,0
60,2.000,1780168745,7,165,-23,gauche,0
60,2.000,1780168745,9,117,-1,gauche,0
60,2.000,1780168745,3,69,79,gauche,1
60,2.000,1780168745,4,344,126,gauche,1
60,2.000,1780168745,12,110,39,gauche,1
60,2.000,1780168745,8,145,-27,gauche,0
60,2.000,1780168745,13,58,8,gauche,1
60,2.000,1780168745,6,472,394,gauche,0
60,2.000,1780168745,11,189,-46,gauche,0
60,2.000,1780168745,4,-28,382,droite,0
60,2.000,1780168745,2,178,510,droite,1
60,2.000,1780168745,1,75,548,droite,1
60,2.000,1780168745,6,313,570,droite,1
60,2.000,1780168745,7,178,725,droite,1
61,2.033,1780168745,2,142,229,gauche,1
61,2.033,1780168745,1,260,88,gauche,1
61,2.033,1780168745,15,88,-32,gauche,0
61,2.033,1780168745,7,165,-23,gauche,0
61,2.033,1780168745,9,117,-1,gauche,0
61,2.033,1780168745,3,69,79,gauche,1
61,2.033,1780168745,4,344,126,gauche,1
61,2.033,1780168745,12,110,39,gauche,1
61,2.033,1780168745,8,145,-27,gauche,0
61,2.033,1780168745,13,58,8,gauche,1
61,2.033,1780168745,6,472,394,gauche,0
61,2.033,1780168745,11,189,-46,gauche,0
61,2.033,1780168745,4,-28,382,droite,0
61,2.033,1780168745,2,178,510,droite,1
61,2.033,1780168745,1,75,548,droite,1
61,2.033,1780168745,6,313,571,droite,1
61,2.033,1780168745,7,178,725,droite,1
62,2.067,1780168745,2,142,229,gauche,1
62,2.067,1780168745,15,88,-32,gauche,0
62,2.067,1780168745,7,165,-23,gauche,0
62,2.067,1780168745,1,262,87,gauche,1
62,2.067,1780168745,4,343,129,gauche,1
62,2.067,1780168745,9,118,-3,gauche,0
62,2.067,1780168745,13,58,10,gauche,1
62,2.067,1780168745,3,67,79,gauche,1
62,2.067,1780168745,10,258,87,gauche,1
62,2.067,1780168745,12,109,42,gauche,1
62,2.067,1780168745,8,145,-27,gauche,0
62,2.067,1780168745,6,472,394,gauche,0
62,2.067,1780168745,11,189,-46,gauche,0
62,2.067,1780168745,5,-32,404,gauche,0
62,2.067,1780168745,4,-29,384,droite,0
62,2.067,1780168745,2,179,508,droite,1
62,2.067,1780168745,1,76,550,droite,1
62,2.067,1780168745,6,313,571,droite,1
62,2.067,1780168745,7,175,727,droite,1
63,2.100,1780168745,2,142,229,gauche,1
63,2.100,1780168745,10,257,87,gauche,1
63,2.100,1780168745,4,341,133,gauche,1
63,2.100,1780168745,9,118,-1,gauche,0
63,2.100,1780168745,15,88,-32,gauche,0
63,2.100,1780168745,7,165,-23,gauche,0
63,2.100,1780168745,12,108,47,gauche,1
63,2.100,1780168745,13,58,11,gauche,1
63,2.100,1780168745,8,145,-27,gauche,0
63,2.100,1780168745,3,65,78,gauche,1
63,2.100,1780168745,6,472,394,gauche,0
63,2.100,1780168745,11,189,-46,gauche,0
63,2.100,1780168745,1,346,6,gauche,1
63,2.100,1780168745,4,-29,384,droite,0
63,2.100,1780168745,1,79,551,droite,1
63,2.100,1780168745,2,179,508,droite,1
63,2.100,1780168745,6,313,572,droite,1
63,2.100,1780168745,7,171,725,droite,1
64,2.133,1780168745,2,141,229,gauche,1
64,2.133,1780168745,4,340,135,gauche,1
64,2.133,1780168745,10,255,84,gauche,1
64,2.133,1780168745,9,118,-1,gauche,0
64,2.133,1780168745,15,88,-31,gauche,0
64,2.133,1780168745,7,165,-23,gauche,0
64,2.133,1780168745,13,57,9,gauche,1
64,2.133,1780168745,8,145,-27,gauche,0
64,2.133,1780168745,3,64,79,gauche,1
64,2.133,1780168745,12,108,49,gauche,1
64,2.133,1780168745,11,189,-45,gauche,0
64,2.133,1780168745,6,473,395,gauche,0
64,2.133,1780168745,1,346,6,gauche,1
64,2.133,1780168745,5,-32,404,gauche,0
64,2.133,1780168745,4,-28,384,droite,0
64,2.133,1780168745,2,180,507,droite,1
64,2.133,1780168745,6,312,571,droite,1
64,2.133,1780168745,1,80,552,droite,1
64,2.133,1780168745,7,167,724,droite,1
65,2.167,1780168745,2,141,229,gauche,1
65,2.167,1780168745,4,339,135,gauche,1
65,2.167,1780168745,9,118,-1,gauche,0
65,2.167,1780168745,15,88,-32,gauche,0
65,2.167,1780168745,7,165,-23,gauche,0
65,2.167,1780168745,12,107,50,gauche,1
65,2.167,1780168745,10,255,83,gauche,1
65,2.167,1780168745,8,145,-27,gauche,0
65,2.167,1780168745,13,57,10,gauche,1
65,2.167,1780168745,3,64,79,gauche,1
65,2.167,1780168745,11,189,-46,gauche,0
65,2.167,1780168745,1,347,6,gauche,1
65,2.167,1780168745,6,472,394,gauche,0
65,2.167,1780168745,5,-32,404,gauche,0
65,2.167,1780168745,4,-28,384,droite,0
65,2.167,1780168745,2,181,507,droite,1
65,2.167,1780168745,6,313,574,droite,1
65,2.167,1780168745,1,82,552,droite,1
65,2.167,1780168745,7,166,723,droite,1
65,2.167,1780168745,3,-114,451,droite,0
66,2.200,1780168745,2,141,229,gauche,1
66,2.200,1780168745,10,255,81,gauche,1
66,2.200,1780168745,4,339,135,gauche,1
66,2.200,1780168745,9,118,-1,gauche,0
66,2.200,1780168745,15,88,-33,gauche,0
66,2.200,1780168745,7,165,-23,gauche,0
66,2.200,1780168745,12,107,52,gauche,1
66,2.200,1780168745,8,145,-27,gauche,0
66,2.200,1780168745,13,56,12,gauche,1
66,2.200,1780168745,3,64,79,gauche,1
66,2.200,1780168745,11,189,-46,gauche,0
66,2.200,1780168745,6,473,394,gauche,0
66,2.200,1780168745,5,-32,404,gauche,0
66,2.200,1780168745,17,472,393,gauche,0
66,2.200,1780168745,14,-32,404,gauche,0
66,2.200,1780168745,16,-32,404,gauche,0
66,2.200,1780168745,4,-28,384,droite,0
66,2.200,1780168745,2,182,506,droite,1
66,2.200,1780168745,1,83,552,droite,1
66,2.200,1780168745,6,313,575,droite,1
66,2.200,1780168745,7,166,722,droite,1
66,2.200,1780168745,3,-114,451,droite,0
67,2.233,1780168745,2,141,229,gauche,1
67,2.233,1780168745,10,255,81,gauche,1
67,2.233,1780168745,4,339,135,gauche,1
67,2.233,1780168745,9,118,-1,gauche,0
67,2.233,1780168745,15,88,-33,gauche,0
67,2.233,1780168745,7,165,-23,gauche,0
67,2.233,1780168745,12,107,52,gauche,1
67,2.233,1780168745,8,145,-27,gauche,0
67,2.233,1780168745,13,56,12,gauche,1
67,2.233,1780168745,3,63,78,gauche,1
67,2.233,1780168745,11,189,-46,gauche,0
67,2.233,1780168745,6,473,394,gauche,0
67,2.233,1780168745,5,-32,404,gauche,0
67,2.233,1780168745,17,472,393,gauche,0
67,2.233,1780168745,14,-32,404,gauche,0
67,2.233,1780168745,16,-32,404,gauche,0
67,2.233,1780168745,4,-27,384,droite,0
67,2.233,1780168745,2,182,506,droite,1
67,2.233,1780168745,1,83,552,droite,1
67,2.233,1780168745,6,313,575,droite,1
67,2.233,1780168745,7,166,722,droite,1
67,2.233,1780168745,3,-114,451,droite,0
68,2.267,1780168745,2,139,228,gauche,1
68,2.267,1780168745,4,338,135,gauche,1
68,2.267,1780168745,10,253,76,gauche,1
68,2.267,1780168745,9,118,-1,gauche,0
68,2.267,1780168745,15,88,-33,gauche,0
68,2.267,1780168745,7,165,-23,gauche,0
68,2.267,1780168745,13,56,12,gauche,1
68,2.267,1780168745,3,63,79,gauche,1
68,2.267,1780168745,8,145,-27,gauche,0
68,2.267,1780168745,12,107,55,gauche,1
68,2.267,1780168745,11,189,-46,gauche,0
68,2.267,1780168745,5,-32,404,gauche,0
68,2.267,1780168745,14,-32,404,gauche,0
68,2.267,1780168745,6,473,394,gauche,0
68,2.267,1780168745,16,-32,404,gauche,0
68,2.267,1780168745,17,472,393,gauche,0
68,2.267,1780168745,4,-27,384,droite,0
68,2.267,1780168745,2,183,506,droite,1
68,2.267,1780168745,1,83,552,droite,1
68,2.267,1780168745,6,313,578,droite,1
68,2.267,1780168745,7,166,722,droite,1
68,2.267,1780168745,3,-114,451,droite,0
69,2.300,1780168745,2,139,226,gauche,1
69,2.300,1780168745,4,338,135,gauche,1
69,2.300,1780168745,9,118,-1,gauche,0
69,2.300,1780168745,10,251,68,gauche,1
69,2.300,1780168745,15,88,-34,gauche,0
69,2.300,1780168745,7,165,-23,gauche,0
69,2.300,1780168745,3,62,79,gauche,1
69,2.300,1780168745,12,105,55,gauche,1
69,2.300,1780168745,13,56,12,gauche,1
69,2.300,1780168745,8,145,-27,gauche,0
69,2.300,1780168745,11,188,-46,gauche,0
69,2.300,1780168745,6,473,395,gauche,0
69,2.300,1780168745,17,472,394,gauche,0
69,2.300,1780168745,4,-27,384,droite,0
69,2.300,1780168745,6,313,580,droite,1
69,2.300,1780168745,1,84,553,droite,1
69,2.300,1780168745,2,184,505,droite,1
69,2.300,1780168745,7,165,723,droite,1
69,2.300,1780168745,9,182,533,droite,1
69,2.300,1780168745,10,-117,778,droite,0
69,2.300,1780168745,3,-114,451,droite,0
70,2.333,1780168745,2,140,225,gauche,1
70,2.333,1780168745,4,338,136,gauche,1
70,2.333,1780168745,10,248,66,gauche,1
70,2.333,1780168745,9,118,-1,gauche,0
70,2.333,1780168745,3,62,78,gauche,1
70,2.333,1780168745,15,88,-35,gauche,0
70,2.333,1780168745,12,104,56,gauche,1
70,2.333,1780168745,7,165,-23,gauche,0
70,2.333,1780168745,13,55,12,gauche,1
70,2.333,1780168745,8,145,-27,gauche,0
70,2.333,1780168745,11,188,-45,gauche,0
70,2.333,1780168745,6,473,395,gauche,0
70,2.333,1780168745,17,472,394,gauche,0
70,2.333,1780168745,4,-27,384,droite,0
70,2.333,1780168745,6,314,581,droite,1
70,2.333,1780168745,2,184,505,droite,1
70,2.333,1780168745,1,84,552,droite,1
70,2.333,1780168745,7,164,723,droite,1
70,2.333,1780168745,9,184,532,droite,1
70,2.333,1780168745,10,-116,777,droite,0
70,2.333,1780168745,3,-114,451,droite,0
71,2.367,1780168745,2,139,223,gauche,1
71,2.367,1780168745,10,244,66,gauche,1
71,2.367,1780168745,4,336,143,gauche,1
71,2.367,1780168745,12,103,56,gauche,1
71,2.367,1780168745,9,118,-1,gauche,0
71,2.367,1780168745,15,88,-35,gauche,0
71,2.367,1780168745,3,61,78,gauche,1
71,2.367,1780168745,7,165,-23,gauche,0
71,2.367,1780168745,8,145,-27,gauche,0
71,2.367,1780168745,13,54,12,gauche,1
71,2.367,1780168745,11,188,-45,gauche,0
71,2.367,1780168745,6,473,395,gauche,0
71,2.367,1780168745,1,354,6,gauche,1
71,2.367,1780168745,17,472,394,gauche,0
71,2.367,1780168745,4,-26,385,droite,0
71,2.367,1780168745,6,315,583,droite,1
71,2.367,1780168745,2,186,505,droite,1
71,2.367,1780168745,1,85,553,droite,1
71,2.367,1780168745,7,160,723,droite,1
71,2.367,1780168745,10,-116,777,droite,0
71,2.367,1780168745,3,-114,451,droite,0
72,2.400,1780168745,2,138,219,gauche,1
72,2.400,1780168745,4,336,147,gauche,1
72,2.400,1780168745,12,101,55,gauche,1
72,2.400,1780168745,10,241,67,gauche,1
72,2.400,1780168745,15,88,-35,gauche,0
72,2.400,1780168745,9,118,-2,gauche,0
72,2.400,1780168745,7,165,-23,gauche,0
72,2.400,1780168745,3,60,78,gauche,1
72,2.400,1780168745,13,54,14,gauche,1
72,2.400,1780168745,8,145,-27,gauche,0
72,2.400,1780168745,11,188,-45,gauche,0
72,2.400,1780168745,1,355,7,gauche,1
72,2.400,1780168745,6,472,395,gauche,0
72,2.400,1780168745,4,-26,385,droite,0
72,2.400,1780168745,2,186,505,droite,1
72,2.400,1780168745,6,315,584,droite,1
72,2.400,1780168745,7,157,724,droite,1
72,2.400,1780168745,1,87,555,droite,1
72,2.400,1780168745,10,-115,777,droite,0
72,2.400,1780168745,3,-115,451,droite,0
73,2.433,1780168745,2,138,219,gauche,1
73,2.433,1780168745,4,336,147,gauche,1
73,2.433,1780168745,12,101,55,gauche,1
73,2.433,1780168745,10,241,67,gauche,1
73,2.433,1780168745,15,88,-35,gauche,0
73,2.433,1780168745,9,118,-2,gauche,0
73,2.433,1780168745,3,60,78,gauche,1
73,2.433,1780168745,7,165,-23,gauche,0
73,2.433,1780168745,13,54,14,gauche,1
73,2.433,1780168745,8,145,-27,gauche,0
73,2.433,1780168745,11,188,-45,gauche,0
73,2.433,1780168745,1,355,7,gauche,1
73,2.433,1780168745,6,472,395,gauche,0
73,2.433,1780168745,4,-26,385,droite,0
73,2.433,1780168745,2,186,505,droite,1
73,2.433,1780168745,6,315,584,droite,1
73,2.433,1780168745,7,157,724,droite,1
73,2.433,1780168745,1,86,555,droite,1
73,2.433,1780168745,10,-115,777,droite,0
73,2.433,1780168745,3,-115,451,droite,0
74,2.467,1780168745,2,136,215,gauche,1
74,2.467,1780168745,4,336,151,gauche,1
74,2.467,1780168745,10,238,67,gauche,1
74,2.467,1780168745,15,88,-34,gauche,0
74,2.467,1780168745,12,100,55,gauche,1
74,2.467,1780168745,9,118,-1,gauche,0
74,2.467,1780168745,3,60,80,gauche,1
74,2.467,1780168745,7,165,-23,gauche,0
74,2.467,1780168745,8,145,-27,gauche,0
74,2.467,1780168745,13,53,13,gauche,1
74,2.467,1780168745,11,188,-45,gauche,0
74,2.467,1780168745,5,5,-53,gauche,0
74,2.467,1780168745,4,-26,386,droite,0
74,2.467,1780168745,2,187,505,droite,1
74,2.467,1780168745,6,314,584,droite,1
74,2.467,1780168745,1,87,555,droite,1
74,2.467,1780168745,7,154,723,droite,1
74,2.467,1780168745,10,-115,777,droite,0
74,2.467,1780168745,3,-115,451,droite,0
75,2.500,1780168745,2,134,210,gauche,1
75,2.500,1780168745,4,336,155,gauche,1
75,2.500,1780168745,10,238,66,gauche,1
75,2.500,1780168745,15,88,-34,gauche,0
75,2.500,1780168745,12,100,56,gauche,1
75,2.500,1780168745,9,117,-1,gauche,0
75,2.500,1780168745,13,53,14,gauche,1
75,2.500,1780168745,3,60,81,gauche,1
75,2.500,1780168745,7,165,-23,gauche,0
75,2.500,1780168745,8,145,-27,gauche,0
75,2.500,1780168745,11,188,-45,gauche,0
75,2.500,1780168745,1,357,7,gauche,1
75,2.500,1780168745,6,314,584,droite,1
75,2.500,1780168745,2,187,504,droite,1
75,2.500,1780168745,4,-26,387,droite,0
75,2.500,1780168745,1,88,555,droite,1
75,2.500,1780168745,7,152,724,droite,1
75,2.500,1780168745,10,-115,777,droite,0
75,2.500,1780168745,3,-115,451,droite,0
76,2.533,1780168745,2,133,208,gauche,1
76,2.533,1780168745,4,335,156,gauche,1
76,2.533,1780168745,10,238,66,gauche,1
76,2.533,1780168745,12,98,56,gauche,1
76,2.533,1780168745,15,88,-33,gauche,0
76,2.533,1780168745,9,117,-1,gauche,0
76,2.533,1780168745,3,59,83,gauche,1
76,2.533,1780168745,7,165,-23,gauche,0
76,2.533,1780168745,13,52,13,gauche,1
76,2.533,1780168745,8,145,-27,gauche,0
76,2.533,1780168745,11,188,-45,gauche,0
76,2.533,1780168745,1,357,8,gauche,1
76,2.533,1780168745,2,187,504,droite,1
76,2.533,1780168745,6,313,584,droite,1
76,2.533,1780168745,4,-26,388,droite,0
76,2.533,1780168745,1,89,554,droite,1
76,2.533,1780168745,7,149,724,droite,1
76,2.533,1780168745,10,-115,777,droite,0
77,2.567,1780168745,4,335,157,gauche,1
77,2.567,1780168745,2,133,208,gauche,1
77,2.567,1780168745,10,236,66,gauche,1
77,2.567,1780168745,15,88,-32,gauche,0
77,2.567,1780168745,3,59,84,gauche,1
77,2.567,1780168745,12,98,57,gauche,1
77,2.567,1780168745,9,117,-1,gauche,0
77,2.567,1780168745,7,166,-23,gauche,0
77,2.567,1780168745,13,53,14,gauche,1
77,2.567,1780168745,8,145,-27,gauche,0
77,2.567,1780168745,11,187,-45,gauche,0
77,2.567,1780168745,1,357,8,gauche,1
77,2.567,1780168745,2,187,504,droite,1
77,2.567,1780168745,4,-26,389,droite,0
77,2.567,1780168745,6,313,582,droite,1
77,2.567,1780168745,1,89,555,droite,1
77,2.567,1780168745,7,147,724,droite,1
77,2.567,1780168745,10,-115,777,droite,0
77,2.567,1780168745,3,-115,451,droite,0
78,2.600,1780168745,10,234,66,gauche,1
78,2.600,1780168745,4,334,157,gauche,1
78,2.600,1780168745,2,133,208,gauche,1
78,2.600,1780168745,15,88,-32,gauche,0
78,2.600,1780168745,12,98,65,gauche,1
78,2.600,1780168745,3,59,86,gauche,1
78,2.600,1780168745,9,117,-1,gauche,0
78,2.600,1780168745,7,166,-23,gauche,0
78,2.600,1780168745,8,145,-28,gauche,0
78,2.600,1780168745,13,53,15,gauche,1
78,2.600,1780168745,11,187,-45,gauche,0
78,2.600,1780168745,1,358,7,gauche,1
78,2.600,1780168745,6,312,580,droite,1
78,2.600,1780168745,4,-27,390,droite,0
78,2.600,1780168745,2,188,504,droite,1
78,2.600,1780168745,1,90,555,droite,1
78,2.600,1780168745,7,146,724,droite,1
78,2.600,1780168745,10,-115,777,droite,0
78,2.600,1780168745,3,-115,451,droite,0
78,2.600,1780168745,9,188,532,droite,1
79,2.633,1780168745,10,234,66,gauche,1
79,2.633,1780168745,4,334,157,gauche,1
79,2.633,1780168745,2,133,208,gauche,1
79,2.633,1780168745,15,88,-32,gauche,0
79,2.633,1780168745,12,98,65,gauche,1
79,2.633,1780168745,3,59,86,gauche,1
79,2.633,1780168745,9,117,-1,gauche,0
79,2.633,1780168745,7,166,-23,gauche,0
79,2.633,1780168745,8,145,-28,gauche,0
79,2.633,1780168745,13,53,15,gauche,1
79,2.633,1780168745,11,187,-45,gauche,0
79,2.633,1780168745,1,358,7,gauche,1
79,2.633,1780168745,4,-27,390,droite,0
79,2.633,1780168745,6,312,580,droite,1
79,2.633,1780168745,2,188,504,droite,1
79,2.633,1780168745,1,90,555,droite,1
79,2.633,1780168745,7,146,724,droite,1
79,2.633,1780168745,10,-115,777,droite,0
79,2.633,1780168745,3,-115,451,droite,0
79,2.633,1780168745,9,188,532,droite,1
80,2.667,1780168745,10,233,60,gauche,1
80,2.667,1780168745,4,333,157,gauche,1
80,2.667,1780168745,2,132,208,gauche,1
80,2.667,1780168745,3,59,86,gauche,1
80,2.667,1780168745,15,88,-32,gauche,0
80,2.667,1780168745,12,97,67,gauche,1
80,2.667,1780168745,9,118,-1,gauche,0
80,2.667,1780168745,13,52,15,gauche,1
80,2.667,1780168745,7,165,-23,gauche,0
80,2.667,1780168745,8,145,-27,gauche,0
80,2.667,1780168745,11,187,-45,gauche,0
80,2.667,1780168745,1,358,6,gauche,1
80,2.667,1780168745,4,-28,394,droite,0
80,2.667,1780168745,2,189,504,droite,1
80,2.667,1780168745,6,309,580,droite,1
80,2.667,1780168745,1,91,555,droite,1
80,2.667,1780168745,7,144,721,droite,1
80,2.667,1780168745,10,-115,777,droite,0
80,2.667,1780168745,3,-115,451,droite,0
81,2.700,1780168745,4,332,157,gauche,1
81,2.700,1780168745,2,132,207,gauche,1
81,2.700,1780168745,10,231,53,gauche,1
81,2.700,1780168745,3,59,88,gauche,1
81,2.700,1780168745,15,88,-32,gauche,0
81,2.700,1780168745,12,97,69,gauche,1
81,2.700,1780168745,9,117,-1,gauche,0
81,2.700,1780168745,13,52,15,gauche,1
81,2.700,1780168745,7,166,-23,gauche,0
81,2.700,1780168745,8,145,-27,gauche,0
81,2.700,1780168745,11,187,-45,gauche,0
81,2.700,1780168745,1,358,8,gauche,1
81,2.700,1780168745,4,-28,396,droite,0
81,2.700,1780168745,2,190,504,droite,1
81,2.700,1780168745,1,94,555,droite,1
81,2.700,1780168745,6,309,579,droite,1
81,2.700,1780168745,7,142,722,droite,1
81,2.700,1780168745,10,-115,777,droite,0
81,2.700,1780168745,3,-115,451,droite,0
82,2.733,1780168745,4,332,156,gauche,1
82,2.733,1780168745,2,131,207,gauche,1
82,2.733,1780168745,15,88,-32,gauche,0
82,2.733,1780168745,3,58,88,gauche,1
82,2.733,1780168745,12,96,71,gauche,1
82,2.733,1780168745,10,228,47,gauche,1
82,2.733,1780168745,13,52,15,gauche,1
82,2.733,1780168745,9,118,-1,gauche,0
82,2.733,1780168745,7,166,-23,gauche,0
82,2.733,1780168745,8,145,-27,gauche,0
82,2.733,1780168745,11,187,-45,gauche,0
82,2.733,1780168745,1,357,10,gauche,1
82,2.733,1780168745,4,-29,399,droite,0
82,2.733,1780168745,1,96,555,droite,1
82,2.733,1780168745,2,190,504,droite,1
82,2.733,1780168745,6,308,579,droite,1
82,2.733,1780168745,7,140,716,droite,1
82,2.733,1780168745,10,-115,777,droite,0
82,2.733,1780168745,9,189,532,droite,1
82,2.733,1780168745,3,-115,451,droite,0
83,2.767,1780168745,2,130,205,gauche,1
83,2.767,1780168745,4,331,156,gauche,1
83,2.767,1780168745,10,226,44,gauche,1
83,2.767,1780168745,12,97,74,gauche,1
83,2.767,1780168745,15,88,-32,gauche,0
83,2.767,1780168745,3,57,88,gauche,1
83,2.767,1780168745,9,118,-1,gauche,0
83,2.767,1780168745,13,52,15,gauche,1
83,2.767,1780168745,7,166,-23,gauche,0
83,2.767,1780168745,8,145,-27,gauche,0
83,2.767,1780168745,11,187,-45,gauche,0
83,2.767,1780168745,1,357,10,gauche,1
83,2.767,1780168745,4,-29,402,droite,0
83,2.767,1780168745,1,98,555,droite,1
83,2.767,1780168745,6,308,580,droite,1
83,2.767,1780168745,2,191,504,droite,1
83,2.767,1780168745,7,139,720,droite,1
83,2.767,1780168745,10,-115,777,droite,0
83,2.767,1780168745,9,191,531,droite,1
84,2.800,1780168745,2,130,203,gauche,1
84,2.800,1780168745,4,330,157,gauche,1
84,2.800,1780168745,12,96,74,gauche,1
84,2.800,1780168745,15,88,-32,gauche,0
84,2.800,1780168745,9,118,-1,gauche,0
84,2.800,1780168745,10,223,41,gauche,1
84,2.800,1780168745,13,52,14,gauche,1
84,2.800,1780168745,3,57,88,gauche,1
84,2.800,1780168745,7,166,-23,gauche,0
84,2.800,1780168745,8,144,-27,gauche,0
84,2.800,1780168745,11,187,-45,gauche,0
84,2.800,1780168745,1,357,9,gauche,1
84,2.800,1780168745,4,-28,402,droite,0
84,2.800,1780168745,1,99,555,droite,1
84,2.800,1780168745,6,308,580,droite,1
84,2.800,1780168745,2,192,504,droite,1
84,2.800,1780168745,7,138,723,droite,1
84,2.800,1780168745,10,-115,777,droite,0
85,2.833,1780168745,2,130,203,gauche,1
85,2.833,1780168745,4,330,157,gauche,1
85,2.833,1780168745,12,96,74,gauche,1
85,2.833,1780168745,15,88,-32,gauche,0
85,2.833,1780168745,9,118,-1,gauche,0
85,2.833,1780168745,10,223,41,gauche,1
85,2.833,1780168745,13,52,14,gauche,1
85,2.833,1780168745,3,57,88,gauche,1
85,2.833,1780168745,7,166,-23,gauche,0
85,2.833,1780168745,8,144,-27,gauche,0
85,2.833,1780168745,11,187,-45,gauche,0
85,2.833,1780168745,1,357,9,gauche,1
85,2.833,1780168745,4,-28,402,droite,0
85,2.833,1780168745,1,99,556,droite,1
85,2.833,1780168745,6,308,580,droite,1
85,2.833,1780168745,2,191,504,droite,1
85,2.833,1780168745,7,138,723,droite,1
85,2.833,1780168745,10,-115,777,droite,0
86,2.867,1780168745,4,329,158,gauche,1
86,2.867,1780168745,2,128,196,gauche,1
86,2.867,1780168745,12,95,75,gauche,1
86,2.867,1780168745,15,88,-32,gauche,0
86,2.867,1780168745,9,118,-1,gauche,0
86,2.867,1780168745,8,144,-27,gauche,0
86,2.867,1780168745,10,220,38,gauche,1
86,2.867,1780168745,13,52,14,gauche,1
86,2.867,1780168745,3,56,88,gauche,1
86,2.867,1780168745,7,166,-23,gauche,0
86,2.867,1780168745,11,187,-45,gauche,0
86,2.867,1780168745,1,358,9,gauche,1
86,2.867,1780168745,4,-26,402,droite,0
86,2.867,1780168745,2,192,505,droite,1
86,2.867,1780168745,1,99,556,droite,1
86,2.867,1780168745,6,308,580,droite,1
86,2.867,1780168745,7,138,720,droite,1
86,2.867,1780168745,10,-115,777,droite,0
87,2.900,1780168745,2,129,195,gauche,1
87,2.900,1780168745,4,327,161,gauche,1
87,2.900,1780168745,12,94,75,gauche,1
87,2.900,1780168745,15,89,-31,gauche,0
87,2.900,1780168745,9,118,-1,gauche,0
87,2.900,1780168745,13,52,14,gauche,1
87,2.900,1780168745,7,166,-23,gauche,0
87,2.900,1780168745,3,55,88,gauche,1
87,2.900,1780168745,8,145,-27,gauche,0
87,2.900,1780168745,10,220,37,gauche,1
87,2.900,1780168745,4,-25,403,droite,0
87,2.900,1780168745,1,100,557,droite,1
87,2.900,1780168745,2,192,505,droite,1
87,2.900,1780168745,6,309,581,droite,1
87,2.900,1780168745,10,-115,777,droite,0
87,2.900,1780168745,7,137,723,droite,1
88,2.933,1780168745,2,127,192,gauche,1
88,2.933,1780168745,4,326,163,gauche,1
88,2.933,1780168745,12,92,75,gauche,1
88,2.933,1780168745,9,118,-1,gauche,0
88,2.933,1780168745,15,88,-31,gauche,0
88,2.933,1780168745,3,54,88,gauche,1
88,2.933,1780168745,7,166,-23,gauche,0
88,2.933,1780168745,8,144,-28,gauche,0
88,2.933,1780168745,13,52,14,gauche,1
88,2.933,1780168745,10,218,35,gauche,1
88,2.933,1780168745,4,-25,403,droite,0
88,2.933,1780168745,1,100,557,droite,1
88,2.933,1780168745,6,309,581,droite,1
88,2.933,1780168745,2,193,505,droite,1
88,2.933,1780168745,7,137,724,droite,1
88,2.933,1780168745,10,-115,778,droite,0
89,2.967,1780168745,2,127,193,gauche,1
89,2.967,1780168745,4,325,165,gauche,1
89,2.967,1780168745,12,91,75,gauche,1
89,2.967,1780168745,3,53,88,gauche,1
89,2.967,1780168745,9,118,-1,gauche,0
89,2.967,1780168745,15,89,-31,gauche,0
89,2.967,1780168745,7,166,-23,gauche,0
89,2.967,1780168745,8,145,-28,gauche,0
89,2.967,1780168745,13,52,14,gauche,1
89,2.967,1780168745,10,215,34,gauche,1
89,2.967,1780168745,11,188,-46,gauche,0
89,2.967,1780168745,4,-24,403,droite,0
89,2.967,1780168745,6,309,581,droite,1
89,2.967,1780168745,1,101,559,droite,1
89,2.967,1780168745,2,193,506,droite,1
89,2.967,1780168745,7,137,723,droite,1
89,2.967,1780168745,10,-115,777,droite,0
89,2.967,1780168745,3,-116,451,droite,0
90,3.000,1780168746,4,324,165,gauche,1
90,3.000,1780168746,2,127,193,gauche,1
90,3.000,1780168746,12,90,75,gauche,1
90,3.000,1780168746,3,51,88,gauche,1
90,3.000,1780168746,9,118,0,gauche,1
90,3.000,1780168746,15,88,-31,gauche,0
90,3.000,1780168746,7,165,-23,gauche,0
90,3.000,1780168746,8,145,-27,gauche,0
90,3.000,1780168746,10,214,36,gauche,1
90,3.000,1780168746,13,52,14,gauche,1
90,3.000,1780168746,11,213,36,gauche,1
90,3.000,1780168746,4,-24,403,droite,0
90,3.000,1780168746,1,101,559,droite,1
90,3.000,1780168746,6,309,582,droite,1
90,3.000,1780168746,2,194,508,droite,1
90,3.000,1780168746,7,137,720,droite,1
90,3.000,1780168746,10,-115,778,droite,0
91,3.033,1780168746,4,324,165,gauche,1
91,3.033,1780168746,2,127,193,gauche,1
91,3.033,1780168746,12,90,75,gauche,1
91,3.033,1780168746,3,51,88,gauche,1
91,3.033,1780168746,9,118,0,gauche,1
91,3.033,1780168746,15,88,-31,gauche,0
91,3.033,1780168746,7,165,-23,gauche,0
91,3.033,1780168746,8,145,-27,gauche,0
91,3.033,1780168746,10,214,36,gauche,1
91,3.033,1780168746,13,52,14,gauche,1
91,3.033,1780168746,11,213,36,gauche,1
91,3.033,1780168746,4,-24,403,droite,0
91,3.033,1780168746,6,309,582,droite,1
91,3.033,1780168746,1,101,559,droite,1
91,3.033,1780168746,2,194,508,droite,1
91,3.033,1780168746,7,137,720,droite,1
91,3.033,1780168746,10,-115,778,droite,0
92,3.067,1780168746,2,127,193,gauche,1
92,3.067,1780168746,4,322,167,gauche,1
92,3.067,1780168746,12,90,79,gauche,1
92,3.067,1780168746,9,118,0,gauche,1
92,3.067,1780168746,15,88,-31,gauche,0
92,3.067,1780168746,3,49,88,gauche,1
92,3.067,1780168746,7,165,-23,gauche,0
92,3.067,1780168746,13,52,14,gauche,1
92,3.067,1780168746,11,210,36,gauche,1
92,3.067,1780168746,8,145,-27,gauche,0
92,3.067,1780168746,4,-23,403,droite,0
92,3.067,1780168746,2,195,510,droite,1
92,3.067,1780168746,6,309,583,droite,1
92,3.067,1780168746,1,102,561,droite,1
92,3.067,1780168746,7,137,718,droite,1
92,3.067,1780168746,10,-115,778,droite,0
93,3.100,1780168746,2,127,193,gauche,1
93,3.100,1780168746,4,321,168,gauche,1
93,3.100,1780168746,12,90,84,gauche,1
93,3.100,1780168746,15,88,-31,gauche,0
93,3.100,1780168746,9,118,0,gauche,1
93,3.100,1780168746,11,206,37,gauche,1
93,3.100,1780168746,7,165,-23,gauche,0
93,3.100,1780168746,3,48,88,gauche,1
93,3.100,1780168746,13,52,14,gauche,1
93,3.100,1780168746,8,146,-27,gauche,0
93,3.100,1780168746,4,-23,403,droite,0
93,3.100,1780168746,2,195,513,droite,1
93,3.100,1780168746,6,309,583,droite,1
93,3.100,1780168746,1,102,562,droite,1
93,3.100,1780168746,7,136,719,droite,1
93,3.100,1780168746,10,-115,778,droite,0
94,3.133,1780168746,2,128,193,gauche,1
94,3.133,1780168746,4,320,169,gauche,1
94,3.133,1780168746,12,90,88,gauche,1
94,3.133,1780168746,15,88,-31,gauche,0
94,3.133,1780168746,9,118,0,gauche,1
94,3.133,1780168746,11,204,34,gauche,1
94,3.133,1780168746,7,165,-23,gauche,0
94,3.133,1780168746,13,52,14,gauche,1
94,3.133,1780168746,3,47,88,gauche,1
94,3.133,1780168746,8,147,-27,gauche,0
94,3.133,1780168746,10,187,-46,gauche,0
94,3.133,1780168746,4,-22,404,droite,0
94,3.133,1780168746,2,196,517,droite,1
94,3.133,1780168746,6,309,585,droite,1
94,3.133,1780168746,1,102,564,droite,1
94,3.133,1780168746,7,135,718,droite,1
94,3.133,1780168746,10,-115,778,droite,0
95,3.167,1780168746,2,129,192,gauche,1
95,3.167,1780168746,4,319,168,gauche,1
95,3.167,1780168746,12,90,89,gauche,1
95,3.167,1780168746,15,88,-31,gauche,0
95,3.167,1780168746,9,118,-1,gauche,0
95,3.167,1780168746,7,165,-23,gauche,0
95,3.167,1780168746,3,47,88,gauche,1
95,3.167,1780168746,8,147,-27,gauche,0
95,3.167,1780168746,13,52,14,gauche,1
95,3.167,1780168746,11,201,27,gauche,1
95,3.167,1780168746,10,187,-46,gauche,0
95,3.167,1780168746,1,363,8,gauche,1
95,3.167,1780168746,4,-23,406,droite,0
95,3.167,1780168746,2,197,521,droite,1
95,3.167,1780168746,6,308,586,droite,1
95,3.167,1780168746,1,103,565,droite,1
95,3.167,1780168746,7,134,717,droite,1
95,3.167,1780168746,10,-115,778,droite,0
96,3.200,1780168746,4,319,167,gauche,1
96,3.200,1780168746,12,90,93,gauche,1
96,3.200,1780168746,2,129,192,gauche,1
96,3.200,1780168746,15,88,-31,gauche,0
96,3.200,1780168746,9,118,-1,gauche,0
96,3.200,1780168746,7,165,-23,gauche,0
96,3.200,1780168746,3,46,88,gauche,1
96,3.200,1780168746,8,147,-27,gauche,0
96,3.200,1780168746,13,52,14,gauche,1
96,3.200,1780168746,18,126,168,gauche,1
96,3.200,1780168746,11,202,24,gauche,1
96,3.200,1780168746,10,187,-47,gauche,0
96,3.200,1780168746,4,-23,407,droite,0
96,3.200,1780168746,2,198,524,droite,1
96,3.200,1780168746,6,308,589,droite,1
96,3.200,1780168746,1,104,564,droite,1
96,3.200,1780168746,7,134,716,droite,1
96,3.200,1780168746,10,-115,778,droite,0
97,3.233,1780168746,4,319,167,gauche,1
97,3.233,1780168746,12,90,93,gauche,1
97,3.233,1780168746,2,129,192,gauche,1
97,3.233,1780168746,15,88,-31,gauche,0
97,3.233,1780168746,9,118,-1,gauche,0
97,3.233,1780168746,7,165,-23,gauche,0
97,3.233,1780168746,3,46,88,gauche,1
97,3.233,1780168746,8,147,-27,gauche,0
97,3.233,1780168746,13,52,14,gauche,1
97,3.233,1780168746,18,126,168,gauche,1
97,3.233,1780168746,11,201,24,gauche,1
97,3.233,1780168746,10,187,-46,gauche,0
97,3.233,1780168746,4,-23,407,droite,0
97,3.233,1780168746,2,198,524,droite,1
97,3.233,1780168746,6,308,589,droite,1
97,3.233,1780168746,1,104,564,droite,1
97,3.233,1780168746,7,134,716,droite,1
97,3.233,1780168746,10,-115,778,droite,0
98,3.267,1780168746,4,318,171,gauche,1
98,3.267,1780168746,2,130,191,gauche,1
98,3.267,1780168746,12,90,95,gauche,1
98,3.267,1780168746,15,88,-31,gauche,0
98,3.267,1780168746,9,118,-1,gauche,0
98,3.267,1780168746,7,165,-23,gauche,0
98,3.267,1780168746,3,46,89,gauche,1
98,3.267,1780168746,8,147,-28,gauche,0
98,3.267,1780168746,13,52,14,gauche,1
98,3.267,1780168746,11,199,24,gauche,1
98,3.267,1780168746,10,187,-47,gauche,0
98,3.267,1780168746,4,-23,410,droite,0
98,3.267,1780168746,2,200,524,droite,1
98,3.267,1780168746,1,106,566,droite,1
98,3.267,1780168746,6,308,590,droite,1
98,3.267,1780168746,7,133,716,droite,1
98,3.267,1780168746,10,-115,778,droite,0
99,3.300,1780168746,2,129,185,gauche,1
99,3.300,1780168746,4,318,172,gauche,1
99,3.300,1780168746,12,90,96,gauche,1
99,3.300,1780168746,15,88,-31,gauche,0
99,3.300,1780168746,9,118,-1,gauche,0
99,3.300,1780168746,7,165,-23,gauche,0
99,3.300,1780168746,3,46,89,gauche,1
99,3.300,1780168746,13,52,14,gauche,1
99,3.300,1780168746,8,147,-27,gauche,0
99,3.300,1780168746,11,197,23,gauche,1
99,3.300,1780168746,4,-24,411,droite,0
99,3.300,1780168746,1,109,565,droite,1
99,3.300,1780168746,2,200,524,droite,1
99,3.300,1780168746,6,307,591,droite,1
99,3.300,1780168746,7,133,716,droite,1
99,3.300,1780168746,10,-115,778,droite,0
100,3.333,1780168746,4,315,174,gauche,1
100,3.333,1780168746,2,128,182,gauche,1
100,3.333,1780168746,12,90,96,gauche,1
100,3.333,1780168746,15,88,-31,gauche,0
100,3.333,1780168746,9,118,-1,gauche,0
100,3.333,1780168746,7,165,-23,gauche,0
100,3.333,1780168746,3,45,90,gauche,1
100,3.333,1780168746,11,193,22,gauche,1
100,3.333,1780168746,8,147,-28,gauche,0
100,3.333,1780168746,13,52,14,gauche,1
100,3.333,1780168746,10,187,-47,gauche,0
100,3.333,1780168746,2,201,524,droite,1
100,3.333,1780168746,4,-24,413,droite,0
100,3.333,1780168746,1,111,565,droite,1
100,3.333,1780168746,6,307,591,droite,1
100,3.333,1780168746,7,133,715,droite,1
100,3.333,1780168746,10,-115,778,droite,0
101,3.367,1780168746,4,313,174,gauche,1
101,3.367,1780168746,2,127,179,gauche,1
101,3.367,1780168746,15,88,-31,gauche,0
101,3.367,1780168746,12,90,96,gauche,1
101,3.367,1780168746,9,118,-1,gauche,0
101,3.367,1780168746,3,46,91,gauche,1
101,3.367,1780168746,7,165,-23,gauche,0
101,3.367,1780168746,8,147,-28,gauche,0
101,3.367,1780168746,13,52,14,gauche,1
101,3.367,1780168746,11,191,22,gauche,1
101,3.367,1780168746,2,203,524,droite,1
101,3.367,1780168746,4,-25,416,droite,0
101,3.367,1780168746,1,112,565,droite,1
101,3.367,1780168746,6,306,591,droite,1
101,3.367,1780168746,7,133,715,droite,1
101,3.367,1780168746,10,-115,778,droite,0
102,3.400,1780168746,4,311,173,gauche,1
102,3.400,1780168746,2,127,175,gauche,1
102,3.400,1780168746,12,89,96,gauche,1
102,3.400,1780168746,15,88,-31,gauche,0
102,3.400,1780168746,9,118,-1,gauche,0
102,3.400,1780168746,3,46,93,gauche,1
102,3.400,1780168746,11,189,23,gauche,1
102,3.400,1780168746,7,165,-23,gauche,0
102,3.400,1780168746,8,148,-28,gauche,0
102,3.400,1780168746,13,52,14,gauche,1
102,3.400,1780168746,1,113,566,droite,1
102,3.400,1780168746,4,-26,418,droite,0
102,3.400,1780168746,6,305,591,droite,1
102,3.400,1780168746,2,201,524,droite,1
102,3.400,1780168746,7,133,715,droite,1
102,3.400,1780168746,10,-115,778,droite,0
103,3.433,1780168746,4,311,173,gauche,1
103,3.433,1780168746,2,127,175,gauche,1
103,3.433,1780168746,12,89,96,gauche,1
103,3.433,1780168746,15,88,-31,gauche,0
103,3.433,1780168746,9,118,-1,gauche,0
103,3.433,1780168746,3,46,93,gauche,1
103,3.433,1780168746,11,189,23,gauche,1
103,3.433,1780168746,7,165,-23,gauche,0
103,3.433,1780168746,8,148,-28,gauche,0
103,3.433,1780168746,13,52,14,gauche,1
103,3.433,1780168746,1,113,566,droite,1
103,3.433,1780168746,4,-26,418,droite,0
103,3.433,1780168746,6,305,591,droite,1
103,3.433,1780168746,2,201,524,droite,1
103,3.433,1780168746,7,133,715,droite,1
103,3.433,1780168746,10,-115,778,droite,0
104,3.467,1780168746,4,310,173,gauche,1
104,3.467,1780168746,18,126,169,gauche,1
104,3.467,1780168746,12,90,96,gauche,1
104,3.467,1780168746,15,88,-31,gauche,0
104,3.467,1780168746,9,118,-1,gauche,0
104,3.467,1780168746,3,46,93,gauche,1
104,3.467,1780168746,7,165,-23,gauche,0
104,3.467,1780168746,8,148,-28,gauche,0
104,3.467,1780168746,13,52,14,gauche,1
104,3.467,1780168746,11,186,23,gauche,1
104,3.467,1780168746,10,188,-42,gauche,0
104,3.467,1780168746,2,204,524,droite,1
104,3.467,1780168746,4,-25,418,droite,0
104,3.467,1780168746,6,303,591,droite,1
104,3.467,1780168746,1,114,566,droite,1
104,3.467,1780168746,7,133,715,droite,1
104,3.467,1780168746,10,-115,777,droite,0
104,3.467,1780168746,3,-114,451,droite,0
105,3.500,1780168746,4,310,173,gauche,1
105,3.500,1780168746,18,126,167,gauche,1
105,3.500,1780168746,12,90,96,gauche,1
105,3.500,1780168746,15,88,-31,gauche,0
105,3.500,1780168746,9,118,-1,gauche,0
105,3.500,1780168746,3,45,94,gauche,1
105,3.500,1780168746,13,52,14,gauche,1
105,3.500,1780168746,7,165,-23,gauche,0
105,3.500,1780168746,11,186,23,gauche,1
105,3.500,1780168746,8,148,-28,gauche,0
105,3.500,1780168746,6,302,591,droite,1
105,3.500,1780168746,2,204,524,droite,1
105,3.500,1780168746,1,115,566,droite,1
105,3.500,1780168746,4,-25,418,droite,0
105,3.500,1780168746,7,133,714,droite,1
105,3.500,1780168746,10,-115,777,droite,0
105,3.500,1780168746,3,-112,447,droite,0
106,3.533,1780168746,4,309,173,gauche,1
106,3.533,1780168746,18,126,167,gauche,1
106,3.533,1780168746,12,91,96,gauche,1
106,3.533,1780168746,15,88,-31,gauche,0
106,3.533,1780168746,9,118,-1,gauche,0
106,3.533,1780168746,3,45,94,gauche,1
106,3.533,1780168746,13,52,14,gauche,1
106,3.533,1780168746,7,165,-23,gauche,0
106,3.533,1780168746,8,148,-28,gauche,0
106,3.533,1780168746,11,184,23,gauche,1
106,3.533,1780168746,10,188,-42,gauche,0
106,3.533,1780168746,6,301,591,droite,1
106,3.533,1780168746,1,114,568,droite,1
106,3.533,1780168746,2,204,528,droite,1
106,3.533,1780168746,4,-25,418,droite,0
106,3.533,1780168746,7,133,713,droite,1
106,3.533,1780168746,10,-115,777,droite,0
106,3.533,1780168746,3,-112,447,droite,0
107,3.567,1780168746,4,308,173,gauche,1
107,3.567,1780168746,18,126,167,gauche,1
107,3.567,1780168746,12,91,101,gauche,1
107,3.567,1780168746,15,88,-31,gauche,0
107,3.567,1780168746,13,52,14,gauche,1
107,3.567,1780168746,9,118,-1,gauche,0
107,3.567,1780168746,3,44,94,gauche,1
107,3.567,1780168746,7,164,-23,gauche,0
107,3.567,1780168746,8,148,-28,gauche,0
107,3.567,1780168746,11,183,23,gauche,1
107,3.567,1780168746,10,187,-43,gauche,0
107,3.567,1780168746,2,205,530,droite,1
107,3.567,1780168746,6,301,593,droite,1
107,3.567,1780168746,4,-24,418,droite,0
107,3.567,1780168746,1,115,569,droite,1
107,3.567,1780168746,7,133,712,droite,1
107,3.567,1780168746,10,-115,777,droite,0
107,3.567,1780168746,3,-112,447,droite,0
108,3.600,1780168746,4,307,173,gauche,1
108,3.600,1780168746,18,126,167,gauche,1
108,3.600,1780168746,15,89,-30,gauche,0
108,3.600,1780168746,12,93,107,gauche,1
108,3.600,1780168746,13,52,14,gauche,1
108,3.600,1780168746,9,118,-1,gauche,0
108,3.600,1780168746,3,43,93,gauche,1
108,3.600,1780168746,7,164,-23,gauche,0
108,3.600,1780168746,8,149,-27,gauche,0
108,3.600,1780168746,10,188,-48,gauche,0
108,3.600,1780168746,2,206,533,droite,1
108,3.600,1780168746,1,115,570,droite,1
108,3.600,1780168746,4,-24,418,droite,0
108,3.600,1780168746,6,301,598,droite,1
108,3.600,1780168746,7,134,712,droite,1
108,3.600,1780168746,10,-114,776,droite,0
108,3.600,1780168746,3,-114,450,droite,0
109,3.633,1780168746,4,307,173,gauche,1
109,3.633,1780168746,18,126,167,gauche,1
109,3.633,1780168746,15,89,-30,gauche,0
109,3.633,1780168746,12,93,107,gauche,1
109,3.633,1780168746,13,52,14,gauche,1
109,3.633,1780168746,9,118,-1,gauche,0
109,3.633,1780168746,3,43,93,gauche,1
109,3.633,1780168746,7,164,-23,gauche,0
109,3.633,1780168746,8,149,-27,gauche,0
109,3.633,1780168746,10,188,-48,gauche,0
109,3.633,1780168746,11,181,23,gauche,1
109,3.633,1780168746,2,206,533,droite,1
109,3.633,1780168746,1,115,570,droite,1
109,3.633,1780168746,4,-24,418,droite,0
109,3.633,1780168746,6,301,598,droite,1
109,3.633,1780168746,7,134,712,droite,1
109,3.633,1780168746,10,-113,776,droite,0
110,3.667,1780168746,4,306,173,gauche,1
110,3.667,1780168746,18,126,167,gauche,1
110,3.667,1780168746,15,89,-30,gauche,0
110,3.667,1780168746,12,93,109,gauche,1
110,3.667,1780168746,13,52,15,gauche,1
110,3.667,1780168746,9,118,-1,gauche,0
110,3.667,1780168746,3,42,93,gauche,1
110,3.667,1780168746,7,163,-23,gauche,0
110,3.667,1780168746,8,149,-27,gauche,0
110,3.667,1780168746,1,370,11,gauche,1
110,3.667,1780168746,11,178,22,gauche,1
110,3.667,1780168746,10,188,-49,gauche,0
110,3.667,1780168746,2,206,537,droite,1
110,3.667,1780168746,4,-23,418,droite,0
110,3.667,1780168746,1,115,572,droite,1
110,3.667,1780168746,6,300,596,droite,1
110,3.667,1780168746,7,134,711,droite,1
110,3.667,1780168746,10,-113,776,droite,0
111,3.700,1780168746,4,305,173,gauche,1
111,3.700,1780168746,18,126,166,gauche,1
111,3.700,1780168746,15,89,-30,gauche,0
111,3.700,1780168746,12,94,110,gauche,1
111,3.700,1780168746,13,52,15,gauche,1
111,3.700,1780168746,3,41,93,gauche,1
111,3.700,1780168746,9,118,-1,gauche,0
111,3.700,1780168746,7,163,-23,gauche,0
111,3.700,1780168746,8,149,-27,gauche,0
111,3.700,1780168746,1,371,11,gauche,1
111,3.700,1780168746,10,188,-49,gauche,0
111,3.700,1780168746,11,176,22,gauche,1
111,3.700,1780168746,2,206,542,droite,1
111,3.700,1780168746,4,-23,418,droite,0
111,3.700,1780168746,6,300,598,droite,1
111,3.700,1780168746,1,116,575,droite,1
111,3.700,1780168746,7,134,710,droite,1
112,3.733,1780168746,4,304,173,gauche,1
112,3.733,1780168746,18,126,166,gauche,1
112,3.733,1780168746,15,89,-30,gauche,0
112,3.733,1780168746,3,39,93,gauche,1
112,3.733,1780168746,12,94,113,gauche,1
112,3.733,1780168746,9,118,-1,gauche,0
112,3.733,1780168746,13,52,14,gauche,1
112,3.733,1780168746,7,163,-23,gauche,0
112,3.733,1780168746,8,150,-27,gauche,0
112,3.733,1780168746,1,372,10,gauche,1
112,3.733,1780168746,10,188,-49,gauche,0
112,3.733,1780168746,11,176,22,gauche,1
112,3.733,1780168746,2,206,545,droite,1
112,3.733,1780168746,4,-22,419,droite,0
112,3.733,1780168746,6,300,596,droite,1
112,3.733,1780168746,1,117,575,droite,1
112,3.733,1780168746,7,135,708,droite,1
113,3.767,1780168746,4,302,173,gauche,1
113,3.767,1780168746,18,126,165,gauche,1
113,3.767,1780168746,15,89,-30,gauche,0
113,3.767,1780168746,12,94,114,gauche,1
113,3.767,1780168746,3,38,94,gauche,1
113,3.767,1780168746,13,52,14,gauche,1
113,3.767,1780168746,9,118,-1,gauche,0
113,3.767,1780168746,7,163,-23,gauche,0
113,3.767,1780168746,1,372,12,gauche,1
113,3.767,1780168746,8,150,-28,gauche,0
113,3.767,1780168746,10,188,-49,gauche,0
113,3.767,1780168746,11,176,22,gauche,1
113,3.767,1780168746,4,-21,419,droite,0
113,3.767,1780168746,2,206,545,droite,1
113,3.767,1780168746,1,118,575,droite,1
113,3.767,1780168746,6,300,599,droite,1
113,3.767,1780168746,7,135,708,droite,1
114,3.800,1780168746,4,300,174,gauche,1
114,3.800,1780168746,18,126,162,gauche,1
114,3.800,1780168746,12,93,114,gauche,1
114,3.800,1780168746,15,89,-30,gauche,0
114,3.800,1780168746,3,37,95,gauche,1
114,3.800,1780168746,13,52,15,gauche,1
114,3.800,1780168746,9,119,-1,gauche,0
114,3.800,1780168746,1,373,11,gauche,1
114,3.800,1780168746,7,163,-23,gauche,0
114,3.800,1780168746,8,150,-27,gauche,0
114,3.800,1780168746,10,188,-49,gauche,0
114,3.800,1780168746,11,176,22,gauche,1
114,3.800,1780168746,4,-21,420,droite,0
114,3.800,1780168746,2,205,545,droite,1
114,3.800,1780168746,6,299,600,droite,1
114,3.800,1780168746,1,119,575,droite,1
114,3.800,1780168746,7,136,707,droite,1
115,3.833,1780168746,4,300,174,gauche,1
115,3.833,1780168746,18,126,162,gauche,1
115,3.833,1780168746,12,93,114,gauche,1
115,3.833,1780168746,15,89,-30,gauche,0
115,3.833,1780168746,3,37,95,gauche,1
115,3.833,1780168746,13,52,15,gauche,1
115,3.833,1780168746,9,119,-1,gauche,0
115,3.833,1780168746,1,373,11,gauche,1
115,3.833,1780168746,7,163,-23,gauche,0
115,3.833,1780168746,8,150,-27,gauche,0
115,3.833,1780168746,10,188,-49,gauche,0
115,3.833,1780168746,11,176,22,gauche,1
115,3.833,1780168746,4,-21,420,droite,0
115,3.833,1780168746,2,205,545,droite,1
115,3.833,1780168746,6,299,600,droite,1
115,3.833,1780168746,1,119,575,droite,1
115,3.833,1780168746,7,136,707,droite,1
116,3.867,1780168746,4,297,174,gauche,1
116,3.867,1780168746,18,125,160,gauche,1
116,3.867,1780168746,12,93,115,gauche,1
116,3.867,1780168746,15,89,-30,gauche,0
116,3.867,1780168746,3,36,96,gauche,1
116,3.867,1780168746,9,120,0,gauche,1
116,3.867,1780168746,13,52,15,gauche,1
116,3.867,1780168746,11,176,22,gauche,1
116,3.867,1780168746,1,374,13,gauche,1
116,3.867,1780168746,7,163,-23,gauche,0
116,3.867,1780168746,8,151,-27,gauche,0
116,3.867,1780168746,10,189,-49,gauche,0
116,3.867,1780168746,4,-21,421,droite,0
116,3.867,1780168746,2,205,545,droite,1
116,3.867,1780168746,6,298,601,droite,1
116,3.867,1780168746,1,120,575,droite,1
116,3.867,1780168746,7,136,706,droite,1
117,3.900,1780168746,4,296,174,gauche,1
117,3.900,1780168746,18,126,157,gauche,1
117,3.900,1780168746,12,93,116,gauche,1
117,3.900,1780168746,15,89,-30,gauche,0
117,3.900,1780168746,3,36,96,gauche,1
117,3.900,1780168746,11,176,23,gauche,1
117,3.900,1780168746,9,119,-1,gauche,0
117,3.900,1780168746,13,52,14,gauche,1
117,3.900,1780168746,8,150,-27,gauche,0
117,3.900,1780168746,1,374,14,gauche,1
117,3.900,1780168746,7,163,-23,gauche,0
117,3.900,1780168746,4,-22,423,droite,0
117,3.900,1780168746,2,206,546,droite,1
117,3.900,1780168746,6,297,601,droite,1
117,3.900,1780168746,1,122,575,droite,1
117,3.900,1780168746,7,136,707,droite,1
118,3.933,1780168746,4,295,174,gauche,1
118,3.933,1780168746,18,126,152,gauche,1
118,3.933,1780168746,12,93,115,gauche,1
118,3.933,1780168746,15,89,-30,gauche,0
118,3.933,1780168746,3,37,99,gauche,1
118,3.933,1780168746,11,176,22,gauche,1
118,3.933,1780168746,9,119,-1,gauche,0
118,3.933,1780168746,13,51,14,gauche,1
118,3.933,1780168746,7,163,-23,gauche,0
118,3.933,1780168746,1,373,17,gauche,1
118,3.933,1780168746,8,150,-27,gauche,0
118,3.933,1780168746,2,205,546,droite,1
118,3.933,1780168746,1,124,575,droite,1
118,3.933,1780168746,4,-22,424,droite,0
118,3.933,1780168746,6,297,601,droite,1
118,3.933,1780168746,7,136,707,droite,1
119,3.967,1780168746,4,294,174,gauche,1
119,3.967,1780168746,18,126,149,gauche,1
119,3.967,1780168746,12,93,115,gauche,1
119,3.967,1780168746,15,89,-30,gauche,0
119,3.967,1780168746,3,37,100,gauche,1
119,3.967,1780168746,11,177,22,gauche,1
119,3.967,1780168746,9,119,-1,gauche,0
119,3.967,1780168746,13,52,14,gauche,1
119,3.967,1780168746,1,372,17,gauche,1
119,3.967,1780168746,7,163,-23,gauche,0
119,3.967,1780168746,8,151,-27,gauche,0
119,3.967,1780168746,4,-23,426,droite,0
119,3.967,1780168746,1,126,575,droite,1
119,3.967,1780168746,2,205,546,droite,1
119,3.967,1780168746,6,296,602,droite,1
119,3.967,1780168746,7,136,707,droite,1
120,4.000,1780168747,4,293,174,gauche,1
120,4.000,1780168747,18,126,146,gauche,1
120,4.000,1780168747,12,93,115,gauche,1
120,4.000,1780168747,15,89,-30,gauche,0
120,4.000,1780168747,3,37,100,gauche,1
120,4.000,1780168747,11,177,22,gauche,1
120,4.000,1780168747,9,119,-1,gauche,0
120,4.000,1780168747,13,52,14,gauche,1
120,4.000,1780168747,1,372,17,gauche,1
120,4.000,1780168747,7,163,-23,gauche,0
120,4.000,1780168747,8,151,-28,gauche,0
120,4.000,1780168747,10,190,-48,gauche,0
120,4.000,1780168747,1,128,575,droite,1
120,4.000,1780168747,2,205,547,droite,1
120,4.000,1780168747,4,-24,429,droite,0
120,4.000,1780168747,6,295,601,droite,1
120,4.000,1780168747,7,137,707,droite,1
120,4.000,1780168747,3,-114,450,droite,0
121,4.033,1780168747,4,293,174,gauche,1
121,4.033,1780168747,18,126,146,gauche,1
121,4.033,1780168747,12,93,115,gauche,1
121,4.033,1780168747,15,89,-30,gauche,0
121,4.033,1780168747,3,37,100,gauche,1
121,4.033,1780168747,11,177,22,gauche,1
121,4.033,1780168747,9,119,-1,gauche,0
121,4.033,1780168747,13,52,14,gauche,1
121,4.033,1780168747,1,372,17,gauche,1
121,4.033,1780168747,7,163,-23,gauche,0
121,4.033,1780168747,8,151,-28,gauche,0
121,4.033,1780168747,10,190,-48,gauche,0
121,4.033,1780168747,1,128,575,droite,1
121,4.033,1780168747,2,205,547,droite,1
121,4.033,1780168747,4,-24,429,droite,0
121,4.033,1780168747,6,295,601,droite,1
121,4.033,1780168747,7,137,707,droite,1
121,4.033,1780168747,3,-114,450,droite,0
122,4.067,1780168747,4,292,174,gauche,1
122,4.067,1780168747,12,93,116,gauche,1
122,4.067,1780168747,18,126,146,gauche,1
122,4.067,1780168747,3,36,100,gauche,1
122,4.067,1780168747,11,177,23,gauche,1
122,4.067,1780168747,15,89,-30,gauche,0
122,4.067,1780168747,9,119,-1,gauche,0
122,4.067,1780168747,13,47,14,gauche,1
122,4.067,1780168747,7,163,-23,gauche,0
122,4.067,1780168747,1,372,19,gauche,1
122,4.067,1780168747,8,150,-29,gauche,0
122,4.067,1780168747,2,206,548,droite,1
122,4.067,1780168747,1,128,576,droite,1
122,4.067,1780168747,4,-25,432,droite,0
122,4.067,1780168747,6,293,601,droite,1
122,4.067,1780168747,7,138,706,droite,1
122,4.067,1780168747,3,-114,450,droite,0
123,4.100,1780168747,12,93,118,gauche,1
123,4.100,1780168747,4,292,174,gauche,1
123,4.100,1780168747,18,127,146,gauche,1
123,4.100,1780168747,3,36,100,gauche,1
123,4.100,1780168747,15,88,-31,gauche,0
123,4.100,1780168747,11,177,23,gauche,1
123,4.100,1780168747,9,119,-1,gauche,0
123,4.100,1780168747,13,47,14,gauche,1
123,4.100,1780168747,7,162,-23,gauche,0
123,4.100,1780168747,1,372,21,gauche,1
123,4.100,1780168747,4,-25,435,droite,0
123,4.100,1780168747,2,206,549,droite,1
123,4.100,1780168747,1,128,576,droite,1
123,4.100,1780168747,6,291,601,droite,1
123,4.100,1780168747,7,138,706,droite,1
124,4.133,1780168747,12,93,121,gauche,1
124,4.133,1780168747,4,291,172,gauche,1
124,4.133,1780168747,18,129,146,gauche,1
124,4.133,1780168747,3,36,100,gauche,1
124,4.133,1780168747,15,88,-31,gauche,0
124,4.133,1780168747,11,177,24,gauche,1
124,4.133,1780168747,13,47,14,gauche,1
124,4.133,1780168747,9,119,-1,gauche,0
124,4.133,1780168747,7,162,-23,gauche,0
124,4.133,1780168747,1,372,22,gauche,1
124,4.133,1780168747,8,150,-28,gauche,0
124,4.133,1780168747,10,190,-45,gauche,0
124,4.133,1780168747,2,206,553,droite,1
124,4.133,1780168747,4,-23,436,droite,0
124,4.133,1780168747,1,129,577,droite,1
124,4.133,1780168747,6,289,601,droite,1
124,4.133,1780168747,7,139,706,droite,1
124,4.133,1780168747,10,-116,776,droite,0
125,4.167,1780168747,12,93,122,gauche,1
125,4.167,1780168747,18,129,146,gauche,1
125,4.167,1780168747,4,290,171,gauche,1
125,4.167,1780168747,11,178,25,gauche,1
125,4.167,1780168747,15,88,-31,gauche,0
125,4.167,1780168747,3,36,100,gauche,1
125,4.167,1780168747,9,119,-1,gauche,0
125,4.167,1780168747,13,47,14,gauche,1
125,4.167,1780168747,7,162,-23,gauche,0
125,4.167,1780168747,1,372,23,gauche,1
125,4.167,1780168747,8,150,-28,gauche,0
125,4.167,1780168747,2,207,557,droite,1
125,4.167,1780168747,1,129,577,droite,1
125,4.167,1780168747,4,-22,436,droite,0
125,4.167,1780168747,6,288,602,droite,1
125,4.167,1780168747,7,140,705,droite,1
125,4.167,1780168747,10,-116,776,droite,0
126,4.200,1780168747,12,94,126,gauche,1
126,4.200,1780168747,18,129,146,gauche,1
126,4.200,1780168747,4,290,170,gauche,1
126,4.200,1780168747,15,88,-31,gauche,0
126,4.200,1780168747,11,178,25,gauche,1
126,4.200,1780168747,3,35,100,gauche,1
126,4.200,1780168747,9,120,0,gauche,1
126,4.200,1780168747,7,162,-23,gauche,0
126,4.200,1780168747,13,52,14,gauche,1
126,4.200,1780168747,8,151,-27,gauche,0
126,4.200,1780168747,1,373,23,gauche,1
126,4.200,1780168747,2,207,561,droite,1
126,4.200,1780168747,4,-20,436,droite,0
126,4.200,1780168747,1,130,579,droite,1
126,4.200,1780168747,6,288,603,droite,1
126,4.200,1780168747,7,141,702,droite,1
126,4.200,1780168747,10,-117,776,droite,0
127,4.233,1780168747,12,94,126,gauche,1
127,4.233,1780168747,18,129,146,gauche,1
127,4.233,1780168747,4,290,170,gauche,1
127,4.233,1780168747,15,88,-31,gauche,0
127,4.233,1780168747,11,178,25,gauche,1
127,4.233,1780168747,3,35,101,gauche,1
127,4.233,1780168747,9,120,0,gauche,1
127,4.233,1780168747,13,47,14,gauche,1
127,4.233,1780168747,7,162,-23,gauche,0
127,4.233,1780168747,8,151,-27,gauche,0
127,4.233,1780168747,1,373,23,gauche,1
127,4.233,1780168747,2,207,561,droite,1
127,4.233,1780168747,4,-20,436,droite,0
127,4.233,1780168747,1,130,579,droite,1
127,4.233,1780168747,6,288,603,droite,1
127,4.233,1780168747,7,141,702,droite,1
127,4.233,1780168747,10,-117,776,droite,0
128,4.267,1780168747,12,94,128,gauche,1
128,4.267,1780168747,18,130,145,gauche,1
128,4.267,1780168747,4,289,169,gauche,1
128,4.267,1780168747,15,88,-31,gauche,0
128,4.267,1780168747,3,35,101,gauche,1
128,4.267,1780168747,11,179,25,gauche,1
128,4.267,1780168747,7,162,-23,gauche,0
128,4.267,1780168747,9,119,-1,gauche,0
128,4.267,1780168747,13,48,14,gauche,1
128,4.267,1780168747,8,151,-28,gauche,0
128,4.267,1780168747,1,373,22,gauche,1
128,4.267,1780168747,4,-19,437,droite,0
128,4.267,1780168747,2,208,565,droite,1
128,4.267,1780168747,1,131,580,droite,1
128,4.267,1780168747,6,288,605,droite,1
128,4.267,1780168747,7,141,699,droite,1
128,4.267,1780168747,10,-117,776,droite,0
129,4.300,1780168747,12,94,131,gauche,1
129,4.300,1780168747,18,131,144,gauche,1
129,4.300,1780168747,4,288,169,gauche,1
129,4.300,1780168747,15,88,-31,gauche,0
129,4.300,1780168747,3,35,101,gauche,1
129,4.300,1780168747,13,52,15,gauche,1
129,4.300,1780168747,11,179,25,gauche,1
129,4.300,1780168747,9,119,-1,gauche,0
129,4.300,1780168747,7,162,-23,gauche,0
129,4.300,1780168747,8,150,-27,gauche,0
129,4.300,1780168747,1,373,22,gauche,1
129,4.300,1780168747,4,-18,437,droite,0
129,4.300,1780168747,2,208,566,droite,1
129,4.300,1780168747,6,287,606,droite,1
129,4.300,1780168747,1,132,582,droite,1
129,4.300,1780168747,7,142,696,droite,1
129,4.300,1780168747,10,-117,777,droite,0
130,4.333,1780168747,12,95,132,gauche,1
130,4.333,1780168747,4,286,169,gauche,1
130,4.333,1780168747,18,130,142,gauche,1
130,4.333,1780168747,15,88,-31,gauche,0
130,4.333,1780168747,3,35,101,gauche,1
130,4.333,1780168747,11,179,25,gauche,1
130,4.333,1780168747,13,52,14,gauche,1
130,4.333,1780168747,7,162,-23,gauche,0
130,4.333,1780168747,9,119,-1,gauche,0
130,4.333,1780168747,8,150,-27,gauche,0
130,4.333,1780168747,1,374,21,gauche,1
130,4.333,1780168747,10,474,395,gauche,0
130,4.333,1780168747,4,-17,437,droite,0
130,4.333,1780168747,2,209,566,droite,1
130,4.333,1780168747,6,287,608,droite,1
130,4.333,1780168747,1,132,584,droite,1
130,4.333,1780168747,7,142,698,droite,1
130,4.333,1780168747,10,-117,777,droite,0
131,4.367,1780168747,12,94,133,gauche,1
131,4.367,1780168747,4,284,169,gauche,1
131,4.367,1780168747,18,130,139,gauche,1
131,4.367,1780168747,15,88,-31,gauche,0
131,4.367,1780168747,3,35,101,gauche,1
131,4.367,1780168747,11,179,24,gauche,1
131,4.367,1780168747,13,52,14,gauche,1
131,4.367,1780168747,7,162,-23,gauche,0
131,4.367,1780168747,9,119,-1,gauche,0
131,4.367,1780168747,8,150,-27,gauche,0
131,4.367,1780168747,1,374,22,gauche,1
131,4.367,1780168747,10,474,395,gauche,0
131,4.367,1780168747,4,-17,437,droite,0
131,4.367,1780168747,2,210,566,droite,1
131,4.367,1780168747,6,287,611,droite,1
131,4.367,1780168747,1,133,585,droite,1
131,4.367,1780168747,7,142,707,droite,1
131,4.367,1780168747,10,-117,777,droite,0
132,4.400,1780168747,4,282,169,gauche,1
132,4.400,1780168747,12,94,133,gauche,1
132,4.400,1780168747,18,130,135,gauche,1
132,4.400,1780168747,15,88,-31,gauche,0
132,4.400,1780168747,3,35,101,gauche,1
132,4.400,1780168747,11,179,25,gauche,1
132,4.400,1780168747,13,52,14,gauche,1
132,4.400,1780168747,9,118,-1,gauche,0
132,4.400,1780168747,8,150,-28,gauche,0
132,4.400,1780168747,7,162,-23,gauche,0
132,4.400,1780168747,1,374,22,gauche,1
132,4.400,1780168747,10,473,395,gauche,0
132,4.400,1780168747,19,189,-49,gauche,0
132,4.400,1780168747,4,-16,437,droite,0
132,4.400,1780168747,2,211,567,droite,1
132,4.400,1780168747,6,287,614,droite,1
132,4.400,1780168747,1,135,586,droite,1
132,4.400,1780168747,7,143,698,droite,1
132,4.400,1780168747,10,-117,777,droite,0
133,4.433,1780168747,4,282,169,gauche,1
133,4.433,1780168747,12,94,133,gauche,1
133,4.433,1780168747,18,130,135,gauche,1
133,4.433,1780168747,15,88,-31,gauche,0
133,4.433,1780168747,3,35,101,gauche,1
133,4.433,1780168747,11,179,25,gauche,1
133,4.433,1780168747,13,52,14,gauche,1
133,4.433,1780168747,9,118,-1,gauche,0
133,4.433,1780168747,8,150,-28,gauche,0
133,4.433,1780168747,7,162,-23,gauche,0
133,4.433,1780168747,1,374,22,gauche,1
133,4.433,1780168747,10,473,395,gauche,0
133,4.433,1780168747,19,189,-49,gauche,0
133,4.433,1780168747,4,-16,437,droite,0
133,4.433,1780168747,2,211,567,droite,1
133,4.433,1780168747,6,287,614,droite,1
133,4.433,1780168747,1,135,586,droite,1
133,4.433,1780168747,7,143,698,droite,1
133,4.433,1780168747,10,-117,777,droite,0
134,4.467,1780168747,4,280,169,gauche,1
134,4.467,1780168747,12,93,133,gauche,1
134,4.467,1780168747,18,130,132,gauche,1
134,4.467,1780168747,15,88,-31,gauche,0
134,4.467,1780168747,11,180,24,gauche,1
134,4.467,1780168747,3,34,101,gauche,1
134,4.467,1780168747,13,52,14,gauche,1
134,4.467,1780168747,8,149,-27,gauche,0
134,4.467,1780168747,7,162,-23,gauche,0
134,4.467,1780168747,9,118,-1,gauche,0
134,4.467,1780168747,1,374,24,gauche,1
134,4.467,1780168747,19,189,-49,gauche,0
134,4.467,1780168747,10,474,395,gauche,0
134,4.467,1780168747,4,-16,438,droite,0
134,4.467,1780168747,2,211,567,droite,1
134,4.467,1780168747,6,286,617,droite,1
134,4.467,1780168747,1,137,587,droite,1
134,4.467,1780168747,7,143,693,droite,1
134,4.467,1780168747,10,-117,777,droite,0
135,4.500,1780168747,4,279,169,gauche,1
135,4.500,1780168747,12,93,133,gauche,1
135,4.500,1780168747,18,131,129,gauche,1
135,4.500,1780168747,15,89,-31,gauche,0
135,4.500,1780168747,11,181,23,gauche,1
135,4.500,1780168747,3,34,101,gauche,1
135,4.500,1780168747,13,52,14,gauche,1
135,4.500,1780168747,8,149,-26,gauche,0
135,4.500,1780168747,9,118,-1,gauche,0
135,4.500,1780168747,7,162,-23,gauche,0
135,4.500,1780168747,1,375,24,gauche,1
135,4.500,1780168747,10,474,395,gauche,0
135,4.500,1780168747,19,189,-49,gauche,0
135,4.500,1780168747,4,-16,439,droite,0
135,4.500,1780168747,2,212,567,droite,1
135,4.500,1780168747,6,285,617,droite,1
135,4.500,1780168747,1,139,587,droite,1
135,4.500,1780168747,7,144,692,droite,1
136,4.533,1780168747,4,279,168,gauche,1
136,4.533,1780168747,12,93,133,gauche,1
136,4.533,1780168747,18,130,127,gauche,1
136,4.533,1780168747,15,89,-31,gauche,0
136,4.533,1780168747,3,34,101,gauche,1
136,4.533,1780168747,11,181,23,gauche,1
136,4.533,1780168747,13,52,14,gauche,1
136,4.533,1780168747,9,118,-1,gauche,0
136,4.533,1780168747,7,162,-23,gauche,0
136,4.533,1780168747,8,149,-27,gauche,0
136,4.533,1780168747,1,375,24,gauche,1
136,4.533,1780168747,10,474,395,gauche,0
136,4.533,1780168747,19,188,-49,gauche,0
136,4.533,1780168747,20,44,-56,gauche,0
136,4.533,1780168747,4,-16,441,droite,0
136,4.533,1780168747,2,212,567,droite,1
136,4.533,1780168747,6,284,617,droite,1
136,4.533,1780168747,1,141,587,droite,1
136,4.533,1780168747,7,144,692,droite,1
137,4.567,1780168747,4,279,168,gauche,1
137,4.567,1780168747,12,93,133,gauche,1
137,4.567,1780168747,18,130,127,gauche,1
137,4.567,1780168747,15,88,-31,gauche,0
137,4.567,1780168747,3,33,100,gauche,1
137,4.567,1780168747,11,183,23,gauche,1
137,4.567,1780168747,13,52,14,gauche,1
137,4.567,1780168747,7,162,-23,gauche,0
137,4.567,1780168747,9,118,-1,gauche,0
137,4.567,1780168747,8,148,-27,gauche,0
137,4.567,1780168747,1,375,25,gauche,1
137,4.567,1780168747,10,474,395,gauche,0
137,4.567,1780168747,4,-16,443,droite,0
137,4.567,1780168747,2,212,568,droite,1
137,4.567,1780168747,1,143,587,droite,1
137,4.567,1780168747,6,282,617,droite,1
137,4.567,1780168747,7,144,692,droite,1
137,4.567,1780168747,10,-118,776,droite,0
138,4.600,1780168747,4,279,166,gauche,1
138,4.600,1780168747,12,92,133,gauche,1
138,4.600,1780168747,18,131,127,gauche,1
138,4.600,1780168747,3,33,101,gauche,1
138,4.600,1780168747,15,88,-31,gauche,0
138,4.600,1780168747,11,183,23,gauche,1
138,4.600,1780168747,13,52,14,gauche,1
138,4.600,1780168747,7,161,-23,gauche,0
138,4.600,1780168747,9,118,0,gauche,1
138,4.600,1780168747,8,148,-27,gauche,0
138,4.600,1780168747,1,375,26,gauche,1
138,4.600,1780168747,10,473,395,gauche,0
138,4.600,1780168747,19,188,-49,gauche,0
138,4.600,1780168747,2,212,571,droite,1
138,4.600,1780168747,4,-16,445,droite,0
138,4.600,1780168747,1,143,588,droite,1
138,4.600,1780168747,6,279,617,droite,1
138,4.600,1780168747,7,145,692,droite,1
138,4.600,1780168747,10,-118,776,droite,0
139,4.633,1780168747,4,279,166,gauche,1
139,4.633,1780168747,12,92,133,gauche,1
139,4.633,1780168747,18,131,127,gauche,1
139,4.633,1780168747,3,33,101,gauche,1
139,4.633,1780168747,15,88,-31,gauche,0
139,4.633,1780168747,11,183,23,gauche,1
139,4.633,1780168747,13,52,14,gauche,1
139,4.633,1780168747,7,161,-23,gauche,0
139,4.633,1780168747,9,118,0,gauche,1
139,4.633,1780168747,8,148,-27,gauche,0
139,4.633,1780168747,1,375,26,gauche,1
139,4.633,1780168747,10,473,395,gauche,0
139,4.633,1780168747,19,188,-50,gauche,0
139,4.633,1780168747,4,-16,445,droite,0
139,4.633,1780168747,2,212,571,droite,1
139,4.633,1780168747,1,143,588,droite,1
139,4.633,1780168747,6,279,617,droite,1
139,4.633,1780168747,7,145,692,droite,1
139,4.633,1780168747,10,-118,776,droite,0
140,4.667,1780168747,4,278,165,gauche,1
140,4.667,1780168747,12,93,133,gauche,1
140,4.667,1780168747,18,130,127,gauche,1
140,4.667,1780168747,3,33,101,gauche,1
140,4.667,1780168747,15,88,-31,gauche,0
140,4.667,1780168747,11,184,24,gauche,1
140,4.667,1780168747,13,51,14,gauche,1
140,4.667,1780168747,7,161,-23,gauche,0
140,4.667,1780168747,9,118,0,gauche,1
140,4.667,1780168747,1,375,29,gauche,1
140,4.667,1780168747,8,149,-27,gauche,0
140,4.667,1780168747,10,473,395,gauche,0
140,4.667,1780168747,6,278,617,droite,1
140,4.667,1780168747,2,213,573,droite,1
140,4.667,1780168747,4,-17,447,droite,0
140,4.667,1780168747,1,144,588,droite,1
140,4.667,1780168747,7,145,692,droite,1
140,4.667,1780168747,10,-118,776,droite,0
141,4.700,1780168747,4,278,164,gauche,1
141,4.700,1780168747,12,92,134,gauche,1
141,4.700,1780168747,18,130,127,gauche,1
141,4.700,1780168747,3,33,101,gauche,1
141,4.700,1780168747,15,88,-31,gauche,0
141,4.700,1780168747,11,183,24,gauche,1
141,4.700,1780168747,13,51,14,gauche,1
141,4.700,1780168747,7,161,-23,gauche,0
141,4.700,1780168747,8,148,-27,gauche,0
141,4.700,1780168747,1,374,33,gauche,1
141,4.700,1780168747,9,119,0,gauche,1
141,4.700,1780168747,10,473,395,gauche,0
141,4.700,1780168747,20,43,-56,gauche,0
141,4.700,1780168747,4,-18,450,droite,0
141,4.700,1780168747,1,144,589,droite,1
141,4.700,1780168747,2,214,578,droite,1
141,4.700,1780168747,6,276,616,droite,1
141,4.700,1780168747,7,146,692,droite,1
141,4.700,1780168747,10,-118,776,droite,0
142,4.733,1780168747,4,277,163,gauche,1
142,4.733,1780168747,12,93,137,gauche,1
142,4.733,1780168747,18,130,127,gauche,1
142,4.733,1780168747,3,33,101,gauche,1
142,4.733,1780168747,15,88,-31,gauche,0
142,4.733,1780168747,11,183,23,gauche,1
142,4.733,1780168747,13,51,14,gauche,1
142,4.733,1780168747,7,161,-23,gauche,0
142,4.733,1780168747,1,373,37,gauche,1
142,4.733,1780168747,9,119,2,gauche,1
142,4.733,1780168747,8,148,-27,gauche,0
142,4.733,1780168747,10,473,395,gauche,0
142,4.733,1780168747,4,-18,451,droite,0
142,4.733,1780168747,2,213,582,droite,1
142,4.733,1780168747,1,144,591,droite,1
142,4.733,1780168747,6,276,617,droite,1
142,4.733,1780168747,7,147,692,droite,1
142,4.733,1780168747,10,-118,776,droite,0
143,4.767,1780168747,4,276,163,gauche,1
143,4.767,1780168747,12,94,140,gauche,1
143,4.767,1780168747,18,130,127,gauche,1
143,4.767,1780168747,3,33,101,gauche,1
143,4.767,1780168747,15,88,-31,gauche,0
143,4.767,1780168747,11,184,24,gauche,1
143,4.767,1780168747,13,51,14,gauche,1
143,4.767,1780168747,7,160,-23,gauche,0
143,4.767,1780168747,1,373,38,gauche,1
143,4.767,1780168747,9,118,1,gauche,1
143,4.767,1780168747,8,147,-27,gauche,0
143,4.767,1780168747,19,187,-50,gauche,0
143,4.767,1780168747,10,473,395,gauche,0
143,4.767,1780168747,2,213,586,droite,1
143,4.767,1780168747,4,-18,451,droite,0
143,4.767,1780168747,1,144,593,droite,1
143,4.767,1780168747,6,276,619,droite,1
143,4.767,1780168747,7,148,692,droite,1
143,4.767,1780168747,10,-118,777,droite,0
144,4.800,1780168747,12,95,142,gauche,1
144,4.800,1780168747,4,276,162,gauche,1
144,4.800,1780168747,3,32,101,gauche,1
144,4.800,1780168747,18,131,127,gauche,1
144,4.800,1780168747,15,88,-31,gauche,0
144,4.800,1780168747,9,118,-1,gauche,0
144,4.800,1780168747,7,160,-22,gauche,0
144,4.800,1780168747,13,51,14,gauche,1
144,4.800,1780168747,11,184,25,gauche,1
144,4.800,1780168747,1,374,39,gauche,1
144,4.800,1780168747,8,148,-26,gauche,0
144,4.800,1780168747,19,187,-51,gauche,0
144,4.800,1780168747,20,42,-54,gauche,0
144,4.800,1780168747,6,276,620,droite,1
144,4.800,1780168747,2,214,587,droite,1
144,4.800,1780168747,4,-18,451,droite,0
144,4.800,1780168747,1,145,596,droite,1
144,4.800,1780168747,7,148,692,droite,1
144,4.800,1780168747,10,-118,777,droite,0
145,4.833,1780168747,12,95,142,gauche,1
145,4.833,1780168747,4,276,162,gauche,1
145,4.833,1780168747,18,131,127,gauche,1
145,4.833,1780168747,3,32,101,gauche,1
145,4.833,1780168747,15,88,-31,gauche,0
145,4.833,1780168747,9,118,-1,gauche,0
145,4.833,1780168747,11,184,25,gauche,1
145,4.833,1780168747,7,160,-22,gauche,0
145,4.833,1780168747,13,51,14,gauche,1
145,4.833,1780168747,1,374,39,gauche,1
145,4.833,1780168747,8,148,-26,gauche,0
145,4.833,1780168747,19,187,-52,gauche,0
145,4.833,1780168747,20,42,-54,gauche,0
145,4.833,1780168747,6,276,620,droite,1
145,4.833,1780168747,2,214,587,droite,1
145,4.833,1780168747,4,-18,451,droite,0
145,4.833,1780168747,1,145,596,droite,1
145,4.833,1780168747,7,148,692,droite,1
145,4.833,1780168747,10,-118,777,droite,0
146,4.867,1780168747,12,96,144,gauche,1
146,4.867,1780168747,4,274,161,gauche,1
146,4.867,1780168747,3,32,101,gauche,1
146,4.867,1780168747,18,131,126,gauche,1
146,4.867,1780168747,15,88,-31,gauche,0
146,4.867,1780168747,11,183,24,gauche,1
146,4.867,1780168747,1,373,40,gauche,1
146,4.867,1780168747,7,160,-22,gauche,0
146,4.867,1780168747,13,51,14,gauche,1
146,4.867,1780168747,9,118,-2,gauche,0
146,4.867,1780168747,8,147,-27,gauche,0
146,4.867,1780168747,20,42,-55,gauche,0
146,4.867,1780168747,2,214,588,droite,1
146,4.867,1780168747,4,-17,451,droite,0
146,4.867,1780168747,1,146,599,droite,1
146,4.867,1780168747,6,275,621,droite,1
146,4.867,1780168747,7,150,692,droite,1
146,4.867,1780168747,10,-118,776,droite,0
147,4.900,1780168747,4,273,162,gauche,1
147,4.900,1780168747,12,96,146,gauche,1
147,4.900,1780168747,3,32,101,gauche,1
147,4.900,1780168747,15,88,-31,gauche,0
147,4.900,1780168747,18,131,118,gauche,1
147,4.900,1780168747,1,373,42,gauche,1
147,4.900,1780168747,13,51,14,gauche,1
147,4.900,1780168747,7,159,-21,gauche,0
147,4.900,1780168747,11,183,24,gauche,1
147,4.900,1780168747,9,117,-4,gauche,0
147,4.900,1780168747,8,147,-27,gauche,0
147,4.900,1780168747,20,41,-55,gauche,0
147,4.900,1780168747,2,214,587,droite,1
147,4.900,1780168747,4,-17,451,droite,0
147,4.900,1780168747,6,274,624,droite,1
147,4.900,1780168747,1,147,600,droite,1
147,4.900,1780168747,7,151,692,droite,1
147,4.900,1780168747,10,-117,777,droite,0
148,4.933,1780168747,4,272,162,gauche,1
148,4.933,1780168747,12,96,146,gauche,1
148,4.933,1780168747,3,32,101,gauche,1
148,4.933,1780168747,15,88,-31,gauche,0
148,4.933,1780168747,18,129,106,gauche,1
148,4.933,1780168747,1,373,43,gauche,1
148,4.933,1780168747,7,159,-20,gauche,0
148,4.933,1780168747,13,50,14,gauche,1
148,4.933,1780168747,11,183,25,gauche,1
148,4.933,1780168747,8,145,-27,gauche,0
148,4.933,1780168747,9,118,-1,gauche,0
148,4.933,1780168747,20,41,-55,gauche,0
148,4.933,1780168747,2,214,587,droite,1
148,4.933,1780168747,4,-16,451,droite,0
148,4.933,1780168747,1,148,600,droite,1
148,4.933,1780168747,6,273,628,droite,1
148,4.933,1780168747,7,151,692,droite,1
148,4.933,1780168747,10,-118,777,droite,0
149,4.967,1780168747,4,271,162,gauche,1
149,4.967,1780168747,12,97,146,gauche,1
149,4.967,1780168747,3,31,100,gauche,1
149,4.967,1780168747,18,131,112,gauche,1
149,4.967,1780168747,15,88,-31,gauche,0
149,4.967,1780168747,1,373,43,gauche,1
149,4.967,1780168747,7,159,-18,gauche,0
149,4.967,1780168747,13,50,14,gauche,1
149,4.967,1780168747,11,183,25,gauche,1
149,4.967,1780168747,9,118,0,gauche,1
149,4.967,1780168747,8,145,-27,gauche,0
149,4.967,1780168747,20,41,-55,gauche,0
149,4.967,1780168747,19,10,-55,gauche,0
149,4.967,1780168747,4,-15,451,droite,0
149,4.967,1780168747,2,214,587,droite,1
149,4.967,1780168747,6,272,629,droite,1
149,4.967,1780168747,1,149,600,droite,1
149,4.967,1780168747,7,152,692,droite,1
149,4.967,1780168747,10,-117,777,droite,0
150,5.000,1780168748,12,97,146,gauche,1
150,5.000,1780168748,4,270,162,gauche,1
150,5.000,1780168748,3,31,100,gauche,1
150,5.000,1780168748,18,131,108,gauche,1
150,5.000,1780168748,15,89,-31,gauche,0
150,5.000,1780168748,1,373,43,gauche,1
150,5.000,1780168748,7,159,-17,gauche,0
150,5.000,1780168748,13,48,14,gauche,1
150,5.000,1780168748,11,186,25,gauche,1
150,5.000,1780168748,9,117,0,gauche,1
150,5.000,1780168748,8,147,-27,gauche,0
150,5.000,1780168748,20,40,-55,gauche,0
150,5.000,1780168748,10,127,82,gauche,1
150,5.000,1780168748,2,215,587,droite,1
150,5.000,1780168748,4,-14,451,droite,0
150,5.000,1780168748,1,150,600,droite,1
150,5.000,1780168748,6,270,630,droite,1
150,5.000,1780168748,7,152,693,droite,1
150,5.000,1780168748,10,-117,776,droite,0
151,5.033,1780168748,12,97,146,gauche,1
151,5.033,1780168748,4,271,162,gauche,1
151,5.033,1780168748,3,31,100,gauche,1
151,5.033,1780168748,18,131,108,gauche,1
151,5.033,1780168748,15,89,-31,gauche,0
151,5.033,1780168748,1,373,43,gauche,1
151,5.033,1780168748,7,159,-17,gauche,0
151,5.033,1780168748,13,48,14,gauche,1
151,5.033,1780168748,9,117,0,gauche,1
151,5.033,1780168748,11,185,25,gauche,1
151,5.033,1780168748,8,147,-26,gauche,0
151,5.033,1780168748,20,41,-55,gauche,0
151,5.033,1780168748,10,127,82,gauche,1
151,5.033,1780168748,2,215,587,droite,1
151,5.033,1780168748,4,-14,451,droite,0
151,5.033,1780168748,1,150,600,droite,1
151,5.033,1780168748,6,270,630,droite,1
151,5.033,1780168748,7,152,693,droite,1
151,5.033,1780168748,10,-117,776,droite,0
152,5.067,1780168748,4,270,161,gauche,1
152,5.067,1780168748,12,98,146,gauche,1
152,5.067,1780168748,18,131,106,gauche,1
152,5.067,1780168748,3,30,99,gauche,1
152,5.067,1780168748,15,89,-31,gauche,0
152,5.067,1780168748,7,160,-16,gauche,0
152,5.067,1780168748,11,186,24,gauche,1
152,5.067,1780168748,1,374,43,gauche,1
152,5.067,1780168748,13,47,14,gauche,1
152,5.067,1780168748,8,147,-27,gauche,0
152,5.067,1780168748,20,40,-54,gauche,0
152,5.067,1780168748,9,117,0,gauche,1
152,5.067,1780168748,4,-13,452,droite,0
152,5.067,1780168748,2,215,588,droite,1
152,5.067,1780168748,6,270,631,droite,1
152,5.067,1780168748,1,151,600,droite,1
152,5.067,1780168748,7,152,693,droite,1
152,5.067,1780168748,10,-117,776,droite,0
153,5.100,1780168748,4,269,160,gauche,1
153,5.100,1780168748,12,98,146,gauche,1
153,5.100,1780168748,18,131,106,gauche,1
153,5.100,1780168748,3,29,98,gauche,1
153,5.100,1780168748,15,89,-31,gauche,0
153,5.100,1780168748,13,47,15,gauche,1
153,5.100,1780168748,11,185,23,gauche,1
153,5.100,1780168748,1,374,43,gauche,1
153,5.100,1780168748,7,160,-15,gauche,0
153,5.100,1780168748,8,147,-26,gauche,0
153,5.100,1780168748,9,117,0,gauche,1
153,5.100,1780168748,20,40,-54,gauche,0
153,5.100,1780168748,4,-13,452,droite,0
153,5.100,1780168748,6,270,631,droite,1
153,5.100,1780168748,2,215,591,droite,1
153,5.100,1780168748,1,152,600,droite,1
153,5.100,1780168748,7,152,692,droite,1
153,5.100,1780168748,10,-116,776,droite,0
154,5.133,1780168748,4,269,160,gauche,1
154,5.133,1780168748,12,99,147,gauche,1
154,5.133,1780168748,18,132,105,gauche,1
154,5.133,1780168748,3,29,98,gauche,1
154,5.133,1780168748,15,89,-31,gauche,0
154,5.133,1780168748,7,160,-15,gauche,0
154,5.133,1780168748,13,47,18,gauche,1
154,5.133,1780168748,1,375,43,gauche,1
154,5.133,1780168748,11,184,22,gauche,1
154,5.133,1780168748,8,147,-27,gauche,0
154,5.133,1780168748,9,116,0,gauche,1
154,5.133,1780168748,20,40,-54,gauche,0
154,5.133,1780168748,4,-13,452,droite,0
154,5.133,1780168748,1,153,600,droite,1
154,5.133,1780168748,2,215,605,droite,1
154,5.133,1780168748,6,267,632,droite,1
154,5.133,1780168748,7,152,692,droite,1
154,5.133,1780168748,10,-116,776,droite,0
155,5.167,1780168748,4,268,159,gauche,1
155,5.167,1780168748,12,100,147,gauche,1
155,5.167,1780168748,18,132,105,gauche,1
155,5.167,1780168748,3,29,98,gauche,1
155,5.167,1780168748,15,89,-31,gauche,0
155,5.167,1780168748,1,375,44,gauche,1
155,5.167,1780168748,7,159,-15,gauche,0
155,5.167,1780168748,11,184,21,gauche,1
155,5.167,1780168748,13,48,20,gauche,1
155,5.167,1780168748,8,144,-28,gauche,0
155,5.167,1780168748,20,40,-54,gauche,0
155,5.167,1780168748,4,-13,454,droite,0
155,5.167,1780168748,1,155,601,droite,1
155,5.167,1780168748,2,215,595,droite,1
155,5.167,1780168748,6,268,632,droite,1
155,5.167,1780168748,7,152,692,droite,1
155,5.167,1780168748,10,-116,776,droite,0
156,5.200,1780168748,4,267,159,gauche,1
156,5.200,1780168748,12,100,149,gauche,1
156,5.200,1780168748,3,28,98,gauche,1
156,5.200,1780168748,18,132,105,gauche,1
156,5.200,1780168748,15,89,-31,gauche,0
156,5.200,1780168748,11,183,19,gauche,1
156,5.200,1780168748,1,376,44,gauche,1
156,5.200,1780168748,7,159,-15,gauche,0
156,5.200,1780168748,13,48,21,gauche,1
156,5.200,1780168748,8,144,-28,gauche,0
156,5.200,1780168748,20,40,-54,gauche,0
156,5.200,1780168748,9,116,-1,gauche,0
156,5.200,1780168748,4,-13,455,droite,0
156,5.200,1780168748,1,155,602,droite,1
156,5.200,1780168748,2,215,600,droite,1
156,5.200,1780168748,6,267,633,droite,1
156,5.200,1780168748,7,153,694,droite,1
156,5.200,1780168748,10,-115,777,droite,0
157,5.233,1780168748,4,267,159,gauche,1
157,5.233,1780168748,12,100,149,gauche,1
157,5.233,1780168748,3,28,98,gauche,1
157,5.233,1780168748,18,132,105,gauche,1
157,5.233,1780168748,15,89,-31,gauche,0
157,5.233,1780168748,11,183,19,gauche,1
157,5.233,1780168748,1,376,44,gauche,1
157,5.233,1780168748,7,159,-15,gauche,0
157,5.233,1780168748,13,48,21,gauche,1
157,5.233,1780168748,8,144,-28,gauche,0
157,5.233,1780168748,20,40,-54,gauche,0
157,5.233,1780168748,9,116,-1,gauche,0
157,5.233,1780168748,4,-13,455,droite,0
157,5.233,1780168748,1,155,602,droite,1
157,5.233,1780168748,2,215,600,droite,1
157,5.233,1780168748,6,267,633,droite,1
157,5.233,1780168748,7,153,694,droite,1
157,5.233,1780168748,10,-115,777,droite,0
158,5.267,1780168748,12,101,151,gauche,1
158,5.267,1780168748,4,267,157,gauche,1
158,5.267,1780168748,18,132,105,gauche,1
158,5.267,1780168748,3,28,98,gauche,1
158,5.267,1780168748,15,89,-30,gauche,0
158,5.267,1780168748,11,182,18,gauche,1
158,5.267,1780168748,1,376,46,gauche,1
158,5.267,1780168748,7,159,-14,gauche,0
158,5.267,1780168748,13,48,21,gauche,1
158,5.267,1780168748,8,143,-28,gauche,0
158,5.267,1780168748,20,40,-53,gauche,0
158,5.267,1780168748,4,-13,456,droite,0
158,5.267,1780168748,1,156,601,droite,1
158,5.267,1780168748,2,216,602,droite,1
158,5.267,1780168748,6,266,636,droite,1
158,5.267,1780168748,7,154,693,droite,1
158,5.267,1780168748,10,-116,776,droite,0
159,5.300,1780168748,12,102,154,gauche,1
159,5.300,1780168748,4,266,153,gauche,1
159,5.300,1780168748,3,28,98,gauche,1
159,5.300,1780168748,18,132,105,gauche,1
159,5.300,1780168748,15,89,-31,gauche,0
159,5.300,1780168748,11,182,17,gauche,1
159,5.300,1780168748,7,159,-15,gauche,0
159,5.300,1780168748,13,48,23,gauche,1
159,5.300,1780168748,8,143,-28,gauche,0
159,5.300,1780168748,1,376,48,gauche,1
159,5.300,1780168748,20,40,-53,gauche,0
159,5.300,1780168748,4,-14,457,droite,0
159,5.300,1780168748,1,157,602,droite,1
159,5.300,1780168748,6,265,639,droite,1
159,5.300,1780168748,2,215,608,droite,1
159,5.300,1780168748,7,155,693,droite,1
159,5.300,1780168748,10,-116,776,droite,0
160,5.333,1780168748,12,102,156,gauche,1
160,5.333,1780168748,4,265,150,gauche,1
160,5.333,1780168748,3,28,98,gauche,1
160,5.333,1780168748,18,133,105,gauche,1
160,5.333,1780168748,11,182,16,gauche,1
160,5.333,1780168748,15,89,-30,gauche,0
160,5.333,1780168748,7,159,-15,gauche,0
160,5.333,1780168748,1,376,50,gauche,1
160,5.333,1780168748,13,48,23,gauche,1
160,5.333,1780168748,8,145,-27,gauche,0
160,5.333,1780168748,20,40,-54,gauche,0
160,5.333,1780168748,9,118,-1,gauche,0
160,5.333,1780168748,4,-14,460,droite,0
160,5.333,1780168748,1,158,603,droite,1
160,5.333,1780168748,2,216,608,droite,1
160,5.333,1780168748,6,264,643,droite,1
160,5.333,1780168748,7,155,695,droite,1
160,5.333,1780168748,10,-116,776,droite,0
161,5.367,1780168748,12,102,158,gauche,1
161,5.367,1780168748,4,265,148,gauche,1
161,5.367,1780168748,3,28,98,gauche,1
161,5.367,1780168748,18,133,104,gauche,1
161,5.367,1780168748,15,90,-30,gauche,0
161,5.367,1780168748,11,181,15,gauche,1
161,5.367,1780168748,7,159,-14,gauche,0
161,5.367,1780168748,1,375,53,gauche,1
161,5.367,1780168748,8,144,-28,gauche,0
161,5.367,1780168748,13,47,23,gauche,1
161,5.367,1780168748,9,117,-1,gauche,0
161,5.367,1780168748,20,40,-54,gauche,0
161,5.367,1780168748,4,-15,462,droite,0
161,5.367,1780168748,1,158,606,droite,1
161,5.367,1780168748,2,216,608,droite,1
161,5.367,1780168748,6,264,647,droite,1
161,5.367,1780168748,7,157,695,droite,1
161,5.367,1780168748,10,-115,776,droite,0
162,5.400,1780168748,12,102,159,gauche,1
162,5.400,1780168748,4,264,148,gauche,1
162,5.400,1780168748,3,28,98,gauche,1
162,5.400,1780168748,18,133,104,gauche,1
162,5.400,1780168748,15,90,-30,gauche,0
162,5.400,1780168748,11,180,13,gauche,1
162,5.400,1780168748,1,375,55,gauche,1
162,5.400,1780168748,7,159,-15,gauche,0
162,5.400,1780168748,8,144,-28,gauche,0
162,5.400,1780168748,13,47,22,gauche,1
162,5.400,1780168748,20,40,-54,gauche,0
162,5.400,1780168748,4,-16,465,droite,0
162,5.400,1780168748,1,158,609,droite,1
162,5.400,1780168748,6,262,649,droite,1
162,5.400,1780168748,2,216,609,droite,1
162,5.400,1780168748,7,158,695,droite,1
163,5.433,1780168748,12,102,159,gauche,1
163,5.433,1780168748,4,264,148,gauche,1
163,5.433,1780168748,3,28,98,gauche,1
163,5.433,1780168748,18,133,104,gauche,1
163,5.433,1780168748,15,90,-30,gauche,0
163,5.433,1780168748,11,180,13,gauche,1
163,5.433,1780168748,1,375,55,gauche,1
163,5.433,1780168748,7,159,-15,gauche,0
163,5.433,1780168748,8,144,-28,gauche,0
163,5.433,1780168748,13,47,22,gauche,1
163,5.433,1780168748,20,40,-54,gauche,0
163,5.433,1780168748,4,-16,465,droite,0
163,5.433,1780168748,1,158,609,droite,1
163,5.433,1780168748,6,262,649,droite,1
163,5.433,1780168748,2,216,609,droite,1
163,5.433,1780168748,7,158,695,droite,1
164,5.467,1780168748,12,102,159,gauche,1
164,5.467,1780168748,4,263,149,gauche,1
164,5.467,1780168748,3,28,98,gauche,1
164,5.467,1780168748,18,134,104,gauche,1
164,5.467,1780168748,15,90,-31,gauche,0
164,5.467,1780168748,1,375,57,gauche,1
164,5.467,1780168748,11,180,13,gauche,1
164,5.467,1780168748,7,159,-15,gauche,0
164,5.467,1780168748,8,145,-27,gauche,0
164,5.467,1780168748,13,47,23,gauche,1
164,5.467,1780168748,20,40,-54,gauche,0
164,5.467,1780168748,4,-16,467,droite,0
164,5.467,1780168748,1,158,611,droite,1
164,5.467,1780168748,2,216,608,droite,1
164,5.467,1780168748,6,261,650,droite,1
164,5.467,1780168748,7,160,695,droite,1
164,5.467,1780168748,10,-115,777,droite,0
165,5.500,1780168748,12,102,160,gauche,1
165,5.500,1780168748,4,261,149,gauche,1
165,5.500,1780168748,3,28,98,gauche,1
165,5.500,1780168748,18,134,105,gauche,1
165,5.500,1780168748,15,90,-30,gauche,0
165,5.500,1780168748,11,179,13,gauche,1
165,5.500,1780168748,1,375,58,gauche,1
165,5.500,1780168748,7,159,-15,gauche,0
165,5.500,1780168748,8,146,-27,gauche,0
165,5.500,1780168748,13,46,23,gauche,1
165,5.500,1780168748,20,41,-54,gauche,0
165,5.500,1780168748,4,-15,468,droite,0
165,5.500,1780168748,6,260,651,droite,1
165,5.500,1780168748,2,217,609,droite,1
165,5.500,1780168748,1,159,613,droite,1
165,5.500,1780168748,7,160,693,droite,1
165,5.500,1780168748,10,-115,776,droite,0
166,5.533,1780168748,12,102,160,gauche,1
166,5.533,1780168748,4,259,149,gauche,1
166,5.533,1780168748,3,28,98,gauche,1
166,5.533,1780168748,18,134,102,gauche,1
166,5.533,1780168748,15,90,-30,gauche,0
166,5.533,1780168748,11,179,13,gauche,1
166,5.533,1780168748,1,375,60,gauche,1
166,5.533,1780168748,7,159,-15,gauche,0
166,5.533,1780168748,8,145,-27,gauche,0
166,5.533,1780168748,13,46,23,gauche,1
166,5.533,1780168748,20,41,-54,gauche,0
166,5.533,1780168748,4,-14,468,droite,0
166,5.533,1780168748,2,217,609,droite,1
166,5.533,1780168748,1,159,614,droite,1
166,5.533,1780168748,6,259,651,droite,1
166,5.533,1780168748,7,161,694,droite,1
166,5.533,1780168748,10,-114,775,droite,0
167,5.567,1780168748,12,102,160,gauche,1
167,5.567,1780168748,4,257,148,gauche,1
167,5.567,1780168748,3,28,98,gauche,1
167,5.567,1780168748,18,133,89,gauche,1
167,5.567,1780168748,11,179,13,gauche,1
167,5.567,1780168748,15,91,-31,gauche,0
167,5.567,1780168748,1,376,60,gauche,1
167,5.567,1780168748,8,145,-27,gauche,0
167,5.567,1780168748,7,159,-15,gauche,0
167,5.567,1780168748,13,45,23,gauche,1
167,5.567,1780168748,20,41,-54,gauche,0
167,5.567,1780168748,4,-13,469,droite,0
167,5.567,1780168748,2,216,610,droite,1
167,5.567,1780168748,6,259,651,droite,1
167,5.567,1780168748,1,161,614,droite,1
167,5.567,1780168748,7,162,695,droite,1
167,5.567,1780168748,10,-114,775,droite,0
168,5.600,1780168748,12,102,160,gauche,1
168,5.600,1780168748,4,257,144,gauche,1
168,5.600,1780168748,3,28,98,gauche,1
168,5.600,1780168748,18,134,88,gauche,1
168,5.600,1780168748,15,91,-31,gauche,0
168,5.600,1780168748,1,376,59,gauche,1
168,5.600,1780168748,11,179,13,gauche,1
168,5.600,1780168748,7,159,-15,gauche,0
168,5.600,1780168748,8,145,-27,gauche,0
168,5.600,1780168748,13,45,23,gauche,1
168,5.600,1780168748,20,41,-53,gauche,0
168,5.600,1780168748,4,-12,469,droite,0
168,5.600,1780168748,1,163,614,droite,1
168,5.600,1780168748,2,217,610,droite,1
168,5.600,1780168748,6,259,654,droite,1
168,5.600,1780168748,7,162,693,droite,1
168,5.600,1780168748,10,-114,775,droite,0
169,5.633,1780168748,12,102,160,gauche,1
169,5.633,1780168748,4,257,144,gauche,1
169,5.633,1780168748,3,28,98,gauche,1
169,5.633,1780168748,18,134,88,gauche,1
169,5.633,1780168748,15,91,-31,gauche,0
169,5.633,1780168748,1,376,59,gauche,1
169,5.633,1780168748,11,179,13,gauche,1
169,5.633,1780168748,8,145,-27,gauche,0
169,5.633,1780168748,7,159,-15,gauche,0
169,5.633,1780168748,13,45,23,gauche,1
169,5.633,1780168748,20,41,-53,gauche,0
169,5.633,1780168748,4,-12,469,droite,0
169,5.633,1780168748,1,163,614,droite,1
169,5.633,1780168748,2,217,610,droite,1
169,5.633,1780168748,6,259,654,droite,1
169,5.633,1780168748,7,162,693,droite,1
169,5.633,1780168748,10,-114,775,droite,0
170,5.667,1780168748,12,102,160,gauche,1
170,5.667,1780168748,4,256,147,gauche,1
170,5.667,1780168748,3,28,98,gauche,1
170,5.667,1780168748,18,134,86,gauche,1
170,5.667,1780168748,15,91,-30,gauche,0
170,5.667,1780168748,11,179,13,gauche,1
170,5.667,1780168748,1,377,59,gauche,1
170,5.667,1780168748,7,159,-15,gauche,0
170,5.667,1780168748,8,145,-27,gauche,0
170,5.667,1780168748,13,45,23,gauche,1
170,5.667,1780168748,20,41,-53,gauche,0
170,5.667,1780168748,4,-12,469,droite,0
170,5.667,1780168748,1,164,614,droite,1
170,5.667,1780168748,6,258,653,droite,1
170,5.667,1780168748,2,216,613,droite,1
170,5.667,1780168748,7,163,693,droite,1
170,5.667,1780168748,10,-114,775,droite,0
171,5.700,1780168748,12,103,160,gauche,1
171,5.700,1780168748,4,256,144,gauche,1
171,5.700,1780168748,3,29,98,gauche,1
171,5.700,1780168748,18,134,86,gauche,1
171,5.700,1780168748,1,378,60,gauche,1
171,5.700,1780168748,15,91,-30,gauche,0
171,5.700,1780168748,11,179,12,gauche,1
171,5.700,1780168748,8,146,-27,gauche,0
171,5.700,1780168748,7,159,-15,gauche,0
171,5.700,1780168748,13,45,23,gauche,1
171,5.700,1780168748,20,41,-53,gauche,0
171,5.700,1780168748,4,-11,469,droite,0
171,5.700,1780168748,1,164,615,droite,1
171,5.700,1780168748,2,217,615,droite,1
171,5.700,1780168748,6,258,654,droite,1
171,5.700,1780168748,7,163,692,droite,1
171,5.700,1780168748,10,-114,775,droite,0
172,5.733,1780168748,12,104,160,gauche,1
172,5.733,1780168748,4,256,142,gauche,1
172,5.733,1780168748,3,28,97,gauche,1
172,5.733,1780168748,18,134,85,gauche,1
172,5.733,1780168748,11,178,12,gauche,1
172,5.733,1780168748,15,91,-29,gauche,0
172,5.733,1780168748,1,378,60,gauche,1
172,5.733,1780168748,8,146,-27,gauche,0
172,5.733,1780168748,7,159,-15,gauche,0
172,5.733,1780168748,13,45,24,gauche,1
172,5.733,1780168748,20,41,-53,gauche,0
172,5.733,1780168748,4,-10,469,droite,0
172,5.733,1780168748,2,217,619,droite,1
172,5.733,1780168748,1,165,616,droite,1
172,5.733,1780168748,6,258,660,droite,1
172,5.733,1780168748,7,163,693,droite,1
172,5.733,1780168748,10,-114,775,droite,0
173,5.767,1780168748,12,105,160,gauche,1
173,5.767,1780168748,4,255,141,gauche,1
173,5.767,1780168748,3,28,96,gauche,1
173,5.767,1780168748,18,135,84,gauche,1
173,5.767,1780168748,15,91,-29,gauche,0
173,5.767,1780168748,11,178,13,gauche,1
173,5.767,1780168748,1,379,61,gauche,1
173,5.767,1780168748,8,146,-27,gauche,0
173,5.767,1780168748,7,159,-15,gauche,0
173,5.767,1780168748,20,41,-53,gauche,0
173,5.767,1780168748,13,44,23,gauche,1
173,5.767,1780168748,4,-10,469,droite,0
173,5.767,1780168748,2,217,624,droite,1
173,5.767,1780168748,1,165,617,droite,1
173,5.767,1780168748,6,257,664,droite,1
173,5.767,1780168748,7,163,694,droite,1
173,5.767,1780168748,10,-114,775,droite,0
174,5.800,1780168748,12,106,160,gauche,1
174,5.800,1780168748,4,255,139,gauche,1
174,5.800,1780168748,3,27,93,gauche,1
174,5.800,1780168748,15,92,-28,gauche,0
174,5.800,1780168748,11,178,13,gauche,1
174,5.800,1780168748,18,135,85,gauche,1
174,5.800,1780168748,1,379,61,gauche,1
174,5.800,1780168748,8,146,-27,gauche,0
174,5.800,1780168748,7,159,-15,gauche,0
174,5.800,1780168748,20,41,-53,gauche,0
174,5.800,1780168748,13,44,23,gauche,1
174,5.800,1780168748,4,-9,469,droite,0
174,5.800,1780168748,2,217,627,droite,1
174,5.800,1780168748,1,165,618,droite,1
174,5.800,1780168748,6,257,667,droite,1
174,5.800,1780168748,7,163,692,droite,1
174,5.800,1780168748,10,-114,775,droite,0
175,5.833,1780168748,12,106,160,gauche,1
175,5.833,1780168748,4,255,139,gauche,1
175,5.833,1780168748,3,27,93,gauche,1
175,5.833,1780168748,15,92,-28,gauche,0
175,5.833,1780168748,11,178,13,gauche,1
175,5.833,1780168748,18,135,85,gauche,1
175,5.833,1780168748,1,379,61,gauche,1
175,5.833,1780168748,8,146,-27,gauche,0
175,5.833,1780168748,7,159,-15,gauche,0
175,5.833,1780168748,20,41,-53,gauche,0
175,5.833,1780168748,13,44,23,gauche,1
175,5.833,1780168748,4,-9,469,droite,0
175,5.833,1780168748,2,217,627,droite,1
175,5.833,1780168748,1,165,618,droite,1
175,5.833,1780168748,6,257,667,droite,1
175,5.833,1780168748,7,163,692,droite,1
175,5.833,1780168748,10,-114,775,droite,0
176,5.867,1780168748,12,107,160,gauche,1
176,5.867,1780168748,4,254,137,gauche,1
176,5.867,1780168748,3,27,92,gauche,1
176,5.867,1780168748,18,135,85,gauche,1
176,5.867,1780168748,1,379,63,gauche,1
176,5.867,1780168748,15,92,-28,gauche,0
176,5.867,1780168748,11,178,13,gauche,1
176,5.867,1780168748,8,146,-27,gauche,0
176,5.867,1780168748,7,159,-15,gauche,0
176,5.867,1780168748,20,40,-54,gauche,0
176,5.867,1780168748,13,44,23,gauche,1
176,5.867,1780168748,4,-9,469,droite,0
176,5.867,1780168748,2,217,628,droite,1
176,5.867,1780168748,1,166,619,droite,1
176,5.867,1780168748,6,255,669,droite,1
176,5.867,1780168748,7,164,695,droite,1
176,5.867,1780168748,10,-114,775,droite,0
177,5.900,1780168748,12,107,161,gauche,1
177,5.900,1780168748,4,254,135,gauche,1
177,5.900,1780168748,3,27,90,gauche,1
177,5.900,1780168748,1,378,69,gauche,1
177,5.900,1780168748,18,135,85,gauche,1
177,5.900,1780168748,15,92,-27,gauche,0
177,5.900,1780168748,11,178,13,gauche,1
177,5.900,1780168748,8,146,-27,gauche,0
177,5.900,1780168748,7,159,-15,gauche,0
177,5.900,1780168748,20,40,-54,gauche,0
177,5.900,1780168748,13,42,22,gauche,1
177,5.900,1780168748,4,-9,470,droite,0
177,5.900,1780168748,2,217,628,droite,1
177,5.900,1780168748,1,166,620,droite,1
177,5.900,1780168748,6,255,669,droite,1
177,5.900,1780168748,7,166,693,droite,1
177,5.900,1780168748,10,-114,775,droite,0
178,5.933,1780168748,12,108,162,gauche,1
178,5.933,1780168748,4,253,136,gauche,1
178,5.933,1780168748,3,27,89,gauche,1
178,5.933,1780168748,1,377,73,gauche,1
178,5.933,1780168748,11,177,13,gauche,1
178,5.933,1780168748,18,135,84,gauche,1
178,5.933,1780168748,15,92,-28,gauche,0
178,5.933,1780168748,8,145,-27,gauche,0
178,5.933,1780168748,7,159,-15,gauche,0
178,5.933,1780168748,20,41,-54,gauche,0
178,5.933,1780168748,13,41,22,gauche,1
178,5.933,1780168748,4,-10,473,droite,0
178,5.933,1780168748,2,217,629,droite,1
178,5.933,1780168748,1,166,623,droite,1
178,5.933,1780168748,6,254,669,droite,1
178,5.933,1780168748,7,167,692,droite,1
178,5.933,1780168748,10,-114,775,droite,0
179,5.967,1780168748,12,108,162,gauche,1
179,5.967,1780168748,4,253,133,gauche,1
179,5.967,1780168748,1,377,75,gauche,1
179,5.967,1780168748,3,26,87,gauche,1
179,5.967,1780168748,11,177,13,gauche,1
179,5.967,1780168748,15,92,-28,gauche,0
179,5.967,1780168748,18,136,82,gauche,1
179,5.967,1780168748,8,145,-27,gauche,0
179,5.967,1780168748,7,159,-15,gauche,0
179,5.967,1780168748,20,41,-55,gauche,0
179,5.967,1780168748,4,-10,475,droite,0
179,5.967,1780168748,2,217,629,droite,1
179,5.967,1780168748,1,166,627,droite,1
179,5.967,1780168748,6,254,671,droite,1
179,5.967,1780168748,7,167,695,droite,1
179,5.967,1780168748,10,-114,775,droite,0
180,6.000,1780168749,12,109,162,gauche,1
180,6.000,1780168749,4,253,136,gauche,1
180,6.000,1780168749,3,26,85,gauche,1
180,6.000,1780168749,1,377,77,gauche,1
180,6.000,1780168749,18,134,82,gauche,1
180,6.000,1780168749,11,177,13,gauche,1
180,6.000,1780168749,15,91,-28,gauche,0
180,6.000,1780168749,8,145,-27,gauche,0
180,6.000,1780168749,7,159,-16,gauche,0
180,6.000,1780168749,20,42,-54,gauche,0
180,6.000,1780168749,13,40,22,gauche,1
180,6.000,1780168749,4,-10,476,droite,0
180,6.000,1780168749,1,167,630,droite,1
180,6.000,1780168749,2,217,629,droite,1
180,6.000,1780168749,7,167,702,droite,1
180,6.000,1780168749,6,253,670,droite,1
180,6.000,1780168749,10,-113,776,droite,0
181,6.033,1780168749,12,109,162,gauche,1
181,6.033,1780168749,4,253,136,gauche,1
181,6.033,1780168749,3,26,85,gauche,1
181,6.033,1780168749,1,377,77,gauche,1
181,6.033,1780168749,18,134,82,gauche,1
181,6.033,1780168749,11,177,13,gauche,1
181,6.033,1780168749,15,91,-28,gauche,0
181,6.033,1780168749,8,145,-27,gauche,0
181,6.033,1780168749,7,159,-16,gauche,0
181,6.033,1780168749,20,42,-54,gauche,0
181,6.033,1780168749,13,40,22,gauche,1
181,6.033,1780168749,4,-10,476,droite,0
181,6.033,1780168749,1,167,630,droite,1
181,6.033,1780168749,2,216,629,droite,1
181,6.033,1780168749,7,167,702,droite,1
181,6.033,1780168749,6,253,670,droite,1
181,6.033,1780168749,10,-113,776,droite,0
182,6.067,1780168749,12,109,162,gauche,1
182,6.067,1780168749,4,252,136,gauche,1
182,6.067,1780168749,1,376,78,gauche,1
182,6.067,1780168749,3,25,83,gauche,1
182,6.067,1780168749,18,134,80,gauche,1
182,6.067,1780168749,11,177,13,gauche,1
182,6.067,1780168749,15,90,-28,gauche,0
182,6.067,1780168749,8,145,-27,gauche,0
182,6.067,1780168749,13,40,22,gauche,1
182,6.067,1780168749,7,159,-17,gauche,0
182,6.067,1780168749,20,41,-55,gauche,0
182,6.067,1780168749,4,-11,479,droite,0
182,6.067,1780168749,2,217,629,droite,1
182,6.067,1780168749,1,168,632,droite,1
182,6.067,1780168749,6,253,670,droite,1
182,6.067,1780168749,7,167,703,droite,1
182,6.067,1780168749,10,-113,776,droite,0
183,6.100,1780168749,12,109,162,gauche,1
183,6.100,1780168749,4,252,136,gauche,1
183,6.100,1780168749,3,25,83,gauche,1
183,6.100,1780168749,1,377,78,gauche,1
183,6.100,1780168749,18,135,78,gauche,1
183,6.100,1780168749,15,91,-28,gauche,0
183,6.100,1780168749,11,177,13,gauche,1
183,6.100,1780168749,8,145,-27,gauche,0
183,6.100,1780168749,13,40,22,gauche,1
183,6.100,1780168749,7,159,-17,gauche,0
183,6.100,1780168749,20,41,-55,gauche,0
183,6.100,1780168749,21,11,-55,gauche,0
183,6.100,1780168749,4,-12,482,droite,0
183,6.100,1780168749,2,217,629,droite,1
183,6.100,1780168749,1,168,631,droite,1
183,6.100,1780168749,6,252,670,droite,1
183,6.100,1780168749,7,169,702,droite,1
183,6.100,1780168749,10,-113,776,droite,0
184,6.133,1780168749,12,109,162,gauche,1
184,6.133,1780168749,4,249,135,gauche,1
184,6.133,1780168749,3,25,83,gauche,1
184,6.133,1780168749,1,377,79,gauche,1
184,6.133,1780168749,18,135,69,gauche,1
184,6.133,1780168749,15,91,-28,gauche,0
184,6.133,1780168749,11,177,13,gauche,1
184,6.133,1780168749,8,145,-27,gauche,0
184,6.133,1780168749,13,39,22,gauche,1
184,6.133,1780168749,20,42,-55,gauche,0
184,6.133,1780168749,7,159,-18,gauche,0
184,6.133,1780168749,21,11,-57,gauche,0
184,6.133,1780168749,4,-12,484,droite,0
184,6.133,1780168749,2,217,632,droite,1
184,6.133,1780168749,6,251,671,droite,1
184,6.133,1780168749,1,169,631,droite,1
184,6.133,1780168749,7,169,703,droite,1
184,6.133,1780168749,10,-113,776,droite,0
185,6.167,1780168749,12,109,162,gauche,1
185,6.167,1780168749,4,249,135,gauche,1
185,6.167,1780168749,3,25,82,gauche,1
185,6.167,1780168749,1,377,79,gauche,1
185,6.167,1780168749,18,135,70,gauche,1
185,6.167,1780168749,11,177,13,gauche,1
185,6.167,1780168749,15,91,-28,gauche,0
185,6.167,1780168749,8,145,-27,gauche,0
185,6.167,1780168749,20,42,-55,gauche,0
185,6.167,1780168749,13,39,23,gauche,1
185,6.167,1780168749,7,158,-20,gauche,0
185,6.167,1780168749,21,12,-58,gauche,0
185,6.167,1780168749,4,-12,484,droite,0
185,6.167,1780168749,2,217,633,droite,1
185,6.167,1780168749,1,170,631,droite,1
185,6.167,1780168749,6,252,674,droite,1
185,6.167,1780168749,7,170,703,droite,1
185,6.167,1780168749,10,-113,776,droite,0
186,6.200,1780168749,12,110,162,gauche,1
186,6.200,1780168749,4,250,134,gauche,1
186,6.200,1780168749,3,25,82,gauche,1
186,6.200,1780168749,1,378,79,gauche,1
186,6.200,1780168749,18,136,68,gauche,1
186,6.200,1780168749,15,91,-28,gauche,0
186,6.200,1780168749,11,177,13,gauche,1
186,6.200,1780168749,8,145,-27,gauche,0
186,6.200,1780168749,13,39,23,gauche,1
186,6.200,1780168749,20,43,-55,gauche,0
186,6.200,1780168749,7,159,-17,gauche,0
186,6.200,1780168749,2,217,634,droite,1
186,6.200,1780168749,4,-12,484,droite,0
186,6.200,1780168749,6,252,678,droite,1
186,6.200,1780168749,1,170,631,droite,1
186,6.200,1780168749,7,170,703,droite,1
186,6.200,1780168749,10,-113,776,droite,0
187,6.233,1780168749,12,110,162,gauche,1
187,6.233,1780168749,4,250,134,gauche,1
187,6.233,1780168749,3,25,82,gauche,1
187,6.233,1780168749,1,378,79,gauche,1
187,6.233,1780168749,18,136,68,gauche,1
187,6.233,1780168749,15,91,-28,gauche,0
187,6.233,1780168749,11,177,13,gauche,1
187,6.233,1780168749,8,145,-27,gauche,0
187,6.233,1780168749,13,39,23,gauche,1
187,6.233,1780168749,20,43,-55,gauche,0
187,6.233,1780168749,7,159,-17,gauche,0
187,6.233,1780168749,2,217,634,droite,1
187,6.233,1780168749,4,-12,484,droite,0
187,6.233,1780168749,6,252,678,droite,1
187,6.233,1780168749,1,170,631,droite,1
187,6.233,1780168749,7,170,703,droite,1
187,6.233,1780168749,10,-113,776,droite,0
188,6.267,1780168749,12,110,163,gauche,1
188,6.267,1780168749,4,249,133,gauche,1
188,6.267,1780168749,3,25,82,gauche,1
188,6.267,1780168749,1,379,78,gauche,1
188,6.267,1780168749,18,136,66,gauche,1
188,6.267,1780168749,11,177,13,gauche,1
188,6.267,1780168749,15,91,-28,gauche,0
188,6.267,1780168749,8,145,-27,gauche,0
188,6.267,1780168749,7,159,-13,gauche,0
188,6.267,1780168749,13,38,23,gauche,1
188,6.267,1780168749,20,43,-55,gauche,0
188,6.267,1780168749,2,217,639,droite,1
188,6.267,1780168749,4,-12,484,droite,0
188,6.267,1780168749,1,170,631,droite,1
188,6.267,1780168749,7,170,703,droite,1
188,6.267,1780168749,6,252,682,droite,1
188,6.267,1780168749,10,-114,776,droite,0
189,6.300,1780168749,4,249,131,gauche,1
189,6.300,1780168749,12,110,164,gauche,1
189,6.300,1780168749,3,25,82,gauche,1
189,6.300,1780168749,18,137,66,gauche,1
189,6.300,1780168749,1,379,79,gauche,1
189,6.300,1780168749,15,92,-28,gauche,0
189,6.300,1780168749,11,177,13,gauche,1
189,6.300,1780168749,8,145,-27,gauche,0
189,6.300,1780168749,7,159,-14,gauche,0
189,6.300,1780168749,13,38,23,gauche,1
189,6.300,1780168749,20,42,-63,gauche,0
189,6.300,1780168749,2,217,643,droite,1
189,6.300,1780168749,4,-12,484,droite,0
189,6.300,1780168749,1,171,631,droite,1
189,6.300,1780168749,7,171,703,droite,1
189,6.300,1780168749,6,252,686,droite,1
189,6.300,1780168749,10,-114,776,droite,0
190,6.333,1780168749,4,248,132,gauche,1
190,6.333,1780168749,12,110,165,gauche,1
190,6.333,1780168749,3,25,82,gauche,1
190,6.333,1780168749,18,137,66,gauche,1
190,6.333,1780168749,1,380,79,gauche,1
190,6.333,1780168749,15,93,-28,gauche,0
190,6.333,1780168749,8,145,-27,gauche,0
190,6.333,1780168749,11,177,11,gauche,1
190,6.333,1780168749,7,158,-14,gauche,0
190,6.333,1780168749,13,38,24,gauche,1
190,6.333,1780168749,20,41,-67,gauche,0
190,6.333,1780168749,2,217,646,droite,1
190,6.333,1780168749,4,-11,484,droite,0
190,6.333,1780168749,1,171,632,droite,1
190,6.333,1780168749,7,172,703,droite,1
190,6.333,1780168749,6,252,689,droite,1
190,6.333,1780168749,10,-113,776,droite,0
191,6.367,1780168749,4,246,128,gauche,1
191,6.367,1780168749,12,110,165,gauche,1
191,6.367,1780168749,3,25,82,gauche,1
191,6.367,1780168749,18,138,66,gauche,1
191,6.367,1780168749,1,381,79,gauche,1
191,6.367,1780168749,15,93,-28,gauche,0
191,6.367,1780168749,11,178,10,gauche,1
191,6.367,1780168749,8,145,-27,gauche,0
191,6.367,1780168749,7,159,-14,gauche,0
191,6.367,1780168749,13,37,25,gauche,1
191,6.367,1780168749,20,41,-67,gauche,0
191,6.367,1780168749,21,472,394,gauche,0
191,6.367,1780168749,4,-10,484,droite,0
191,6.367,1780168749,2,217,647,droite,1
191,6.367,1780168749,1,171,633,droite,1
191,6.367,1780168749,7,172,705,droite,1
191,6.367,1780168749,6,251,690,droite,1
191,6.367,1780168749,10,-113,776,droite,0
192,6.400,1780168749,12,111,166,gauche,1
192,6.400,1780168749,4,245,125,gauche,1
192,6.400,1780168749,3,25,82,gauche,1
192,6.400,1780168749,18,139,66,gauche,1
192,6.400,1780168749,1,382,79,gauche,1
192,6.400,1780168749,15,93,-27,gauche,0
192,6.400,1780168749,11,178,8,gauche,1
192,6.400,1780168749,8,145,-28,gauche,0
192,6.400,1780168749,7,159,-14,gauche,0
192,6.400,1780168749,13,38,28,gauche,1
192,6.400,1780168749,20,41,-68,gauche,0
192,6.400,1780168749,21,472,395,gauche,0
192,6.400,1780168749,2,217,648,droite,1
192,6.400,1780168749,4,-9,484,droite,0
192,6.400,1780168749,6,249,690,droite,1
192,6.400,1780168749,1,172,634,droite,1
192,6.400,1780168749,7,172,706,droite,1
192,6.400,1780168749,10,-113,776,droite,0
193,6.433,1780168749,12,111,166,gauche,1
193,6.433,1780168749,4,245,125,gauche,1
193,6.433,1780168749,3,25,82,gauche,1
193,6.433,1780168749,18,139,66,gauche,1
193,6.433,1780168749,1,382,79,gauche,1
193,6.433,1780168749,15,93,-27,gauche,0
193,6.433,1780168749,11,178,8,gauche,1
193,6.433,1780168749,8,145,-28,gauche,0
193,6.433,1780168749,7,159,-14,gauche,0
193,6.433,1780168749,13,38,28,gauche,1
193,6.433,1780168749,20,41,-69,gauche,0
193,6.433,1780168749,21,472,395,gauche,0
193,6.433,1780168749,2,217,647,droite,1
193,6.433,1780168749,4,-9,484,droite,0
193,6.433,1780168749,6,249,690,droite,1
193,6.433,1780168749,1,172,634,droite,1
193,6.433,1780168749,7,172,706,droite,1
193,6.433,1780168749,10,-113,776,droite,0
194,6.467,1780168749,12,111,166,gauche,1
194,6.467,1780168749,4,244,123,gauche,1
194,6.467,1780168749,3,25,82,gauche,1
194,6.467,1780168749,1,381,84,gauche,1
194,6.467,1780168749,15,93,-27,gauche,0
194,6.467,1780168749,18,136,66,gauche,1
194,6.467,1780168749,11,178,4,gauche,1
194,6.467,1780168749,8,145,-28,gauche,0
194,6.467,1780168749,7,159,-14,gauche,0
194,6.467,1780168749,13,37,28,gauche,1
194,6.467,1780168749,20,42,-68,gauche,0
194,6.467,1780168749,4,-9,485,droite,0
194,6.467,1780168749,2,217,648,droite,1
194,6.467,1780168749,1,172,635,droite,1
194,6.467,1780168749,7,173,706,droite,1
194,6.467,1780168749,6,249,690,droite,1
194,6.467,1780168749,10,-113,776,droite,0
195,6.500,1780168749,12,112,166,gauche,1
195,6.500,1780168749,4,244,121,gauche,1
195,6.500,1780168749,3,25,81,gauche,1
195,6.500,1780168749,18,140,65,gauche,1
195,6.500,1780168749,1,380,88,gauche,1
195,6.500,1780168749,15,94,-27,gauche,0
195,6.500,1780168749,8,145,-27,gauche,0
195,6.500,1780168749,11,178,3,gauche,1
195,6.500,1780168749,7,159,-13,gauche,0
195,6.500,1780168749,13,38,29,gauche,1
195,6.500,1780168749,20,43,-67,gauche,0
195,6.500,1780168749,21,472,395,gauche,0
195,6.500,1780168749,4,-9,485,droite,0
195,6.500,1780168749,2,217,648,droite,1
195,6.500,1780168749,1,172,636,droite,1
195,6.500,1780168749,6,247,692,droite,1
195,6.500,1780168749,7,173,710,droite,1
195,6.500,1780168749,10,-113,776,droite,0
196,6.533,1780168749,12,112,166,gauche,1
196,6.533,1780168749,4,243,121,gauche,1
196,6.533,1780168749,3,24,81,gauche,1
196,6.533,1780168749,1,379,92,gauche,1
196,6.533,1780168749,18,140,64,gauche,1
196,6.533,1780168749,15,94,-27,gauche,0
196,6.533,1780168749,11,179,1,gauche,1
196,6.533,1780168749,13,37,29,gauche,1
196,6.533,1780168749,8,145,-28,gauche,0
196,6.533,1780168749,7,158,-13,gauche,0
196,6.533,1780168749,20,44,-63,gauche,0
196,6.533,1780168749,4,-8,485,droite,0
196,6.533,1780168749,2,217,648,droite,1
196,6.533,1780168749,1,171,639,droite,1
196,6.533,1780168749,6,246,692,droite,1
196,6.533,1780168749,7,173,713,droite,1
196,6.533,1780168749,10,-113,776,droite,0
197,6.567,1780168749,12,112,167,gauche,1
197,6.567,1780168749,4,243,120,gauche,1
197,6.567,1780168749,3,23,79,gauche,1
197,6.567,1780168749,1,379,93,gauche,1
197,6.567,1780168749,15,95,-26,gauche,0
197,6.567,1780168749,18,139,63,gauche,1
197,6.567,1780168749,13,36,29,gauche,1
197,6.567,1780168749,8,145,-28,gauche,0
197,6.567,1780168749,11,179,1,gauche,1
197,6.567,1780168749,7,158,-13,gauche,0
197,6.567,1780168749,20,46,-53,gauche,0
197,6.567,1780168749,4,-9,486,droite,0
197,6.567,1780168749,2,217,648,droite,1
197,6.567,1780168749,1,172,641,droite,1
197,6.567,1780168749,11,244,694,droite,1
197,6.567,1780168749,7,173,713,droite,1
197,6.567,1780168749,6,248,693,droite,1
197,6.567,1780168749,10,-113,775,droite,0
198,6.600,1780168749,12,112,167,gauche,1
198,6.600,1780168749,4,242,120,gauche,1
198,6.600,1780168749,3,23,77,gauche,1
198,6.600,1780168749,1,379,94,gauche,1
198,6.600,1780168749,18,141,61,gauche,1
198,6.600,1780168749,13,36,29,gauche,1
198,6.600,1780168749,15,94,-27,gauche,0
198,6.600,1780168749,8,145,-28,gauche,0
198,6.600,1780168749,11,179,0,gauche,1
198,6.600,1780168749,7,158,-14,gauche,0
198,6.600,1780168749,22,115,-3,gauche,0
198,6.600,1780168749,20,46,-54,gauche,0
198,6.600,1780168749,4,-9,487,droite,0
198,6.600,1780168749,2,217,648,droite,1
198,6.600,1780168749,11,244,694,droite,1
198,6.600,1780168749,1,172,645,droite,1
198,6.600,1780168749,7,174,710,droite,1
198,6.600,1780168749,10,-112,775,droite,0
199,6.633,1780168749,12,112,167,gauche,1
199,6.633,1780168749,4,242,120,gauche,1
199,6.633,1780168749,3,23,77,gauche,1
199,6.633,1780168749,1,379,94,gauche,1
199,6.633,1780168749,18,141,61,gauche,1
199,6.633,1780168749,13,36,29,gauche,1
199,6.633,1780168749,15,94,-27,gauche,0
199,6.633,1780168749,8,145,-28,gauche,0
199,6.633,1780168749,11,179,0,gauche,1
199,6.633,1780168749,7,158,-14,gauche,0
199,6.633,1780168749,22,115,-3,gauche,0
199,6.633,1780168749,20,46,-54,gauche,0
199,6.633,1780168749,4,-9,487,droite,0
199,6.633,1780168749,2,217,648,droite,1
199,6.633,1780168749,11,244,694,droite,1
199,6.633,1780168749,1,171,645,droite,1
199,6.633,1780168749,7,174,710,droite,1
199,6.633,1780168749,10,-112,775,droite,0
200,6.667,1780168749,12,112,167,gauche,1
200,6.667,1780168749,4,241,120,gauche,1
200,6.667,1780168749,3,23,76,gauche,1
200,6.667,1780168749,1,379,95,gauche,1
200,6.667,1780168749,18,141,59,gauche,1
200,6.667,1780168749,13,35,28,gauche,1
200,6.667,1780168749,15,93,-27,gauche,0
200,6.667,1780168749,8,145,-28,gauche,0
200,6.667,1780168749,7,158,-14,gauche,0
200,6.667,1780168749,11,178,0,gauche,1
200,6.667,1780168749,22,116,-2,gauche,0
200,6.667,1780168749,4,-9,487,droite,0
200,6.667,1780168749,2,217,648,droite,1
200,6.667,1780168749,11,244,697,droite,1
200,6.667,1780168749,1,172,647,droite,1
200,6.667,1780168749,7,173,712,droite,1
200,6.667,1780168749,10,-112,775,droite,0
201,6.700,1780168749,12,112,167,gauche,1
201,6.700,1780168749,4,240,119,gauche,1
201,6.700,1780168749,3,22,74,gauche,1
201,6.700,1780168749,1,380,95,gauche,1
201,6.700,1780168749,18,140,53,gauche,1
201,6.700,1780168749,15,92,-28,gauche,0
201,6.700,1780168749,13,33,28,gauche,1
201,6.700,1780168749,7,158,-14,gauche,0
201,6.700,1780168749,8,144,-28,gauche,0
201,6.700,1780168749,11,178,0,gauche,1
201,6.700,1780168749,22,116,-2,gauche,0
201,6.700,1780168749,4,-10,488,droite,0
201,6.700,1780168749,2,218,651,droite,1
201,6.700,1780168749,1,172,648,droite,1
201,6.700,1780168749,11,245,702,droite,1
201,6.700,1780168749,7,173,713,droite,1
201,6.700,1780168749,10,-113,775,droite,0
202,6.733,1780168749,12,112,167,gauche,1
202,6.733,1780168749,4,240,118,gauche,1
202,6.733,1780168749,3,21,72,gauche,1
202,6.733,1780168749,1,380,95,gauche,1
202,6.733,1780168749,18,140,52,gauche,1
202,6.733,1780168749,15,92,-27,gauche,0
202,6.733,1780168749,13,31,28,gauche,1
202,6.733,1780168749,11,178,-1,gauche,0
202,6.733,1780168749,7,158,-14,gauche,0
202,6.733,1780168749,22,116,-1,gauche,0
202,6.733,1780168749,8,144,-28,gauche,0
202,6.733,1780168749,4,-10,488,droite,0
202,6.733,1780168749,2,217,653,droite,1
202,6.733,1780168749,1,173,648,droite,1
202,6.733,1780168749,11,245,703,droite,1
202,6.733,1780168749,7,173,713,droite,1
202,6.733,1780168749,10,-112,775,droite,0
203,6.767,1780168749,12,112,167,gauche,1
203,6.767,1780168749,4,239,117,gauche,1
203,6.767,1780168749,3,21,71,gauche,1
203,6.767,1780168749,18,141,49,gauche,1
203,6.767,1780168749,1,380,94,gauche,1
203,6.767,1780168749,15,93,-27,gauche,0
203,6.767,1780168749,13,29,28,gauche,1
203,6.767,1780168749,22,117,-1,gauche,0
203,6.767,1780168749,11,178,0,gauche,1
203,6.767,1780168749,8,143,-29,gauche,0
203,6.767,1780168749,7,157,-14,gauche,0
203,6.767,1780168749,20,47,-55,gauche,0
203,6.767,1780168749,4,-11,488,droite,0
203,6.767,1780168749,2,217,654,droite,1
203,6.767,1780168749,11,245,703,droite,1
203,6.767,1780168749,1,174,648,droite,1
203,6.767,1780168749,7,173,714,droite,1
203,6.767,1780168749,10,-112,775,droite,0
204,6.800,1780168749,12,111,167,gauche,1
204,6.800,1780168749,4,239,116,gauche,1
204,6.800,1780168749,3,21,70,gauche,1
204,6.800,1780168749,1,381,95,gauche,1
204,6.800,1780168749,18,141,49,gauche,1
204,6.800,1780168749,13,28,29,gauche,1
204,6.800,1780168749,15,93,-27,gauche,0
204,6.800,1780168749,22,117,-1,gauche,0
204,6.800,1780168749,11,178,0,gauche,1
204,6.800,1780168749,7,158,-14,gauche,0
204,6.800,1780168749,8,144,-28,gauche,0
204,6.800,1780168749,4,-12,489,droite,0
204,6.800,1780168749,2,217,658,droite,1
204,6.800,1780168749,1,175,648,droite,1
204,6.800,1780168749,11,244,703,droite,1
204,6.800,1780168749,7,173,713,droite,1
204,6.800,1780168749,10,-112,775,droite,0
205,6.833,1780168749,12,111,167,gauche,1
205,6.833,1780168749,4,239,116,gauche,1
205,6.833,1780168749,3,21,70,gauche,1
205,6.833,1780168749,1,381,95,gauche,1
205,6.833,1780168749,18,141,49,gauche,1
205,6.833,1780168749,13,28,28,gauche,1
205,6.833,1780168749,15,93,-27,gauche,0
205,6.833,1780168749,22,117,-1,gauche,0
205,6.833,1780168749,11,178,0,gauche,1
205,6.833,1780168749,7,158,-14,gauche,0
205,6.833,1780168749,8,144,-28,gauche,0
205,6.833,1780168749,4,-12,489,droite,0
205,6.833,1780168749,2,217,658,droite,1
205,6.833,1780168749,1,175,648,droite,1
205,6.833,1780168749,11,244,703,droite,1
205,6.833,1780168749,7,173,713,droite,1
205,6.833,1780168749,10,-112,775,droite,0
206,6.867,1780168749,12,111,167,gauche,1
206,6.867,1780168749,4,238,115,gauche,1
206,6.867,1780168749,3,21,70,gauche,1
206,6.867,1780168749,1,381,96,gauche,1
206,6.867,1780168749,18,141,48,gauche,1
206,6.867,1780168749,13,27,30,gauche,1
206,6.867,1780168749,22,117,-1,gauche,0
206,6.867,1780168749,15,93,-27,gauche,0
206,6.867,1780168749,7,159,-13,gauche,0
206,6.867,1780168749,11,178,0,gauche,1
206,6.867,1780168749,8,144,-28,gauche,0
206,6.867,1780168749,4,-12,489,droite,0
206,6.867,1780168749,2,217,663,droite,1
206,6.867,1780168749,11,244,703,droite,1
206,6.867,1780168749,1,175,648,droite,1
206,6.867,1780168749,10,-112,775,droite,0
206,6.867,1780168749,7,173,708,droite,1
207,6.900,1780168749,12,111,167,gauche,1
207,6.900,1780168749,4,237,112,gauche,1
207,6.900,1780168749,3,21,70,gauche,1
207,6.900,1780168749,1,381,96,gauche,1
207,6.900,1780168749,18,142,48,gauche,1
207,6.900,1780168749,13,26,31,gauche,1
207,6.900,1780168749,15,93,-27,gauche,0
207,6.900,1780168749,22,117,-1,gauche,0
207,6.900,1780168749,11,177,0,gauche,1
207,6.900,1780168749,7,158,-13,gauche,0
207,6.900,1780168749,8,144,-28,gauche,0
207,6.900,1780168749,4,-13,489,droite,0
207,6.900,1780168749,2,217,666,droite,1
207,6.900,1780168749,11,244,703,droite,1
207,6.900,1780168749,1,175,648,droite,1
207,6.900,1780168749,10,-112,775,droite,0
207,6.900,1780168749,7,172,703,droite,1
208,6.933,1780168749,12,111,167,gauche,1
208,6.933,1780168749,4,237,108,gauche,1
208,6.933,1780168749,3,21,70,gauche,1
208,6.933,1780168749,1,382,96,gauche,1
208,6.933,1780168749,18,141,48,gauche,1
208,6.933,1780168749,13,26,31,gauche,1
208,6.933,1780168749,22,117,-1,gauche,0
208,6.933,1780168749,11,177,0,gauche,1
208,6.933,1780168749,7,158,-13,gauche,0
208,6.933,1780168749,15,93,-27,gauche,0
208,6.933,1780168749,8,145,-28,gauche,0
208,6.933,1780168749,4,-12,489,droite,0
208,6.933,1780168749,2,217,667,droite,1
208,6.933,1780168749,11,244,703,droite,1
208,6.933,1780168749,1,175,649,droite,1
208,6.933,1780168749,10,-112,775,droite,0
208,6.933,1780168749,7,172,703,droite,1
209,6.967,1780168749,12,111,167,gauche,1
209,6.967,1780168749,4,237,106,gauche,1
209,6.967,1780168749,3,21,70,gauche,1
209,6.967,1780168749,1,381,99,gauche,1
209,6.967,1780168749,18,141,48,gauche,1
209,6.967,1780168749,13,27,30,gauche,1
209,6.967,1780168749,11,177,0,gauche,1
209,6.967,1780168749,22,117,-1,gauche,0
209,6.967,1780168749,7,158,-13,gauche,0
209,6.967,1780168749,15,93,-27,gauche,0
209,6.967,1780168749,8,145,-29,gauche,0
209,6.967,1780168749,4,-11,489,droite,0
209,6.967,1780168749,11,244,703,droite,1
209,6.967,1780168749,2,217,667,droite,1
209,6.967,1780168749,1,176,649,droite,1
209,6.967,1780168749,10,-112,775,droite,0
209,6.967,1780168749,7,172,708,droite,1
210,7.000,1780168750,12,111,167,gauche,1
210,7.000,1780168750,4,236,106,gauche,1
210,7.000,1780168750,1,379,104,gauche,1
210,7.000,1780168750,3,21,70,gauche,1
210,7.000,1780168750,13,26,30,gauche,1
210,7.000,1780168750,18,141,48,gauche,1
210,7.000,1780168750,22,116,-2,gauche,0
210,7.000,1780168750,11,176,0,gauche,1
210,7.000,1780168750,7,158,-13,gauche,0
210,7.000,1780168750,15,92,-27,gauche,0
210,7.000,1780168750,8,145,-29,gauche,0
210,7.000,1780168750,4,-10,489,droite,0
210,7.000,1780168750,11,244,703,droite,1
210,7.000,1780168750,2,217,667,droite,1
210,7.000,1780168750,1,176,651,droite,1
210,7.000,1780168750,10,-112,775,droite,0
210,7.000,1780168750,7,172,710,droite,1
211,7.033,1780168750,12,111,167,gauche,1
211,7.033,1780168750,4,236,106,gauche,1
211,7.033,1780168750,1,379,104,gauche,1
211,7.033,1780168750,3,21,70,gauche,1
211,7.033,1780168750,18,141,48,gauche,1
211,7.033,1780168750,13,26,30,gauche,1
211,7.033,1780168750,22,116,-2,gauche,0
211,7.033,1780168750,11,176,0,gauche,1
211,7.033,1780168750,7,158,-13,gauche,0
211,7.033,1780168750,15,93,-27,gauche,0
211,7.033,1780168750,8,145,-29,gauche,0
211,7.033,1780168750,4,-10,489,droite,0
211,7.033,1780168750,11,244,703,droite,1
211,7.033,1780168750,2,217,667,droite,1
211,7.033,1780168750,1,176,651,droite,1
211,7.033,1780168750,10,-112,775,droite,0
211,7.033,1780168750,7,172,710,droite,1
212,7.067,1780168750,12,111,167,gauche,1
212,7.067,1780168750,4,236,106,gauche,1
212,7.067,1780168750,1,379,106,gauche,1
212,7.067,1780168750,3,21,70,gauche,1
212,7.067,1780168750,18,142,48,gauche,1
212,7.067,1780168750,13,27,29,gauche,1
212,7.067,1780168750,22,116,-2,gauche,0
212,7.067,1780168750,11,176,-2,gauche,0
212,7.067,1780168750,15,93,-27,gauche,0
212,7.067,1780168750,7,157,-13,gauche,0
212,7.067,1780168750,4,-10,489,droite,0
212,7.067,1780168750,11,244,703,droite,1
212,7.067,1780168750,2,217,667,droite,1
212,7.067,1780168750,1,176,653,droite,1
212,7.067,1780168750,10,-113,775,droite,0
212,7.067,1780168750,7,172,719,droite,1
212,7.067,1780168750,6,728,902,droite,0
213,7.100,1780168750,4,236,106,gauche,1
213,7.100,1780168750,12,111,167,gauche,1
213,7.100,1780168750,1,378,109,gauche,1
213,7.100,1780168750,3,21,69,gauche,1
213,7.100,1780168750,18,143,48,gauche,1
213,7.100,1780168750,13,28,28,gauche,1
213,7.100,1780168750,22,117,-1,gauche,0
213,7.100,1780168750,15,93,-27,gauche,0
213,7.100,1780168750,7,157,-13,gauche,0
213,7.100,1780168750,11,176,-3,gauche,0
213,7.100,1780168750,4,-10,489,droite,0
213,7.100,1780168750,2,217,667,droite,1
213,7.100,1780168750,11,245,705,droite,1
213,7.100,1780168750,1,176,654,droite,1
213,7.100,1780168750,10,-112,775,droite,0
214,7.133,1780168750,12,111,167,gauche,1
214,7.133,1780168750,4,237,106,gauche,1
214,7.133,1780168750,1,378,110,gauche,1
214,7.133,1780168750,3,21,67,gauche,1
214,7.133,1780168750,18,144,47,gauche,1
214,7.133,1780168750,13,28,28,gauche,1
214,7.133,1780168750,22,117,-1,gauche,0
214,7.133,1780168750,7,158,-13,gauche,0
214,7.133,1780168750,15,93,-27,gauche,0
214,7.133,1780168750,11,176,-4,gauche,0
214,7.133,1780168750,4,-10,490,droite,0
214,7.133,1780168750,11,245,706,droite,1
214,7.133,1780168750,2,217,667,droite,1
214,7.133,1780168750,1,176,655,droite,1
214,7.133,1780168750,10,-112,775,droite,0
215,7.167,1780168750,4,237,106,gauche,1
215,7.167,1780168750,12,111,167,gauche,1
215,7.167,1780168750,1,378,110,gauche,1
215,7.167,1780168750,3,20,64,gauche,1
215,7.167,1780168750,18,144,46,gauche,1
215,7.167,1780168750,13,27,28,gauche,1
215,7.167,1780168750,22,117,-1,gauche,0
215,7.167,1780168750,11,175,-7,gauche,0
215,7.167,1780168750,7,157,-13,gauche,0
215,7.167,1780168750,15,92,-27,gauche,0
215,7.167,1780168750,4,-10,489,droite,0
215,7.167,1780168750,2,217,668,droite,1
215,7.167,1780168750,11,246,707,droite,1
215,7.167,1780168750,1,177,658,droite,1
215,7.167,1780168750,10,-113,775,droite,0
216,7.200,1780168750,12,111,167,gauche,1
216,7.200,1780168750,4,236,106,gauche,1
216,7.200,1780168750,1,378,110,gauche,1
216,7.200,1780168750,3,20,63,gauche,1
216,7.200,1780168750,18,144,45,gauche,1
216,7.200,1780168750,13,27,29,gauche,1
216,7.200,1780168750,22,117,-1,gauche,0
216,7.200,1780168750,11,175,-6,gauche,0
216,7.200,1780168750,15,92,-27,gauche,0
216,7.200,1780168750,7,157,-13,gauche,0
216,7.200,1780168750,4,-10,488,droite,0
216,7.200,1780168750,2,217,669,droite,1
216,7.200,1780168750,1,177,662,droite,1
216,7.200,1780168750,11,247,708,droite,1
216,7.200,1780168750,10,-112,775,droite,0
217,7.233,1780168750,12,111,167,gauche,1
217,7.233,1780168750,1,378,110,gauche,1
217,7.233,1780168750,4,236,106,gauche,1
217,7.233,1780168750,3,20,63,gauche,1
217,7.233,1780168750,18,144,45,gauche,1
217,7.233,1780168750,13,27,29,gauche,1
217,7.233,1780168750,22,117,-1,gauche,0
217,7.233,1780168750,11,175,-6,gauche,0
217,7.233,1780168750,7,157,-13,gauche,0
217,7.233,1780168750,15,92,-27,gauche,0
217,7.233,1780168750,4,-10,488,droite,0
217,7.233,1780168750,2,217,669,droite,1
217,7.233,1780168750,1,177,663,droite,1
217,7.233,1780168750,11,247,708,droite,1
217,7.233,1780168750,10,-112,775,droite,0
218,7.267,1780168750,12,111,167,gauche,1
218,7.267,1780168750,1,378,110,gauche,1
218,7.267,1780168750,4,236,105,gauche,1
218,7.267,1780168750,3,20,63,gauche,1
218,7.267,1780168750,18,144,44,gauche,1
218,7.267,1780168750,13,27,29,gauche,1
218,7.267,1780168750,11,174,-7,gauche,0
218,7.267,1780168750,22,117,-1,gauche,0
218,7.267,1780168750,15,93,-27,gauche,0
218,7.267,1780168750,7,157,-13,gauche,0
218,7.267,1780168750,4,-10,487,droite,0
218,7.267,1780168750,2,217,670,droite,1
218,7.267,1780168750,1,177,665,droite,1
218,7.267,1780168750,11,249,711,droite,1
218,7.267,1780168750,10,-112,775,droite,0
218,7.267,1780168750,7,172,703,droite,1
219,7.300,1780168750,12,111,167,gauche,1
219,7.300,1780168750,4,236,104,gauche,1
219,7.300,1780168750,1,377,110,gauche,1
219,7.300,1780168750,3,20,63,gauche,1
219,7.300,1780168750,18,145,41,gauche,1
219,7.300,1780168750,13,27,29,gauche,1
219,7.300,1780168750,11,175,-8,gauche,0
219,7.300,1780168750,22,117,-1,gauche,0
219,7.300,1780168750,15,93,-27,gauche,0
219,7.300,1780168750,7,156,-13,gauche,0
219,7.300,1780168750,4,-10,487,droite,0
219,7.300,1780168750,2,217,672,droite,1
219,7.300,1780168750,1,177,665,droite,1
219,7.300,1780168750,11,249,711,droite,1
219,7.300,1780168750,10,-112,775,droite,0
219,7.300,1780168750,7,171,706,droite,1
220,7.333,1780168750,4,235,104,gauche,1
220,7.333,1780168750,12,111,167,gauche,1
220,7.333,1780168750,1,378,110,gauche,1
220,7.333,1780168750,3,20,63,gauche,1
220,7.333,1780168750,18,144,35,gauche,1
220,7.333,1780168750,13,27,29,gauche,1
220,7.333,1780168750,22,117,-1,gauche,0
220,7.333,1780168750,11,175,-10,gauche,0
220,7.333,1780168750,15,93,-27,gauche,0
220,7.333,1780168750,7,157,-13,gauche,0
220,7.333,1780168750,4,-10,487,droite,0
220,7.333,1780168750,2,217,675,droite,1
220,7.333,1780168750,1,177,665,droite,1
220,7.333,1780168750,11,249,713,droite,1
220,7.333,1780168750,10,-112,775,droite,0
220,7.333,1780168750,7,171,708,droite,1
221,7.367,1780168750,12,111,167,gauche,1
221,7.367,1780168750,4,235,102,gauche,1
221,7.367,1780168750,1,378,110,gauche,1
221,7.367,1780168750,3,20,62,gauche,1
221,7.367,1780168750,18,144,34,gauche,1
221,7.367,1780168750,13,27,29,gauche,1
221,7.367,1780168750,11,174,-10,gauche,0
221,7.367,1780168750,22,117,-1,gauche,0
221,7.367,1780168750,15,93,-27,gauche,0
221,7.367,1780168750,7,157,-13,gauche,0
221,7.367,1780168750,4,-10,486,droite,0
221,7.367,1780168750,2,218,678,droite,1
221,7.367,1780168750,1,178,665,droite,1
221,7.367,1780168750,11,249,714,droite,1
221,7.367,1780168750,7,170,706,droite,1
221,7.367,1780168750,10,-112,775,droite,0
222,7.400,1780168750,4,234,102,gauche,1
222,7.400,1780168750,12,111,167,gauche,1
222,7.400,1780168750,1,378,110,gauche,1
222,7.400,1780168750,3,20,63,gauche,1
222,7.400,1780168750,18,144,31,gauche,1
222,7.400,1780168750,13,28,29,gauche,1
222,7.400,1780168750,11,174,-10,gauche,0
222,7.400,1780168750,15,93,-27,gauche,0
222,7.400,1780168750,22,117,-1,gauche,0
222,7.400,1780168750,7,157,-14,gauche,0
222,7.400,1780168750,4,-10,486,droite,0
222,7.400,1780168750,2,218,680,droite,1
222,7.400,1780168750,1,177,665,droite,1
222,7.400,1780168750,11,249,715,droite,1
222,7.400,1780168750,7,169,713,droite,1
222,7.400,1780168750,10,-112,775,droite,0
223,7.433,1780168750,4,234,102,gauche,1
223,7.433,1780168750,12,111,167,gauche,1
223,7.433,1780168750,1,378,110,gauche,1
223,7.433,1780168750,3,20,63,gauche,1
223,7.433,1780168750,18,144,31,gauche,1
223,7.433,1780168750,13,28,29,gauche,1
223,7.433,1780168750,11,174,-10,gauche,0
223,7.433,1780168750,15,93,-27,gauche,0
223,7.433,1780168750,22,117,-1,gauche,0
223,7.433,1780168750,7,157,-14,gauche,0
223,7.433,1780168750,4,-10,486,droite,0
223,7.433,1780168750,2,218,680,droite,1
223,7.433,1780168750,1,177,665,droite,1
223,7.433,1780168750,11,249,715,droite,1
223,7.433,1780168750,7,169,713,droite,1
223,7.433,1780168750,10,-112,775,droite,0
224,7.467,1780168750,12,111,167,gauche,1
224,7.467,1780168750,4,233,99,gauche,1
224,7.467,1780168750,1,378,110,gauche,1
224,7.467,1780168750,3,20,63,gauche,1
224,7.467,1780168750,18,145,31,gauche,1
224,7.467,1780168750,13,28,29,gauche,1
224,7.467,1780168750,15,93,-27,gauche,0
224,7.467,1780168750,11,174,-11,gauche,0
224,7.467,1780168750,22,117,-1,gauche,0
224,7.467,1780168750,7,157,-14,gauche,0
224,7.467,1780168750,23,-1,-72,gauche,0
224,7.467,1780168750,8,46,-56,gauche,0
224,7.467,1780168750,4,-10,486,droite,0
224,7.467,1780168750,1,177,665,droite,1
224,7.467,1780168750,2,219,683,droite,1
224,7.467,1780168750,11,249,716,droite,1
224,7.467,1780168750,7,168,713,droite,1
224,7.467,1780168750,10,-113,775,droite,0
225,7.500,1780168750,12,111,167,gauche,1
225,7.500,1780168750,4,232,96,gauche,1
225,7.500,1780168750,1,378,110,gauche,1
225,7.500,1780168750,3,20,63,gauche,1
225,7.500,1780168750,18,145,29,gauche,1
225,7.500,1780168750,13,29,31,gauche,1
225,7.500,1780168750,15,93,-27,gauche,0
225,7.500,1780168750,22,117,-1,gauche,0
225,7.500,1780168750,11,174,-11,gauche,0
225,7.500,1780168750,7,157,-14,gauche,0
225,7.500,1780168750,8,46,-56,gauche,0
225,7.500,1780168750,4,-10,486,droite,0
225,7.500,1780168750,1,177,664,droite,1
225,7.500,1780168750,2,219,684,droite,1
225,7.500,1780168750,11,248,716,droite,1
225,7.500,1780168750,7,167,714,droite,1
225,7.500,1780168750,10,-113,775,droite,0
226,7.533,1780168750,12,111,167,gauche,1
226,7.533,1780168750,4,231,92,gauche,1
226,7.533,1780168750,1,378,110,gauche,1
226,7.533,1780168750,3,20,63,gauche,1
226,7.533,1780168750,18,146,28,gauche,1
226,7.533,1780168750,15,93,-27,gauche,0
226,7.533,1780168750,13,29,32,gauche,1
226,7.533,1780168750,22,117,-1,gauche,0
226,7.533,1780168750,11,174,-10,gauche,0
226,7.533,1780168750,7,157,-14,gauche,0
226,7.533,1780168750,4,-10,486,droite,0
226,7.533,1780168750,1,177,664,droite,1
226,7.533,1780168750,2,220,684,droite,1
226,7.533,1780168750,11,248,715,droite,1
226,7.533,1780168750,7,166,716,droite,1
226,7.533,1780168750,10,-113,775,droite,0
227,7.567,1780168750,12,111,167,gauche,1
227,7.567,1780168750,4,230,90,gauche,1
227,7.567,1780168750,1,377,111,gauche,1
227,7.567,1780168750,3,20,63,gauche,1
227,7.567,1780168750,18,147,30,gauche,1
227,7.567,1780168750,15,93,-27,gauche,0
227,7.567,1780168750,13,29,32,gauche,1
227,7.567,1780168750,22,117,-2,gauche,0
227,7.567,1780168750,7,157,-14,gauche,0
227,7.567,1780168750,11,174,-10,gauche,0
227,7.567,1780168750,4,-10,486,droite,0
227,7.567,1780168750,1,177,665,droite,1
227,7.567,1780168750,2,220,685,droite,1
227,7.567,1780168750,11,248,716,droite,1
227,7.567,1780168750,7,166,717,droite,1
227,7.567,1780168750,10,-113,775,droite,0
228,7.600,1780168750,12,111,167,gauche,1
228,7.600,1780168750,4,230,90,gauche,1
228,7.600,1780168750,1,375,114,gauche,1
228,7.600,1780168750,3,20,62,gauche,1
228,7.600,1780168750,18,148,30,gauche,1
228,7.600,1780168750,13,30,34,gauche,1
228,7.600,1780168750,15,92,-28,gauche,0
228,7.600,1780168750,22,117,-1,gauche,0
228,7.600,1780168750,7,157,-14,gauche,0
228,7.600,1780168750,11,175,-10,gauche,0
228,7.600,1780168750,4,-11,486,droite,0
228,7.600,1780168750,1,177,665,droite,1
228,7.600,1780168750,2,221,684,droite,1
228,7.600,1780168750,11,248,716,droite,1
228,7.600,1780168750,7,166,719,droite,1
228,7.600,1780168750,10,-113,776,droite,0
229,7.633,1780168750,12,111,167,gauche,1
229,7.633,1780168750,4,230,89,gauche,1
229,7.633,1780168750,1,375,114,gauche,1
229,7.633,1780168750,3,20,62,gauche,1
229,7.633,1780168750,18,148,30,gauche,1
229,7.633,1780168750,13,30,34,gauche,1
229,7.633,1780168750,15,92,-28,gauche,0
229,7.633,1780168750,22,117,-1,gauche,0
229,7.633,1780168750,7,157,-14,gauche,0
229,7.633,1780168750,11,175,-10,gauche,0
229,7.633,1780168750,4,-11,486,droite,0
229,7.633,1780168750,1,177,665,droite,1
229,7.633,1780168750,2,221,684,droite,1
229,7.633,1780168750,11,248,716,droite,1
229,7.633,1780168750,7,166,719,droite,1
229,7.633,1780168750,10,-113,776,droite,0
230,7.667,1780168750,12,111,167,gauche,1
230,7.667,1780168750,4,229,89,gauche,1
230,7.667,1780168750,1,374,117,gauche,1
230,7.667,1780168750,3,19,62,gauche,1
230,7.667,1780168750,18,149,29,gauche,1
230,7.667,1780168750,15,92,-28,gauche,0
230,7.667,1780168750,13,30,33,gauche,1
230,7.667,1780168750,22,117,-1,gauche,0
230,7.667,1780168750,11,174,-10,gauche,0
230,7.667,1780168750,7,157,-14,gauche,0
230,7.667,1780168750,4,-11,486,droite,0
230,7.667,1780168750,2,221,685,droite,1
230,7.667,1780168750,1,177,666,droite,1
230,7.667,1780168750,11,248,716,droite,1
230,7.667,1780168750,7,165,720,droite,1
230,7.667,1780168750,10,-113,776,droite,0
231,7.700,1780168750,12,111,167,gauche,1
231,7.700,1780168750,1,374,117,gauche,1
231,7.700,1780168750,4,229,89,gauche,1
231,7.700,1780168750,3,19,62,gauche,1
231,7.700,1780168750,18,149,30,gauche,1
231,7.700,1780168750,13,30,35,gauche,1
231,7.700,1780168750,15,93,-28,gauche,0
231,7.700,1780168750,22,117,-1,gauche,0
231,7.700,1780168750,11,174,-10,gauche,0
231,7.700,1780168750,7,157,-13,gauche,0
231,7.700,1780168750,4,-11,486,droite,0
231,7.700,1780168750,2,222,685,droite,1
231,7.700,1780168750,1,178,667,droite,1
231,7.700,1780168750,11,248,718,droite,1
231,7.700,1780168750,7,165,721,droite,1
231,7.700,1780168750,10,-113,776,droite,0
232,7.733,1780168750,12,111,167,gauche,1
232,7.733,1780168750,1,373,119,gauche,1
232,7.733,1780168750,4,228,89,gauche,1
232,7.733,1780168750,3,18,59,gauche,1
232,7.733,1780168750,18,150,29,gauche,1
232,7.733,1780168750,13,30,35,gauche,1
232,7.733,1780168750,15,93,-27,gauche,0
232,7.733,1780168750,22,117,-1,gauche,0
232,7.733,1780168750,11,174,-10,gauche,0
232,7.733,1780168750,7,157,-15,gauche,0
232,7.733,1780168750,4,-12,486,droite,0
232,7.733,1780168750,1,178,668,droite,1
232,7.733,1780168750,2,222,685,droite,1
232,7.733,1780168750,11,247,717,droite,1
232,7.733,1780168750,7,165,721,droite,1
232,7.733,1780168750,10,-114,775,droite,0
233,7.767,1780168750,12,111,167,gauche,1
233,7.767,1780168750,1,373,119,gauche,1
233,7.767,1780168750,4,228,87,gauche,1
233,7.767,1780168750,3,18,58,gauche,1
233,7.767,1780168750,13,30,35,gauche,1
233,7.767,1780168750,15,93,-27,gauche,0
233,7.767,1780168750,18,151,28,gauche,1
233,7.767,1780168750,22,117,-1,gauche,0
233,7.767,1780168750,11,174,-10,gauche,0
233,7.767,1780168750,7,158,-14,gauche,0
233,7.767,1780168750,8,45,-54,gauche,0
233,7.767,1780168750,4,-12,485,droite,0
233,7.767,1780168750,1,177,669,droite,1
233,7.767,1780168750,2,222,685,droite,1
233,7.767,1780168750,11,247,719,droite,1
233,7.767,1780168750,7,165,721,droite,1
233,7.767,1780168750,10,-113,775,droite,0
234,7.800,1780168750,12,111,167,gauche,1
234,7.800,1780168750,4,227,89,gauche,1
234,7.800,1780168750,1,373,118,gauche,1
234,7.800,1780168750,3,16,55,gauche,1
234,7.800,1780168750,18,151,28,gauche,1
234,7.800,1780168750,13,30,35,gauche,1
234,7.800,1780168750,11,174,-10,gauche,0
234,7.800,1780168750,15,92,-27,gauche,0
234,7.800,1780168750,22,117,-1,gauche,0
234,7.800,1780168750,7,157,-15,gauche,0
234,7.800,1780168750,23,472,396,gauche,0
234,7.800,1780168750,8,44,-54,gauche,0
234,7.800,1780168750,4,-12,486,droite,0
234,7.800,1780168750,2,222,685,droite,1
234,7.800,1780168750,1,177,671,droite,1
234,7.800,1780168750,11,247,721,droite,1
234,7.800,1780168750,7,164,721,droite,1
234,7.800,1780168750,10,-114,775,droite,0
235,7.833,1780168750,12,111,167,gauche,1
235,7.833,1780168750,4,227,88,gauche,1
235,7.833,1780168750,1,373,118,gauche,1
235,7.833,1780168750,3,16,55,gauche,1
235,7.833,1780168750,18,151,28,gauche,1
235,7.833,1780168750,13,30,35,gauche,1
235,7.833,1780168750,15,92,-27,gauche,0
235,7.833,1780168750,11,174,-10,gauche,0
235,7.833,1780168750,22,117,-1,gauche,0
235,7.833,1780168750,7,157,-15,gauche,0
235,7.833,1780168750,8,44,-54,gauche,0
235,7.833,1780168750,4,-12,486,droite,0
235,7.833,1780168750,2,222,685,droite,1
235,7.833,1780168750,1,177,671,droite,1
235,7.833,1780168750,11,247,721,droite,1
235,7.833,1780168750,7,164,721,droite,1
235,7.833,1780168750,10,-114,775,droite,0
236,7.867,1780168750,12,111,167,gauche,1
236,7.867,1780168750,4,227,88,gauche,1
236,7.867,1780168750,1,373,118,gauche,1
236,7.867,1780168750,3,16,54,gauche,1
236,7.867,1780168750,18,151,26,gauche,1
236,7.867,1780168750,15,92,-27,gauche,0
236,7.867,1780168750,13,30,35,gauche,1
236,7.867,1780168750,11,174,-11,gauche,0
236,7.867,1780168750,22,117,-1,gauche,0
236,7.867,1780168750,7,157,-15,gauche,0
236,7.867,1780168750,8,44,-54,gauche,0
236,7.867,1780168750,23,473,395,gauche,0
236,7.867,1780168750,4,-13,485,droite,0
236,7.867,1780168750,2,222,685,droite,1
236,7.867,1780168750,1,177,674,droite,1
236,7.867,1780168750,11,247,721,droite,1
236,7.867,1780168750,7,165,720,droite,1
236,7.867,1780168750,10,-114,775,droite,0
237,7.900,1780168750,12,111,167,gauche,1
237,7.900,1780168750,4,227,87,gauche,1
237,7.900,1780168750,1,372,119,gauche,1
237,7.900,1780168750,3,16,53,gauche,1
237,7.900,1780168750,15,92,-27,gauche,0
237,7.900,1780168750,18,151,24,gauche,1
237,7.900,1780168750,13,30,35,gauche,1
237,7.900,1780168750,22,117,-1,gauche,0
237,7.900,1780168750,11,174,-12,gauche,0
237,7.900,1780168750,7,157,-15,gauche,0
237,7.900,1780168750,8,43,-54,gauche,0
237,7.900,1780168750,23,473,396,gauche,0
237,7.900,1780168750,4,-13,485,droite,0
237,7.900,1780168750,2,222,685,droite,1
237,7.900,1780168750,1,177,678,droite,1
237,7.900,1780168750,11,246,722,droite,1
237,7.900,1780168750,7,164,720,droite,1
237,7.900,1780168750,10,-114,775,droite,0
238,7.933,1780168750,12,111,167,gauche,1
238,7.933,1780168750,4,226,86,gauche,1
238,7.933,1780168750,1,372,119,gauche,1
238,7.933,1780168750,3,15,52,gauche,1
238,7.933,1780168750,15,92,-27,gauche,0
238,7.933,1780168750,18,151,22,gauche,1
238,7.933,1780168750,22,117,-1,gauche,0
238,7.933,1780168750,13,30,35,gauche,1
238,7.933,1780168750,11,174,-14,gauche,0
238,7.933,1780168750,8,42,-53,gauche,0
238,7.933,1780168750,7,157,-14,gauche,0
238,7.933,1780168750,4,-14,485,droite,0
238,7.933,1780168750,2,223,686,droite,1
238,7.933,1780168750,1,177,680,droite,1
238,7.933,1780168750,7,163,720,droite,1
238,7.933,1780168750,11,246,722,droite,1
238,7.933,1780168750,10,-114,775,droite,0
239,7.967,1780168750,12,111,167,gauche,1
239,7.967,1780168750,4,226,84,gauche,1
239,7.967,1780168750,1,372,119,gauche,1
239,7.967,1780168750,3,15,53,gauche,1
239,7.967,1780168750,15,92,-27,gauche,0
239,7.967,1780168750,18,151,16,gauche,1
239,7.967,1780168750,22,117,-1,gauche,0
239,7.967,1780168750,13,29,35,gauche,1
239,7.967,1780168750,11,174,-16,gauche,0
239,7.967,1780168750,8,41,-54,gauche,0
239,7.967,1780168750,7,158,-13,gauche,0
239,7.967,1780168750,4,-14,485,droite,0
239,7.967,1780168750,1,177,680,droite,1
239,7.967,1780168750,2,225,687,droite,1
239,7.967,1780168750,7,163,721,droite,1
239,7.967,1780168750,11,245,723,droite,1
239,7.967,1780168750,10,-115,777,droite,0
240,8.000,1780168751,12,111,167,gauche,1
240,8.000,1780168751,1,371,119,gauche,1
240,8.000,1780168751,4,225,81,gauche,1
240,8.000,1780168751,3,15,53,gauche,1
240,8.000,1780168751,15,92,-27,gauche,0
240,8.000,1780168751,18,152,14,gauche,1
240,8.000,1780168751,22,117,-1,gauche,0
240,8.000,1780168751,13,30,36,gauche,1
240,8.000,1780168751,11,174,-20,gauche,0
240,8.000,1780168751,8,41,-53,gauche,0
240,8.000,1780168751,7,157,-14,gauche,0
240,8.000,1780168751,4,-14,483,droite,0
240,8.000,1780168751,1,177,680,droite,1
240,8.000,1780168751,2,226,687,droite,1
240,8.000,1780168751,7,163,721,droite,1
240,8.000,1780168751,11,245,723,droite,1
240,8.000,1780168751,10,-115,776,droite,0
241,8.033,1780168751,12,111,167,gauche,1
241,8.033,1780168751,1,371,119,gauche,1
241,8.033,1780168751,4,225,81,gauche,1
241,8.033,1780168751,3,15,53,gauche,1
241,8.033,1780168751,15,92,-27,gauche,0
241,8.033,1780168751,18,152,14,gauche,1
241,8.033,1780168751,22,117,-1,gauche,0
241,8.033,1780168751,13,30,36,gauche,1
241,8.033,1780168751,11,174,-20,gauche,0
241,8.033,1780168751,8,41,-53,gauche,0
241,8.033,1780168751,7,157,-14,gauche,0
241,8.033,1780168751,4,-14,483,droite,0
241,8.033,1780168751,1,177,680,droite,1
241,8.033,1780168751,2,226,687,droite,1
241,8.033,1780168751,7,163,721,droite,1
241,8.033,1780168751,11,245,723,droite,1
241,8.033,1780168751,10,-115,776,droite,0
242,8.067,1780168751,12,111,167,gauche,1
242,8.067,1780168751,1,371,119,gauche,1
242,8.067,1780168751,4,225,77,gauche,1
242,8.067,1780168751,3,15,52,gauche,1
242,8.067,1780168751,15,92,-28,gauche,0
242,8.067,1780168751,13,29,36,gauche,1
242,8.067,1780168751,18,152,14,gauche,1
242,8.067,1780168751,22,117,-1,gauche,0
242,8.067,1780168751,11,174,-22,gauche,0
242,8.067,1780168751,8,41,-53,gauche,0
242,8.067,1780168751,7,157,-14,gauche,0
242,8.067,1780168751,4,-14,481,droite,0
242,8.067,1780168751,1,177,680,droite,1
242,8.067,1780168751,7,162,721,droite,1
242,8.067,1780168751,2,228,688,droite,1
242,8.067,1780168751,11,245,723,droite,1
242,8.067,1780168751,10,-114,775,droite,0
243,8.100,1780168751,12,111,167,gauche,1
243,8.100,1780168751,1,370,121,gauche,1
243,8.100,1780168751,4,225,75,gauche,1
243,8.100,1780168751,3,15,52,gauche,1
243,8.100,1780168751,15,92,-28,gauche,0
243,8.100,1780168751,13,29,36,gauche,1
243,8.100,1780168751,22,117,-1,gauche,0
243,8.100,1780168751,11,174,-23,gauche,0
243,8.100,1780168751,8,40,-53,gauche,0
243,8.100,1780168751,18,153,13,gauche,1
243,8.100,1780168751,7,157,-15,gauche,0
243,8.100,1780168751,4,-14,480,droite,0
243,8.100,1780168751,1,177,680,droite,1
243,8.100,1780168751,7,162,721,droite,1
243,8.100,1780168751,11,245,723,droite,1
243,8.100,1780168751,2,229,689,droite,1
243,8.100,1780168751,10,-114,775,droite,0
244,8.133,1780168751,12,111,167,gauche,1
244,8.133,1780168751,1,369,123,gauche,1
244,8.133,1780168751,4,225,75,gauche,1
244,8.133,1780168751,3,15,52,gauche,1
244,8.133,1780168751,15,92,-28,gauche,0
244,8.133,1780168751,13,29,36,gauche,1
244,8.133,1780168751,18,154,11,gauche,1
244,8.133,1780168751,22,117,-1,gauche,0
244,8.133,1780168751,11,174,-23,gauche,0
244,8.133,1780168751,8,40,-53,gauche,0
244,8.133,1780168751,4,-13,476,droite,0
244,8.133,1780168751,1,177,680,droite,1
244,8.133,1780168751,7,161,722,droite,1
244,8.133,1780168751,11,245,723,droite,1
244,8.133,1780168751,2,230,691,droite,1
244,8.133,1780168751,10,-114,775,droite,0
245,8.167,1780168751,12,111,167,gauche,1
245,8.167,1780168751,4,225,73,gauche,1
245,8.167,1780168751,1,369,124,gauche,1
245,8.167,1780168751,3,14,51,gauche,1
245,8.167,1780168751,13,29,37,gauche,1
245,8.167,1780168751,18,155,13,gauche,1
245,8.167,1780168751,15,92,-28,gauche,0
245,8.167,1780168751,11,173,-23,gauche,0
245,8.167,1780168751,22,117,-1,gauche,0
245,8.167,1780168751,8,41,-53,gauche,0
245,8.167,1780168751,4,-12,475,droite,0
245,8.167,1780168751,1,177,680,droite,1
245,8.167,1780168751,7,161,722,droite,1
245,8.167,1780168751,2,231,691,droite,1
245,8.167,1780168751,11,245,723,droite,1
245,8.167,1780168751,10,-115,776,droite,0
246,8.200,1780168751,4,225,75,gauche,1
246,8.200,1780168751,12,111,167,gauche,1
246,8.200,1780168751,1,368,127,gauche,1
246,8.200,1780168751,3,14,51,gauche,1
246,8.200,1780168751,13,30,37,gauche,1
246,8.200,1780168751,15,93,-27,gauche,0
246,8.200,1780168751,18,155,13,gauche,1
246,8.200,1780168751,22,117,-1,gauche,0
246,8.200,1780168751,8,40,-53,gauche,0
246,8.200,1780168751,11,173,-25,gauche,0
246,8.200,1780168751,4,-12,473,droite,0
246,8.200,1780168751,1,177,680,droite,1
246,8.200,1780168751,2,232,692,droite,1
246,8.200,1780168751,7,161,721,droite,1
246,8.200,1780168751,11,245,723,droite,1
246,8.200,1780168751,10,-114,775,droite,0
247,8.233,1780168751,4,225,75,gauche,1
247,8.233,1780168751,12,111,167,gauche,1
247,8.233,1780168751,1,368,127,gauche,1
247,8.233,1780168751,3,15,52,gauche,1
247,8.233,1780168751,13,30,37,gauche,1
247,8.233,1780168751,15,93,-27,gauche,0
247,8.233,1780168751,18,155,13,gauche,1
247,8.233,1780168751,22,117,-1,gauche,0
247,8.233,1780168751,8,40,-53,gauche,0
247,8.233,1780168751,11,173,-25,gauche,0
247,8.233,1780168751,4,-12,473,droite,0
247,8.233,1780168751,1,177,680,droite,1
247,8.233,1780168751,2,232,692,droite,1
247,8.233,1780168751,7,161,721,droite,1
247,8.233,1780168751,11,245,723,droite,1
247,8.233,1780168751,10,-114,775,droite,0
248,8.267,1780168751,4,225,74,gauche,1
248,8.267,1780168751,12,111,167,gauche,1
248,8.267,1780168751,1,367,128,gauche,1
248,8.267,1780168751,3,14,51,gauche,1
248,8.267,1780168751,15,93,-27,gauche,0
248,8.267,1780168751,13,30,37,gauche,1
248,8.267,1780168751,18,155,13,gauche,1
248,8.267,1780168751,11,173,-24,gauche,0
248,8.267,1780168751,22,117,-1,gauche,0
248,8.267,1780168751,8,40,-53,gauche,0
248,8.267,1780168751,4,-12,472,droite,0
248,8.267,1780168751,1,177,680,droite,1
248,8.267,1780168751,2,233,691,droite,1
248,8.267,1780168751,7,161,721,droite,1
248,8.267,1780168751,11,245,723,droite,1
248,8.267,1780168751,10,-114,775,droite,0
249,8.300,1780168751,4,225,74,gauche,1
249,8.300,1780168751,12,111,167,gauche,1
249,8.300,1780168751,1,367,127,gauche,1
249,8.300,1780168751,3,15,52,gauche,1
249,8.300,1780168751,13,30,37,gauche,1
249,8.300,1780168751,15,92,-28,gauche,0
249,8.300,1780168751,18,158,12,gauche,1
249,8.300,1780168751,22,117,-1,gauche,0
249,8.300,1780168751,11,173,-23,gauche,0
249,8.300,1780168751,8,40,-53,gauche,0
249,8.300,1780168751,7,143,-28,gauche,0
249,8.300,1780168751,4,-11,470,droite,0
249,8.300,1780168751,1,177,682,droite,1
249,8.300,1780168751,2,233,690,droite,1
249,8.300,1780168751,7,161,721,droite,1
249,8.300,1780168751,11,246,723,droite,1
249,8.300,1780168751,10,-114,775,droite,0
250,8.333,1780168751,12,111,167,gauche,1
250,8.333,1780168751,4,225,74,gauche,1
250,8.333,1780168751,1,366,128,gauche,1
250,8.333,1780168751,3,14,51,gauche,1
250,8.333,1780168751,18,158,12,gauche,1
250,8.333,1780168751,13,30,37,gauche,1
250,8.333,1780168751,15,92,-28,gauche,0
250,8.333,1780168751,22,117,-1,gauche,0
250,8.333,1780168751,11,173,-26,gauche,0
250,8.333,1780168751,8,40,-53,gauche,0
250,8.333,1780168751,7,143,-28,gauche,0
250,8.333,1780168751,4,-11,469,droite,0
250,8.333,1780168751,1,177,683,droite,1
250,8.333,1780168751,2,234,689,droite,1
250,8.333,1780168751,7,162,721,droite,1
250,8.333,1780168751,11,248,724,droite,1
250,8.333,1780168751,10,-115,777,droite,0
251,8.367,1780168751,4,225,74,gauche,1
251,8.367,1780168751,12,111,167,gauche,1
251,8.367,1780168751,1,366,128,gauche,1
251,8.367,1780168751,3,14,50,gauche,1
251,8.367,1780168751,18,158,12,gauche,1
251,8.367,1780168751,13,30,37,gauche,1
251,8.367,1780168751,15,92,-28,gauche,0
251,8.367,1780168751,22,117,-1,gauche,0
251,8.367,1780168751,11,173,-23,gauche,0
251,8.367,1780168751,7,143,-28,gauche,0
251,8.367,1780168751,8,40,-53,gauche,0
251,8.367,1780168751,4,-11,470,droite,0
251,8.367,1780168751,1,177,684,droite,1
251,8.367,1780168751,7,162,721,droite,1
251,8.367,1780168751,2,234,688,droite,1
251,8.367,1780168751,11,248,726,droite,1
251,8.367,1780168751,10,-114,775,droite,0
252,8.400,1780168751,4,225,73,gauche,1
252,8.400,1780168751,12,111,167,gauche,1
252,8.400,1780168751,1,366,127,gauche,1
252,8.400,1780168751,18,159,12,gauche,1
252,8.400,1780168751,3,13,47,gauche,1
252,8.400,1780168751,15,92,-28,gauche,0
252,8.400,1780168751,13,30,38,gauche,1
252,8.400,1780168751,22,117,-1,gauche,0
252,8.400,1780168751,11,172,-23,gauche,0
252,8.400,1780168751,7,143,-28,gauche,0
252,8.400,1780168751,8,40,-53,gauche,0
252,8.400,1780168751,4,-11,470,droite,0
252,8.400,1780168751,2,234,688,droite,1
252,8.400,1780168751,1,177,687,droite,1
252,8.400,1780168751,7,163,721,droite,1
252,8.400,1780168751,11,248,727,droite,1
252,8.400,1780168751,10,-114,776,droite,0
253,8.433,1780168751,4,225,73,gauche,1
253,8.433,1780168751,12,111,167,gauche,1
253,8.433,1780168751,1,366,127,gauche,1
253,8.433,1780168751,18,159,12,gauche,1
253,8.433,1780168751,3,13,47,gauche,1
253,8.433,1780168751,15,92,-28,gauche,0
253,8.433,1780168751,13,30,38,gauche,1
253,8.433,1780168751,22,117,-1,gauche,0
253,8.433,1780168751,11,172,-23,gauche,0
253,8.433,1780168751,7,143,-28,gauche,0
253,8.433,1780168751,8,40,-53,gauche,0
253,8.433,1780168751,4,-11,470,droite,0
253,8.433,1780168751,2,234,688,droite,1
253,8.433,1780168751,1,177,687,droite,1
253,8.433,1780168751,7,163,721,droite,1
253,8.433,1780168751,11,248,727,droite,1
253,8.433,1780168751,10,-114,776,droite,0
254,8.467,1780168751,12,111,167,gauche,1
254,8.467,1780168751,4,224,73,gauche,1
254,8.467,1780168751,1,367,126,gauche,1
254,8.467,1780168751,3,13,46,gauche,1
254,8.467,1780168751,18,159,12,gauche,1
254,8.467,1780168751,15,92,-28,gauche,0
254,8.467,1780168751,13,30,38,gauche,1
254,8.467,1780168751,11,172,-23,gauche,0
254,8.467,1780168751,22,117,-1,gauche,0
254,8.467,1780168751,7,143,-29,gauche,0
254,8.467,1780168751,8,40,-53,gauche,0
254,8.467,1780168751,4,-11,470,droite,0
254,8.467,1780168751,2,234,688,droite,1
254,8.467,1780168751,1,177,691,droite,1
254,8.467,1780168751,7,163,722,droite,1
254,8.467,1780168751,11,249,730,droite,1
254,8.467,1780168751,10,-114,776,droite,0
255,8.500,1780168751,12,111,167,gauche,1
255,8.500,1780168751,4,224,71,gauche,1
255,8.500,1780168751,1,367,127,gauche,1
255,8.500,1780168751,3,12,44,gauche,1
255,8.500,1780168751,15,92,-28,gauche,0
255,8.500,1780168751,22,117,-1,gauche,0
255,8.500,1780168751,13,30,38,gauche,1
255,8.500,1780168751,11,173,-23,gauche,0
255,8.500,1780168751,18,159,12,gauche,1
255,8.500,1780168751,7,144,-28,gauche,0
255,8.500,1780168751,8,40,-53,gauche,0
255,8.500,1780168751,4,-11,469,droite,0
255,8.500,1780168751,2,234,687,droite,1
255,8.500,1780168751,1,177,695,droite,1
255,8.500,1780168751,7,163,722,droite,1
255,8.500,1780168751,10,-114,776,droite,0
255,8.500,1780168751,11,250,731,droite,1
256,8.533,1780168751,12,111,167,gauche,1
256,8.533,1780168751,4,224,69,gauche,1
256,8.533,1780168751,1,367,127,gauche,1
256,8.533,1780168751,3,11,42,gauche,1
256,8.533,1780168751,15,92,-27,gauche,0
256,8.533,1780168751,13,30,38,gauche,1
256,8.533,1780168751,22,117,-1,gauche,0
256,8.533,1780168751,11,172,-24,gauche,0
256,8.533,1780168751,7,144,-28,gauche,0
256,8.533,1780168751,18,160,-1,gauche,0
256,8.533,1780168751,8,41,-53,gauche,0
256,8.533,1780168751,4,-11,469,droite,0
256,8.533,1780168751,2,235,687,droite,1
256,8.533,1780168751,1,177,697,droite,1
256,8.533,1780168751,7,163,722,droite,1
256,8.533,1780168751,10,-114,776,droite,0
256,8.533,1780168751,11,251,731,droite,1
257,8.567,1780168751,12,111,167,gauche,1
257,8.567,1780168751,4,223,66,gauche,1
257,8.567,1780168751,1,365,130,gauche,1
257,8.567,1780168751,3,11,40,gauche,1
257,8.567,1780168751,15,92,-28,gauche,0
257,8.567,1780168751,22,117,-1,gauche,0
257,8.567,1780168751,13,29,37,gauche,1
257,8.567,1780168751,11,172,-25,gauche,0
257,8.567,1780168751,7,143,-28,gauche,0
257,8.567,1780168751,18,160,0,gauche,1
257,8.567,1780168751,8,41,-53,gauche,0
257,8.567,1780168751,4,-11,469,droite,0
257,8.567,1780168751,1,177,698,droite,1
257,8.567,1780168751,7,163,723,droite,1
257,8.567,1780168751,2,237,688,droite,1
257,8.567,1780168751,10,-115,777,droite,0
258,8.600,1780168751,12,111,167,gauche,1
258,8.600,1780168751,4,223,62,gauche,1
258,8.600,1780168751,1,365,130,gauche,1
258,8.600,1780168751,3,10,37,gauche,1
258,8.600,1780168751,15,91,-28,gauche,0
258,8.600,1780168751,18,160,2,gauche,1
258,8.600,1780168751,22,117,-1,gauche,0
258,8.600,1780168751,13,29,37,gauche,1
258,8.600,1780168751,11,173,-27,gauche,0
258,8.600,1780168751,7,143,-27,gauche,0
258,8.600,1780168751,8,41,-53,gauche,0
258,8.600,1780168751,4,-11,469,droite,0
258,8.600,1780168751,1,177,699,droite,1
258,8.600,1780168751,7,164,724,droite,1
258,8.600,1780168751,2,239,688,droite,1
258,8.600,1780168751,10,-114,776,droite,0
259,8.633,1780168751,12,111,167,gauche,1
259,8.633,1780168751,4,223,62,gauche,1
259,8.633,1780168751,1,365,130,gauche,1
259,8.633,1780168751,3,10,37,gauche,1
259,8.633,1780168751,15,91,-28,gauche,0
259,8.633,1780168751,18,160,2,gauche,1
259,8.633,1780168751,22,117,-1,gauche,0
259,8.633,1780168751,13,29,37,gauche,1
259,8.633,1780168751,11,172,-27,gauche,0
259,8.633,1780168751,7,143,-28,gauche,0
259,8.633,1780168751,8,41,-53,gauche,0
259,8.633,1780168751,4,-11,469,droite,0
259,8.633,1780168751,1,177,699,droite,1
259,8.633,1780168751,7,164,724,droite,1
259,8.633,1780168751,2,239,688,droite,1
259,8.633,1780168751,10,-114,776,droite,0
260,8.667,1780168751,12,111,167,gauche,1
260,8.667,1780168751,4,222,63,gauche,1
260,8.667,1780168751,1,365,129,gauche,1
260,8.667,1780168751,15,92,-28,gauche,0
260,8.667,1780168751,3,10,37,gauche,1
260,8.667,1780168751,18,161,0,gauche,1
260,8.667,1780168751,22,117,-1,gauche,0
260,8.667,1780168751,13,28,34,gauche,1
260,8.667,1780168751,7,143,-27,gauche,0
260,8.667,1780168751,11,171,-29,gauche,0
260,8.667,1780168751,8,41,-53,gauche,0
260,8.667,1780168751,24,11,-56,gauche,0
260,8.667,1780168751,4,-11,469,droite,0
260,8.667,1780168751,7,164,724,droite,1
260,8.667,1780168751,1,177,698,droite,1
260,8.667,1780168751,2,241,688,droite,1
260,8.667,1780168751,10,-114,776,droite,0
261,8.700,1780168751,12,111,167,gauche,1
261,8.700,1780168751,4,220,59,gauche,1
261,8.700,1780168751,1,364,130,gauche,1
261,8.700,1780168751,15,92,-28,gauche,0
261,8.700,1780168751,3,10,35,gauche,1
261,8.700,1780168751,22,117,-1,gauche,0
261,8.700,1780168751,13,28,32,gauche,1
261,8.700,1780168751,18,162,-1,gauche,0
261,8.700,1780168751,7,143,-27,gauche,0
261,8.700,1780168751,8,41,-53,gauche,0
261,8.700,1780168751,11,171,-30,gauche,0
261,8.700,1780168751,4,-12,469,droite,0
261,8.700,1780168751,2,241,688,droite,1
261,8.700,1780168751,7,164,724,droite,1
261,8.700,1780168751,1,177,698,droite,1
261,8.700,1780168751,10,-114,776,droite,0
262,8.733,1780168751,12,111,167,gauche,1
262,8.733,1780168751,4,219,58,gauche,1
262,8.733,1780168751,1,364,129,gauche,1
262,8.733,1780168751,15,92,-28,gauche,0
262,8.733,1780168751,3,10,35,gauche,1
262,8.733,1780168751,18,163,-2,gauche,0
262,8.733,1780168751,22,117,-1,gauche,0
262,8.733,1780168751,13,27,32,gauche,1
262,8.733,1780168751,7,143,-27,gauche,0
262,8.733,1780168751,8,42,-53,gauche,0
262,8.733,1780168751,4,-11,468,droite,0
262,8.733,1780168751,1,177,698,droite,1
262,8.733,1780168751,2,241,688,droite,1
262,8.733,1780168751,7,164,725,droite,1
262,8.733,1780168751,10,-114,776,droite,0
263,8.767,1780168751,12,111,167,gauche,1
263,8.767,1780168751,4,219,57,gauche,1
263,8.767,1780168751,1,364,130,gauche,1
263,8.767,1780168751,3,10,35,gauche,1
263,8.767,1780168751,22,117,-1,gauche,0
263,8.767,1780168751,15,92,-28,gauche,0
263,8.767,1780168751,13,28,32,gauche,1
263,8.767,1780168751,18,163,-3,gauche,0
263,8.767,1780168751,7,143,-27,gauche,0
263,8.767,1780168751,8,42,-52,gauche,0
263,8.767,1780168751,4,-12,470,droite,0
263,8.767,1780168751,2,243,689,droite,1
263,8.767,1780168751,7,163,725,droite,1
263,8.767,1780168751,1,177,698,droite,1
263,8.767,1780168751,10,-114,776,droite,0
264,8.800,1780168751,12,111,167,gauche,1
264,8.800,1780168751,4,219,58,gauche,1
264,8.800,1780168751,1,363,130,gauche,1
264,8.800,1780168751,18,165,-2,gauche,0
264,8.800,1780168751,15,92,-28,gauche,0
264,8.800,1780168751,3,10,34,gauche,1
264,8.800,1780168751,22,116,-1,gauche,0
264,8.800,1780168751,13,30,41,gauche,1
264,8.800,1780168751,7,143,-27,gauche,0
264,8.800,1780168751,8,42,-53,gauche,0
264,8.800,1780168751,4,-12,470,droite,0
264,8.800,1780168751,7,163,726,droite,1
264,8.800,1780168751,1,177,698,droite,1
264,8.800,1780168751,2,244,687,droite,1
264,8.800,1780168751,10,-114,776,droite,0
265,8.833,1780168751,12,111,167,gauche,1
265,8.833,1780168751,4,219,58,gauche,1
265,8.833,1780168751,1,363,130,gauche,1
265,8.833,1780168751,18,165,-2,gauche,0
265,8.833,1780168751,15,92,-28,gauche,0
265,8.833,1780168751,3,10,34,gauche,1
265,8.833,1780168751,22,116,-1,gauche,0
265,8.833,1780168751,13,30,41,gauche,1
265,8.833,1780168751,7,143,-27,gauche,0
265,8.833,1780168751,8,42,-53,gauche,0
265,8.833,1780168751,4,-12,470,droite,0
265,8.833,1780168751,7,163,726,droite,1
265,8.833,1780168751,1,177,698,droite,1
265,8.833,1780168751,2,244,687,droite,1
265,8.833,1780168751,10,-114,776,droite,0
266,8.867,1780168751,12,111,167,gauche,1
266,8.867,1780168751,4,218,58,gauche,1
266,8.867,1780168751,1,362,130,gauche,1
266,8.867,1780168751,18,167,-3,gauche,0
266,8.867,1780168751,15,92,-28,gauche,0
266,8.867,1780168751,3,10,35,gauche,1
266,8.867,1780168751,22,116,-1,gauche,0
266,8.867,1780168751,13,29,41,gauche,1
266,8.867,1780168751,7,143,-27,gauche,0
266,8.867,1780168751,8,42,-53,gauche,0
266,8.867,1780168751,4,-11,467,droite,0
266,8.867,1780168751,1,178,698,droite,1
266,8.867,1780168751,2,246,687,droite,1
266,8.867,1780168751,7,162,727,droite,1
266,8.867,1780168751,10,-114,776,droite,0
266,8.867,1780168751,11,248,729,droite,1
267,8.900,1780168751,12,111,167,gauche,1
267,8.900,1780168751,4,217,57,gauche,1
267,8.900,1780168751,1,361,131,gauche,1
267,8.900,1780168751,15,92,-28,gauche,0
267,8.900,1780168751,13,29,42,gauche,1
267,8.900,1780168751,22,116,-1,gauche,0
267,8.900,1780168751,3,11,36,gauche,1
267,8.900,1780168751,18,169,-3,gauche,0
267,8.900,1780168751,7,143,-27,gauche,0
267,8.900,1780168751,11,156,-19,gauche,0
267,8.900,1780168751,8,43,-52,gauche,0
267,8.900,1780168751,24,473,394,gauche,0
267,8.900,1780168751,4,-11,465,droite,0
267,8.900,1780168751,2,246,686,droite,1
267,8.900,1780168751,1,177,699,droite,1
267,8.900,1780168751,7,162,729,droite,1
267,8.900,1780168751,10,-114,776,droite,0
268,8.933,1780168751,12,111,167,gauche,1
268,8.933,1780168751,4,217,58,gauche,1
268,8.933,1780168751,1,360,132,gauche,1
268,8.933,1780168751,15,92,-28,gauche,0
268,8.933,1780168751,13,29,42,gauche,1
268,8.933,1780168751,18,169,-3,gauche,0
268,8.933,1780168751,3,10,36,gauche,1
268,8.933,1780168751,22,116,-1,gauche,0
268,8.933,1780168751,7,143,-27,gauche,0
268,8.933,1780168751,11,156,-20,gauche,0
268,8.933,1780168751,8,43,-52,gauche,0
268,8.933,1780168751,4,-10,463,droite,0
268,8.933,1780168751,2,248,685,droite,1
268,8.933,1780168751,1,177,700,droite,1
268,8.933,1780168751,7,162,730,droite,1
268,8.933,1780168751,10,-114,776,droite,0
269,8.967,1780168751,12,111,167,gauche,1
269,8.967,1780168751,4,217,57,gauche,1
269,8.967,1780168751,1,359,132,gauche,1
269,8.967,1780168751,15,92,-28,gauche,0
269,8.967,1780168751,13,28,42,gauche,1
269,8.967,1780168751,18,170,-3,gauche,0
269,8.967,1780168751,22,116,-1,gauche,0
269,8.967,1780168751,7,144,-27,gauche,0
269,8.967,1780168751,3,10,36,gauche,1
269,8.967,1780168751,11,156,-20,gauche,0
269,8.967,1780168751,8,43,-53,gauche,0
269,8.967,1780168751,24,473,395,gauche,0
269,8.967,1780168751,4,-10,462,droite,0
269,8.967,1780168751,2,249,685,droite,1
269,8.967,1780168751,1,177,701,droite,1
269,8.967,1780168751,7,162,731,droite,1
269,8.967,1780168751,11,247,730,droite,1
269,8.967,1780168751,10,-114,776,droite,0
270,9.000,1780168752,12,111,167,gauche,1
270,9.000,1780168752,4,216,56,gauche,1
270,9.000,1780168752,1,358,133,gauche,1
270,9.000,1780168752,13,28,42,gauche,1
270,9.000,1780168752,15,92,-28,gauche,0
270,9.000,1780168752,22,116,-1,gauche,0
270,9.000,1780168752,18,171,-3,gauche,0
270,9.000,1780168752,7,143,-28,gauche,0
270,9.000,1780168752,3,11,36,gauche,1
270,9.000,1780168752,11,156,-19,gauche,0
270,9.000,1780168752,8,43,-52,gauche,0
270,9.000,1780168752,4,-9,461,droite,0
270,9.000,1780168752,2,249,683,droite,1
270,9.000,1780168752,1,177,701,droite,1
270,9.000,1780168752,7,163,731,droite,1
270,9.000,1780168752,10,-113,776,droite,0
271,9.033,1780168752,12,111,167,gauche,1
271,9.033,1780168752,4,216,56,gauche,1
271,9.033,1780168752,1,358,133,gauche,1
271,9.033,1780168752,13,28,42,gauche,1
271,9.033,1780168752,15,92,-28,gauche,0
271,9.033,1780168752,22,116,-1,gauche,0
271,9.033,1780168752,7,143,-28,gauche,0
271,9.033,1780168752,18,171,-3,gauche,0
271,9.033,1780168752,3,10,35,gauche,1
271,9.033,1780168752,11,156,-19,gauche,0
271,9.033,1780168752,8,43,-52,gauche,0
271,9.033,1780168752,4,-9,461,droite,0
271,9.033,1780168752,1,177,701,droite,1
271,9.033,1780168752,2,249,683,droite,1
271,9.033,1780168752,7,163,731,droite,1
271,9.033,1780168752,10,-113,776,droite,0
272,9.067,1780168752,12,111,167,gauche,1
272,9.067,1780168752,4,216,55,gauche,1
272,9.067,1780168752,1,357,133,gauche,1
272,9.067,1780168752,13,28,42,gauche,1
272,9.067,1780168752,7,144,-28,gauche,0
272,9.067,1780168752,15,92,-28,gauche,0
272,9.067,1780168752,18,171,-4,gauche,0
272,9.067,1780168752,22,116,-1,gauche,0
272,9.067,1780168752,11,157,-20,gauche,0
272,9.067,1780168752,8,43,-53,gauche,0
272,9.067,1780168752,3,10,35,gauche,1
272,9.067,1780168752,4,-10,460,droite,0
272,9.067,1780168752,2,250,683,droite,1
272,9.067,1780168752,1,177,703,droite,1
272,9.067,1780168752,7,163,732,droite,1
272,9.067,1780168752,11,248,729,droite,1
272,9.067,1780168752,10,-114,776,droite,0
273,9.100,1780168752,12,111,167,gauche,1
273,9.100,1780168752,4,215,54,gauche,1
273,9.100,1780168752,1,358,133,gauche,1
273,9.100,1780168752,13,27,43,gauche,1
273,9.100,1780168752,18,171,-4,gauche,0
273,9.100,1780168752,7,144,-28,gauche,0
273,9.100,1780168752,15,92,-28,gauche,0
273,9.100,1780168752,11,157,-19,gauche,0
273,9.100,1780168752,22,116,-1,gauche,0
273,9.100,1780168752,8,43,-53,gauche,0
273,9.100,1780168752,4,-9,459,droite,0
273,9.100,1780168752,2,250,684,droite,1
273,9.100,1780168752,1,177,706,droite,1
273,9.100,1780168752,11,248,728,droite,1
273,9.100,1780168752,7,164,731,droite,1
273,9.100,1780168752,10,-114,776,droite,0
274,9.133,1780168752,12,111,167,gauche,1
274,9.133,1780168752,4,215,53,gauche,1
274,9.133,1780168752,1,357,134,gauche,1
274,9.133,1780168752,15,92,-28,gauche,0
274,9.133,1780168752,13,26,43,gauche,1
274,9.133,1780168752,22,116,-1,gauche,0
274,9.133,1780168752,7,144,-28,gauche,0
274,9.133,1780168752,11,156,-17,gauche,0
274,9.133,1780168752,18,172,-9,gauche,0
274,9.133,1780168752,8,43,-53,gauche,0
274,9.133,1780168752,4,-9,458,droite,0
274,9.133,1780168752,2,251,683,droite,1
274,9.133,1780168752,1,177,708,droite,1
274,9.133,1780168752,7,164,733,droite,1
274,9.133,1780168752,11,248,726,droite,1
274,9.133,1780168752,10,-114,775,droite,0
275,9.167,1780168752,12,111,167,gauche,1
275,9.167,1780168752,4,215,50,gauche,1
275,9.167,1780168752,1,357,134,gauche,1
275,9.167,1780168752,15,92,-28,gauche,0
275,9.167,1780168752,18,172,-10,gauche,0
275,9.167,1780168752,11,156,-19,gauche,0
275,9.167,1780168752,22,116,-1,gauche,0
275,9.167,1780168752,13,23,42,gauche,1
275,9.167,1780168752,7,144,-28,gauche,0
275,9.167,1780168752,8,43,-53,gauche,0
275,9.167,1780168752,4,-9,457,droite,0
275,9.167,1780168752,2,252,683,droite,1
275,9.167,1780168752,1,177,711,droite,1
275,9.167,1780168752,11,250,726,droite,1
275,9.167,1780168752,7,165,733,droite,1
275,9.167,1780168752,10,-114,775,droite,0
276,9.200,1780168752,12,111,167,gauche,1
276,9.200,1780168752,4,215,45,gauche,1
276,9.200,1780168752,1,357,134,gauche,1
276,9.200,1780168752,15,92,-28,gauche,0
276,9.200,1780168752,18,173,-11,gauche,0
276,9.200,1780168752,13,22,43,gauche,1
276,9.200,1780168752,11,156,-19,gauche,0
276,9.200,1780168752,22,115,-2,gauche,0
276,9.200,1780168752,7,143,-29,gauche,0
276,9.200,1780168752,8,43,-53,gauche,0
276,9.200,1780168752,4,-10,456,droite,0
276,9.200,1780168752,2,254,683,droite,1
276,9.200,1780168752,1,177,714,droite,1
276,9.200,1780168752,11,250,726,droite,1
276,9.200,1780168752,7,165,732,droite,1
276,9.200,1780168752,10,-114,775,droite,0
277,9.233,1780168752,12,111,167,gauche,1
277,9.233,1780168752,4,215,45,gauche,1
277,9.233,1780168752,1,357,134,gauche,1
277,9.233,1780168752,15,92,-28,gauche,0
277,9.233,1780168752,18,173,-11,gauche,0
277,9.233,1780168752,13,22,43,gauche,1
277,9.233,1780168752,11,156,-19,gauche,0
277,9.233,1780168752,22,115,-2,gauche,0
277,9.233,1780168752,7,143,-29,gauche,0
277,9.233,1780168752,8,43,-53,gauche,0
277,9.233,1780168752,4,-10,456,droite,0
277,9.233,1780168752,2,254,683,droite,1
277,9.233,1780168752,1,177,714,droite,1
277,9.233,1780168752,11,250,726,droite,1
277,9.233,1780168752,7,165,732,droite,1
277,9.233,1780168752,10,-114,775,droite,0
278,9.267,1780168752,12,111,167,gauche,1
278,9.267,1780168752,4,215,44,gauche,1
278,9.267,1780168752,1,356,134,gauche,1
278,9.267,1780168752,18,174,-12,gauche,0
278,9.267,1780168752,15,92,-28,gauche,0
278,9.267,1780168752,13,22,42,gauche,1
278,9.267,1780168752,11,156,-15,gauche,0
278,9.267,1780168752,22,116,-1,gauche,0
278,9.267,1780168752,7,143,-29,gauche,0
278,9.267,1780168752,8,43,-53,gauche,0
278,9.267,1780168752,4,-10,456,droite,0
278,9.267,1780168752,2,256,682,droite,1
278,9.267,1780168752,1,177,715,droite,1
278,9.267,1780168752,11,250,726,droite,1
278,9.267,1780168752,7,165,731,droite,1
278,9.267,1780168752,10,-114,775,droite,0
279,9.300,1780168752,12,111,167,gauche,1
279,9.300,1780168752,4,215,44,gauche,1
279,9.300,1780168752,1,356,133,gauche,1
279,9.300,1780168752,18,174,-12,gauche,0
279,9.300,1780168752,13,22,44,gauche,1
279,9.300,1780168752,15,92,-28,gauche,0
279,9.300,1780168752,11,156,-14,gauche,0
279,9.300,1780168752,22,116,-1,gauche,0
279,9.300,1780168752,7,143,-27,gauche,0
279,9.300,1780168752,4,-11,456,droite,0
279,9.300,1780168752,1,177,715,droite,1
279,9.300,1780168752,2,259,680,droite,1
279,9.300,1780168752,11,250,726,droite,1
279,9.300,1780168752,7,165,732,droite,1
279,9.300,1780168752,10,-114,775,droite,0
280,9.333,1780168752,12,111,167,gauche,1
280,9.333,1780168752,4,215,43,gauche,1
280,9.333,1780168752,1,356,133,gauche,1
280,9.333,1780168752,13,22,48,gauche,1
280,9.333,1780168752,15,92,-28,gauche,0
280,9.333,1780168752,18,174,-12,gauche,0
280,9.333,1780168752,22,117,-1,gauche,0
280,9.333,1780168752,11,157,-14,gauche,0
280,9.333,1780168752,7,144,-28,gauche,0
280,9.333,1780168752,4,-11,456,droite,0
280,9.333,1780168752,1,178,716,droite,1
280,9.333,1780168752,2,260,680,droite,1
280,9.333,1780168752,11,250,726,droite,1
280,9.333,1780168752,7,165,732,droite,1
280,9.333,1780168752,10,-114,775,droite,0
281,9.367,1780168752,12,111,167,gauche,1
281,9.367,1780168752,4,215,44,gauche,1
281,9.367,1780168752,1,356,134,gauche,1
281,9.367,1780168752,15,92,-28,gauche,0
281,9.367,1780168752,13,23,50,gauche,1
281,9.367,1780168752,22,117,-1,gauche,0
281,9.367,1780168752,11,157,-14,gauche,0
281,9.367,1780168752,18,174,-13,gauche,0
281,9.367,1780168752,7,143,-28,gauche,0
281,9.367,1780168752,4,-12,456,droite,0
281,9.367,1780168752,1,177,716,droite,1
281,9.367,1780168752,2,261,681,droite,1
281,9.367,1780168752,11,250,727,droite,1
281,9.367,1780168752,7,165,732,droite,1
281,9.367,1780168752,10,-114,775,droite,0
282,9.400,1780168752,12,111,167,gauche,1
282,9.400,1780168752,4,215,44,gauche,1
282,9.400,1780168752,1,355,134,gauche,1
282,9.400,1780168752,15,92,-28,gauche,0
282,9.400,1780168752,13,22,49,gauche,1
282,9.400,1780168752,22,118,-1,gauche,0
282,9.400,1780168752,11,157,-14,gauche,0
282,9.400,1780168752,18,175,-12,gauche,0
282,9.400,1780168752,7,143,-28,gauche,0
282,9.400,1780168752,4,-13,456,droite,0
282,9.400,1780168752,1,177,716,droite,1
282,9.400,1780168752,2,262,681,droite,1
282,9.400,1780168752,11,250,726,droite,1
282,9.400,1780168752,7,166,733,droite,1
282,9.400,1780168752,10,-114,776,droite,0
283,9.433,1780168752,12,111,167,gauche,1
283,9.433,1780168752,4,215,44,gauche,1
283,9.433,1780168752,1,355,134,gauche,1
283,9.433,1780168752,15,92,-28,gauche,0
283,9.433,1780168752,13,22,49,gauche,1
283,9.433,1780168752,22,118,-1,gauche,0
283,9.433,1780168752,11,157,-14,gauche,0
283,9.433,1780168752,18,175,-12,gauche,0
283,9.433,1780168752,7,143,-28,gauche,0
283,9.433,1780168752,4,-13,456,droite,0
283,9.433,1780168752,1,177,716,droite,1
283,9.433,1780168752,2,262,681,droite,1
283,9.433,1780168752,11,250,726,droite,1
283,9.433,1780168752,7,166,733,droite,1
283,9.433,1780168752,10,-114,775,droite,0
284,9.467,1780168752,12,111,167,gauche,1
284,9.467,1780168752,4,215,44,gauche,1
284,9.467,1780168752,1,355,134,gauche,1
284,9.467,1780168752,15,92,-27,gauche,0
284,9.467,1780168752,13,24,56,gauche,1
284,9.467,1780168752,11,158,-14,gauche,0
284,9.467,1780168752,22,118,-1,gauche,0
284,9.467,1780168752,18,175,-12,gauche,0
284,9.467,1780168752,7,143,-28,gauche,0
284,9.467,1780168752,4,-13,456,droite,0
284,9.467,1780168752,2,263,681,droite,1
284,9.467,1780168752,1,177,716,droite,1
284,9.467,1780168752,11,250,726,droite,1
284,9.467,1780168752,7,166,733,droite,1
284,9.467,1780168752,10,-113,776,droite,0
285,9.500,1780168752,12,111,167,gauche,1
285,9.500,1780168752,4,215,44,gauche,1
285,9.500,1780168752,1,355,134,gauche,1
285,9.500,1780168752,13,24,59,gauche,1
285,9.500,1780168752,15,92,-27,gauche,0
285,9.500,1780168752,11,158,-14,gauche,0
285,9.500,1780168752,18,176,-12,gauche,0
285,9.500,1780168752,22,118,-1,gauche,0
285,9.500,1780168752,7,143,-28,gauche,0
285,9.500,1780168752,4,-14,456,droite,0
285,9.500,1780168752,1,177,716,droite,1
285,9.500,1780168752,2,263,681,droite,1
285,9.500,1780168752,11,250,726,droite,1
285,9.500,1780168752,7,166,734,droite,1
285,9.500,1780168752,10,-114,776,droite,0
286,9.533,1780168752,12,111,167,gauche,1
286,9.533,1780168752,4,215,43,gauche,1
286,9.533,1780168752,1,355,135,gauche,1
286,9.533,1780168752,15,92,-28,gauche,0
286,9.533,1780168752,11,158,-14,gauche,0
286,9.533,1780168752,13,25,62,gauche,1
286,9.533,1780168752,18,176,-13,gauche,0
286,9.533,1780168752,22,119,-1,gauche,0
286,9.533,1780168752,4,-15,456,droite,0
286,9.533,1780168752,2,264,679,droite,1
286,9.533,1780168752,1,177,716,droite,1
286,9.533,1780168752,11,250,726,droite,1
286,9.533,1780168752,7,165,735,droite,1
286,9.533,1780168752,10,-114,776,droite,0
287,9.567,1780168752,12,111,167,gauche,1
287,9.567,1780168752,4,214,42,gauche,1
287,9.567,1780168752,1,355,137,gauche,1
287,9.567,1780168752,15,92,-27,gauche,0
287,9.567,1780168752,13,26,62,gauche,1
287,9.567,1780168752,11,158,-14,gauche,0
287,9.567,1780168752,18,176,-14,gauche,0
287,9.567,1780168752,22,119,-1,gauche,0
287,9.567,1780168752,4,-16,455,droite,0
287,9.567,1780168752,2,264,678,droite,1
287,9.567,1780168752,1,178,716,droite,1
287,9.567,1780168752,11,250,726,droite,1
287,9.567,1780168752,7,166,735,droite,1
287,9.567,1780168752,10,-114,776,droite,0
288,9.600,1780168752,12,111,167,gauche,1
288,9.600,1780168752,4,214,42,gauche,1
288,9.600,1780168752,1,354,139,gauche,1
288,9.600,1780168752,15,92,-28,gauche,0
288,9.600,1780168752,11,158,-14,gauche,0
288,9.600,1780168752,13,26,64,gauche,1
288,9.600,1780168752,18,176,-15,gauche,0
288,9.600,1780168752,7,143,-28,gauche,0
288,9.600,1780168752,4,-17,455,droite,0
288,9.600,1780168752,2,265,677,droite,1
288,9.600,1780168752,1,177,716,droite,1
288,9.600,1780168752,11,251,727,droite,1
288,9.600,1780168752,7,165,738,droite,0
288,9.600,1780168752,10,-115,777,droite,0
289,9.633,1780168752,12,111,167,gauche,1
289,9.633,1780168752,4,214,42,gauche,1
289,9.633,1780168752,1,354,139,gauche,1
289,9.633,1780168752,15,92,-28,gauche,0
289,9.633,1780168752,11,158,-14,gauche,0
289,9.633,1780168752,13,26,64,gauche,1
289,9.633,1780168752,7,143,-28,gauche,0
289,9.633,1780168752,18,176,-15,gauche,0
289,9.633,1780168752,4,-17,455,droite,0
289,9.633,1780168752,2,265,677,droite,1
289,9.633,1780168752,1,177,716,droite,1
289,9.633,1780168752,11,251,727,droite,1
289,9.633,1780168752,7,165,738,droite,0
289,9.633,1780168752,10,-115,777,droite,0
290,9.667,1780168752,12,111,167,gauche,1
290,9.667,1780168752,1,353,142,gauche,1
290,9.667,1780168752,4,214,40,gauche,1
290,9.667,1780168752,15,93,-28,gauche,0
290,9.667,1780168752,11,158,-14,gauche,0
290,9.667,1780168752,13,26,66,gauche,1
290,9.667,1780168752,18,176,-17,gauche,0
290,9.667,1780168752,7,143,-28,gauche,0
290,9.667,1780168752,4,-17,452,droite,0
290,9.667,1780168752,1,178,716,droite,1
290,9.667,1780168752,2,265,677,droite,1
290,9.667,1780168752,11,251,727,droite,1
290,9.667,1780168752,7,165,740,droite,0
290,9.667,1780168752,10,-115,777,droite,0
291,9.700,1780168752,12,111,167,gauche,1
291,9.700,1780168752,1,353,142,gauche,1
291,9.700,1780168752,4,213,39,gauche,1
291,9.700,1780168752,15,92,-28,gauche,0
291,9.700,1780168752,11,158,-14,gauche,0
291,9.700,1780168752,18,175,-18,gauche,0
291,9.700,1780168752,13,26,69,gauche,1
291,9.700,1780168752,7,143,-28,gauche,0
291,9.700,1780168752,8,11,5,gauche,1
291,9.700,1780168752,4,-16,448,droite,0
291,9.700,1780168752,1,178,717,droite,1
291,9.700,1780168752,2,266,677,droite,1
291,9.700,1780168752,11,251,727,droite,1
291,9.700,1780168752,7,165,742,droite,0
291,9.700,1780168752,10,-115,777,droite,0
292,9.733,1780168752,12,111,167,gauche,1
292,9.733,1780168752,1,352,142,gauche,1
292,9.733,1780168752,4,213,38,gauche,1
292,9.733,1780168752,15,93,-28,gauche,0
292,9.733,1780168752,11,158,-14,gauche,0
292,9.733,1780168752,18,176,-20,gauche,0
292,9.733,1780168752,8,12,7,gauche,1
292,9.733,1780168752,7,143,-28,gauche,0
292,9.733,1780168752,4,-16,446,droite,0
292,9.733,1780168752,1,179,718,droite,1
292,9.733,1780168752,2,267,677,droite,1
292,9.733,1780168752,11,251,727,droite,1
292,9.733,1780168752,7,166,745,droite,0
292,9.733,1780168752,10,-114,776,droite,0
293,9.767,1780168752,12,111,167,gauche,1
293,9.767,1780168752,1,352,142,gauche,1
293,9.767,1780168752,4,213,36,gauche,1
293,9.767,1780168752,15,92,-28,gauche,0
293,9.767,1780168752,11,158,-14,gauche,0
293,9.767,1780168752,8,15,10,gauche,1
293,9.767,1780168752,18,175,-20,gauche,0
293,9.767,1780168752,7,143,-28,gauche,0
293,9.767,1780168752,4,-16,445,droite,0
293,9.767,1780168752,1,179,720,droite,1
293,9.767,1780168752,11,250,726,droite,1
293,9.767,1780168752,2,269,677,droite,1
293,9.767,1780168752,7,166,746,droite,0
293,9.767,1780168752,10,-113,776,droite,0
294,9.800,1780168752,12,111,167,gauche,1
294,9.800,1780168752,1,352,142,gauche,1
294,9.800,1780168752,4,212,33,gauche,1
294,9.800,1780168752,15,92,-28,gauche,0
294,9.800,1780168752,11,158,-14,gauche,0
294,9.800,1780168752,18,176,-22,gauche,0
294,9.800,1780168752,8,16,13,gauche,1
294,9.800,1780168752,7,143,-28,gauche,0
294,9.800,1780168752,13,21,70,gauche,1
294,9.800,1780168752,22,187,-47,gauche,0
294,9.800,1780168752,4,-15,443,droite,0
294,9.800,1780168752,1,179,722,droite,1
294,9.800,1780168752,11,250,726,droite,1
294,9.800,1780168752,2,271,678,droite,1
294,9.800,1780168752,7,166,746,droite,0
294,9.800,1780168752,10,-113,776,droite,0
295,9.833,1780168752,12,111,167,gauche,1
295,9.833,1780168752,1,352,142,gauche,1
295,9.833,1780168752,4,212,33,gauche,1
295,9.833,1780168752,15,92,-28,gauche,0
295,9.833,1780168752,18,176,-23,gauche,0
295,9.833,1780168752,11,158,-14,gauche,0
295,9.833,1780168752,8,16,13,gauche,1
295,9.833,1780168752,7,143,-28,gauche,0
295,9.833,1780168752,13,21,70,gauche,1
295,9.833,1780168752,22,187,-47,gauche,0
295,9.833,1780168752,4,-15,443,droite,0
295,9.833,1780168752,1,179,722,droite,1
295,9.833,1780168752,11,250,726,droite,1
295,9.833,1780168752,2,271,678,droite,1
295,9.833,1780168752,7,166,746,droite,0
295,9.833,1780168752,10,-114,776,droite,0
296,9.867,1780168752,12,111,167,gauche,1
296,9.867,1780168752,1,352,142,gauche,1
296,9.867,1780168752,4,211,29,gauche,1
296,9.867,1780168752,15,92,-28,gauche,0
296,9.867,1780168752,18,176,-22,gauche,0
296,9.867,1780168752,11,157,-14,gauche,0
296,9.867,1780168752,8,17,13,gauche,1
296,9.867,1780168752,13,19,69,gauche,1
296,9.867,1780168752,7,143,-28,gauche,0
296,9.867,1780168752,22,120,0,gauche,1
296,9.867,1780168752,4,-15,442,droite,0
296,9.867,1780168752,1,180,724,droite,1
296,9.867,1780168752,11,249,726,droite,1
296,9.867,1780168752,2,274,679,droite,1
296,9.867,1780168752,7,165,747,droite,0
296,9.867,1780168752,10,-114,776,droite,0
297,9.900,1780168752,12,111,167,gauche,1
297,9.900,1780168752,1,352,142,gauche,1
297,9.900,1780168752,4,211,28,gauche,1
297,9.900,1780168752,15,92,-28,gauche,0
297,9.900,1780168752,18,175,-22,gauche,0
297,9.900,1780168752,11,157,-14,gauche,0
297,9.900,1780168752,7,143,-28,gauche,0
297,9.900,1780168752,8,17,12,gauche,1
297,9.900,1780168752,22,120,-1,gauche,0
297,9.900,1780168752,4,-14,442,droite,0
297,9.900,1780168752,1,179,726,droite,1
297,9.900,1780168752,11,247,726,droite,1
297,9.900,1780168752,7,165,746,droite,0
297,9.900,1780168752,2,276,678,droite,1
297,9.900,1780168752,10,-114,776,droite,0
298,9.933,1780168752,12,111,167,gauche,1
298,9.933,1780168752,1,352,141,gauche,1
298,9.933,1780168752,4,210,27,gauche,1
298,9.933,1780168752,15,92,-28,gauche,0
298,9.933,1780168752,18,175,-22,gauche,0
298,9.933,1780168752,11,157,-14,gauche,0
298,9.933,1780168752,22,120,-1,gauche,0
298,9.933,1780168752,7,143,-28,gauche,0
298,9.933,1780168752,13,17,71,gauche,1
298,9.933,1780168752,8,17,10,gauche,1
298,9.933,1780168752,4,-14,441,droite,0
298,9.933,1780168752,1,179,729,droite,1
298,9.933,1780168752,2,276,677,droite,1
298,9.933,1780168752,11,247,725,droite,1
298,9.933,1780168752,7,165,746,droite,0
298,9.933,1780168752,10,-113,775,droite,0
299,9.967,1780168752,12,111,167,gauche,1
299,9.967,1780168752,1,352,141,gauche,1
299,9.967,1780168752,4,210,28,gauche,1
299,9.967,1780168752,15,92,-28,gauche,0
299,9.967,1780168752,18,175,-22,gauche,0
299,9.967,1780168752,11,157,-14,gauche,0
299,9.967,1780168752,13,16,71,gauche,1
299,9.967,1780168752,22,120,0,gauche,1
299,9.967,1780168752,7,143,-28,gauche,0
299,9.967,1780168752,8,17,10,gauche,1
299,9.967,1780168752,4,-14,440,droite,0
299,9.967,1780168752,2,277,678,droite,1
299,9.967,1780168752,1,179,730,droite,1
299,9.967,1780168752,11,246,725,droite,1
299,9.967,1780168752,7,165,746,droite,0
299,9.967,1780168752,10,-113,775,droite,0
300,10.000,1780168753,12,111,167,gauche,1
300,10.000,1780168753,1,352,142,gauche,1
300,10.000,1780168753,4,210,28,gauche,1
300,10.000,1780168753,15,92,-28,gauche,0
300,10.000,1780168753,18,175,-22,gauche,0
300,10.000,1780168753,11,157,-14,gauche,0
300,10.000,1780168753,13,14,69,gauche,1
300,10.000,1780168753,7,143,-28,gauche,0
300,10.000,1780168753,8,16,7,gauche,1
300,10.000,1780168753,25,473,395,gauche,0
300,10.000,1780168753,4,-14,440,droite,0
300,10.000,1780168753,2,279,678,droite,1
300,10.000,1780168753,1,180,730,droite,1
300,10.000,1780168753,11,245,725,droite,1
300,10.000,1780168753,7,165,746,droite,0
300,10.000,1780168753,10,-112,775,droite,0
301,10.033,1780168753,12,111,167,gauche,1
301,10.033,1780168753,1,352,142,gauche,1
301,10.033,1780168753,4,210,28,gauche,1
301,10.033,1780168753,18,175,-22,gauche,0
301,10.033,1780168753,15,92,-28,gauche,0
301,10.033,1780168753,11,157,-14,gauche,0
301,10.033,1780168753,13,14,69,gauche,1
301,10.033,1780168753,7,143,-28,gauche,0
301,10.033,1780168753,8,16,7,gauche,1
301,10.033,1780168753,4,-14,440,droite,0
301,10.033,1780168753,2,279,678,droite,1
301,10.033,1780168753,1,180,730,droite,1
301,10.033,1780168753,11,245,725,droite,1
301,10.033,1780168753,7,165,746,droite,0
301,10.033,1780168753,10,-112,775,droite,0
302,10.067,1780168753,12,111,167,gauche,1
302,10.067,1780168753,1,352,142,gauche,1
302,10.067,1780168753,4,209,28,gauche,1
302,10.067,1780168753,15,92,-28,gauche,0
302,10.067,1780168753,18,175,-22,gauche,0
302,10.067,1780168753,13,16,79,gauche,1
302,10.067,1780168753,11,157,-14,gauche,0
302,10.067,1780168753,7,143,-27,gauche,0
302,10.067,1780168753,4,-14,439,droite,0
302,10.067,1780168753,2,280,678,droite,1
302,10.067,1780168753,1,180,730,droite,1
302,10.067,1780168753,11,245,725,droite,1
302,10.067,1780168753,7,165,747,droite,0
302,10.067,1780168753,10,-112,775,droite,0
303,10.100,1780168753,12,111,167,gauche,1
303,10.100,1780168753,1,352,142,gauche,1
303,10.100,1780168753,4,209,27,gauche,1
303,10.100,1780168753,13,19,91,gauche,1
303,10.100,1780168753,15,92,-28,gauche,0
303,10.100,1780168753,18,175,-22,gauche,0
303,10.100,1780168753,11,157,-14,gauche,0
303,10.100,1780168753,8,16,4,gauche,1
303,10.100,1780168753,7,143,-27,gauche,0
303,10.100,1780168753,4,-15,439,droite,0
303,10.100,1780168753,2,281,678,droite,1
303,10.100,1780168753,1,180,730,droite,1
303,10.100,1780168753,11,244,725,droite,1
303,10.100,1780168753,7,165,746,droite,0
303,10.100,1780168753,10,-112,775,droite,0
304,10.133,1780168753,12,111,167,gauche,1
304,10.133,1780168753,1,352,142,gauche,1
304,10.133,1780168753,4,208,26,gauche,1
304,10.133,1780168753,13,18,94,gauche,1
304,10.133,1780168753,15,92,-28,gauche,0
304,10.133,1780168753,18,175,-22,gauche,0
304,10.133,1780168753,11,157,-14,gauche,0
304,10.133,1780168753,7,143,-27,gauche,0
304,10.133,1780168753,8,17,5,gauche,1
304,10.133,1780168753,4,-15,440,droite,0
304,10.133,1780168753,2,281,676,droite,1
304,10.133,1780168753,1,181,730,droite,1
304,10.133,1780168753,11,243,725,droite,1
304,10.133,1780168753,7,165,747,droite,0
304,10.133,1780168753,10,-112,775,droite,0
305,10.167,1780168753,12,111,167,gauche,1
305,10.167,1780168753,1,352,142,gauche,1
305,10.167,1780168753,4,208,27,gauche,1
305,10.167,1780168753,15,92,-28,gauche,0
305,10.167,1780168753,18,175,-24,gauche,0
305,10.167,1780168753,13,17,95,gauche,1
305,10.167,1780168753,11,157,-14,gauche,0
305,10.167,1780168753,7,143,-27,gauche,0
305,10.167,1780168753,4,-16,439,droite,0
305,10.167,1780168753,2,281,676,droite,1
305,10.167,1780168753,1,181,729,droite,1
305,10.167,1780168753,7,164,748,droite,0
305,10.167,1780168753,11,243,725,droite,1
305,10.167,1780168753,10,-112,775,droite,0
306,10.200,1780168753,12,111,167,gauche,1
306,10.200,1780168753,1,352,142,gauche,1
306,10.200,1780168753,4,208,24,gauche,1
306,10.200,1780168753,13,15,95,gauche,1
306,10.200,1780168753,15,92,-27,gauche,0
306,10.200,1780168753,18,176,-24,gauche,0
306,10.200,1780168753,11,157,-14,gauche,0
306,10.200,1780168753,25,474,394,gauche,0
306,10.200,1780168753,7,143,-27,gauche,0
306,10.200,1780168753,4,-17,439,droite,0
306,10.200,1780168753,2,282,676,droite,1
306,10.200,1780168753,1,181,730,droite,1
306,10.200,1780168753,11,243,725,droite,1
306,10.200,1780168753,7,163,748,droite,0
306,10.200,1780168753,10,-112,775,droite,0
306,10.200,1780168753,12,96,481,droite,1
307,10.233,1780168753,12,111,167,gauche,1
307,10.233,1780168753,1,352,142,gauche,1
307,10.233,1780168753,4,208,25,gauche,1
307,10.233,1780168753,13,15,95,gauche,1
307,10.233,1780168753,15,92,-27,gauche,0
307,10.233,1780168753,18,176,-24,gauche,0
307,10.233,1780168753,11,157,-14,gauche,0
307,10.233,1780168753,7,143,-27,gauche,0
307,10.233,1780168753,25,474,394,gauche,0
307,10.233,1780168753,4,-17,439,droite,0
307,10.233,1780168753,2,282,676,droite,1
307,10.233,1780168753,1,181,730,droite,1
307,10.233,1780168753,11,243,725,droite,1
307,10.233,1780168753,7,163,748,droite,0
307,10.233,1780168753,12,96,481,droite,1
307,10.233,1780168753,10,-112,775,droite,0
308,10.267,1780168753,12,111,167,gauche,1
308,10.267,1780168753,4,207,24,gauche,1
308,10.267,1780168753,1,352,142,gauche,1
308,10.267,1780168753,13,13,95,gauche,1
308,10.267,1780168753,15,92,-27,gauche,0
308,10.267,1780168753,11,157,-14,gauche,0
308,10.267,1780168753,18,176,-27,gauche,0
308,10.267,1780168753,7,143,-28,gauche,0
308,10.267,1780168753,25,474,394,gauche,0
308,10.267,1780168753,4,-17,439,droite,0
308,10.267,1780168753,2,284,675,droite,1
308,10.267,1780168753,1,181,730,droite,1
308,10.267,1780168753,11,243,725,droite,1
308,10.267,1780168753,7,163,747,droite,0
308,10.267,1780168753,12,96,481,droite,1
308,10.267,1780168753,10,-113,775,droite,0
309,10.300,1780168753,12,111,166,gauche,1
309,10.300,1780168753,4,207,23,gauche,1
309,10.300,1780168753,1,352,141,gauche,1
309,10.300,1780168753,13,11,96,gauche,1
309,10.300,1780168753,15,93,-27,gauche,0
309,10.300,1780168753,11,157,-14,gauche,0
309,10.300,1780168753,18,176,-28,gauche,0
309,10.300,1780168753,8,22,5,gauche,1
309,10.300,1780168753,7,143,-27,gauche,0
309,10.300,1780168753,25,474,394,gauche,0
309,10.300,1780168753,2,285,673,droite,1
309,10.300,1780168753,1,181,730,droite,1
309,10.300,1780168753,11,243,725,droite,1
309,10.300,1780168753,7,163,747,droite,0
309,10.300,1780168753,4,-18,439,droite,0
309,10.300,1780168753,12,96,481,droite,1
309,10.300,1780168753,10,-113,775,droite,0
310,10.333,1780168753,12,111,166,gauche,1
310,10.333,1780168753,4,207,21,gauche,1
310,10.333,1780168753,1,352,141,gauche,1
310,10.333,1780168753,15,93,-27,gauche,0
310,10.333,1780168753,13,11,98,gauche,1
310,10.333,1780168753,11,157,-14,gauche,0
310,10.333,1780168753,8,23,6,gauche,1
310,10.333,1780168753,18,176,-31,gauche,0
310,10.333,1780168753,7,143,-27,gauche,0
310,10.333,1780168753,25,474,394,gauche,0
310,10.333,1780168753,2,287,671,droite,1
310,10.333,1780168753,4,-18,439,droite,0
310,10.333,1780168753,11,243,725,droite,1
310,10.333,1780168753,1,182,730,droite,1
310,10.333,1780168753,7,162,746,droite,0
310,10.333,1780168753,12,96,481,droite,1
310,10.333,1780168753,10,-113,775,droite,0
311,10.367,1780168753,12,111,165,gauche,1
311,10.367,1780168753,1,352,141,gauche,1
311,10.367,1780168753,4,206,17,gauche,1
311,10.367,1780168753,15,92,-27,gauche,0
311,10.367,1780168753,11,157,-14,gauche,0
311,10.367,1780168753,18,176,-30,gauche,0
311,10.367,1780168753,7,143,-28,gauche,0
311,10.367,1780168753,8,23,7,gauche,1
311,10.367,1780168753,22,117,12,gauche,1
311,10.367,1780168753,13,7,92,gauche,1
311,10.367,1780168753,4,-19,439,droite,0
311,10.367,1780168753,2,287,668,droite,1
311,10.367,1780168753,1,182,730,droite,1
311,10.367,1780168753,11,243,724,droite,1
311,10.367,1780168753,7,162,747,droite,0
311,10.367,1780168753,10,-112,775,droite,0
311,10.367,1780168753,12,96,480,droite,1
312,10.400,1780168753,12,111,165,gauche,1
312,10.400,1780168753,1,352,142,gauche,1
312,10.400,1780168753,4,206,15,gauche,1
312,10.400,1780168753,15,92,-28,gauche,0
312,10.400,1780168753,11,157,-14,gauche,0
312,10.400,1780168753,13,8,100,gauche,1
312,10.400,1780168753,18,176,-31,gauche,0
312,10.400,1780168753,7,143,-28,gauche,0
312,10.400,1780168753,8,24,7,gauche,1
312,10.400,1780168753,4,-19,439,droite,0
312,10.400,1780168753,2,288,666,droite,1
312,10.400,1780168753,1,182,732,droite,1
312,10.400,1780168753,11,242,724,droite,1
312,10.400,1780168753,7,162,746,droite,0
312,10.400,1780168753,10,-113,775,droite,0
312,10.400,1780168753,12,96,480,droite,1
313,10.433,1780168753,12,111,165,gauche,1
313,10.433,1780168753,1,352,142,gauche,1
313,10.433,1780168753,4,206,15,gauche,1
313,10.433,1780168753,15,92,-28,gauche,0
313,10.433,1780168753,11,157,-14,gauche,0
313,10.433,1780168753,13,8,100,gauche,1
313,10.433,1780168753,18,177,-31,gauche,0
313,10.433,1780168753,7,143,-28,gauche,0
313,10.433,1780168753,8,24,7,gauche,1
313,10.433,1780168753,4,-19,439,droite,0
313,10.433,1780168753,2,288,666,droite,1
313,10.433,1780168753,1,182,732,droite,1
313,10.433,1780168753,11,242,724,droite,1
313,10.433,1780168753,7,162,746,droite,0
313,10.433,1780168753,10,-113,775,droite,0
313,10.433,1780168753,12,96,480,droite,1
314,10.467,1780168753,12,111,166,gauche,1
314,10.467,1780168753,1,352,143,gauche,1
314,10.467,1780168753,4,206,14,gauche,1
314,10.467,1780168753,15,92,-28,gauche,0
314,10.467,1780168753,11,157,-14,gauche,0
314,10.467,1780168753,7,143,-28,gauche,0
314,10.467,1780168753,18,177,-34,gauche,0
314,10.467,1780168753,8,26,7,gauche,1
314,10.467,1780168753,13,11,113,gauche,1
314,10.467,1780168753,22,117,13,gauche,1
314,10.467,1780168753,4,-19,439,droite,0
314,10.467,1780168753,2,288,665,droite,1
314,10.467,1780168753,1,182,733,droite,1
314,10.467,1780168753,11,242,725,droite,1
314,10.467,1780168753,7,161,746,droite,0
314,10.467,1780168753,10,-113,775,droite,0
315,10.500,1780168753,12,111,166,gauche,1
315,10.500,1780168753,1,352,143,gauche,1
315,10.500,1780168753,4,206,14,gauche,1
315,10.500,1780168753,15,93,-28,gauche,0
315,10.500,1780168753,11,157,-13,gauche,0
315,10.500,1780168753,7,143,-28,gauche,0
315,10.500,1780168753,18,177,-31,gauche,0
315,10.500,1780168753,13,12,123,gauche,1
315,10.500,1780168753,8,27,7,gauche,1
315,10.500,1780168753,22,116,13,gauche,1
315,10.500,1780168753,4,-20,439,droite,0
315,10.500,1780168753,2,289,662,droite,1
315,10.500,1780168753,1,183,738,droite,0
315,10.500,1780168753,7,160,750,droite,0
315,10.500,1780168753,11,242,728,droite,1
315,10.500,1780168753,10,-113,775,droite,0
316,10.533,1780168753,12,111,167,gauche,1
316,10.533,1780168753,1,352,142,gauche,1
316,10.533,1780168753,4,206,14,gauche,1
316,10.533,1780168753,15,92,-27,gauche,0
316,10.533,1780168753,11,157,-13,gauche,0
316,10.533,1780168753,7,143,-28,gauche,0
316,10.533,1780168753,18,177,-31,gauche,0
316,10.533,1780168753,13,11,124,gauche,1
316,10.533,1780168753,8,25,6,gauche,1
316,10.533,1780168753,22,117,16,gauche,1
316,10.533,1780168753,4,-20,438,droite,0
316,10.533,1780168753,2,290,662,droite,1
316,10.533,1780168753,1,183,736,droite,0
316,10.533,1780168753,7,160,748,droite,0
316,10.533,1780168753,11,240,727,droite,1
316,10.533,1780168753,10,-112,775,droite,0
317,10.567,1780168753,12,111,167,gauche,1
317,10.567,1780168753,1,352,142,gauche,1
317,10.567,1780168753,4,206,14,gauche,1
317,10.567,1780168753,15,93,-28,gauche,0
317,10.567,1780168753,7,143,-28,gauche,0
317,10.567,1780168753,13,9,125,gauche,1
317,10.567,1780168753,11,157,-13,gauche,0
317,10.567,1780168753,18,177,-32,gauche,0
317,10.567,1780168753,22,116,27,gauche,1
317,10.567,1780168753,8,26,4,gauche,1
317,10.567,1780168753,4,-19,436,droite,0
317,10.567,1780168753,2,290,661,droite,1
317,10.567,1780168753,7,160,747,droite,0
317,10.567,1780168753,1,183,739,droite,0
317,10.567,1780168753,11,239,729,droite,1
317,10.567,1780168753,10,-112,775,droite,0
318,10.600,1780168753,12,111,166,gauche,1
318,10.600,1780168753,1,352,143,gauche,1
318,10.600,1780168753,4,206,13,gauche,1
318,10.600,1780168753,15,92,-28,gauche,0
318,10.600,1780168753,8,22,2,gauche,1
318,10.600,1780168753,7,143,-28,gauche,0
318,10.600,1780168753,11,157,-13,gauche,0
318,10.600,1780168753,22,116,31,gauche,1
318,10.600,1780168753,13,9,126,gauche,1
318,10.600,1780168753,18,177,-31,gauche,0
318,10.600,1780168753,4,-18,433,droite,0
318,10.600,1780168753,2,291,661,droite,1
318,10.600,1780168753,7,161,747,droite,0
318,10.600,1780168753,1,183,742,droite,0
318,10.600,1780168753,11,237,728,droite,1
318,10.600,1780168753,10,-112,775,droite,0
319,10.633,1780168753,12,111,166,gauche,1
319,10.633,1780168753,1,352,143,gauche,1
319,10.633,1780168753,4,206,13,gauche,1
319,10.633,1780168753,15,92,-28,gauche,0
319,10.633,1780168753,8,22,2,gauche,1
319,10.633,1780168753,7,143,-28,gauche,0
319,10.633,1780168753,11,157,-13,gauche,0
319,10.633,1780168753,22,116,31,gauche,1
319,10.633,1780168753,13,9,126,gauche,1
319,10.633,1780168753,18,177,-31,gauche,0
319,10.633,1780168753,4,-18,433,droite,0
319,10.633,1780168753,2,291,661,droite,1
319,10.633,1780168753,7,161,747,droite,0
319,10.633,1780168753,1,183,742,droite,0
319,10.633,1780168753,11,237,728,droite,1
319,10.633,1780168753,10,-112,775,droite,0
320,10.667,1780168753,12,111,167,gauche,1
320,10.667,1780168753,1,352,144,gauche,1
320,10.667,1780168753,4,206,14,gauche,1
320,10.667,1780168753,8,22,2,gauche,1
320,10.667,1780168753,15,92,-28,gauche,0
320,10.667,1780168753,22,115,33,gauche,1
320,10.667,1780168753,11,157,-13,gauche,0
320,10.667,1780168753,7,144,-28,gauche,0
320,10.667,1780168753,18,177,-31,gauche,0
320,10.667,1780168753,13,8,125,gauche,1
320,10.667,1780168753,4,-18,430,droite,0
320,10.667,1780168753,2,291,660,droite,1
320,10.667,1780168753,1,183,742,droite,0
320,10.667,1780168753,11,237,729,droite,1
320,10.667,1780168753,7,161,747,droite,0
320,10.667,1780168753,10,-113,775,droite,0
321,10.700,1780168753,12,110,167,gauche,1
321,10.700,1780168753,1,352,144,gauche,1
321,10.700,1780168753,4,206,14,gauche,1
321,10.700,1780168753,15,92,-27,gauche,0
321,10.700,1780168753,8,22,0,gauche,1
321,10.700,1780168753,22,114,34,gauche,1
321,10.700,1780168753,11,157,-14,gauche,0
321,10.700,1780168753,7,144,-28,gauche,0
321,10.700,1780168753,18,177,-33,gauche,0
321,10.700,1780168753,13,7,125,gauche,1
321,10.700,1780168753,4,-17,430,droite,0
321,10.700,1780168753,2,292,661,droite,1
321,10.700,1780168753,1,184,742,droite,0
321,10.700,1780168753,11,236,729,droite,1
321,10.700,1780168753,7,160,747,droite,0
321,10.700,1780168753,10,-113,775,droite,0
322,10.733,1780168753,12,110,167,gauche,1
322,10.733,1780168753,1,352,145,gauche,1
322,10.733,1780168753,4,206,14,gauche,1
322,10.733,1780168753,15,92,-27,gauche,0
322,10.733,1780168753,13,8,132,gauche,1
322,10.733,1780168753,11,156,-13,gauche,0
322,10.733,1780168753,18,177,-35,gauche,0
322,10.733,1780168753,7,143,-27,gauche,0
322,10.733,1780168753,8,20,-3,gauche,0
322,10.733,1780168753,22,114,36,gauche,1
322,10.733,1780168753,4,-17,429,droite,0
322,10.733,1780168753,2,293,661,droite,1
322,10.733,1780168753,11,235,730,droite,1
322,10.733,1780168753,7,160,747,droite,0
322,10.733,1780168753,1,184,741,droite,0
322,10.733,1780168753,10,-113,776,droite,0
323,10.767,1780168753,12,110,167,gauche,1
323,10.767,1780168753,1,353,146,gauche,1
323,10.767,1780168753,4,205,14,gauche,1
323,10.767,1780168753,15,92,-27,gauche,0
323,10.767,1780168753,11,156,-13,gauche,0
323,10.767,1780168753,13,10,142,gauche,1
323,10.767,1780168753,8,19,-5,gauche,0
323,10.767,1780168753,7,143,-28,gauche,0
323,10.767,1780168753,18,176,-36,gauche,0
323,10.767,1780168753,4,-17,428,droite,0
323,10.767,1780168753,2,293,661,droite,1
323,10.767,1780168753,11,233,730,droite,1
323,10.767,1780168753,1,184,742,droite,0
323,10.767,1780168753,7,160,748,droite,0
323,10.767,1780168753,10,-113,776,droite,0
324,10.800,1780168753,1,353,148,gauche,1
324,10.800,1780168753,12,110,169,gauche,1
324,10.800,1780168753,4,205,14,gauche,1
324,10.800,1780168753,15,93,-27,gauche,0
324,10.800,1780168753,11,157,-14,gauche,0
324,10.800,1780168753,22,118,54,gauche,1
324,10.800,1780168753,7,143,-27,gauche,0
324,10.800,1780168753,8,20,-5,gauche,0
324,10.800,1780168753,18,176,-36,gauche,0
324,10.800,1780168753,13,12,157,gauche,1
324,10.800,1780168753,25,473,395,gauche,0
324,10.800,1780168753,4,-17,427,droite,0
324,10.800,1780168753,2,294,661,droite,1
324,10.800,1780168753,11,232,732,droite,1
324,10.800,1780168753,7,161,749,droite,0
324,10.800,1780168753,1,184,742,droite,0
324,10.800,1780168753,10,-113,775,droite,0
325,10.833,1780168753,1,353,148,gauche,1
325,10.833,1780168753,12,110,169,gauche,1
325,10.833,1780168753,4,205,14,gauche,1
325,10.833,1780168753,15,93,-27,gauche,0
325,10.833,1780168753,11,157,-14,gauche,0
325,10.833,1780168753,22,118,54,gauche,1
325,10.833,1780168753,7,143,-28,gauche,0
325,10.833,1780168753,8,20,-5,gauche,0
325,10.833,1780168753,18,176,-36,gauche,0
325,10.833,1780168753,13,12,156,gauche,1
325,10.833,1780168753,25,473,394,gauche,0
325,10.833,1780168753,4,-17,427,droite,0
325,10.833,1780168753,2,294,661,droite,1
325,10.833,1780168753,11,232,732,droite,1
325,10.833,1780168753,7,161,749,droite,0
325,10.833,1780168753,1,184,742,droite,0
325,10.833,1780168753,10,-113,775,droite,0
326,10.867,1780168753,12,111,171,gauche,1
326,10.867,1780168753,1,353,150,gauche,1
326,10.867,1780168753,4,205,12,gauche,1
326,10.867,1780168753,15,93,-27,gauche,0
326,10.867,1780168753,11,156,-13,gauche,0
326,10.867,1780168753,13,8,152,gauche,1
326,10.867,1780168753,22,118,58,gauche,1
326,10.867,1780168753,7,143,-28,gauche,0
326,10.867,1780168753,18,176,-36,gauche,0
326,10.867,1780168753,8,20,-5,gauche,0
326,10.867,1780168753,4,-18,427,droite,0
326,10.867,1780168753,2,294,661,droite,1
326,10.867,1780168753,11,231,734,droite,1
326,10.867,1780168753,7,161,751,droite,0
326,10.867,1780168753,1,184,741,droite,0
326,10.867,1780168753,10,-113,775,droite,0
327,10.900,1780168753,12,111,174,gauche,1
327,10.900,1780168753,1,354,152,gauche,1
327,10.900,1780168753,4,204,10,gauche,1
327,10.900,1780168753,15,93,-27,gauche,0
327,10.900,1780168753,11,157,-13,gauche,0
327,10.900,1780168753,8,20,-6,gauche,0
327,10.900,1780168753,22,118,59,gauche,1
327,10.900,1780168753,7,143,-28,gauche,0
327,10.900,1780168753,13,9,159,gauche,1
327,10.900,1780168753,4,-19,426,droite,0
327,10.900,1780168753,2,295,660,droite,1
327,10.900,1780168753,11,230,734,droite,1
327,10.900,1780168753,7,161,753,droite,0
327,10.900,1780168753,1,184,742,droite,0
327,10.900,1780168753,10,-113,775,droite,0
328,10.933,1780168753,12,112,176,gauche,1
328,10.933,1780168753,1,355,154,gauche,1
328,10.933,1780168753,13,7,159,gauche,1
328,10.933,1780168753,15,93,-27,gauche,0
328,10.933,1780168753,8,22,-6,gauche,0
328,10.933,1780168753,4,203,5,gauche,1
328,10.933,1780168753,11,157,-13,gauche,0
328,10.933,1780168753,22,117,59,gauche,1
328,10.933,1780168753,7,143,-28,gauche,0
328,10.933,1780168753,18,175,-35,gauche,0
328,10.933,1780168753,4,-20,426,droite,0
328,10.933,1780168753,2,295,659,droite,1
328,10.933,1780168753,11,230,734,droite,1
328,10.933,1780168753,7,160,754,droite,0
328,10.933,1780168753,1,185,742,droite,0
328,10.933,1780168753,10,-113,775,droite,0
329,10.967,1780168753,12,112,179,gauche,1
329,10.967,1780168753,1,354,156,gauche,1
329,10.967,1780168753,4,203,6,gauche,1
329,10.967,1780168753,15,93,-27,gauche,0
329,10.967,1780168753,8,24,-7,gauche,0
329,10.967,1780168753,13,6,160,gauche,1
329,10.967,1780168753,11,157,-13,gauche,0
329,10.967,1780168753,7,143,-28,gauche,0
329,10.967,1780168753,22,116,59,gauche,1
329,10.967,1780168753,18,174,-36,gauche,0
329,10.967,1780168753,4,-21,426,droite,0
329,10.967,1780168753,2,295,656,droite,1
329,10.967,1780168753,7,160,754,droite,0
329,10.967,1780168753,11,229,735,droite,1
329,10.967,1780168753,1,185,742,droite,0
329,10.967,1780168753,10,-113,775,droite,0
330,11.000,1780168754,12,111,180,gauche,1
330,11.000,1780168754,1,355,156,gauche,1
330,11.000,1780168754,4,202,3,gauche,1
330,11.000,1780168754,15,93,-27,gauche,0
330,11.000,1780168754,13,5,164,gauche,1
330,11.000,1780168754,8,26,-5,gauche,0
330,11.000,1780168754,11,157,-13,gauche,0
330,11.000,1780168754,7,143,-28,gauche,0
330,11.000,1780168754,22,117,60,gauche,1
330,11.000,1780168754,4,-22,426,droite,0
330,11.000,1780168754,2,295,651,droite,1
330,11.000,1780168754,7,160,754,droite,0
330,11.000,1780168754,11,229,736,droite,0
330,11.000,1780168754,1,185,744,droite,0
330,11.000,1780168754,10,-113,775,droite,0
331,11.033,1780168754,12,111,180,gauche,1
331,11.033,1780168754,1,355,156,gauche,1
331,11.033,1780168754,4,202,3,gauche,1
331,11.033,1780168754,15,93,-27,gauche,0
331,11.033,1780168754,13,5,164,gauche,1
331,11.033,1780168754,8,26,-5,gauche,0
331,11.033,1780168754,11,157,-13,gauche,0
331,11.033,1780168754,7,144,-28,gauche,0
331,11.033,1780168754,22,117,60,gauche,1
331,11.033,1780168754,4,-22,426,droite,0
331,11.033,1780168754,2,295,651,droite,1
331,11.033,1780168754,7,160,754,droite,0
331,11.033,1780168754,11,229,736,droite,0
331,11.033,1780168754,1,185,744,droite,0
331,11.033,1780168754,10,-113,775,droite,0
332,11.067,1780168754,12,110,181,gauche,1
332,11.067,1780168754,1,356,156,gauche,1
332,11.067,1780168754,4,202,1,gauche,1
332,11.067,1780168754,15,92,-27,gauche,0
332,11.067,1780168754,8,28,-5,gauche,0
332,11.067,1780168754,13,7,176,gauche,1
332,11.067,1780168754,7,143,-27,gauche,0
332,11.067,1780168754,11,157,-13,gauche,0
332,11.067,1780168754,22,116,60,gauche,1
332,11.067,1780168754,4,-22,426,droite,0
332,11.067,1780168754,2,295,649,droite,1
332,11.067,1780168754,7,160,754,droite,0
332,11.067,1780168754,11,229,736,droite,0
332,11.067,1780168754,1,185,745,droite,0
332,11.067,1780168754,10,-113,776,droite,0
333,11.100,1780168754,12,110,183,gauche,1
333,11.100,1780168754,1,356,156,gauche,1
333,11.100,1780168754,4,202,1,gauche,1
333,11.100,1780168754,8,28,-5,gauche,0
333,11.100,1780168754,15,92,-27,gauche,0
333,11.100,1780168754,11,156,-13,gauche,0
333,11.100,1780168754,7,144,-27,gauche,0
333,11.100,1780168754,22,118,68,gauche,1
333,11.100,1780168754,13,11,193,gauche,1
333,11.100,1780168754,18,36,-3,gauche,0
333,11.100,1780168754,4,-24,426,droite,0
333,11.100,1780168754,2,295,646,droite,1
333,11.100,1780168754,11,228,736,droite,0
333,11.100,1780168754,7,160,754,droite,0
333,11.100,1780168754,1,185,745,droite,0
333,11.100,1780168754,10,-113,775,droite,0
334,11.133,1780168754,12,109,183,gauche,1
334,11.133,1780168754,1,356,156,gauche,1
334,11.133,1780168754,13,10,197,gauche,1
334,11.133,1780168754,4,201,1,gauche,1
334,11.133,1780168754,15,92,-28,gauche,0
334,11.133,1780168754,11,156,-13,gauche,0
334,11.133,1780168754,18,37,-4,gauche,0
334,11.133,1780168754,7,144,-28,gauche,0
334,11.133,1780168754,4,-25,425,droite,0
334,11.133,1780168754,2,295,644,droite,1
334,11.133,1780168754,11,228,736,droite,0
334,11.133,1780168754,7,160,754,droite,0
334,11.133,1780168754,1,185,745,droite,0
334,11.133,1780168754,10,-113,775,droite,0
335,11.167,1780168754,12,108,183,gauche,1
335,11.167,1780168754,13,9,198,gauche,1
335,11.167,1780168754,1,358,156,gauche,1
335,11.167,1780168754,4,201,1,gauche,1
335,11.167,1780168754,22,121,87,gauche,1
335,11.167,1780168754,15,92,-28,gauche,0
335,11.167,1780168754,11,156,-13,gauche,0
335,11.167,1780168754,7,144,-28,gauche,0
335,11.167,1780168754,18,37,-4,gauche,0
335,11.167,1780168754,4,-26,425,droite,0
335,11.167,1780168754,2,295,644,droite,1
335,11.167,1780168754,1,185,744,droite,0
335,11.167,1780168754,7,160,753,droite,0
335,11.167,1780168754,11,227,737,droite,0
335,11.167,1780168754,10,-113,776,droite,0
336,11.200,1780168754,12,107,182,gauche,1
336,11.200,1780168754,1,358,156,gauche,1
336,11.200,1780168754,22,122,91,gauche,1
336,11.200,1780168754,4,200,1,gauche,1
336,11.200,1780168754,15,92,-28,gauche,0
336,11.200,1780168754,13,9,199,gauche,1
336,11.200,1780168754,11,156,-13,gauche,0
336,11.200,1780168754,7,144,-28,gauche,0
336,11.200,1780168754,18,38,-4,gauche,0
336,11.200,1780168754,4,-27,423,droite,0
336,11.200,1780168754,2,295,644,droite,1
336,11.200,1780168754,1,186,745,droite,0
336,11.200,1780168754,7,160,754,droite,0
336,11.200,1780168754,11,225,738,droite,0
336,11.200,1780168754,10,-113,775,droite,0
337,11.233,1780168754,12,107,182,gauche,1
337,11.233,1780168754,1,358,156,gauche,1
337,11.233,1780168754,22,122,91,gauche,1
337,11.233,1780168754,4,200,1,gauche,1
337,11.233,1780168754,15,92,-28,gauche,0
337,11.233,1780168754,13,8,199,gauche,1
337,11.233,1780168754,11,156,-13,gauche,0
337,11.233,1780168754,7,144,-28,gauche,0
337,11.233,1780168754,18,38,-4,gauche,0
337,11.233,1780168754,8,36,238,gauche,1
337,11.233,1780168754,4,-27,423,droite,0
337,11.233,1780168754,2,295,644,droite,1
337,11.233,1780168754,1,186,745,droite,0
337,11.233,1780168754,7,160,754,droite,0
337,11.233,1780168754,11,225,738,droite,0
337,11.233,1780168754,10,-113,775,droite,0
338,11.267,1780168754,12,105,182,gauche,1
338,11.267,1780168754,13,6,197,gauche,1
338,11.267,1780168754,1,358,156,gauche,1
338,11.267,1780168754,4,199,0,gauche,1
338,11.267,1780168754,22,123,92,gauche,1
338,11.267,1780168754,15,92,-27,gauche,0
338,11.267,1780168754,11,156,-13,gauche,0
338,11.267,1780168754,7,144,-27,gauche,0
338,11.267,1780168754,18,37,-5,gauche,0
338,11.267,1780168754,4,-27,420,droite,0
338,11.267,1780168754,2,295,644,droite,1
338,11.267,1780168754,7,160,754,droite,0
338,11.267,1780168754,1,186,744,droite,0
338,11.267,1780168754,10,-113,776,droite,0
338,11.267,1780168754,11,223,737,droite,0
339,11.300,1780168754,12,104,182,gauche,1
339,11.300,1780168754,4,198,-1,gauche,0
339,11.300,1780168754,15,91,-28,gauche,0
339,11.300,1780168754,13,7,201,gauche,1
339,11.300,1780168754,22,125,92,gauche,1
339,11.300,1780168754,11,156,-13,gauche,0
339,11.300,1780168754,7,144,-27,gauche,0
339,11.300,1780168754,1,358,157,gauche,1
339,11.300,1780168754,18,37,-6,gauche,0
339,11.300,1780168754,4,-26,417,droite,0
339,11.300,1780168754,2,294,644,droite,1
339,11.300,1780168754,7,160,753,droite,0
339,11.300,1780168754,1,187,744,droite,0
339,11.300,1780168754,10,-113,775,droite,0
339,11.300,1780168754,11,221,737,droite,0
340,11.333,1780168754,13,8,209,gauche,1
340,11.333,1780168754,4,198,-1,gauche,0
340,11.333,1780168754,12,101,182,gauche,1
340,11.333,1780168754,15,91,-28,gauche,0
340,11.333,1780168754,11,156,-13,gauche,0
340,11.333,1780168754,22,126,92,gauche,1
340,11.333,1780168754,7,144,-27,gauche,0
340,11.333,1780168754,18,37,-7,gauche,0
340,11.333,1780168754,1,358,162,gauche,1
340,11.333,1780168754,4,-25,415,droite,0
340,11.333,1780168754,2,294,644,droite,1
340,11.333,1780168754,7,160,753,droite,0
340,11.333,1780168754,1,187,747,droite,0
340,11.333,1780168754,10,-113,775,droite,0
340,11.333,1780168754,11,218,737,droite,0
341,11.367,1780168754,12,102,183,gauche,1
341,11.367,1780168754,13,10,221,gauche,1
341,11.367,1780168754,4,197,-1,gauche,0
341,11.367,1780168754,15,91,-28,gauche,0
341,11.367,1780168754,11,156,-13,gauche,0
341,11.367,1780168754,1,355,175,gauche,1
341,11.367,1780168754,7,144,-27,gauche,0
341,11.367,1780168754,22,127,92,gauche,1
341,11.367,1780168754,18,37,-9,gauche,0
341,11.367,1780168754,4,-25,414,droite,0
341,11.367,1780168754,2,293,644,droite,1
341,11.367,1780168754,7,160,753,droite,0
341,11.367,1780168754,1,187,745,droite,0
341,11.367,1780168754,11,216,740,droite,0
341,11.367,1780168754,10,-113,776,droite,0
342,11.400,1780168754,12,100,187,gauche,1
342,11.400,1780168754,1,355,180,gauche,1
342,11.400,1780168754,4,197,0,gauche,1
342,11.400,1780168754,15,91,-27,gauche,0
342,11.400,1780168754,11,156,-13,gauche,0
342,11.400,1780168754,22,128,101,gauche,1
342,11.400,1780168754,13,11,232,gauche,1
342,11.400,1780168754,7,144,-27,gauche,0
342,11.400,1780168754,18,37,-8,gauche,0
342,11.400,1780168754,4,-25,413,droite,0
342,11.400,1780168754,2,292,644,droite,1
342,11.400,1780168754,7,160,754,droite,0
342,11.400,1780168754,1,187,745,droite,0
342,11.400,1780168754,11,215,738,droite,0
342,11.400,1780168754,10,-113,776,droite,0
343,11.433,1780168754,12,100,187,gauche,1
343,11.433,1780168754,4,197,-2,gauche,0
343,11.433,1780168754,15,91,-27,gauche,0
343,11.433,1780168754,1,355,180,gauche,1
343,11.433,1780168754,11,156,-13,gauche,0
343,11.433,1780168754,22,129,104,gauche,1
343,11.433,1780168754,13,10,230,gauche,1
343,11.433,1780168754,7,144,-27,gauche,0
343,11.433,1780168754,18,37,-9,gauche,0
343,11.433,1780168754,4,-25,413,droite,0
343,11.433,1780168754,2,292,643,droite,1
343,11.433,1780168754,7,160,754,droite,0
343,11.433,1780168754,1,187,745,droite,0
343,11.433,1780168754,11,215,738,droite,0
343,11.433,1780168754,10,-113,776,droite,0
344,11.467,1780168754,12,100,194,gauche,1
344,11.467,1780168754,13,9,239,gauche,1
344,11.467,1780168754,4,197,-2,gauche,0
344,11.467,1780168754,1,355,181,gauche,1
344,11.467,1780168754,15,91,-27,gauche,0
344,11.467,1780168754,22,131,113,gauche,1
344,11.467,1780168754,11,156,-13,gauche,0
344,11.467,1780168754,7,144,-28,gauche,0
344,11.467,1780168754,8,474,394,gauche,0
344,11.467,1780168754,4,-25,413,droite,0
344,11.467,1780168754,2,291,640,droite,1
344,11.467,1780168754,11,214,738,droite,0
344,11.467,1780168754,7,160,754,droite,0
344,11.467,1780168754,1,187,745,droite,0
344,11.467,1780168754,10,-113,776,droite,0
345,11.500,1780168754,12,100,200,gauche,1
345,11.500,1780168754,13,8,240,gauche,1
345,11.500,1780168754,4,197,-4,gauche,0
345,11.500,1780168754,1,355,182,gauche,1
345,11.500,1780168754,15,91,-27,gauche,0
345,11.500,1780168754,11,156,-13,gauche,0
345,11.500,1780168754,22,132,116,gauche,1
345,11.500,1780168754,4,-25,412,droite,0
345,11.500,1780168754,2,291,636,droite,1
345,11.500,1780168754,11,213,738,droite,0
345,11.500,1780168754,7,160,754,droite,0
345,11.500,1780168754,1,188,747,droite,0
345,11.500,1780168754,10,-113,776,droite,0
346,11.533,1780168754,12,102,204,gauche,1
346,11.533,1780168754,13,6,240,gauche,1
346,11.533,1780168754,22,135,127,gauche,1
346,11.533,1780168754,4,197,-5,gauche,0
346,11.533,1780168754,15,91,-27,gauche,0
346,11.533,1780168754,11,156,-13,gauche,0
346,11.533,1780168754,1,356,182,gauche,1
346,11.533,1780168754,7,144,-28,gauche,0
346,11.533,1780168754,8,473,394,gauche,0
346,11.533,1780168754,18,42,-53,gauche,0
346,11.533,1780168754,4,-25,412,droite,0
346,11.533,1780168754,2,290,633,droite,1
346,11.533,1780168754,11,211,737,droite,0
346,11.533,1780168754,7,160,754,droite,0
346,11.533,1780168754,1,188,748,droite,0
346,11.533,1780168754,10,-113,776,droite,0
347,11.567,1780168754,12,100,205,gauche,1
347,11.567,1780168754,4,196,-6,gauche,0
347,11.567,1780168754,15,91,-27,gauche,0
347,11.567,1780168754,13,5,242,gauche,1
347,11.567,1780168754,22,135,123,gauche,1
347,11.567,1780168754,26,-2,233,gauche,0
347,11.567,1780168754,11,156,-13,gauche,0
347,11.567,1780168754,7,143,-26,gauche,0
347,11.567,1780168754,4,-25,412,droite,0
347,11.567,1780168754,2,290,630,droite,1
347,11.567,1780168754,1,188,750,droite,0
347,11.567,1780168754,11,211,737,droite,0
347,11.567,1780168754,7,160,753,droite,0
347,11.567,1780168754,10,-113,776,droite,0
348,11.600,1780168754,22,136,131,gauche,1
348,11.600,1780168754,12,97,205,gauche,1
348,11.600,1780168754,15,91,-27,gauche,0
348,11.600,1780168754,4,196,-7,gauche,0
348,11.600,1780168754,13,2,243,gauche,1
348,11.600,1780168754,11,156,-13,gauche,0
348,11.600,1780168754,7,143,-25,gauche,0
348,11.600,1780168754,8,473,394,gauche,0
348,11.600,1780168754,18,41,-53,gauche,0
348,11.600,1780168754,4,-26,412,droite,0
348,11.600,1780168754,2,290,629,droite,1
348,11.600,1780168754,11,210,736,droite,0
348,11.600,1780168754,1,189,752,droite,0
348,11.600,1780168754,7,160,753,droite,0
348,11.600,1780168754,10,-113,776,droite,0
349,11.633,1780168754,22,136,131,gauche,1
349,11.633,1780168754,12,97,205,gauche,1
349,11.633,1780168754,15,91,-27,gauche,0
349,11.633,1780168754,4,196,-7,gauche,0
349,11.633,1780168754,13,1,239,gauche,1
349,11.633,1780168754,11,156,-13,gauche,0
349,11.633,1780168754,7,143,-25,gauche,0
349,11.633,1780168754,26,5,247,gauche,1
349,11.633,1780168754,4,-26,412,droite,0
349,11.633,1780168754,2,290,629,droite,1
349,11.633,1780168754,11,210,736,droite,0
349,11.633,1780168754,1,189,752,droite,0
349,11.633,1780168754,7,160,753,droite,0
349,11.633,1780168754,10,-113,776,droite,0
350,11.667,1780168754,26,8,267,gauche,1
350,11.667,1780168754,22,137,131,gauche,1
350,11.667,1780168754,4,196,-7,gauche,0
350,11.667,1780168754,15,91,-27,gauche,0
350,11.667,1780168754,12,95,205,gauche,1
350,11.667,1780168754,7,143,-25,gauche,0
350,11.667,1780168754,11,156,-14,gauche,0
350,11.667,1780168754,8,473,394,gauche,0
350,11.667,1780168754,4,-27,412,droite,0
350,11.667,1780168754,2,290,628,droite,1
350,11.667,1780168754,11,210,736,droite,0
350,11.667,1780168754,1,190,753,droite,0
350,11.667,1780168754,7,160,753,droite,0
350,11.667,1780168754,10,-113,776,droite,0
351,11.700,1780168754,22,138,132,gauche,1
351,11.700,1780168754,12,93,216,gauche,1
351,11.700,1780168754,26,8,276,gauche,1
351,11.700,1780168754,4,196,-8,gauche,0
351,11.700,1780168754,15,91,-27,gauche,0
351,11.700,1780168754,7,142,-25,gauche,0
351,11.700,1780168754,11,156,-13,gauche,0
351,11.700,1780168754,1,352,205,gauche,1
351,11.700,1780168754,13,-2,249,gauche,0
351,11.700,1780168754,8,473,394,gauche,0
351,11.700,1780168754,2,289,628,droite,1
351,11.700,1780168754,4,-27,412,droite,0
351,11.700,1780168754,11,209,736,droite,0
351,11.700,1780168754,1,189,754,droite,0
351,11.700,1780168754,7,160,753,droite,0
351,11.700,1780168754,10,-113,776,droite,0
352,11.733,1780168754,12,91,223,gauche,1
352,11.733,1780168754,26,7,281,gauche,1
352,11.733,1780168754,22,141,143,gauche,1
352,11.733,1780168754,4,196,-8,gauche,0
352,11.733,1780168754,15,91,-27,gauche,0
352,11.733,1780168754,7,142,-24,gauche,0
352,11.733,1780168754,11,156,-13,gauche,0
352,11.733,1780168754,1,352,211,gauche,1
352,11.733,1780168754,8,473,394,gauche,0
352,11.733,1780168754,2,289,628,droite,1
352,11.733,1780168754,4,-27,412,droite,0
352,11.733,1780168754,11,207,736,droite,0
352,11.733,1780168754,1,190,753,droite,0
352,11.733,1780168754,7,160,753,droite,0
352,11.733,1780168754,10,-113,776,droite,0
353,11.767,1780168754,12,89,229,gauche,1
353,11.767,1780168754,26,7,285,gauche,1
353,11.767,1780168754,22,144,150,gauche,1
353,11.767,1780168754,1,352,215,gauche,1
353,11.767,1780168754,4,196,-8,gauche,0
353,11.767,1780168754,15,92,-27,gauche,0
353,11.767,1780168754,7,142,-24,gauche,0
353,11.767,1780168754,11,156,-14,gauche,0
353,11.767,1780168754,8,473,394,gauche,0
353,11.767,1780168754,2,290,628,droite,1
353,11.767,1780168754,4,-28,412,droite,0
353,11.767,1780168754,11,206,736,droite,0
353,11.767,1780168754,1,191,753,droite,0
353,11.767,1780168754,7,160,753,droite,0
353,11.767,1780168754,10,-113,776,droite,0
354,11.800,1780168754,26,6,285,gauche,1
354,11.800,1780168754,12,87,234,gauche,1
354,11.800,1780168754,22,147,157,gauche,1
354,11.800,1780168754,4,196,-9,gauche,0
354,11.800,1780168754,1,353,216,gauche,1
354,11.800,1780168754,15,92,-27,gauche,0
354,11.800,1780168754,7,141,-24,gauche,0
354,11.800,1780168754,11,156,-14,gauche,0
354,11.800,1780168754,13,327,256,gauche,1
354,11.800,1780168754,2,289,628,droite,1
354,11.800,1780168754,4,-28,411,droite,0
354,11.800,1780168754,11,204,735,droite,1
354,11.800,1780168754,1,191,753,droite,0
354,11.800,1780168754,7,159,753,droite,0
354,11.800,1780168754,10,-114,775,droite,0
355,11.833,1780168754,26,6,285,gauche,1
355,11.833,1780168754,12,87,234,gauche,1
355,11.833,1780168754,22,147,157,gauche,1
355,11.833,1780168754,1,353,216,gauche,1
355,11.833,1780168754,4,196,-9,gauche,0
355,11.833,1780168754,15,92,-27,gauche,0
355,11.833,1780168754,7,141,-24,gauche,0
355,11.833,1780168754,11,156,-14,gauche,0
355,11.833,1780168754,4,-28,411,droite,0
355,11.833,1780168754,2,289,628,droite,1
355,11.833,1780168754,11,204,735,droite,1
355,11.833,1780168754,1,191,753,droite,0
355,11.833,1780168754,7,159,753,droite,0
355,11.833,1780168754,10,-114,775,droite,0
356,11.867,1780168754,22,149,161,gauche,1
356,11.867,1780168754,26,4,285,gauche,1
356,11.867,1780168754,1,354,216,gauche,1
356,11.867,1780168754,12,84,235,gauche,1
356,11.867,1780168754,4,195,-9,gauche,0
356,11.867,1780168754,15,92,-27,gauche,0
356,11.867,1780168754,7,141,-24,gauche,0
356,11.867,1780168754,11,156,-14,gauche,0
356,11.867,1780168754,2,290,628,droite,1
356,11.867,1780168754,4,-28,411,droite,0
356,11.867,1780168754,1,190,754,droite,0
356,11.867,1780168754,11,202,736,droite,0
356,11.867,1780168754,7,159,753,droite,0
356,11.867,1780168754,10,-113,776,droite,0
357,11.900,1780168754,26,4,290,gauche,1
357,11.900,1780168754,22,151,162,gauche,1
357,11.900,1780168754,12,82,235,gauche,1
357,11.900,1780168754,1,355,216,gauche,1
357,11.900,1780168754,4,195,-8,gauche,0
357,11.900,1780168754,15,92,-27,gauche,0
357,11.900,1780168754,7,141,-24,gauche,0
357,11.900,1780168754,11,155,-15,gauche,0
357,11.900,1780168754,13,88,235,gauche,1
357,11.900,1780168754,4,-29,411,droite,0
357,11.900,1780168754,2,290,628,droite,1
357,11.900,1780168754,1,190,753,droite,0
357,11.900,1780168754,11,200,735,droite,1
357,11.900,1780168754,7,159,753,droite,0
357,11.900,1780168754,10,-114,775,droite,0
358,11.933,1780168754,26,6,298,gauche,1
358,11.933,1780168754,22,153,161,gauche,1
358,11.933,1780168754,1,356,217,gauche,1
358,11.933,1780168754,15,92,-27,gauche,0
358,11.933,1780168754,4,195,-8,gauche,0
358,11.933,1780168754,7,141,-24,gauche,0
358,11.933,1780168754,12,81,235,gauche,1
358,11.933,1780168754,11,155,-16,gauche,0
358,11.933,1780168754,13,87,235,gauche,1
358,11.933,1780168754,8,325,270,gauche,1
358,11.933,1780168754,4,-28,409,droite,0
358,11.933,1780168754,2,290,628,droite,1
358,11.933,1780168754,11,198,734,droite,1
358,11.933,1780168754,7,160,753,droite,0
358,11.933,1780168754,1,190,753,droite,0
358,11.933,1780168754,10,-113,776,droite,0
359,11.967,1780168754,26,7,308,gauche,1
359,11.967,1780168754,22,155,162,gauche,1
359,11.967,1780168754,12,81,240,gauche,1
359,11.967,1780168754,4,195,-8,gauche,0
359,11.967,1780168754,15,92,-27,gauche,0
359,11.967,1780168754,7,140,-24,gauche,0
359,11.967,1780168754,11,155,-16,gauche,0
359,11.967,1780168754,1,355,225,gauche,1
359,11.967,1780168754,18,48,-14,gauche,0
359,11.967,1780168754,8,325,276,gauche,1
359,11.967,1780168754,4,-27,407,droite,0
359,11.967,1780168754,2,289,628,droite,1
359,11.967,1780168754,11,197,734,droite,1
359,11.967,1780168754,7,159,753,droite,0
359,11.967,1780168754,10,-113,776,droite,0
359,11.967,1780168754,1,190,752,droite,0
360,12.000,1780168755,1,352,238,gauche,1
360,12.000,1780168755,12,83,251,gauche,1
360,12.000,1780168755,4,194,-8,gauche,0
360,12.000,1780168755,22,156,165,gauche,1
360,12.000,1780168755,15,92,-27,gauche,0
360,12.000,1780168755,26,4,320,gauche,1
360,12.000,1780168755,7,140,-24,gauche,0
360,12.000,1780168755,11,155,-14,gauche,0
360,12.000,1780168755,18,49,-15,gauche,0
360,12.000,1780168755,4,-26,405,droite,0
360,12.000,1780168755,2,288,628,droite,1
360,12.000,1780168755,11,194,734,droite,1
360,12.000,1780168755,7,159,753,droite,0
360,12.000,1780168755,10,-114,775,droite,0
361,12.033,1780168755,1,352,238,gauche,1
361,12.033,1780168755,12,83,251,gauche,1
361,12.033,1780168755,4,194,-8,gauche,0
361,12.033,1780168755,22,156,165,gauche,1
361,12.033,1780168755,15,92,-27,gauche,0
361,12.033,1780168755,26,3,320,gauche,1
361,12.033,1780168755,7,140,-24,gauche,0
361,12.033,1780168755,11,155,-14,gauche,0
361,12.033,1780168755,18,49,-15,gauche,0
361,12.033,1780168755,4,-26,405,droite,0
361,12.033,1780168755,2,288,628,droite,1
361,12.033,1780168755,11,194,734,droite,1
361,12.033,1780168755,7,159,753,droite,0
361,12.033,1780168755,10,-114,775,droite,0
362,12.067,1780168755,26,5,329,gauche,1
362,12.067,1780168755,22,159,178,gauche,1
362,12.067,1780168755,12,85,262,gauche,1
362,12.067,1780168755,15,92,-28,gauche,0
362,12.067,1780168755,1,352,246,gauche,1
362,12.067,1780168755,4,194,-9,gauche,0
362,12.067,1780168755,7,139,-24,gauche,0
362,12.067,1780168755,11,154,-14,gauche,0
362,12.067,1780168755,18,49,-17,gauche,0
362,12.067,1780168755,4,-27,405,droite,0
362,12.067,1780168755,2,287,628,droite,1
362,12.067,1780168755,11,193,734,droite,1
362,12.067,1780168755,7,159,754,droite,0
362,12.067,1780168755,10,-114,775,droite,0
363,12.100,1780168755,26,5,330,gauche,1
363,12.100,1780168755,22,161,189,gauche,1
363,12.100,1780168755,12,86,267,gauche,1
363,12.100,1780168755,15,92,-28,gauche,0
363,12.100,1780168755,7,138,-24,gauche,0
363,12.100,1780168755,4,193,-11,gauche,0
363,12.100,1780168755,1,352,251,gauche,1
363,12.100,1780168755,11,154,-12,gauche,0
363,12.100,1780168755,18,49,-17,gauche,0
363,12.100,1780168755,8,325,296,gauche,1
363,12.100,1780168755,13,159,161,gauche,1
363,12.100,1780168755,4,-27,405,droite,0
363,12.100,1780168755,2,286,628,droite,1
363,12.100,1780168755,11,192,733,droite,1
363,12.100,1780168755,7,159,753,droite,0
363,12.100,1780168755,10,-114,775,droite,0
364,12.133,1780168755,12,86,272,gauche,1
364,12.133,1780168755,22,163,195,gauche,1
364,12.133,1780168755,15,92,-28,gauche,0
364,12.133,1780168755,1,354,250,gauche,1
364,12.133,1780168755,4,193,-12,gauche,0
364,12.133,1780168755,7,137,-24,gauche,0
364,12.133,1780168755,26,0,325,gauche,1
364,12.133,1780168755,11,154,-10,gauche,0
364,12.133,1780168755,18,50,-18,gauche,0
364,12.133,1780168755,8,327,295,gauche,1
364,12.133,1780168755,4,-27,405,droite,0
364,12.133,1780168755,2,286,628,droite,1
364,12.133,1780168755,11,191,733,droite,1
364,12.133,1780168755,7,159,754,droite,0
364,12.133,1780168755,10,-114,775,droite,0
365,12.167,1780168755,1,354,251,gauche,1
365,12.167,1780168755,12,84,272,gauche,1
365,12.167,1780168755,22,165,199,gauche,1
365,12.167,1780168755,26,0,330,gauche,1
365,12.167,1780168755,15,92,-27,gauche,0
365,12.167,1780168755,4,192,-13,gauche,0
365,12.167,1780168755,7,136,-24,gauche,0
365,12.167,1780168755,11,154,-9,gauche,0
365,12.167,1780168755,8,328,294,gauche,1
365,12.167,1780168755,4,-28,405,droite,0
365,12.167,1780168755,2,285,628,droite,1
365,12.167,1780168755,11,191,734,droite,1
365,12.167,1780168755,7,159,754,droite,0
365,12.167,1780168755,10,-114,775,droite,0
366,12.200,1780168755,22,167,196,gauche,1
366,12.200,1780168755,26,0,337,gauche,1
366,12.200,1780168755,15,92,-27,gauche,0
366,12.200,1780168755,4,192,-16,gauche,0
366,12.200,1780168755,1,356,251,gauche,1
366,12.200,1780168755,11,154,-8,gauche,0
366,12.200,1780168755,7,136,-23,gauche,0
366,12.200,1780168755,12,84,273,gauche,1
366,12.200,1780168755,18,163,-46,gauche,0
366,12.200,1780168755,4,-28,405,droite,0
366,12.200,1780168755,2,285,627,droite,1
366,12.200,1780168755,11,190,732,droite,1
366,12.200,1780168755,7,159,753,droite,0
366,12.200,1780168755,10,-114,775,droite,0
367,12.233,1780168755,22,167,196,gauche,1
367,12.233,1780168755,26,0,337,gauche,1
367,12.233,1780168755,15,92,-27,gauche,0
367,12.233,1780168755,4,192,-16,gauche,0
367,12.233,1780168755,1,356,251,gauche,1
367,12.233,1780168755,11,154,-8,gauche,0
367,12.233,1780168755,7,136,-23,gauche,0
367,12.233,1780168755,12,84,273,gauche,1
367,12.233,1780168755,18,163,-46,gauche,0
367,12.233,1780168755,4,-28,405,droite,0
367,12.233,1780168755,2,285,627,droite,1
367,12.233,1780168755,11,190,732,droite,1
367,12.233,1780168755,7,159,753,droite,0
367,12.233,1780168755,10,-114,775,droite,0
368,12.267,1780168755,26,0,344,gauche,1
368,12.267,1780168755,1,356,256,gauche,1
368,12.267,1780168755,22,169,199,gauche,1
368,12.267,1780168755,15,92,-27,gauche,0
368,12.267,1780168755,4,191,-19,gauche,0
368,12.267,1780168755,11,154,-8,gauche,0
368,12.267,1780168755,12,81,273,gauche,1
368,12.267,1780168755,7,136,-21,gauche,0
368,12.267,1780168755,18,163,-46,gauche,0
368,12.267,1780168755,13,48,-27,gauche,0
368,12.267,1780168755,4,-28,405,droite,0
368,12.267,1780168755,2,285,627,droite,1
368,12.267,1780168755,11,189,733,droite,1
368,12.267,1780168755,7,159,754,droite,0
368,12.267,1780168755,1,194,763,droite,0
368,12.267,1780168755,10,-114,775,droite,0
369,12.300,1780168755,1,353,268,gauche,1
369,12.300,1780168755,22,171,200,gauche,1
369,12.300,1780168755,26,4,357,gauche,1
369,12.300,1780168755,15,92,-27,gauche,0
369,12.300,1780168755,4,191,-21,gauche,0
369,12.300,1780168755,11,154,-8,gauche,0
369,12.300,1780168755,7,135,-18,gauche,0
369,12.300,1780168755,12,79,278,gauche,1
369,12.300,1780168755,13,49,-25,gauche,0
369,12.300,1780168755,18,163,-46,gauche,0
369,12.300,1780168755,4,-29,405,droite,0
369,12.300,1780168755,2,285,626,droite,1
369,12.300,1780168755,11,187,732,droite,1
369,12.300,1780168755,1,194,757,droite,0
369,12.300,1780168755,7,159,753,droite,0
369,12.300,1780168755,10,-114,775,droite,0
370,12.333,1780168755,1,352,278,gauche,1
370,12.333,1780168755,22,172,210,gauche,1
370,12.333,1780168755,26,2,362,gauche,1
370,12.333,1780168755,15,92,-27,gauche,0
370,12.333,1780168755,4,191,-20,gauche,0
370,12.333,1780168755,11,154,-8,gauche,0
370,12.333,1780168755,12,78,287,gauche,1
370,12.333,1780168755,7,136,-17,gauche,0
370,12.333,1780168755,13,49,-25,gauche,0
370,12.333,1780168755,18,164,-46,gauche,0
370,12.333,1780168755,4,-29,404,droite,0
370,12.333,1780168755,2,284,625,droite,1
370,12.333,1780168755,11,186,733,droite,1
370,12.333,1780168755,7,160,753,droite,0
370,12.333,1780168755,1,194,756,droite,0
370,12.333,1780168755,10,-114,775,droite,0
371,12.367,1780168755,1,353,284,gauche,1
371,12.367,1780168755,26,5,373,gauche,0
371,12.367,1780168755,22,175,224,gauche,1
371,12.367,1780168755,12,81,298,gauche,1
371,12.367,1780168755,15,92,-27,gauche,0
371,12.367,1780168755,4,192,-21,gauche,0
371,12.367,1780168755,11,154,-7,gauche,0
371,12.367,1780168755,7,136,-15,gauche,0
371,12.367,1780168755,18,164,-46,gauche,0
371,12.367,1780168755,4,-29,404,droite,0
371,12.367,1780168755,2,283,624,droite,1
371,12.367,1780168755,11,184,733,droite,1
371,12.367,1780168755,1,195,756,droite,0
371,12.367,1780168755,7,160,753,droite,0
371,12.367,1780168755,10,-114,775,droite,0
372,12.400,1780168755,22,177,231,gauche,1
372,12.400,1780168755,26,4,376,gauche,0
372,12.400,1780168755,12,74,306,gauche,1
372,12.400,1780168755,1,353,289,gauche,1
372,12.400,1780168755,15,92,-27,gauche,0
372,12.400,1780168755,4,192,-21,gauche,0
372,12.400,1780168755,11,154,-7,gauche,0
372,12.400,1780168755,7,135,-14,gauche,0
372,12.400,1780168755,18,165,-45,gauche,0
372,12.400,1780168755,4,-29,404,droite,0
372,12.400,1780168755,2,283,623,droite,1
372,12.400,1780168755,7,160,753,droite,0
372,12.400,1780168755,11,181,732,droite,1
372,12.400,1780168755,1,196,756,droite,0
372,12.400,1780168755,10,-114,775,droite,0
373,12.433,1780168755,22,177,231,gauche,1
373,12.433,1780168755,26,4,376,gauche,0
373,12.433,1780168755,12,74,306,gauche,1
373,12.433,1780168755,1,353,289,gauche,1
373,12.433,1780168755,15,92,-27,gauche,0
373,12.433,1780168755,4,192,-21,gauche,0
373,12.433,1780168755,11,154,-7,gauche,0
373,12.433,1780168755,7,135,-14,gauche,0
373,12.433,1780168755,18,165,-45,gauche,0
373,12.433,1780168755,4,-29,404,droite,0
373,12.433,1780168755,2,283,623,droite,1
373,12.433,1780168755,7,160,753,droite,0
373,12.433,1780168755,11,182,732,droite,1
373,12.433,1780168755,1,196,756,droite,0
373,12.433,1780168755,10,-114,775,droite,0
374,12.467,1780168755,22,180,236,gauche,1
374,12.467,1780168755,26,3,375,gauche,0
374,12.467,1780168755,1,355,290,gauche,1
374,12.467,1780168755,12,72,310,gauche,1
374,12.467,1780168755,15,92,-27,gauche,0
374,12.467,1780168755,4,192,-21,gauche,0
374,12.467,1780168755,11,154,-7,gauche,0
374,12.467,1780168755,7,135,-14,gauche,0
374,12.467,1780168755,18,165,-45,gauche,0
374,12.467,1780168755,4,-29,405,droite,0
374,12.467,1780168755,2,283,623,droite,1
374,12.467,1780168755,7,160,754,droite,0
374,12.467,1780168755,11,179,732,droite,1
374,12.467,1780168755,13,197,757,droite,0
374,12.467,1780168755,1,196,757,droite,0
374,12.467,1780168755,10,-114,775,droite,0
375,12.500,1780168755,22,183,239,gauche,1
375,12.500,1780168755,1,357,290,gauche,1
375,12.500,1780168755,26,4,375,gauche,0
375,12.500,1780168755,12,72,311,gauche,1
375,12.500,1780168755,15,92,-27,gauche,0
375,12.500,1780168755,4,191,-21,gauche,0
375,12.500,1780168755,11,154,-7,gauche,0
375,12.500,1780168755,27,37,385,gauche,0
375,12.500,1780168755,13,58,-26,gauche,0
375,12.500,1780168755,7,134,-12,gauche,0
375,12.500,1780168755,18,165,-45,gauche,0
375,12.500,1780168755,8,330,318,gauche,1
375,12.500,1780168755,4,-29,405,droite,0
375,12.500,1780168755,2,283,623,droite,1
375,12.500,1780168755,11,178,732,droite,1
375,12.500,1780168755,7,160,753,droite,0
375,12.500,1780168755,13,197,757,droite,0
375,12.500,1780168755,10,-114,775,droite,0
376,12.533,1780168755,22,185,240,gauche,1
376,12.533,1780168755,26,2,382,gauche,0
376,12.533,1780168755,12,71,311,gauche,1
376,12.533,1780168755,1,359,290,gauche,1
376,12.533,1780168755,15,92,-27,gauche,0
376,12.533,1780168755,4,192,-21,gauche,0
376,12.533,1780168755,11,154,-7,gauche,0
376,12.533,1780168755,7,135,-11,gauche,0
376,12.533,1780168755,18,165,-45,gauche,0
376,12.533,1780168755,4,-29,405,droite,0
376,12.533,1780168755,2,283,623,droite,1
376,12.533,1780168755,11,175,732,droite,1
376,12.533,1780168755,7,160,753,droite,0
376,12.533,1780168755,13,197,758,droite,0
376,12.533,1780168755,10,-114,775,droite,0
376,12.533,1780168755,14,-2,342,droite,0
377,12.567,1780168755,1,359,293,gauche,1
377,12.567,1780168755,26,4,387,gauche,0
377,12.567,1780168755,22,187,240,gauche,1
377,12.567,1780168755,12,72,316,gauche,1
377,12.567,1780168755,15,92,-27,gauche,0
377,12.567,1780168755,4,191,-21,gauche,0
377,12.567,1780168755,11,154,-7,gauche,0
377,12.567,1780168755,18,165,-45,gauche,0
377,12.567,1780168755,7,135,-10,gauche,0
377,12.567,1780168755,4,-29,405,droite,0
377,12.567,1780168755,2,283,623,droite,1
377,12.567,1780168755,14,2,344,droite,0
377,12.567,1780168755,11,173,732,droite,1
377,12.567,1780168755,7,160,754,droite,0
377,12.567,1780168755,1,199,760,droite,0
377,12.567,1780168755,13,198,759,droite,0
377,12.567,1780168755,10,-114,775,droite,0
378,12.600,1780168755,26,3,394,gauche,0
378,12.600,1780168755,1,359,301,gauche,1
378,12.600,1780168755,22,189,241,gauche,1
378,12.600,1780168755,12,74,326,gauche,1
378,12.600,1780168755,15,92,-27,gauche,0
378,12.600,1780168755,4,191,-21,gauche,0
378,12.600,1780168755,11,154,-7,gauche,0
378,12.600,1780168755,7,134,-10,gauche,0
378,12.600,1780168755,8,473,395,gauche,0
378,12.600,1780168755,18,165,-46,gauche,0
378,12.600,1780168755,4,-29,405,droite,0
378,12.600,1780168755,14,5,344,droite,0
378,12.600,1780168755,2,283,624,droite,1
378,12.600,1780168755,1,199,761,droite,0
378,12.600,1780168755,11,172,733,droite,1
378,12.600,1780168755,7,160,756,droite,0
378,12.600,1780168755,10,-114,775,droite,0
379,12.633,1780168755,26,3,394,gauche,0
379,12.633,1780168755,1,359,301,gauche,1
379,12.633,1780168755,22,189,241,gauche,1
379,12.633,1780168755,12,74,326,gauche,1
379,12.633,1780168755,15,92,-27,gauche,0
379,12.633,1780168755,4,191,-21,gauche,0
379,12.633,1780168755,11,154,-7,gauche,0
379,12.633,1780168755,7,134,-10,gauche,0
379,12.633,1780168755,8,473,395,gauche,0
379,12.633,1780168755,4,-29,405,droite,0
379,12.633,1780168755,14,5,344,droite,0
379,12.633,1780168755,2,283,624,droite,1
379,12.633,1780168755,1,199,761,droite,0
379,12.633,1780168755,11,172,733,droite,1
379,12.633,1780168755,7,160,756,droite,0
379,12.633,1780168755,10,-114,775,droite,0
380,12.667,1780168755,26,1,394,gauche,0
380,12.667,1780168755,22,191,251,gauche,1
380,12.667,1780168755,1,357,315,gauche,1
380,12.667,1780168755,12,77,337,gauche,1
380,12.667,1780168755,15,92,-27,gauche,0
380,12.667,1780168755,4,190,-21,gauche,0
380,12.667,1780168755,11,154,-7,gauche,0
380,12.667,1780168755,7,133,-9,gauche,0
380,12.667,1780168755,13,61,-27,gauche,0
380,12.667,1780168755,8,473,395,gauche,0
380,12.667,1780168755,18,165,-46,gauche,0
380,12.667,1780168755,4,-29,404,droite,0
380,12.667,1780168755,14,3,349,droite,0
380,12.667,1780168755,2,283,623,droite,1
380,12.667,1780168755,11,171,731,droite,1
380,12.667,1780168755,1,200,761,droite,0
380,12.667,1780168755,7,159,756,droite,0
380,12.667,1780168755,10,-114,775,droite,0
381,12.700,1780168755,22,193,264,gauche,1
381,12.700,1780168755,12,78,345,gauche,1
381,12.700,1780168755,1,357,322,gauche,1
381,12.700,1780168755,26,-2,396,gauche,0
381,12.700,1780168755,15,93,-27,gauche,0
381,12.700,1780168755,4,190,-21,gauche,0
381,12.700,1780168755,7,132,-10,gauche,0
381,12.700,1780168755,11,154,-7,gauche,0
381,12.700,1780168755,8,473,395,gauche,0
381,12.700,1780168755,4,-29,405,droite,0
381,12.700,1780168755,14,5,348,droite,0
381,12.700,1780168755,11,171,732,droite,1
381,12.700,1780168755,2,283,623,droite,1
381,12.700,1780168755,1,200,761,droite,0
381,12.700,1780168755,7,159,757,droite,0
381,12.700,1780168755,10,-114,775,droite,0
382,12.733,1780168755,22,195,272,gauche,1
382,12.733,1780168755,1,358,326,gauche,1
382,12.733,1780168755,12,79,349,gauche,1
382,12.733,1780168755,15,93,-27,gauche,0
382,12.733,1780168755,4,188,-22,gauche,0
382,12.733,1780168755,7,132,-10,gauche,0
382,12.733,1780168755,11,154,-7,gauche,0
382,12.733,1780168755,26,-1,395,gauche,0
382,12.733,1780168755,8,473,395,gauche,0
382,12.733,1780168755,4,-29,404,droite,0
382,12.733,1780168755,14,5,352,droite,0
382,12.733,1780168755,2,282,623,droite,1
382,12.733,1780168755,11,170,732,droite,1
382,12.733,1780168755,1,200,761,droite,0
382,12.733,1780168755,10,-114,775,droite,0
382,12.733,1780168755,7,160,758,droite,0
383,12.767,1780168755,22,198,276,gauche,1
383,12.767,1780168755,12,79,349,gauche,1
383,12.767,1780168755,15,93,-27,gauche,0
383,12.767,1780168755,4,188,-23,gauche,0
383,12.767,1780168755,11,154,-7,gauche,0
383,12.767,1780168755,7,132,-10,gauche,0
383,12.767,1780168755,8,473,395,gauche,0
383,12.767,1780168755,4,-30,405,droite,0
383,12.767,1780168755,14,7,352,droite,0
383,12.767,1780168755,2,282,623,droite,1
383,12.767,1780168755,11,169,733,droite,1
383,12.767,1780168755,1,201,760,droite,0
383,12.767,1780168755,10,-114,775,droite,0
384,12.800,1780168755,22,199,279,gauche,1
384,12.800,1780168755,1,359,331,gauche,1
384,12.800,1780168755,4,187,-24,gauche,0
384,12.800,1780168755,15,93,-27,gauche,0
384,12.800,1780168755,11,154,-7,gauche,0
384,12.800,1780168755,7,132,-10,gauche,0
384,12.800,1780168755,8,473,395,gauche,0
384,12.800,1780168755,18,164,-49,gauche,0
384,12.800,1780168755,13,38,-55,gauche,0
384,12.800,1780168755,4,-30,404,droite,0
384,12.800,1780168755,14,9,354,droite,0
384,12.800,1780168755,2,282,623,droite,1
384,12.800,1780168755,11,167,734,droite,1
384,12.800,1780168755,1,201,760,droite,0
384,12.800,1780168755,10,-114,776,droite,0
385,12.833,1780168755,22,199,279,gauche,1
385,12.833,1780168755,1,359,331,gauche,1
385,12.833,1780168755,4,187,-24,gauche,0
385,12.833,1780168755,15,93,-27,gauche,0
385,12.833,1780168755,11,154,-6,gauche,0
385,12.833,1780168755,7,132,-10,gauche,0
385,12.833,1780168755,8,473,395,gauche,0
385,12.833,1780168755,13,38,-55,gauche,0
385,12.833,1780168755,18,164,-48,gauche,0
385,12.833,1780168755,4,-30,404,droite,0
385,12.833,1780168755,14,9,354,droite,0
385,12.833,1780168755,2,282,623,droite,1
385,12.833,1780168755,11,167,734,droite,1
385,12.833,1780168755,1,201,760,droite,0
385,12.833,1780168755,10,-114,776,droite,0
386,12.867,1780168755,22,200,279,gauche,1
386,12.867,1780168755,1,360,331,gauche,1
386,12.867,1780168755,15,93,-27,gauche,0
386,12.867,1780168755,4,188,-26,gauche,0
386,12.867,1780168755,7,132,-10,gauche,0
386,12.867,1780168755,11,153,-8,gauche,0
386,12.867,1780168755,18,164,-48,gauche,0
386,12.867,1780168755,8,473,395,gauche,0
386,12.867,1780168755,13,38,-54,gauche,0
386,12.867,1780168755,4,-30,405,droite,0
386,12.867,1780168755,14,8,357,droite,0
386,12.867,1780168755,2,282,623,droite,1
386,12.867,1780168755,11,165,734,droite,1
386,12.867,1780168755,1,203,760,droite,0
386,12.867,1780168755,10,-114,776,droite,0
387,12.900,1780168755,22,202,280,gauche,1
387,12.900,1780168755,1,361,332,gauche,1
387,12.900,1780168755,15,93,-27,gauche,0
387,12.900,1780168755,4,188,-29,gauche,0
387,12.900,1780168755,7,132,-10,gauche,0
387,12.900,1780168755,11,153,-7,gauche,0
387,12.900,1780168755,18,164,-48,gauche,0
387,12.900,1780168755,13,38,-54,gauche,0
387,12.900,1780168755,8,473,395,gauche,0
387,12.900,1780168755,4,-30,404,droite,0
387,12.900,1780168755,14,10,361,droite,0
387,12.900,1780168755,2,282,623,droite,1
387,12.900,1780168755,11,163,734,droite,1
387,12.900,1780168755,1,204,760,droite,0
387,12.900,1780168755,10,-114,776,droite,0
388,12.933,1780168755,22,204,286,gauche,1
388,12.933,1780168755,1,361,338,gauche,1
388,12.933,1780168755,15,93,-27,gauche,0
388,12.933,1780168755,4,187,-31,gauche,0
388,12.933,1780168755,7,132,-10,gauche,0
388,12.933,1780168755,11,153,-7,gauche,0
388,12.933,1780168755,12,82,376,gauche,0
388,12.933,1780168755,18,164,-48,gauche,0
388,12.933,1780168755,27,86,376,gauche,0
388,12.933,1780168755,13,38,-53,gauche,0
388,12.933,1780168755,4,-30,404,droite,0
388,12.933,1780168755,2,282,623,droite,1
388,12.933,1780168755,11,161,735,droite,1
388,12.933,1780168755,14,11,367,droite,1
388,12.933,1780168755,10,-114,776,droite,0
388,12.933,1780168755,1,206,760,droite,0
389,12.967,1780168755,22,206,299,gauche,1
389,12.967,1780168755,1,360,349,gauche,1
389,12.967,1780168755,12,82,376,gauche,0
389,12.967,1780168755,15,93,-27,gauche,0
389,12.967,1780168755,4,188,-32,gauche,0
389,12.967,1780168755,7,132,-10,gauche,0
389,12.967,1780168755,11,153,-7,gauche,0
389,12.967,1780168755,18,164,-48,gauche,0
389,12.967,1780168755,13,38,-53,gauche,0
389,12.967,1780168755,4,-30,404,droite,0
389,12.967,1780168755,2,282,623,droite,1
389,12.967,1780168755,11,160,734,droite,1
389,12.967,1780168755,14,12,375,droite,1
389,12.967,1780168755,10,-114,776,droite,0
389,12.967,1780168755,1,207,760,droite,0
390,13.000,1780168756,22,209,308,gauche,1
390,13.000,1780168756,15,92,-27,gauche,0
390,13.000,1780168756,1,359,360,gauche,1
390,13.000,1780168756,12,83,376,gauche,0
390,13.000,1780168756,4,188,-33,gauche,0
390,13.000,1780168756,11,153,-7,gauche,0
390,13.000,1780168756,7,131,-10,gauche,0
390,13.000,1780168756,13,38,-53,gauche,0
390,13.000,1780168756,8,473,395,gauche,0
390,13.000,1780168756,4,-30,404,droite,0
390,13.000,1780168756,2,282,623,droite,1
390,13.000,1780168756,11,158,734,droite,1
390,13.000,1780168756,14,9,387,droite,1
390,13.000,1780168756,1,208,760,droite,0
390,13.000,1780168756,10,-114,775,droite,0
391,13.033,1780168756,22,209,308,gauche,1
391,13.033,1780168756,15,92,-27,gauche,0
391,13.033,1780168756,1,359,359,gauche,1
391,13.033,1780168756,12,83,376,gauche,0
391,13.033,1780168756,4,188,-33,gauche,0
391,13.033,1780168756,11,152,-7,gauche,0
391,13.033,1780168756,7,131,-10,gauche,0
391,13.033,1780168756,13,38,-53,gauche,0
391,13.033,1780168756,8,473,395,gauche,0
391,13.033,1780168756,4,-30,404,droite,0
391,13.033,1780168756,2,282,623,droite,1
391,13.033,1780168756,11,158,734,droite,1
391,13.033,1780168756,14,9,387,droite,1
391,13.033,1780168756,1,208,760,droite,0
391,13.033,1780168756,10,-114,775,droite,0
392,13.067,1780168756,22,211,315,gauche,1
392,13.067,1780168756,15,93,-27,gauche,0
392,13.067,1780168756,1,360,365,gauche,1
392,13.067,1780168756,11,151,-7,gauche,0
392,13.067,1780168756,7,131,-8,gauche,0
392,13.067,1780168756,4,187,-33,gauche,0
392,13.067,1780168756,13,38,-53,gauche,0
392,13.067,1780168756,8,473,395,gauche,0
392,13.067,1780168756,4,-31,404,droite,0
392,13.067,1780168756,2,282,623,droite,1
392,13.067,1780168756,11,156,734,droite,1
392,13.067,1780168756,14,10,392,droite,1
392,13.067,1780168756,1,208,760,droite,0
392,13.067,1780168756,10,-114,775,droite,0
393,13.100,1780168756,22,213,319,gauche,1
393,13.100,1780168756,15,92,-27,gauche,0
393,13.100,1780168756,11,151,-7,gauche,0
393,13.100,1780168756,7,131,-6,gauche,0
393,13.100,1780168756,1,361,367,gauche,1
393,13.100,1780168756,4,187,-33,gauche,0
393,13.100,1780168756,13,38,-53,gauche,0
393,13.100,1780168756,8,473,395,gauche,0
393,13.100,1780168756,4,-30,404,droite,0
393,13.100,1780168756,14,11,393,droite,1
393,13.100,1780168756,11,154,734,droite,1
393,13.100,1780168756,2,282,623,droite,1
393,13.100,1780168756,1,209,760,droite,0
393,13.100,1780168756,10,-114,775,droite,0
393,13.100,1780168756,7,161,755,droite,0
394,13.133,1780168756,22,216,320,gauche,1
394,13.133,1780168756,15,92,-27,gauche,0
394,13.133,1780168756,11,150,-7,gauche,0
394,13.133,1780168756,7,131,-5,gauche,0
394,13.133,1780168756,1,363,367,gauche,1
394,13.133,1780168756,4,187,-33,gauche,0
394,13.133,1780168756,13,39,-53,gauche,0
394,13.133,1780168756,8,473,395,gauche,0
394,13.133,1780168756,4,-30,404,droite,0
394,13.133,1780168756,14,13,395,droite,1
394,13.133,1780168756,2,282,623,droite,1
394,13.133,1780168756,11,153,735,droite,1
394,13.133,1780168756,1,210,760,droite,0
394,13.133,1780168756,7,160,754,droite,0
394,13.133,1780168756,10,-114,775,droite,0
395,13.167,1780168756,22,218,320,gauche,1
395,13.167,1780168756,15,92,-27,gauche,0
395,13.167,1780168756,11,150,-7,gauche,0
395,13.167,1780168756,7,130,-4,gauche,0
395,13.167,1780168756,4,187,-33,gauche,0
395,13.167,1780168756,1,364,368,gauche,0
395,13.167,1780168756,13,39,-53,gauche,0
395,13.167,1780168756,8,473,395,gauche,0
395,13.167,1780168756,4,-30,405,droite,0
395,13.167,1780168756,14,15,398,droite,1
395,13.167,1780168756,2,282,623,droite,1
395,13.167,1780168756,11,152,735,droite,1
395,13.167,1780168756,1,211,759,droite,0
395,13.167,1780168756,7,161,754,droite,0
395,13.167,1780168756,15,81,362,droite,0
395,13.167,1780168756,10,-114,775,droite,0
396,13.200,1780168756,22,220,323,gauche,1
396,13.200,1780168756,15,92,-27,gauche,0
396,13.200,1780168756,11,150,-7,gauche,0
396,13.200,1780168756,7,128,-4,gauche,0
396,13.200,1780168756,1,364,371,gauche,0
396,13.200,1780168756,4,187,-32,gauche,0
396,13.200,1780168756,13,40,-53,gauche,0
396,13.200,1780168756,4,-29,404,droite,0
396,13.200,1780168756,14,17,405,droite,1
396,13.200,1780168756,2,282,623,droite,1
396,13.200,1780168756,15,86,363,droite,0
396,13.200,1780168756,11,151,735,droite,1
396,13.200,1780168756,1,211,757,droite,0
396,13.200,1780168756,7,161,754,droite,0
396,13.200,1780168756,10,-114,775,droite,0
397,13.233,1780168756,22,220,323,gauche,1
397,13.233,1780168756,15,92,-27,gauche,0
397,13.233,1780168756,11,150,-7,gauche,0
397,13.233,1780168756,7,128,-4,gauche,0
397,13.233,1780168756,1,364,371,gauche,0
397,13.233,1780168756,4,187,-32,gauche,0
397,13.233,1780168756,13,40,-53,gauche,0
397,13.233,1780168756,4,-29,404,droite,0
397,13.233,1780168756,14,17,404,droite,1
397,13.233,1780168756,2,282,623,droite,1
397,13.233,1780168756,15,86,363,droite,0
397,13.233,1780168756,11,151,735,droite,1
397,13.233,1780168756,1,211,757,droite,0
397,13.233,1780168756,7,161,754,droite,0
397,13.233,1780168756,10,-115,776,droite,0
398,13.267,1780168756,22,222,330,gauche,1
398,13.267,1780168756,15,92,-27,gauche,0
398,13.267,1780168756,11,150,-7,gauche,0
398,13.267,1780168756,7,128,-4,gauche,0
398,13.267,1780168756,4,187,-33,gauche,0
398,13.267,1780168756,1,364,377,gauche,0
398,13.267,1780168756,13,41,-53,gauche,0
398,13.267,1780168756,8,359,377,gauche,0
398,13.267,1780168756,4,-29,404,droite,0
398,13.267,1780168756,15,88,364,droite,0
398,13.267,1780168756,14,19,409,droite,1
398,13.267,1780168756,11,151,735,droite,1
398,13.267,1780168756,2,282,623,droite,1
398,13.267,1780168756,1,211,757,droite,0
398,13.267,1780168756,7,161,754,droite,0
398,13.267,1780168756,10,-115,776,droite,0
399,13.300,1780168756,22,223,337,gauche,1
399,13.300,1780168756,15,93,-27,gauche,0
399,13.300,1780168756,11,150,-7,gauche,0
399,13.300,1780168756,1,365,382,gauche,0
399,13.300,1780168756,7,127,-5,gauche,0
399,13.300,1780168756,4,187,-33,gauche,0
399,13.300,1780168756,13,41,-53,gauche,0
399,13.300,1780168756,18,162,-45,gauche,0
399,13.300,1780168756,4,-29,404,droite,0
399,13.300,1780168756,14,20,416,droite,1
399,13.300,1780168756,15,90,364,droite,0
399,13.300,1780168756,2,282,623,droite,1
399,13.300,1780168756,11,150,736,droite,0
399,13.300,1780168756,1,212,757,droite,0
399,13.300,1780168756,7,160,755,droite,0
399,13.300,1780168756,10,-115,776,droite,0
400,13.333,1780168756,22,224,347,gauche,1
400,13.333,1780168756,15,93,-27,gauche,0
400,13.333,1780168756,11,150,-7,gauche,0
400,13.333,1780168756,4,187,-33,gauche,0
400,13.333,1780168756,7,127,-5,gauche,0
400,13.333,1780168756,13,42,-54,gauche,0
400,13.333,1780168756,18,161,-44,gauche,0
400,13.333,1780168756,4,-29,404,droite,0
400,13.333,1780168756,14,19,424,droite,1
400,13.333,1780168756,15,91,367,droite,1
400,13.333,1780168756,2,282,623,droite,1
400,13.333,1780168756,1,212,756,droite,0
400,13.333,1780168756,11,148,736,droite,0
400,13.333,1780168756,7,161,757,droite,0
400,13.333,1780168756,10,-114,775,droite,0
401,13.367,1780168756,22,226,356,gauche,1
401,13.367,1780168756,15,93,-27,gauche,0
401,13.367,1780168756,11,149,-7,gauche,0
401,13.367,1780168756,7,127,-5,gauche,0
401,13.367,1780168756,4,187,-33,gauche,0
401,13.367,1780168756,18,161,-43,gauche,0
401,13.367,1780168756,13,42,-54,gauche,0
401,13.367,1780168756,1,365,384,gauche,0
401,13.367,1780168756,4,-28,405,droite,0
401,13.367,1780168756,14,19,429,droite,1
401,13.367,1780168756,15,92,372,droite,1
401,13.367,1780168756,2,282,623,droite,1
401,13.367,1780168756,1,212,757,droite,0
401,13.367,1780168756,11,147,737,droite,0
401,13.367,1780168756,7,160,755,droite,0
401,13.367,1780168756,16,377,353,droite,0
401,13.367,1780168756,10,-114,775,droite,0
402,13.400,1780168756,22,226,363,gauche,1
402,13.400,1780168756,15,93,-28,gauche,0
402,13.400,1780168756,11,149,-7,gauche,0
402,13.400,1780168756,7,126,-5,gauche,0
402,13.400,1780168756,4,187,-33,gauche,0
402,13.400,1780168756,18,161,-43,gauche,0
402,13.400,1780168756,13,42,-54,gauche,0
402,13.400,1780168756,4,-28,405,droite,0
402,13.400,1780168756,2,282,623,droite,1
402,13.400,1780168756,14,20,431,droite,1
402,13.400,1780168756,15,94,373,droite,1
402,13.400,1780168756,1,213,756,droite,0
402,13.400,1780168756,7,160,755,droite,0
402,13.400,1780168756,11,146,738,droite,0
402,13.400,1780168756,10,-114,775,droite,0
402,13.400,1780168756,16,375,354,droite,0
402,13.400,1780168756,17,364,356,droite,0
403,13.433,1780168756,22,226,363,gauche,1
403,13.433,1780168756,15,93,-27,gauche,0
403,13.433,1780168756,11,149,-7,gauche,0
403,13.433,1780168756,7,126,-5,gauche,0
403,13.433,1780168756,4,187,-33,gauche,0
403,13.433,1780168756,18,161,-43,gauche,0
403,13.433,1780168756,13,42,-54,gauche,0
403,13.433,1780168756,4,-28,405,droite,0
403,13.433,1780168756,2,282,623,droite,1
403,13.433,1780168756,14,20,431,droite,1
403,13.433,1780168756,15,94,373,droite,1
403,13.433,1780168756,1,213,756,droite,0
403,13.433,1780168756,7,160,754,droite,0
403,13.433,1780168756,11,146,738,droite,0
403,13.433,1780168756,10,-114,775,droite,0
403,13.433,1780168756,16,375,354,droite,0
403,13.433,1780168756,17,364,356,droite,0
404,13.467,1780168756,22,228,361,gauche,1
404,13.467,1780168756,15,92,-27,gauche,0
404,13.467,1780168756,11,148,-7,gauche,0
404,13.467,1780168756,7,127,-5,gauche,0
404,13.467,1780168756,18,161,-41,gauche,0
404,13.467,1780168756,4,187,-35,gauche,0
404,13.467,1780168756,13,42,-54,gauche,0
404,13.467,1780168756,4,-27,405,droite,0
404,13.467,1780168756,14,20,432,droite,1
404,13.467,1780168756,15,96,376,droite,1
404,13.467,1780168756,2,282,623,droite,1
404,13.467,1780168756,16,372,354,droite,0
404,13.467,1780168756,1,213,756,droite,0
404,13.467,1780168756,7,160,754,droite,0
404,13.467,1780168756,11,144,737,droite,0
404,13.467,1780168756,10,-114,775,droite,0
404,13.467,1780168756,17,364,356,droite,0
405,13.500,1780168756,22,230,364,gauche,1
405,13.500,1780168756,15,92,-28,gauche,0
405,13.500,1780168756,11,148,-7,gauche,0
405,13.500,1780168756,7,127,-5,gauche,0
405,13.500,1780168756,18,160,-39,gauche,0
405,13.500,1780168756,4,187,-37,gauche,0
405,13.500,1780168756,13,43,-54,gauche,0
405,13.500,1780168756,12,74,-34,gauche,0
405,13.500,1780168756,4,-27,405,droite,0
405,13.500,1780168756,14,22,435,droite,1
405,13.500,1780168756,15,99,380,droite,1
405,13.500,1780168756,2,283,623,droite,1
405,13.500,1780168756,1,214,756,droite,0
405,13.500,1780168756,16,371,355,droite,0
405,13.500,1780168756,7,160,754,droite,0
405,13.500,1780168756,11,141,738,droite,0
405,13.500,1780168756,10,-114,775,droite,0
406,13.533,1780168756,22,231,366,gauche,1
406,13.533,1780168756,15,92,-28,gauche,0
406,13.533,1780168756,11,148,-8,gauche,0
406,13.533,1780168756,7,126,-5,gauche,0
406,13.533,1780168756,18,160,-38,gauche,0
406,13.533,1780168756,4,187,-37,gauche,0
406,13.533,1780168756,13,43,-54,gauche,0
406,13.533,1780168756,4,-27,405,droite,0
406,13.533,1780168756,14,24,439,droite,1
406,13.533,1780168756,15,100,385,droite,1
406,13.533,1780168756,2,283,623,droite,1
406,13.533,1780168756,16,368,355,droite,0
406,13.533,1780168756,1,215,755,droite,0
406,13.533,1780168756,7,160,754,droite,0
406,13.533,1780168756,11,139,738,droite,0
406,13.533,1780168756,10,-114,775,droite,0
406,13.533,1780168756,18,197,761,droite,0
407,13.567,1780168756,15,93,-27,gauche,0
407,13.567,1780168756,11,148,-7,gauche,0
407,13.567,1780168756,22,234,366,gauche,1
407,13.567,1780168756,7,126,-5,gauche,0
407,13.567,1780168756,18,160,-36,gauche,0
407,13.567,1780168756,4,187,-38,gauche,0
407,13.567,1780168756,13,43,-53,gauche,0
407,13.567,1780168756,4,-27,405,droite,0
407,13.567,1780168756,14,26,442,droite,1
407,13.567,1780168756,15,103,391,droite,1
407,13.567,1780168756,2,283,623,droite,1
407,13.567,1780168756,17,366,356,droite,0
407,13.567,1780168756,7,160,754,droite,0
407,13.567,1780168756,1,215,753,droite,0
407,13.567,1780168756,11,138,738,droite,0
407,13.567,1780168756,10,-114,775,droite,0
407,13.567,1780168756,18,197,760,droite,0
408,13.600,1780168756,15,93,-27,gauche,0
408,13.600,1780168756,7,125,-5,gauche,0
408,13.600,1780168756,11,147,-8,gauche,0
408,13.600,1780168756,22,236,366,gauche,1
408,13.600,1780168756,4,184,-40,gauche,0
408,13.600,1780168756,18,160,-35,gauche,0
408,13.600,1780168756,13,45,-54,gauche,0
408,13.600,1780168756,4,-27,406,droite,0
408,13.600,1780168756,14,27,449,droite,1
408,13.600,1780168756,15,105,400,droite,1
408,13.600,1780168756,2,283,623,droite,1
408,13.600,1780168756,17,364,358,droite,0
408,13.600,1780168756,1,215,751,droite,0
408,13.600,1780168756,7,160,754,droite,0
408,13.600,1780168756,11,137,738,droite,0
408,13.600,1780168756,10,-114,775,droite,0
408,13.600,1780168756,18,197,760,droite,0
409,13.633,1780168756,15,93,-27,gauche,0
409,13.633,1780168756,7,125,-5,gauche,0
409,13.633,1780168756,11,147,-8,gauche,0
409,13.633,1780168756,22,236,366,gauche,1
409,13.633,1780168756,4,184,-40,gauche,0
409,13.633,1780168756,18,160,-35,gauche,0
409,13.633,1780168756,13,45,-54,gauche,0
409,13.633,1780168756,4,-27,406,droite,0
409,13.633,1780168756,14,27,449,droite,1
409,13.633,1780168756,15,105,400,droite,1
409,13.633,1780168756,2,283,623,droite,1
409,13.633,1780168756,17,364,358,droite,0
409,13.633,1780168756,1,215,751,droite,0
409,13.633,1780168756,7,160,754,droite,0
409,13.633,1780168756,11,137,738,droite,0
409,13.633,1780168756,10,-114,775,droite,0
409,13.633,1780168756,18,197,760,droite,0
410,13.667,1780168756,15,93,-27,gauche,0
410,13.667,1780168756,11,147,-7,gauche,0
410,13.667,1780168756,7,125,-5,gauche,0
410,13.667,1780168756,4,187,-40,gauche,0
410,13.667,1780168756,18,160,-35,gauche,0
410,13.667,1780168756,4,-28,408,droite,0
410,13.667,1780168756,15,106,408,droite,1
410,13.667,1780168756,14,25,458,droite,1
410,13.667,1780168756,2,283,624,droite,1
410,13.667,1780168756,1,216,751,droite,0
410,13.667,1780168756,17,362,362,droite,0
410,13.667,1780168756,7,160,754,droite,0
410,13.667,1780168756,11,135,738,droite,0
410,13.667,1780168756,10,-114,775,droite,0
410,13.667,1780168756,18,197,760,droite,0
411,13.700,1780168756,15,93,-28,gauche,0
411,13.700,1780168756,7,125,-5,gauche,0
411,13.700,1780168756,11,146,-8,gauche,0
411,13.700,1780168756,4,187,-40,gauche,0
411,13.700,1780168756,18,159,-34,gauche,0
411,13.700,1780168756,4,-28,409,droite,0
411,13.700,1780168756,2,283,624,droite,1
411,13.700,1780168756,17,362,368,droite,1
411,13.700,1780168756,15,109,417,droite,1
411,13.700,1780168756,14,23,465,droite,1
411,13.700,1780168756,1,215,753,droite,0
411,13.700,1780168756,7,160,754,droite,0
411,13.700,1780168756,11,133,739,droite,0
411,13.700,1780168756,18,197,761,droite,0
411,13.700,1780168756,10,-114,775,droite,0
412,13.733,1780168756,15,93,-28,gauche,0
412,13.733,1780168756,7,125,-4,gauche,0
412,13.733,1780168756,11,145,-7,gauche,0
412,13.733,1780168756,4,187,-41,gauche,0
412,13.733,1780168756,18,159,-34,gauche,0
412,13.733,1780168756,4,-29,410,droite,0
412,13.733,1780168756,2,283,624,droite,1
412,13.733,1780168756,15,111,421,droite,1
412,13.733,1780168756,17,363,374,droite,1
412,13.733,1780168756,11,133,738,droite,0
412,13.733,1780168756,1,215,752,droite,0
412,13.733,1780168756,7,160,754,droite,0
412,13.733,1780168756,14,26,464,droite,1
412,13.733,1780168756,18,197,760,droite,0
412,13.733,1780168756,10,-114,775,droite,0
413,13.767,1780168756,15,92,-26,gauche,0
413,13.767,1780168756,7,124,-4,gauche,0
413,13.767,1780168756,11,145,-7,gauche,0
413,13.767,1780168756,4,187,-42,gauche,0
413,13.767,1780168756,18,159,-34,gauche,0
413,13.767,1780168756,12,76,-43,gauche,0
413,13.767,1780168756,4,-29,412,droite,0
413,13.767,1780168756,15,112,425,droite,1
413,13.767,1780168756,2,283,623,droite,1
413,13.767,1780168756,11,132,738,droite,0
413,13.767,1780168756,14,27,469,droite,1
413,13.767,1780168756,17,364,382,droite,1
413,13.767,1780168756,7,160,754,droite,0
413,13.767,1780168756,1,215,753,droite,0
413,13.767,1780168756,18,197,760,droite,0
413,13.767,1780168756,10,-114,775,droite,0
414,13.800,1780168756,15,92,-27,gauche,0
414,13.800,1780168756,7,123,-4,gauche,0
414,13.800,1780168756,11,144,-6,gauche,0
414,13.800,1780168756,4,187,-41,gauche,0
414,13.800,1780168756,18,159,-33,gauche,0
414,13.800,1780168756,4,-28,414,droite,0
414,13.800,1780168756,15,115,429,droite,1
414,13.800,1780168756,2,283,623,droite,1
414,13.800,1780168756,11,131,737,droite,0
414,13.800,1780168756,14,29,470,droite,1
414,13.800,1780168756,7,160,754,droite,0
414,13.800,1780168756,17,363,384,droite,1
414,13.800,1780168756,1,214,752,droite,0
414,13.800,1780168756,10,-113,776,droite,0
415,13.833,1780168756,15,92,-27,gauche,0
415,13.833,1780168756,7,123,-4,gauche,0
415,13.833,1780168756,11,144,-6,gauche,0
415,13.833,1780168756,4,187,-41,gauche,0
415,13.833,1780168756,18,159,-33,gauche,0
415,13.833,1780168756,4,-28,414,droite,0
415,13.833,1780168756,15,115,429,droite,1
415,13.833,1780168756,2,283,623,droite,1
415,13.833,1780168756,11,131,737,droite,0
415,13.833,1780168756,14,28,471,droite,1
415,13.833,1780168756,7,160,754,droite,0
415,13.833,1780168756,17,363,384,droite,1
415,13.833,1780168756,1,214,752,droite,0
415,13.833,1780168756,10,-113,776,droite,0
416,13.867,1780168756,15,92,-27,gauche,0
416,13.867,1780168756,7,123,-4,gauche,0
416,13.867,1780168756,11,144,-6,gauche,0
416,13.867,1780168756,4,187,-41,gauche,0
416,13.867,1780168756,18,159,-32,gauche,0
416,13.867,1780168756,4,-28,416,droite,0
416,13.867,1780168756,2,283,623,droite,1
416,13.867,1780168756,15,116,436,droite,1
416,13.867,1780168756,17,362,386,droite,1
416,13.867,1780168756,14,30,477,droite,1
416,13.867,1780168756,11,130,738,droite,0
416,13.867,1780168756,7,159,755,droite,0
416,13.867,1780168756,1,214,753,droite,0
416,13.867,1780168756,16,241,373,droite,1
416,13.867,1780168756,10,-113,776,droite,0
417,13.900,1780168756,15,93,-28,gauche,0
417,13.900,1780168756,4,186,-41,gauche,0
417,13.900,1780168756,11,143,-6,gauche,0
417,13.900,1780168756,7,123,-3,gauche,0
417,13.900,1780168756,18,159,-32,gauche,0
417,13.900,1780168756,13,12,-53,gauche,0
417,13.900,1780168756,4,-27,417,droite,0
417,13.900,1780168756,15,119,443,droite,1
417,13.900,1780168756,17,360,388,droite,1
417,13.900,1780168756,2,283,624,droite,1
417,13.900,1780168756,14,32,482,droite,1
417,13.900,1780168756,16,240,373,droite,1
417,13.900,1780168756,11,128,740,droite,0
417,13.900,1780168756,7,159,755,droite,0
417,13.900,1780168756,1,214,753,droite,0
417,13.900,1780168756,10,-113,776,droite,0
418,13.933,1780168756,15,93,-28,gauche,0
418,13.933,1780168756,11,144,-4,gauche,0
418,13.933,1780168756,4,186,-41,gauche,0
418,13.933,1780168756,7,123,-4,gauche,0
418,13.933,1780168756,12,125,-30,gauche,0
418,13.933,1780168756,13,12,-54,gauche,0
418,13.933,1780168756,18,159,-30,gauche,0
418,13.933,1780168756,4,-26,417,droite,0
418,13.933,1780168756,2,284,624,droite,1
418,13.933,1780168756,17,359,391,droite,1
418,13.933,1780168756,16,241,373,droite,1
418,13.933,1780168756,15,120,450,droite,1
418,13.933,1780168756,14,32,488,droite,1
418,13.933,1780168756,11,127,741,droite,0
418,13.933,1780168756,1,213,751,droite,0
418,13.933,1780168756,7,159,755,droite,0
418,13.933,1780168756,10,-113,776,droite,0
419,13.967,1780168756,15,93,-28,gauche,0
419,13.967,1780168756,7,122,-4,gauche,0
419,13.967,1780168756,4,186,-41,gauche,0
419,13.967,1780168756,11,144,-4,gauche,0
419,13.967,1780168756,18,159,-30,gauche,0
419,13.967,1780168756,4,-25,417,droite,0
419,13.967,1780168756,14,31,495,droite,1
419,13.967,1780168756,2,284,625,droite,1
419,13.967,1780168756,15,122,458,droite,1
419,13.967,1780168756,16,243,373,droite,1
419,13.967,1780168756,17,355,394,droite,1
419,13.967,1780168756,1,213,752,droite,0
419,13.967,1780168756,7,159,755,droite,0
419,13.967,1780168756,11,126,742,droite,0
419,13.967,1780168756,10,-113,776,droite,0
420,14.000,1780168757,15,93,-28,gauche,0
420,14.000,1780168757,7,121,-4,gauche,0
420,14.000,1780168757,4,186,-41,gauche,0
420,14.000,1780168757,11,144,-3,gauche,0
420,14.000,1780168757,18,159,-31,gauche,0
420,14.000,1780168757,4,-25,417,droite,0
420,14.000,1780168757,16,244,373,droite,1
420,14.000,1780168757,2,285,627,droite,1
420,14.000,1780168757,14,30,502,droite,1
420,14.000,1780168757,15,126,460,droite,1
420,14.000,1780168757,17,353,397,droite,1
420,14.000,1780168757,7,159,755,droite,0
420,14.000,1780168757,1,213,752,droite,0
420,14.000,1780168757,11,125,741,droite,0
420,14.000,1780168757,10,-113,776,droite,0
421,14.033,1780168757,15,93,-28,gauche,0
421,14.033,1780168757,7,121,-4,gauche,0
421,14.033,1780168757,4,186,-41,gauche,0
421,14.033,1780168757,11,144,-3,gauche,0
421,14.033,1780168757,18,159,-31,gauche,0
421,14.033,1780168757,4,-25,417,droite,0
421,14.033,1780168757,16,243,373,droite,1
421,14.033,1780168757,2,285,627,droite,1
421,14.033,1780168757,14,30,502,droite,1
421,14.033,1780168757,15,126,460,droite,1
421,14.033,1780168757,17,354,397,droite,1
421,14.033,1780168757,7,159,755,droite,0
421,14.033,1780168757,1,213,752,droite,0
421,14.033,1780168757,11,125,741,droite,0
421,14.033,1780168757,10,-113,776,droite,0
422,14.067,1780168757,15,92,-27,gauche,0
422,14.067,1780168757,7,121,-4,gauche,0
422,14.067,1780168757,11,144,-2,gauche,0
422,14.067,1780168757,4,185,-41,gauche,0
422,14.067,1780168757,18,159,-30,gauche,0
422,14.067,1780168757,4,-24,417,droite,0
422,14.067,1780168757,16,243,374,droite,1
422,14.067,1780168757,2,286,629,droite,1
422,14.067,1780168757,17,354,401,droite,1
422,14.067,1780168757,14,29,508,droite,1
422,14.067,1780168757,15,128,463,droite,1
422,14.067,1780168757,7,159,755,droite,0
422,14.067,1780168757,1,213,751,droite,0
422,14.067,1780168757,10,-113,776,droite,0
422,14.067,1780168757,11,122,742,droite,0
423,14.100,1780168757,15,93,-27,gauche,0
423,14.100,1780168757,7,121,-3,gauche,0
423,14.100,1780168757,11,143,-1,gauche,0
423,14.100,1780168757,4,185,-41,gauche,0
423,14.100,1780168757,18,157,-31,gauche,0
423,14.100,1780168757,4,-23,418,droite,0
423,14.100,1780168757,16,244,382,droite,1
423,14.100,1780168757,17,354,407,droite,1
423,14.100,1780168757,2,287,632,droite,1
423,14.100,1780168757,15,131,464,droite,1
423,14.100,1780168757,14,31,507,droite,1
423,14.100,1780168757,7,159,755,droite,0
423,14.100,1780168757,1,212,750,droite,0
423,14.100,1780168757,11,121,743,droite,0
423,14.100,1780168757,10,-113,776,droite,0
424,14.133,1780168757,15,93,-27,gauche,0
424,14.133,1780168757,7,121,-3,gauche,0
424,14.133,1780168757,11,143,-1,gauche,0
424,14.133,1780168757,4,184,-42,gauche,0
424,14.133,1780168757,18,159,-30,gauche,0
424,14.133,1780168757,4,-23,417,droite,0
424,14.133,1780168757,2,287,634,droite,1
424,14.133,1780168757,16,245,388,droite,1
424,14.133,1780168757,17,353,414,droite,1
424,14.133,1780168757,14,33,513,droite,1
424,14.133,1780168757,7,159,755,droite,0
424,14.133,1780168757,19,50,488,droite,1
424,14.133,1780168757,15,135,468,droite,1
424,14.133,1780168757,11,120,741,droite,0
424,14.133,1780168757,1,211,748,droite,0
424,14.133,1780168757,10,-113,776,droite,0
424,14.133,1780168757,18,132,484,droite,1
425,14.167,1780168757,15,93,-27,gauche,0
425,14.167,1780168757,11,143,-2,gauche,0
425,14.167,1780168757,7,121,-3,gauche,0
425,14.167,1780168757,4,184,-44,gauche,0
425,14.167,1780168757,18,156,-31,gauche,0
425,14.167,1780168757,4,-22,418,droite,0
425,14.167,1780168757,16,246,386,droite,1
425,14.167,1780168757,14,30,517,droite,1
425,14.167,1780168757,2,288,637,droite,1
425,14.167,1780168757,15,138,472,droite,1
425,14.167,1780168757,17,352,417,droite,1
425,14.167,1780168757,7,159,754,droite,0
425,14.167,1780168757,11,117,744,droite,0
425,14.167,1780168757,1,211,747,droite,0
425,14.167,1780168757,10,-113,776,droite,0
426,14.200,1780168757,15,93,-27,gauche,0
426,14.200,1780168757,11,143,-1,gauche,0
426,14.200,1780168757,7,120,-2,gauche,0
426,14.200,1780168757,4,184,-44,gauche,0
426,14.200,1780168757,18,159,-30,gauche,0
426,14.200,1780168757,4,-22,418,droite,0
426,14.200,1780168757,14,32,519,droite,1
426,14.200,1780168757,16,247,390,droite,1
426,14.200,1780168757,2,289,637,droite,1
426,14.200,1780168757,17,349,419,droite,1
426,14.200,1780168757,15,140,475,droite,1
426,14.200,1780168757,11,116,743,droite,0
426,14.200,1780168757,7,160,754,droite,0
426,14.200,1780168757,1,210,747,droite,0
426,14.200,1780168757,10,-113,776,droite,0
427,14.233,1780168757,15,93,-27,gauche,0
427,14.233,1780168757,11,143,-1,gauche,0
427,14.233,1780168757,7,120,-2,gauche,0
427,14.233,1780168757,4,184,-44,gauche,0
427,14.233,1780168757,18,159,-29,gauche,0
427,14.233,1780168757,4,-22,418,droite,0
427,14.233,1780168757,14,32,519,droite,1
427,14.233,1780168757,16,247,390,droite,1
427,14.233,1780168757,2,289,637,droite,1
427,14.233,1780168757,17,349,419,droite,1
427,14.233,1780168757,15,140,475,droite,1
427,14.233,1780168757,11,116,743,droite,0
427,14.233,1780168757,7,160,754,droite,0
427,14.233,1780168757,1,210,747,droite,0
427,14.233,1780168757,10,-113,776,droite,0
428,14.267,1780168757,15,93,-27,gauche,0
428,14.267,1780168757,7,120,-2,gauche,0
428,14.267,1780168757,11,142,-2,gauche,0
428,14.267,1780168757,4,184,-45,gauche,0
428,14.267,1780168757,18,156,-30,gauche,0
428,14.267,1780168757,12,125,-30,gauche,0
428,14.267,1780168757,13,13,-54,gauche,0
428,14.267,1780168757,4,-21,419,droite,0
428,14.267,1780168757,16,248,393,droite,1
428,14.267,1780168757,14,33,525,droite,1
428,14.267,1780168757,2,289,637,droite,1
428,14.267,1780168757,15,142,481,droite,1
428,14.267,1780168757,17,347,421,droite,1
428,14.267,1780168757,11,114,743,droite,0
428,14.267,1780168757,7,160,754,droite,0
428,14.267,1780168757,1,210,747,droite,0
428,14.267,1780168757,10,-113,775,droite,0
429,14.300,1780168757,15,93,-27,gauche,0
429,14.300,1780168757,18,156,-30,gauche,0
429,14.300,1780168757,11,142,-2,gauche,0
429,14.300,1780168757,4,184,-46,gauche,0
429,14.300,1780168757,7,120,-2,gauche,0
429,14.300,1780168757,12,125,-30,gauche,0
429,14.300,1780168757,16,249,398,droite,1
429,14.300,1780168757,4,-21,420,droite,0
429,14.300,1780168757,14,34,531,droite,1
429,14.300,1780168757,2,290,637,droite,1
429,14.300,1780168757,17,345,424,droite,1
429,14.300,1780168757,15,144,486,droite,1
429,14.300,1780168757,11,113,744,droite,0
429,14.300,1780168757,1,210,748,droite,0
429,14.300,1780168757,7,159,754,droite,0
429,14.300,1780168757,10,-113,775,droite,0
430,14.333,1780168757,15,93,-27,gauche,0
430,14.333,1780168757,11,142,-3,gauche,0
430,14.333,1780168757,4,184,-47,gauche,0
430,14.333,1780168757,18,156,-30,gauche,0
430,14.333,1780168757,7,120,-2,gauche,0
430,14.333,1780168757,12,125,-30,gauche,0
430,14.333,1780168757,4,-22,421,droite,0
430,14.333,1780168757,16,250,403,droite,1
430,14.333,1780168757,15,147,492,droite,1
430,14.333,1780168757,14,34,538,droite,1
430,14.333,1780168757,2,290,637,droite,1
430,14.333,1780168757,17,342,427,droite,1
430,14.333,1780168757,11,113,743,droite,0
430,14.333,1780168757,1,210,747,droite,0
430,14.333,1780168757,7,159,754,droite,0
430,14.333,1780168757,10,-113,775,droite,0
431,14.367,1780168757,15,93,-27,gauche,0
431,14.367,1780168757,11,142,-1,gauche,0
431,14.367,1780168757,7,120,-1,gauche,0
431,14.367,1780168757,4,184,-48,gauche,0
431,14.367,1780168757,12,124,-31,gauche,0
431,14.367,1780168757,13,7,-56,gauche,0
431,14.367,1780168757,18,160,-29,gauche,0
431,14.367,1780168757,4,-22,423,droite,0
431,14.367,1780168757,16,251,410,droite,1
431,14.367,1780168757,15,151,495,droite,1
431,14.367,1780168757,14,32,542,droite,1
431,14.367,1780168757,2,291,637,droite,1
431,14.367,1780168757,17,342,431,droite,1
431,14.367,1780168757,11,113,743,droite,0
431,14.367,1780168757,1,209,747,droite,0
431,14.367,1780168757,7,159,754,droite,0
431,14.367,1780168757,10,-113,775,droite,0
432,14.400,1780168757,15,93,-28,gauche,0
432,14.400,1780168757,11,142,-2,gauche,0
432,14.400,1780168757,7,119,-2,gauche,0
432,14.400,1780168757,12,124,-31,gauche,0
432,14.400,1780168757,13,8,-55,gauche,0
432,14.400,1780168757,18,160,-28,gauche,0
432,14.400,1780168757,4,-22,425,droite,0
432,14.400,1780168757,16,252,418,droite,1
432,14.400,1780168757,15,154,498,droite,1
432,14.400,1780168757,2,291,639,droite,1
432,14.400,1780168757,11,112,742,droite,0
432,14.400,1780168757,17,341,435,droite,1
432,14.400,1780168757,14,33,543,droite,1
432,14.400,1780168757,1,209,747,droite,0
432,14.400,1780168757,7,159,754,droite,0
432,14.400,1780168757,10,-114,775,droite,0
433,14.433,1780168757,15,93,-28,gauche,0
433,14.433,1780168757,11,142,-2,gauche,0
433,14.433,1780168757,7,120,-1,gauche,0
433,14.433,1780168757,12,124,-30,gauche,0
433,14.433,1780168757,13,7,-56,gauche,0
433,14.433,1780168757,18,160,-28,gauche,0
433,14.433,1780168757,4,-22,425,droite,0
433,14.433,1780168757,16,252,418,droite,1
433,14.433,1780168757,15,154,498,droite,1
433,14.433,1780168757,2,291,639,droite,1
433,14.433,1780168757,11,112,742,droite,0
433,14.433,1780168757,17,341,435,droite,1
433,14.433,1780168757,14,33,543,droite,1
433,14.433,1780168757,1,209,747,droite,0
433,14.433,1780168757,7,159,754,droite,0
433,14.433,1780168757,10,-114,775,droite,0
434,14.467,1780168757,15,92,-28,gauche,0
434,14.467,1780168757,11,142,-2,gauche,0
434,14.467,1780168757,7,120,-1,gauche,0
434,14.467,1780168757,18,161,-28,gauche,0
434,14.467,1780168757,12,124,-30,gauche,0
434,14.467,1780168757,4,-23,426,droite,0
434,14.467,1780168757,16,253,425,droite,1
434,14.467,1780168757,14,34,552,droite,1
434,14.467,1780168757,15,156,501,droite,1
434,14.467,1780168757,2,292,640,droite,1
434,14.467,1780168757,11,111,742,droite,0
434,14.467,1780168757,17,341,438,droite,1
434,14.467,1780168757,7,159,754,droite,0
434,14.467,1780168757,1,208,747,droite,0
434,14.467,1780168757,10,-114,775,droite,0
435,14.500,1780168757,15,92,-28,gauche,0
435,14.500,1780168757,7,120,-1,gauche,0
435,14.500,1780168757,11,142,-3,gauche,0
435,14.500,1780168757,18,161,-28,gauche,0
435,14.500,1780168757,12,124,-30,gauche,0
435,14.500,1780168757,4,-23,427,droite,0
435,14.500,1780168757,16,253,428,droite,1
435,14.500,1780168757,17,338,438,droite,1
435,14.500,1780168757,2,293,641,droite,1
435,14.500,1780168757,15,158,504,droite,1
435,14.500,1780168757,14,35,557,droite,1
435,14.500,1780168757,11,110,742,droite,0
435,14.500,1780168757,7,159,754,droite,0
435,14.500,1780168757,1,207,747,droite,0
435,14.500,1780168757,10,-114,775,droite,0
436,14.533,1780168757,15,93,-28,gauche,0
436,14.533,1780168757,11,142,-2,gauche,0
436,14.533,1780168757,7,120,-1,gauche,0
436,14.533,1780168757,18,162,-28,gauche,0
436,14.533,1780168757,12,124,-30,gauche,0
436,14.533,1780168757,4,-23,427,droite,0
436,14.533,1780168757,15,159,504,droite,1
436,14.533,1780168757,2,294,642,droite,1
436,14.533,1780168757,16,254,429,droite,1
436,14.533,1780168757,17,335,438,droite,1
436,14.533,1780168757,14,36,562,droite,1
436,14.533,1780168757,11,108,743,droite,0
436,14.533,1780168757,7,159,754,droite,0
436,14.533,1780168757,1,206,747,droite,0
436,14.533,1780168757,10,-114,775,droite,0
437,14.567,1780168757,15,92,-28,gauche,0
437,14.567,1780168757,11,142,-2,gauche,0
437,14.567,1780168757,7,120,-1,gauche,0
437,14.567,1780168757,18,162,-28,gauche,0
437,14.567,1780168757,4,-23,427,droite,0
437,14.567,1780168757,15,160,505,droite,1
437,14.567,1780168757,16,255,434,droite,1
437,14.567,1780168757,2,295,643,droite,1
437,14.567,1780168757,17,333,439,droite,1
437,14.567,1780168757,14,35,569,droite,1
437,14.567,1780168757,7,160,754,droite,0
437,14.567,1780168757,11,107,742,droite,0
437,14.567,1780168757,1,205,747,droite,0
437,14.567,1780168757,10,-114,775,droite,0
438,14.600,1780168757,15,92,-28,gauche,0
438,14.600,1780168757,11,142,-2,gauche,0
438,14.600,1780168757,7,120,-1,gauche,0
438,14.600,1780168757,18,163,-30,gauche,0
438,14.600,1780168757,4,-22,427,droite,0
438,14.600,1780168757,16,256,439,droite,1
438,14.600,1780168757,2,296,646,droite,1
438,14.600,1780168757,17,331,441,droite,1
438,14.600,1780168757,15,160,506,droite,1
438,14.600,1780168757,14,34,574,droite,1
438,14.600,1780168757,7,160,754,droite,0
438,14.600,1780168757,11,106,743,droite,0
438,14.600,1780168757,1,203,747,droite,0
438,14.600,1780168757,10,-114,775,droite,0
439,14.633,1780168757,15,92,-28,gauche,0
439,14.633,1780168757,11,142,-2,gauche,0
439,14.633,1780168757,7,120,-1,gauche,0
439,14.633,1780168757,18,163,-30,gauche,0
439,14.633,1780168757,16,256,439,droite,1
439,14.633,1780168757,4,-22,427,droite,0
439,14.633,1780168757,2,296,646,droite,1
439,14.633,1780168757,17,331,441,droite,1
439,14.633,1780168757,15,160,506,droite,1
439,14.633,1780168757,14,34,574,droite,1
439,14.633,1780168757,7,160,754,droite,0
439,14.633,1780168757,1,203,747,droite,0
439,14.633,1780168757,11,106,743,droite,0
439,14.633,1780168757,10,-114,775,droite,0
440,14.667,1780168757,15,93,-27,gauche,0
440,14.667,1780168757,7,120,-1,gauche,0
440,14.667,1780168757,11,142,-2,gauche,0
440,14.667,1780168757,18,163,-29,gauche,0
440,14.667,1780168757,12,124,-30,gauche,0
440,14.667,1780168757,16,257,442,droite,1
440,14.667,1780168757,4,-22,427,droite,0
440,14.667,1780168757,17,328,442,droite,1
440,14.667,1780168757,2,297,649,droite,1
440,14.667,1780168757,14,36,574,droite,1
440,14.667,1780168757,15,160,509,droite,1
440,14.667,1780168757,7,160,754,droite,0
440,14.667,1780168757,1,202,748,droite,0
440,14.667,1780168757,11,104,743,droite,0
440,14.667,1780168757,10,-114,775,droite,0
441,14.700,1780168757,15,92,-28,gauche,0
441,14.700,1780168757,11,142,-2,gauche,0
441,14.700,1780168757,7,120,-1,gauche,0
441,14.700,1780168757,18,163,-28,gauche,0
441,14.700,1780168757,4,-22,428,droite,0
441,14.700,1780168757,16,258,448,droite,1
441,14.700,1780168757,2,299,652,droite,1
441,14.700,1780168757,17,325,443,droite,1
441,14.700,1780168757,15,161,512,droite,1
441,14.700,1780168757,14,36,574,droite,1
441,14.700,1780168757,7,159,754,droite,0
441,14.700,1780168757,1,201,747,droite,0
441,14.700,1780168757,11,101,743,droite,0
441,14.700,1780168757,10,-114,775,droite,0
442,14.733,1780168757,15,92,-28,gauche,0
442,14.733,1780168757,11,141,-2,gauche,0
442,14.733,1780168757,7,120,-1,gauche,0
442,14.733,1780168757,16,257,455,droite,1
442,14.733,1780168757,4,-22,428,droite,0
442,14.733,1780168757,17,324,445,droite,1
442,14.733,1780168757,2,301,652,droite,1
442,14.733,1780168757,15,162,513,droite,1
442,14.733,1780168757,14,39,573,droite,1
442,14.733,1780168757,7,159,754,droite,0
442,14.733,1780168757,1,201,747,droite,0
442,14.733,1780168757,11,100,743,droite,0
442,14.733,1780168757,10,-114,775,droite,0
443,14.767,1780168757,15,92,-28,gauche,0
443,14.767,1780168757,11,141,-2,gauche,0
443,14.767,1780168757,7,120,-1,gauche,0
443,14.767,1780168757,18,164,-23,gauche,0
443,14.767,1780168757,4,-21,427,droite,0
443,14.767,1780168757,15,165,514,droite,1
443,14.767,1780168757,16,257,459,droite,1
443,14.767,1780168757,17,323,448,droite,1
443,14.767,1780168757,2,302,652,droite,1
443,14.767,1780168757,14,41,573,droite,1
443,14.767,1780168757,7,159,754,droite,0
443,14.767,1780168757,11,98,743,droite,0
443,14.767,1780168757,1,200,747,droite,0
443,14.767,1780168757,10,-114,775,droite,0
444,14.800,1780168757,15,92,-28,gauche,0
444,14.800,1780168757,11,141,-2,gauche,0
444,14.800,1780168757,7,120,-1,gauche,0
444,14.800,1780168757,18,165,-22,gauche,0
444,14.800,1780168757,17,322,452,droite,1
444,14.800,1780168757,4,-21,427,droite,0
444,14.800,1780168757,16,258,461,droite,1
444,14.800,1780168757,2,303,652,droite,1
444,14.800,1780168757,15,166,515,droite,1
444,14.800,1780168757,14,38,581,droite,1
444,14.800,1780168757,7,159,754,droite,0
444,14.800,1780168757,1,199,746,droite,0
444,14.800,1780168757,11,97,743,droite,0
444,14.800,1780168757,10,-114,775,droite,0
445,14.833,1780168757,15,92,-28,gauche,0
445,14.833,1780168757,11,141,-2,gauche,0
445,14.833,1780168757,7,120,-1,gauche,0
445,14.833,1780168757,18,165,-22,gauche,0
445,14.833,1780168757,17,322,452,droite,1
445,14.833,1780168757,4,-21,427,droite,0
445,14.833,1780168757,16,258,461,droite,1
445,14.833,1780168757,15,166,515,droite,1
445,14.833,1780168757,2,303,652,droite,1
445,14.833,1780168757,14,38,581,droite,1
445,14.833,1780168757,1,199,746,droite,0
445,14.833,1780168757,7,159,754,droite,0
445,14.833,1780168757,11,97,743,droite,0
445,14.833,1780168757,10,-114,775,droite,0
446,14.867,1780168757,15,92,-28,gauche,0
446,14.867,1780168757,11,140,-2,gauche,0
446,14.867,1780168757,7,120,-1,gauche,0
446,14.867,1780168757,18,166,-21,gauche,0
446,14.867,1780168757,16,259,463,droite,1
446,14.867,1780168757,17,321,455,droite,1
446,14.867,1780168757,4,-21,427,droite,0
446,14.867,1780168757,15,166,516,droite,1
446,14.867,1780168757,2,303,652,droite,1
446,14.867,1780168757,14,37,585,droite,1
446,14.867,1780168757,7,159,754,droite,0
446,14.867,1780168757,1,199,746,droite,0
446,14.867,1780168757,11,96,743,droite,0
446,14.867,1780168757,10,-114,775,droite,0
447,14.900,1780168757,15,92,-28,gauche,0
447,14.900,1780168757,11,140,-2,gauche,0
447,14.900,1780168757,7,121,-1,gauche,0
447,14.900,1780168757,18,166,-21,gauche,0
447,14.900,1780168757,16,260,465,droite,1
447,14.900,1780168757,15,167,517,droite,1
447,14.900,1780168757,4,-21,428,droite,0
447,14.900,1780168757,17,319,459,droite,1
447,14.900,1780168757,2,304,651,droite,1
447,14.900,1780168757,14,40,580,droite,1
447,14.900,1780168757,7,159,754,droite,0
447,14.900,1780168757,1,198,746,droite,0
447,14.900,1780168757,11,95,744,droite,0
447,14.900,1780168757,10,-114,775,droite,0
448,14.933,1780168757,11,140,-2,gauche,0
448,14.933,1780168757,15,92,-28,gauche,0
448,14.933,1780168757,7,120,-1,gauche,0
448,14.933,1780168757,18,166,-21,gauche,0
448,14.933,1780168757,13,45,-55,gauche,0
448,14.933,1780168757,16,262,467,droite,1
448,14.933,1780168757,4,-21,428,droite,0
448,14.933,1780168757,17,317,462,droite,1
448,14.933,1780168757,15,167,518,droite,1
448,14.933,1780168757,2,305,652,droite,1
448,14.933,1780168757,14,41,583,droite,1
448,14.933,1780168757,1,197,747,droite,0
448,14.933,1780168757,7,159,754,droite,0
448,14.933,1780168757,11,95,744,droite,0
448,14.933,1780168757,10,-114,775,droite,0
449,14.967,1780168757,11,139,-2,gauche,0
449,14.967,1780168757,15,92,-28,gauche,0
449,14.967,1780168757,7,120,-1,gauche,0
449,14.967,1780168757,18,167,-20,gauche,0
449,14.967,1780168757,13,45,-55,gauche,0
449,14.967,1780168757,16,263,471,droite,1
449,14.967,1780168757,17,313,463,droite,1
449,14.967,1780168757,15,168,518,droite,1
449,14.967,1780168757,4,-21,428,droite,0
449,14.967,1780168757,2,306,653,droite,1
449,14.967,1780168757,14,40,584,droite,1
449,14.967,1780168757,1,197,749,droite,0
449,14.967,1780168757,7,160,754,droite,0
449,14.967,1780168757,11,94,743,droite,0
449,14.967,1780168757,10,-114,775,droite,0
450,15.000,1780168758,11,139,-2,gauche,0
450,15.000,1780168758,15,92,-28,gauche,0
450,15.000,1780168758,7,120,-1,gauche,0
450,15.000,1780168758,18,167,-20,gauche,0
450,15.000,1780168758,16,264,475,droite,1
450,15.000,1780168758,17,310,463,droite,1
450,15.000,1780168758,15,168,518,droite,1
450,15.000,1780168758,4,-21,428,droite,0
450,15.000,1780168758,14,40,583,droite,1
450,15.000,1780168758,2,306,654,droite,1
450,15.000,1780168758,7,160,754,droite,0
450,15.000,1780168758,11,94,743,droite,0
450,15.000,1780168758,1,195,755,droite,0
450,15.000,1780168758,10,-114,775,droite,0
451,15.033,1780168758,11,139,-2,gauche,0
451,15.033,1780168758,15,92,-28,gauche,0
451,15.033,1780168758,7,120,-1,gauche,0
451,15.033,1780168758,18,167,-20,gauche,0
451,15.033,1780168758,16,264,475,droite,1
451,15.033,1780168758,17,310,463,droite,1
451,15.033,1780168758,15,168,518,droite,1
451,15.033,1780168758,4,-21,428,droite,0
451,15.033,1780168758,14,40,583,droite,1
451,15.033,1780168758,2,306,654,droite,1
451,15.033,1780168758,7,160,754,droite,0
451,15.033,1780168758,11,94,743,droite,0
451,15.033,1780168758,1,195,755,droite,0
451,15.033,1780168758,10,-114,775,droite,0
451,15.033,1780168758,20,-115,451,droite,0
452,15.067,1780168758,11,139,-2,gauche,0
452,15.067,1780168758,15,93,-28,gauche,0
452,15.067,1780168758,7,120,0,gauche,1
452,15.067,1780168758,18,167,-20,gauche,0
452,15.067,1780168758,15,168,517,droite,1
452,15.067,1780168758,17,308,464,droite,1
452,15.067,1780168758,16,264,479,droite,1
452,15.067,1780168758,4,-21,428,droite,0
452,15.067,1780168758,2,307,653,droite,1
452,15.067,1780168758,14,38,585,droite,1
452,15.067,1780168758,7,160,754,droite,0
452,15.067,1780168758,11,93,745,droite,0
452,15.067,1780168758,1,194,757,droite,0
452,15.067,1780168758,10,-114,775,droite,0
452,15.067,1780168758,20,-115,451,droite,0
453,15.100,1780168758,15,93,-28,gauche,0
453,15.100,1780168758,11,140,-2,gauche,0
453,15.100,1780168758,7,120,0,gauche,1
453,15.100,1780168758,18,167,-20,gauche,0
453,15.100,1780168758,15,168,517,droite,1
453,15.100,1780168758,16,264,484,droite,1
453,15.100,1780168758,17,308,466,droite,1
453,15.100,1780168758,4,-21,429,droite,0
453,15.100,1780168758,2,307,655,droite,1
453,15.100,1780168758,14,38,587,droite,1
453,15.100,1780168758,7,160,754,droite,0
453,15.100,1780168758,10,-114,775,droite,0
453,15.100,1780168758,11,93,744,droite,0
453,15.100,1780168758,1,193,761,droite,0
453,15.100,1780168758,20,-115,451,droite,0
454,15.133,1780168758,15,93,-28,gauche,0
454,15.133,1780168758,11,140,-2,gauche,0
454,15.133,1780168758,7,120,0,gauche,1
454,15.133,1780168758,18,166,-19,gauche,0
454,15.133,1780168758,4,-21,429,droite,0
454,15.133,1780168758,15,168,516,droite,1
454,15.133,1780168758,16,264,488,droite,1
454,15.133,1780168758,17,307,468,droite,1
454,15.133,1780168758,2,308,654,droite,1
454,15.133,1780168758,7,160,754,droite,0
454,15.133,1780168758,14,39,587,droite,1
454,15.133,1780168758,1,192,762,droite,0
454,15.133,1780168758,10,-114,775,droite,0
454,15.133,1780168758,11,92,746,droite,0
454,15.133,1780168758,20,-115,451,droite,0
455,15.167,1780168758,15,93,-28,gauche,0
455,15.167,1780168758,7,120,0,gauche,1
455,15.167,1780168758,11,140,-2,gauche,0
455,15.167,1780168758,18,166,-20,gauche,0
455,15.167,1780168758,4,-22,429,droite,0
455,15.167,1780168758,15,168,516,droite,1
455,15.167,1780168758,17,305,469,droite,1
455,15.167,1780168758,16,265,492,droite,1
455,15.167,1780168758,2,308,654,droite,1
455,15.167,1780168758,7,160,754,droite,0
455,15.167,1780168758,14,41,587,droite,1
455,15.167,1780168758,10,-114,775,droite,0
455,15.167,1780168758,1,191,763,droite,0
455,15.167,1780168758,20,-115,451,droite,0
455,15.167,1780168758,11,90,746,droite,0
456,15.200,1780168758,15,93,-28,gauche,0
456,15.200,1780168758,7,121,-1,gauche,0
456,15.200,1780168758,11,140,-2,gauche,0
456,15.200,1780168758,18,166,-19,gauche,0
456,15.200,1780168758,4,-21,430,droite,0
456,15.200,1780168758,17,303,470,droite,1
456,15.200,1780168758,15,168,517,droite,1
456,15.200,1780168758,16,266,495,droite,1
456,15.200,1780168758,2,309,656,droite,1
456,15.200,1780168758,14,41,588,droite,1
456,15.200,1780168758,7,160,754,droite,0
456,15.200,1780168758,11,88,746,droite,0
456,15.200,1780168758,10,-114,775,droite,0
456,15.200,1780168758,1,190,764,droite,0
457,15.233,1780168758,15,93,-28,gauche,0
457,15.233,1780168758,7,121,-1,gauche,0
457,15.233,1780168758,11,140,-2,gauche,0
457,15.233,1780168758,18,166,-19,gauche,0
457,15.233,1780168758,4,-21,430,droite,0
457,15.233,1780168758,15,168,517,droite,1
457,15.233,1780168758,17,303,470,droite,1
457,15.233,1780168758,16,266,495,droite,1
457,15.233,1780168758,2,309,656,droite,1
457,15.233,1780168758,7,160,754,droite,0
457,15.233,1780168758,14,41,588,droite,1
457,15.233,1780168758,11,88,746,droite,0
457,15.233,1780168758,10,-114,775,droite,0
457,15.233,1780168758,1,190,764,droite,0
458,15.267,1780168758,15,92,-28,gauche,0
458,15.267,1780168758,11,140,-2,gauche,0
458,15.267,1780168758,7,121,-1,gauche,0
458,15.267,1780168758,18,167,-19,gauche,0
458,15.267,1780168758,4,-21,430,droite,0
458,15.267,1780168758,17,301,470,droite,1
458,15.267,1780168758,15,168,516,droite,1
458,15.267,1780168758,16,266,497,droite,1
458,15.267,1780168758,2,310,656,droite,1
458,15.267,1780168758,7,160,754,droite,0
458,15.267,1780168758,14,41,587,droite,1
458,15.267,1780168758,11,86,746,droite,0
458,15.267,1780168758,10,-114,775,droite,0
458,15.267,1780168758,1,189,763,droite,0
459,15.300,1780168758,15,93,-28,gauche,0
459,15.300,1780168758,7,121,-1,gauche,0
459,15.300,1780168758,11,140,-1,gauche,0
459,15.300,1780168758,18,167,-19,gauche,0
459,15.300,1780168758,17,300,471,droite,1
459,15.300,1780168758,15,168,517,droite,1
459,15.300,1780168758,4,-22,431,droite,0
459,15.300,1780168758,16,266,501,droite,1
459,15.300,1780168758,2,311,658,droite,1
459,15.300,1780168758,14,43,587,droite,1
459,15.300,1780168758,7,160,754,droite,0
459,15.300,1780168758,10,-114,775,droite,0
459,15.300,1780168758,11,83,746,droite,0
459,15.300,1780168758,1,187,763,droite,0
460,15.333,1780168758,7,121,-1,gauche,0
460,15.333,1780168758,11,140,-1,gauche,0
460,15.333,1780168758,15,92,-28,gauche,0
460,15.333,1780168758,18,167,-19,gauche,0
460,15.333,1780168758,17,299,471,droite,1
460,15.333,1780168758,4,-22,431,droite,0
460,15.333,1780168758,15,168,517,droite,1
460,15.333,1780168758,2,311,659,droite,1
460,15.333,1780168758,16,266,502,droite,1
460,15.333,1780168758,14,43,588,droite,1
460,15.333,1780168758,7,160,754,droite,0
460,15.333,1780168758,11,82,747,droite,0
460,15.333,1780168758,10,-114,775,droite,0
460,15.333,1780168758,1,187,764,droite,0
461,15.367,1780168758,7,121,-1,gauche,0
461,15.367,1780168758,11,140,-2,gauche,0
461,15.367,1780168758,15,93,-28,gauche,0
461,15.367,1780168758,18,168,-18,gauche,0
461,15.367,1780168758,13,41,-54,gauche,0
461,15.367,1780168758,17,296,472,droite,1
461,15.367,1780168758,15,167,517,droite,1
461,15.367,1780168758,4,-22,431,droite,0
461,15.367,1780168758,2,312,660,droite,1
461,15.367,1780168758,16,267,507,droite,1
461,15.367,1780168758,14,44,588,droite,1
461,15.367,1780168758,7,160,754,droite,0
461,15.367,1780168758,11,80,748,droite,0
461,15.367,1780168758,1,186,763,droite,0
461,15.367,1780168758,10,-114,775,droite,0
462,15.400,1780168758,7,121,-1,gauche,0
462,15.400,1780168758,11,140,-2,gauche,0
462,15.400,1780168758,15,92,-28,gauche,0
462,15.400,1780168758,18,169,-19,gauche,0
462,15.400,1780168758,13,41,-54,gauche,0
462,15.400,1780168758,28,474,394,gauche,0
462,15.400,1780168758,15,167,517,droite,1
462,15.400,1780168758,17,294,472,droite,1
462,15.400,1780168758,4,-22,431,droite,0
462,15.400,1780168758,2,313,661,droite,1
462,15.400,1780168758,16,267,508,droite,1
462,15.400,1780168758,14,45,588,droite,1
462,15.400,1780168758,11,80,746,droite,0
462,15.400,1780168758,7,160,754,droite,0
462,15.400,1780168758,1,185,766,droite,0
462,15.400,1780168758,10,-114,775,droite,0
462,15.400,1780168758,20,271,507,droite,1
463,15.433,1780168758,7,121,-1,gauche,0
463,15.433,1780168758,11,140,-2,gauche,0
463,15.433,1780168758,15,92,-28,gauche,0
463,15.433,1780168758,18,169,-19,gauche,0
463,15.433,1780168758,13,41,-54,gauche,0
463,15.433,1780168758,28,474,394,gauche,0
463,15.433,1780168758,15,167,517,droite,1
463,15.433,1780168758,17,294,472,droite,1
463,15.433,1780168758,4,-22,431,droite,0
463,15.433,1780168758,2,313,661,droite,1
463,15.433,1780168758,16,267,508,droite,1
463,15.433,1780168758,14,45,588,droite,1
463,15.433,1780168758,11,80,746,droite,0
463,15.433,1780168758,7,160,754,droite,0
463,15.433,1780168758,1,185,766,droite,0
463,15.433,1780168758,10,-114,775,droite,0
463,15.433,1780168758,20,271,507,droite,1
464,15.467,1780168758,7,121,-1,gauche,0
464,15.467,1780168758,11,140,-2,gauche,0
464,15.467,1780168758,15,92,-28,gauche,0
464,15.467,1780168758,18,169,-19,gauche,0
464,15.467,1780168758,28,473,394,gauche,0
464,15.467,1780168758,29,472,394,gauche,0
464,15.467,1780168758,17,293,472,droite,1
464,15.467,1780168758,15,167,517,droite,1
464,15.467,1780168758,4,-22,431,droite,0
464,15.467,1780168758,2,313,661,droite,1
464,15.467,1780168758,16,267,507,droite,1
464,15.467,1780168758,14,45,587,droite,1
464,15.467,1780168758,7,160,754,droite,0
464,15.467,1780168758,11,79,748,droite,0
464,15.467,1780168758,1,183,768,droite,0
464,15.467,1780168758,10,-114,775,droite,0
465,15.500,1780168758,11,140,-2,gauche,0
465,15.500,1780168758,7,121,0,gauche,1
465,15.500,1780168758,15,92,-28,gauche,0
465,15.500,1780168758,18,170,-19,gauche,0
465,15.500,1780168758,28,473,394,gauche,0
465,15.500,1780168758,29,472,394,gauche,0
465,15.500,1780168758,4,-22,431,droite,0
465,15.500,1780168758,15,167,517,droite,1
465,15.500,1780168758,17,293,474,droite,1
465,15.500,1780168758,16,267,508,droite,1
465,15.500,1780168758,14,45,587,droite,1
465,15.500,1780168758,2,313,660,droite,1
465,15.500,1780168758,7,160,754,droite,0
465,15.500,1780168758,11,78,747,droite,0
465,15.500,1780168758,1,181,769,droite,0
465,15.500,1780168758,10,-114,775,droite,0
466,15.533,1780168758,11,140,-2,gauche,0
466,15.533,1780168758,7,121,0,gauche,1
466,15.533,1780168758,15,92,-28,gauche,0
466,15.533,1780168758,18,171,-19,gauche,0
466,15.533,1780168758,28,473,394,gauche,0
466,15.533,1780168758,4,-22,431,droite,0
466,15.533,1780168758,15,166,516,droite,1
466,15.533,1780168758,17,292,475,droite,1
466,15.533,1780168758,16,267,508,droite,1
466,15.533,1780168758,14,47,586,droite,1
466,15.533,1780168758,2,314,661,droite,1
466,15.533,1780168758,7,160,754,droite,0
466,15.533,1780168758,11,77,747,droite,0
466,15.533,1780168758,10,-114,775,droite,0
466,15.533,1780168758,1,179,769,droite,0
466,15.533,1780168758,21,-114,451,droite,0
467,15.567,1780168758,11,140,-2,gauche,0
467,15.567,1780168758,7,121,0,gauche,1
467,15.567,1780168758,15,92,-28,gauche,0
467,15.567,1780168758,18,172,-19,gauche,0
467,15.567,1780168758,28,473,394,gauche,0
467,15.567,1780168758,4,-22,431,droite,0
467,15.567,1780168758,15,166,516,droite,1
467,15.567,1780168758,17,292,477,droite,1
467,15.567,1780168758,14,49,585,droite,1
467,15.567,1780168758,16,268,508,droite,1
467,15.567,1780168758,2,314,661,droite,1
467,15.567,1780168758,7,160,754,droite,0
467,15.567,1780168758,11,77,745,droite,0
467,15.567,1780168758,10,-114,775,droite,0
467,15.567,1780168758,21,-115,451,droite,0
468,15.600,1780168758,11,141,-1,gauche,0
468,15.600,1780168758,15,92,-28,gauche,0
468,15.600,1780168758,7,118,0,gauche,1
468,15.600,1780168758,18,173,-18,gauche,0
468,15.600,1780168758,4,-22,431,droite,0
468,15.600,1780168758,15,166,516,droite,1
468,15.600,1780168758,17,291,478,droite,1
468,15.600,1780168758,14,50,585,droite,1
468,15.600,1780168758,2,315,661,droite,1
468,15.600,1780168758,7,160,754,droite,0
468,15.600,1780168758,11,77,745,droite,0
468,15.600,1780168758,20,270,508,droite,1
468,15.600,1780168758,10,-113,775,droite,0
468,15.600,1780168758,21,-115,451,droite,0
469,15.633,1780168758,11,141,-1,gauche,0
469,15.633,1780168758,15,92,-28,gauche,0
469,15.633,1780168758,7,118,0,gauche,1
469,15.633,1780168758,18,173,-18,gauche,0
469,15.633,1780168758,4,-22,431,droite,0
469,15.633,1780168758,15,166,516,droite,1
469,15.633,1780168758,17,291,478,droite,1
469,15.633,1780168758,14,50,585,droite,1
469,15.633,1780168758,2,315,661,droite,1
469,15.633,1780168758,7,160,754,droite,0
469,15.633,1780168758,11,77,745,droite,0
469,15.633,1780168758,20,270,508,droite,1
469,15.633,1780168758,10,-113,775,droite,0
469,15.633,1780168758,21,-115,451,droite,0
470,15.667,1780168758,15,92,-28,gauche,0
470,15.667,1780168758,11,141,-1,gauche,0
470,15.667,1780168758,7,118,0,gauche,1
470,15.667,1780168758,18,173,-18,gauche,0
470,15.667,1780168758,4,-22,431,droite,0
470,15.667,1780168758,15,166,516,droite,1
470,15.667,1780168758,17,291,481,droite,1
470,15.667,1780168758,14,50,584,droite,1
470,15.667,1780168758,20,272,509,droite,1
470,15.667,1780168758,2,315,661,droite,1
470,15.667,1780168758,7,160,753,droite,0
470,15.667,1780168758,11,77,745,droite,0
470,15.667,1780168758,10,-113,775,droite,0
470,15.667,1780168758,1,175,770,droite,0
470,15.667,1780168758,21,-115,451,droite,0
471,15.700,1780168758,15,92,-28,gauche,0
471,15.700,1780168758,7,119,0,gauche,1
471,15.700,1780168758,11,141,-1,gauche,0
471,15.700,1780168758,18,173,-18,gauche,0
471,15.700,1780168758,4,-22,431,droite,0
471,15.700,1780168758,15,165,516,droite,1
471,15.700,1780168758,17,289,481,droite,1
471,15.700,1780168758,14,50,585,droite,1
471,15.700,1780168758,2,317,661,droite,1
471,15.700,1780168758,20,272,511,droite,1
471,15.700,1780168758,11,75,746,droite,0
471,15.700,1780168758,7,160,753,droite,0
471,15.700,1780168758,1,173,770,droite,0
471,15.700,1780168758,10,-113,775,droite,0
472,15.733,1780168758,15,92,-28,gauche,0
472,15.733,1780168758,7,119,0,gauche,1
472,15.733,1780168758,11,141,-1,gauche,0
472,15.733,1780168758,4,-22,431,droite,0
472,15.733,1780168758,15,165,516,droite,1
472,15.733,1780168758,20,273,512,droite,1
472,15.733,1780168758,17,286,482,droite,1
472,15.733,1780168758,14,50,585,droite,1
472,15.733,1780168758,2,319,661,droite,1
472,15.733,1780168758,7,160,753,droite,0
472,15.733,1780168758,11,73,746,droite,0
472,15.733,1780168758,10,-113,775,droite,0
473,15.767,1780168758,15,92,-28,gauche,0
473,15.767,1780168758,7,120,0,gauche,1
473,15.767,1780168758,11,141,-1,gauche,0
473,15.767,1780168758,4,-22,431,droite,0
473,15.767,1780168758,17,284,483,droite,1
473,15.767,1780168758,15,165,516,droite,1
473,15.767,1780168758,20,275,514,droite,1
473,15.767,1780168758,2,320,662,droite,1
473,15.767,1780168758,14,50,584,droite,1
473,15.767,1780168758,7,160,753,droite,0
473,15.767,1780168758,10,-113,775,droite,0
473,15.767,1780168758,1,171,769,droite,0
474,15.800,1780168758,15,92,-28,gauche,0
474,15.800,1780168758,11,141,-1,gauche,0
474,15.800,1780168758,7,121,0,gauche,1
474,15.800,1780168758,4,-22,431,droite,0
474,15.800,1780168758,15,165,516,droite,1
474,15.800,1780168758,17,283,484,droite,1
474,15.800,1780168758,20,276,516,droite,1
474,15.800,1780168758,14,49,586,droite,1
474,15.800,1780168758,2,322,662,droite,1
474,15.800,1780168758,7,159,753,droite,0
474,15.800,1780168758,10,-113,775,droite,0
475,15.833,1780168758,15,92,-28,gauche,0
475,15.833,1780168758,11,141,-1,gauche,0
475,15.833,1780168758,7,121,0,gauche,1
475,15.833,1780168758,4,-22,431,droite,0
475,15.833,1780168758,15,165,516,droite,1
475,15.833,1780168758,17,283,484,droite,1
475,15.833,1780168758,20,276,516,droite,1
475,15.833,1780168758,14,49,586,droite,1
475,15.833,1780168758,2,322,662,droite,1
475,15.833,1780168758,7,159,753,droite,0
475,15.833,1780168758,10,-113,775,droite,0
476,15.867,1780168758,15,92,-28,gauche,0
476,15.867,1780168758,11,141,-1,gauche,0
476,15.867,1780168758,7,121,0,gauche,1
476,15.867,1780168758,4,-22,431,droite,0
476,15.867,1780168758,20,277,517,droite,1
476,15.867,1780168758,15,165,517,droite,1
476,15.867,1780168758,17,282,484,droite,1
476,15.867,1780168758,14,49,585,droite,1
476,15.867,1780168758,2,323,662,droite,1
476,15.867,1780168758,7,160,753,droite,0
476,15.867,1780168758,10,-113,775,droite,0
477,15.900,1780168758,15,92,-28,gauche,0
477,15.900,1780168758,11,141,-1,gauche,0
477,15.900,1780168758,7,121,0,gauche,1
477,15.900,1780168758,4,-22,431,droite,0
477,15.900,1780168758,20,276,516,droite,1
477,15.900,1780168758,15,164,517,droite,1
477,15.900,1780168758,17,282,485,droite,1
477,15.900,1780168758,14,49,586,droite,1
477,15.900,1780168758,2,324,662,droite,1
477,15.900,1780168758,10,-113,775,droite,0
477,15.900,1780168758,7,159,753,droite,0
478,15.933,1780168758,15,93,-28,gauche,0
478,15.933,1780168758,11,141,-1,gauche,0
478,15.933,1780168758,7,121,0,gauche,1
478,15.933,1780168758,4,-22,431,droite,0
478,15.933,1780168758,15,164,517,droite,1
478,15.933,1780168758,20,275,515,droite,1
478,15.933,1780168758,17,282,486,droite,1
478,15.933,1780168758,14,48,586,droite,1
478,15.933,1780168758,2,325,662,droite,1
478,15.933,1780168758,7,165,755,droite,0
478,15.933,1780168758,10,-113,775,droite,0
478,15.933,1780168758,11,68,746,droite,0
479,15.967,1780168758,15,92,-27,gauche,0
479,15.967,1780168758,11,141,-1,gauche,0
479,15.967,1780168758,7,120,0,gauche,1
479,15.967,1780168758,4,-22,431,droite,0
479,15.967,1780168758,20,274,514,droite,1
479,15.967,1780168758,17,281,486,droite,1
479,15.967,1780168758,15,167,515,droite,1
479,15.967,1780168758,14,47,586,droite,1
479,15.967,1780168758,2,325,663,droite,1
479,15.967,1780168758,11,66,746,droite,0
479,15.967,1780168758,1,160,754,droite,0
479,15.967,1780168758,7,163,755,droite,0
479,15.967,1780168758,10,-113,775,droite,0
480,16.000,1780168759,15,93,-27,gauche,0
480,16.000,1780168759,11,141,-1,gauche,0
480,16.000,1780168759,7,119,0,gauche,1
480,16.000,1780168759,4,-23,431,droite,0
480,16.000,1780168759,15,167,514,droite,1
480,16.000,1780168759,20,274,514,droite,1
480,16.000,1780168759,17,281,486,droite,1
480,16.000,1780168759,14,45,587,droite,1
480,16.000,1780168759,2,326,664,droite,1
480,16.000,1780168759,1,162,753,droite,0
480,16.000,1780168759,11,64,746,droite,0
480,16.000,1780168759,10,-113,775,droite,0
481,16.033,1780168759,15,93,-27,gauche,0
481,16.033,1780168759,11,141,-1,gauche,0
481,16.033,1780168759,7,119,0,gauche,1
481,16.033,1780168759,4,-23,431,droite,0
481,16.033,1780168759,15,167,514,droite,1
481,16.033,1780168759,20,274,514,droite,1
481,16.033,1780168759,17,281,486,droite,1
481,16.033,1780168759,14,45,587,droite,1
481,16.033,1780168759,2,326,664,droite,1
481,16.033,1780168759,1,162,753,droite,0
481,16.033,1780168759,11,64,746,droite,0
481,16.033,1780168759,10,-113,775,droite,0
482,16.067,1780168759,15,92,-28,gauche,0
482,16.067,1780168759,11,141,-1,gauche,0
482,16.067,1780168759,7,119,0,gauche,1
482,16.067,1780168759,4,-23,431,droite,0
482,16.067,1780168759,17,281,486,droite,1
482,16.067,1780168759,20,274,514,droite,1
482,16.067,1780168759,14,44,587,droite,1
482,16.067,1780168759,15,169,511,droite,1
482,16.067,1780168759,2,327,666,droite,1
482,16.067,1780168759,1,160,754,droite,0
482,16.067,1780168759,11,63,746,droite,0
482,16.067,1780168759,10,-113,775,droite,0
483,16.100,1780168759,11,142,-1,gauche,0
483,16.100,1780168759,15,92,-27,gauche,0
483,16.100,1780168759,7,119,0,gauche,1
483,16.100,1780168759,4,-23,431,droite,0
483,16.100,1780168759,17,281,486,droite,1
483,16.100,1780168759,15,171,510,droite,1
483,16.100,1780168759,20,273,516,droite,1
483,16.100,1780168759,14,43,586,droite,1
483,16.100,1780168759,2,328,670,droite,1
483,16.100,1780168759,1,160,754,droite,0
483,16.100,1780168759,11,62,746,droite,0
483,16.100,1780168759,10,-113,775,droite,0
484,16.133,1780168759,11,142,-1,gauche,0
484,16.133,1780168759,15,93,-27,gauche,0
484,16.133,1780168759,7,119,0,gauche,1
484,16.133,1780168759,18,173,-25,gauche,0
484,16.133,1780168759,4,-23,431,droite,0
484,16.133,1780168759,17,280,486,droite,1
484,16.133,1780168759,20,273,519,droite,1
484,16.133,1780168759,15,171,509,droite,1
484,16.133,1780168759,14,41,586,droite,1
484,16.133,1780168759,1,160,755,droite,0
484,16.133,1780168759,2,330,673,droite,1
484,16.133,1780168759,10,-113,775,droite,0
484,16.133,1780168759,11,62,746,droite,0
485,16.167,1780168759,11,142,-1,gauche,0
485,16.167,1780168759,15,93,-27,gauche,0
485,16.167,1780168759,7,119,0,gauche,1
485,16.167,1780168759,4,-23,431,droite,0
485,16.167,1780168759,17,280,486,droite,1
485,16.167,1780168759,15,171,509,droite,1
485,16.167,1780168759,20,271,521,droite,1
485,16.167,1780168759,14,40,587,droite,1
485,16.167,1780168759,1,159,754,droite,0
485,16.167,1780168759,2,331,673,droite,1
485,16.167,1780168759,11,61,746,droite,0
485,16.167,1780168759,10,-113,775,droite,0
486,16.200,1780168759,11,141,-1,gauche,0
486,16.200,1780168759,15,93,-27,gauche,0
486,16.200,1780168759,7,118,0,gauche,1
486,16.200,1780168759,4,-23,431,droite,0
486,16.200,1780168759,17,280,485,droite,1
486,16.200,1780168759,20,271,527,droite,1
486,16.200,1780168759,15,171,510,droite,1
486,16.200,1780168759,14,40,587,droite,1
486,16.200,1780168759,2,331,671,droite,1
486,16.200,1780168759,1,159,754,droite,0
486,16.200,1780168759,11,61,746,droite,0
486,16.200,1780168759,10,-114,775,droite,0
487,16.233,1780168759,11,141,-1,gauche,0
487,16.233,1780168759,15,93,-27,gauche,0
487,16.233,1780168759,7,118,0,gauche,1
487,16.233,1780168759,4,-23,431,droite,0
487,16.233,1780168759,17,280,485,droite,1
487,16.233,1780168759,20,271,527,droite,1
487,16.233,1780168759,15,171,510,droite,1
487,16.233,1780168759,14,40,587,droite,1
487,16.233,1780168759,2,331,672,droite,1
487,16.233,1780168759,1,159,754,droite,0
487,16.233,1780168759,11,61,746,droite,0
487,16.233,1780168759,10,-114,775,droite,0
488,16.267,1780168759,11,141,-1,gauche,0
488,16.267,1780168759,15,93,-27,gauche,0
488,16.267,1780168759,7,118,0,gauche,1
488,16.267,1780168759,4,-23,431,droite,0
488,16.267,1780168759,17,281,486,droite,1
488,16.267,1780168759,15,171,510,droite,1
488,16.267,1780168759,20,271,533,droite,1
488,16.267,1780168759,14,40,588,droite,1
488,16.267,1780168759,2,328,666,droite,1
488,16.267,1780168759,11,61,746,droite,0
488,16.267,1780168759,1,159,754,droite,0
488,16.267,1780168759,10,-114,775,droite,0
489,16.300,1780168759,15,93,-27,gauche,0
489,16.300,1780168759,11,141,-1,gauche,0
489,16.300,1780168759,7,118,0,gauche,1
489,16.300,1780168759,4,-23,431,droite,0
489,16.300,1780168759,17,280,485,droite,1
489,16.300,1780168759,15,172,510,droite,1
489,16.300,1780168759,20,271,535,droite,1
489,16.300,1780168759,14,40,588,droite,1
489,16.300,1780168759,11,61,746,droite,0
489,16.300,1780168759,2,330,668,droite,1
489,16.300,1780168759,1,159,754,droite,0
489,16.300,1780168759,10,-114,775,droite,0
490,16.333,1780168759,15,93,-27,gauche,0
490,16.333,1780168759,11,141,-1,gauche,0
490,16.333,1780168759,7,118,0,gauche,1
490,16.333,1780168759,4,-23,431,droite,0
490,16.333,1780168759,17,281,486,droite,1
490,16.333,1780168759,15,173,510,droite,1
490,16.333,1780168759,20,272,536,droite,1
490,16.333,1780168759,14,40,588,droite,1
490,16.333,1780168759,1,160,754,droite,0
490,16.333,1780168759,2,331,667,droite,1
490,16.333,1780168759,11,60,746,droite,0
490,16.333,1780168759,10,-114,775,droite,0
491,16.367,1780168759,15,93,-27,gauche,0
491,16.367,1780168759,11,141,-1,gauche,0
491,16.367,1780168759,7,118,0,gauche,1
491,16.367,1780168759,4,-23,431,droite,0
491,16.367,1780168759,17,281,485,droite,1
491,16.367,1780168759,15,174,510,droite,1
491,16.367,1780168759,20,273,539,droite,1
491,16.367,1780168759,14,40,589,droite,1
491,16.367,1780168759,2,332,669,droite,1
491,16.367,1780168759,1,160,753,droite,0
491,16.367,1780168759,10,-114,775,droite,0
491,16.367,1780168759,11,59,746,droite,0
492,16.400,1780168759,15,93,-27,gauche,0
492,16.400,1780168759,7,117,0,gauche,1
492,16.400,1780168759,11,141,-1,gauche,0
492,16.400,1780168759,4,-23,431,droite,0
492,16.400,1780168759,15,174,510,droite,1
492,16.400,1780168759,17,281,486,droite,1
492,16.400,1780168759,20,273,540,droite,1
492,16.400,1780168759,14,39,592,droite,1
492,16.400,1780168759,2,331,667,droite,1
492,16.400,1780168759,1,159,754,droite,0
492,16.400,1780168759,10,-113,775,droite,0
492,16.400,1780168759,11,57,746,droite,0
493,16.433,1780168759,15,93,-27,gauche,0
493,16.433,1780168759,7,117,0,gauche,1
493,16.433,1780168759,11,141,-1,gauche,0
493,16.433,1780168759,4,-23,431,droite,0
493,16.433,1780168759,15,174,510,droite,1
493,16.433,1780168759,17,281,486,droite,1
493,16.433,1780168759,20,273,541,droite,1
493,16.433,1780168759,14,39,592,droite,1
493,16.433,1780168759,2,331,667,droite,1
493,16.433,1780168759,1,159,754,droite,0
493,16.433,1780168759,10,-113,775,droite,0
493,16.433,1780168759,11,57,746,droite,0
494,16.467,1780168759,15,93,-27,gauche,0
494,16.467,1780168759,11,141,-1,gauche,0
494,16.467,1780168759,7,117,0,gauche,1
494,16.467,1780168759,4,-23,431,droite,0
494,16.467,1780168759,15,175,511,droite,1
494,16.467,1780168759,17,281,486,droite,1
494,16.467,1780168759,20,272,544,droite,1
494,16.467,1780168759,2,332,668,droite,1
494,16.467,1780168759,14,36,597,droite,1
494,16.467,1780168759,1,160,754,droite,0
494,16.467,1780168759,10,-113,775,droite,0
495,16.500,1780168759,15,93,-27,gauche,0
495,16.500,1780168759,11,141,-1,gauche,0
495,16.500,1780168759,7,117,0,gauche,1
495,16.500,1780168759,4,-23,431,droite,0
495,16.500,1780168759,15,175,512,droite,1
495,16.500,1780168759,17,281,486,droite,1
495,16.500,1780168759,20,271,549,droite,1
495,16.500,1780168759,2,332,667,droite,1
495,16.500,1780168759,14,36,598,droite,1
495,16.500,1780168759,1,159,754,droite,0
495,16.500,1780168759,10,-113,775,droite,0
495,16.500,1780168759,11,53,746,droite,0
496,16.533,1780168759,15,93,-27,gauche,0
496,16.533,1780168759,7,117,0,gauche,1
496,16.533,1780168759,11,140,-1,gauche,0
496,16.533,1780168759,4,-23,431,droite,0
496,16.533,1780168759,17,282,488,droite,1
496,16.533,1780168759,15,175,514,droite,1
496,16.533,1780168759,20,270,556,droite,1
496,16.533,1780168759,2,332,668,droite,1
496,16.533,1780168759,14,33,605,droite,1
496,16.533,1780168759,1,160,754,droite,0
496,16.533,1780168759,11,51,744,droite,0
496,16.533,1780168759,10,-113,776,droite,0
497,16.567,1780168759,15,93,-27,gauche,0
497,16.567,1780168759,7,117,0,gauche,1
497,16.567,1780168759,11,140,-1,gauche,0
497,16.567,1780168759,15,177,516,droite,1
497,16.567,1780168759,4,-23,431,droite,0
497,16.567,1780168759,17,282,489,droite,1
497,16.567,1780168759,20,267,564,droite,1
497,16.567,1780168759,2,333,670,droite,1
497,16.567,1780168759,14,30,610,droite,1
497,16.567,1780168759,1,160,754,droite,0
497,16.567,1780168759,11,50,743,droite,0
497,16.567,1780168759,10,-113,776,droite,0
498,16.600,1780168759,15,93,-27,gauche,0
498,16.600,1780168759,7,117,0,gauche,1
498,16.600,1780168759,11,140,-1,gauche,0
498,16.600,1780168759,18,154,-48,gauche,0
498,16.600,1780168759,4,-23,431,droite,0
498,16.600,1780168759,15,179,520,droite,1
498,16.600,1780168759,17,283,490,droite,1
498,16.600,1780168759,2,334,672,droite,1
498,16.600,1780168759,20,265,564,droite,1
498,16.600,1780168759,14,30,612,droite,1
498,16.600,1780168759,1,160,753,droite,0
498,16.600,1780168759,11,48,746,droite,0
498,16.600,1780168759,10,-113,776,droite,0
499,16.633,1780168759,15,93,-27,gauche,0
499,16.633,1780168759,7,117,0,gauche,1
499,16.633,1780168759,11,140,-1,gauche,0
499,16.633,1780168759,18,154,-48,gauche,0
499,16.633,1780168759,4,-23,431,droite,0
499,16.633,1780168759,15,179,520,droite,1
499,16.633,1780168759,17,283,490,droite,1
499,16.633,1780168759,2,334,672,droite,1
499,16.633,1780168759,20,265,565,droite,1
499,16.633,1780168759,14,30,612,droite,1
499,16.633,1780168759,1,160,753,droite,0
499,16.633,1780168759,11,48,746,droite,0
499,16.633,1780168759,10,-113,776,droite,0
500,16.667,1780168759,15,93,-27,gauche,0
500,16.667,1780168759,7,117,0,gauche,1
500,16.667,1780168759,11,140,-1,gauche,0
500,16.667,1780168759,18,154,-48,gauche,0
500,16.667,1780168759,30,14,-54,gauche,0
500,16.667,1780168759,31,127,-34,gauche,0
500,16.667,1780168759,4,-23,431,droite,0
500,16.667,1780168759,15,181,525,droite,1
500,16.667,1780168759,17,283,490,droite,1
500,16.667,1780168759,20,262,564,droite,1
500,16.667,1780168759,2,335,674,droite,1
500,16.667,1780168759,14,30,612,droite,1
500,16.667,1780168759,1,160,754,droite,0
500,16.667,1780168759,11,47,745,droite,0
500,16.667,1780168759,10,-113,776,droite,0
500,16.667,1780168759,22,139,770,droite,0
501,16.700,1780168759,15,92,-27,gauche,0
501,16.700,1780168759,11,140,-1,gauche,0
501,16.700,1780168759,7,117,0,gauche,1
501,16.700,1780168759,18,154,-47,gauche,0
501,16.700,1780168759,31,126,-34,gauche,0
501,16.700,1780168759,17,284,490,droite,1
501,16.700,1780168759,4,-23,431,droite,0
501,16.700,1780168759,15,184,525,droite,1
501,16.700,1780168759,2,336,675,droite,1
501,16.700,1780168759,20,260,566,droite,1
501,16.700,1780168759,14,30,612,droite,1
501,16.700,1780168759,11,49,739,droite,0
501,16.700,1780168759,1,160,754,droite,0
501,16.700,1780168759,10,-113,776,droite,0
501,16.700,1780168759,22,137,770,droite,0
502,16.733,1780168759,11,140,-1,gauche,0
502,16.733,1780168759,15,92,-27,gauche,0
502,16.733,1780168759,7,117,0,gauche,1
502,16.733,1780168759,18,153,-48,gauche,0
502,16.733,1780168759,17,285,491,droite,1
502,16.733,1780168759,4,-23,431,droite,0
502,16.733,1780168759,15,187,526,droite,1
502,16.733,1780168759,20,259,567,droite,1
502,16.733,1780168759,2,336,675,droite,1
502,16.733,1780168759,14,31,611,droite,1
502,16.733,1780168759,11,48,740,droite,0
502,16.733,1780168759,1,160,754,droite,0
502,16.733,1780168759,10,-113,776,droite,0
502,16.733,1780168759,22,136,768,droite,0
503,16.767,1780168759,11,140,-1,gauche,0
503,16.767,1780168759,15,92,-27,gauche,0
503,16.767,1780168759,7,117,0,gauche,1
503,16.767,1780168759,18,154,-47,gauche,0
503,16.767,1780168759,17,285,494,droite,1
503,16.767,1780168759,4,-23,431,droite,0
503,16.767,1780168759,20,257,572,droite,1
503,16.767,1780168759,15,188,527,droite,1
503,16.767,1780168759,2,336,675,droite,1
503,16.767,1780168759,14,31,611,droite,1
503,16.767,1780168759,1,159,754,droite,0
503,16.767,1780168759,11,49,739,droite,0
503,16.767,1780168759,10,-114,776,droite,0
503,16.767,1780168759,22,135,767,droite,0
504,16.800,1780168759,11,140,-1,gauche,0
504,16.800,1780168759,15,92,-27,gauche,0
504,16.800,1780168759,7,117,0,gauche,1
504,16.800,1780168759,31,125,-34,gauche,0
504,16.800,1780168759,18,153,-48,gauche,0
504,16.800,1780168759,17,285,493,droite,1
504,16.800,1780168759,4,-23,430,droite,0
504,16.800,1780168759,20,255,578,droite,1
504,16.800,1780168759,15,189,527,droite,1
504,16.800,1780168759,2,336,675,droite,1
504,16.800,1780168759,14,31,611,droite,1
504,16.800,1780168759,1,160,754,droite,0
504,16.800,1780168759,11,48,738,droite,0
504,16.800,1780168759,10,-114,776,droite,0
504,16.800,1780168759,22,134,766,droite,0
505,16.833,1780168759,11,140,-1,gauche,0
505,16.833,1780168759,15,92,-27,gauche,0
505,16.833,1780168759,7,117,0,gauche,1
505,16.833,1780168759,18,153,-48,gauche,0
505,16.833,1780168759,31,125,-34,gauche,0
505,16.833,1780168759,17,285,493,droite,1
505,16.833,1780168759,4,-23,430,droite,0
505,16.833,1780168759,20,255,578,droite,1
505,16.833,1780168759,15,189,527,droite,1
505,16.833,1780168759,2,336,675,droite,1
505,16.833,1780168759,14,31,611,droite,1
505,16.833,1780168759,1,160,754,droite,0
505,16.833,1780168759,11,48,738,droite,0
505,16.833,1780168759,10,-114,776,droite,0
505,16.833,1780168759,22,134,766,droite,0
506,16.867,1780168759,11,141,-1,gauche,0
506,16.867,1780168759,15,92,-27,gauche,0
506,16.867,1780168759,7,117,0,gauche,1
506,16.867,1780168759,31,125,-33,gauche,0
506,16.867,1780168759,18,153,-48,gauche,0
506,16.867,1780168759,17,285,492,droite,1
506,16.867,1780168759,4,-23,430,droite,0
506,16.867,1780168759,20,253,580,droite,1
506,16.867,1780168759,15,190,528,droite,1
506,16.867,1780168759,2,337,675,droite,1
506,16.867,1780168759,14,30,611,droite,1
506,16.867,1780168759,1,160,754,droite,0
506,16.867,1780168759,11,48,738,droite,0
506,16.867,1780168759,10,-115,776,droite,0
506,16.867,1780168759,22,135,764,droite,0
507,16.900,1780168759,11,141,-1,gauche,0
507,16.900,1780168759,15,92,-27,gauche,0
507,16.900,1780168759,7,117,0,gauche,1
507,16.900,1780168759,31,125,-33,gauche,0
507,16.900,1780168759,18,153,-48,gauche,0
507,16.900,1780168759,30,45,-49,gauche,0
507,16.900,1780168759,17,285,491,droite,1
507,16.900,1780168759,4,-23,430,droite,0
507,16.900,1780168759,20,252,588,droite,1
507,16.900,1780168759,15,191,531,droite,1
507,16.900,1780168759,2,337,675,droite,1
507,16.900,1780168759,1,160,754,droite,0
507,16.900,1780168759,14,31,611,droite,1
507,16.900,1780168759,11,47,738,droite,0
507,16.900,1780168759,22,135,763,droite,0
507,16.900,1780168759,10,-114,775,droite,0
508,16.933,1780168759,11,141,-1,gauche,0
508,16.933,1780168759,15,92,-28,gauche,0
508,16.933,1780168759,7,117,0,gauche,1
508,16.933,1780168759,31,125,-32,gauche,0
508,16.933,1780168759,18,153,-48,gauche,0
508,16.933,1780168759,30,10,-54,gauche,0
508,16.933,1780168759,17,286,491,droite,1
508,16.933,1780168759,4,-23,430,droite,0
508,16.933,1780168759,20,251,591,droite,1
508,16.933,1780168759,15,193,534,droite,1
508,16.933,1780168759,2,338,675,droite,1
508,16.933,1780168759,14,31,611,droite,1
508,16.933,1780168759,1,159,754,droite,0
508,16.933,1780168759,11,46,737,droite,0
508,16.933,1780168759,22,133,763,droite,0
508,16.933,1780168759,10,-114,775,droite,0
509,16.967,1780168759,11,141,-1,gauche,0
509,16.967,1780168759,15,92,-28,gauche,0
509,16.967,1780168759,7,117,0,gauche,1
509,16.967,1780168759,18,153,-48,gauche,0
509,16.967,1780168759,17,287,491,droite,1
509,16.967,1780168759,4,-23,430,droite,0
509,16.967,1780168759,20,251,592,droite,1
509,16.967,1780168759,15,194,537,droite,1
509,16.967,1780168759,2,339,674,droite,1
509,16.967,1780168759,1,159,754,droite,0
509,16.967,1780168759,14,31,611,droite,1
509,16.967,1780168759,11,45,736,droite,0
509,16.967,1780168759,22,133,763,droite,0
509,16.967,1780168759,10,-114,775,droite,0
510,17.000,1780168760,11,141,-1,gauche,0
510,17.000,1780168760,15,92,-28,gauche,0
510,17.000,1780168760,7,117,0,gauche,1
510,17.000,1780168760,18,154,-47,gauche,0
510,17.000,1780168760,30,45,-50,gauche,0
510,17.000,1780168760,17,288,492,droite,1
510,17.000,1780168760,4,-23,430,droite,0
510,17.000,1780168760,20,248,595,droite,1
510,17.000,1780168760,15,196,541,droite,1
510,17.000,1780168760,2,339,674,droite,1
510,17.000,1780168760,14,31,612,droite,1
510,17.000,1780168760,1,159,754,droite,0
510,17.000,1780168760,11,43,737,droite,0
510,17.000,1780168760,22,131,763,droite,0
510,17.000,1780168760,10,-116,776,droite,0
511,17.033,1780168760,11,141,-1,gauche,0
511,17.033,1780168760,15,92,-28,gauche,0
511,17.033,1780168760,7,117,0,gauche,1
511,17.033,1780168760,18,154,-47,gauche,0
511,17.033,1780168760,30,45,-50,gauche,0
511,17.033,1780168760,17,288,492,droite,1
511,17.033,1780168760,4,-23,430,droite,0
511,17.033,1780168760,20,248,595,droite,1
511,17.033,1780168760,15,196,541,droite,1
511,17.033,1780168760,2,339,674,droite,1
511,17.033,1780168760,14,31,611,droite,1
511,17.033,1780168760,1,159,754,droite,0
511,17.033,1780168760,11,43,737,droite,0
511,17.033,1780168760,22,131,763,droite,0
511,17.033,1780168760,10,-115,776,droite,0
512,17.067,1780168760,11,141,-1,gauche,0
512,17.067,1780168760,15,92,-27,gauche,0
512,17.067,1780168760,7,117,0,gauche,1
512,17.067,1780168760,18,153,-48,gauche,0
512,17.067,1780168760,30,45,-50,gauche,0
512,17.067,1780168760,17,289,494,droite,1
512,17.067,1780168760,4,-23,430,droite,0
512,17.067,1780168760,15,200,546,droite,1
512,17.067,1780168760,20,246,597,droite,1
512,17.067,1780168760,2,341,673,droite,1
512,17.067,1780168760,14,32,612,droite,1
512,17.067,1780168760,1,159,754,droite,0
512,17.067,1780168760,22,130,763,droite,0
512,17.067,1780168760,11,42,737,droite,0
512,17.067,1780168760,10,-117,777,droite,0
513,17.100,1780168760,11,141,-1,gauche,0
513,17.100,1780168760,15,92,-28,gauche,0
513,17.100,1780168760,7,117,0,gauche,1
513,17.100,1780168760,18,153,-48,gauche,0
513,17.100,1780168760,17,290,495,droite,1
513,17.100,1780168760,4,-23,430,droite,0
513,17.100,1780168760,20,246,602,droite,1
513,17.100,1780168760,15,201,552,droite,1
513,17.100,1780168760,2,342,672,droite,1
513,17.100,1780168760,14,32,614,droite,1
513,17.100,1780168760,1,159,754,droite,0
513,17.100,1780168760,11,40,738,droite,0
513,17.100,1780168760,22,128,764,droite,0
513,17.100,1780168760,10,-117,777,droite,0
514,17.133,1780168760,11,140,-1,gauche,0
514,17.133,1780168760,15,92,-28,gauche,0
514,17.133,1780168760,7,117,0,gauche,1
514,17.133,1780168760,18,152,-47,gauche,0
514,17.133,1780168760,17,292,498,droite,1
514,17.133,1780168760,4,-23,430,droite,0
514,17.133,1780168760,20,245,608,droite,1
514,17.133,1780168760,15,202,556,droite,1
514,17.133,1780168760,2,343,671,droite,1
514,17.133,1780168760,14,31,617,droite,1
514,17.133,1780168760,1,159,754,droite,0
514,17.133,1780168760,11,39,737,droite,0
514,17.133,1780168760,10,-117,777,droite,0
515,17.167,1780168760,11,141,-1,gauche,0
515,17.167,1780168760,15,92,-28,gauche,0
515,17.167,1780168760,7,117,0,gauche,1
515,17.167,1780168760,18,152,-47,gauche,0
515,17.167,1780168760,31,123,-34,gauche,0
515,17.167,1780168760,17,295,502,droite,1
515,17.167,1780168760,4,-23,430,droite,0
515,17.167,1780168760,15,203,561,droite,1
515,17.167,1780168760,20,244,614,droite,1
515,17.167,1780168760,2,345,672,droite,1
515,17.167,1780168760,14,31,619,droite,1
515,17.167,1780168760,1,159,754,droite,0
515,17.167,1780168760,11,37,737,droite,0
516,17.200,1780168760,11,140,-1,gauche,0
516,17.200,1780168760,15,92,-28,gauche,0
516,17.200,1780168760,7,117,0,gauche,1
516,17.200,1780168760,31,123,-33,gauche,0
516,17.200,1780168760,30,45,-48,gauche,0
516,17.200,1780168760,18,152,-47,gauche,0
516,17.200,1780168760,17,297,505,droite,1
516,17.200,1780168760,4,-23,430,droite,0
516,17.200,1780168760,15,205,564,droite,1
516,17.200,1780168760,20,242,620,droite,1
516,17.200,1780168760,2,345,670,droite,1
516,17.200,1780168760,14,30,621,droite,1
516,17.200,1780168760,1,159,754,droite,0
516,17.200,1780168760,11,37,737,droite,0
517,17.233,1780168760,11,141,-1,gauche,0
517,17.233,1780168760,15,92,-28,gauche,0
517,17.233,1780168760,7,117,0,gauche,1
517,17.233,1780168760,31,123,-33,gauche,0
517,17.233,1780168760,30,45,-48,gauche,0
517,17.233,1780168760,18,152,-47,gauche,0
517,17.233,1780168760,17,297,505,droite,1
517,17.233,1780168760,4,-23,430,droite,0
517,17.233,1780168760,15,205,564,droite,1
517,17.233,1780168760,20,242,620,droite,1
517,17.233,1780168760,2,345,670,droite,1
517,17.233,1780168760,14,30,621,droite,1
517,17.233,1780168760,1,159,754,droite,0
517,17.233,1780168760,11,37,737,droite,0
517,17.233,1780168760,22,124,758,droite,0
518,17.267,1780168760,11,140,-1,gauche,0
518,17.267,1780168760,15,92,-28,gauche,0
518,17.267,1780168760,7,117,0,gauche,1
518,17.267,1780168760,31,123,-33,gauche,0
518,17.267,1780168760,18,151,-48,gauche,0
518,17.267,1780168760,30,44,-49,gauche,0
518,17.267,1780168760,4,-23,430,droite,0
518,17.267,1780168760,17,299,508,droite,1
518,17.267,1780168760,15,207,566,droite,1
518,17.267,1780168760,20,239,625,droite,1
518,17.267,1780168760,2,345,668,droite,1
518,17.267,1780168760,14,31,621,droite,1
518,17.267,1780168760,1,159,754,droite,0
518,17.267,1780168760,11,36,737,droite,0
518,17.267,1780168760,22,124,757,droite,0
519,17.300,1780168760,11,140,-1,gauche,0
519,17.300,1780168760,15,92,-28,gauche,0
519,17.300,1780168760,7,117,0,gauche,1
519,17.300,1780168760,32,121,0,gauche,1
519,17.300,1780168760,18,151,-48,gauche,0
519,17.300,1780168760,30,44,-49,gauche,0
519,17.300,1780168760,31,122,-32,gauche,0
519,17.300,1780168760,4,-23,430,droite,0
519,17.300,1780168760,15,208,567,droite,1
519,17.300,1780168760,17,300,508,droite,1
519,17.300,1780168760,20,237,625,droite,1
519,17.300,1780168760,14,30,622,droite,1
519,17.300,1780168760,2,345,665,droite,1
519,17.300,1780168760,1,159,754,droite,0
519,17.300,1780168760,11,35,737,droite,0
519,17.300,1780168760,22,123,756,droite,0
520,17.333,1780168760,11,140,-1,gauche,0
520,17.333,1780168760,15,93,-28,gauche,0
520,17.333,1780168760,7,116,0,gauche,1
520,17.333,1780168760,18,151,-48,gauche,0
520,17.333,1780168760,30,44,-49,gauche,0
520,17.333,1780168760,4,-23,430,droite,0
520,17.333,1780168760,15,209,570,droite,1
520,17.333,1780168760,17,302,509,droite,1
520,17.333,1780168760,20,236,627,droite,1
520,17.333,1780168760,14,30,623,droite,1
520,17.333,1780168760,2,345,665,droite,1
520,17.333,1780168760,1,159,754,droite,0
520,17.333,1780168760,11,34,736,droite,0
520,17.333,1780168760,22,123,754,droite,0
521,17.367,1780168760,11,140,-1,gauche,0
521,17.367,1780168760,15,92,-28,gauche,0
521,17.367,1780168760,7,116,0,gauche,1
521,17.367,1780168760,30,44,-50,gauche,0
521,17.367,1780168760,18,150,-48,gauche,0
521,17.367,1780168760,15,211,573,droite,1
521,17.367,1780168760,4,-23,430,droite,0
521,17.367,1780168760,20,235,629,droite,1
521,17.367,1780168760,17,302,510,droite,1
521,17.367,1780168760,14,30,622,droite,1
521,17.367,1780168760,2,346,664,droite,1
521,17.367,1780168760,1,159,754,droite,0
521,17.367,1780168760,11,34,735,droite,1
521,17.367,1780168760,22,122,754,droite,0
522,17.400,1780168760,11,140,-1,gauche,0
522,17.400,1780168760,15,92,-28,gauche,0
522,17.400,1780168760,7,116,0,gauche,1
522,17.400,1780168760,31,120,-33,gauche,0
522,17.400,1780168760,4,-24,431,droite,0
522,17.400,1780168760,15,213,577,droite,1
522,17.400,1780168760,17,304,511,droite,1
522,17.400,1780168760,14,30,622,droite,1
522,17.400,1780168760,1,159,754,droite,0
522,17.400,1780168760,10,237,630,droite,1
522,17.400,1780168760,11,34,734,droite,1
522,17.400,1780168760,2,346,664,droite,1
522,17.400,1780168760,22,122,754,droite,0
522,17.400,1780168760,20,234,630,droite,1
523,17.433,1780168760,11,140,-2,gauche,0
523,17.433,1780168760,15,92,-28,gauche,0
523,17.433,1780168760,7,116,0,gauche,1
523,17.433,1780168760,31,120,-32,gauche,0
523,17.433,1780168760,4,-24,431,droite,0
523,17.433,1780168760,15,213,577,droite,1
523,17.433,1780168760,17,304,511,droite,1
523,17.433,1780168760,14,30,622,droite,1
523,17.433,1780168760,1,159,754,droite,0
523,17.433,1780168760,10,237,630,droite,1
523,17.433,1780168760,11,34,734,droite,1
523,17.433,1780168760,2,346,664,droite,1
523,17.433,1780168760,22,122,754,droite,0
523,17.433,1780168760,20,235,630,droite,1
524,17.467,1780168760,11,140,-2,gauche,0
524,17.467,1780168760,15,92,-28,gauche,0
524,17.467,1780168760,7,116,0,gauche,1
524,17.467,1780168760,15,215,579,droite,1
524,17.467,1780168760,4,-24,431,droite,0
524,17.467,1780168760,17,306,513,droite,1
524,17.467,1780168760,20,232,635,droite,1
524,17.467,1780168760,14,31,622,droite,1
524,17.467,1780168760,1,159,754,droite,0
524,17.467,1780168760,22,121,754,droite,0
524,17.467,1780168760,2,346,664,droite,1
524,17.467,1780168760,11,34,734,droite,1
525,17.500,1780168760,11,140,-2,gauche,0
525,17.500,1780168760,15,92,-28,gauche,0
525,17.500,1780168760,7,116,0,gauche,1
525,17.500,1780168760,4,-24,431,droite,0
525,17.500,1780168760,15,218,580,droite,1
525,17.500,1780168760,17,307,516,droite,1
525,17.500,1780168760,14,31,622,droite,1
525,17.500,1780168760,20,231,640,droite,1
525,17.500,1780168760,1,159,754,droite,0
525,17.500,1780168760,22,120,753,droite,0
525,17.500,1780168760,11,33,734,droite,1
525,17.500,1780168760,2,347,663,droite,1
526,17.533,1780168760,11,140,-2,gauche,0
526,17.533,1780168760,15,92,-28,gauche,0
526,17.533,1780168760,7,117,0,gauche,1
526,17.533,1780168760,4,-24,431,droite,0
526,17.533,1780168760,17,307,519,droite,1
526,17.533,1780168760,15,221,580,droite,1
526,17.533,1780168760,14,31,622,droite,1
526,17.533,1780168760,10,233,646,droite,1
526,17.533,1780168760,2,347,663,droite,1
526,17.533,1780168760,1,159,754,droite,0
526,17.533,1780168760,11,31,735,droite,1
526,17.533,1780168760,22,119,753,droite,0
526,17.533,1780168760,20,231,646,droite,1
527,17.567,1780168760,11,141,-1,gauche,0
527,17.567,1780168760,15,93,-28,gauche,0
527,17.567,1780168760,7,116,0,gauche,1
527,17.567,1780168760,18,150,-47,gauche,0
527,17.567,1780168760,4,-24,431,droite,0
527,17.567,1780168760,17,310,523,droite,1
527,17.567,1780168760,15,223,580,droite,1
527,17.567,1780168760,20,229,652,droite,1
527,17.567,1780168760,14,31,622,droite,1
527,17.567,1780168760,2,347,663,droite,1
527,17.567,1780168760,1,159,754,droite,0
527,17.567,1780168760,11,31,734,droite,1
527,17.567,1780168760,22,118,753,droite,0
528,17.600,1780168760,11,141,-1,gauche,0
528,17.600,1780168760,7,116,0,gauche,1
528,17.600,1780168760,15,92,-28,gauche,0
528,17.600,1780168760,30,42,-49,gauche,0
528,17.600,1780168760,4,-24,431,droite,0
528,17.600,1780168760,17,312,528,droite,1
528,17.600,1780168760,15,224,581,droite,1
528,17.600,1780168760,20,227,655,droite,1
528,17.600,1780168760,14,32,622,droite,1
528,17.600,1780168760,2,347,663,droite,1
528,17.600,1780168760,1,159,754,droite,0
528,17.600,1780168760,11,30,733,droite,1
528,17.600,1780168760,22,117,753,droite,0
529,17.633,1780168760,11,141,-1,gauche,0
529,17.633,1780168760,7,116,0,gauche,1
529,17.633,1780168760,15,92,-28,gauche,0
529,17.633,1780168760,30,42,-49,gauche,0
529,17.633,1780168760,4,-24,431,droite,0
529,17.633,1780168760,17,312,528,droite,1
529,17.633,1780168760,15,224,581,droite,1
529,17.633,1780168760,20,227,655,droite,1
529,17.633,1780168760,14,32,622,droite,1
529,17.633,1780168760,2,346,663,droite,1
529,17.633,1780168760,1,159,754,droite,0
529,17.633,1780168760,11,30,733,droite,1
529,17.633,1780168760,22,117,753,droite,0
530,17.667,1780168760,11,141,-1,gauche,0
530,17.667,1780168760,15,92,-28,gauche,0
530,17.667,1780168760,7,116,0,gauche,1
530,17.667,1780168760,30,42,-50,gauche,0
530,17.667,1780168760,32,473,395,gauche,0
530,17.667,1780168760,4,-24,431,droite,0
530,17.667,1780168760,17,314,530,droite,1
530,17.667,1780168760,15,226,581,droite,1
530,17.667,1780168760,20,226,659,droite,1
530,17.667,1780168760,2,346,664,droite,1
530,17.667,1780168760,14,32,622,droite,1
530,17.667,1780168760,1,159,754,droite,0
530,17.667,1780168760,11,28,734,droite,1
530,17.667,1780168760,22,116,754,droite,0
531,17.700,1780168760,11,140,-2,gauche,0
531,17.700,1780168760,15,92,-28,gauche,0
531,17.700,1780168760,7,116,0,gauche,1
531,17.700,1780168760,30,42,-50,gauche,0
531,17.700,1780168760,32,473,395,gauche,0
531,17.700,1780168760,15,228,582,droite,1
531,17.700,1780168760,4,-24,431,droite,0
531,17.700,1780168760,17,315,530,droite,1
531,17.700,1780168760,20,226,663,droite,1
531,17.700,1780168760,2,346,664,droite,1
531,17.700,1780168760,14,33,623,droite,1
531,17.700,1780168760,1,159,754,droite,0
531,17.700,1780168760,11,26,734,droite,1
531,17.700,1780168760,22,115,753,droite,0
532,17.733,1780168760,15,92,-28,gauche,0
532,17.733,1780168760,11,140,-2,gauche,0
532,17.733,1780168760,7,117,0,gauche,1
532,17.733,1780168760,30,42,-50,gauche,0
532,17.733,1780168760,32,473,395,gauche,0
532,17.733,1780168760,4,-24,431,droite,0
532,17.733,1780168760,17,316,531,droite,1
532,17.733,1780168760,15,231,584,droite,1
532,17.733,1780168760,2,345,661,droite,1
532,17.733,1780168760,20,224,667,droite,1
532,17.733,1780168760,14,34,623,droite,1
532,17.733,1780168760,1,159,754,droite,0
532,17.733,1780168760,22,114,753,droite,0
532,17.733,1780168760,11,25,734,droite,1
533,17.767,1780168760,11,141,-1,gauche,0
533,17.767,1780168760,15,92,-28,gauche,0
533,17.767,1780168760,7,117,0,gauche,1
533,17.767,1780168760,30,41,-50,gauche,0
533,17.767,1780168760,32,473,395,gauche,0
533,17.767,1780168760,4,-24,431,droite,0
533,17.767,1780168760,17,317,532,droite,1
533,17.767,1780168760,15,233,585,droite,1
533,17.767,1780168760,2,344,657,droite,1
533,17.767,1780168760,14,34,625,droite,1
533,17.767,1780168760,20,224,668,droite,1
533,17.767,1780168760,1,159,754,droite,0
533,17.767,1780168760,22,112,754,droite,0
533,17.767,1780168760,11,24,733,droite,1
534,17.800,1780168760,11,141,-1,gauche,0
534,17.800,1780168760,15,92,-28,gauche,0
534,17.800,1780168760,7,117,0,gauche,1
534,17.800,1780168760,30,41,-50,gauche,0
534,17.800,1780168760,18,177,-22,gauche,0
534,17.800,1780168760,32,473,395,gauche,0
534,17.800,1780168760,4,-24,431,droite,0
534,17.800,1780168760,15,236,586,droite,1
534,17.800,1780168760,17,318,534,droite,1
534,17.800,1780168760,2,344,654,droite,1
534,17.800,1780168760,14,34,627,droite,1
534,17.800,1780168760,1,159,754,droite,0
534,17.800,1780168760,20,223,668,droite,1
534,17.800,1780168760,22,112,753,droite,0
534,17.800,1780168760,11,25,730,droite,1
535,17.833,1780168760,11,141,-1,gauche,0
535,17.833,1780168760,15,92,-28,gauche,0
535,17.833,1780168760,7,117,0,gauche,1
535,17.833,1780168760,30,41,-50,gauche,0
535,17.833,1780168760,18,177,-22,gauche,0
535,17.833,1780168760,4,-24,431,droite,0
535,17.833,1780168760,15,236,586,droite,1
535,17.833,1780168760,17,318,534,droite,1
535,17.833,1780168760,2,344,654,droite,1
535,17.833,1780168760,14,34,627,droite,1
535,17.833,1780168760,1,159,754,droite,0
535,17.833,1780168760,20,223,668,droite,1
535,17.833,1780168760,22,112,753,droite,0
535,17.833,1780168760,11,25,730,droite,1
536,17.867,1780168760,11,141,-1,gauche,0
536,17.867,1780168760,15,92,-28,gauche,0
536,17.867,1780168760,7,117,0,gauche,1
536,17.867,1780168760,30,41,-51,gauche,0
536,17.867,1780168760,4,-24,431,droite,0
536,17.867,1780168760,17,320,537,droite,1
536,17.867,1780168760,15,237,590,droite,1
536,17.867,1780168760,2,345,653,droite,1
536,17.867,1780168760,14,33,629,droite,1
536,17.867,1780168760,1,159,754,droite,0
536,17.867,1780168760,20,221,668,droite,1
536,17.867,1780168760,22,112,752,droite,0
536,17.867,1780168760,11,25,729,droite,1
537,17.900,1780168760,11,140,-1,gauche,0
537,17.900,1780168760,15,92,-28,gauche,0
537,17.900,1780168760,7,117,0,gauche,1
537,17.900,1780168760,30,41,-51,gauche,0
537,17.900,1780168760,18,144,-1,gauche,0
537,17.900,1780168760,4,-24,431,droite,0
537,17.900,1780168760,17,322,541,droite,1
537,17.900,1780168760,15,239,592,droite,1
537,17.900,1780168760,2,345,650,droite,1
537,17.900,1780168760,14,35,630,droite,1
537,17.900,1780168760,1,159,754,droite,0
537,17.900,1780168760,20,221,668,droite,1
537,17.900,1780168760,11,25,727,droite,1
537,17.900,1780168760,22,111,752,droite,0
538,17.933,1780168760,11,141,-1,gauche,0
538,17.933,1780168760,15,92,-28,gauche,0
538,17.933,1780168760,7,117,0,gauche,1
538,17.933,1780168760,30,41,-51,gauche,0
538,17.933,1780168760,18,177,-22,gauche,0
538,17.933,1780168760,4,-24,431,droite,0
538,17.933,1780168760,15,241,594,droite,1
538,17.933,1780168760,17,324,545,droite,1
538,17.933,1780168760,2,344,647,droite,1
538,17.933,1780168760,14,36,630,droite,1
538,17.933,1780168760,20,219,668,droite,1
538,17.933,1780168760,11,24,729,droite,1
538,17.933,1780168760,1,159,754,droite,0
538,17.933,1780168760,22,111,752,droite,0
539,17.967,1780168760,11,141,-1,gauche,0
539,17.967,1780168760,15,92,-28,gauche,0
539,17.967,1780168760,7,117,0,gauche,1
539,17.967,1780168760,30,40,-51,gauche,0
539,17.967,1780168760,18,177,-22,gauche,0
539,17.967,1780168760,4,-24,431,droite,0
539,17.967,1780168760,15,243,596,droite,1
539,17.967,1780168760,17,326,546,droite,1
539,17.967,1780168760,2,344,647,droite,1
539,17.967,1780168760,14,38,630,droite,1
539,17.967,1780168760,20,218,668,droite,1
539,17.967,1780168760,22,111,752,droite,0
539,17.967,1780168760,1,159,754,droite,0
539,17.967,1780168760,11,22,731,droite,1
540,18.000,1780168761,11,143,-1,gauche,0
540,18.000,1780168761,15,92,-28,gauche,0
540,18.000,1780168761,7,118,0,gauche,1
540,18.000,1780168761,30,40,-52,gauche,0
540,18.000,1780168761,18,177,-22,gauche,0
540,18.000,1780168761,4,-24,431,droite,0
540,18.000,1780168761,15,246,598,droite,1
540,18.000,1780168761,17,327,549,droite,1
540,18.000,1780168761,2,343,646,droite,1
540,18.000,1780168761,14,39,629,droite,1
540,18.000,1780168761,20,218,668,droite,1
540,18.000,1780168761,22,111,752,droite,0
540,18.000,1780168761,1,159,754,droite,0
540,18.000,1780168761,11,22,729,droite,1
541,18.033,1780168761,11,143,-1,gauche,0
541,18.033,1780168761,15,92,-28,gauche,0
541,18.033,1780168761,7,118,0,gauche,1
541,18.033,1780168761,30,40,-52,gauche,0
541,18.033,1780168761,18,177,-22,gauche,0
541,18.033,1780168761,4,-24,431,droite,0
541,18.033,1780168761,15,246,598,droite,1
541,18.033,1780168761,17,327,549,droite,1
541,18.033,1780168761,2,343,646,droite,1
541,18.033,1780168761,14,39,629,droite,1
541,18.033,1780168761,20,218,668,droite,1
541,18.033,1780168761,22,111,752,droite,0
541,18.033,1780168761,1,159,754,droite,0
541,18.033,1780168761,11,22,728,droite,1
542,18.067,1780168761,11,143,-1,gauche,0
542,18.067,1780168761,15,92,-28,gauche,0
542,18.067,1780168761,7,118,0,gauche,1
542,18.067,1780168761,18,177,-22,gauche,0
542,18.067,1780168761,30,40,-52,gauche,0
542,18.067,1780168761,4,-24,431,droite,0
542,18.067,1780168761,15,247,600,droite,1
542,18.067,1780168761,17,328,550,droite,1
542,18.067,1780168761,2,343,646,droite,1
542,18.067,1780168761,20,218,670,droite,1
542,18.067,1780168761,14,40,629,droite,1
542,18.067,1780168761,11,22,726,droite,1
542,18.067,1780168761,22,111,752,droite,0
542,18.067,1780168761,1,159,754,droite,0
543,18.100,1780168761,11,142,-1,gauche,0
543,18.100,1780168761,15,92,-28,gauche,0
543,18.100,1780168761,7,118,0,gauche,1
543,18.100,1780168761,30,40,-52,gauche,0
543,18.100,1780168761,18,177,-22,gauche,0
543,18.100,1780168761,4,-24,431,droite,0
543,18.100,1780168761,15,248,600,droite,1
543,18.100,1780168761,17,329,551,droite,1
543,18.100,1780168761,2,343,646,droite,1
543,18.100,1780168761,20,218,673,droite,1
543,18.100,1780168761,14,41,630,droite,1
543,18.100,1780168761,22,110,752,droite,0
543,18.100,1780168761,11,23,723,droite,1
543,18.100,1780168761,1,159,754,droite,0
544,18.133,1780168761,11,141,-1,gauche,0
544,18.133,1780168761,15,92,-28,gauche,0
544,18.133,1780168761,7,118,0,gauche,1
544,18.133,1780168761,18,177,-22,gauche,0
544,18.133,1780168761,30,40,-52,gauche,0
544,18.133,1780168761,4,-24,431,droite,0
544,18.133,1780168761,15,249,603,droite,1
544,18.133,1780168761,17,329,552,droite,1
544,18.133,1780168761,20,218,675,droite,1
544,18.133,1780168761,2,343,645,droite,1
544,18.133,1780168761,14,42,630,droite,1
544,18.133,1780168761,11,22,722,droite,1
544,18.133,1780168761,22,109,752,droite,0
544,18.133,1780168761,1,159,754,droite,0
545,18.167,1780168761,11,141,-1,gauche,0
545,18.167,1780168761,15,92,-28,gauche,0
545,18.167,1780168761,7,118,0,gauche,1
545,18.167,1780168761,18,177,-22,gauche,0
545,18.167,1780168761,30,40,-52,gauche,0
545,18.167,1780168761,4,-24,431,droite,0
545,18.167,1780168761,15,251,606,droite,1
545,18.167,1780168761,2,342,645,droite,1
545,18.167,1780168761,17,330,555,droite,1
545,18.167,1780168761,20,218,678,droite,1
545,18.167,1780168761,14,43,629,droite,1
545,18.167,1780168761,11,22,722,droite,1
545,18.167,1780168761,1,159,754,droite,0
545,18.167,1780168761,22,108,752,droite,0
546,18.200,1780168761,11,141,-1,gauche,0
546,18.200,1780168761,15,93,-28,gauche,0
546,18.200,1780168761,7,118,0,gauche,1
546,18.200,1780168761,18,177,-22,gauche,0
546,18.200,1780168761,30,40,-51,gauche,0
546,18.200,1780168761,4,-24,431,droite,0
546,18.200,1780168761,15,252,609,droite,1
546,18.200,1780168761,2,342,645,droite,1
546,18.200,1780168761,17,331,556,droite,1
546,18.200,1780168761,20,218,683,droite,1
546,18.200,1780168761,14,43,629,droite,1
546,18.200,1780168761,11,21,722,droite,1
546,18.200,1780168761,1,159,754,droite,0
546,18.200,1780168761,22,107,751,droite,0
547,18.233,1780168761,11,141,-1,gauche,0
547,18.233,1780168761,15,93,-28,gauche,0
547,18.233,1780168761,7,118,0,gauche,1
547,18.233,1780168761,18,177,-22,gauche,0
547,18.233,1780168761,30,40,-51,gauche,0
547,18.233,1780168761,4,-24,431,droite,0
547,18.233,1780168761,15,252,609,droite,1
547,18.233,1780168761,2,342,645,droite,1
547,18.233,1780168761,20,218,683,droite,1
547,18.233,1780168761,17,331,556,droite,1
547,18.233,1780168761,14,43,629,droite,1
547,18.233,1780168761,11,21,722,droite,1
547,18.233,1780168761,1,159,754,droite,0
547,18.233,1780168761,22,107,751,droite,0
548,18.267,1780168761,11,141,-1,gauche,0
548,18.267,1780168761,15,92,-28,gauche,0
548,18.267,1780168761,7,119,0,gauche,1
548,18.267,1780168761,18,177,-22,gauche,0
548,18.267,1780168761,30,40,-51,gauche,0
548,18.267,1780168761,4,-24,431,droite,0
548,18.267,1780168761,15,254,612,droite,1
548,18.267,1780168761,2,342,645,droite,1
548,18.267,1780168761,17,331,559,droite,1
548,18.267,1780168761,20,218,688,droite,1
548,18.267,1780168761,14,43,631,droite,1
548,18.267,1780168761,11,19,722,droite,1
548,18.267,1780168761,1,159,754,droite,0
548,18.267,1780168761,22,106,751,droite,0
549,18.300,1780168761,11,141,-1,gauche,0
549,18.300,1780168761,15,92,-27,gauche,0
549,18.300,1780168761,7,119,0,gauche,1
549,18.300,1780168761,18,177,-22,gauche,0
549,18.300,1780168761,4,-24,431,droite,0
549,18.300,1780168761,15,254,613,droite,1
549,18.300,1780168761,2,342,645,droite,1
549,18.300,1780168761,20,218,692,droite,1
549,18.300,1780168761,17,332,561,droite,1
549,18.300,1780168761,14,44,635,droite,1
549,18.300,1780168761,11,18,722,droite,1
549,18.300,1780168761,1,159,754,droite,0
549,18.300,1780168761,22,105,750,droite,0
550,18.333,1780168761,11,141,-1,gauche,0
550,18.333,1780168761,15,92,-27,gauche,0
550,18.333,1780168761,7,119,0,gauche,1
550,18.333,1780168761,18,177,-22,gauche,0
550,18.333,1780168761,4,-24,431,droite,0
550,18.333,1780168761,15,255,614,droite,1
550,18.333,1780168761,2,341,645,droite,1
550,18.333,1780168761,20,219,695,droite,1
550,18.333,1780168761,17,333,563,droite,1
550,18.333,1780168761,14,45,635,droite,1
550,18.333,1780168761,1,159,754,droite,0
550,18.333,1780168761,22,104,748,droite,0
550,18.333,1780168761,11,14,722,droite,1
550,18.333,1780168761,23,-126,768,droite,0
551,18.367,1780168761,11,141,-1,gauche,0
551,18.367,1780168761,7,119,0,gauche,1
551,18.367,1780168761,15,92,-27,gauche,0
551,18.367,1780168761,18,177,-20,gauche,0
551,18.367,1780168761,30,40,-52,gauche,0
551,18.367,1780168761,4,-24,431,droite,0
551,18.367,1780168761,15,255,615,droite,1
551,18.367,1780168761,2,340,642,droite,1
551,18.367,1780168761,17,334,564,droite,1
551,18.367,1780168761,20,218,696,droite,1
551,18.367,1780168761,14,46,636,droite,1
551,18.367,1780168761,1,159,754,droite,0
551,18.367,1780168761,11,14,722,droite,1
551,18.367,1780168761,22,104,748,droite,0
551,18.367,1780168761,23,-125,768,droite,0
552,18.400,1780168761,11,141,-1,gauche,0
552,18.400,1780168761,7,120,0,gauche,1
552,18.400,1780168761,15,92,-28,gauche,0
552,18.400,1780168761,18,176,-19,gauche,0
552,18.400,1780168761,4,-24,431,droite,0
552,18.400,1780168761,17,336,565,droite,1
552,18.400,1780168761,15,255,617,droite,1
552,18.400,1780168761,2,338,640,droite,1
552,18.400,1780168761,20,218,698,droite,1
552,18.400,1780168761,14,47,636,droite,1
552,18.400,1780168761,1,159,754,droite,0
552,18.400,1780168761,22,104,744,droite,0
552,18.400,1780168761,11,14,722,droite,1
552,18.400,1780168761,23,-124,768,droite,0
553,18.433,1780168761,11,141,-1,gauche,0
553,18.433,1780168761,7,120,0,gauche,1
553,18.433,1780168761,15,92,-28,gauche,0
553,18.433,1780168761,18,176,-20,gauche,0
553,18.433,1780168761,4,-24,431,droite,0
553,18.433,1780168761,17,336,565,droite,1
553,18.433,1780168761,15,255,617,droite,1
553,18.433,1780168761,2,338,640,droite,1
553,18.433,1780168761,20,218,698,droite,1
553,18.433,1780168761,1,159,754,droite,0
553,18.433,1780168761,14,47,636,droite,1
553,18.433,1780168761,22,104,744,droite,0
553,18.433,1780168761,11,14,722,droite,1
554,18.467,1780168761,11,141,-1,gauche,0
554,18.467,1780168761,7,120,0,gauche,1
554,18.467,1780168761,15,92,-27,gauche,0
554,18.467,1780168761,18,176,-20,gauche,0
554,18.467,1780168761,4,-24,431,droite,0
554,18.467,1780168761,17,337,565,droite,1
554,18.467,1780168761,15,255,618,droite,1
554,18.467,1780168761,20,218,699,droite,1
554,18.467,1780168761,2,338,640,droite,1
554,18.467,1780168761,14,47,636,droite,1
554,18.467,1780168761,1,159,754,droite,0
554,18.467,1780168761,22,104,743,droite,0
554,18.467,1780168761,11,13,723,droite,1
555,18.500,1780168761,11,141,-1,gauche,0
555,18.500,1780168761,15,92,-27,gauche,0
555,18.500,1780168761,7,120,0,gauche,1
555,18.500,1780168761,18,176,-20,gauche,0
555,18.500,1780168761,30,105,-19,gauche,0
555,18.500,1780168761,4,-24,431,droite,0
555,18.500,1780168761,17,338,565,droite,1
555,18.500,1780168761,20,217,701,droite,1
555,18.500,1780168761,15,256,621,droite,1
555,18.500,1780168761,2,335,635,droite,1
555,18.500,1780168761,14,48,637,droite,1
555,18.500,1780168761,1,159,754,droite,0
555,18.500,1780168761,22,104,743,droite,0
555,18.500,1780168761,11,12,723,droite,1
556,18.533,1780168761,11,141,-1,gauche,0
556,18.533,1780168761,7,120,0,gauche,1
556,18.533,1780168761,15,92,-26,gauche,0
556,18.533,1780168761,18,176,-20,gauche,0
556,18.533,1780168761,30,105,-18,gauche,0
556,18.533,1780168761,4,-24,431,droite,0
556,18.533,1780168761,17,338,565,droite,1
556,18.533,1780168761,15,256,621,droite,1
556,18.533,1780168761,20,216,700,droite,1
556,18.533,1780168761,2,335,634,droite,1
556,18.533,1780168761,14,51,636,droite,1
556,18.533,1780168761,1,159,754,droite,0
556,18.533,1780168761,22,104,743,droite,0
556,18.533,1780168761,11,12,721,droite,1
557,18.567,1780168761,11,141,-1,gauche,0
557,18.567,1780168761,7,120,0,gauche,1
557,18.567,1780168761,30,103,-18,gauche,0
557,18.567,1780168761,18,175,-20,gauche,0
557,18.567,1780168761,15,92,-27,gauche,0
557,18.567,1780168761,4,-24,430,droite,0
557,18.567,1780168761,20,215,700,droite,1
557,18.567,1780168761,17,339,566,droite,1
557,18.567,1780168761,15,256,624,droite,1
557,18.567,1780168761,2,334,633,droite,1
557,18.567,1780168761,14,54,636,droite,1
557,18.567,1780168761,1,159,754,droite,0
557,18.567,1780168761,22,104,743,droite,0
557,18.567,1780168761,11,12,721,droite,1
557,18.567,1780168761,23,-117,765,droite,0
558,18.600,1780168761,11,141,-1,gauche,0
558,18.600,1780168761,7,120,0,gauche,1
558,18.600,1780168761,30,102,-18,gauche,0
558,18.600,1780168761,18,175,-20,gauche,0
558,18.600,1780168761,15,91,-27,gauche,0
558,18.600,1780168761,4,-24,430,droite,0
558,18.600,1780168761,17,339,566,droite,1
558,18.600,1780168761,15,257,627,droite,1
558,18.600,1780168761,20,214,700,droite,1
558,18.600,1780168761,2,333,632,droite,1
558,18.600,1780168761,14,55,636,droite,1
558,18.600,1780168761,1,159,754,droite,0
558,18.600,1780168761,22,104,743,droite,0
558,18.600,1780168761,11,12,718,droite,1
558,18.600,1780168761,23,-116,765,droite,0
559,18.633,1780168761,11,141,-1,gauche,0
559,18.633,1780168761,7,120,0,gauche,1
559,18.633,1780168761,30,102,-18,gauche,0
559,18.633,1780168761,18,175,-20,gauche,0
559,18.633,1780168761,15,91,-27,gauche,0
559,18.633,1780168761,4,-24,430,droite,0
559,18.633,1780168761,17,339,566,droite,1
559,18.633,1780168761,15,257,627,droite,1
559,18.633,1780168761,20,214,700,droite,1
559,18.633,1780168761,2,333,632,droite,1
559,18.633,1780168761,14,56,636,droite,1
559,18.633,1780168761,1,159,754,droite,0
559,18.633,1780168761,22,104,743,droite,0
559,18.633,1780168761,11,12,718,droite,1
559,18.633,1780168761,23,-116,765,droite,0
560,18.667,1780168761,11,141,-1,gauche,0
560,18.667,1780168761,7,120,0,gauche,1
560,18.667,1780168761,30,101,-18,gauche,0
560,18.667,1780168761,18,175,-20,gauche,0
560,18.667,1780168761,15,91,-25,gauche,0
560,18.667,1780168761,4,-24,430,droite,0
560,18.667,1780168761,17,340,567,droite,1
560,18.667,1780168761,15,257,631,droite,1
560,18.667,1780168761,2,333,632,droite,1
560,18.667,1780168761,20,213,701,droite,1
560,18.667,1780168761,14,57,636,droite,1
560,18.667,1780168761,1,159,754,droite,0
560,18.667,1780168761,22,104,743,droite,0
560,18.667,1780168761,11,12,716,droite,1
560,18.667,1780168761,23,-116,765,droite,0
561,18.700,1780168761,11,141,-1,gauche,0
561,18.700,1780168761,7,119,0,gauche,1
561,18.700,1780168761,30,100,-16,gauche,0
561,18.700,1780168761,18,175,-20,gauche,0
561,18.700,1780168761,15,93,-19,gauche,0
561,18.700,1780168761,4,-24,430,droite,0
561,18.700,1780168761,15,257,633,droite,1
561,18.700,1780168761,17,341,567,droite,1
561,18.700,1780168761,2,332,632,droite,1
561,18.700,1780168761,14,58,636,droite,1
561,18.700,1780168761,20,213,701,droite,1
561,18.700,1780168761,1,159,754,droite,0
561,18.700,1780168761,22,104,743,droite,0
561,18.700,1780168761,11,12,715,droite,1
561,18.700,1780168761,23,-116,765,droite,0
562,18.733,1780168761,11,141,-1,gauche,0
562,18.733,1780168761,7,119,0,gauche,1
562,18.733,1780168761,30,99,-16,gauche,0
562,18.733,1780168761,18,175,-20,gauche,0
562,18.733,1780168761,4,-24,430,droite,0
562,18.733,1780168761,2,332,631,droite,1
562,18.733,1780168761,15,257,634,droite,1
562,18.733,1780168761,17,342,569,droite,1
562,18.733,1780168761,14,60,637,droite,1
562,18.733,1780168761,20,213,701,droite,1
562,18.733,1780168761,1,159,754,droite,0
562,18.733,1780168761,22,104,743,droite,0
562,18.733,1780168761,11,11,715,droite,1
562,18.733,1780168761,23,-116,765,droite,0
563,18.767,1780168761,11,141,-1,gauche,0
563,18.767,1780168761,7,119,0,gauche,1
563,18.767,1780168761,30,99,-15,gauche,0
563,18.767,1780168761,18,175,-20,gauche,0
563,18.767,1780168761,4,-24,430,droite,0
563,18.767,1780168761,2,331,631,droite,1
563,18.767,1780168761,15,257,634,droite,1
563,18.767,1780168761,17,344,569,droite,1
563,18.767,1780168761,14,61,636,droite,1
563,18.767,1780168761,20,212,700,droite,1
563,18.767,1780168761,1,159,754,droite,0
563,18.767,1780168761,11,10,716,droite,1
563,18.767,1780168761,22,103,743,droite,0
563,18.767,1780168761,23,-115,765,droite,0
564,18.800,1780168761,11,141,-1,gauche,0
564,18.800,1780168761,7,119,0,gauche,1
564,18.800,1780168761,30,99,-15,gauche,0
564,18.800,1780168761,18,175,-20,gauche,0
564,18.800,1780168761,4,-24,430,droite,0
564,18.800,1780168761,2,330,631,droite,1
564,18.800,1780168761,15,257,635,droite,1
564,18.800,1780168761,14,61,638,droite,1
564,18.800,1780168761,17,347,573,droite,1
564,18.800,1780168761,20,213,700,droite,1
564,18.800,1780168761,1,159,754,droite,0
564,18.800,1780168761,11,9,716,droite,1
564,18.800,1780168761,22,103,743,droite,0
564,18.800,1780168761,23,-114,765,droite,0
564,18.800,1780168761,24,322,523,droite,1
565,18.833,1780168761,11,141,-1,gauche,0
565,18.833,1780168761,7,119,0,gauche,1
565,18.833,1780168761,30,99,-15,gauche,0
565,18.833,1780168761,18,175,-20,gauche,0
565,18.833,1780168761,4,-24,430,droite,0
565,18.833,1780168761,2,330,631,droite,1
565,18.833,1780168761,15,257,635,droite,1
565,18.833,1780168761,14,61,638,droite,1
565,18.833,1780168761,17,347,573,droite,1
565,18.833,1780168761,20,213,700,droite,1
565,18.833,1780168761,1,159,754,droite,0
565,18.833,1780168761,11,9,716,droite,1
565,18.833,1780168761,22,103,743,droite,0
565,18.833,1780168761,23,-114,765,droite,0
565,18.833,1780168761,24,322,524,droite,1
566,18.867,1780168761,11,141,-1,gauche,0
566,18.867,1780168761,7,119,0,gauche,1
566,18.867,1780168761,30,99,-13,gauche,0
566,18.867,1780168761,18,175,-20,gauche,0
566,18.867,1780168761,4,-24,430,droite,0
566,18.867,1780168761,2,329,629,droite,1
566,18.867,1780168761,15,257,635,droite,1
566,18.867,1780168761,17,348,573,droite,1
566,18.867,1780168761,14,61,644,droite,1
566,18.867,1780168761,20,214,700,droite,1
566,18.867,1780168761,1,159,754,droite,0
566,18.867,1780168761,22,103,743,droite,0
566,18.867,1780168761,11,8,717,droite,1
566,18.867,1780168761,23,-114,765,droite,0
566,18.867,1780168761,25,197,761,droite,0
567,18.900,1780168761,11,141,-1,gauche,0
567,18.900,1780168761,7,119,0,gauche,1
567,18.900,1780168761,30,99,-12,gauche,0
567,18.900,1780168761,18,176,-17,gauche,0
567,18.900,1780168761,15,37,349,gauche,1
567,18.900,1780168761,4,-24,430,droite,0
567,18.900,1780168761,2,327,625,droite,1
567,18.900,1780168761,15,257,636,droite,1
567,18.900,1780168761,17,350,575,droite,1
567,18.900,1780168761,14,62,644,droite,1
567,18.900,1780168761,1,160,754,droite,0
567,18.900,1780168761,20,215,701,droite,1
567,18.900,1780168761,22,102,743,droite,0
567,18.900,1780168761,11,7,716,droite,1
567,18.900,1780168761,23,-113,763,droite,0
567,18.900,1780168761,25,197,761,droite,0
568,18.933,1780168761,11,141,-1,gauche,0
568,18.933,1780168761,7,119,0,gauche,1
568,18.933,1780168761,30,99,-11,gauche,0
568,18.933,1780168761,18,175,-18,gauche,0
568,18.933,1780168761,15,37,349,gauche,1
568,18.933,1780168761,4,-24,430,droite,0
568,18.933,1780168761,2,325,622,droite,1
568,18.933,1780168761,15,256,637,droite,1
568,18.933,1780168761,17,351,576,droite,1
568,18.933,1780168761,22,102,743,droite,0
568,18.933,1780168761,1,160,754,droite,0
568,18.933,1780168761,14,62,645,droite,1
568,18.933,1780168761,20,214,701,droite,1
568,18.933,1780168761,11,5,716,droite,1
568,18.933,1780168761,23,-112,762,droite,0
569,18.967,1780168761,11,141,-1,gauche,0
569,18.967,1780168761,7,119,0,gauche,1
569,18.967,1780168761,30,99,-11,gauche,0
569,18.967,1780168761,18,175,-18,gauche,0
569,18.967,1780168761,15,37,349,gauche,1
569,18.967,1780168761,4,-24,430,droite,0
569,18.967,1780168761,2,326,630,droite,1
569,18.967,1780168761,17,352,576,droite,1
569,18.967,1780168761,15,257,649,droite,1
569,18.967,1780168761,20,213,701,droite,1
569,18.967,1780168761,14,63,645,droite,1
569,18.967,1780168761,22,101,743,droite,0
569,18.967,1780168761,1,160,754,droite,0
569,18.967,1780168761,11,4,715,droite,1
569,18.967,1780168761,23,-111,760,droite,0
570,19.000,1780168762,11,141,-1,gauche,0
570,19.000,1780168762,30,98,-11,gauche,0
570,19.000,1780168762,7,119,0,gauche,1
570,19.000,1780168762,18,176,-17,gauche,0
570,19.000,1780168762,4,-24,430,droite,0
570,19.000,1780168762,2,323,621,droite,1
570,19.000,1780168762,17,352,576,droite,1
570,19.000,1780168762,15,256,643,droite,1
570,19.000,1780168762,20,212,701,droite,1
570,19.000,1780168762,22,101,743,droite,0
570,19.000,1780168762,1,160,754,droite,0
570,19.000,1780168762,14,65,644,droite,1
570,19.000,1780168762,11,5,711,droite,1
570,19.000,1780168762,23,-110,758,droite,0
570,19.000,1780168762,25,197,762,droite,0
571,19.033,1780168762,11,141,-1,gauche,0
571,19.033,1780168762,30,98,-11,gauche,0
571,19.033,1780168762,7,119,0,gauche,1
571,19.033,1780168762,18,176,-17,gauche,0
571,19.033,1780168762,4,-24,430,droite,0
571,19.033,1780168762,2,323,621,droite,1
571,19.033,1780168762,17,352,576,droite,1
571,19.033,1780168762,15,256,643,droite,1
571,19.033,1780168762,20,212,701,droite,1
571,19.033,1780168762,22,101,743,droite,0
571,19.033,1780168762,1,160,754,droite,0
571,19.033,1780168762,14,65,644,droite,1
571,19.033,1780168762,11,5,711,droite,1
571,19.033,1780168762,23,-110,758,droite,0
571,19.033,1780168762,25,197,762,droite,0
572,19.067,1780168762,11,140,-1,gauche,0
572,19.067,1780168762,30,97,-12,gauche,0
572,19.067,1780168762,18,176,-15,gauche,0
572,19.067,1780168762,7,119,0,gauche,1
572,19.067,1780168762,4,-24,430,droite,0
572,19.067,1780168762,2,321,619,droite,1
572,19.067,1780168762,17,352,575,droite,1
572,19.067,1780168762,15,255,643,droite,1
572,19.067,1780168762,14,67,646,droite,1
572,19.067,1780168762,20,212,701,droite,1
572,19.067,1780168762,1,160,754,droite,0
572,19.067,1780168762,22,101,742,droite,0
572,19.067,1780168762,11,6,707,droite,1
572,19.067,1780168762,23,-109,758,droite,0
573,19.100,1780168762,11,140,-1,gauche,0
573,19.100,1780168762,30,96,-11,gauche,0
573,19.100,1780168762,18,176,-13,gauche,0
573,19.100,1780168762,7,120,0,gauche,1
573,19.100,1780168762,4,-24,430,droite,0
573,19.100,1780168762,2,320,618,droite,1
573,19.100,1780168762,15,255,646,droite,1
573,19.100,1780168762,17,352,574,droite,1
573,19.100,1780168762,14,69,647,droite,1
573,19.100,1780168762,11,7,705,droite,1
573,19.100,1780168762,1,160,754,droite,0
573,19.100,1780168762,20,212,700,droite,1
573,19.100,1780168762,22,101,740,droite,0
573,19.100,1780168762,23,-110,758,droite,0
574,19.133,1780168762,11,140,-1,gauche,0
574,19.133,1780168762,18,177,-12,gauche,0
574,19.133,1780168762,7,119,0,gauche,1
574,19.133,1780168762,30,94,-12,gauche,0
574,19.133,1780168762,4,-24,430,droite,0
574,19.133,1780168762,2,319,617,droite,1
574,19.133,1780168762,15,254,649,droite,1
574,19.133,1780168762,14,72,647,droite,1
574,19.133,1780168762,17,352,575,droite,1
574,19.133,1780168762,20,212,701,droite,1
574,19.133,1780168762,1,160,754,droite,0
574,19.133,1780168762,11,7,703,droite,1
574,19.133,1780168762,22,101,739,droite,0
574,19.133,1780168762,23,-110,758,droite,0
575,19.167,1780168762,11,140,-1,gauche,0
575,19.167,1780168762,18,177,-9,gauche,0
575,19.167,1780168762,7,119,0,gauche,1
575,19.167,1780168762,30,92,-12,gauche,0
575,19.167,1780168762,4,-24,430,droite,0
575,19.167,1780168762,2,318,617,droite,1
575,19.167,1780168762,15,253,654,droite,1
575,19.167,1780168762,17,352,575,droite,1
575,19.167,1780168762,14,74,646,droite,1
575,19.167,1780168762,20,210,701,droite,1
575,19.167,1780168762,1,160,754,droite,0
575,19.167,1780168762,22,101,738,droite,0
575,19.167,1780168762,11,7,701,droite,1
575,19.167,1780168762,23,-110,758,droite,0
576,19.200,1780168762,11,140,-1,gauche,0
576,19.200,1780168762,18,177,-9,gauche,0
576,19.200,1780168762,7,120,0,gauche,1
576,19.200,1780168762,30,90,-11,gauche,0
576,19.200,1780168762,15,-117,238,gauche,0
576,19.200,1780168762,4,-24,431,droite,0
576,19.200,1780168762,2,317,617,droite,1
576,19.200,1780168762,15,253,655,droite,1
576,19.200,1780168762,20,209,701,droite,1
576,19.200,1780168762,14,76,646,droite,1
576,19.200,1780168762,17,353,575,droite,1
576,19.200,1780168762,22,101,737,droite,0
576,19.200,1780168762,1,160,754,droite,0
576,19.200,1780168762,11,6,700,droite,1
576,19.200,1780168762,23,-110,757,droite,0
577,19.233,1780168762,18,178,-9,gauche,0
577,19.233,1780168762,11,140,-1,gauche,0
577,19.233,1780168762,7,119,0,gauche,1
577,19.233,1780168762,30,90,-11,gauche,0
577,19.233,1780168762,15,-117,238,gauche,0
577,19.233,1780168762,33,6,-55,gauche,0
577,19.233,1780168762,4,-24,430,droite,0
577,19.233,1780168762,2,317,617,droite,1
577,19.233,1780168762,15,253,655,droite,1
577,19.233,1780168762,20,209,701,droite,1
577,19.233,1780168762,14,76,646,droite,1
577,19.233,1780168762,17,353,575,droite,1
577,19.233,1780168762,22,101,737,droite,0
577,19.233,1780168762,1,160,754,droite,0
577,19.233,1780168762,11,6,700,droite,1
577,19.233,1780168762,23,-110,757,droite,0
578,19.267,1780168762,18,178,-9,gauche,0
578,19.267,1780168762,7,119,0,gauche,1
578,19.267,1780168762,11,140,-1,gauche,0
578,19.267,1780168762,30,89,-8,gauche,0
578,19.267,1780168762,34,92,-32,gauche,0
578,19.267,1780168762,33,43,-52,gauche,0
578,19.267,1780168762,15,-117,238,gauche,0
578,19.267,1780168762,35,472,394,gauche,0
578,19.267,1780168762,4,-24,431,droite,0
578,19.267,1780168762,2,316,617,droite,1
578,19.267,1780168762,14,76,645,droite,1
578,19.267,1780168762,15,252,656,droite,1
578,19.267,1780168762,17,354,575,droite,1
578,19.267,1780168762,20,208,701,droite,1
578,19.267,1780168762,1,160,754,droite,0
578,19.267,1780168762,22,101,737,droite,0
578,19.267,1780168762,11,6,699,droite,1
578,19.267,1780168762,23,-110,757,droite,0
578,19.267,1780168762,25,211,701,droite,1
579,19.300,1780168762,18,178,-9,gauche,0
579,19.300,1780168762,7,120,0,gauche,1
579,19.300,1780168762,11,139,-1,gauche,0
579,19.300,1780168762,30,88,-4,gauche,0
579,19.300,1780168762,34,92,-34,gauche,0
579,19.300,1780168762,15,-117,238,gauche,0
579,19.300,1780168762,35,472,394,gauche,0
579,19.300,1780168762,4,-24,431,droite,0
579,19.300,1780168762,2,315,616,droite,1
579,19.300,1780168762,14,77,646,droite,1
579,19.300,1780168762,15,251,656,droite,1
579,19.300,1780168762,20,207,701,droite,1
579,19.300,1780168762,17,354,575,droite,1
579,19.300,1780168762,1,160,754,droite,0
579,19.300,1780168762,22,101,737,droite,0
579,19.300,1780168762,25,211,701,droite,1
579,19.300,1780168762,23,-109,755,droite,0
579,19.300,1780168762,11,5,698,droite,1
579,19.300,1780168762,24,-115,450,droite,0
580,19.333,1780168762,18,178,-9,gauche,0
580,19.333,1780168762,30,87,-4,gauche,0
580,19.333,1780168762,7,120,0,gauche,1
580,19.333,1780168762,11,139,-1,gauche,0
580,19.333,1780168762,34,92,-31,gauche,0
580,19.333,1780168762,15,-117,238,gauche,0
580,19.333,1780168762,35,472,394,gauche,0
580,19.333,1780168762,4,-24,431,droite,0
580,19.333,1780168762,2,315,616,droite,1
580,19.333,1780168762,14,77,646,droite,1
580,19.333,1780168762,15,249,657,droite,1
580,19.333,1780168762,20,207,701,droite,1
580,19.333,1780168762,17,354,576,droite,1
580,19.333,1780168762,1,160,754,droite,0
580,19.333,1780168762,22,101,737,droite,0
580,19.333,1780168762,11,5,697,droite,1
580,19.333,1780168762,23,-107,752,droite,0
580,19.333,1780168762,24,-114,449,droite,0
581,19.367,1780168762,18,178,-9,gauche,0
581,19.367,1780168762,30,87,-3,gauche,0
581,19.367,1780168762,7,120,0,gauche,1
581,19.367,1780168762,11,139,-1,gauche,0
581,19.367,1780168762,34,92,-32,gauche,0
581,19.367,1780168762,15,-117,238,gauche,0
581,19.367,1780168762,35,472,395,gauche,0
581,19.367,1780168762,4,-24,431,droite,0
581,19.367,1780168762,2,315,616,droite,1
581,19.367,1780168762,14,78,648,droite,1
581,19.367,1780168762,15,248,656,droite,1
581,19.367,1780168762,20,207,702,droite,1
581,19.367,1780168762,17,355,577,droite,1
581,19.367,1780168762,1,160,754,droite,0
581,19.367,1780168762,22,101,737,droite,0
581,19.367,1780168762,23,-105,747,droite,0
581,19.367,1780168762,11,4,696,droite,1
581,19.367,1780168762,24,-115,450,droite,0
582,19.400,1780168762,18,180,-9,gauche,0
582,19.400,1780168762,30,87,-2,gauche,0
582,19.400,1780168762,11,139,-1,gauche,0
582,19.400,1780168762,34,92,-31,gauche,0
582,19.400,1780168762,7,121,0,gauche,1
582,19.400,1780168762,15,-117,238,gauche,0
582,19.400,1780168762,35,472,395,gauche,0
582,19.400,1780168762,4,-24,431,droite,0
582,19.400,1780168762,15,247,656,droite,1
582,19.400,1780168762,2,314,617,droite,1
582,19.400,1780168762,14,78,650,droite,1
582,19.400,1780168762,20,207,702,droite,1
582,19.400,1780168762,17,356,579,droite,1
582,19.400,1780168762,1,160,754,droite,0
582,19.400,1780168762,22,100,737,droite,0
582,19.400,1780168762,11,4,697,droite,1
582,19.400,1780168762,23,-103,744,droite,0
582,19.400,1780168762,24,-115,450,droite,0
583,19.433,1780168762,18,180,-9,gauche,0
583,19.433,1780168762,30,87,-2,gauche,0
583,19.433,1780168762,11,139,-1,gauche,0
583,19.433,1780168762,34,92,-31,gauche,0
583,19.433,1780168762,7,121,0,gauche,1
583,19.433,1780168762,15,-117,238,gauche,0
583,19.433,1780168762,35,472,395,gauche,0
583,19.433,1780168762,4,-24,431,droite,0
583,19.433,1780168762,15,247,656,droite,1
583,19.433,1780168762,2,314,617,droite,1
583,19.433,1780168762,14,78,650,droite,1
583,19.433,1780168762,20,207,702,droite,1
583,19.433,1780168762,17,356,579,droite,1
583,19.433,1780168762,1,160,754,droite,0
583,19.433,1780168762,22,100,737,droite,0
583,19.433,1780168762,11,4,697,droite,1
583,19.433,1780168762,23,-103,744,droite,0
583,19.433,1780168762,24,-115,450,droite,0
584,19.467,1780168762,30,87,-1,gauche,0
584,19.467,1780168762,18,181,-9,gauche,0
584,19.467,1780168762,34,92,-31,gauche,0
584,19.467,1780168762,11,139,-1,gauche,0
584,19.467,1780168762,7,121,0,gauche,1
584,19.467,1780168762,15,-117,238,gauche,0
584,19.467,1780168762,35,472,395,gauche,0
584,19.467,1780168762,36,7,-54,gauche,0
584,19.467,1780168762,33,42,-52,gauche,0
584,19.467,1780168762,4,-24,431,droite,0
584,19.467,1780168762,2,311,616,droite,1
584,19.467,1780168762,15,247,658,droite,1
584,19.467,1780168762,14,80,649,droite,1
584,19.467,1780168762,20,206,703,droite,1
584,19.467,1780168762,1,160,754,droite,0
584,19.467,1780168762,17,357,583,droite,1
584,19.467,1780168762,22,100,737,droite,0
584,19.467,1780168762,11,2,696,droite,1
584,19.467,1780168762,23,-103,743,droite,0
584,19.467,1780168762,24,-115,450,droite,0
585,19.500,1780168762,30,86,0,gauche,1
585,19.500,1780168762,18,182,-9,gauche,0
585,19.500,1780168762,11,139,-1,gauche,0
585,19.500,1780168762,34,93,-29,gauche,0
585,19.500,1780168762,7,120,0,gauche,1
585,19.500,1780168762,15,-117,238,gauche,0
585,19.500,1780168762,4,-24,431,droite,0
585,19.500,1780168762,2,309,615,droite,1
585,19.500,1780168762,15,247,659,droite,1
585,19.500,1780168762,20,206,701,droite,1
585,19.500,1780168762,14,81,649,droite,1
585,19.500,1780168762,17,357,584,droite,1
585,19.500,1780168762,1,160,754,droite,0
585,19.500,1780168762,22,100,737,droite,0
585,19.500,1780168762,23,-101,743,droite,0
585,19.500,1780168762,24,-115,450,droite,0
585,19.500,1780168762,11,1,696,droite,1
586,19.533,1780168762,34,93,-28,gauche,0
586,19.533,1780168762,30,85,0,gauche,1
586,19.533,1780168762,11,139,-1,gauche,0
586,19.533,1780168762,18,183,-9,gauche,0
586,19.533,1780168762,7,120,0,gauche,1
586,19.533,1780168762,4,-24,431,droite,0
586,19.533,1780168762,15,247,662,droite,1
586,19.533,1780168762,2,306,613,droite,1
586,19.533,1780168762,20,206,700,droite,1
586,19.533,1780168762,17,358,586,droite,1
586,19.533,1780168762,1,160,754,droite,0
586,19.533,1780168762,14,82,649,droite,1
586,19.533,1780168762,22,99,737,droite,0
586,19.533,1780168762,23,-101,740,droite,0
586,19.533,1780168762,11,1,696,droite,1
586,19.533,1780168762,24,-114,449,droite,0
587,19.567,1780168762,34,93,-28,gauche,0
587,19.567,1780168762,18,183,-7,gauche,0
587,19.567,1780168762,11,139,-1,gauche,0
587,19.567,1780168762,30,85,1,gauche,1
587,19.567,1780168762,7,120,0,gauche,1
587,19.567,1780168762,4,-24,431,droite,0
587,19.567,1780168762,15,247,665,droite,1
587,19.567,1780168762,2,304,612,droite,1
587,19.567,1780168762,20,205,698,droite,1
587,19.567,1780168762,17,359,588,droite,1
587,19.567,1780168762,1,160,754,droite,0
587,19.567,1780168762,14,83,649,droite,1
587,19.567,1780168762,22,99,737,droite,0
587,19.567,1780168762,23,-100,738,droite,0
587,19.567,1780168762,11,0,695,droite,1
587,19.567,1780168762,24,-115,450,droite,0
588,19.600,1780168762,34,93,-28,gauche,0
588,19.600,1780168762,18,184,-3,gauche,0
588,19.600,1780168762,11,139,-1,gauche,0
588,19.600,1780168762,30,84,1,gauche,1
588,19.600,1780168762,7,120,0,gauche,1
588,19.600,1780168762,4,-24,431,droite,0
588,19.600,1780168762,2,303,611,droite,1
588,19.600,1780168762,17,358,588,droite,1
588,19.600,1780168762,15,246,667,droite,1
588,19.600,1780168762,14,84,649,droite,1
588,19.600,1780168762,1,160,754,droite,0
588,19.600,1780168762,20,204,698,droite,1
588,19.600,1780168762,22,98,737,droite,0
588,19.600,1780168762,11,0,693,droite,1
588,19.600,1780168762,24,-115,450,droite,0
589,19.633,1780168762,34,93,-28,gauche,0
589,19.633,1780168762,18,184,-4,gauche,0
589,19.633,1780168762,11,139,-1,gauche,0
589,19.633,1780168762,30,84,1,gauche,1
589,19.633,1780168762,7,120,0,gauche,1
589,19.633,1780168762,4,-24,431,droite,0
589,19.633,1780168762,2,303,611,droite,1
589,19.633,1780168762,17,358,589,droite,1
589,19.633,1780168762,15,246,667,droite,1
589,19.633,1780168762,14,84,649,droite,1
589,19.633,1780168762,1,160,754,droite,0
589,19.633,1780168762,20,204,698,droite,1
589,19.633,1780168762,22,98,737,droite,0
589,19.633,1780168762,11,0,693,droite,1
589,19.633,1780168762,24,-115,450,droite,0
590,19.667,1780168762,34,93,-29,gauche,0
590,19.667,1780168762,30,84,1,gauche,1
590,19.667,1780168762,11,139,-1,gauche,0
590,19.667,1780168762,18,185,-2,gauche,0
590,19.667,1780168762,7,120,0,gauche,1
590,19.667,1780168762,4,-24,431,droite,0
590,19.667,1780168762,2,302,609,droite,1
590,19.667,1780168762,15,245,670,droite,1
590,19.667,1780168762,17,357,590,droite,1
590,19.667,1780168762,14,87,650,droite,1
590,19.667,1780168762,1,160,754,droite,0
590,19.667,1780168762,22,97,737,droite,0
590,19.667,1780168762,25,208,698,droite,1
590,19.667,1780168762,20,204,697,droite,1
590,19.667,1780168762,11,2,687,droite,1
590,19.667,1780168762,23,-99,736,droite,0
590,19.667,1780168762,24,-114,449,droite,0
591,19.700,1780168762,34,93,-28,gauche,0
591,19.700,1780168762,30,82,0,gauche,1
591,19.700,1780168762,11,139,-1,gauche,0
591,19.700,1780168762,18,186,0,gauche,1
591,19.700,1780168762,7,120,0,gauche,1
591,19.700,1780168762,4,-24,431,droite,0
591,19.700,1780168762,2,301,608,droite,1
591,19.700,1780168762,14,88,650,droite,1
591,19.700,1780168762,15,244,671,droite,1
591,19.700,1780168762,17,357,590,droite,1
591,19.700,1780168762,1,160,754,droite,0
591,19.700,1780168762,22,97,737,droite,0
591,19.700,1780168762,25,207,698,droite,1
591,19.700,1780168762,20,204,697,droite,1
591,19.700,1780168762,23,-99,737,droite,0
591,19.700,1780168762,11,2,682,droite,1
591,19.700,1780168762,24,-114,449,droite,0
592,19.733,1780168762,34,93,-28,gauche,0
592,19.733,1780168762,30,80,0,gauche,1
592,19.733,1780168762,11,139,-1,gauche,0
592,19.733,1780168762,18,187,-1,gauche,0
592,19.733,1780168762,7,120,0,gauche,1
592,19.733,1780168762,33,178,-42,gauche,0
592,19.733,1780168762,4,-24,431,droite,0
592,19.733,1780168762,2,301,608,droite,1
592,19.733,1780168762,14,90,650,droite,1
592,19.733,1780168762,15,243,671,droite,1
592,19.733,1780168762,17,355,589,droite,1
592,19.733,1780168762,1,160,754,droite,0
592,19.733,1780168762,22,97,736,droite,0
592,19.733,1780168762,20,203,697,droite,1
592,19.733,1780168762,25,207,697,droite,1
592,19.733,1780168762,11,3,679,droite,1
592,19.733,1780168762,23,-100,736,droite,0
592,19.733,1780168762,24,-114,449,droite,0
593,19.767,1780168762,34,93,-27,gauche,0
593,19.767,1780168762,18,187,-3,gauche,0
593,19.767,1780168762,11,139,-1,gauche,0
593,19.767,1780168762,7,120,0,gauche,1
593,19.767,1780168762,30,78,1,gauche,1
593,19.767,1780168762,4,-24,431,droite,0
593,19.767,1780168762,14,90,650,droite,1
593,19.767,1780168762,2,300,608,droite,1
593,19.767,1780168762,17,355,590,droite,1
593,19.767,1780168762,15,243,671,droite,1
593,19.767,1780168762,1,160,754,droite,0
593,19.767,1780168762,25,206,697,droite,1
593,19.767,1780168762,11,3,676,droite,1
593,19.767,1780168762,22,97,736,droite,0
593,19.767,1780168762,24,-115,450,droite,0
593,19.767,1780168762,23,-101,737,droite,0
594,19.800,1780168762,34,93,-27,gauche,0
594,19.800,1780168762,18,188,-3,gauche,0
594,19.800,1780168762,11,139,-1,gauche,0
594,19.800,1780168762,7,120,0,gauche,1
594,19.800,1780168762,33,177,-38,gauche,0
594,19.800,1780168762,30,76,0,gauche,1
594,19.800,1780168762,4,-24,431,droite,0
594,19.800,1780168762,2,299,608,droite,1
594,19.800,1780168762,14,91,650,droite,1
594,19.800,1780168762,15,242,671,droite,1
594,19.800,1780168762,17,354,589,droite,1
594,19.800,1780168762,1,160,754,droite,0
594,19.800,1780168762,25,205,696,droite,1
594,19.800,1780168762,11,3,675,droite,1
594,19.800,1780168762,22,97,734,droite,1
594,19.800,1780168762,20,202,697,droite,1
594,19.800,1780168762,23,-101,737,droite,0
595,19.833,1780168762,34,93,-28,gauche,0
595,19.833,1780168762,18,188,-3,gauche,0
595,19.833,1780168762,11,139,-1,gauche,0
595,19.833,1780168762,7,120,0,gauche,1
595,19.833,1780168762,33,177,-38,gauche,0
595,19.833,1780168762,30,76,0,gauche,1
595,19.833,1780168762,4,-24,431,droite,0
595,19.833,1780168762,2,299,608,droite,1
595,19.833,1780168762,14,91,650,droite,1
595,19.833,1780168762,15,242,671,droite,1
595,19.833,1780168762,17,354,589,droite,1
595,19.833,1780168762,1,160,754,droite,0
595,19.833,1780168762,20,201,698,droite,1
595,19.833,1780168762,11,3,675,droite,1
595,19.833,1780168762,22,97,734,droite,1
595,19.833,1780168762,25,205,697,droite,1
595,19.833,1780168762,23,-101,737,droite,0
596,19.867,1780168762,34,93,-28,gauche,0
596,19.867,1780168762,33,177,-36,gauche,0
596,19.867,1780168762,7,120,0,gauche,1
596,19.867,1780168762,11,139,-1,gauche,0
596,19.867,1780168762,18,188,0,gauche,1
596,19.867,1780168762,30,74,1,gauche,1
596,19.867,1780168762,4,-24,431,droite,0
596,19.867,1780168762,14,92,650,droite,1
596,19.867,1780168762,2,299,607,droite,1
596,19.867,1780168762,15,242,671,droite,1
596,19.867,1780168762,25,205,698,droite,1
596,19.867,1780168762,11,2,675,droite,1
596,19.867,1780168762,17,354,589,droite,1
596,19.867,1780168762,1,160,754,droite,0
596,19.867,1780168762,22,97,733,droite,1
596,19.867,1780168762,23,-102,736,droite,0
597,19.900,1780168762,34,93,-28,gauche,0
597,19.900,1780168762,11,138,-1,gauche,0
597,19.900,1780168762,33,177,-35,gauche,0
597,19.900,1780168762,7,120,0,gauche,1
597,19.900,1780168762,30,73,1,gauche,1
597,19.900,1780168762,18,189,3,gauche,1
597,19.900,1780168762,4,-24,431,droite,0
597,19.900,1780168762,14,93,652,droite,1
597,19.900,1780168762,2,298,604,droite,1
597,19.900,1780168762,20,200,698,droite,1
597,19.900,1780168762,15,241,670,droite,1
597,19.900,1780168762,17,353,590,droite,1
597,19.900,1780168762,11,0,675,droite,1
597,19.900,1780168762,22,97,731,droite,1
597,19.900,1780168762,1,160,754,droite,0
597,19.900,1780168762,23,-105,738,droite,0
598,19.933,1780168762,34,93,-27,gauche,0
598,19.933,1780168762,7,121,0,gauche,1
598,19.933,1780168762,11,138,-1,gauche,0
598,19.933,1780168762,30,73,2,gauche,1
598,19.933,1780168762,33,176,-35,gauche,0
598,19.933,1780168762,18,190,4,gauche,1
598,19.933,1780168762,4,-24,431,droite,0
598,19.933,1780168762,2,297,607,droite,1
598,19.933,1780168762,14,93,656,droite,1
598,19.933,1780168762,20,200,697,droite,1
598,19.933,1780168762,15,240,670,droite,1
598,19.933,1780168762,17,352,590,droite,1
598,19.933,1780168762,22,96,731,droite,1
598,19.933,1780168762,11,-1,676,droite,0
598,19.933,1780168762,1,160,754,droite,0
598,19.933,1780168762,24,-108,736,droite,0
598,19.933,1780168762,23,-107,736,droite,0
599,19.967,1780168762,34,93,-27,gauche,0
599,19.967,1780168762,30,73,5,gauche,1
599,19.967,1780168762,33,176,-35,gauche,0
599,19.967,1780168762,7,120,0,gauche,1
599,19.967,1780168762,11,138,-1,gauche,0
599,19.967,1780168762,18,191,5,gauche,1
599,19.967,1780168762,4,-24,431,droite,0
599,19.967,1780168762,2,294,598,droite,1
599,19.967,1780168762,14,94,658,droite,1
599,19.967,1780168762,15,240,671,droite,1
599,19.967,1780168762,17,352,592,droite,1
599,19.967,1780168762,20,200,697,droite,1
599,19.967,1780168762,1,160,754,droite,0
599,19.967,1780168762,11,-3,676,droite,0
599,19.967,1780168762,22,95,731,droite,1
599,19.967,1780168762,23,-106,733,droite,0
600,20.000,1780168763,30,72,7,gauche,1
600,20.000,1780168763,34,93,-27,gauche,0
600,20.000,1780168763,33,176,-35,gauche,0
600,20.000,1780168763,7,120,0,gauche,1
600,20.000,1780168763,11,138,-1,gauche,0
600,20.000,1780168763,18,193,4,gauche,1
600,20.000,1780168763,4,-24,431,droite,0
600,20.000,1780168763,2,292,596,droite,1
600,20.000,1780168763,17,352,594,droite,1
600,20.000,1780168763,15,239,672,droite,1
600,20.000,1780168763,14,95,662,droite,1
600,20.000,1780168763,1,160,754,droite,0
600,20.000,1780168763,20,202,697,droite,1
600,20.000,1780168763,11,-3,671,droite,0
600,20.000,1780168763,22,95,730,droite,1
600,20.000,1780168763,24,-102,729,droite,0
600,20.000,1780168763,23,-106,728,droite,0
601,20.033,1780168763,30,72,7,gauche,1
601,20.033,1780168763,34,93,-27,gauche,0
601,20.033,1780168763,33,176,-35,gauche,0
601,20.033,1780168763,7,120,0,gauche,1
601,20.033,1780168763,11,138,-1,gauche,0
601,20.033,1780168763,18,193,4,gauche,1
601,20.033,1780168763,4,-24,431,droite,0
601,20.033,1780168763,2,292,595,droite,1
601,20.033,1780168763,17,352,594,droite,1
601,20.033,1780168763,15,239,672,droite,1
601,20.033,1780168763,14,95,662,droite,1
601,20.033,1780168763,1,160,754,droite,0
601,20.033,1780168763,20,202,697,droite,1
601,20.033,1780168763,11,-3,671,droite,0
601,20.033,1780168763,22,95,730,droite,1
601,20.033,1780168763,23,-106,728,droite,0
601,20.033,1780168763,24,-103,729,droite,0
602,20.067,1780168763,34,93,-27,gauche,0
602,20.067,1780168763,30,71,7,gauche,1
602,20.067,1780168763,11,138,-1,gauche,0
602,20.067,1780168763,7,121,0,gauche,1
602,20.067,1780168763,33,175,-34,gauche,0
602,20.067,1780168763,18,195,5,gauche,1
602,20.067,1780168763,4,-24,431,droite,0
602,20.067,1780168763,17,352,595,droite,1
602,20.067,1780168763,2,290,594,droite,1
602,20.067,1780168763,15,238,673,droite,1
602,20.067,1780168763,1,160,754,droite,0
602,20.067,1780168763,20,200,697,droite,1
602,20.067,1780168763,14,95,662,droite,1
602,20.067,1780168763,11,-2,667,droite,0
602,20.067,1780168763,22,95,730,droite,1
602,20.067,1780168763,24,-103,729,droite,0
603,20.100,1780168763,34,93,-27,gauche,0
603,20.100,1780168763,30,71,9,gauche,1
603,20.100,1780168763,11,138,-1,gauche,0
603,20.100,1780168763,7,120,0,gauche,1
603,20.100,1780168763,33,175,-34,gauche,0
603,20.100,1780168763,18,196,5,gauche,1
603,20.100,1780168763,37,472,395,gauche,0
603,20.100,1780168763,4,-24,431,droite,0
603,20.100,1780168763,17,352,597,droite,1
603,20.100,1780168763,2,289,594,droite,1
603,20.100,1780168763,15,238,676,droite,1
603,20.100,1780168763,14,96,662,droite,1
603,20.100,1780168763,20,200,697,droite,1
603,20.100,1780168763,1,160,754,droite,0
603,20.100,1780168763,11,-2,663,droite,0
603,20.100,1780168763,22,95,730,droite,1
603,20.100,1780168763,24,-102,726,droite,0
604,20.133,1780168763,34,93,-27,gauche,0
604,20.133,1780168763,30,71,10,gauche,1
604,20.133,1780168763,7,121,0,gauche,1
604,20.133,1780168763,11,137,-1,gauche,0
604,20.133,1780168763,33,175,-34,gauche,0
604,20.133,1780168763,37,472,395,gauche,0
604,20.133,1780168763,4,-24,431,droite,0
604,20.133,1780168763,2,288,591,droite,1
604,20.133,1780168763,17,353,600,droite,1
604,20.133,1780168763,14,97,662,droite,1
604,20.133,1780168763,20,200,697,droite,1
604,20.133,1780168763,15,238,679,droite,1
604,20.133,1780168763,1,160,754,droite,0
604,20.133,1780168763,11,-2,659,droite,0
604,20.133,1780168763,24,-100,723,droite,0
605,20.167,1780168763,34,93,-27,gauche,0
605,20.167,1780168763,30,71,13,gauche,1
605,20.167,1780168763,7,120,0,gauche,1
605,20.167,1780168763,11,137,-1,gauche,0
605,20.167,1780168763,33,175,-33,gauche,0
605,20.167,1780168763,18,199,5,gauche,1
605,20.167,1780168763,37,472,395,gauche,0
605,20.167,1780168763,4,-24,431,droite,0
605,20.167,1780168763,2,287,591,droite,1
605,20.167,1780168763,17,353,604,droite,1
605,20.167,1780168763,14,99,662,droite,1
605,20.167,1780168763,20,200,697,droite,1
605,20.167,1780168763,15,238,683,droite,1
605,20.167,1780168763,1,160,754,droite,0
605,20.167,1780168763,11,-1,656,droite,0
605,20.167,1780168763,24,-99,721,droite,0
606,20.200,1780168763,34,93,-27,gauche,0
606,20.200,1780168763,7,121,0,gauche,1
606,20.200,1780168763,11,136,-1,gauche,0
606,20.200,1780168763,30,71,14,gauche,1
606,20.200,1780168763,33,174,-34,gauche,0
606,20.200,1780168763,18,200,7,gauche,1
606,20.200,1780168763,37,473,395,gauche,0
606,20.200,1780168763,4,-24,431,droite,0
606,20.200,1780168763,2,287,591,droite,1
606,20.200,1780168763,14,101,662,droite,1
606,20.200,1780168763,17,352,606,droite,1
606,20.200,1780168763,20,200,697,droite,1
606,20.200,1780168763,15,238,685,droite,1
606,20.200,1780168763,1,160,754,droite,0
606,20.200,1780168763,11,-3,655,droite,0
607,20.233,1780168763,34,93,-27,gauche,0
607,20.233,1780168763,7,121,0,gauche,1
607,20.233,1780168763,11,136,-1,gauche,0
607,20.233,1780168763,30,71,14,gauche,1
607,20.233,1780168763,33,174,-34,gauche,0
607,20.233,1780168763,18,200,7,gauche,1
607,20.233,1780168763,37,473,395,gauche,0
607,20.233,1780168763,4,-24,431,droite,0
607,20.233,1780168763,2,287,591,droite,1
607,20.233,1780168763,17,352,606,droite,1
607,20.233,1780168763,14,101,662,droite,1
607,20.233,1780168763,20,200,697,droite,1
607,20.233,1780168763,15,238,685,droite,1
607,20.233,1780168763,1,160,754,droite,0
607,20.233,1780168763,11,-3,655,droite,0
608,20.267,1780168763,34,93,-27,gauche,0
608,20.267,1780168763,30,71,15,gauche,1
608,20.267,1780168763,7,121,0,gauche,1
608,20.267,1780168763,11,137,-1,gauche,0
608,20.267,1780168763,33,174,-34,gauche,0
608,20.267,1780168763,18,201,10,gauche,1
608,20.267,1780168763,37,473,395,gauche,0
608,20.267,1780168763,4,-24,431,droite,0
608,20.267,1780168763,2,286,590,droite,1
608,20.267,1780168763,15,238,688,droite,1
608,20.267,1780168763,14,103,663,droite,1
608,20.267,1780168763,20,200,697,droite,1
608,20.267,1780168763,17,352,607,droite,1
608,20.267,1780168763,1,160,754,droite,0
608,20.267,1780168763,11,-4,655,droite,0
609,20.300,1780168763,34,93,-27,gauche,0
609,20.300,1780168763,30,70,15,gauche,1
609,20.300,1780168763,7,121,0,gauche,1
609,20.300,1780168763,11,136,-1,gauche,0
609,20.300,1780168763,18,203,11,gauche,1
609,20.300,1780168763,33,174,-33,gauche,0
609,20.300,1780168763,37,473,395,gauche,0
609,20.300,1780168763,4,-24,431,droite,0
609,20.300,1780168763,2,286,590,droite,1
609,20.300,1780168763,20,199,697,droite,1
609,20.300,1780168763,14,104,663,droite,1
609,20.300,1780168763,15,237,689,droite,1
609,20.300,1780168763,17,351,607,droite,1
609,20.300,1780168763,1,160,754,droite,0
609,20.300,1780168763,11,-5,655,droite,0
610,20.333,1780168763,34,93,-27,gauche,0
610,20.333,1780168763,30,69,14,gauche,1
610,20.333,1780168763,7,122,3,gauche,1
610,20.333,1780168763,11,138,-1,gauche,0
610,20.333,1780168763,33,173,-34,gauche,0
610,20.333,1780168763,18,205,13,gauche,1
610,20.333,1780168763,37,472,395,gauche,0
610,20.333,1780168763,4,-23,430,droite,0
610,20.333,1780168763,2,285,591,droite,1
610,20.333,1780168763,14,105,663,droite,1
610,20.333,1780168763,17,350,606,droite,1
610,20.333,1780168763,20,198,698,droite,1
610,20.333,1780168763,15,236,690,droite,1
610,20.333,1780168763,1,160,754,droite,0
610,20.333,1780168763,11,-5,653,droite,0
610,20.333,1780168763,24,-99,719,droite,0
611,20.367,1780168763,34,93,-28,gauche,0
611,20.367,1780168763,7,123,6,gauche,1
611,20.367,1780168763,11,138,-1,gauche,0
611,20.367,1780168763,30,67,13,gauche,1
611,20.367,1780168763,33,173,-34,gauche,0
611,20.367,1780168763,18,205,15,gauche,1
611,20.367,1780168763,37,472,395,gauche,0
611,20.367,1780168763,4,-24,431,droite,0
611,20.367,1780168763,2,285,590,droite,1
611,20.367,1780168763,14,105,664,droite,1
611,20.367,1780168763,20,197,699,droite,1
611,20.367,1780168763,17,349,605,droite,1
611,20.367,1780168763,15,236,690,droite,1
611,20.367,1780168763,1,160,754,droite,0
611,20.367,1780168763,11,-5,654,droite,0
611,20.367,1780168763,24,-100,719,droite,0
612,20.400,1780168763,34,93,-27,gauche,0
612,20.400,1780168763,30,65,14,gauche,1
612,20.400,1780168763,7,123,7,gauche,1
612,20.400,1780168763,11,138,-1,gauche,0
612,20.400,1780168763,33,173,-34,gauche,0
612,20.400,1780168763,18,205,17,gauche,1
612,20.400,1780168763,38,8,-54,gauche,0
612,20.400,1780168763,4,-24,431,droite,0
612,20.400,1780168763,2,284,590,droite,1
612,20.400,1780168763,14,105,665,droite,1
612,20.400,1780168763,17,348,605,droite,1
612,20.400,1780168763,20,195,701,droite,1
612,20.400,1780168763,15,234,690,droite,1
612,20.400,1780168763,1,160,754,droite,0
612,20.400,1780168763,11,-4,649,droite,0
612,20.400,1780168763,24,-99,719,droite,0
613,20.433,1780168763,34,93,-27,gauche,0
613,20.433,1780168763,30,65,14,gauche,1
613,20.433,1780168763,7,123,6,gauche,1
613,20.433,1780168763,11,138,-1,gauche,0
613,20.433,1780168763,33,173,-34,gauche,0
613,20.433,1780168763,18,205,17,gauche,1
613,20.433,1780168763,38,8,-54,gauche,0
613,20.433,1780168763,4,-24,431,droite,0
613,20.433,1780168763,2,284,590,droite,1
613,20.433,1780168763,14,105,665,droite,1
613,20.433,1780168763,17,348,605,droite,1
613,20.433,1780168763,20,195,701,droite,1
613,20.433,1780168763,15,234,690,droite,1
613,20.433,1780168763,1,160,754,droite,0
613,20.433,1780168763,11,-4,649,droite,0
613,20.433,1780168763,24,-99,719,droite,0
614,20.467,1780168763,34,93,-28,gauche,0
614,20.467,1780168763,30,63,14,gauche,1
614,20.467,1780168763,7,123,8,gauche,1
614,20.467,1780168763,11,138,-1,gauche,0
614,20.467,1780168763,33,172,-34,gauche,0
614,20.467,1780168763,18,205,19,gauche,1
614,20.467,1780168763,4,-23,430,droite,0
614,20.467,1780168763,2,283,591,droite,1
614,20.467,1780168763,14,105,667,droite,1
614,20.467,1780168763,17,347,605,droite,1
614,20.467,1780168763,15,233,690,droite,1
614,20.467,1780168763,20,194,702,droite,1
614,20.467,1780168763,1,160,754,droite,0
614,20.467,1780168763,11,-2,643,droite,0
614,20.467,1780168763,24,-101,720,droite,0
615,20.500,1780168763,34,93,-28,gauche,0
615,20.500,1780168763,7,123,9,gauche,1
615,20.500,1780168763,30,61,14,gauche,1
615,20.500,1780168763,11,138,-1,gauche,0
615,20.500,1780168763,18,207,18,gauche,1
615,20.500,1780168763,33,172,-32,gauche,0
615,20.500,1780168763,4,-23,430,droite,0
615,20.500,1780168763,2,281,588,droite,1
615,20.500,1780168763,17,346,605,droite,1
615,20.500,1780168763,15,231,690,droite,1
615,20.500,1780168763,20,192,704,droite,1
615,20.500,1780168763,14,106,669,droite,1
615,20.500,1780168763,1,160,754,droite,0
615,20.500,1780168763,11,-2,640,droite,0
615,20.500,1780168763,24,-101,719,droite,0
615,20.500,1780168763,22,87,723,droite,1
616,20.533,1780168763,34,93,-28,gauche,0
616,20.533,1780168763,7,123,10,gauche,1
616,20.533,1780168763,30,60,17,gauche,1
616,20.533,1780168763,11,138,-1,gauche,0
616,20.533,1780168763,33,172,-29,gauche,0
616,20.533,1780168763,18,210,18,gauche,1
616,20.533,1780168763,4,-24,431,droite,0
616,20.533,1780168763,17,345,606,droite,1
616,20.533,1780168763,2,278,584,droite,1
616,20.533,1780168763,15,231,691,droite,1
616,20.533,1780168763,11,-1,636,droite,0
616,20.533,1780168763,20,193,704,droite,1
616,20.533,1780168763,14,107,671,droite,1
616,20.533,1780168763,1,160,754,droite,0
616,20.533,1780168763,24,-99,715,droite,0
617,20.567,1780168763,34,93,-28,gauche,0
617,20.567,1780168763,7,122,11,gauche,1
617,20.567,1780168763,30,60,21,gauche,1
617,20.567,1780168763,11,138,-1,gauche,0
617,20.567,1780168763,33,171,-26,gauche,0
617,20.567,1780168763,4,-24,431,droite,0
617,20.567,1780168763,2,277,581,droite,1
617,20.567,1780168763,17,345,606,droite,1
617,20.567,1780168763,20,192,703,droite,1
617,20.567,1780168763,15,231,692,droite,1
617,20.567,1780168763,11,-1,635,droite,0
617,20.567,1780168763,1,160,754,droite,0
617,20.567,1780168763,14,108,671,droite,1
617,20.567,1780168763,22,89,707,droite,1
617,20.567,1780168763,24,-97,710,droite,0
618,20.600,1780168763,34,93,-28,gauche,0
618,20.600,1780168763,7,122,11,gauche,1
618,20.600,1780168763,30,59,23,gauche,1
618,20.600,1780168763,11,138,-1,gauche,0
618,20.600,1780168763,33,171,-24,gauche,0
618,20.600,1780168763,18,217,19,gauche,1
618,20.600,1780168763,4,-24,431,droite,0
618,20.600,1780168763,2,276,580,droite,1
618,20.600,1780168763,17,344,609,droite,1
618,20.600,1780168763,20,192,704,droite,1
618,20.600,1780168763,15,231,693,droite,1
618,20.600,1780168763,11,-2,634,droite,0
618,20.600,1780168763,1,160,754,droite,0
618,20.600,1780168763,14,109,671,droite,1
618,20.600,1780168763,22,89,704,droite,1
618,20.600,1780168763,24,-97,708,droite,0
619,20.633,1780168763,34,93,-28,gauche,0
619,20.633,1780168763,7,123,11,gauche,1
619,20.633,1780168763,30,59,23,gauche,1
619,20.633,1780168763,11,138,-1,gauche,0
619,20.633,1780168763,33,171,-24,gauche,0
619,20.633,1780168763,18,217,19,gauche,1
619,20.633,1780168763,4,-24,431,droite,0
619,20.633,1780168763,2,276,580,droite,1
619,20.633,1780168763,17,344,609,droite,1
619,20.633,1780168763,20,192,704,droite,1
619,20.633,1780168763,15,231,693,droite,1
619,20.633,1780168763,11,-2,634,droite,0
619,20.633,1780168763,1,160,754,droite,0
619,20.633,1780168763,14,109,671,droite,1
619,20.633,1780168763,22,89,704,droite,1
619,20.633,1780168763,24,-97,708,droite,0
620,20.667,1780168763,34,93,-28,gauche,0
620,20.667,1780168763,30,59,25,gauche,1
620,20.667,1780168763,7,123,11,gauche,1
620,20.667,1780168763,11,138,-1,gauche,0
620,20.667,1780168763,33,171,-23,gauche,0
620,20.667,1780168763,18,218,19,gauche,1
620,20.667,1780168763,4,-24,431,droite,0
620,20.667,1780168763,2,275,580,droite,1
620,20.667,1780168763,20,190,705,droite,1
620,20.667,1780168763,17,345,612,droite,1
620,20.667,1780168763,15,231,694,droite,1
620,20.667,1780168763,11,-2,633,droite,0
620,20.667,1780168763,1,160,754,droite,0
620,20.667,1780168763,14,109,671,droite,1
620,20.667,1780168763,24,-96,707,droite,0
620,20.667,1780168763,22,87,705,droite,1
621,20.700,1780168763,34,93,-28,gauche,0
621,20.700,1780168763,30,59,26,gauche,1
621,20.700,1780168763,7,123,13,gauche,1
621,20.700,1780168763,11,138,-1,gauche,0
621,20.700,1780168763,18,218,24,gauche,1
621,20.700,1780168763,4,-24,431,droite,0
621,20.700,1780168763,2,275,580,droite,1
621,20.700,1780168763,20,189,705,droite,1
621,20.700,1780168763,17,345,614,droite,1
621,20.700,1780168763,14,110,672,droite,1
621,20.700,1780168763,1,160,754,droite,0
621,20.700,1780168763,15,231,699,droite,1
621,20.700,1780168763,11,-4,633,droite,0
621,20.700,1780168763,22,87,705,droite,1
621,20.700,1780168763,24,-95,704,droite,0
622,20.733,1780168763,30,59,27,gauche,1
622,20.733,1780168763,34,93,-28,gauche,0
622,20.733,1780168763,7,122,14,gauche,1
622,20.733,1780168763,11,138,-2,gauche,0
622,20.733,1780168763,33,169,-23,gauche,0
622,20.733,1780168763,18,219,28,gauche,1
622,20.733,1780168763,4,-24,431,droite,0
622,20.733,1780168763,2,275,580,droite,1
622,20.733,1780168763,20,187,705,droite,1
622,20.733,1780168763,17,345,616,droite,1
622,20.733,1780168763,15,230,702,droite,1
622,20.733,1780168763,1,160,754,droite,0
622,20.733,1780168763,11,-6,632,droite,0
622,20.733,1780168763,14,111,671,droite,1
622,20.733,1780168763,24,-94,702,droite,0
622,20.733,1780168763,22,87,705,droite,1
623,20.767,1780168763,30,59,27,gauche,1
623,20.767,1780168763,34,93,-28,gauche,0
623,20.767,1780168763,7,122,14,gauche,1
623,20.767,1780168763,11,138,-1,gauche,0
623,20.767,1780168763,18,222,32,gauche,1
623,20.767,1780168763,33,168,-23,gauche,0
623,20.767,1780168763,4,-24,431,droite,0
623,20.767,1780168763,2,275,580,droite,1
623,20.767,1780168763,20,187,704,droite,1
623,20.767,1780168763,17,346,620,droite,1
623,20.767,1780168763,15,229,703,droite,1
623,20.767,1780168763,1,160,754,droite,0
623,20.767,1780168763,14,113,672,droite,1
623,20.767,1780168763,11,-7,631,droite,0
623,20.767,1780168763,24,-93,699,droite,0
623,20.767,1780168763,22,87,704,droite,1
624,20.800,1780168763,30,58,29,gauche,1
624,20.800,1780168763,34,93,-28,gauche,0
624,20.800,1780168763,7,122,14,gauche,1
624,20.800,1780168763,11,138,-1,gauche,0
624,20.800,1780168763,33,169,-22,gauche,0
624,20.800,1780168763,18,223,33,gauche,1
624,20.800,1780168763,38,40,-54,gauche,0
624,20.800,1780168763,4,-24,431,droite,0
624,20.800,1780168763,2,274,579,droite,1
624,20.800,1780168763,20,186,704,droite,1
624,20.800,1780168763,15,228,703,droite,1
624,20.800,1780168763,17,346,625,droite,1
624,20.800,1780168763,14,114,672,droite,1
624,20.800,1780168763,11,-5,624,droite,0
624,20.800,1780168763,1,160,753,droite,0
624,20.800,1780168763,24,-94,698,droite,0
624,20.800,1780168763,22,88,696,droite,1
625,20.833,1780168763,30,58,29,gauche,1
625,20.833,1780168763,34,93,-28,gauche,0
625,20.833,1780168763,7,122,14,gauche,1
625,20.833,1780168763,11,138,-1,gauche,0
625,20.833,1780168763,33,169,-22,gauche,0
625,20.833,1780168763,18,223,33,gauche,1
625,20.833,1780168763,38,40,-54,gauche,0
625,20.833,1780168763,4,-24,431,droite,0
625,20.833,1780168763,2,274,580,droite,1
625,20.833,1780168763,20,186,704,droite,1
625,20.833,1780168763,15,228,703,droite,1
625,20.833,1780168763,17,346,625,droite,1
625,20.833,1780168763,14,114,672,droite,1
625,20.833,1780168763,11,-5,624,droite,0
625,20.833,1780168763,1,160,753,droite,0
625,20.833,1780168763,24,-94,698,droite,0
625,20.833,1780168763,22,88,696,droite,1
626,20.867,1780168763,30,57,29,gauche,1
626,20.867,1780168763,34,93,-28,gauche,0
626,20.867,1780168763,7,121,14,gauche,1
626,20.867,1780168763,11,138,-1,gauche,0
626,20.867,1780168763,18,225,37,gauche,1
626,20.867,1780168763,38,41,-53,gauche,0
626,20.867,1780168763,4,-24,431,droite,0
626,20.867,1780168763,2,274,579,droite,1
626,20.867,1780168763,20,186,704,droite,1
626,20.867,1780168763,15,226,703,droite,1
626,20.867,1780168763,17,345,624,droite,1
626,20.867,1780168763,1,160,753,droite,0
626,20.867,1780168763,11,-5,620,droite,0
626,20.867,1780168763,14,114,672,droite,1
626,20.867,1780168763,24,-95,699,droite,0
626,20.867,1780168763,22,89,687,droite,1
627,20.900,1780168763,30,55,29,gauche,1
627,20.900,1780168763,34,93,-27,gauche,0
627,20.900,1780168763,7,121,14,gauche,1
627,20.900,1780168763,11,138,-2,gauche,0
627,20.900,1780168763,38,41,-52,gauche,0
627,20.900,1780168763,4,-24,431,droite,0
627,20.900,1780168763,2,273,575,droite,1
627,20.900,1780168763,20,186,705,droite,1
627,20.900,1780168763,14,115,672,droite,1
627,20.900,1780168763,17,344,623,droite,1
627,20.900,1780168763,15,225,704,droite,1
627,20.900,1780168763,1,160,753,droite,0
627,20.900,1780168763,11,-4,617,droite,0
627,20.900,1780168763,24,-95,699,droite,0
627,20.900,1780168763,22,90,682,droite,1
628,20.933,1780168763,7,122,14,gauche,1
628,20.933,1780168763,34,93,-27,gauche,0
628,20.933,1780168763,30,54,28,gauche,1
628,20.933,1780168763,11,138,-1,gauche,0
628,20.933,1780168763,38,41,-52,gauche,0
628,20.933,1780168763,33,8,-54,gauche,0
628,20.933,1780168763,4,-24,431,droite,0
628,20.933,1780168763,2,272,572,droite,1
628,20.933,1780168763,20,185,707,droite,1
628,20.933,1780168763,14,116,673,droite,1
628,20.933,1780168763,15,224,703,droite,1
628,20.933,1780168763,1,160,753,droite,0
628,20.933,1780168763,17,343,624,droite,1
628,20.933,1780168763,11,-5,614,droite,0
628,20.933,1780168763,24,-95,699,droite,0
628,20.933,1780168763,22,91,678,droite,1
629,20.967,1780168763,7,121,14,gauche,1
629,20.967,1780168763,34,93,-28,gauche,0
629,20.967,1780168763,30,52,29,gauche,1
629,20.967,1780168763,11,138,-2,gauche,0
629,20.967,1780168763,38,41,-52,gauche,0
629,20.967,1780168763,18,168,-22,gauche,0
629,20.967,1780168763,33,8,-54,gauche,0
629,20.967,1780168763,4,-24,431,droite,0
629,20.967,1780168763,2,272,568,droite,1
629,20.967,1780168763,15,223,703,droite,1
629,20.967,1780168763,20,185,708,droite,1
629,20.967,1780168763,11,-5,611,droite,0
629,20.967,1780168763,17,341,623,droite,1
629,20.967,1780168763,1,160,754,droite,0
629,20.967,1780168763,24,-97,699,droite,0
629,20.967,1780168763,22,90,679,droite,1
629,20.967,1780168763,14,116,674,droite,1
630,21.000,1780168764,34,93,-27,gauche,0
630,21.000,1780168764,30,51,29,gauche,1
630,21.000,1780168764,7,120,14,gauche,1
630,21.000,1780168764,11,138,-2,gauche,0
630,21.000,1780168764,18,167,-22,gauche,0
630,21.000,1780168764,38,41,-52,gauche,0
630,21.000,1780168764,39,473,394,gauche,0
630,21.000,1780168764,40,125,-23,gauche,0
630,21.000,1780168764,33,7,-54,gauche,0
630,21.000,1780168764,4,-23,431,droite,0
630,21.000,1780168764,2,271,565,droite,1
630,21.000,1780168764,15,223,704,droite,1
630,21.000,1780168764,20,183,711,droite,1
630,21.000,1780168764,11,-6,610,droite,0
630,21.000,1780168764,1,160,754,droite,0
630,21.000,1780168764,14,116,674,droite,1
630,21.000,1780168764,17,339,623,droite,1
630,21.000,1780168764,22,90,679,droite,1
630,21.000,1780168764,24,-98,699,droite,0
631,21.033,1780168764,34,93,-27,gauche,0
631,21.033,1780168764,30,51,29,gauche,1
631,21.033,1780168764,7,120,14,gauche,1
631,21.033,1780168764,11,138,-2,gauche,0
631,21.033,1780168764,18,167,-22,gauche,0
631,21.033,1780168764,38,41,-52,gauche,0
631,21.033,1780168764,39,473,394,gauche,0
631,21.033,1780168764,40,125,-23,gauche,0
631,21.033,1780168764,33,7,-54,gauche,0
631,21.033,1780168764,4,-23,431,droite,0
631,21.033,1780168764,2,271,566,droite,1
631,21.033,1780168764,15,223,704,droite,1
631,21.033,1780168764,20,183,711,droite,1
631,21.033,1780168764,11,-6,610,droite,0
631,21.033,1780168764,1,160,754,droite,0
631,21.033,1780168764,14,116,674,droite,1
631,21.033,1780168764,17,339,623,droite,1
631,21.033,1780168764,22,90,679,droite,1
631,21.033,1780168764,24,-98,699,droite,0
632,21.067,1780168764,30,49,29,gauche,1
632,21.067,1780168764,34,93,-28,gauche,0
632,21.067,1780168764,7,120,15,gauche,1
632,21.067,1780168764,11,138,-2,gauche,0
632,21.067,1780168764,18,166,-22,gauche,0
632,21.067,1780168764,38,41,-52,gauche,0
632,21.067,1780168764,39,473,394,gauche,0
632,21.067,1780168764,40,125,-24,gauche,0
632,21.067,1780168764,41,472,394,gauche,0
632,21.067,1780168764,4,-23,431,droite,0
632,21.067,1780168764,2,271,565,droite,1
632,21.067,1780168764,15,222,704,droite,1
632,21.067,1780168764,20,182,713,droite,1
632,21.067,1780168764,11,-6,610,droite,0
632,21.067,1780168764,17,338,623,droite,1
632,21.067,1780168764,14,116,676,droite,1
632,21.067,1780168764,1,160,754,droite,0
632,21.067,1780168764,22,90,678,droite,1
632,21.067,1780168764,24,-99,698,droite,0
633,21.100,1780168764,34,93,-28,gauche,0
633,21.100,1780168764,7,120,15,gauche,1
633,21.100,1780168764,11,138,-1,gauche,0
633,21.100,1780168764,30,48,29,gauche,1
633,21.100,1780168764,42,238,44,gauche,1
633,21.100,1780168764,18,166,-22,gauche,0
633,21.100,1780168764,38,41,-52,gauche,0
633,21.100,1780168764,39,473,394,gauche,0
633,21.100,1780168764,4,-24,431,droite,0
633,21.100,1780168764,2,271,565,droite,1
633,21.100,1780168764,15,221,704,droite,1
633,21.100,1780168764,17,337,622,droite,1
633,21.100,1780168764,20,182,713,droite,1
633,21.100,1780168764,1,160,754,droite,0
633,21.100,1780168764,11,-6,609,droite,0
633,21.100,1780168764,14,115,680,droite,1
633,21.100,1780168764,24,-99,696,droite,0
633,21.100,1780168764,22,90,679,droite,1
634,21.133,1780168764,34,93,-28,gauche,0
634,21.133,1780168764,30,48,32,gauche,1
634,21.133,1780168764,7,120,16,gauche,1
634,21.133,1780168764,11,138,-1,gauche,0
634,21.133,1780168764,18,165,-22,gauche,0
634,21.133,1780168764,42,239,49,gauche,1
634,21.133,1780168764,38,41,-52,gauche,0
634,21.133,1780168764,39,473,395,gauche,0
634,21.133,1780168764,4,-24,431,droite,0
634,21.133,1780168764,2,271,565,droite,1
634,21.133,1780168764,15,221,705,droite,1
634,21.133,1780168764,17,336,623,droite,1
634,21.133,1780168764,20,182,712,droite,1
634,21.133,1780168764,1,160,754,droite,0
634,21.133,1780168764,11,-5,606,droite,0
634,21.133,1780168764,22,91,671,droite,1
634,21.133,1780168764,14,115,688,droite,1
634,21.133,1780168764,24,-99,693,droite,0
635,21.167,1780168764,30,48,35,gauche,1
635,21.167,1780168764,34,93,-28,gauche,0
635,21.167,1780168764,7,120,18,gauche,1
635,21.167,1780168764,11,138,-2,gauche,0
635,21.167,1780168764,42,241,53,gauche,1
635,21.167,1780168764,40,125,-18,gauche,0
635,21.167,1780168764,18,167,-21,gauche,0
635,21.167,1780168764,38,41,-52,gauche,0
635,21.167,1780168764,39,473,394,gauche,0
635,21.167,1780168764,4,-24,433,droite,0
635,21.167,1780168764,2,272,565,droite,1
635,21.167,1780168764,15,221,707,droite,1
635,21.167,1780168764,11,-7,609,droite,0
635,21.167,1780168764,17,335,624,droite,1
635,21.167,1780168764,20,181,712,droite,1
635,21.167,1780168764,14,115,687,droite,1
635,21.167,1780168764,1,160,752,droite,0
635,21.167,1780168764,22,93,662,droite,1
635,21.167,1780168764,24,-98,690,droite,0
636,21.200,1780168764,30,48,38,gauche,1
636,21.200,1780168764,34,92,-31,gauche,0
636,21.200,1780168764,11,139,0,gauche,1
636,21.200,1780168764,7,120,24,gauche,1
636,21.200,1780168764,42,243,55,gauche,1
636,21.200,1780168764,40,124,-18,gauche,0
636,21.200,1780168764,18,166,-21,gauche,0
636,21.200,1780168764,38,40,-52,gauche,0
636,21.200,1780168764,39,473,394,gauche,0
636,21.200,1780168764,4,-24,434,droite,0
636,21.200,1780168764,2,272,565,droite,1
636,21.200,1780168764,15,220,709,droite,1
636,21.200,1780168764,22,93,657,droite,1
636,21.200,1780168764,14,115,687,droite,1
636,21.200,1780168764,11,-5,601,droite,0
636,21.200,1780168764,20,180,711,droite,1
636,21.200,1780168764,17,335,626,droite,1
636,21.200,1780168764,1,160,752,droite,0
636,21.200,1780168764,24,-97,688,droite,0
637,21.233,1780168764,30,48,38,gauche,1
637,21.233,1780168764,34,93,-28,gauche,0
637,21.233,1780168764,11,139,0,gauche,1
637,21.233,1780168764,7,120,24,gauche,1
637,21.233,1780168764,42,243,55,gauche,1
637,21.233,1780168764,40,124,-18,gauche,0
637,21.233,1780168764,18,166,-21,gauche,0
637,21.233,1780168764,38,40,-52,gauche,0
637,21.233,1780168764,39,473,394,gauche,0
637,21.233,1780168764,4,-24,434,droite,0
637,21.233,1780168764,2,272,565,droite,1
637,21.233,1780168764,15,220,709,droite,1
637,21.233,1780168764,22,93,657,droite,1
637,21.233,1780168764,14,115,687,droite,1
637,21.233,1780168764,11,-4,601,droite,0
637,21.233,1780168764,17,336,626,droite,1
637,21.233,1780168764,20,180,711,droite,1
637,21.233,1780168764,1,160,752,droite,0
637,21.233,1780168764,24,-97,688,droite,0
638,21.267,1780168764,30,47,40,gauche,1
638,21.267,1780168764,34,93,-28,gauche,0
638,21.267,1780168764,11,138,-1,gauche,0
638,21.267,1780168764,7,121,28,gauche,1
638,21.267,1780168764,18,166,-21,gauche,0
638,21.267,1780168764,40,124,-19,gauche,0
638,21.267,1780168764,38,40,-52,gauche,0
638,21.267,1780168764,42,244,59,gauche,1
638,21.267,1780168764,39,473,394,gauche,0
638,21.267,1780168764,4,-24,436,droite,0
638,21.267,1780168764,2,272,565,droite,1
638,21.267,1780168764,15,220,711,droite,1
638,21.267,1780168764,11,-4,598,droite,0
638,21.267,1780168764,22,94,655,droite,1
638,21.267,1780168764,14,116,688,droite,1
638,21.267,1780168764,17,335,629,droite,1
638,21.267,1780168764,20,179,711,droite,1
638,21.267,1780168764,1,161,749,droite,0
638,21.267,1780168764,24,-97,686,droite,0
639,21.300,1780168764,30,47,42,gauche,1
639,21.300,1780168764,34,92,-31,gauche,0
639,21.300,1780168764,11,138,-1,gauche,0
639,21.300,1780168764,7,121,31,gauche,1
639,21.300,1780168764,42,246,58,gauche,1
639,21.300,1780168764,18,165,-22,gauche,0
639,21.300,1780168764,40,124,-17,gauche,0
639,21.300,1780168764,38,40,-52,gauche,0
639,21.300,1780168764,39,473,394,gauche,0
639,21.300,1780168764,4,-24,437,droite,0
639,21.300,1780168764,2,272,565,droite,1
639,21.300,1780168764,14,118,689,droite,1
639,21.300,1780168764,22,94,655,droite,1
639,21.300,1780168764,20,179,712,droite,1
639,21.300,1780168764,11,-2,592,droite,0
639,21.300,1780168764,15,220,713,droite,1
639,21.300,1780168764,17,336,631,droite,1
639,21.300,1780168764,1,160,749,droite,0
639,21.300,1780168764,24,-95,683,droite,0
640,21.333,1780168764,30,48,45,gauche,1
640,21.333,1780168764,34,93,-28,gauche,0
640,21.333,1780168764,11,138,-1,gauche,0
640,21.333,1780168764,7,120,32,gauche,1
640,21.333,1780168764,40,124,-18,gauche,0
640,21.333,1780168764,38,40,-52,gauche,0
640,21.333,1780168764,42,249,59,gauche,1
640,21.333,1780168764,18,164,-22,gauche,0
640,21.333,1780168764,39,473,394,gauche,0
640,21.333,1780168764,4,-24,439,droite,0
640,21.333,1780168764,2,272,565,droite,1
640,21.333,1780168764,14,120,689,droite,1
640,21.333,1780168764,22,94,655,droite,1
640,21.333,1780168764,11,-2,591,droite,0
640,21.333,1780168764,17,337,635,droite,1
640,21.333,1780168764,20,178,712,droite,1
640,21.333,1780168764,15,220,716,droite,1
640,21.333,1780168764,1,161,745,droite,0
640,21.333,1780168764,24,-95,682,droite,0
641,21.367,1780168764,30,48,46,gauche,1
641,21.367,1780168764,34,93,-28,gauche,0
641,21.367,1780168764,11,138,-1,gauche,0
641,21.367,1780168764,40,123,-20,gauche,0
641,21.367,1780168764,7,120,33,gauche,1
641,21.367,1780168764,18,163,-21,gauche,0
641,21.367,1780168764,38,40,-52,gauche,0
641,21.367,1780168764,42,252,59,gauche,1
641,21.367,1780168764,33,124,33,gauche,1
641,21.367,1780168764,39,473,394,gauche,0
641,21.367,1780168764,4,-24,440,droite,0
641,21.367,1780168764,2,272,565,droite,1
641,21.367,1780168764,11,-3,588,droite,0
641,21.367,1780168764,14,121,690,droite,1
641,21.367,1780168764,22,94,656,droite,1
641,21.367,1780168764,20,178,712,droite,1
641,21.367,1780168764,17,336,637,droite,1
641,21.367,1780168764,1,161,746,droite,0
641,21.367,1780168764,15,219,718,droite,1
641,21.367,1780168764,24,-95,682,droite,0
642,21.400,1780168764,30,47,48,gauche,1
642,21.400,1780168764,34,93,-28,gauche,0
642,21.400,1780168764,11,139,0,gauche,1
642,21.400,1780168764,40,123,-21,gauche,0
642,21.400,1780168764,18,163,-21,gauche,0
642,21.400,1780168764,33,123,35,gauche,1
642,21.400,1780168764,42,253,59,gauche,1
642,21.400,1780168764,38,40,-52,gauche,0
642,21.400,1780168764,39,473,394,gauche,0
642,21.400,1780168764,4,-24,440,droite,0
642,21.400,1780168764,2,272,565,droite,1
642,21.400,1780168764,11,-3,588,droite,0
642,21.400,1780168764,14,122,690,droite,1
642,21.400,1780168764,22,95,649,droite,1
642,21.400,1780168764,20,178,712,droite,1
642,21.400,1780168764,17,336,640,droite,1
642,21.400,1780168764,1,161,745,droite,0
642,21.400,1780168764,15,219,719,droite,1
642,21.400,1780168764,24,-95,681,droite,0
643,21.433,1780168764,30,47,48,gauche,1
643,21.433,1780168764,34,93,-28,gauche,0
643,21.433,1780168764,11,139,0,gauche,1
643,21.433,1780168764,40,123,-21,gauche,0
643,21.433,1780168764,18,163,-21,gauche,0
643,21.433,1780168764,42,254,59,gauche,1
643,21.433,1780168764,33,123,34,gauche,1
643,21.433,1780168764,38,40,-52,gauche,0
643,21.433,1780168764,39,473,394,gauche,0
643,21.433,1780168764,4,-23,440,droite,0
643,21.433,1780168764,2,272,565,droite,1
643,21.433,1780168764,11,-3,588,droite,0
643,21.433,1780168764,14,122,690,droite,1
643,21.433,1780168764,22,95,649,droite,1
643,21.433,1780168764,20,178,712,droite,1
643,21.433,1780168764,1,161,745,droite,0
643,21.433,1780168764,17,336,640,droite,1
643,21.433,1780168764,15,219,719,droite,1
643,21.433,1780168764,24,-96,683,droite,0
644,21.467,1780168764,30,46,48,gauche,1
644,21.467,1780168764,34,93,-28,gauche,0
644,21.467,1780168764,11,139,0,gauche,1
644,21.467,1780168764,42,255,65,gauche,1
644,21.467,1780168764,18,163,-20,gauche,0
644,21.467,1780168764,33,123,35,gauche,1
644,21.467,1780168764,40,123,-20,gauche,0
644,21.467,1780168764,38,39,-52,gauche,0
644,21.467,1780168764,39,473,394,gauche,0
644,21.467,1780168764,4,-23,440,droite,0
644,21.467,1780168764,2,272,565,droite,1
644,21.467,1780168764,11,-3,587,droite,0
644,21.467,1780168764,22,96,642,droite,1
644,21.467,1780168764,14,122,690,droite,1
644,21.467,1780168764,15,218,719,droite,1
644,21.467,1780168764,17,335,638,droite,1
644,21.467,1780168764,20,178,713,droite,1
644,21.467,1780168764,1,161,743,droite,0
644,21.467,1780168764,24,-96,680,droite,0
645,21.500,1780168764,30,45,48,gauche,1
645,21.500,1780168764,42,255,69,gauche,1
645,21.500,1780168764,34,92,-31,gauche,0
645,21.500,1780168764,11,138,-1,gauche,0
645,21.500,1780168764,40,124,-17,gauche,0
645,21.500,1780168764,18,163,-20,gauche,0
645,21.500,1780168764,38,39,-52,gauche,0
645,21.500,1780168764,33,122,36,gauche,1
645,21.500,1780168764,39,473,394,gauche,0
645,21.500,1780168764,4,-22,440,droite,0
645,21.500,1780168764,2,272,565,droite,1
645,21.500,1780168764,22,98,635,droite,1
645,21.500,1780168764,11,-5,587,droite,0
645,21.500,1780168764,20,178,713,droite,1
645,21.500,1780168764,15,217,719,droite,1
645,21.500,1780168764,14,122,691,droite,1
645,21.500,1780168764,17,334,638,droite,1
645,21.500,1780168764,1,161,747,droite,0
645,21.500,1780168764,24,-97,680,droite,0
646,21.533,1780168764,30,43,48,gauche,1
646,21.533,1780168764,11,138,-1,gauche,0
646,21.533,1780168764,34,93,-28,gauche,0
646,21.533,1780168764,42,257,65,gauche,1
646,21.533,1780168764,40,123,-19,gauche,0
646,21.533,1780168764,33,122,36,gauche,1
646,21.533,1780168764,38,38,-53,gauche,0
646,21.533,1780168764,18,163,-20,gauche,0
646,21.533,1780168764,39,473,394,gauche,0
646,21.533,1780168764,4,-21,440,droite,0
646,21.533,1780168764,2,272,565,droite,1
646,21.533,1780168764,22,99,630,droite,1
646,21.533,1780168764,11,-7,587,droite,0
646,21.533,1780168764,20,178,715,droite,1
646,21.533,1780168764,17,333,638,droite,1
646,21.533,1780168764,14,122,692,droite,1
646,21.533,1780168764,15,216,719,droite,1
646,21.533,1780168764,1,160,747,droite,0
646,21.533,1780168764,24,-98,680,droite,0
647,21.567,1780168764,30,42,48,gauche,1
647,21.567,1780168764,42,258,78,gauche,1
647,21.567,1780168764,11,137,-1,gauche,0
647,21.567,1780168764,34,93,-28,gauche,0
647,21.567,1780168764,40,123,-19,gauche,0
647,21.567,1780168764,33,122,37,gauche,1
647,21.567,1780168764,18,163,-20,gauche,0
647,21.567,1780168764,38,38,-53,gauche,0
647,21.567,1780168764,39,473,394,gauche,0
647,21.567,1780168764,4,-21,440,droite,0
647,21.567,1780168764,2,272,565,droite,1
647,21.567,1780168764,22,99,628,droite,1
647,21.567,1780168764,11,-8,587,droite,0
647,21.567,1780168764,20,177,716,droite,1
647,21.567,1780168764,17,331,637,droite,1
647,21.567,1780168764,14,123,692,droite,1
647,21.567,1780168764,1,160,747,droite,0
647,21.567,1780168764,15,215,719,droite,1
647,21.567,1780168764,24,-98,681,droite,0
648,21.600,1780168764,30,40,48,gauche,1
648,21.600,1780168764,11,138,-1,gauche,0
648,21.600,1780168764,34,93,-28,gauche,0
648,21.600,1780168764,40,123,-20,gauche,0
648,21.600,1780168764,42,259,81,gauche,1
648,21.600,1780168764,18,163,-19,gauche,0
648,21.600,1780168764,38,38,-54,gauche,0
648,21.600,1780168764,33,121,38,gauche,1
648,21.600,1780168764,39,473,394,gauche,0
648,21.600,1780168764,4,-21,440,droite,0
648,21.600,1780168764,2,272,565,droite,1
648,21.600,1780168764,22,100,628,droite,1
648,21.600,1780168764,11,-8,581,droite,0
648,21.600,1780168764,20,177,718,droite,1
648,21.600,1780168764,17,331,637,droite,1
648,21.600,1780168764,15,214,720,droite,1
648,21.600,1780168764,14,123,693,droite,1
648,21.600,1780168764,1,160,744,droite,0
648,21.600,1780168764,24,-98,680,droite,0
649,21.633,1780168764,30,40,48,gauche,1
649,21.633,1780168764,11,137,-1,gauche,0
649,21.633,1780168764,34,93,-28,gauche,0
649,21.633,1780168764,40,123,-20,gauche,0
649,21.633,1780168764,42,259,81,gauche,1
649,21.633,1780168764,18,163,-19,gauche,0
649,21.633,1780168764,38,38,-54,gauche,0
649,21.633,1780168764,33,121,38,gauche,1
649,21.633,1780168764,39,474,394,gauche,0
649,21.633,1780168764,4,-21,440,droite,0
649,21.633,1780168764,2,272,565,droite,1
649,21.633,1780168764,22,100,628,droite,1
649,21.633,1780168764,11,-8,581,droite,0
649,21.633,1780168764,20,177,718,droite,1
649,21.633,1780168764,17,331,638,droite,1
649,21.633,1780168764,15,214,720,droite,1
649,21.633,1780168764,14,123,693,droite,1
649,21.633,1780168764,1,160,744,droite,0
649,21.633,1780168764,24,-98,680,droite,0
650,21.667,1780168764,11,138,-1,gauche,0
650,21.667,1780168764,30,38,48,gauche,1
650,21.667,1780168764,34,93,-28,gauche,0
650,21.667,1780168764,42,263,81,gauche,1
650,21.667,1780168764,40,124,-20,gauche,0
650,21.667,1780168764,18,162,-20,gauche,0
650,21.667,1780168764,33,121,37,gauche,1
650,21.667,1780168764,38,37,-54,gauche,0
650,21.667,1780168764,39,473,394,gauche,0
650,21.667,1780168764,4,-20,440,droite,0
650,21.667,1780168764,2,272,565,droite,1
650,21.667,1780168764,17,330,638,droite,1
650,21.667,1780168764,22,101,628,droite,1
650,21.667,1780168764,20,177,721,droite,1
650,21.667,1780168764,11,-7,578,droite,0
650,21.667,1780168764,14,123,695,droite,1
650,21.667,1780168764,15,213,721,droite,1
650,21.667,1780168764,1,160,744,droite,0
650,21.667,1780168764,24,-96,676,droite,0
651,21.700,1780168764,30,37,50,gauche,1
651,21.700,1780168764,42,264,82,gauche,1
651,21.700,1780168764,11,138,-1,gauche,0
651,21.700,1780168764,34,93,-28,gauche,0
651,21.700,1780168764,18,161,-20,gauche,0
651,21.700,1780168764,33,121,37,gauche,1
651,21.700,1780168764,40,123,-20,gauche,0
651,21.700,1780168764,38,36,-54,gauche,0
651,21.700,1780168764,39,473,394,gauche,0
651,21.700,1780168764,4,-20,441,droite,0
651,21.700,1780168764,2,272,565,droite,1
651,21.700,1780168764,17,329,638,droite,1
651,21.700,1780168764,22,102,627,droite,1
651,21.700,1780168764,11,-6,575,droite,0
651,21.700,1780168764,15,213,721,droite,1
651,21.700,1780168764,20,176,723,droite,1
651,21.700,1780168764,14,123,700,droite,1
651,21.700,1780168764,1,160,745,droite,0
651,21.700,1780168764,24,-94,670,droite,0
652,21.733,1780168764,42,265,83,gauche,1
652,21.733,1780168764,30,38,55,gauche,1
652,21.733,1780168764,11,138,-1,gauche,0
652,21.733,1780168764,34,93,-28,gauche,0
652,21.733,1780168764,18,161,-20,gauche,0
652,21.733,1780168764,40,123,-20,gauche,0
652,21.733,1780168764,33,121,40,gauche,1
652,21.733,1780168764,38,36,-54,gauche,0
652,21.733,1780168764,39,474,394,gauche,0
652,21.733,1780168764,4,-19,441,droite,0
652,21.733,1780168764,17,329,640,droite,1
652,21.733,1780168764,2,272,565,droite,1
652,21.733,1780168764,22,103,627,droite,1
652,21.733,1780168764,15,213,723,droite,1
652,21.733,1780168764,11,-5,571,droite,0
652,21.733,1780168764,20,176,725,droite,1
652,21.733,1780168764,14,123,701,droite,1
652,21.733,1780168764,1,159,745,droite,0
652,21.733,1780168764,24,-93,667,droite,0
653,21.767,1780168764,42,267,82,gauche,1
653,21.767,1780168764,30,38,58,gauche,1
653,21.767,1780168764,11,138,-1,gauche,0
653,21.767,1780168764,34,93,-28,gauche,0
653,21.767,1780168764,18,161,-20,gauche,0
653,21.767,1780168764,33,122,48,gauche,1
653,21.767,1780168764,40,123,-20,gauche,0
653,21.767,1780168764,38,36,-54,gauche,0
653,21.767,1780168764,39,474,394,gauche,0
653,21.767,1780168764,4,-19,441,droite,0
653,21.767,1780168764,2,272,565,droite,1
653,21.767,1780168764,17,328,641,droite,1
653,21.767,1780168764,22,105,627,droite,1
653,21.767,1780168764,20,176,726,droite,1
653,21.767,1780168764,14,124,702,droite,1
653,21.767,1780168764,15,213,725,droite,1
653,21.767,1780168764,11,-6,568,droite,0
653,21.767,1780168764,1,159,745,droite,0
653,21.767,1780168764,24,-92,667,droite,0
654,21.800,1780168764,30,38,61,gauche,1
654,21.800,1780168764,11,138,-1,gauche,0
654,21.800,1780168764,34,93,-28,gauche,0
654,21.800,1780168764,42,269,81,gauche,1
654,21.800,1780168764,33,122,53,gauche,1
654,21.800,1780168764,18,161,-19,gauche,0
654,21.800,1780168764,40,123,-19,gauche,0
654,21.800,1780168764,38,36,-54,gauche,0
654,21.800,1780168764,4,-18,441,droite,0
654,21.800,1780168764,2,272,565,droite,1
654,21.800,1780168764,17,328,643,droite,1
654,21.800,1780168764,22,107,619,droite,1
654,21.800,1780168764,14,125,702,droite,1
654,21.800,1780168764,11,-7,568,droite,0
654,21.800,1780168764,20,176,727,droite,1
654,21.800,1780168764,15,212,728,droite,1
654,21.800,1780168764,1,159,745,droite,0
654,21.800,1780168764,24,-91,664,droite,0
655,21.833,1780168764,30,38,61,gauche,1
655,21.833,1780168764,11,138,-1,gauche,0
655,21.833,1780168764,34,93,-28,gauche,0
655,21.833,1780168764,33,122,53,gauche,1
655,21.833,1780168764,42,269,81,gauche,1
655,21.833,1780168764,18,161,-19,gauche,0
655,21.833,1780168764,40,123,-19,gauche,0
655,21.833,1780168764,38,36,-54,gauche,0
655,21.833,1780168764,4,-18,441,droite,0
655,21.833,1780168764,2,272,565,droite,1
655,21.833,1780168764,17,328,643,droite,1
655,21.833,1780168764,22,107,619,droite,1
655,21.833,1780168764,14,125,702,droite,1
655,21.833,1780168764,11,-6,568,droite,0
655,21.833,1780168764,20,176,727,droite,1
655,21.833,1780168764,15,212,728,droite,1
655,21.833,1780168764,1,159,745,droite,0
655,21.833,1780168764,24,-91,664,droite,0
656,21.867,1780168764,30,38,62,gauche,1
656,21.867,1780168764,42,269,86,gauche,1
656,21.867,1780168764,33,122,57,gauche,1
656,21.867,1780168764,11,138,-1,gauche,0
656,21.867,1780168764,34,93,-28,gauche,0
656,21.867,1780168764,40,123,-19,gauche,0
656,21.867,1780168764,18,159,-19,gauche,0
656,21.867,1780168764,38,35,-54,gauche,0
656,21.867,1780168764,4,-18,442,droite,0
656,21.867,1780168764,22,108,614,droite,1
656,21.867,1780168764,2,272,565,droite,1
656,21.867,1780168764,17,328,648,droite,1
656,21.867,1780168764,14,125,702,droite,1
656,21.867,1780168764,11,-8,568,droite,0
656,21.867,1780168764,1,158,744,droite,0
656,21.867,1780168764,20,176,727,droite,1
656,21.867,1780168764,15,212,731,droite,1
656,21.867,1780168764,24,-90,661,droite,0
657,21.900,1780168764,42,270,91,gauche,1
657,21.900,1780168764,30,39,67,gauche,1
657,21.900,1780168764,11,139,-1,gauche,0
657,21.900,1780168764,34,93,-27,gauche,0
657,21.900,1780168764,40,123,-21,gauche,0
657,21.900,1780168764,18,159,-20,gauche,0
657,21.900,1780168764,33,122,59,gauche,1
657,21.900,1780168764,38,35,-54,gauche,0
657,21.900,1780168764,4,-19,443,droite,0
657,21.900,1780168764,22,108,610,droite,1
657,21.900,1780168764,2,272,565,droite,1
657,21.900,1780168764,17,328,653,droite,1
657,21.900,1780168764,11,-8,568,droite,0
657,21.900,1780168764,14,126,702,droite,1
657,21.900,1780168764,24,-91,660,droite,0
657,21.900,1780168764,20,176,726,droite,1
657,21.900,1780168764,15,211,733,droite,1
657,21.900,1780168764,1,158,742,droite,0
658,21.933,1780168764,30,38,68,gauche,1
658,21.933,1780168764,42,271,95,gauche,1
658,21.933,1780168764,34,93,-28,gauche,0
658,21.933,1780168764,11,139,-1,gauche,0
658,21.933,1780168764,40,123,-21,gauche,0
658,21.933,1780168764,33,122,59,gauche,1
658,21.933,1780168764,18,159,-19,gauche,0
658,21.933,1780168764,38,35,-53,gauche,0
658,21.933,1780168764,4,-19,444,droite,0
658,21.933,1780168764,22,108,610,droite,1
658,21.933,1780168764,14,125,702,droite,1
658,21.933,1780168764,2,272,565,droite,1
658,21.933,1780168764,11,-9,568,droite,0
658,21.933,1780168764,24,-90,659,droite,0
658,21.933,1780168764,20,175,726,droite,1
658,21.933,1780168764,17,328,657,droite,1
658,21.933,1780168764,15,210,734,droite,1
658,21.933,1780168764,1,156,742,droite,0
659,21.967,1780168764,42,270,99,gauche,1
659,21.967,1780168764,30,37,68,gauche,1
659,21.967,1780168764,34,93,-27,gauche,0
659,21.967,1780168764,40,123,-20,gauche,0
659,21.967,1780168764,11,139,-1,gauche,0
659,21.967,1780168764,18,159,-19,gauche,0
659,21.967,1780168764,33,122,60,gauche,1
659,21.967,1780168764,4,-19,445,droite,0
659,21.967,1780168764,22,109,610,droite,1
659,21.967,1780168764,2,272,565,droite,1
659,21.967,1780168764,11,-9,568,droite,0
659,21.967,1780168764,14,125,702,droite,1
659,21.967,1780168764,20,175,726,droite,1
659,21.967,1780168764,17,328,658,droite,1
659,21.967,1780168764,24,-91,659,droite,0
659,21.967,1780168764,15,209,734,droite,1
659,21.967,1780168764,1,156,741,droite,0
660,22.000,1780168765,42,270,104,gauche,1
660,22.000,1780168765,11,139,-1,gauche,0
660,22.000,1780168765,34,93,-27,gauche,0
660,22.000,1780168765,18,159,-20,gauche,0
660,22.000,1780168765,40,123,-19,gauche,0
660,22.000,1780168765,33,121,59,gauche,1
660,22.000,1780168765,30,35,69,gauche,1
660,22.000,1780168765,4,-20,447,droite,0
660,22.000,1780168765,22,110,610,droite,1
660,22.000,1780168765,11,-7,563,droite,0
660,22.000,1780168765,2,272,565,droite,1
660,22.000,1780168765,14,125,703,droite,1
660,22.000,1780168765,20,175,727,droite,1
660,22.000,1780168765,17,326,656,droite,1
660,22.000,1780168765,24,-93,660,droite,0
660,22.000,1780168765,15,208,734,droite,1
660,22.000,1780168765,1,156,741,droite,0
661,22.033,1780168765,42,270,104,gauche,1
661,22.033,1780168765,11,139,-1,gauche,0
661,22.033,1780168765,34,93,-27,gauche,0
661,22.033,1780168765,18,159,-20,gauche,0
661,22.033,1780168765,33,121,59,gauche,1
661,22.033,1780168765,40,123,-19,gauche,0
661,22.033,1780168765,30,35,69,gauche,1
661,22.033,1780168765,4,-20,447,droite,0
661,22.033,1780168765,22,110,610,droite,1
661,22.033,1780168765,11,-7,563,droite,0
661,22.033,1780168765,2,272,565,droite,1
661,22.033,1780168765,14,125,703,droite,1
661,22.033,1780168765,20,175,727,droite,1
661,22.033,1780168765,17,326,656,droite,1
661,22.033,1780168765,24,-93,660,droite,0
661,22.033,1780168765,15,208,734,droite,1
661,22.033,1780168765,1,156,741,droite,0
662,22.067,1780168765,42,273,103,gauche,1
662,22.067,1780168765,30,34,69,gauche,1
662,22.067,1780168765,34,93,-28,gauche,0
662,22.067,1780168765,11,139,-1,gauche,0
662,22.067,1780168765,18,159,-19,gauche,0
662,22.067,1780168765,33,122,61,gauche,1
662,22.067,1780168765,40,123,-18,gauche,0
662,22.067,1780168765,38,8,-54,gauche,0
662,22.067,1780168765,4,-20,449,droite,0
662,22.067,1780168765,22,111,610,droite,1
662,22.067,1780168765,11,-6,558,droite,0
662,22.067,1780168765,2,272,565,droite,1
662,22.067,1780168765,14,125,704,droite,1
662,22.067,1780168765,17,325,656,droite,1
662,22.067,1780168765,20,174,727,droite,1
662,22.067,1780168765,15,207,734,droite,1
662,22.067,1780168765,24,-94,660,droite,0
662,22.067,1780168765,1,156,741,droite,0
663,22.100,1780168765,42,273,105,gauche,1
663,22.100,1780168765,33,122,64,gauche,1
663,22.100,1780168765,30,32,68,gauche,1
663,22.100,1780168765,34,93,-27,gauche,0
663,22.100,1780168765,11,139,-1,gauche,0
663,22.100,1780168765,18,159,-20,gauche,0
663,22.100,1780168765,40,123,-18,gauche,0
663,22.100,1780168765,38,8,-54,gauche,0
663,22.100,1780168765,4,-21,450,droite,0
663,22.100,1780168765,11,-5,554,droite,0
663,22.100,1780168765,22,113,604,droite,1
663,22.100,1780168765,17,323,655,droite,1
663,22.100,1780168765,2,272,565,droite,1
663,22.100,1780168765,14,125,706,droite,1
663,22.100,1780168765,20,174,729,droite,1
663,22.100,1780168765,1,156,740,droite,0
663,22.100,1780168765,15,206,734,droite,1
663,22.100,1780168765,24,-95,661,droite,0
664,22.133,1780168765,42,274,105,gauche,1
664,22.133,1780168765,33,123,70,gauche,1
664,22.133,1780168765,30,30,68,gauche,1
664,22.133,1780168765,11,139,-1,gauche,0
664,22.133,1780168765,34,93,-27,gauche,0
664,22.133,1780168765,18,159,-20,gauche,0
664,22.133,1780168765,40,123,-18,gauche,0
664,22.133,1780168765,38,7,-54,gauche,0
664,22.133,1780168765,4,-21,451,droite,0
664,22.133,1780168765,11,-4,552,droite,0
664,22.133,1780168765,22,115,600,droite,1
664,22.133,1780168765,2,272,565,droite,1
664,22.133,1780168765,14,125,707,droite,1
664,22.133,1780168765,17,321,655,droite,1
664,22.133,1780168765,20,173,731,droite,1
664,22.133,1780168765,15,205,734,droite,1
664,22.133,1780168765,1,156,740,droite,0
664,22.133,1780168765,24,-97,661,droite,0
665,22.167,1780168765,42,276,104,gauche,1
665,22.167,1780168765,33,123,75,gauche,1
665,22.167,1780168765,30,29,68,gauche,1
665,22.167,1780168765,11,139,-1,gauche,0
665,22.167,1780168765,18,159,-20,gauche,0
665,22.167,1780168765,34,93,-28,gauche,0
665,22.167,1780168765,40,123,-18,gauche,0
665,22.167,1780168765,38,7,-54,gauche,0
665,22.167,1780168765,4,-21,451,droite,0
665,22.167,1780168765,11,-4,550,droite,0
665,22.167,1780168765,14,125,708,droite,1
665,22.167,1780168765,2,272,565,droite,1
665,22.167,1780168765,22,116,596,droite,1
665,22.167,1780168765,20,173,734,droite,1
665,22.167,1780168765,15,205,734,droite,1
665,22.167,1780168765,17,319,654,droite,1
665,22.167,1780168765,1,155,740,droite,0
665,22.167,1780168765,24,-99,661,droite,0
666,22.200,1780168765,42,277,104,gauche,1
666,22.200,1780168765,33,124,78,gauche,1
666,22.200,1780168765,30,29,69,gauche,1
666,22.200,1780168765,11,139,-1,gauche,0
666,22.200,1780168765,18,160,-20,gauche,0
666,22.200,1780168765,34,93,-28,gauche,0
666,22.200,1780168765,40,123,-18,gauche,0
666,22.200,1780168765,39,473,394,gauche,0
666,22.200,1780168765,43,472,393,gauche,0
666,22.200,1780168765,4,-21,452,droite,0
666,22.200,1780168765,11,-5,550,droite,0
666,22.200,1780168765,2,272,565,droite,1
666,22.200,1780168765,22,117,591,droite,1
666,22.200,1780168765,14,126,710,droite,1
666,22.200,1780168765,15,204,734,droite,1
666,22.200,1780168765,17,318,654,droite,1
666,22.200,1780168765,20,172,736,droite,0
666,22.200,1780168765,1,154,740,droite,0
666,22.200,1780168765,24,-98,657,droite,0
667,22.233,1780168765,42,277,104,gauche,1
667,22.233,1780168765,33,124,78,gauche,1
667,22.233,1780168765,30,29,69,gauche,1
667,22.233,1780168765,11,139,-1,gauche,0
667,22.233,1780168765,18,160,-20,gauche,0
667,22.233,1780168765,34,93,-28,gauche,0
667,22.233,1780168765,40,123,-18,gauche,0
667,22.233,1780168765,39,473,394,gauche,0
667,22.233,1780168765,4,-21,452,droite,0
667,22.233,1780168765,11,-5,550,droite,0
667,22.233,1780168765,2,272,565,droite,1
667,22.233,1780168765,22,117,591,droite,1
667,22.233,1780168765,14,126,710,droite,1
667,22.233,1780168765,15,204,734,droite,1
667,22.233,1780168765,17,318,654,droite,1
667,22.233,1780168765,20,172,736,droite,0
667,22.233,1780168765,1,154,740,droite,0
667,22.233,1780168765,24,-98,657,droite,0
668,22.267,1780168765,42,276,107,gauche,1
668,22.267,1780168765,33,124,82,gauche,1
668,22.267,1780168765,30,29,72,gauche,1
668,22.267,1780168765,11,139,-1,gauche,0
668,22.267,1780168765,18,161,-19,gauche,0
668,22.267,1780168765,34,93,-28,gauche,0
668,22.267,1780168765,40,123,-18,gauche,0
668,22.267,1780168765,39,472,394,gauche,0
668,22.267,1780168765,4,-21,452,droite,0
668,22.267,1780168765,11,-5,550,droite,0
668,22.267,1780168765,22,119,588,droite,1
668,22.267,1780168765,2,272,565,droite,1
668,22.267,1780168765,17,318,656,droite,1
668,22.267,1780168765,15,203,735,droite,1
668,22.267,1780168765,14,125,713,droite,1
668,22.267,1780168765,20,172,740,droite,0
668,22.267,1780168765,1,153,741,droite,0
668,22.267,1780168765,24,-96,652,droite,0
668,22.267,1780168765,26,-136,482,droite,0
669,22.300,1780168765,42,276,111,gauche,1
669,22.300,1780168765,33,124,83,gauche,1
669,22.300,1780168765,30,30,77,gauche,1
669,22.300,1780168765,11,139,-1,gauche,0
669,22.300,1780168765,34,93,-28,gauche,0
669,22.300,1780168765,18,161,-20,gauche,0
669,22.300,1780168765,40,123,-18,gauche,0
669,22.300,1780168765,39,472,394,gauche,0
669,22.300,1780168765,4,-21,452,droite,0
669,22.300,1780168765,11,-6,550,droite,0
669,22.300,1780168765,2,272,565,droite,1
669,22.300,1780168765,17,318,659,droite,1
669,22.300,1780168765,22,120,586,droite,1
669,22.300,1780168765,15,203,736,droite,0
669,22.300,1780168765,14,126,717,droite,1
669,22.300,1780168765,20,172,741,droite,0
669,22.300,1780168765,1,151,740,droite,0
669,22.300,1780168765,24,-96,651,droite,0
669,22.300,1780168765,26,-136,482,droite,0
670,22.333,1780168765,42,275,117,gauche,1
670,22.333,1780168765,30,30,78,gauche,1
670,22.333,1780168765,33,125,84,gauche,1
670,22.333,1780168765,11,140,-1,gauche,0
670,22.333,1780168765,34,93,-28,gauche,0
670,22.333,1780168765,18,161,-19,gauche,0
670,22.333,1780168765,40,123,-18,gauche,0
670,22.333,1780168765,39,472,394,gauche,0
670,22.333,1780168765,4,-21,452,droite,0
670,22.333,1780168765,11,-6,549,droite,0
670,22.333,1780168765,2,272,565,droite,1
670,22.333,1780168765,17,318,661,droite,1
670,22.333,1780168765,22,120,584,droite,1
670,22.333,1780168765,14,126,719,droite,1
670,22.333,1780168765,15,203,737,droite,0
670,22.333,1780168765,20,171,742,droite,0
670,22.333,1780168765,24,-96,650,droite,0
670,22.333,1780168765,1,150,741,droite,0
671,22.367,1780168765,42,276,118,gauche,1
671,22.367,1780168765,30,29,82,gauche,1
671,22.367,1780168765,33,125,84,gauche,1
671,22.367,1780168765,11,140,-1,gauche,0
671,22.367,1780168765,34,93,-28,gauche,0
671,22.367,1780168765,18,161,-19,gauche,0
671,22.367,1780168765,40,123,-18,gauche,0
671,22.367,1780168765,4,-21,452,droite,0
671,22.367,1780168765,11,-7,549,droite,0
671,22.367,1780168765,22,121,582,droite,1
671,22.367,1780168765,2,272,565,droite,1
671,22.367,1780168765,17,318,663,droite,1
671,22.367,1780168765,14,126,720,droite,1
671,22.367,1780168765,15,203,738,droite,0
671,22.367,1780168765,20,171,742,droite,0
671,22.367,1780168765,24,-94,647,droite,0
671,22.367,1780168765,1,149,743,droite,0
672,22.400,1780168765,30,29,83,gauche,1
672,22.400,1780168765,42,276,118,gauche,1
672,22.400,1780168765,33,125,86,gauche,1
672,22.400,1780168765,11,140,-1,gauche,0
672,22.400,1780168765,34,93,-28,gauche,0
672,22.400,1780168765,18,161,-20,gauche,0
672,22.400,1780168765,40,123,-18,gauche,0
672,22.400,1780168765,39,475,394,gauche,0
672,22.400,1780168765,4,-20,452,droite,0
672,22.400,1780168765,22,122,582,droite,1
672,22.400,1780168765,11,-7,549,droite,0
672,22.400,1780168765,2,272,565,droite,1
672,22.400,1780168765,14,126,720,droite,1
672,22.400,1780168765,24,-94,645,droite,0
672,22.400,1780168765,15,203,741,droite,0
672,22.400,1780168765,17,318,668,droite,1
672,22.400,1780168765,20,171,742,droite,0
672,22.400,1780168765,1,149,738,droite,0
672,22.400,1780168765,26,-136,482,droite,0
673,22.433,1780168765,30,29,83,gauche,1
673,22.433,1780168765,42,276,118,gauche,1
673,22.433,1780168765,33,125,86,gauche,1
673,22.433,1780168765,11,140,-1,gauche,0
673,22.433,1780168765,34,93,-28,gauche,0
673,22.433,1780168765,18,161,-20,gauche,0
673,22.433,1780168765,40,123,-18,gauche,0
673,22.433,1780168765,39,475,394,gauche,0
673,22.433,1780168765,4,-20,452,droite,0
673,22.433,1780168765,11,-7,549,droite,0
673,22.433,1780168765,22,122,582,droite,1
673,22.433,1780168765,2,272,565,droite,1
673,22.433,1780168765,14,126,720,droite,1
673,22.433,1780168765,24,-94,645,droite,0
673,22.433,1780168765,15,203,741,droite,0
673,22.433,1780168765,17,318,668,droite,1
673,22.433,1780168765,20,171,742,droite,0
673,22.433,1780168765,1,148,738,droite,0
673,22.433,1780168765,26,-136,482,droite,0
674,22.467,1780168765,42,277,118,gauche,1
674,22.467,1780168765,30,30,85,gauche,1
674,22.467,1780168765,33,125,92,gauche,1
674,22.467,1780168765,11,139,-1,gauche,0
674,22.467,1780168765,34,93,-28,gauche,0
674,22.467,1780168765,18,160,-20,gauche,0
674,22.467,1780168765,40,123,-18,gauche,0
674,22.467,1780168765,39,475,394,gauche,0
674,22.467,1780168765,4,-20,452,droite,0
674,22.467,1780168765,22,123,582,droite,1
674,22.467,1780168765,11,-7,547,droite,0
674,22.467,1780168765,2,272,565,droite,1
674,22.467,1780168765,14,126,720,droite,1
674,22.467,1780168765,24,-94,643,droite,0
674,22.467,1780168765,17,318,670,droite,1
674,22.467,1780168765,20,170,742,droite,0
674,22.467,1780168765,15,203,747,droite,0
674,22.467,1780168765,1,148,736,droite,0
674,22.467,1780168765,26,-135,482,droite,0
675,22.500,1780168765,33,126,99,gauche,1
675,22.500,1780168765,30,30,86,gauche,1
675,22.500,1780168765,42,277,118,gauche,1
675,22.500,1780168765,11,140,-1,gauche,0
675,22.500,1780168765,18,160,-19,gauche,0
675,22.500,1780168765,34,93,-28,gauche,0
675,22.500,1780168765,40,123,-18,gauche,0
675,22.500,1780168765,39,474,395,gauche,0
675,22.500,1780168765,38,7,-55,gauche,0
675,22.500,1780168765,4,-20,453,droite,0
675,22.500,1780168765,22,123,582,droite,1
675,22.500,1780168765,2,272,565,droite,1
675,22.500,1780168765,11,-6,544,droite,0
675,22.500,1780168765,24,-94,643,droite,0
675,22.500,1780168765,14,126,720,droite,1
675,22.500,1780168765,17,318,671,droite,1
675,22.500,1780168765,20,170,741,droite,0
675,22.500,1780168765,15,203,746,droite,0
675,22.500,1780168765,1,148,735,droite,1
676,22.533,1780168765,42,277,118,gauche,1
676,22.533,1780168765,33,126,103,gauche,1
676,22.533,1780168765,30,29,87,gauche,1
676,22.533,1780168765,11,140,-1,gauche,0
676,22.533,1780168765,34,93,-28,gauche,0
676,22.533,1780168765,18,160,-19,gauche,0
676,22.533,1780168765,40,123,-18,gauche,0
676,22.533,1780168765,39,474,395,gauche,0
676,22.533,1780168765,4,-20,453,droite,0
676,22.533,1780168765,22,123,582,droite,1
676,22.533,1780168765,2,272,565,droite,1
676,22.533,1780168765,11,-5,540,droite,0
676,22.533,1780168765,17,316,671,droite,1
676,22.533,1780168765,24,-95,643,droite,0
676,22.533,1780168765,14,127,721,droite,1
676,22.533,1780168765,20,170,742,droite,0
676,22.533,1780168765,1,147,735,droite,1
676,22.533,1780168765,15,202,747,droite,0
677,22.567,1780168765,42,278,118,gauche,1
677,22.567,1780168765,33,126,107,gauche,1
677,22.567,1780168765,30,28,87,gauche,1
677,22.567,1780168765,11,140,-1,gauche,0
677,22.567,1780168765,34,93,-28,gauche,0
677,22.567,1780168765,40,123,-18,gauche,0
677,22.567,1780168765,18,160,-19,gauche,0
677,22.567,1780168765,39,474,395,gauche,0
677,22.567,1780168765,4,-20,454,droite,0
677,22.567,1780168765,22,122,582,droite,1
677,22.567,1780168765,2,272,565,droite,1
677,22.567,1780168765,11,-5,539,droite,0
677,22.567,1780168765,17,315,671,droite,1
677,22.567,1780168765,20,169,742,droite,0
677,22.567,1780168765,1,146,736,droite,0
677,22.567,1780168765,14,126,721,droite,1
677,22.567,1780168765,24,-96,643,droite,0
677,22.567,1780168765,15,201,748,droite,0
678,22.600,1780168765,42,280,118,gauche,1
678,22.600,1780168765,33,126,108,gauche,1
678,22.600,1780168765,30,27,87,gauche,1
678,22.600,1780168765,34,93,-28,gauche,0
678,22.600,1780168765,18,160,-19,gauche,0
678,22.600,1780168765,11,140,-1,gauche,0
678,22.600,1780168765,40,123,-18,gauche,0
678,22.600,1780168765,39,474,395,gauche,0
678,22.600,1780168765,38,28,-61,gauche,0
678,22.600,1780168765,4,-20,455,droite,0
678,22.600,1780168765,22,122,581,droite,1
678,22.600,1780168765,2,272,565,droite,1
678,22.600,1780168765,11,-5,537,droite,0
678,22.600,1780168765,17,315,671,droite,1
678,22.600,1780168765,20,169,742,droite,0
678,22.600,1780168765,1,146,737,droite,0
678,22.600,1780168765,15,201,748,droite,0
678,22.600,1780168765,14,127,722,droite,1
678,22.600,1780168765,24,-96,643,droite,0
679,22.633,1780168765,42,280,118,gauche,1
679,22.633,1780168765,33,126,108,gauche,1
679,22.633,1780168765,30,27,87,gauche,1
679,22.633,1780168765,34,93,-28,gauche,0
679,22.633,1780168765,18,160,-19,gauche,0
679,22.633,1780168765,11,140,-1,gauche,0
679,22.633,1780168765,40,123,-18,gauche,0
679,22.633,1780168765,39,474,395,gauche,0
679,22.633,1780168765,38,28,-61,gauche,0
679,22.633,1780168765,4,-20,455,droite,0
679,22.633,1780168765,22,122,581,droite,1
679,22.633,1780168765,2,272,565,droite,1
679,22.633,1780168765,11,-5,537,droite,0
679,22.633,1780168765,17,314,671,droite,1
679,22.633,1780168765,20,169,742,droite,0
679,22.633,1780168765,1,146,737,droite,0
679,22.633,1780168765,15,201,748,droite,0
679,22.633,1780168765,14,127,722,droite,1
679,22.633,1780168765,24,-96,643,droite,0
680,22.667,1780168765,42,281,118,gauche,1
680,22.667,1780168765,33,126,108,gauche,1
680,22.667,1780168765,30,25,87,gauche,1
680,22.667,1780168765,34,93,-28,gauche,0
680,22.667,1780168765,11,140,-1,gauche,0
680,22.667,1780168765,18,161,-19,gauche,0
680,22.667,1780168765,40,123,-18,gauche,0
680,22.667,1780168765,39,474,395,gauche,0
680,22.667,1780168765,4,-20,456,droite,0
680,22.667,1780168765,22,122,582,droite,1
680,22.667,1780168765,11,-5,537,droite,0
680,22.667,1780168765,2,272,565,droite,1
680,22.667,1780168765,17,313,670,droite,1
680,22.667,1780168765,20,169,742,droite,0
680,22.667,1780168765,1,146,738,droite,0
680,22.667,1780168765,15,200,749,droite,0
680,22.667,1780168765,14,127,724,droite,1
680,22.667,1780168765,24,-97,643,droite,0
681,22.700,1780168765,42,280,121,gauche,1
681,22.700,1780168765,33,127,108,gauche,1
681,22.700,1780168765,30,23,87,gauche,1
681,22.700,1780168765,11,140,-1,gauche,0
681,22.700,1780168765,34,93,-28,gauche,0
681,22.700,1780168765,18,161,-19,gauche,0
681,22.700,1780168765,40,123,-18,gauche,0
681,22.700,1780168765,39,474,395,gauche,0
681,22.700,1780168765,4,-21,457,droite,0
681,22.700,1780168765,22,121,582,droite,1
681,22.700,1780168765,11,-5,537,droite,0
681,22.700,1780168765,2,272,565,droite,1
681,22.700,1780168765,17,313,671,droite,1
681,22.700,1780168765,1,146,736,droite,0
681,22.700,1780168765,20,169,743,droite,0
681,22.700,1780168765,15,199,749,droite,0
681,22.700,1780168765,24,-97,644,droite,0
681,22.700,1780168765,14,127,725,droite,1
682,22.733,1780168765,42,281,125,gauche,1
682,22.733,1780168765,33,128,109,gauche,1
682,22.733,1780168765,30,21,87,gauche,1
682,22.733,1780168765,34,93,-28,gauche,0
682,22.733,1780168765,11,140,-1,gauche,0
682,22.733,1780168765,18,161,-19,gauche,0
682,22.733,1780168765,40,124,-18,gauche,0
682,22.733,1780168765,39,474,395,gauche,0
682,22.733,1780168765,4,-22,459,droite,0
682,22.733,1780168765,22,121,582,droite,1
682,22.733,1780168765,17,312,671,droite,1
682,22.733,1780168765,11,-5,537,droite,0
682,22.733,1780168765,2,272,565,droite,1
682,22.733,1780168765,24,-97,643,droite,0
682,22.733,1780168765,1,145,734,droite,1
682,22.733,1780168765,20,168,745,droite,0
682,22.733,1780168765,14,127,727,droite,1
682,22.733,1780168765,15,198,749,droite,0
683,22.767,1780168765,42,280,129,gauche,1
683,22.767,1780168765,33,128,111,gauche,1
683,22.767,1780168765,30,20,88,gauche,1
683,22.767,1780168765,34,92,-28,gauche,0
683,22.767,1780168765,11,140,-1,gauche,0
683,22.767,1780168765,18,162,-20,gauche,0
683,22.767,1780168765,40,124,-18,gauche,0
683,22.767,1780168765,39,474,395,gauche,0
683,22.767,1780168765,4,-22,462,droite,0
683,22.767,1780168765,22,121,581,droite,1
683,22.767,1780168765,17,311,671,droite,1
683,22.767,1780168765,11,-5,537,droite,0
683,22.767,1780168765,2,272,565,droite,1
683,22.767,1780168765,24,-95,637,droite,0
683,22.767,1780168765,1,145,734,droite,1
683,22.767,1780168765,20,168,746,droite,0
683,22.767,1780168765,15,197,749,droite,0
683,22.767,1780168765,14,126,735,droite,1
683,22.767,1780168765,26,-135,482,droite,0
684,22.800,1780168765,42,280,130,gauche,1
684,22.800,1780168765,33,129,117,gauche,1
684,22.800,1780168765,30,20,92,gauche,1
684,22.800,1780168765,34,93,-28,gauche,0
684,22.800,1780168765,11,140,-1,gauche,0
684,22.800,1780168765,18,163,-20,gauche,0
684,22.800,1780168765,40,123,-18,gauche,0
684,22.800,1780168765,38,25,-64,gauche,0
684,22.800,1780168765,4,-23,464,droite,0
684,22.800,1780168765,17,311,673,droite,1
684,22.800,1780168765,11,-5,537,droite,0
684,22.800,1780168765,22,121,579,droite,1
684,22.800,1780168765,2,272,565,droite,1
684,22.800,1780168765,24,-93,633,droite,0
684,22.800,1780168765,20,167,750,droite,0
684,22.800,1780168765,15,197,749,droite,0
684,22.800,1780168765,1,144,734,droite,1
684,22.800,1780168765,14,127,736,droite,0
684,22.800,1780168765,27,-116,452,droite,0
684,22.800,1780168765,26,-136,483,droite,0
685,22.833,1780168765,42,280,130,gauche,1
685,22.833,1780168765,33,129,117,gauche,1
685,22.833,1780168765,30,20,92,gauche,1
685,22.833,1780168765,34,93,-28,gauche,0
685,22.833,1780168765,11,140,-1,gauche,0
685,22.833,1780168765,18,163,-20,gauche,0
685,22.833,1780168765,40,123,-18,gauche,0
685,22.833,1780168765,38,25,-64,gauche,0
685,22.833,1780168765,39,472,394,gauche,0
685,22.833,1780168765,4,-23,464,droite,0
685,22.833,1780168765,17,311,673,droite,1
685,22.833,1780168765,22,121,579,droite,1
685,22.833,1780168765,11,-5,537,droite,0
685,22.833,1780168765,2,272,565,droite,1
685,22.833,1780168765,24,-93,633,droite,0
685,22.833,1780168765,20,167,751,droite,0
685,22.833,1780168765,15,197,749,droite,0
685,22.833,1780168765,1,144,734,droite,1
685,22.833,1780168765,14,127,736,droite,0
685,22.833,1780168765,27,-116,452,droite,0
685,22.833,1780168765,26,-136,483,droite,0
686,22.867,1780168765,42,281,131,gauche,1
686,22.867,1780168765,30,20,96,gauche,1
686,22.867,1780168765,33,131,122,gauche,1
686,22.867,1780168765,34,93,-28,gauche,0
686,22.867,1780168765,18,163,-19,gauche,0
686,22.867,1780168765,11,140,-1,gauche,0
686,22.867,1780168765,40,124,-18,gauche,0
686,22.867,1780168765,38,25,-65,gauche,0
686,22.867,1780168765,4,-23,467,droite,0
686,22.867,1780168765,22,121,577,droite,1
686,22.867,1780168765,11,-5,537,droite,0
686,22.867,1780168765,17,310,675,droite,1
686,22.867,1780168765,2,272,565,droite,1
686,22.867,1780168765,24,-92,630,droite,0
686,22.867,1780168765,20,166,753,droite,0
686,22.867,1780168765,1,143,733,droite,1
686,22.867,1780168765,15,197,749,droite,0
686,22.867,1780168765,26,-135,482,droite,0
687,22.900,1780168765,42,281,131,gauche,1
687,22.900,1780168765,30,21,100,gauche,1
687,22.900,1780168765,33,132,128,gauche,1
687,22.900,1780168765,34,93,-28,gauche,0
687,22.900,1780168765,18,164,-19,gauche,0
687,22.900,1780168765,11,140,0,gauche,1
687,22.900,1780168765,40,124,-18,gauche,0
687,22.900,1780168765,4,-23,469,droite,0
687,22.900,1780168765,22,121,576,droite,1
687,22.900,1780168765,11,-5,536,droite,0
687,22.900,1780168765,17,309,675,droite,1
687,22.900,1780168765,2,272,565,droite,1
687,22.900,1780168765,24,-91,629,droite,0
687,22.900,1780168765,1,143,734,droite,1
687,22.900,1780168765,20,166,754,droite,0
687,22.900,1780168765,15,197,750,droite,0
687,22.900,1780168765,26,-135,481,droite,0
687,22.900,1780168765,14,127,736,droite,0
688,22.933,1780168765,42,282,131,gauche,1
688,22.933,1780168765,33,132,132,gauche,1
688,22.933,1780168765,30,21,102,gauche,1
688,22.933,1780168765,34,93,-28,gauche,0
688,22.933,1780168765,18,164,-19,gauche,0
688,22.933,1780168765,11,139,-1,gauche,0
688,22.933,1780168765,40,124,-18,gauche,0
688,22.933,1780168765,4,-22,469,droite,0
688,22.933,1780168765,22,120,575,droite,1
688,22.933,1780168765,11,-4,533,droite,0
688,22.933,1780168765,2,272,565,droite,1
688,22.933,1780168765,17,308,680,droite,1
688,22.933,1780168765,24,-91,628,droite,0
688,22.933,1780168765,1,142,733,droite,1
688,22.933,1780168765,20,165,755,droite,0
688,22.933,1780168765,26,-135,481,droite,0
688,22.933,1780168765,15,197,752,droite,0
688,22.933,1780168765,14,127,736,droite,0
689,22.967,1780168765,42,282,131,gauche,1
689,22.967,1780168765,33,132,131,gauche,1
689,22.967,1780168765,30,22,105,gauche,1
689,22.967,1780168765,34,93,-28,gauche,0
689,22.967,1780168765,18,164,-19,gauche,0
689,22.967,1780168765,11,139,-1,gauche,0
689,22.967,1780168765,40,124,-18,gauche,0
689,22.967,1780168765,39,472,395,gauche,0
689,22.967,1780168765,4,-21,469,droite,0
689,22.967,1780168765,22,120,575,droite,1
689,22.967,1780168765,11,-3,530,droite,0
689,22.967,1780168765,2,272,565,droite,1
689,22.967,1780168765,17,308,683,droite,1
689,22.967,1780168765,24,-90,625,droite,0
689,22.967,1780168765,1,141,733,droite,1
689,22.967,1780168765,20,165,755,droite,0
689,22.967,1780168765,15,197,753,droite,0
689,22.967,1780168765,26,-135,481,droite,0
689,22.967,1780168765,14,127,736,droite,0
690,23.000,1780168766,42,283,132,gauche,1
690,23.000,1780168766,30,21,105,gauche,1
690,23.000,1780168766,33,132,132,gauche,1
690,23.000,1780168766,34,93,-28,gauche,0
690,23.000,1780168766,18,164,-20,gauche,0
690,23.000,1780168766,11,139,-1,gauche,0
690,23.000,1780168766,40,124,-18,gauche,0
690,23.000,1780168766,39,472,395,gauche,0
690,23.000,1780168766,4,-21,469,droite,0
690,23.000,1780168766,22,119,575,droite,1
690,23.000,1780168766,11,-2,528,droite,0
690,23.000,1780168766,2,272,565,droite,1
690,23.000,1780168766,24,-89,623,droite,0
690,23.000,1780168766,17,309,688,droite,1
690,23.000,1780168766,20,165,755,droite,0
690,23.000,1780168766,1,141,734,droite,1
690,23.000,1780168766,15,196,755,droite,0
690,23.000,1780168766,26,-135,481,droite,0
690,23.000,1780168766,14,128,735,droite,1
691,23.033,1780168766,42,283,132,gauche,1
691,23.033,1780168766,33,132,132,gauche,1
691,23.033,1780168766,30,21,105,gauche,1
691,23.033,1780168766,34,93,-28,gauche,0
691,23.033,1780168766,18,164,-20,gauche,0
691,23.033,1780168766,11,139,-1,gauche,0
691,23.033,1780168766,40,124,-18,gauche,0
691,23.033,1780168766,39,472,395,gauche,0
691,23.033,1780168766,4,-21,469,droite,0
691,23.033,1780168766,22,119,575,droite,1
691,23.033,1780168766,11,-2,528,droite,0
691,23.033,1780168766,2,272,565,droite,1
691,23.033,1780168766,24,-89,623,droite,0
691,23.033,1780168766,17,309,688,droite,1
691,23.033,1780168766,20,165,755,droite,0
691,23.033,1780168766,1,141,734,droite,1
691,23.033,1780168766,15,196,755,droite,0
691,23.033,1780168766,26,-135,481,droite,0
691,23.033,1780168766,14,128,735,droite,1
692,23.067,1780168766,42,283,132,gauche,1
692,23.067,1780168766,33,132,131,gauche,1
692,23.067,1780168766,30,21,107,gauche,1
692,23.067,1780168766,34,93,-28,gauche,0
692,23.067,1780168766,18,164,-20,gauche,0
692,23.067,1780168766,11,139,-1,gauche,0
692,23.067,1780168766,40,124,-17,gauche,0
692,23.067,1780168766,39,472,395,gauche,0
692,23.067,1780168766,38,8,-55,gauche,0
692,23.067,1780168766,4,-20,469,droite,0
692,23.067,1780168766,22,119,575,droite,1
692,23.067,1780168766,11,-1,526,droite,0
692,23.067,1780168766,2,272,565,droite,1
692,23.067,1780168766,24,-90,623,droite,0
692,23.067,1780168766,17,308,689,droite,1
692,23.067,1780168766,20,165,755,droite,0
692,23.067,1780168766,1,140,734,droite,1
692,23.067,1780168766,15,196,756,droite,0
692,23.067,1780168766,14,128,735,droite,1
692,23.067,1780168766,26,-135,482,droite,0
693,23.100,1780168766,42,284,132,gauche,1
693,23.100,1780168766,33,132,133,gauche,1
693,23.100,1780168766,30,19,106,gauche,1
693,23.100,1780168766,34,93,-28,gauche,0
693,23.100,1780168766,18,164,-20,gauche,0
693,23.100,1780168766,11,138,-2,gauche,0
693,23.100,1780168766,40,124,-17,gauche,0
693,23.100,1780168766,39,481,372,gauche,0
693,23.100,1780168766,22,119,575,droite,1
693,23.100,1780168766,4,-20,469,droite,0
693,23.100,1780168766,11,-1,526,droite,0
693,23.100,1780168766,2,272,565,droite,1
693,23.100,1780168766,24,-90,622,droite,0
693,23.100,1780168766,17,306,687,droite,1
693,23.100,1780168766,20,165,755,droite,0
693,23.100,1780168766,1,140,734,droite,1
693,23.100,1780168766,14,128,734,droite,1
693,23.100,1780168766,15,196,757,droite,0
693,23.100,1780168766,26,-135,481,droite,0
694,23.133,1780168766,42,285,132,gauche,1
694,23.133,1780168766,30,18,106,gauche,1
694,23.133,1780168766,33,133,132,gauche,1
694,23.133,1780168766,34,93,-28,gauche,0
694,23.133,1780168766,18,164,-21,gauche,0
694,23.133,1780168766,11,138,-2,gauche,0
694,23.133,1780168766,40,123,-18,gauche,0
694,23.133,1780168766,39,481,373,gauche,0
694,23.133,1780168766,4,-20,469,droite,0
694,23.133,1780168766,22,119,575,droite,1
694,23.133,1780168766,11,-1,527,droite,0
694,23.133,1780168766,2,272,565,droite,1
694,23.133,1780168766,17,305,687,droite,1
694,23.133,1780168766,24,-91,622,droite,0
694,23.133,1780168766,20,165,755,droite,0
694,23.133,1780168766,1,139,733,droite,1
694,23.133,1780168766,15,194,757,droite,0
694,23.133,1780168766,14,128,734,droite,1
694,23.133,1780168766,26,-134,480,droite,0
695,23.167,1780168766,33,134,143,gauche,1
695,23.167,1780168766,42,285,132,gauche,1
695,23.167,1780168766,30,17,106,gauche,1
695,23.167,1780168766,34,92,-28,gauche,0
695,23.167,1780168766,18,165,-21,gauche,0
695,23.167,1780168766,11,138,-1,gauche,0
695,23.167,1780168766,40,123,-18,gauche,0
695,23.167,1780168766,39,481,373,gauche,0
695,23.167,1780168766,44,472,394,gauche,0
695,23.167,1780168766,22,119,575,droite,1
695,23.167,1780168766,4,-19,469,droite,0
695,23.167,1780168766,11,-1,526,droite,0
695,23.167,1780168766,2,272,565,droite,1
695,23.167,1780168766,17,303,687,droite,1
695,23.167,1780168766,20,165,755,droite,0
695,23.167,1780168766,1,139,733,droite,1
695,23.167,1780168766,24,-92,622,droite,0
695,23.167,1780168766,15,194,757,droite,0
695,23.167,1780168766,14,128,734,droite,1
695,23.167,1780168766,26,-134,480,droite,0
696,23.200,1780168766,42,285,134,gauche,1
696,23.200,1780168766,33,134,146,gauche,1
696,23.200,1780168766,34,92,-28,gauche,0
696,23.200,1780168766,30,16,106,gauche,1
696,23.200,1780168766,18,165,-21,gauche,0
696,23.200,1780168766,11,138,-1,gauche,0
696,23.200,1780168766,40,123,-18,gauche,0
696,23.200,1780168766,39,481,372,gauche,0
696,23.200,1780168766,44,472,394,gauche,0
696,23.200,1780168766,22,119,575,droite,1
696,23.200,1780168766,4,-19,470,droite,0
696,23.200,1780168766,11,-1,526,droite,0
696,23.200,1780168766,2,272,565,droite,1
696,23.200,1780168766,17,301,687,droite,1
696,23.200,1780168766,20,165,755,droite,0
696,23.200,1780168766,24,-93,622,droite,0
696,23.200,1780168766,1,139,733,droite,1
696,23.200,1780168766,15,193,756,droite,0
696,23.200,1780168766,14,127,735,droite,1
696,23.200,1780168766,26,-134,480,droite,0
697,23.233,1780168766,42,285,134,gauche,1
697,23.233,1780168766,33,134,146,gauche,1
697,23.233,1780168766,34,92,-28,gauche,0
697,23.233,1780168766,30,16,106,gauche,1
697,23.233,1780168766,18,165,-21,gauche,0
697,23.233,1780168766,11,138,-1,gauche,0
697,23.233,1780168766,40,123,-18,gauche,0
697,23.233,1780168766,39,481,372,gauche,0
697,23.233,1780168766,44,472,394,gauche,0
697,23.233,1780168766,22,119,575,droite,1
697,23.233,1780168766,4,-19,470,droite,0
697,23.233,1780168766,11,-1,526,droite,0
697,23.233,1780168766,2,272,565,droite,1
697,23.233,1780168766,17,301,687,droite,1
697,23.233,1780168766,20,165,755,droite,0
697,23.233,1780168766,24,-93,622,droite,0
697,23.233,1780168766,1,139,733,droite,1
697,23.233,1780168766,15,193,756,droite,0
697,23.233,1780168766,14,128,735,droite,1
697,23.233,1780168766,26,-134,480,droite,0
698,23.267,1780168766,42,285,138,gauche,1
698,23.267,1780168766,34,92,-28,gauche,0
698,23.267,1780168766,30,14,106,gauche,1
698,23.267,1780168766,33,133,135,gauche,1
698,23.267,1780168766,18,165,-21,gauche,0
698,23.267,1780168766,11,138,-1,gauche,0
698,23.267,1780168766,40,123,-18,gauche,0
698,23.267,1780168766,44,472,394,gauche,0
698,23.267,1780168766,39,473,394,gauche,0
698,23.267,1780168766,4,-19,470,droite,0
698,23.267,1780168766,22,119,575,droite,1
698,23.267,1780168766,11,-1,525,droite,0
698,23.267,1780168766,2,272,565,droite,1
698,23.267,1780168766,17,299,686,droite,1
698,23.267,1780168766,24,-95,622,droite,0
698,23.267,1780168766,20,164,755,droite,0
698,23.267,1780168766,1,139,733,droite,1
698,23.267,1780168766,15,193,756,droite,0
698,23.267,1780168766,26,-135,481,droite,0
698,23.267,1780168766,14,127,737,droite,0
699,23.300,1780168766,42,284,142,gauche,1
699,23.300,1780168766,30,13,106,gauche,1
699,23.300,1780168766,38,135,151,gauche,1
699,23.300,1780168766,34,92,-28,gauche,0
699,23.300,1780168766,18,166,-21,gauche,0
699,23.300,1780168766,33,132,129,gauche,1
699,23.300,1780168766,11,138,-1,gauche,0
699,23.300,1780168766,40,124,-17,gauche,0
699,23.300,1780168766,44,472,394,gauche,0
699,23.300,1780168766,4,-19,471,droite,0
699,23.300,1780168766,22,119,574,droite,1
699,23.300,1780168766,11,-1,525,droite,0
699,23.300,1780168766,2,272,565,droite,1
699,23.300,1780168766,17,298,686,droite,1
699,23.300,1780168766,24,-97,623,droite,0
699,23.300,1780168766,20,163,755,droite,0
699,23.300,1780168766,15,193,756,droite,0
699,23.300,1780168766,1,138,734,droite,1
699,23.300,1780168766,14,126,740,droite,0
699,23.300,1780168766,26,-135,481,droite,0
700,23.333,1780168766,30,14,110,gauche,1
700,23.333,1780168766,38,135,152,gauche,1
700,23.333,1780168766,42,284,142,gauche,1
700,23.333,1780168766,34,92,-28,gauche,0
700,23.333,1780168766,18,166,-21,gauche,0
700,23.333,1780168766,11,138,-1,gauche,0
700,23.333,1780168766,40,124,-16,gauche,0
700,23.333,1780168766,39,474,395,gauche,0
700,23.333,1780168766,4,-19,472,droite,0
700,23.333,1780168766,22,119,573,droite,1
700,23.333,1780168766,11,-1,525,droite,0
700,23.333,1780168766,2,272,565,droite,1
700,23.333,1780168766,17,297,687,droite,1
700,23.333,1780168766,24,-97,619,droite,0
700,23.333,1780168766,1,136,736,droite,0
700,23.333,1780168766,20,163,755,droite,0
700,23.333,1780168766,15,192,756,droite,0
700,23.333,1780168766,14,125,741,droite,0
701,23.367,1780168766,30,15,115,gauche,1
701,23.367,1780168766,42,284,142,gauche,1
701,23.367,1780168766,38,135,153,gauche,1
701,23.367,1780168766,34,92,-28,gauche,0
701,23.367,1780168766,18,166,-21,gauche,0
701,23.367,1780168766,11,138,-1,gauche,0
701,23.367,1780168766,40,124,-17,gauche,0
701,23.367,1780168766,39,474,394,gauche,0
701,23.367,1780168766,4,-20,475,droite,0
701,23.367,1780168766,22,120,572,droite,1
701,23.367,1780168766,11,-1,525,droite,0
701,23.367,1780168766,2,272,565,droite,1
701,23.367,1780168766,17,297,688,droite,1
701,23.367,1780168766,20,162,755,droite,0
701,23.367,1780168766,15,192,756,droite,0
701,23.367,1780168766,24,-95,615,droite,0
701,23.367,1780168766,1,136,734,droite,1
701,23.367,1780168766,14,124,744,droite,0
702,23.400,1780168766,30,15,118,gauche,1
702,23.400,1780168766,42,285,143,gauche,1
702,23.400,1780168766,38,135,153,gauche,1
702,23.400,1780168766,34,92,-28,gauche,0
702,23.400,1780168766,18,166,-21,gauche,0
702,23.400,1780168766,11,138,-1,gauche,0
702,23.400,1780168766,40,123,-18,gauche,0
702,23.400,1780168766,39,474,394,gauche,0
702,23.400,1780168766,44,474,393,gauche,0
702,23.400,1780168766,4,-20,476,droite,0
702,23.400,1780168766,22,119,571,droite,1
702,23.400,1780168766,11,-1,525,droite,0
702,23.400,1780168766,2,272,565,droite,1
702,23.400,1780168766,17,297,689,droite,1
702,23.400,1780168766,20,162,755,droite,0
702,23.400,1780168766,24,-94,613,droite,0
702,23.400,1780168766,15,192,756,droite,0
702,23.400,1780168766,1,136,733,droite,1
703,23.433,1780168766,30,15,118,gauche,1
703,23.433,1780168766,42,285,143,gauche,1
703,23.433,1780168766,38,135,153,gauche,1
703,23.433,1780168766,34,92,-28,gauche,0
703,23.433,1780168766,18,166,-21,gauche,0
703,23.433,1780168766,11,138,-1,gauche,0
703,23.433,1780168766,40,123,-18,gauche,0
703,23.433,1780168766,39,474,394,gauche,0
703,23.433,1780168766,44,474,393,gauche,0
703,23.433,1780168766,4,-20,476,droite,0
703,23.433,1780168766,22,119,571,droite,1
703,23.433,1780168766,11,-1,525,droite,0
703,23.433,1780168766,2,272,565,droite,1
703,23.433,1780168766,17,297,689,droite,1
703,23.433,1780168766,20,162,755,droite,0
703,23.433,1780168766,24,-94,613,droite,0
703,23.433,1780168766,15,192,756,droite,0
703,23.433,1780168766,1,136,733,droite,1
704,23.467,1780168766,30,15,119,gauche,1
704,23.467,1780168766,42,285,143,gauche,1
704,23.467,1780168766,38,134,153,gauche,1
704,23.467,1780168766,34,92,-28,gauche,0
704,23.467,1780168766,18,166,-21,gauche,0
704,23.467,1780168766,11,138,-1,gauche,0
704,23.467,1780168766,40,123,-18,gauche,0
704,23.467,1780168766,44,473,393,gauche,0
704,23.467,1780168766,39,474,394,gauche,0
704,23.467,1780168766,4,-20,477,droite,0
704,23.467,1780168766,11,0,525,droite,1
704,23.467,1780168766,22,120,570,droite,1
704,23.467,1780168766,2,272,565,droite,1
704,23.467,1780168766,17,296,690,droite,1
704,23.467,1780168766,24,-93,611,droite,0
704,23.467,1780168766,20,161,755,droite,0
704,23.467,1780168766,1,135,733,droite,1
704,23.467,1780168766,15,192,756,droite,0
705,23.500,1780168766,30,15,120,gauche,1
705,23.500,1780168766,42,285,143,gauche,1
705,23.500,1780168766,38,134,153,gauche,1
705,23.500,1780168766,34,92,-28,gauche,0
705,23.500,1780168766,18,166,-21,gauche,0
705,23.500,1780168766,11,138,-1,gauche,0
705,23.500,1780168766,40,123,-18,gauche,0
705,23.500,1780168766,39,474,394,gauche,0
705,23.500,1780168766,4,-21,480,droite,0
705,23.500,1780168766,22,120,570,droite,1
705,23.500,1780168766,11,0,525,droite,1
705,23.500,1780168766,2,272,565,droite,1
705,23.500,1780168766,17,296,695,droite,1
705,23.500,1780168766,24,-91,608,droite,0
705,23.500,1780168766,20,161,755,droite,0
705,23.500,1780168766,1,135,734,droite,1
705,23.500,1780168766,15,192,755,droite,0
706,23.533,1780168766,30,15,122,gauche,1
706,23.533,1780168766,42,285,143,gauche,1
706,23.533,1780168766,38,134,153,gauche,1
706,23.533,1780168766,34,92,-28,gauche,0
706,23.533,1780168766,18,166,-20,gauche,0
706,23.533,1780168766,11,138,-1,gauche,0
706,23.533,1780168766,40,123,-18,gauche,0
706,23.533,1780168766,4,-22,482,droite,0
706,23.533,1780168766,22,120,569,droite,1
706,23.533,1780168766,11,0,525,droite,1
706,23.533,1780168766,2,272,565,droite,1
706,23.533,1780168766,24,-90,607,droite,0
706,23.533,1780168766,17,296,698,droite,1
706,23.533,1780168766,1,135,734,droite,1
706,23.533,1780168766,15,192,755,droite,0
706,23.533,1780168766,20,160,756,droite,0
707,23.567,1780168766,30,15,125,gauche,1
707,23.567,1780168766,42,285,143,gauche,1
707,23.567,1780168766,38,134,153,gauche,1
707,23.567,1780168766,34,92,-28,gauche,0
707,23.567,1780168766,18,165,-21,gauche,0
707,23.567,1780168766,11,138,-1,gauche,0
707,23.567,1780168766,40,123,-18,gauche,0
707,23.567,1780168766,4,-23,484,droite,0
707,23.567,1780168766,11,0,525,droite,1
707,23.567,1780168766,22,121,569,droite,1
707,23.567,1780168766,2,272,565,droite,1
707,23.567,1780168766,24,-90,605,droite,0
707,23.567,1780168766,17,295,699,droite,1
707,23.567,1780168766,20,160,757,droite,0
707,23.567,1780168766,1,134,734,droite,1
707,23.567,1780168766,15,192,756,droite,0
708,23.600,1780168766,30,16,127,gauche,1
708,23.600,1780168766,38,135,153,gauche,1
708,23.600,1780168766,42,284,143,gauche,1
708,23.600,1780168766,34,93,-28,gauche,0
708,23.600,1780168766,11,138,-1,gauche,0
708,23.600,1780168766,18,165,-21,gauche,0
708,23.600,1780168766,40,123,-18,gauche,0
708,23.600,1780168766,44,473,393,gauche,0
708,23.600,1780168766,4,-23,485,droite,0
708,23.600,1780168766,22,121,569,droite,1
708,23.600,1780168766,11,0,525,droite,1
708,23.600,1780168766,2,272,565,droite,1
708,23.600,1780168766,24,-90,605,droite,0
708,23.600,1780168766,20,160,757,droite,0
708,23.600,1780168766,17,294,699,droite,1
708,23.600,1780168766,1,134,735,droite,1
708,23.600,1780168766,15,193,756,droite,0
709,23.633,1780168766,30,16,127,gauche,1
709,23.633,1780168766,38,135,153,gauche,1
709,23.633,1780168766,42,284,143,gauche,1
709,23.633,1780168766,34,93,-28,gauche,0
709,23.633,1780168766,11,138,-1,gauche,0
709,23.633,1780168766,18,165,-21,gauche,0
709,23.633,1780168766,40,123,-18,gauche,0
709,23.633,1780168766,44,473,393,gauche,0
709,23.633,1780168766,4,-23,485,droite,0
709,23.633,1780168766,22,121,569,droite,1
709,23.633,1780168766,11,0,525,droite,1
709,23.633,1780168766,2,272,565,droite,1
709,23.633,1780168766,24,-90,605,droite,0
709,23.633,1780168766,20,160,757,droite,0
709,23.633,1780168766,17,294,699,droite,1
709,23.633,1780168766,1,134,735,droite,1
709,23.633,1780168766,15,193,756,droite,0
710,23.667,1780168766,38,136,154,gauche,1
710,23.667,1780168766,30,15,128,gauche,1
710,23.667,1780168766,42,284,146,gauche,1
710,23.667,1780168766,34,93,-28,gauche,0
710,23.667,1780168766,11,138,-1,gauche,0
710,23.667,1780168766,18,165,-21,gauche,0
710,23.667,1780168766,40,123,-18,gauche,0
710,23.667,1780168766,44,473,393,gauche,0
710,23.667,1780168766,4,-23,485,droite,0
710,23.667,1780168766,22,121,569,droite,1
710,23.667,1780168766,11,0,525,droite,1
710,23.667,1780168766,2,272,565,droite,1
710,23.667,1780168766,24,-91,605,droite,0
710,23.667,1780168766,20,159,757,droite,0
710,23.667,1780168766,1,133,735,droite,1
710,23.667,1780168766,17,293,699,droite,1
710,23.667,1780168766,15,192,756,droite,0
710,23.667,1780168766,14,196,756,droite,0
711,23.700,1780168766,38,135,155,gauche,1
711,23.700,1780168766,30,14,128,gauche,1
711,23.700,1780168766,42,284,150,gauche,1
711,23.700,1780168766,34,93,-28,gauche,0
711,23.700,1780168766,11,138,-1,gauche,0
711,23.700,1780168766,18,165,-21,gauche,0
711,23.700,1780168766,40,123,-18,gauche,0
711,23.700,1780168766,44,473,393,gauche,0
711,23.700,1780168766,4,-23,485,droite,0
711,23.700,1780168766,22,121,569,droite,1
711,23.700,1780168766,11,0,525,droite,1
711,23.700,1780168766,2,272,565,droite,1
711,23.700,1780168766,24,-92,605,droite,0
711,23.700,1780168766,17,292,700,droite,1
711,23.700,1780168766,20,159,756,droite,0
711,23.700,1780168766,1,132,735,droite,1
711,23.700,1780168766,15,192,756,droite,0
712,23.733,1780168766,38,135,157,gauche,1
712,23.733,1780168766,42,283,153,gauche,1
712,23.733,1780168766,30,13,128,gauche,1
712,23.733,1780168766,34,93,-28,gauche,0
712,23.733,1780168766,11,138,-1,gauche,0
712,23.733,1780168766,18,165,-21,gauche,0
712,23.733,1780168766,40,123,-18,gauche,0
712,23.733,1780168766,44,473,393,gauche,0
712,23.733,1780168766,4,-23,485,droite,0
712,23.733,1780168766,22,121,569,droite,1
712,23.733,1780168766,11,0,525,droite,1
712,23.733,1780168766,2,272,565,droite,1
712,23.733,1780168766,24,-93,605,droite,0
712,23.733,1780168766,17,290,699,droite,1
712,23.733,1780168766,1,132,734,droite,1
712,23.733,1780168766,20,159,757,droite,0
712,23.733,1780168766,14,196,757,droite,0
712,23.733,1780168766,15,192,757,droite,0
713,23.767,1780168766,38,134,158,gauche,1
713,23.767,1780168766,30,12,128,gauche,1
713,23.767,1780168766,42,283,154,gauche,1
713,23.767,1780168766,34,93,-28,gauche,0
713,23.767,1780168766,18,165,-21,gauche,0
713,23.767,1780168766,11,138,-1,gauche,0
713,23.767,1780168766,40,123,-18,gauche,0
713,23.767,1780168766,44,473,393,gauche,0
713,23.767,1780168766,4,-23,485,droite,0
713,23.767,1780168766,22,121,569,droite,1
713,23.767,1780168766,11,0,525,droite,1
713,23.767,1780168766,2,272,565,droite,1
713,23.767,1780168766,17,289,698,droite,1
713,23.767,1780168766,24,-93,605,droite,0
713,23.767,1780168766,14,196,757,droite,0
713,23.767,1780168766,1,132,734,droite,1
713,23.767,1780168766,20,158,757,droite,0
713,23.767,1780168766,15,194,758,droite,0
714,23.800,1780168766,38,133,158,gauche,1
714,23.800,1780168766,30,10,128,gauche,1
714,23.800,1780168766,42,283,154,gauche,1
714,23.800,1780168766,34,93,-28,gauche,0
714,23.800,1780168766,11,138,-1,gauche,0
714,23.800,1780168766,18,166,-21,gauche,0
714,23.800,1780168766,40,123,-18,gauche,0
714,23.800,1780168766,44,473,393,gauche,0
714,23.800,1780168766,22,121,569,droite,1
714,23.800,1780168766,4,-22,485,droite,0
714,23.800,1780168766,11,0,525,droite,1
714,23.800,1780168766,2,272,565,droite,1
714,23.800,1780168766,17,287,698,droite,1
714,23.800,1780168766,1,131,734,droite,1
714,23.800,1780168766,24,-94,605,droite,0
714,23.800,1780168766,20,158,759,droite,0
714,23.800,1780168766,15,193,760,droite,0
714,23.800,1780168766,14,196,759,droite,0
715,23.833,1780168766,38,133,158,gauche,1
715,23.833,1780168766,30,10,128,gauche,1
715,23.833,1780168766,42,283,154,gauche,1
715,23.833,1780168766,34,93,-28,gauche,0
715,23.833,1780168766,11,138,-1,gauche,0
715,23.833,1780168766,18,166,-21,gauche,0
715,23.833,1780168766,40,123,-18,gauche,0
715,23.833,1780168766,44,473,393,gauche,0
715,23.833,1780168766,22,121,569,droite,1
715,23.833,1780168766,4,-22,485,droite,0
715,23.833,1780168766,11,0,525,droite,1
715,23.833,1780168766,2,272,565,droite,1
715,23.833,1780168766,17,287,698,droite,1
715,23.833,1780168766,1,131,734,droite,1
715,23.833,1780168766,24,-94,605,droite,0
715,23.833,1780168766,20,158,759,droite,0
715,23.833,1780168766,15,193,760,droite,0
715,23.833,1780168766,14,196,759,droite,0
716,23.867,1780168766,38,134,158,gauche,1
716,23.867,1780168766,30,9,128,gauche,1
716,23.867,1780168766,42,283,155,gauche,1
716,23.867,1780168766,34,93,-28,gauche,0
716,23.867,1780168766,11,138,-1,gauche,0
716,23.867,1780168766,18,165,-21,gauche,0
716,23.867,1780168766,40,123,-18,gauche,0
716,23.867,1780168766,44,473,393,gauche,0
716,23.867,1780168766,22,121,569,droite,1
716,23.867,1780168766,4,-22,485,droite,0
716,23.867,1780168766,11,0,525,droite,1
716,23.867,1780168766,2,272,565,droite,1
716,23.867,1780168766,17,286,699,droite,1
716,23.867,1780168766,24,-94,604,droite,0
716,23.867,1780168766,1,131,734,droite,1
716,23.867,1780168766,20,156,760,droite,0
716,23.867,1780168766,15,193,761,droite,0
717,23.900,1780168766,38,134,158,gauche,1
717,23.900,1780168766,30,8,128,gauche,1
717,23.900,1780168766,42,284,155,gauche,1
717,23.900,1780168766,34,93,-28,gauche,0
717,23.900,1780168766,11,138,-1,gauche,0
717,23.900,1780168766,18,164,-21,gauche,0
717,23.900,1780168766,40,123,-18,gauche,0
717,23.900,1780168766,44,473,393,gauche,0
717,23.900,1780168766,22,122,569,droite,1
717,23.900,1780168766,4,-22,485,droite,0
717,23.900,1780168766,11,0,525,droite,1
717,23.900,1780168766,2,272,565,droite,1
717,23.900,1780168766,17,286,700,droite,1
717,23.900,1780168766,24,-91,599,droite,0
717,23.900,1780168766,20,155,761,droite,0
717,23.900,1780168766,1,131,734,droite,1
717,23.900,1780168766,15,192,762,droite,0
718,23.933,1780168766,38,132,157,gauche,1
718,23.933,1780168766,30,8,132,gauche,1
718,23.933,1780168766,42,284,155,gauche,1
718,23.933,1780168766,34,93,-28,gauche,0
718,23.933,1780168766,11,138,-1,gauche,0
718,23.933,1780168766,18,164,-20,gauche,0
718,23.933,1780168766,40,123,-19,gauche,0
718,23.933,1780168766,44,473,393,gauche,0
718,23.933,1780168766,11,0,525,droite,1
718,23.933,1780168766,4,-22,486,droite,0
718,23.933,1780168766,22,122,569,droite,1
718,23.933,1780168766,2,272,565,droite,1
718,23.933,1780168766,17,285,700,droite,1
718,23.933,1780168766,24,-89,595,droite,0
718,23.933,1780168766,20,155,762,droite,0
718,23.933,1780168766,1,130,734,droite,1
718,23.933,1780168766,15,191,762,droite,0
719,23.967,1780168766,38,130,158,gauche,1
719,23.967,1780168766,42,284,155,gauche,1
719,23.967,1780168766,34,93,-28,gauche,0
719,23.967,1780168766,30,8,136,gauche,1
719,23.967,1780168766,11,138,-1,gauche,0
719,23.967,1780168766,18,164,-21,gauche,0
719,23.967,1780168766,40,123,-20,gauche,0
719,23.967,1780168766,44,473,393,gauche,0
719,23.967,1780168766,4,-23,486,droite,0
719,23.967,1780168766,11,0,525,droite,1
719,23.967,1780168766,22,122,569,droite,1
719,23.967,1780168766,2,272,565,droite,1
719,23.967,1780168766,17,284,703,droite,1
719,23.967,1780168766,24,-88,592,droite,0
719,23.967,1780168766,20,155,761,droite,0
719,23.967,1780168766,15,190,762,droite,0
719,23.967,1780168766,1,129,734,droite,1
720,24.000,1780168767,38,128,159,gauche,1
720,24.000,1780168767,30,9,138,gauche,1
720,24.000,1780168767,42,285,154,gauche,1
720,24.000,1780168767,34,92,-27,gauche,0
720,24.000,1780168767,11,138,-1,gauche,0
720,24.000,1780168767,18,164,-21,gauche,0
720,24.000,1780168767,40,123,-20,gauche,0
720,24.000,1780168767,44,473,393,gauche,0
720,24.000,1780168767,39,474,394,gauche,0
720,24.000,1780168767,45,49,-77,gauche,0
720,24.000,1780168767,4,-23,488,droite,0
720,24.000,1780168767,11,0,525,droite,1
720,24.000,1780168767,22,122,569,droite,1
720,24.000,1780168767,2,272,565,droite,1
720,24.000,1780168767,24,-88,591,droite,0
720,24.000,1780168767,17,284,703,droite,1
720,24.000,1780168767,20,154,762,droite,0
720,24.000,1780168767,1,129,734,droite,1
720,24.000,1780168767,15,189,762,droite,0
720,24.000,1780168767,14,115,757,droite,0
721,24.033,1780168767,38,128,159,gauche,1
721,24.033,1780168767,30,9,138,gauche,1
721,24.033,1780168767,42,285,154,gauche,1
721,24.033,1780168767,34,92,-27,gauche,0
721,24.033,1780168767,11,138,-1,gauche,0
721,24.033,1780168767,18,164,-21,gauche,0
721,24.033,1780168767,40,123,-21,gauche,0
721,24.033,1780168767,44,473,393,gauche,0
721,24.033,1780168767,39,474,394,gauche,0
721,24.033,1780168767,45,49,-77,gauche,0
721,24.033,1780168767,4,-23,488,droite,0
721,24.033,1780168767,11,0,525,droite,1
721,24.033,1780168767,22,122,569,droite,1
721,24.033,1780168767,2,272,565,droite,1
721,24.033,1780168767,24,-88,591,droite,0
721,24.033,1780168767,17,284,703,droite,1
721,24.033,1780168767,20,154,762,droite,0
721,24.033,1780168767,1,129,734,droite,1
721,24.033,1780168767,15,189,762,droite,0
721,24.033,1780168767,14,115,757,droite,0
722,24.067,1780168767,38,124,158,gauche,1
722,24.067,1780168767,42,285,155,gauche,1
722,24.067,1780168767,30,10,142,gauche,1
722,24.067,1780168767,34,92,-27,gauche,0
722,24.067,1780168767,11,138,-1,gauche,0
722,24.067,1780168767,18,163,-21,gauche,0
722,24.067,1780168767,40,123,-19,gauche,0
722,24.067,1780168767,46,7,-54,gauche,0
722,24.067,1780168767,45,48,-77,gauche,0
722,24.067,1780168767,39,475,394,gauche,0
722,24.067,1780168767,4,-23,488,droite,0
722,24.067,1780168767,11,0,525,droite,1
722,24.067,1780168767,22,122,569,droite,1
722,24.067,1780168767,2,273,565,droite,1
722,24.067,1780168767,24,-87,589,droite,0
722,24.067,1780168767,17,283,705,droite,1
722,24.067,1780168767,20,154,762,droite,0
722,24.067,1780168767,1,129,734,droite,1
722,24.067,1780168767,14,115,757,droite,0
722,24.067,1780168767,15,189,762,droite,0
723,24.100,1780168767,38,120,158,gauche,1
723,24.100,1780168767,42,285,154,gauche,1
723,24.100,1780168767,30,10,142,gauche,1
723,24.100,1780168767,34,92,-27,gauche,0
723,24.100,1780168767,11,138,0,gauche,1
723,24.100,1780168767,18,162,-21,gauche,0
723,24.100,1780168767,40,122,-19,gauche,0
723,24.100,1780168767,39,475,394,gauche,0
723,24.100,1780168767,4,-24,490,droite,0
723,24.100,1780168767,11,0,525,droite,1
723,24.100,1780168767,22,122,569,droite,1
723,24.100,1780168767,2,273,565,droite,1
723,24.100,1780168767,17,283,709,droite,1
723,24.100,1780168767,24,-86,587,droite,0
723,24.100,1780168767,1,129,734,droite,1
723,24.100,1780168767,20,154,762,droite,0
723,24.100,1780168767,15,189,762,droite,0
723,24.100,1780168767,14,115,757,droite,0
724,24.133,1780168767,38,117,158,gauche,1
724,24.133,1780168767,30,10,142,gauche,1
724,24.133,1780168767,42,285,154,gauche,1
724,24.133,1780168767,34,92,-27,gauche,0
724,24.133,1780168767,11,137,0,gauche,1
724,24.133,1780168767,18,163,-21,gauche,0
724,24.133,1780168767,40,122,-20,gauche,0
724,24.133,1780168767,39,475,394,gauche,0
724,24.133,1780168767,46,7,-54,gauche,0
724,24.133,1780168767,4,-24,492,droite,0
724,24.133,1780168767,11,0,525,droite,1
724,24.133,1780168767,22,122,569,droite,1
724,24.133,1780168767,2,273,565,droite,1
724,24.133,1780168767,24,-85,585,droite,0
724,24.133,1780168767,17,282,713,droite,1
724,24.133,1780168767,20,153,762,droite,0
724,24.133,1780168767,15,188,762,droite,0
724,24.133,1780168767,1,129,734,droite,1
724,24.133,1780168767,14,115,756,droite,0
725,24.167,1780168767,38,116,158,gauche,1
725,24.167,1780168767,30,9,142,gauche,1
725,24.167,1780168767,42,285,154,gauche,1
725,24.167,1780168767,34,92,-27,gauche,0
725,24.167,1780168767,11,136,2,gauche,1
725,24.167,1780168767,18,161,-21,gauche,0
725,24.167,1780168767,46,7,-55,gauche,0
725,24.167,1780168767,39,475,394,gauche,0
725,24.167,1780168767,40,122,-23,gauche,0
725,24.167,1780168767,4,-25,493,droite,0
725,24.167,1780168767,11,0,525,droite,1
725,24.167,1780168767,22,122,569,droite,1
725,24.167,1780168767,2,273,565,droite,1
725,24.167,1780168767,24,-86,585,droite,0
725,24.167,1780168767,17,282,715,droite,1
725,24.167,1780168767,1,129,734,droite,1
725,24.167,1780168767,15,188,761,droite,0
725,24.167,1780168767,20,153,762,droite,0
725,24.167,1780168767,14,115,756,droite,0
726,24.200,1780168767,38,115,158,gauche,1
726,24.200,1780168767,30,8,143,gauche,1
726,24.200,1780168767,42,285,154,gauche,1
726,24.200,1780168767,34,92,-27,gauche,0
726,24.200,1780168767,11,136,4,gauche,1
726,24.200,1780168767,18,160,-21,gauche,0
726,24.200,1780168767,46,7,-54,gauche,0
726,24.200,1780168767,39,475,394,gauche,0
726,24.200,1780168767,22,122,569,droite,1
726,24.200,1780168767,4,-25,495,droite,0
726,24.200,1780168767,11,0,525,droite,1
726,24.200,1780168767,2,273,565,droite,1
726,24.200,1780168767,24,-86,585,droite,0
726,24.200,1780168767,1,129,734,droite,1
726,24.200,1780168767,17,281,715,droite,1
726,24.200,1780168767,15,188,761,droite,0
726,24.200,1780168767,20,153,763,droite,0
726,24.200,1780168767,14,114,758,droite,0
727,24.233,1780168767,38,115,158,gauche,1
727,24.233,1780168767,30,8,143,gauche,1
727,24.233,1780168767,42,285,154,gauche,1
727,24.233,1780168767,34,92,-27,gauche,0
727,24.233,1780168767,11,136,4,gauche,1
727,24.233,1780168767,18,160,-21,gauche,0
727,24.233,1780168767,46,7,-54,gauche,0
727,24.233,1780168767,39,475,394,gauche,0
727,24.233,1780168767,22,122,569,droite,1
727,24.233,1780168767,11,0,525,droite,1
727,24.233,1780168767,4,-25,495,droite,0
727,24.233,1780168767,2,273,565,droite,1
727,24.233,1780168767,24,-86,585,droite,0
727,24.233,1780168767,1,129,734,droite,1
727,24.233,1780168767,17,281,715,droite,1
727,24.233,1780168767,15,188,761,droite,0
727,24.233,1780168767,20,153,763,droite,0
727,24.233,1780168767,14,114,758,droite,0
728,24.267,1780168767,38,113,157,gauche,1
728,24.267,1780168767,30,8,143,gauche,1
728,24.267,1780168767,42,285,154,gauche,1
728,24.267,1780168767,34,92,-27,gauche,0
728,24.267,1780168767,11,135,4,gauche,1
728,24.267,1780168767,18,164,-21,gauche,0
728,24.267,1780168767,46,7,-55,gauche,0
728,24.267,1780168767,39,474,394,gauche,0
728,24.267,1780168767,22,122,569,droite,1
728,24.267,1780168767,4,-25,498,droite,0
728,24.267,1780168767,2,273,565,droite,1
728,24.267,1780168767,11,0,525,droite,1
728,24.267,1780168767,24,-87,584,droite,0
728,24.267,1780168767,17,279,714,droite,1
728,24.267,1780168767,15,188,761,droite,0
728,24.267,1780168767,1,129,734,droite,1
728,24.267,1780168767,20,153,763,droite,0
728,24.267,1780168767,14,115,757,droite,0
729,24.300,1780168767,38,110,155,gauche,1
729,24.300,1780168767,30,7,143,gauche,1
729,24.300,1780168767,42,286,154,gauche,1
729,24.300,1780168767,34,92,-28,gauche,0
729,24.300,1780168767,11,134,5,gauche,1
729,24.300,1780168767,18,163,-21,gauche,0
729,24.300,1780168767,46,7,-55,gauche,0
729,24.300,1780168767,39,474,394,gauche,0
729,24.300,1780168767,22,122,569,droite,1
729,24.300,1780168767,4,-26,501,droite,0
729,24.300,1780168767,2,273,565,droite,1
729,24.300,1780168767,11,0,525,droite,1
729,24.300,1780168767,24,-88,584,droite,0
729,24.300,1780168767,17,278,714,droite,1
729,24.300,1780168767,15,188,761,droite,0
729,24.300,1780168767,1,129,732,droite,1
729,24.300,1780168767,20,153,763,droite,0
730,24.333,1780168767,30,6,143,gauche,1
730,24.333,1780168767,38,106,152,gauche,1
730,24.333,1780168767,34,92,-27,gauche,0
730,24.333,1780168767,42,287,154,gauche,1
730,24.333,1780168767,11,134,5,gauche,1
730,24.333,1780168767,18,163,-21,gauche,0
730,24.333,1780168767,40,160,-21,gauche,0
730,24.333,1780168767,39,474,394,gauche,0
730,24.333,1780168767,4,-26,502,droite,0
730,24.333,1780168767,2,273,565,droite,1
730,24.333,1780168767,22,121,569,droite,1
730,24.333,1780168767,24,-90,584,droite,0
730,24.333,1780168767,11,0,526,droite,1
730,24.333,1780168767,17,276,714,droite,1
730,24.333,1780168767,15,188,761,droite,0
730,24.333,1780168767,1,129,734,droite,1
730,24.333,1780168767,20,153,763,droite,0
730,24.333,1780168767,28,-135,482,droite,0
731,24.367,1780168767,30,7,144,gauche,1
731,24.367,1780168767,38,103,150,gauche,1
731,24.367,1780168767,42,287,154,gauche,1
731,24.367,1780168767,34,92,-27,gauche,0
731,24.367,1780168767,11,135,6,gauche,1
731,24.367,1780168767,40,159,-21,gauche,0
731,24.367,1780168767,39,474,394,gauche,0
731,24.367,1780168767,4,-25,501,droite,0
731,24.367,1780168767,22,121,569,droite,1
731,24.367,1780168767,2,273,565,droite,1
731,24.367,1780168767,24,-90,584,droite,0
731,24.367,1780168767,11,0,526,droite,1
731,24.367,1780168767,17,274,714,droite,1
731,24.367,1780168767,15,188,760,droite,0
731,24.367,1780168767,1,129,734,droite,1
731,24.367,1780168767,20,152,763,droite,0
731,24.367,1780168767,28,-135,482,droite,0
732,24.400,1780168767,30,7,147,gauche,1
732,24.400,1780168767,38,102,149,gauche,1
732,24.400,1780168767,42,287,154,gauche,1
732,24.400,1780168767,34,92,-27,gauche,0
732,24.400,1780168767,11,135,6,gauche,1
732,24.400,1780168767,40,160,-21,gauche,0
732,24.400,1780168767,39,474,394,gauche,0
732,24.400,1780168767,44,474,394,gauche,0
732,24.400,1780168767,4,-23,501,droite,0
732,24.400,1780168767,22,121,569,droite,1
732,24.400,1780168767,2,273,564,droite,1
732,24.400,1780168767,11,0,527,droite,1
732,24.400,1780168767,24,-92,584,droite,0
732,24.400,1780168767,17,272,713,droite,1
732,24.400,1780168767,15,187,761,droite,0
732,24.400,1780168767,1,129,734,droite,1
732,24.400,1780168767,20,152,763,droite,0
732,24.400,1780168767,14,112,756,droite,0
732,24.400,1780168767,28,-135,482,droite,0
733,24.433,1780168767,30,7,147,gauche,1
733,24.433,1780168767,38,102,149,gauche,1
733,24.433,1780168767,42,287,154,gauche,1
733,24.433,1780168767,34,92,-27,gauche,0
733,24.433,1780168767,11,135,6,gauche,1
733,24.433,1780168767,40,160,-21,gauche,0
733,24.433,1780168767,39,474,394,gauche,0
733,24.433,1780168767,44,474,394,gauche,0
733,24.433,1780168767,4,-23,501,droite,0
733,24.433,1780168767,22,121,569,droite,1
733,24.433,1780168767,2,273,564,droite,1
733,24.433,1780168767,11,0,527,droite,1
733,24.433,1780168767,24,-92,584,droite,0
733,24.433,1780168767,17,272,713,droite,1
733,24.433,1780168767,15,187,761,droite,0
733,24.433,1780168767,1,129,734,droite,1
733,24.433,1780168767,20,152,763,droite,0
733,24.433,1780168767,14,112,756,droite,0
733,24.433,1780168767,28,-135,482,droite,0
734,24.467,1780168767,30,8,150,gauche,1
734,24.467,1780168767,38,99,148,gauche,1
734,24.467,1780168767,42,287,154,gauche,1
734,24.467,1780168767,34,92,-27,gauche,0
734,24.467,1780168767,11,132,6,gauche,1
734,24.467,1780168767,40,161,-21,gauche,0
734,24.467,1780168767,39,474,395,gauche,0
734,24.467,1780168767,4,-23,501,droite,0
734,24.467,1780168767,22,121,569,droite,1
734,24.467,1780168767,2,273,562,droite,1
734,24.467,1780168767,24,-91,580,droite,0
734,24.467,1780168767,11,0,526,droite,1
734,24.467,1780168767,15,187,760,droite,0
734,24.467,1780168767,17,272,713,droite,1
734,24.467,1780168767,1,129,734,droite,1
734,24.467,1780168767,20,152,763,droite,0
734,24.467,1780168767,14,115,757,droite,0
734,24.467,1780168767,28,-135,482,droite,0
735,24.500,1780168767,30,8,151,gauche,1
735,24.500,1780168767,38,96,147,gauche,1
735,24.500,1780168767,42,287,155,gauche,1
735,24.500,1780168767,34,92,-28,gauche,0
735,24.500,1780168767,11,131,6,gauche,1
735,24.500,1780168767,18,162,-21,gauche,0
735,24.500,1780168767,4,-22,501,droite,0
735,24.500,1780168767,22,121,569,droite,1
735,24.500,1780168767,2,273,562,droite,1
735,24.500,1780168767,24,-90,576,droite,0
735,24.500,1780168767,11,0,526,droite,1
735,24.500,1780168767,15,187,760,droite,0
735,24.500,1780168767,17,271,714,droite,1
735,24.500,1780168767,20,151,763,droite,0
735,24.500,1780168767,1,129,734,droite,1
735,24.500,1780168767,14,115,757,droite,0
735,24.500,1780168767,28,-135,482,droite,0
736,24.533,1780168767,30,8,152,gauche,1
736,24.533,1780168767,38,93,146,gauche,1
736,24.533,1780168767,42,286,155,gauche,1
736,24.533,1780168767,34,92,-28,gauche,0
736,24.533,1780168767,11,133,6,gauche,1
736,24.533,1780168767,40,160,-22,gauche,0
736,24.533,1780168767,44,475,394,gauche,0
736,24.533,1780168767,4,-22,501,droite,0
736,24.533,1780168767,22,121,569,droite,1
736,24.533,1780168767,11,1,523,droite,1
736,24.533,1780168767,2,273,562,droite,1
736,24.533,1780168767,24,-90,575,droite,0
736,24.533,1780168767,15,187,761,droite,0
736,24.533,1780168767,17,270,715,droite,1
736,24.533,1780168767,1,129,734,droite,1
736,24.533,1780168767,20,151,763,droite,0
736,24.533,1780168767,28,-135,482,droite,0
737,24.567,1780168767,30,8,152,gauche,1
737,24.567,1780168767,38,92,145,gauche,1
737,24.567,1780168767,42,286,157,gauche,1
737,24.567,1780168767,34,93,-28,gauche,0
737,24.567,1780168767,11,130,6,gauche,1
737,24.567,1780168767,40,159,-22,gauche,0
737,24.567,1780168767,44,475,394,gauche,0
737,24.567,1780168767,4,-21,501,droite,0
737,24.567,1780168767,22,121,569,droite,1
737,24.567,1780168767,11,1,523,droite,1
737,24.567,1780168767,2,273,562,droite,1
737,24.567,1780168767,24,-89,572,droite,0
737,24.567,1780168767,15,186,761,droite,0
737,24.567,1780168767,17,270,716,droite,1
737,24.567,1780168767,1,129,734,droite,1
737,24.567,1780168767,20,151,762,droite,0
737,24.567,1780168767,14,113,757,droite,0
737,24.567,1780168767,28,-135,482,droite,0
738,24.600,1780168767,30,7,151,gauche,1
738,24.600,1780168767,38,89,145,gauche,1
738,24.600,1780168767,42,286,158,gauche,1
738,24.600,1780168767,34,93,-28,gauche,0
738,24.600,1780168767,11,131,7,gauche,1
738,24.600,1780168767,40,159,-22,gauche,0
738,24.600,1780168767,4,-21,502,droite,0
738,24.600,1780168767,22,121,569,droite,1
738,24.600,1780168767,11,1,523,droite,1
738,24.600,1780168767,2,273,562,droite,1
738,24.600,1780168767,24,-88,571,droite,0
738,24.600,1780168767,15,185,762,droite,0
738,24.600,1780168767,17,269,718,droite,1
738,24.600,1780168767,1,129,734,droite,1
738,24.600,1780168767,20,150,763,droite,0
739,24.633,1780168767,30,7,151,gauche,1
739,24.633,1780168767,38,90,145,gauche,1
739,24.633,1780168767,42,286,158,gauche,1
739,24.633,1780168767,34,93,-28,gauche,0
739,24.633,1780168767,11,131,7,gauche,1
739,24.633,1780168767,40,159,-22,gauche,0
739,24.633,1780168767,4,-21,502,droite,0
739,24.633,1780168767,22,121,569,droite,1
739,24.633,1780168767,11,1,523,droite,1
739,24.633,1780168767,2,273,562,droite,1
739,24.633,1780168767,24,-88,571,droite,0
739,24.633,1780168767,15,185,762,droite,0
739,24.633,1780168767,17,269,718,droite,1
739,24.633,1780168767,1,129,734,droite,1
739,24.633,1780168767,20,150,763,droite,0
740,24.667,1780168767,30,6,151,gauche,1
740,24.667,1780168767,42,286,159,gauche,1
740,24.667,1780168767,38,88,145,gauche,1
740,24.667,1780168767,34,92,-29,gauche,0
740,24.667,1780168767,11,132,6,gauche,1
740,24.667,1780168767,40,160,-22,gauche,0
740,24.667,1780168767,4,-21,502,droite,0
740,24.667,1780168767,22,121,569,droite,1
740,24.667,1780168767,11,1,523,droite,1
740,24.667,1780168767,2,273,562,droite,1
740,24.667,1780168767,24,-86,567,droite,0
740,24.667,1780168767,15,184,763,droite,0
740,24.667,1780168767,1,129,734,droite,1
740,24.667,1780168767,17,269,721,droite,1
740,24.667,1780168767,20,150,763,droite,0
741,24.700,1780168767,30,6,150,gauche,1
741,24.700,1780168767,38,87,144,gauche,1
741,24.700,1780168767,42,286,161,gauche,1
741,24.700,1780168767,34,93,-28,gauche,0
741,24.700,1780168767,11,134,7,gauche,1
741,24.700,1780168767,40,160,-22,gauche,0
741,24.700,1780168767,18,163,-23,gauche,0
741,24.700,1780168767,4,-21,503,droite,0
741,24.700,1780168767,11,1,523,droite,1
741,24.700,1780168767,22,121,570,droite,1
741,24.700,1780168767,2,274,562,droite,1
741,24.700,1780168767,24,-86,566,droite,0
741,24.700,1780168767,15,184,764,droite,0
741,24.700,1780168767,1,129,734,droite,1
741,24.700,1780168767,17,268,722,droite,1
741,24.700,1780168767,20,150,763,droite,0
742,24.733,1780168767,30,5,149,gauche,1
742,24.733,1780168767,38,85,144,gauche,1
742,24.733,1780168767,42,286,161,gauche,1
742,24.733,1780168767,34,94,-28,gauche,0
742,24.733,1780168767,11,133,6,gauche,1
742,24.733,1780168767,40,161,-22,gauche,0
742,24.733,1780168767,4,-21,503,droite,0
742,24.733,1780168767,11,1,523,droite,1
742,24.733,1780168767,22,121,571,droite,1
742,24.733,1780168767,2,275,562,droite,1
742,24.733,1780168767,24,-87,566,droite,0
742,24.733,1780168767,1,129,734,droite,1
742,24.733,1780168767,17,267,723,droite,1
742,24.733,1780168767,20,150,763,droite,0
742,24.733,1780168767,15,183,765,droite,0
743,24.767,1780168767,30,4,149,gauche,1
743,24.767,1780168767,38,82,144,gauche,1
743,24.767,1780168767,42,286,161,gauche,1
743,24.767,1780168767,34,93,-28,gauche,0
743,24.767,1780168767,11,133,3,gauche,1
743,24.767,1780168767,40,160,-22,gauche,0
743,24.767,1780168767,4,-21,505,droite,0
743,24.767,1780168767,11,0,523,droite,1
743,24.767,1780168767,22,121,571,droite,1
743,24.767,1780168767,24,-88,566,droite,0
743,24.767,1780168767,2,275,562,droite,1
743,24.767,1780168767,1,129,734,droite,1
743,24.767,1780168767,15,183,765,droite,0
743,24.767,1780168767,17,266,723,droite,1
743,24.767,1780168767,20,150,763,droite,0
744,24.800,1780168767,30,3,149,gauche,1
744,24.800,1780168767,38,80,143,gauche,1
744,24.800,1780168767,42,287,161,gauche,1
744,24.800,1780168767,11,133,3,gauche,1
744,24.800,1780168767,34,94,-28,gauche,0
744,24.800,1780168767,40,160,-22,gauche,0
744,24.800,1780168767,4,-22,506,droite,0
744,24.800,1780168767,11,0,523,droite,1
744,24.800,1780168767,22,121,572,droite,1
744,24.800,1780168767,24,-89,565,droite,0
744,24.800,1780168767,2,275,562,droite,1
744,24.800,1780168767,17,264,724,droite,1
744,24.800,1780168767,1,129,734,droite,1
744,24.800,1780168767,15,183,766,droite,0
744,24.800,1780168767,20,150,764,droite,0
745,24.833,1780168767,30,3,149,gauche,1
745,24.833,1780168767,38,80,143,gauche,1
745,24.833,1780168767,42,287,161,gauche,1
745,24.833,1780168767,11,133,3,gauche,1
745,24.833,1780168767,34,94,-28,gauche,0
745,24.833,1780168767,40,160,-22,gauche,0
745,24.833,1780168767,4,-22,506,droite,0
745,24.833,1780168767,11,0,523,droite,1
745,24.833,1780168767,22,121,572,droite,1
745,24.833,1780168767,24,-89,565,droite,0
745,24.833,1780168767,2,275,562,droite,1
745,24.833,1780168767,17,264,724,droite,1
745,24.833,1780168767,1,129,734,droite,1
745,24.833,1780168767,15,183,766,droite,0
745,24.833,1780168767,20,150,764,droite,0
746,24.867,1780168767,38,78,143,gauche,1
746,24.867,1780168767,30,2,149,gauche,1
746,24.867,1780168767,42,289,162,gauche,1
746,24.867,1780168767,34,94,-28,gauche,0
746,24.867,1780168767,40,161,-22,gauche,0
746,24.867,1780168767,11,134,4,gauche,1
746,24.867,1780168767,4,-22,508,droite,0
746,24.867,1780168767,11,0,523,droite,1
746,24.867,1780168767,22,121,572,droite,1
746,24.867,1780168767,24,-90,565,droite,0
746,24.867,1780168767,2,275,562,droite,1
746,24.867,1780168767,17,263,723,droite,1
746,24.867,1780168767,1,129,734,droite,1
746,24.867,1780168767,15,183,766,droite,0
746,24.867,1780168767,20,150,764,droite,0
747,24.900,1780168767,30,0,150,gauche,1
747,24.900,1780168767,38,77,144,gauche,1
747,24.900,1780168767,42,291,162,gauche,1
747,24.900,1780168767,40,162,-22,gauche,0
747,24.900,1780168767,34,94,-28,gauche,0
747,24.900,1780168767,11,134,5,gauche,1
747,24.900,1780168767,4,-23,511,droite,0
747,24.900,1780168767,22,121,572,droite,1
747,24.900,1780168767,11,0,523,droite,1
747,24.900,1780168767,24,-90,565,droite,0
747,24.900,1780168767,2,274,557,droite,1
747,24.900,1780168767,17,261,723,droite,1
747,24.900,1780168767,1,129,734,droite,1
747,24.900,1780168767,20,150,764,droite,0
747,24.900,1780168767,15,183,767,droite,0
748,24.933,1780168767,30,0,155,gauche,1
748,24.933,1780168767,38,75,145,gauche,1
748,24.933,1780168767,42,291,162,gauche,1
748,24.933,1780168767,34,94,-27,gauche,0
748,24.933,1780168767,18,163,-22,gauche,0
748,24.933,1780168767,11,134,5,gauche,1
748,24.933,1780168767,4,-23,511,droite,0
748,24.933,1780168767,22,121,572,droite,1
748,24.933,1780168767,11,0,523,droite,1
748,24.933,1780168767,24,-90,565,droite,0
748,24.933,1780168767,2,274,551,droite,1
748,24.933,1780168767,17,259,723,droite,1
748,24.933,1780168767,1,128,734,droite,1
748,24.933,1780168767,20,150,764,droite,0
748,24.933,1780168767,15,183,768,droite,0
748,24.933,1780168767,28,-115,451,droite,0
748,24.933,1780168767,14,-115,451,droite,0
749,24.967,1780168767,38,74,149,gauche,1
749,24.967,1780168767,30,0,161,gauche,1
749,24.967,1780168767,34,94,-28,gauche,0
749,24.967,1780168767,18,163,-22,gauche,0
749,24.967,1780168767,42,292,162,gauche,1
749,24.967,1780168767,11,134,5,gauche,1
749,24.967,1780168767,4,-25,516,droite,0
749,24.967,1780168767,22,121,572,droite,1
749,24.967,1780168767,24,-90,565,droite,0
749,24.967,1780168767,11,0,523,droite,1
749,24.967,1780168767,1,127,734,droite,1
749,24.967,1780168767,17,257,722,droite,1
749,24.967,1780168767,2,274,546,droite,1
749,24.967,1780168767,20,150,764,droite,0
749,24.967,1780168767,15,183,768,droite,0
749,24.967,1780168767,14,-115,451,droite,0
749,24.967,1780168767,28,-114,450,droite,0
750,25.000,1780168768,38,73,152,gauche,1
750,25.000,1780168768,30,1,166,gauche,1
750,25.000,1780168768,34,94,-28,gauche,0
750,25.000,1780168768,18,163,-22,gauche,0
750,25.000,1780168768,42,293,164,gauche,1
750,25.000,1780168768,11,134,5,gauche,1
750,25.000,1780168768,4,-25,517,droite,0
750,25.000,1780168768,11,1,522,droite,1
750,25.000,1780168768,22,121,572,droite,1
750,25.000,1780168768,24,-88,560,droite,0
750,25.000,1780168768,1,127,734,droite,1
750,25.000,1780168768,17,256,722,droite,1
750,25.000,1780168768,2,274,543,droite,1
750,25.000,1780168768,20,150,764,droite,0
750,25.000,1780168768,15,183,768,droite,0
750,25.000,1780168768,28,-114,451,droite,0
750,25.000,1780168768,14,-115,451,droite,0
750,25.000,1780168768,29,277,562,droite,1
751,25.033,1780168768,38,73,152,gauche,1
751,25.033,1780168768,30,1,166,gauche,1
751,25.033,1780168768,34,94,-28,gauche,0
751,25.033,1780168768,18,163,-22,gauche,0
751,25.033,1780168768,42,293,165,gauche,1
751,25.033,1780168768,11,134,5,gauche,1
751,25.033,1780168768,4,-25,517,droite,0
751,25.033,1780168768,11,1,522,droite,1
751,25.033,1780168768,22,121,572,droite,1
751,25.033,1780168768,24,-88,560,droite,0
751,25.033,1780168768,1,127,734,droite,1
751,25.033,1780168768,17,256,722,droite,1
751,25.033,1780168768,2,274,543,droite,1
751,25.033,1780168768,20,150,764,droite,0
751,25.033,1780168768,15,183,768,droite,0
751,25.033,1780168768,28,-115,452,droite,0
751,25.033,1780168768,29,277,562,droite,1
751,25.033,1780168768,14,-115,451,droite,0
752,25.067,1780168768,38,71,154,gauche,1
752,25.067,1780168768,34,94,-27,gauche,0
752,25.067,1780168768,42,290,176,gauche,1
752,25.067,1780168768,18,163,-22,gauche,0
752,25.067,1780168768,11,134,5,gauche,1
752,25.067,1780168768,40,-10,142,gauche,0
752,25.067,1780168768,30,1,169,gauche,1
752,25.067,1780168768,24,-86,556,droite,0
752,25.067,1780168768,4,-25,517,droite,0
752,25.067,1780168768,22,121,571,droite,1
752,25.067,1780168768,11,2,519,droite,1
752,25.067,1780168768,2,274,541,droite,1
752,25.067,1780168768,17,256,722,droite,1
752,25.067,1780168768,20,150,764,droite,0
752,25.067,1780168768,1,127,734,droite,1
752,25.067,1780168768,15,183,768,droite,0
752,25.067,1780168768,14,-115,451,droite,0
752,25.067,1780168768,28,-114,450,droite,0
753,25.100,1780168768,38,70,155,gauche,1
753,25.100,1780168768,42,290,182,gauche,1
753,25.100,1780168768,34,94,-28,gauche,0
753,25.100,1780168768,18,163,-22,gauche,0
753,25.100,1780168768,30,0,169,gauche,1
753,25.100,1780168768,11,136,7,gauche,1
753,25.100,1780168768,40,-9,146,gauche,0
753,25.100,1780168768,4,-25,517,droite,0
753,25.100,1780168768,24,-85,552,droite,0
753,25.100,1780168768,22,121,571,droite,1
753,25.100,1780168768,11,2,516,droite,1
753,25.100,1780168768,2,274,541,droite,1
753,25.100,1780168768,17,255,722,droite,1
753,25.100,1780168768,20,150,764,droite,0
753,25.100,1780168768,1,127,734,droite,1
753,25.100,1780168768,15,183,768,droite,0
753,25.100,1780168768,14,-115,451,droite,0
753,25.100,1780168768,28,-114,450,droite,0
754,25.133,1780168768,42,290,185,gauche,1
754,25.133,1780168768,38,70,155,gauche,1
754,25.133,1780168768,18,163,-22,gauche,0
754,25.133,1780168768,30,0,169,gauche,1
754,25.133,1780168768,34,94,-28,gauche,0
754,25.133,1780168768,11,139,7,gauche,1
754,25.133,1780168768,47,123,-20,gauche,0
754,25.133,1780168768,24,-85,552,droite,0
754,25.133,1780168768,4,-24,517,droite,0
754,25.133,1780168768,22,121,572,droite,1
754,25.133,1780168768,11,3,513,droite,1
754,25.133,1780168768,2,274,541,droite,1
754,25.133,1780168768,20,150,764,droite,0
754,25.133,1780168768,17,255,724,droite,1
754,25.133,1780168768,1,127,734,droite,1
754,25.133,1780168768,15,183,768,droite,0
754,25.133,1780168768,28,-114,450,droite,0
754,25.133,1780168768,14,-114,450,droite,0
755,25.167,1780168768,38,69,155,gauche,1
755,25.167,1780168768,42,290,185,gauche,1
755,25.167,1780168768,30,-1,169,gauche,0
755,25.167,1780168768,18,163,-22,gauche,0
755,25.167,1780168768,34,94,-28,gauche,0
755,25.167,1780168768,11,143,8,gauche,1
755,25.167,1780168768,47,123,-19,gauche,0
755,25.167,1780168768,24,-84,550,droite,0
755,25.167,1780168768,22,121,573,droite,1
755,25.167,1780168768,4,-24,517,droite,0
755,25.167,1780168768,11,4,510,droite,1
755,25.167,1780168768,2,274,541,droite,1
755,25.167,1780168768,1,127,735,droite,1
755,25.167,1780168768,17,254,724,droite,1
755,25.167,1780168768,20,150,764,droite,0
755,25.167,1780168768,15,182,768,droite,0
755,25.167,1780168768,14,-114,450,droite,0
755,25.167,1780168768,28,-115,451,droite,0
756,25.200,1780168768,38,69,156,gauche,1
756,25.200,1780168768,42,292,184,gauche,1
756,25.200,1780168768,30,-2,169,gauche,0
756,25.200,1780168768,18,163,-22,gauche,0
756,25.200,1780168768,34,94,-27,gauche,0
756,25.200,1780168768,11,146,7,gauche,1
756,25.200,1780168768,47,123,-18,gauche,0
756,25.200,1780168768,22,121,574,droite,1
756,25.200,1780168768,24,-83,547,droite,0
756,25.200,1780168768,4,-23,517,droite,0
756,25.200,1780168768,11,4,510,droite,1
756,25.200,1780168768,1,127,734,droite,1
756,25.200,1780168768,2,273,539,droite,1
756,25.200,1780168768,20,150,764,droite,0
756,25.200,1780168768,17,254,728,droite,1
756,25.200,1780168768,15,181,768,droite,0
756,25.200,1780168768,28,-115,452,droite,0
757,25.233,1780168768,38,69,156,gauche,1
757,25.233,1780168768,42,292,184,gauche,1
757,25.233,1780168768,30,-2,169,gauche,0
757,25.233,1780168768,18,163,-22,gauche,0
757,25.233,1780168768,34,94,-27,gauche,0
757,25.233,1780168768,11,146,7,gauche,1
757,25.233,1780168768,47,123,-18,gauche,0
757,25.233,1780168768,22,121,574,droite,1
757,25.233,1780168768,24,-83,547,droite,0
757,25.233,1780168768,4,-23,517,droite,0
757,25.233,1780168768,11,4,509,droite,1
757,25.233,1780168768,1,127,734,droite,1
757,25.233,1780168768,2,274,540,droite,1
757,25.233,1780168768,20,150,764,droite,0
757,25.233,1780168768,17,254,728,droite,1
757,25.233,1780168768,15,181,768,droite,0
757,25.233,1780168768,28,-115,452,droite,0
758,25.267,1780168768,38,68,157,gauche,1
758,25.267,1780168768,30,-3,169,gauche,0
758,25.267,1780168768,18,163,-22,gauche,0
758,25.267,1780168768,34,94,-27,gauche,0
758,25.267,1780168768,42,294,185,gauche,1
758,25.267,1780168768,11,148,7,gauche,1
758,25.267,1780168768,47,123,-18,gauche,0
758,25.267,1780168768,22,121,575,droite,1
758,25.267,1780168768,24,-83,546,droite,0
758,25.267,1780168768,4,-23,517,droite,0
758,25.267,1780168768,11,4,509,droite,1
758,25.267,1780168768,2,274,541,droite,1
758,25.267,1780168768,20,150,763,droite,0
758,25.267,1780168768,17,252,728,droite,1
758,25.267,1780168768,1,127,734,droite,1
758,25.267,1780168768,15,182,768,droite,0
758,25.267,1780168768,28,-115,452,droite,0
759,25.300,1780168768,38,67,158,gauche,1
759,25.300,1780168768,42,295,186,gauche,1
759,25.300,1780168768,30,0,178,gauche,1
759,25.300,1780168768,34,94,-27,gauche,0
759,25.300,1780168768,18,164,-22,gauche,0
759,25.300,1780168768,11,150,11,gauche,1
759,25.300,1780168768,47,123,-18,gauche,0
759,25.300,1780168768,40,471,404,gauche,0
759,25.300,1780168768,22,122,573,droite,1
759,25.300,1780168768,24,-83,546,droite,0
759,25.300,1780168768,4,-23,517,droite,0
759,25.300,1780168768,11,3,510,droite,1
759,25.300,1780168768,2,274,541,droite,1
759,25.300,1780168768,20,150,762,droite,0
759,25.300,1780168768,1,125,734,droite,1
759,25.300,1780168768,17,251,730,droite,1
759,25.300,1780168768,15,180,768,droite,0
759,25.300,1780168768,28,-115,452,droite,0
760,25.333,1780168768,42,295,194,gauche,1
760,25.333,1780168768,38,66,157,gauche,1
760,25.333,1780168768,30,1,186,gauche,1
760,25.333,1780168768,18,165,-22,gauche,0
760,25.333,1780168768,34,94,-28,gauche,0
760,25.333,1780168768,11,153,13,gauche,1
760,25.333,1780168768,47,123,-18,gauche,0
760,25.333,1780168768,40,470,406,gauche,0
760,25.333,1780168768,22,122,572,droite,1
760,25.333,1780168768,24,-84,546,droite,0
760,25.333,1780168768,4,-23,518,droite,0
760,25.333,1780168768,11,3,510,droite,1
760,25.333,1780168768,2,275,542,droite,1
760,25.333,1780168768,1,126,734,droite,1
760,25.333,1780168768,20,150,761,droite,0
760,25.333,1780168768,15,179,768,droite,0
760,25.333,1780168768,17,250,731,droite,1
760,25.333,1780168768,29,131,754,droite,0
760,25.333,1780168768,28,-115,452,droite,0
761,25.367,1780168768,42,295,202,gauche,1
761,25.367,1780168768,30,2,191,gauche,1
761,25.367,1780168768,38,65,158,gauche,1
761,25.367,1780168768,34,94,-28,gauche,0
761,25.367,1780168768,18,165,-21,gauche,0
761,25.367,1780168768,47,123,-18,gauche,0
761,25.367,1780168768,11,155,16,gauche,1
761,25.367,1780168768,40,470,405,gauche,0
761,25.367,1780168768,22,122,572,droite,1
761,25.367,1780168768,24,-86,546,droite,0
761,25.367,1780168768,4,-23,518,droite,0
761,25.367,1780168768,11,3,509,droite,1
761,25.367,1780168768,2,277,541,droite,1
761,25.367,1780168768,1,128,734,droite,1
761,25.367,1780168768,20,149,762,droite,0
761,25.367,1780168768,15,180,768,droite,0
761,25.367,1780168768,29,133,753,droite,0
761,25.367,1780168768,17,249,731,droite,1
761,25.367,1780168768,28,-115,452,droite,0
761,25.367,1780168768,14,-115,451,droite,0
762,25.400,1780168768,30,1,194,gauche,1
762,25.400,1780168768,42,294,209,gauche,1
762,25.400,1780168768,34,94,-28,gauche,0
762,25.400,1780168768,38,60,158,gauche,1
762,25.400,1780168768,18,166,-21,gauche,0
762,25.400,1780168768,11,157,17,gauche,1
762,25.400,1780168768,47,123,-18,gauche,0
762,25.400,1780168768,24,-87,546,droite,0
762,25.400,1780168768,22,122,571,droite,1
762,25.400,1780168768,4,-23,519,droite,0
762,25.400,1780168768,11,3,509,droite,1
762,25.400,1780168768,2,277,536,droite,1
762,25.400,1780168768,1,127,735,droite,1
762,25.400,1780168768,20,149,763,droite,0
762,25.400,1780168768,17,248,730,droite,1
762,25.400,1780168768,15,181,768,droite,0
762,25.400,1780168768,29,133,753,droite,0
762,25.400,1780168768,14,-115,451,droite,0
762,25.400,1780168768,28,-115,452,droite,0
763,25.433,1780168768,30,1,194,gauche,1
763,25.433,1780168768,42,294,209,gauche,1
763,25.433,1780168768,34,94,-28,gauche,0
763,25.433,1780168768,38,60,158,gauche,1
763,25.433,1780168768,18,166,-21,gauche,0
763,25.433,1780168768,11,157,17,gauche,1
763,25.433,1780168768,47,123,-18,gauche,0
763,25.433,1780168768,24,-87,546,droite,0
763,25.433,1780168768,22,122,571,droite,1
763,25.433,1780168768,4,-23,519,droite,0
763,25.433,1780168768,11,3,509,droite,1
763,25.433,1780168768,2,277,536,droite,1
763,25.433,1780168768,1,127,735,droite,1
763,25.433,1780168768,20,149,763,droite,0
763,25.433,1780168768,17,248,730,droite,1
763,25.433,1780168768,15,181,768,droite,0
763,25.433,1780168768,29,133,753,droite,0
763,25.433,1780168768,14,-115,451,droite,0
763,25.433,1780168768,28,-115,452,droite,0
764,25.467,1780168768,42,298,213,gauche,1
764,25.467,1780168768,30,-1,194,gauche,0
764,25.467,1780168768,34,94,-28,gauche,0
764,25.467,1780168768,38,58,159,gauche,1
764,25.467,1780168768,18,166,-23,gauche,0
764,25.467,1780168768,47,123,-18,gauche,0
764,25.467,1780168768,22,122,571,droite,1
764,25.467,1780168768,24,-89,546,droite,0
764,25.467,1780168768,4,-23,519,droite,0
764,25.467,1780168768,11,3,509,droite,1
764,25.467,1780168768,2,277,530,droite,1
764,25.467,1780168768,1,126,735,droite,1
764,25.467,1780168768,17,247,730,droite,1
764,25.467,1780168768,20,149,764,droite,0
764,25.467,1780168768,29,133,755,droite,0
764,25.467,1780168768,15,182,768,droite,0
764,25.467,1780168768,28,-115,452,droite,0
765,25.500,1780168768,42,298,216,gauche,1
765,25.500,1780168768,30,-2,194,gauche,0
765,25.500,1780168768,34,94,-28,gauche,0
765,25.500,1780168768,38,61,162,gauche,1
765,25.500,1780168768,47,124,-17,gauche,0
765,25.500,1780168768,11,165,17,gauche,1
765,25.500,1780168768,18,166,-43,gauche,0
765,25.500,1780168768,22,121,571,droite,1
765,25.500,1780168768,4,-24,522,droite,0
765,25.500,1780168768,24,-90,545,droite,0
765,25.500,1780168768,11,2,510,droite,1
765,25.500,1780168768,1,125,735,droite,1
765,25.500,1780168768,17,245,730,droite,1
765,25.500,1780168768,20,149,764,droite,0
765,25.500,1780168768,30,279,541,droite,1
765,25.500,1780168768,29,135,754,droite,0
765,25.500,1780168768,2,276,524,droite,1
765,25.500,1780168768,15,182,767,droite,0
766,25.533,1780168768,42,298,216,gauche,1
766,25.533,1780168768,30,-4,194,gauche,0
766,25.533,1780168768,34,94,-28,gauche,0
766,25.533,1780168768,38,61,164,gauche,1
766,25.533,1780168768,11,168,17,gauche,1
766,25.533,1780168768,47,124,-17,gauche,0
766,25.533,1780168768,18,167,-36,gauche,0
766,25.533,1780168768,22,120,571,droite,1
766,25.533,1780168768,4,-23,524,droite,0
766,25.533,1780168768,24,-91,544,droite,0
766,25.533,1780168768,11,3,510,droite,1
766,25.533,1780168768,2,277,519,droite,1
766,25.533,1780168768,17,243,730,droite,1
766,25.533,1780168768,29,135,754,droite,0
766,25.533,1780168768,1,124,735,droite,1
766,25.533,1780168768,20,148,765,droite,0
766,25.533,1780168768,15,182,766,droite,0
766,25.533,1780168768,14,-115,451,droite,0
767,25.567,1780168768,42,298,217,gauche,1
767,25.567,1780168768,30,-6,194,gauche,0
767,25.567,1780168768,34,94,-27,gauche,0
767,25.567,1780168768,38,56,161,gauche,1
767,25.567,1780168768,18,167,-30,gauche,0
767,25.567,1780168768,47,124,-17,gauche,0
767,25.567,1780168768,22,119,571,droite,1
767,25.567,1780168768,4,-24,527,droite,0
767,25.567,1780168768,24,-91,540,droite,0
767,25.567,1780168768,11,3,509,droite,1
767,25.567,1780168768,2,278,516,droite,1
767,25.567,1780168768,17,241,730,droite,1
767,25.567,1780168768,1,124,735,droite,1
767,25.567,1780168768,20,149,764,droite,0
767,25.567,1780168768,29,136,755,droite,0
767,25.567,1780168768,30,285,516,droite,1
767,25.567,1780168768,14,-115,451,droite,0
767,25.567,1780168768,15,183,766,droite,0
768,25.600,1780168768,30,-3,204,gauche,0
768,25.600,1780168768,42,299,217,gauche,1
768,25.600,1780168768,34,94,-27,gauche,0
768,25.600,1780168768,38,55,160,gauche,1
768,25.600,1780168768,18,167,-26,gauche,0
768,25.600,1780168768,47,124,-17,gauche,0
768,25.600,1780168768,22,118,571,droite,1
768,25.600,1780168768,4,-24,528,droite,0
768,25.600,1780168768,24,-90,535,droite,0
768,25.600,1780168768,11,3,506,droite,1
768,25.600,1780168768,17,240,730,droite,1
768,25.600,1780168768,1,124,735,droite,1
768,25.600,1780168768,2,280,516,droite,1
768,25.600,1780168768,29,136,755,droite,0
768,25.600,1780168768,20,148,765,droite,0
768,25.600,1780168768,15,183,766,droite,0
768,25.600,1780168768,30,287,516,droite,1
768,25.600,1780168768,14,-115,451,droite,0
769,25.633,1780168768,30,-3,205,gauche,0
769,25.633,1780168768,42,299,217,gauche,1
769,25.633,1780168768,34,94,-27,gauche,0
769,25.633,1780168768,38,55,160,gauche,1
769,25.633,1780168768,18,167,-26,gauche,0
769,25.633,1780168768,47,124,-17,gauche,0
769,25.633,1780168768,22,118,571,droite,1
769,25.633,1780168768,4,-24,528,droite,0
769,25.633,1780168768,24,-90,535,droite,0
769,25.633,1780168768,11,3,506,droite,1
769,25.633,1780168768,17,240,730,droite,1
769,25.633,1780168768,1,124,735,droite,1
769,25.633,1780168768,2,280,516,droite,1
769,25.633,1780168768,29,136,755,droite,0
769,25.633,1780168768,20,148,765,droite,0
769,25.633,1780168768,15,183,766,droite,0
769,25.633,1780168768,30,287,516,droite,1
769,25.633,1780168768,14,-115,451,droite,0
770,25.667,1780168768,30,-1,214,gauche,0
770,25.667,1780168768,42,300,218,gauche,1
770,25.667,1780168768,34,94,-27,gauche,0
770,25.667,1780168768,18,168,-22,gauche,0
770,25.667,1780168768,38,55,165,gauche,1
770,25.667,1780168768,47,124,-17,gauche,0
770,25.667,1780168768,11,177,29,gauche,1
770,25.667,1780168768,22,118,570,droite,1
770,25.667,1780168768,4,-27,536,droite,0
770,25.667,1780168768,11,4,503,droite,1
770,25.667,1780168768,24,-89,534,droite,0
770,25.667,1780168768,17,240,731,droite,1
770,25.667,1780168768,2,280,517,droite,1
770,25.667,1780168768,30,285,516,droite,1
770,25.667,1780168768,1,124,734,droite,1
770,25.667,1780168768,29,137,754,droite,0
770,25.667,1780168768,20,148,765,droite,0
770,25.667,1780168768,15,184,766,droite,0
770,25.667,1780168768,14,-115,451,droite,0
771,25.700,1780168768,30,-1,220,gauche,0
771,25.700,1780168768,42,299,229,gauche,1
771,25.700,1780168768,34,94,-28,gauche,0
771,25.700,1780168768,18,168,-21,gauche,0
771,25.700,1780168768,47,124,-17,gauche,0
771,25.700,1780168768,38,54,168,gauche,1
771,25.700,1780168768,11,180,32,gauche,1
771,25.700,1780168768,22,117,569,droite,1
771,25.700,1780168768,4,-27,537,droite,0
771,25.700,1780168768,24,-89,532,droite,0
771,25.700,1780168768,11,6,499,droite,1
771,25.700,1780168768,17,239,731,droite,1
771,25.700,1780168768,29,137,754,droite,0
771,25.700,1780168768,1,124,733,droite,1
771,25.700,1780168768,2,281,516,droite,1
771,25.700,1780168768,30,287,516,droite,1
771,25.700,1780168768,14,-115,451,droite,0
771,25.700,1780168768,20,148,765,droite,0
772,25.733,1780168768,30,-1,225,gauche,0
772,25.733,1780168768,42,298,237,gauche,1
772,25.733,1780168768,34,94,-28,gauche,0
772,25.733,1780168768,18,168,-22,gauche,0
772,25.733,1780168768,38,56,178,gauche,1
772,25.733,1780168768,11,184,33,gauche,1
772,25.733,1780168768,47,124,-17,gauche,0
772,25.733,1780168768,22,117,568,droite,1
772,25.733,1780168768,4,-26,536,droite,0
772,25.733,1780168768,24,-88,531,droite,0
772,25.733,1780168768,11,8,496,droite,1
772,25.733,1780168768,17,239,731,droite,1
772,25.733,1780168768,29,137,754,droite,0
772,25.733,1780168768,30,283,527,droite,1
772,25.733,1780168768,28,2,510,droite,1
772,25.733,1780168768,15,185,766,droite,0
772,25.733,1780168768,2,282,516,droite,1
772,25.733,1780168768,1,124,731,droite,1
773,25.767,1780168768,30,-3,226,gauche,0
773,25.767,1780168768,42,298,243,gauche,1
773,25.767,1780168768,34,94,-28,gauche,0
773,25.767,1780168768,38,53,175,gauche,1
773,25.767,1780168768,18,168,-22,gauche,0
773,25.767,1780168768,11,186,33,gauche,1
773,25.767,1780168768,47,124,-17,gauche,0
773,25.767,1780168768,22,117,564,droite,1
773,25.767,1780168768,4,-22,535,droite,0
773,25.767,1780168768,24,-86,528,droite,0
773,25.767,1780168768,11,9,492,droite,1
773,25.767,1780168768,17,238,731,droite,1
773,25.767,1780168768,2,282,512,droite,1
773,25.767,1780168768,29,138,753,droite,0
773,25.767,1780168768,15,186,766,droite,0
773,25.767,1780168768,1,123,726,droite,1
773,25.767,1780168768,28,-115,534,droite,0
773,25.767,1780168768,14,-114,451,droite,0
773,25.767,1780168768,20,149,764,droite,0
774,25.800,1780168768,42,300,247,gauche,1
774,25.800,1780168768,30,-5,226,gauche,0
774,25.800,1780168768,38,53,185,gauche,1
774,25.800,1780168768,34,94,-28,gauche,0
774,25.800,1780168768,18,167,-21,gauche,0
774,25.800,1780168768,47,124,-17,gauche,0
774,25.800,1780168768,40,471,405,gauche,0
774,25.800,1780168768,22,116,564,droite,1
774,25.800,1780168768,4,-20,535,droite,0
774,25.800,1780168768,24,-87,528,droite,0
774,25.800,1780168768,11,9,491,droite,1
774,25.800,1780168768,30,281,501,droite,1
774,25.800,1780168768,17,237,732,droite,1
774,25.800,1780168768,15,186,767,droite,0
774,25.800,1780168768,29,139,754,droite,0
774,25.800,1780168768,1,123,723,droite,1
774,25.800,1780168768,20,148,764,droite,0
774,25.800,1780168768,2,283,514,droite,1
774,25.800,1780168768,14,-115,451,droite,0
774,25.800,1780168768,28,-114,450,droite,0
775,25.833,1780168768,42,300,247,gauche,1
775,25.833,1780168768,30,-5,226,gauche,0
775,25.833,1780168768,38,53,185,gauche,1
775,25.833,1780168768,34,94,-28,gauche,0
775,25.833,1780168768,18,167,-21,gauche,0
775,25.833,1780168768,47,124,-17,gauche,0
775,25.833,1780168768,40,470,407,gauche,0
775,25.833,1780168768,22,116,564,droite,1
775,25.833,1780168768,4,-20,535,droite,0
775,25.833,1780168768,24,-87,528,droite,0
775,25.833,1780168768,30,281,501,droite,1
775,25.833,1780168768,11,9,491,droite,1
775,25.833,1780168768,17,237,732,droite,1
775,25.833,1780168768,29,139,754,droite,0
775,25.833,1780168768,15,186,767,droite,0
775,25.833,1780168768,1,123,723,droite,1
775,25.833,1780168768,14,-114,451,droite,0
775,25.833,1780168768,20,149,763,droite,0
775,25.833,1780168768,28,-113,449,droite,0
776,25.867,1780168768,38,52,185,gauche,1
776,25.867,1780168768,30,-5,226,gauche,0
776,25.867,1780168768,42,301,249,gauche,1
776,25.867,1780168768,34,93,-28,gauche,0
776,25.867,1780168768,18,167,-21,gauche,0
776,25.867,1780168768,47,124,-17,gauche,0
776,25.867,1780168768,11,194,38,gauche,1
776,25.867,1780168768,40,472,401,gauche,0
776,25.867,1780168768,22,113,564,droite,1
776,25.867,1780168768,4,-18,535,droite,0
776,25.867,1780168768,24,-87,527,droite,0
776,25.867,1780168768,11,10,489,droite,1
776,25.867,1780168768,15,186,767,droite,0
776,25.867,1780168768,30,283,494,droite,1
776,25.867,1780168768,29,139,754,droite,0
776,25.867,1780168768,1,123,719,droite,1
776,25.867,1780168768,17,236,732,droite,1
776,25.867,1780168768,20,148,763,droite,0
776,25.867,1780168768,28,-115,451,droite,0
776,25.867,1780168768,14,-114,451,droite,0
777,25.900,1780168768,30,-6,228,gauche,0
777,25.900,1780168768,38,48,185,gauche,1
777,25.900,1780168768,42,302,249,gauche,1
777,25.900,1780168768,34,92,-28,gauche,0
777,25.900,1780168768,18,167,-21,gauche,0
777,25.900,1780168768,11,198,48,gauche,1
777,25.900,1780168768,47,124,-17,gauche,0
777,25.900,1780168768,40,472,401,gauche,0
777,25.900,1780168768,4,-17,535,droite,0
777,25.900,1780168768,22,111,564,droite,1
777,25.900,1780168768,11,9,488,droite,1
777,25.900,1780168768,24,-89,527,droite,0
777,25.900,1780168768,30,283,490,droite,1
777,25.900,1780168768,15,187,767,droite,0
777,25.900,1780168768,29,139,753,droite,0
777,25.900,1780168768,17,235,732,droite,1
777,25.900,1780168768,1,122,716,droite,1
777,25.900,1780168768,20,149,764,droite,0
778,25.933,1780168768,30,-2,240,gauche,0
778,25.933,1780168768,42,303,249,gauche,1
778,25.933,1780168768,38,46,186,gauche,1
778,25.933,1780168768,34,93,-28,gauche,0
778,25.933,1780168768,18,167,-22,gauche,0
778,25.933,1780168768,11,200,56,gauche,1
778,25.933,1780168768,47,124,-17,gauche,0
778,25.933,1780168768,40,472,401,gauche,0
778,25.933,1780168768,4,-17,535,droite,0
778,25.933,1780168768,22,107,564,droite,1
778,25.933,1780168768,30,285,488,droite,1
778,25.933,1780168768,11,5,488,droite,1
778,25.933,1780168768,24,-91,526,droite,0
778,25.933,1780168768,15,187,767,droite,0
778,25.933,1780168768,17,234,732,droite,1
778,25.933,1780168768,29,139,753,droite,0
778,25.933,1780168768,20,149,764,droite,0
778,25.933,1780168768,28,-115,451,droite,0
778,25.933,1780168768,1,122,712,droite,1
779,25.967,1780168768,30,0,250,gauche,1
779,25.967,1780168768,38,45,186,gauche,1
779,25.967,1780168768,11,204,62,gauche,1
779,25.967,1780168768,18,167,-22,gauche,0
779,25.967,1780168768,42,304,252,gauche,1
779,25.967,1780168768,34,94,-28,gauche,0
779,25.967,1780168768,47,124,-17,gauche,0
779,25.967,1780168768,40,472,401,gauche,0
779,25.967,1780168768,30,286,488,droite,1
779,25.967,1780168768,4,-16,534,droite,0
779,25.967,1780168768,22,104,563,droite,1
779,25.967,1780168768,11,5,488,droite,1
779,25.967,1780168768,24,-91,526,droite,0
779,25.967,1780168768,29,140,753,droite,0
779,25.967,1780168768,15,188,767,droite,0
779,25.967,1780168768,17,234,732,droite,1
779,25.967,1780168768,20,148,764,droite,0
780,26.000,1780168769,30,0,256,gauche,1
780,26.000,1780168769,38,47,199,gauche,1
780,26.000,1780168769,42,304,259,gauche,1
780,26.000,1780168769,11,206,64,gauche,1
780,26.000,1780168769,18,167,-22,gauche,0
780,26.000,1780168769,34,93,-28,gauche,0
780,26.000,1780168769,47,124,-17,gauche,0
780,26.000,1780168769,40,472,401,gauche,0
780,26.000,1780168769,48,483,368,gauche,0
780,26.000,1780168769,4,-15,535,droite,0
780,26.000,1780168769,11,4,488,droite,1
780,26.000,1780168769,30,287,488,droite,1
780,26.000,1780168769,22,101,562,droite,1
780,26.000,1780168769,24,-92,526,droite,0
780,26.000,1780168769,15,188,768,droite,0
780,26.000,1780168769,29,140,753,droite,0
780,26.000,1780168769,17,233,733,droite,1
780,26.000,1780168769,20,148,765,droite,0
780,26.000,1780168769,28,-115,451,droite,0
780,26.000,1780168769,14,-114,450,droite,0
781,26.033,1780168769,30,0,256,gauche,1
781,26.033,1780168769,38,47,199,gauche,1
781,26.033,1780168769,42,304,259,gauche,1
781,26.033,1780168769,11,206,64,gauche,1
781,26.033,1780168769,18,167,-22,gauche,0
781,26.033,1780168769,34,93,-28,gauche,0
781,26.033,1780168769,47,124,-17,gauche,0
781,26.033,1780168769,40,472,401,gauche,0
781,26.033,1780168769,4,-15,535,droite,0
781,26.033,1780168769,11,4,488,droite,1
781,26.033,1780168769,30,287,488,droite,1
781,26.033,1780168769,22,101,562,droite,1
781,26.033,1780168769,24,-92,526,droite,0
781,26.033,1780168769,15,188,768,droite,0
781,26.033,1780168769,29,140,753,droite,0
781,26.033,1780168769,17,233,733,droite,1
781,26.033,1780168769,20,148,765,droite,0
782,26.067,1780168769,30,-1,260,gauche,0
782,26.067,1780168769,42,302,271,gauche,1
782,26.067,1780168769,38,48,207,gauche,1
782,26.067,1780168769,11,209,64,gauche,1
782,26.067,1780168769,34,93,-28,gauche,0
782,26.067,1780168769,18,166,-22,gauche,0
782,26.067,1780168769,47,124,-17,gauche,0
782,26.067,1780168769,40,472,401,gauche,0
782,26.067,1780168769,4,-15,535,droite,0
782,26.067,1780168769,22,99,561,droite,1
782,26.067,1780168769,11,4,488,droite,1
782,26.067,1780168769,24,-92,526,droite,0
782,26.067,1780168769,1,95,575,droite,1
782,26.067,1780168769,30,287,486,droite,1
782,26.067,1780168769,29,140,753,droite,0
782,26.067,1780168769,15,188,768,droite,0
782,26.067,1780168769,17,231,733,droite,1
782,26.067,1780168769,20,148,765,droite,0
782,26.067,1780168769,28,-115,451,droite,0
782,26.067,1780168769,14,-114,450,droite,0
783,26.100,1780168769,30,-3,261,gauche,0
783,26.100,1780168769,42,304,277,gauche,1
783,26.100,1780168769,38,47,212,gauche,1
783,26.100,1780168769,34,92,-28,gauche,0
783,26.100,1780168769,11,212,65,gauche,1
783,26.100,1780168769,18,166,-21,gauche,0
783,26.100,1780168769,47,124,-17,gauche,0
783,26.100,1780168769,40,472,402,gauche,0
783,26.100,1780168769,4,-15,537,droite,0
783,26.100,1780168769,24,-92,526,droite,0
783,26.100,1780168769,22,96,560,droite,1
783,26.100,1780168769,30,287,487,droite,1
783,26.100,1780168769,11,4,486,droite,1
783,26.100,1780168769,29,140,753,droite,0
783,26.100,1780168769,15,188,768,droite,0
783,26.100,1780168769,17,229,733,droite,1
783,26.100,1780168769,20,148,765,droite,0
784,26.133,1780168769,42,306,282,gauche,1
784,26.133,1780168769,38,47,215,gauche,1
784,26.133,1780168769,30,-5,261,gauche,0
784,26.133,1780168769,34,91,-28,gauche,0
784,26.133,1780168769,18,166,-21,gauche,0
784,26.133,1780168769,11,215,64,gauche,1
784,26.133,1780168769,47,124,-17,gauche,0
784,26.133,1780168769,40,472,402,gauche,0
784,26.133,1780168769,4,-16,540,droite,0
784,26.133,1780168769,24,-89,521,droite,0
784,26.133,1780168769,1,91,575,droite,1
784,26.133,1780168769,2,287,476,droite,1
784,26.133,1780168769,11,6,479,droite,1
784,26.133,1780168769,29,140,753,droite,0
784,26.133,1780168769,30,289,488,droite,1
784,26.133,1780168769,14,-2,491,droite,0
784,26.133,1780168769,15,188,768,droite,0
784,26.133,1780168769,17,228,733,droite,1
784,26.133,1780168769,20,148,765,droite,0
785,26.167,1780168769,42,308,284,gauche,1
785,26.167,1780168769,38,44,215,gauche,1
785,26.167,1780168769,18,166,-21,gauche,0
785,26.167,1780168769,30,-6,262,gauche,0
785,26.167,1780168769,34,93,-28,gauche,0
785,26.167,1780168769,47,124,-17,gauche,0
785,26.167,1780168769,11,219,65,gauche,1
785,26.167,1780168769,40,471,404,gauche,0
785,26.167,1780168769,2,286,461,droite,1
785,26.167,1780168769,4,-16,541,droite,0
785,26.167,1780168769,22,94,558,droite,1
785,26.167,1780168769,24,-88,516,droite,0
785,26.167,1780168769,11,10,468,droite,1
785,26.167,1780168769,15,189,768,droite,0
785,26.167,1780168769,29,140,753,droite,0
785,26.167,1780168769,17,226,732,droite,1
785,26.167,1780168769,20,148,765,droite,0
785,26.167,1780168769,14,-1,486,droite,0
786,26.200,1780168769,30,-8,264,gauche,0
786,26.200,1780168769,38,43,215,gauche,1
786,26.200,1780168769,18,165,-21,gauche,0
786,26.200,1780168769,34,94,-28,gauche,0
786,26.200,1780168769,42,311,284,gauche,1
786,26.200,1780168769,11,221,79,gauche,1
786,26.200,1780168769,47,124,-17,gauche,0
786,26.200,1780168769,40,470,405,gauche,0
786,26.200,1780168769,48,473,397,gauche,0
786,26.200,1780168769,2,287,457,droite,1
786,26.200,1780168769,4,-16,542,droite,0
786,26.200,1780168769,24,-88,515,droite,0
786,26.200,1780168769,22,92,556,droite,1
786,26.200,1780168769,11,11,463,droite,1
786,26.200,1780168769,15,189,768,droite,0
786,26.200,1780168769,17,226,732,droite,1
786,26.200,1780168769,29,140,753,droite,0
786,26.200,1780168769,20,149,764,droite,0
786,26.200,1780168769,28,-115,451,droite,0
786,26.200,1780168769,14,-114,450,droite,0
787,26.233,1780168769,30,-8,264,gauche,0
787,26.233,1780168769,38,43,215,gauche,1
787,26.233,1780168769,18,165,-21,gauche,0
787,26.233,1780168769,34,94,-28,gauche,0
787,26.233,1780168769,11,220,80,gauche,1
787,26.233,1780168769,42,311,284,gauche,1
787,26.233,1780168769,47,124,-17,gauche,0
787,26.233,1780168769,40,470,405,gauche,0
787,26.233,1780168769,48,473,397,gauche,0
787,26.233,1780168769,2,287,457,droite,1
787,26.233,1780168769,4,-16,542,droite,0
787,26.233,1780168769,24,-88,515,droite,0
787,26.233,1780168769,22,90,556,droite,1
787,26.233,1780168769,11,11,463,droite,1
787,26.233,1780168769,15,189,768,droite,0
787,26.233,1780168769,29,140,753,droite,0
787,26.233,1780168769,17,226,732,droite,1
787,26.233,1780168769,20,149,764,droite,0
788,26.267,1780168769,30,-5,275,gauche,0
788,26.267,1780168769,38,44,220,gauche,1
788,26.267,1780168769,11,223,88,gauche,1
788,26.267,1780168769,18,164,-21,gauche,0
788,26.267,1780168769,34,93,-28,gauche,0
788,26.267,1780168769,42,314,285,gauche,1
788,26.267,1780168769,47,124,-17,gauche,0
788,26.267,1780168769,40,472,403,gauche,0
788,26.267,1780168769,48,473,397,gauche,0
788,26.267,1780168769,2,287,453,droite,1
788,26.267,1780168769,4,-17,544,droite,0
788,26.267,1780168769,24,-87,513,droite,0
788,26.267,1780168769,22,91,556,droite,1
788,26.267,1780168769,11,11,461,droite,1
788,26.267,1780168769,15,189,767,droite,0
788,26.267,1780168769,17,226,732,droite,1
788,26.267,1780168769,29,140,753,droite,0
788,26.267,1780168769,20,149,764,droite,0
789,26.300,1780168769,30,-3,286,gauche,0
789,26.300,1780168769,42,314,291,gauche,1
789,26.300,1780168769,38,41,217,gauche,1
789,26.300,1780168769,11,226,92,gauche,1
789,26.300,1780168769,18,163,-21,gauche,0
789,26.300,1780168769,34,93,-28,gauche,0
789,26.300,1780168769,47,124,-18,gauche,0
789,26.300,1780168769,40,472,402,gauche,0
789,26.300,1780168769,2,288,453,droite,1
789,26.300,1780168769,4,-17,545,droite,0
789,26.300,1780168769,24,-86,511,droite,0
789,26.300,1780168769,11,11,461,droite,1
789,26.300,1780168769,22,86,555,droite,1
789,26.300,1780168769,17,226,732,droite,1
789,26.300,1780168769,15,189,767,droite,0
789,26.300,1780168769,29,140,753,droite,0
789,26.300,1780168769,20,149,764,droite,0
789,26.300,1780168769,14,-1,478,droite,0
790,26.333,1780168769,30,-2,293,gauche,0
790,26.333,1780168769,38,42,227,gauche,1
790,26.333,1780168769,42,314,303,gauche,1
790,26.333,1780168769,11,228,93,gauche,1
790,26.333,1780168769,34,94,-28,gauche,0
790,26.333,1780168769,18,163,-18,gauche,0
790,26.333,1780168769,47,124,-17,gauche,0
790,26.333,1780168769,40,472,402,gauche,0
790,26.333,1780168769,11,10,460,droite,1
790,26.333,1780168769,24,-85,508,droite,0
790,26.333,1780168769,4,-16,545,droite,0
790,26.333,1780168769,22,88,555,droite,1
790,26.333,1780168769,2,289,453,droite,1
790,26.333,1780168769,15,189,767,droite,0
790,26.333,1780168769,17,226,732,droite,1
790,26.333,1780168769,29,140,753,droite,0
790,26.333,1780168769,20,149,765,droite,0
791,26.367,1780168769,38,44,238,gauche,1
791,26.367,1780168769,42,314,312,gauche,1
791,26.367,1780168769,30,-3,299,gauche,0
791,26.367,1780168769,11,230,93,gauche,1
791,26.367,1780168769,18,162,-18,gauche,0
791,26.367,1780168769,34,93,-28,gauche,0
791,26.367,1780168769,47,124,-18,gauche,0
791,26.367,1780168769,40,472,401,gauche,0
791,26.367,1780168769,11,9,460,droite,1
791,26.367,1780168769,4,-16,544,droite,0
791,26.367,1780168769,24,-87,507,droite,0
791,26.367,1780168769,1,81,555,droite,1
791,26.367,1780168769,15,189,767,droite,0
791,26.367,1780168769,17,225,732,droite,1
791,26.367,1780168769,22,85,555,droite,1
791,26.367,1780168769,2,290,451,droite,1
791,26.367,1780168769,30,293,459,droite,1
791,26.367,1780168769,29,140,754,droite,0
791,26.367,1780168769,20,149,764,droite,0
791,26.367,1780168769,14,-114,450,droite,0
791,26.367,1780168769,28,-114,451,droite,0
792,26.400,1780168769,30,-5,301,gauche,0
792,26.400,1780168769,38,41,238,gauche,1
792,26.400,1780168769,42,315,317,gauche,1
792,26.400,1780168769,11,233,93,gauche,1
792,26.400,1780168769,18,162,-16,gauche,0
792,26.400,1780168769,34,93,-28,gauche,0
792,26.400,1780168769,47,124,-18,gauche,0
792,26.400,1780168769,48,475,395,gauche,0
792,26.400,1780168769,2,291,446,droite,1
792,26.400,1780168769,24,-88,507,droite,0
792,26.400,1780168769,4,-16,545,droite,0
792,26.400,1780168769,11,9,457,droite,1
792,26.400,1780168769,1,78,555,droite,1
792,26.400,1780168769,15,189,767,droite,0
792,26.400,1780168769,17,225,735,droite,1
792,26.400,1780168769,20,119,690,droite,1
792,26.400,1780168769,29,141,754,droite,0
793,26.433,1780168769,30,-5,301,gauche,0
793,26.433,1780168769,38,41,238,gauche,1
793,26.433,1780168769,11,233,93,gauche,1
793,26.433,1780168769,42,315,317,gauche,1
793,26.433,1780168769,18,162,-16,gauche,0
793,26.433,1780168769,34,93,-28,gauche,0
793,26.433,1780168769,47,124,-18,gauche,0
793,26.433,1780168769,48,475,395,gauche,0
793,26.433,1780168769,2,291,446,droite,1
793,26.433,1780168769,24,-88,507,droite,0
793,26.433,1780168769,4,-16,545,droite,0
793,26.433,1780168769,11,9,457,droite,1
793,26.433,1780168769,1,78,555,droite,1
793,26.433,1780168769,15,189,768,droite,0
793,26.433,1780168769,17,225,735,droite,1
793,26.433,1780168769,20,119,690,droite,1
793,26.433,1780168769,29,140,754,droite,0
794,26.467,1780168769,30,-6,301,gauche,0
794,26.467,1780168769,42,317,323,gauche,1
794,26.467,1780168769,11,234,105,gauche,1
794,26.467,1780168769,38,37,238,gauche,1
794,26.467,1780168769,18,161,-16,gauche,0
794,26.467,1780168769,34,93,-28,gauche,0
794,26.467,1780168769,47,124,-18,gauche,0
794,26.467,1780168769,48,475,395,gauche,0
794,26.467,1780168769,11,10,450,droite,1
794,26.467,1780168769,24,-89,507,droite,0
794,26.467,1780168769,4,-14,544,droite,0
794,26.467,1780168769,2,291,441,droite,1
794,26.467,1780168769,15,189,768,droite,0
794,26.467,1780168769,1,78,555,droite,1
794,26.467,1780168769,17,224,736,droite,0
794,26.467,1780168769,20,119,690,droite,1
794,26.467,1780168769,22,96,480,droite,1
794,26.467,1780168769,29,140,754,droite,0
794,26.467,1780168769,30,294,453,droite,1
794,26.467,1780168769,31,149,763,droite,0
795,26.500,1780168769,30,-7,302,gauche,0
795,26.500,1780168769,38,35,242,gauche,1
795,26.500,1780168769,11,235,116,gauche,1
795,26.500,1780168769,18,161,-16,gauche,0
795,26.500,1780168769,34,93,-28,gauche,0
795,26.500,1780168769,42,320,323,gauche,1
795,26.500,1780168769,47,124,-18,gauche,0
795,26.500,1780168769,48,475,395,gauche,0
795,26.500,1780168769,11,10,444,droite,1
795,26.500,1780168769,4,-13,544,droite,0
795,26.500,1780168769,2,292,427,droite,1
795,26.500,1780168769,1,76,554,droite,1
795,26.500,1780168769,24,-91,507,droite,0
795,26.500,1780168769,20,121,690,droite,1
795,26.500,1780168769,15,189,767,droite,0
795,26.500,1780168769,17,223,737,droite,0
795,26.500,1780168769,29,141,754,droite,0
795,26.500,1780168769,31,149,763,droite,0
796,26.533,1780168769,30,-8,304,gauche,0
796,26.533,1780168769,11,237,123,gauche,1
796,26.533,1780168769,42,321,323,gauche,1
796,26.533,1780168769,38,32,243,gauche,1
796,26.533,1780168769,18,161,-16,gauche,0
796,26.533,1780168769,34,93,-28,gauche,0
796,26.533,1780168769,47,124,-18,gauche,0
796,26.533,1780168769,48,475,395,gauche,0
796,26.533,1780168769,11,9,441,droite,1
796,26.533,1780168769,4,-12,544,droite,0
796,26.533,1780168769,24,-92,506,droite,0
796,26.533,1780168769,1,75,554,droite,1
796,26.533,1780168769,2,293,421,droite,1
796,26.533,1780168769,20,121,690,droite,1
796,26.533,1780168769,15,189,767,droite,0
796,26.533,1780168769,29,140,754,droite,0
796,26.533,1780168769,17,223,739,droite,0
796,26.533,1780168769,31,149,763,droite,0
796,26.533,1780168769,30,296,441,droite,1
797,26.567,1780168769,30,-5,316,gauche,0
797,26.567,1780168769,11,238,128,gauche,1
797,26.567,1780168769,38,35,255,gauche,1
797,26.567,1780168769,42,324,326,gauche,1
797,26.567,1780168769,34,93,-28,gauche,0
797,26.567,1780168769,18,160,-16,gauche,0
797,26.567,1780168769,47,124,-18,gauche,0
797,26.567,1780168769,48,475,395,gauche,0
797,26.567,1780168769,11,8,437,droite,1
797,26.567,1780168769,4,-11,544,droite,0
797,26.567,1780168769,24,-93,506,droite,0
797,26.567,1780168769,2,294,418,droite,1
797,26.567,1780168769,1,74,547,droite,1
797,26.567,1780168769,15,190,767,droite,0
797,26.567,1780168769,20,121,690,droite,1
797,26.567,1780168769,29,141,754,droite,0
797,26.567,1780168769,30,297,436,droite,1
797,26.567,1780168769,17,221,739,droite,0
797,26.567,1780168769,31,149,763,droite,0
798,26.600,1780168769,30,-3,326,gauche,0
798,26.600,1780168769,38,36,265,gauche,1
798,26.600,1780168769,11,240,128,gauche,1
798,26.600,1780168769,42,323,330,gauche,1
798,26.600,1780168769,34,93,-28,gauche,0
798,26.600,1780168769,18,160,-16,gauche,0
798,26.600,1780168769,47,124,-18,gauche,0
798,26.600,1780168769,48,475,395,gauche,0
798,26.600,1780168769,11,6,434,droite,1
798,26.600,1780168769,4,-11,544,droite,0
798,26.600,1780168769,1,75,539,droite,1
798,26.600,1780168769,2,295,418,droite,1
798,26.600,1780168769,24,-95,506,droite,0
798,26.600,1780168769,20,122,682,droite,1
798,26.600,1780168769,15,189,767,droite,0
798,26.600,1780168769,29,141,754,droite,0
798,26.600,1780168769,17,221,738,droite,0
799,26.633,1780168769,30,-3,326,gauche,0
799,26.633,1780168769,38,36,265,gauche,1
799,26.633,1780168769,11,240,128,gauche,1
799,26.633,1780168769,42,323,330,gauche,1
799,26.633,1780168769,34,93,-28,gauche,0
799,26.633,1780168769,18,160,-16,gauche,0
799,26.633,1780168769,47,124,-18,gauche,0
799,26.633,1780168769,48,475,395,gauche,0
799,26.633,1780168769,11,6,434,droite,1
799,26.633,1780168769,4,-11,544,droite,0
799,26.633,1780168769,1,75,539,droite,1
799,26.633,1780168769,2,295,418,droite,1
799,26.633,1780168769,24,-95,506,droite,0
799,26.633,1780168769,20,122,682,droite,1
799,26.633,1780168769,15,189,767,droite,0
799,26.633,1780168769,29,141,754,droite,0
799,26.633,1780168769,17,221,738,droite,0
800,26.667,1780168769,30,-3,334,gauche,0
800,26.667,1780168769,11,242,129,gauche,1
800,26.667,1780168769,42,323,335,gauche,1
800,26.667,1780168769,38,36,269,gauche,1
800,26.667,1780168769,34,93,-28,gauche,0
800,26.667,1780168769,18,161,-16,gauche,0
800,26.667,1780168769,47,124,-17,gauche,0
800,26.667,1780168769,48,474,396,gauche,0
800,26.667,1780168769,11,4,434,droite,1
800,26.667,1780168769,4,-11,544,droite,0
800,26.667,1780168769,2,296,418,droite,1
800,26.667,1780168769,1,73,533,droite,1
800,26.667,1780168769,24,-97,505,droite,0
800,26.667,1780168769,20,122,678,droite,1
800,26.667,1780168769,15,189,768,droite,0
800,26.667,1780168769,29,141,754,droite,0
800,26.667,1780168769,17,221,738,droite,0
800,26.667,1780168769,31,149,764,droite,0
801,26.700,1780168769,42,322,349,gauche,1
801,26.700,1780168769,38,35,273,gauche,1
801,26.700,1780168769,30,-4,337,gauche,0
801,26.700,1780168769,11,245,129,gauche,1
801,26.700,1780168769,18,161,-16,gauche,0
801,26.700,1780168769,34,93,-27,gauche,0
801,26.700,1780168769,47,124,-17,gauche,0
801,26.700,1780168769,48,474,396,gauche,0
801,26.700,1780168769,4,-11,544,droite,0
801,26.700,1780168769,1,72,532,droite,1
801,26.700,1780168769,11,0,433,droite,1
801,26.700,1780168769,24,-94,500,droite,0
801,26.700,1780168769,20,123,667,droite,1
801,26.700,1780168769,15,189,768,droite,0
801,26.700,1780168769,2,297,417,droite,1
801,26.700,1780168769,29,141,754,droite,0
801,26.700,1780168769,17,220,738,droite,0
801,26.700,1780168769,31,149,764,droite,0
801,26.700,1780168769,30,300,421,droite,1
801,26.700,1780168769,28,-133,480,droite,0
802,26.733,1780168769,42,324,356,gauche,1
802,26.733,1780168769,30,-6,337,gauche,0
802,26.733,1780168769,38,32,274,gauche,1
802,26.733,1780168769,34,93,-25,gauche,0
802,26.733,1780168769,11,247,135,gauche,1
802,26.733,1780168769,18,160,-16,gauche,0
802,26.733,1780168769,47,124,-17,gauche,0
802,26.733,1780168769,48,474,395,gauche,0
802,26.733,1780168769,4,-11,544,droite,0
802,26.733,1780168769,24,-94,496,droite,0
802,26.733,1780168769,20,124,659,droite,1
802,26.733,1780168769,1,68,532,droite,1
802,26.733,1780168769,11,-1,432,droite,0
802,26.733,1780168769,30,298,408,droite,1
802,26.733,1780168769,15,189,767,droite,0
802,26.733,1780168769,17,218,740,droite,0
802,26.733,1780168769,2,299,417,droite,1
802,26.733,1780168769,29,141,754,droite,0
802,26.733,1780168769,31,148,765,droite,0
803,26.767,1780168769,42,325,361,gauche,1
803,26.767,1780168769,38,30,274,gauche,1
803,26.767,1780168769,30,-9,338,gauche,0
803,26.767,1780168769,11,247,149,gauche,1
803,26.767,1780168769,18,160,-16,gauche,0
803,26.767,1780168769,34,93,-23,gauche,0
803,26.767,1780168769,47,124,-17,gauche,0
803,26.767,1780168769,48,474,395,gauche,0
803,26.767,1780168769,11,0,426,droite,1
803,26.767,1780168769,4,-10,544,droite,0
803,26.767,1780168769,24,-92,494,droite,0
803,26.767,1780168769,30,298,400,droite,1
803,26.767,1780168769,20,123,658,droite,1
803,26.767,1780168769,1,65,531,droite,1
803,26.767,1780168769,17,217,740,droite,0
803,26.767,1780168769,15,189,767,droite,0
803,26.767,1780168769,31,149,765,droite,0
803,26.767,1780168769,29,141,754,droite,0
803,26.767,1780168769,2,302,413,droite,1
804,26.800,1780168769,30,-10,339,gauche,0
804,26.800,1780168769,11,248,156,gauche,1
804,26.800,1780168769,34,93,-22,gauche,0
804,26.800,1780168769,38,29,274,gauche,1
804,26.800,1780168769,18,158,-16,gauche,0
804,26.800,1780168769,42,329,364,gauche,1
804,26.800,1780168769,40,310,374,gauche,0
804,26.800,1780168769,47,124,-17,gauche,0
804,26.800,1780168769,48,474,395,gauche,0
804,26.800,1780168769,30,297,389,droite,1
804,26.800,1780168769,4,-10,545,droite,0
804,26.800,1780168769,11,0,418,droite,1
804,26.800,1780168769,24,-91,492,droite,0
804,26.800,1780168769,20,123,657,droite,1
804,26.800,1780168769,17,215,740,droite,0
804,26.800,1780168769,15,189,767,droite,0
804,26.800,1780168769,31,149,765,droite,0
804,26.800,1780168769,29,141,754,droite,0
804,26.800,1780168769,1,63,530,droite,1
805,26.833,1780168769,30,-10,339,gauche,0
805,26.833,1780168769,11,248,156,gauche,1
805,26.833,1780168769,38,29,274,gauche,1
805,26.833,1780168769,34,93,-22,gauche,0
805,26.833,1780168769,18,158,-16,gauche,0
805,26.833,1780168769,42,329,364,gauche,1
805,26.833,1780168769,40,309,374,gauche,0
805,26.833,1780168769,47,124,-17,gauche,0
805,26.833,1780168769,48,474,395,gauche,0
805,26.833,1780168769,30,297,389,droite,1
805,26.833,1780168769,4,-10,545,droite,0
805,26.833,1780168769,11,0,418,droite,1
805,26.833,1780168769,24,-91,492,droite,0
805,26.833,1780168769,20,123,657,droite,1
805,26.833,1780168769,17,215,740,droite,0
805,26.833,1780168769,15,189,767,droite,0
805,26.833,1780168769,14,-5,433,droite,0
805,26.833,1780168769,31,149,765,droite,0
805,26.833,1780168769,29,141,754,droite,0
805,26.833,1780168769,1,63,530,droite,1
806,26.867,1780168769,30,-9,348,gauche,0
806,26.867,1780168769,40,306,373,gauche,0
806,26.867,1780168769,34,93,-21,gauche,0
806,26.867,1780168769,11,250,165,gauche,1
806,26.867,1780168769,38,29,276,gauche,1
806,26.867,1780168769,18,158,-15,gauche,0
806,26.867,1780168769,42,331,363,gauche,1
806,26.867,1780168769,47,124,-17,gauche,0
806,26.867,1780168769,48,474,395,gauche,0
806,26.867,1780168769,30,298,383,droite,1
806,26.867,1780168769,4,-11,545,droite,0
806,26.867,1780168769,14,-6,432,droite,0
806,26.867,1780168769,24,-90,490,droite,0
806,26.867,1780168769,15,189,767,droite,0
806,26.867,1780168769,31,149,765,droite,0
806,26.867,1780168769,17,215,740,droite,0
806,26.867,1780168769,1,65,519,droite,1
806,26.867,1780168769,29,141,754,droite,0
806,26.867,1780168769,20,124,657,droite,1
807,26.900,1780168769,30,-8,359,gauche,0
807,26.900,1780168769,40,306,373,gauche,0
807,26.900,1780168769,11,250,168,gauche,1
807,26.900,1780168769,34,93,-22,gauche,0
807,26.900,1780168769,38,30,284,gauche,1
807,26.900,1780168769,42,333,368,gauche,0
807,26.900,1780168769,18,158,-15,gauche,0
807,26.900,1780168769,47,124,-17,gauche,0
807,26.900,1780168769,49,-30,404,gauche,0
807,26.900,1780168769,48,474,395,gauche,0
807,26.900,1780168769,4,-11,545,droite,0
807,26.900,1780168769,30,300,381,droite,1
807,26.900,1780168769,24,-89,488,droite,0
807,26.900,1780168769,1,65,513,droite,1
807,26.900,1780168769,14,-8,428,droite,0
807,26.900,1780168769,11,-1,410,droite,0
807,26.900,1780168769,15,189,767,droite,0
807,26.900,1780168769,17,214,740,droite,0
807,26.900,1780168769,31,149,765,droite,0
807,26.900,1780168769,29,141,754,droite,0
807,26.900,1780168769,20,124,657,droite,1
808,26.933,1780168769,30,-7,367,gauche,0
808,26.933,1780168769,11,252,169,gauche,1
808,26.933,1780168769,38,32,295,gauche,1
808,26.933,1780168769,34,93,-21,gauche,0
808,26.933,1780168769,40,307,372,gauche,0
808,26.933,1780168769,18,158,-14,gauche,0
808,26.933,1780168769,49,-29,403,gauche,0
808,26.933,1780168769,47,124,-18,gauche,0
808,26.933,1780168769,50,-41,-61,gauche,0
808,26.933,1780168769,51,-17,350,gauche,0
808,26.933,1780168769,42,317,375,gauche,0
808,26.933,1780168769,48,474,395,gauche,0
808,26.933,1780168769,4,-10,545,droite,0
808,26.933,1780168769,30,301,381,droite,1
808,26.933,1780168769,24,-90,487,droite,0
808,26.933,1780168769,1,63,508,droite,1
808,26.933,1780168769,11,-4,408,droite,0
808,26.933,1780168769,31,149,765,droite,0
808,26.933,1780168769,17,214,740,droite,0
808,26.933,1780168769,15,189,767,droite,0
808,26.933,1780168769,29,141,754,droite,0
808,26.933,1780168769,22,-11,407,droite,0
808,26.933,1780168769,14,-18,422,droite,0
808,26.933,1780168769,20,124,657,droite,1
809,26.967,1780168769,30,-6,372,gauche,0
809,26.967,1780168769,42,334,378,gauche,0
809,26.967,1780168769,40,305,373,gauche,0
809,26.967,1780168769,11,254,170,gauche,1
809,26.967,1780168769,38,32,301,gauche,1
809,26.967,1780168769,34,93,-20,gauche,0
809,26.967,1780168769,49,-30,401,gauche,0
809,26.967,1780168769,18,158,-12,gauche,0
809,26.967,1780168769,47,124,-17,gauche,0
809,26.967,1780168769,50,-42,-61,gauche,0
809,26.967,1780168769,48,474,396,gauche,0
809,26.967,1780168769,4,-10,546,droite,0
809,26.967,1780168769,24,-93,487,droite,0
809,26.967,1780168769,1,63,504,droite,1
809,26.967,1780168769,31,149,765,droite,0
809,26.967,1780168769,17,214,740,droite,0
809,26.967,1780168769,15,189,767,droite,0
809,26.967,1780168769,14,-20,418,droite,0
809,26.967,1780168769,29,141,754,droite,0
809,26.967,1780168769,30,302,379,droite,1
809,26.967,1780168769,20,127,642,droite,1
809,26.967,1780168769,2,305,382,droite,1
809,26.967,1780168769,22,-14,418,droite,0
810,27.000,1780168770,30,-6,376,gauche,0
810,27.000,1780168770,40,306,368,gauche,0
810,27.000,1780168770,42,336,378,gauche,0
810,27.000,1780168770,38,33,306,gauche,1
810,27.000,1780168770,34,93,-19,gauche,0
810,27.000,1780168770,49,-31,397,gauche,0
810,27.000,1780168770,11,256,173,gauche,1
810,27.000,1780168770,18,158,-9,gauche,0
810,27.000,1780168770,47,124,-18,gauche,0
810,27.000,1780168770,4,-10,546,droite,0
810,27.000,1780168770,30,302,371,droite,1
810,27.000,1780168770,24,-96,486,droite,0
810,27.000,1780168770,1,61,504,droite,1
810,27.000,1780168770,11,-12,406,droite,0
810,27.000,1780168770,31,150,765,droite,0
810,27.000,1780168770,20,129,634,droite,1
810,27.000,1780168770,15,189,767,droite,0
810,27.000,1780168770,17,214,740,droite,0
810,27.000,1780168770,28,-135,481,droite,0
810,27.000,1780168770,29,141,754,droite,0
811,27.033,1780168770,30,-6,376,gauche,0
811,27.033,1780168770,40,306,368,gauche,0
811,27.033,1780168770,42,336,378,gauche,0
811,27.033,1780168770,38,33,306,gauche,1
811,27.033,1780168770,34,93,-19,gauche,0
811,27.033,1780168770,49,-31,397,gauche,0
811,27.033,1780168770,11,256,173,gauche,1
811,27.033,1780168770,18,158,-9,gauche,0
811,27.033,1780168770,47,124,-18,gauche,0
811,27.033,1780168770,4,-10,546,droite,0
811,27.033,1780168770,30,302,371,droite,1
811,27.033,1780168770,24,-96,486,droite,0
811,27.033,1780168770,1,61,504,droite,1
811,27.033,1780168770,11,-12,405,droite,0
811,27.033,1780168770,31,150,765,droite,0
811,27.033,1780168770,20,129,634,droite,1
811,27.033,1780168770,15,189,768,droite,0
811,27.033,1780168770,17,214,740,droite,0
811,27.033,1780168770,28,-135,481,droite,0
811,27.033,1780168770,29,141,754,droite,0
812,27.067,1780168770,40,307,367,gauche,1
812,27.067,1780168770,38,31,309,gauche,1
812,27.067,1780168770,11,256,188,gauche,1
812,27.067,1780168770,30,-6,376,gauche,0
812,27.067,1780168770,42,338,379,gauche,0
812,27.067,1780168770,34,93,-19,gauche,0
812,27.067,1780168770,49,-33,393,gauche,0
812,27.067,1780168770,18,158,-6,gauche,0
812,27.067,1780168770,47,124,-18,gauche,0
812,27.067,1780168770,30,304,367,droite,1
812,27.067,1780168770,4,-9,545,droite,0
812,27.067,1780168770,24,-96,486,droite,0
812,27.067,1780168770,11,-15,404,droite,0
812,27.067,1780168770,20,131,628,droite,1
812,27.067,1780168770,1,59,504,droite,1
812,27.067,1780168770,17,213,740,droite,0
812,27.067,1780168770,31,150,765,droite,0
812,27.067,1780168770,15,188,768,droite,0
812,27.067,1780168770,28,-135,481,droite,0
812,27.067,1780168770,29,141,754,droite,0
813,27.100,1780168770,40,307,366,gauche,1
813,27.100,1780168770,11,257,199,gauche,1
813,27.100,1780168770,38,30,309,gauche,1
813,27.100,1780168770,30,-6,377,gauche,0
813,27.100,1780168770,34,92,-19,gauche,0
813,27.100,1780168770,49,-34,388,gauche,0
813,27.100,1780168770,18,157,-6,gauche,0
813,27.100,1780168770,42,342,380,gauche,0
813,27.100,1780168770,47,125,-18,gauche,0
813,27.100,1780168770,4,-9,545,droite,0
813,27.100,1780168770,24,-96,486,droite,0
813,27.100,1780168770,20,133,625,droite,1
813,27.100,1780168770,11,-18,404,droite,0
813,27.100,1780168770,17,213,740,droite,0
813,27.100,1780168770,1,57,503,droite,1
813,27.100,1780168770,31,150,765,droite,0
813,27.100,1780168770,32,308,369,droite,1
813,27.100,1780168770,28,-135,481,droite,0
813,27.100,1780168770,14,-24,407,droite,0
813,27.100,1780168770,15,188,768,droite,0
813,27.100,1780168770,29,141,754,droite,0
813,27.100,1780168770,22,-22,336,droite,0
813,27.100,1780168770,30,305,367,droite,1
813,27.100,1780168770,2,309,373,droite,1
814,27.133,1780168770,11,257,205,gauche,1
814,27.133,1780168770,38,29,310,gauche,1
814,27.133,1780168770,30,-8,377,gauche,0
814,27.133,1780168770,34,92,-19,gauche,0
814,27.133,1780168770,40,308,363,gauche,1
814,27.133,1780168770,42,317,342,gauche,1
814,27.133,1780168770,18,157,-6,gauche,0
814,27.133,1780168770,47,125,-18,gauche,0
814,27.133,1780168770,49,-33,382,gauche,0
814,27.133,1780168770,48,469,410,gauche,0
814,27.133,1780168770,50,-4,-46,gauche,0
814,27.133,1780168770,4,-9,545,droite,0
814,27.133,1780168770,24,-96,486,droite,0
814,27.133,1780168770,20,134,624,droite,1
814,27.133,1780168770,32,309,366,droite,1
814,27.133,1780168770,11,-18,402,droite,0
814,27.133,1780168770,1,55,502,droite,1
814,27.133,1780168770,31,150,765,droite,0
814,27.133,1780168770,17,212,740,droite,0
814,27.133,1780168770,15,188,768,droite,0
814,27.133,1780168770,28,-135,482,droite,0
814,27.133,1780168770,22,-14,339,droite,0
814,27.133,1780168770,29,141,754,droite,0
815,27.167,1780168770,11,258,212,gauche,1
815,27.167,1780168770,40,310,359,gauche,1
815,27.167,1780168770,30,-7,383,gauche,0
815,27.167,1780168770,38,29,312,gauche,1
815,27.167,1780168770,34,91,-18,gauche,0
815,27.167,1780168770,18,156,-5,gauche,0
815,27.167,1780168770,42,318,336,gauche,1
815,27.167,1780168770,47,125,-18,gauche,0
815,27.167,1780168770,50,-5,-46,gauche,0
815,27.167,1780168770,48,469,410,gauche,0
815,27.167,1780168770,4,-10,545,droite,0
815,27.167,1780168770,22,-8,341,droite,0
815,27.167,1780168770,24,-96,486,droite,0
815,27.167,1780168770,20,135,623,droite,1
815,27.167,1780168770,11,-14,387,droite,0
815,27.167,1780168770,32,314,365,droite,0
815,27.167,1780168770,1,58,491,droite,1
815,27.167,1780168770,31,150,765,droite,0
815,27.167,1780168770,2,342,361,droite,0
815,27.167,1780168770,15,188,768,droite,0
815,27.167,1780168770,28,-135,482,droite,0
815,27.167,1780168770,29,141,754,droite,0
815,27.167,1780168770,17,211,741,droite,0
815,27.167,1780168770,14,-4,342,droite,0
816,27.200,1780168770,11,260,213,gauche,1
816,27.200,1780168770,38,29,319,gauche,1
816,27.200,1780168770,30,-5,394,gauche,0
816,27.200,1780168770,34,91,-18,gauche,0
816,27.200,1780168770,42,318,330,gauche,1
816,27.200,1780168770,40,313,352,gauche,1
816,27.200,1780168770,18,156,-4,gauche,0
816,27.200,1780168770,50,-5,-46,gauche,0
816,27.200,1780168770,47,125,-18,gauche,0
816,27.200,1780168770,4,-10,545,droite,0
816,27.200,1780168770,11,-14,381,droite,0
816,27.200,1780168770,14,-6,342,droite,0
816,27.200,1780168770,20,137,623,droite,1
816,27.200,1780168770,24,-95,484,droite,0
816,27.200,1780168770,1,59,481,droite,1
816,27.200,1780168770,2,343,360,droite,0
816,27.200,1780168770,31,151,765,droite,0
816,27.200,1780168770,29,142,753,droite,0
816,27.200,1780168770,15,188,768,droite,0
816,27.200,1780168770,33,337,361,droite,0
816,27.200,1780168770,30,328,363,droite,0
816,27.200,1780168770,17,211,742,droite,0
816,27.200,1780168770,32,315,365,droite,0
817,27.233,1780168770,11,260,213,gauche,1
817,27.233,1780168770,38,29,319,gauche,1
817,27.233,1780168770,30,-5,394,gauche,0
817,27.233,1780168770,34,91,-18,gauche,0
817,27.233,1780168770,42,318,330,gauche,1
817,27.233,1780168770,40,313,352,gauche,1
817,27.233,1780168770,18,156,-4,gauche,0
817,27.233,1780168770,50,-5,-46,gauche,0
817,27.233,1780168770,47,125,-18,gauche,0
817,27.233,1780168770,4,-10,545,droite,0
817,27.233,1780168770,11,-14,381,droite,0
817,27.233,1780168770,14,-6,342,droite,0
817,27.233,1780168770,20,137,623,droite,1
817,27.233,1780168770,24,-95,484,droite,0
817,27.233,1780168770,1,59,481,droite,1
817,27.233,1780168770,2,343,360,droite,0
817,27.233,1780168770,31,151,764,droite,0
817,27.233,1780168770,15,188,767,droite,0
817,27.233,1780168770,29,142,753,droite,0
817,27.233,1780168770,33,337,361,droite,0
817,27.233,1780168770,30,328,363,droite,0
817,27.233,1780168770,17,211,742,droite,0
817,27.233,1780168770,32,315,365,droite,0
818,27.267,1780168770,38,31,333,gauche,1
818,27.267,1780168770,40,315,344,gauche,1
818,27.267,1780168770,30,-6,397,gauche,0
818,27.267,1780168770,11,261,213,gauche,1
818,27.267,1780168770,34,90,-19,gauche,0
818,27.267,1780168770,18,156,-4,gauche,0
818,27.267,1780168770,50,-5,-46,gauche,0
818,27.267,1780168770,47,125,-18,gauche,0
818,27.267,1780168770,4,-10,544,droite,0
818,27.267,1780168770,11,-16,377,droite,0
818,27.267,1780168770,24,-92,479,droite,0
818,27.267,1780168770,14,-4,342,droite,0
818,27.267,1780168770,2,343,360,droite,0
818,27.267,1780168770,20,138,623,droite,1
818,27.267,1780168770,31,151,765,droite,0
818,27.267,1780168770,1,60,475,droite,1
818,27.267,1780168770,29,142,753,droite,0
818,27.267,1780168770,15,188,767,droite,0
818,27.267,1780168770,17,210,741,droite,0
818,27.267,1780168770,28,-134,481,droite,0
819,27.300,1780168770,42,317,335,gauche,1
819,27.300,1780168770,30,-8,397,gauche,0
819,27.300,1780168770,38,31,339,gauche,1
819,27.300,1780168770,34,90,-18,gauche,0
819,27.300,1780168770,51,-29,363,gauche,0
819,27.300,1780168770,18,156,-4,gauche,0
819,27.300,1780168770,48,267,214,gauche,1
819,27.300,1780168770,11,263,214,gauche,1
819,27.300,1780168770,50,-5,-46,gauche,0
819,27.300,1780168770,47,125,-18,gauche,0
819,27.300,1780168770,4,-10,544,droite,0
819,27.300,1780168770,2,341,361,droite,0
819,27.300,1780168770,14,-5,351,droite,0
819,27.300,1780168770,24,-90,475,droite,0
819,27.300,1780168770,11,-24,373,droite,0
819,27.300,1780168770,1,60,470,droite,1
819,27.300,1780168770,31,151,765,droite,0
819,27.300,1780168770,20,139,619,droite,1
819,27.300,1780168770,15,188,767,droite,0
819,27.300,1780168770,22,140,601,droite,1
819,27.300,1780168770,29,142,753,droite,0
819,27.300,1780168770,17,210,742,droite,0
820,27.333,1780168770,42,318,329,gauche,1
820,27.333,1780168770,38,30,344,gauche,1
820,27.333,1780168770,34,89,-19,gauche,0
820,27.333,1780168770,30,-15,399,gauche,0
820,27.333,1780168770,11,263,224,gauche,1
820,27.333,1780168770,49,-25,378,gauche,0
820,27.333,1780168770,18,156,-4,gauche,0
820,27.333,1780168770,50,-5,-45,gauche,0
820,27.333,1780168770,48,267,224,gauche,1
820,27.333,1780168770,47,124,-18,gauche,0
820,27.333,1780168770,4,-10,544,droite,0
820,27.333,1780168770,2,341,361,droite,0
820,27.333,1780168770,1,62,466,droite,1
820,27.333,1780168770,24,-89,473,droite,0
820,27.333,1780168770,14,-3,349,droite,0
820,27.333,1780168770,20,140,611,droite,1
820,27.333,1780168770,11,-26,374,droite,0
820,27.333,1780168770,31,151,765,droite,0
820,27.333,1780168770,29,142,754,droite,0
820,27.333,1780168770,15,188,767,droite,0
820,27.333,1780168770,17,209,742,droite,0
821,27.367,1780168770,38,30,344,gauche,1
821,27.367,1780168770,42,319,328,gauche,1
821,27.367,1780168770,11,263,238,gauche,1
821,27.367,1780168770,34,89,-19,gauche,0
821,27.367,1780168770,18,155,-4,gauche,0
821,27.367,1780168770,50,-5,-46,gauche,0
821,27.367,1780168770,30,-15,399,gauche,0
821,27.367,1780168770,47,124,-17,gauche,0
821,27.367,1780168770,51,-30,357,gauche,0
821,27.367,1780168770,2,340,364,droite,0
821,27.367,1780168770,4,-10,544,droite,0
821,27.367,1780168770,1,60,466,droite,1
821,27.367,1780168770,14,-2,352,droite,0
821,27.367,1780168770,24,-90,472,droite,0
821,27.367,1780168770,22,141,601,droite,1
821,27.367,1780168770,11,-28,373,droite,0
821,27.367,1780168770,31,151,765,droite,0
821,27.367,1780168770,29,142,753,droite,0
821,27.367,1780168770,17,208,741,droite,0
821,27.367,1780168770,15,187,767,droite,0
822,27.400,1780168770,38,29,345,gauche,1
822,27.400,1780168770,11,263,248,gauche,1
822,27.400,1780168770,42,319,326,gauche,1
822,27.400,1780168770,34,88,-19,gauche,0
822,27.400,1780168770,51,-27,364,gauche,0
822,27.400,1780168770,18,155,-4,gauche,0
822,27.400,1780168770,50,-5,-46,gauche,0
822,27.400,1780168770,47,124,-18,gauche,0
822,27.400,1780168770,4,-10,544,droite,0
822,27.400,1780168770,2,342,372,droite,1
822,27.400,1780168770,14,-2,352,droite,0
822,27.400,1780168770,24,-88,470,droite,0
822,27.400,1780168770,1,59,466,droite,1
822,27.400,1780168770,22,142,596,droite,1
822,27.400,1780168770,31,151,765,droite,0
822,27.400,1780168770,29,142,753,droite,0
822,27.400,1780168770,11,-31,376,droite,0
822,27.400,1780168770,17,207,741,droite,0
822,27.400,1780168770,15,187,767,droite,0
823,27.433,1780168770,38,29,345,gauche,1
823,27.433,1780168770,11,263,248,gauche,1
823,27.433,1780168770,42,319,326,gauche,1
823,27.433,1780168770,34,88,-19,gauche,0
823,27.433,1780168770,51,-26,364,gauche,0
823,27.433,1780168770,18,155,-4,gauche,0
823,27.433,1780168770,50,-5,-46,gauche,0
823,27.433,1780168770,47,124,-18,gauche,0
823,27.433,1780168770,4,-10,544,droite,0
823,27.433,1780168770,2,342,372,droite,1
823,27.433,1780168770,14,-2,352,droite,0
823,27.433,1780168770,24,-88,470,droite,0
823,27.433,1780168770,1,59,466,droite,1
823,27.433,1780168770,22,142,596,droite,1
823,27.433,1780168770,31,151,765,droite,0
823,27.433,1780168770,29,142,753,droite,0
823,27.433,1780168770,11,-31,376,droite,0
823,27.433,1780168770,17,207,741,droite,0
823,27.433,1780168770,15,187,767,droite,0
824,27.467,1780168770,11,264,254,gauche,1
824,27.467,1780168770,38,28,345,gauche,1
824,27.467,1780168770,42,322,318,gauche,1
824,27.467,1780168770,34,88,-18,gauche,0
824,27.467,1780168770,18,155,-3,gauche,0
824,27.467,1780168770,47,124,-17,gauche,0
824,27.467,1780168770,50,-5,-46,gauche,0
824,27.467,1780168770,2,343,381,droite,1
824,27.467,1780168770,4,-10,544,droite,0
824,27.467,1780168770,14,-1,353,droite,0
824,27.467,1780168770,22,147,591,droite,1
824,27.467,1780168770,24,-87,468,droite,0
824,27.467,1780168770,1,60,466,droite,1
824,27.467,1780168770,31,151,765,droite,0
824,27.467,1780168770,29,142,754,droite,0
824,27.467,1780168770,17,206,741,droite,0
824,27.467,1780168770,15,187,768,droite,0
825,27.500,1780168770,42,323,317,gauche,1
825,27.500,1780168770,11,265,258,gauche,1
825,27.500,1780168770,38,26,350,gauche,1
825,27.500,1780168770,34,88,-14,gauche,0
825,27.500,1780168770,18,155,-3,gauche,0
825,27.500,1780168770,51,-27,357,gauche,0
825,27.500,1780168770,47,124,-17,gauche,0
825,27.500,1780168770,50,-6,-46,gauche,0
825,27.500,1780168770,2,343,381,droite,1
825,27.500,1780168770,4,-10,544,droite,0
825,27.500,1780168770,22,149,588,droite,1
825,27.500,1780168770,28,-5,374,droite,0
825,27.500,1780168770,24,-87,467,droite,0
825,27.500,1780168770,31,151,765,droite,0
825,27.500,1780168770,11,-27,358,droite,0
825,27.500,1780168770,29,142,754,droite,0
825,27.500,1780168770,1,63,456,droite,1
825,27.500,1780168770,14,0,356,droite,0
825,27.500,1780168770,17,206,741,droite,0
825,27.500,1780168770,15,186,767,droite,0
826,27.533,1780168770,42,325,311,gauche,1
826,27.533,1780168770,11,267,258,gauche,1
826,27.533,1780168770,38,29,361,gauche,1
826,27.533,1780168770,34,88,-10,gauche,0
826,27.533,1780168770,51,-25,356,gauche,0
826,27.533,1780168770,18,155,-3,gauche,0
826,27.533,1780168770,47,124,-17,gauche,0
826,27.533,1780168770,50,-6,-46,gauche,0
826,27.533,1780168770,2,344,383,droite,1
826,27.533,1780168770,14,1,360,droite,0
826,27.533,1780168770,4,-10,544,droite,0
826,27.533,1780168770,22,150,587,droite,1
826,27.533,1780168770,11,-23,343,droite,0
826,27.533,1780168770,24,-87,467,droite,0
826,27.533,1780168770,1,64,446,droite,1
826,27.533,1780168770,31,151,765,droite,0
826,27.533,1780168770,29,142,754,droite,0
826,27.533,1780168770,17,206,741,droite,0
826,27.533,1780168770,20,-132,478,droite,0
827,27.567,1780168770,42,327,303,gauche,1
827,27.567,1780168770,11,268,259,gauche,1
827,27.567,1780168770,51,-20,354,gauche,0
827,27.567,1780168770,38,30,371,gauche,0
827,27.567,1780168770,34,88,-8,gauche,0
827,27.567,1780168770,18,154,-4,gauche,0
827,27.567,1780168770,47,124,-18,gauche,0
827,27.567,1780168770,50,-7,-47,gauche,0
827,27.567,1780168770,4,-10,544,droite,0
827,27.567,1780168770,14,1,365,droite,0
827,27.567,1780168770,22,151,587,droite,1
827,27.567,1780168770,2,346,388,droite,1
827,27.567,1780168770,1,65,441,droite,1
827,27.567,1780168770,24,-90,466,droite,0
827,27.567,1780168770,11,-28,342,droite,0
827,27.567,1780168770,31,150,765,droite,0
827,27.567,1780168770,17,205,741,droite,0
827,27.567,1780168770,29,142,754,droite,0
827,27.567,1780168770,32,-22,338,droite,0
827,27.567,1780168770,28,-33,353,droite,0
828,27.600,1780168770,42,329,295,gauche,1
828,27.600,1780168770,51,-18,351,gauche,0
828,27.600,1780168770,38,29,376,gauche,0
828,27.600,1780168770,11,269,267,gauche,1
828,27.600,1780168770,34,88,-7,gauche,0
828,27.600,1780168770,18,154,-4,gauche,0
828,27.600,1780168770,47,125,-17,gauche,0
828,27.600,1780168770,50,-7,-46,gauche,0
828,27.600,1780168770,4,-11,544,droite,0
828,27.600,1780168770,2,347,391,droite,1
828,27.600,1780168770,1,66,436,droite,1
828,27.600,1780168770,11,-4,389,droite,0
828,27.600,1780168770,22,154,587,droite,1
828,27.600,1780168770,28,-30,350,droite,0
828,27.600,1780168770,24,-91,466,droite,0
828,27.600,1780168770,17,205,740,droite,0
828,27.600,1780168770,31,150,765,droite,0
828,27.600,1780168770,14,1,370,droite,1
828,27.600,1780168770,29,141,755,droite,0
829,27.633,1780168770,42,329,295,gauche,1
829,27.633,1780168770,51,-18,351,gauche,0
829,27.633,1780168770,38,29,376,gauche,0
829,27.633,1780168770,11,269,267,gauche,1
829,27.633,1780168770,34,88,-7,gauche,0
829,27.633,1780168770,18,154,-4,gauche,0
829,27.633,1780168770,47,125,-17,gauche,0
829,27.633,1780168770,50,-7,-46,gauche,0
829,27.633,1780168770,4,-11,544,droite,0
829,27.633,1780168770,2,347,391,droite,1
829,27.633,1780168770,1,66,436,droite,1
829,27.633,1780168770,11,-4,389,droite,0
829,27.633,1780168770,22,154,587,droite,1
829,27.633,1780168770,28,-30,350,droite,0
829,27.633,1780168770,24,-91,466,droite,0
829,27.633,1780168770,17,205,740,droite,0
829,27.633,1780168770,31,150,765,droite,0
829,27.633,1780168770,14,1,370,droite,1
829,27.633,1780168770,29,142,754,droite,0
830,27.667,1780168770,42,331,287,gauche,1
830,27.667,1780168770,51,-18,346,gauche,0
830,27.667,1780168770,38,28,381,gauche,0
830,27.667,1780168770,34,88,-7,gauche,0
830,27.667,1780168770,11,269,279,gauche,1
830,27.667,1780168770,18,155,-4,gauche,0
830,27.667,1780168770,47,124,-17,gauche,0
830,27.667,1780168770,50,-8,-48,gauche,0
830,27.667,1780168770,4,-11,544,droite,0
830,27.667,1780168770,22,157,578,droite,1
830,27.667,1780168770,2,349,399,droite,1
830,27.667,1780168770,24,-94,466,droite,0
830,27.667,1780168770,1,67,432,droite,1
830,27.667,1780168770,28,-32,345,droite,0
830,27.667,1780168770,11,-3,390,droite,0
830,27.667,1780168770,14,1,376,droite,1
830,27.667,1780168770,31,150,765,droite,0
830,27.667,1780168770,17,205,740,droite,0
830,27.667,1780168770,29,141,754,droite,0
830,27.667,1780168770,15,184,766,droite,0
831,27.700,1780168770,11,268,291,gauche,1
831,27.700,1780168770,51,-17,340,gauche,0
831,27.700,1780168770,42,332,287,gauche,1
831,27.700,1780168770,34,88,-5,gauche,0
831,27.700,1780168770,38,24,382,gauche,0
831,27.700,1780168770,18,155,-4,gauche,0
831,27.700,1780168770,47,124,-17,gauche,0
831,27.700,1780168770,50,-7,-47,gauche,0
831,27.700,1780168770,4,-11,544,droite,0
831,27.700,1780168770,2,350,407,droite,1
831,27.700,1780168770,11,-1,383,droite,0
831,27.700,1780168770,22,160,569,droite,1
831,27.700,1780168770,1,67,427,droite,1
831,27.700,1780168770,24,-97,466,droite,0
831,27.700,1780168770,28,-33,341,droite,0
831,27.700,1780168770,17,205,740,droite,0
831,27.700,1780168770,31,150,765,droite,0
831,27.700,1780168770,29,141,754,droite,0
831,27.700,1780168770,15,184,766,droite,0
832,27.733,1780168770,42,334,284,gauche,1
832,27.733,1780168770,11,268,299,gauche,1
832,27.733,1780168770,51,-16,335,gauche,0
832,27.733,1780168770,34,88,-2,gauche,0
832,27.733,1780168770,38,24,383,gauche,0
832,27.733,1780168770,18,155,-4,gauche,0
832,27.733,1780168770,47,124,-17,gauche,0
832,27.733,1780168770,50,-7,-47,gauche,0
832,27.733,1780168770,11,0,390,droite,1
832,27.733,1780168770,4,-11,544,droite,0
832,27.733,1780168770,2,352,416,droite,1
832,27.733,1780168770,22,162,563,droite,1
832,27.733,1780168770,1,67,427,droite,1
832,27.733,1780168770,24,-99,465,droite,0
832,27.733,1780168770,28,-32,334,droite,0
832,27.733,1780168770,31,150,765,droite,0
832,27.733,1780168770,29,142,754,droite,0
832,27.733,1780168770,17,205,741,droite,0
832,27.733,1780168770,15,184,766,droite,0
833,27.767,1780168770,42,335,281,gauche,1
833,27.767,1780168770,11,269,305,gauche,1
833,27.767,1780168770,34,87,-3,gauche,0
833,27.767,1780168770,51,-17,328,gauche,0
833,27.767,1780168770,38,25,385,gauche,0
833,27.767,1780168770,18,155,-4,gauche,0
833,27.767,1780168770,47,124,-17,gauche,0
833,27.767,1780168770,30,31,386,gauche,0
833,27.767,1780168770,22,165,557,droite,1
833,27.767,1780168770,11,1,390,droite,1
833,27.767,1780168770,4,-11,544,droite,0
833,27.767,1780168770,2,352,422,droite,1
833,27.767,1780168770,24,-96,462,droite,0
833,27.767,1780168770,1,68,427,droite,1
833,27.767,1780168770,28,-28,335,droite,0
833,27.767,1780168770,31,150,765,droite,0
833,27.767,1780168770,17,204,742,droite,0
833,27.767,1780168770,29,142,754,droite,0
833,27.767,1780168770,15,184,766,droite,0
833,27.767,1780168770,14,19,349,droite,0
834,27.800,1780168770,42,336,277,gauche,1
834,27.800,1780168770,38,27,388,gauche,0
834,27.800,1780168770,11,270,306,gauche,1
834,27.800,1780168770,34,87,-2,gauche,0
834,27.800,1780168770,51,-18,321,gauche,0
834,27.800,1780168770,18,155,-4,gauche,0
834,27.800,1780168770,47,125,-17,gauche,0
834,27.800,1780168770,11,3,394,droite,1
834,27.800,1780168770,4,-11,544,droite,0
834,27.800,1780168770,22,166,554,droite,1
834,27.800,1780168770,24,-96,457,droite,0
834,27.800,1780168770,2,355,432,droite,1
834,27.800,1780168770,1,68,427,droite,1
834,27.800,1780168770,31,150,765,droite,0
834,27.800,1780168770,17,204,743,droite,0
834,27.800,1780168770,28,-28,335,droite,0
834,27.800,1780168770,29,141,754,droite,0
834,27.800,1780168770,15,184,766,droite,0
835,27.833,1780168770,42,336,277,gauche,1
835,27.833,1780168770,38,27,388,gauche,0
835,27.833,1780168770,11,270,306,gauche,1
835,27.833,1780168770,34,87,-2,gauche,0
835,27.833,1780168770,51,-18,321,gauche,0
835,27.833,1780168770,18,155,-4,gauche,0
835,27.833,1780168770,47,125,-17,gauche,0
835,27.833,1780168770,11,3,394,droite,1
835,27.833,1780168770,4,-11,544,droite,0
835,27.833,1780168770,22,166,554,droite,1
835,27.833,1780168770,24,-96,457,droite,0
835,27.833,1780168770,2,355,432,droite,1
835,27.833,1780168770,1,68,427,droite,1
835,27.833,1780168770,31,150,765,droite,0
835,27.833,1780168770,17,204,743,droite,0
835,27.833,1780168770,28,-28,335,droite,0
835,27.833,1780168770,29,141,754,droite,0
835,27.833,1780168770,15,184,766,droite,0
836,27.867,1780168770,42,337,272,gauche,1
836,27.867,1780168770,51,-14,320,gauche,0
836,27.867,1780168770,34,87,-2,gauche,0
836,27.867,1780168770,11,271,306,gauche,1
836,27.867,1780168770,18,154,-4,gauche,0
836,27.867,1780168770,47,124,-17,gauche,0
836,27.867,1780168770,38,25,388,gauche,0
836,27.867,1780168770,11,4,397,droite,1
836,27.867,1780168770,4,-11,544,droite,0
836,27.867,1780168770,2,352,426,droite,1
836,27.867,1780168770,22,168,550,droite,1
836,27.867,1780168770,24,-94,454,droite,0
836,27.867,1780168770,1,67,427,droite,1
836,27.867,1780168770,14,24,350,droite,0
836,27.867,1780168770,31,150,765,droite,0
836,27.867,1780168770,29,142,754,droite,0
836,27.867,1780168770,17,204,743,droite,0
836,27.867,1780168770,32,31,351,droite,0
836,27.867,1780168770,15,184,766,droite,0
837,27.900,1780168770,42,339,265,gauche,1
837,27.900,1780168770,51,-10,318,gauche,0
837,27.900,1780168770,11,272,309,gauche,1
837,27.900,1780168770,34,86,-2,gauche,0
837,27.900,1780168770,18,154,-4,gauche,0
837,27.900,1780168770,47,125,-17,gauche,0
837,27.900,1780168770,38,23,389,gauche,0
837,27.900,1780168770,11,4,401,droite,1
837,27.900,1780168770,2,353,430,droite,1
837,27.900,1780168770,4,-11,544,droite,0
837,27.900,1780168770,22,170,550,droite,1
837,27.900,1780168770,14,24,353,droite,0
837,27.900,1780168770,1,67,420,droite,1
837,27.900,1780168770,24,-93,452,droite,0
837,27.900,1780168770,31,150,765,droite,0
837,27.900,1780168770,29,141,754,droite,0
837,27.900,1780168770,15,184,766,droite,0
837,27.900,1780168770,17,203,745,droite,0
838,27.933,1780168770,42,341,256,gauche,1
838,27.933,1780168770,51,-7,316,gauche,0
838,27.933,1780168770,34,86,-2,gauche,0
838,27.933,1780168770,11,272,317,gauche,1
838,27.933,1780168770,18,154,-4,gauche,0
838,27.933,1780168770,38,22,389,gauche,0
838,27.933,1780168770,47,124,-17,gauche,0
838,27.933,1780168770,11,5,406,droite,1
838,27.933,1780168770,2,353,434,droite,1
838,27.933,1780168770,4,-11,544,droite,0
838,27.933,1780168770,22,171,550,droite,1
838,27.933,1780168770,28,69,410,droite,1
838,27.933,1780168770,14,25,358,droite,0
838,27.933,1780168770,24,-92,451,droite,0
838,27.933,1780168770,31,150,764,droite,0
838,27.933,1780168770,29,141,754,droite,0
838,27.933,1780168770,15,184,764,droite,0
838,27.933,1780168770,1,65,426,droite,1
838,27.933,1780168770,17,203,744,droite,0
838,27.933,1780168770,32,28,351,droite,0
839,27.967,1780168770,42,343,246,gauche,1
839,27.967,1780168770,51,-6,312,gauche,0
839,27.967,1780168770,34,86,-2,gauche,0
839,27.967,1780168770,11,272,329,gauche,1
839,27.967,1780168770,18,154,-4,gauche,0
839,27.967,1780168770,47,124,-17,gauche,0
839,27.967,1780168770,4,-11,544,droite,0
839,27.967,1780168770,11,4,412,droite,1
839,27.967,1780168770,2,355,439,droite,1
839,27.967,1780168770,22,173,550,droite,1
839,27.967,1780168770,28,70,403,droite,1
839,27.967,1780168770,24,-91,449,droite,0
839,27.967,1780168770,32,29,351,droite,0
839,27.967,1780168770,14,26,362,droite,0
839,27.967,1780168770,31,150,764,droite,0
839,27.967,1780168770,15,183,764,droite,0
839,27.967,1780168770,29,141,753,droite,0
839,27.967,1780168770,17,203,743,droite,0
839,27.967,1780168770,20,-115,451,droite,0
840,28.000,1780168771,42,344,242,gauche,1
840,28.000,1780168771,51,-5,307,gauche,0
840,28.000,1780168771,11,272,340,gauche,1
840,28.000,1780168771,34,85,-2,gauche,0
840,28.000,1780168771,18,154,-4,gauche,0
840,28.000,1780168771,47,124,-17,gauche,0
840,28.000,1780168771,4,-11,544,droite,0
840,28.000,1780168771,28,71,398,droite,1
840,28.000,1780168771,11,3,419,droite,1
840,28.000,1780168771,14,29,358,droite,0
840,28.000,1780168771,2,355,445,droite,1
840,28.000,1780168771,22,175,545,droite,1
840,28.000,1780168771,24,-90,447,droite,0
840,28.000,1780168771,17,203,743,droite,0
840,28.000,1780168771,15,183,764,droite,0
840,28.000,1780168771,31,150,764,droite,0
840,28.000,1780168771,29,141,753,droite,0
841,28.033,1780168771,42,344,243,gauche,1
841,28.033,1780168771,51,-5,307,gauche,0
841,28.033,1780168771,11,272,341,gauche,1
841,28.033,1780168771,34,85,-2,gauche,0
841,28.033,1780168771,18,154,-4,gauche,0
841,28.033,1780168771,47,124,-17,gauche,0
841,28.033,1780168771,4,-11,544,droite,0
841,28.033,1780168771,28,71,398,droite,1
841,28.033,1780168771,11,3,419,droite,1
841,28.033,1780168771,14,29,358,droite,0
841,28.033,1780168771,2,355,445,droite,1
841,28.033,1780168771,22,175,545,droite,1
841,28.033,1780168771,24,-90,447,droite,0
841,28.033,1780168771,17,203,743,droite,0
841,28.033,1780168771,15,183,764,droite,0
841,28.033,1780168771,31,150,764,droite,0
841,28.033,1780168771,29,141,753,droite,0
842,28.067,1780168771,11,272,349,gauche,1
842,28.067,1780168771,51,-5,302,gauche,0
842,28.067,1780168771,42,344,243,gauche,1
842,28.067,1780168771,34,84,0,gauche,1
842,28.067,1780168771,18,154,-4,gauche,0
842,28.067,1780168771,47,124,-17,gauche,0
842,28.067,1780168771,28,70,394,droite,1
842,28.067,1780168771,4,-11,544,droite,0
842,28.067,1780168771,14,30,362,droite,0
842,28.067,1780168771,2,358,453,droite,1
842,28.067,1780168771,11,2,426,droite,1
842,28.067,1780168771,24,-89,447,droite,0
842,28.067,1780168771,22,177,534,droite,1
842,28.067,1780168771,17,202,743,droite,0
842,28.067,1780168771,31,150,764,droite,0
842,28.067,1780168771,15,182,764,droite,0
842,28.067,1780168771,29,141,754,droite,0
842,28.067,1780168771,20,-115,451,droite,0
842,28.067,1780168771,32,-113,449,droite,0
843,28.100,1780168771,11,272,354,gauche,1
843,28.100,1780168771,42,345,242,gauche,1
843,28.100,1780168771,34,84,3,gauche,1
843,28.100,1780168771,51,-6,295,gauche,0
843,28.100,1780168771,18,154,-4,gauche,0
843,28.100,1780168771,30,60,381,gauche,0
843,28.100,1780168771,47,124,-17,gauche,0
843,28.100,1780168771,28,69,394,droite,1
843,28.100,1780168771,4,-11,544,droite,0
843,28.100,1780168771,14,33,365,droite,0
843,28.100,1780168771,11,2,427,droite,1
843,28.100,1780168771,22,180,530,droite,1
843,28.100,1780168771,2,359,462,droite,1
843,28.100,1780168771,24,-92,446,droite,0
843,28.100,1780168771,31,150,764,droite,0
843,28.100,1780168771,17,201,743,droite,0
843,28.100,1780168771,15,182,764,droite,0
843,28.100,1780168771,29,142,754,droite,0
843,28.100,1780168771,32,-114,448,droite,0
844,28.133,1780168771,11,273,355,gauche,1
844,28.133,1780168771,42,346,237,gauche,1
844,28.133,1780168771,34,83,3,gauche,1
844,28.133,1780168771,51,-8,288,gauche,0
844,28.133,1780168771,18,154,-4,gauche,0
844,28.133,1780168771,30,60,381,gauche,0
844,28.133,1780168771,38,65,380,gauche,0
844,28.133,1780168771,50,65,379,gauche,0
844,28.133,1780168771,47,125,-17,gauche,0
844,28.133,1780168771,4,-11,544,droite,0
844,28.133,1780168771,14,36,369,droite,1
844,28.133,1780168771,11,2,428,droite,1
844,28.133,1780168771,22,182,520,droite,1
844,28.133,1780168771,2,360,468,droite,1
844,28.133,1780168771,28,66,393,droite,1
844,28.133,1780168771,24,-93,446,droite,0
844,28.133,1780168771,15,181,764,droite,0
844,28.133,1780168771,17,201,743,droite,0
844,28.133,1780168771,31,150,764,droite,0
844,28.133,1780168771,29,142,754,droite,0
844,28.133,1780168771,20,-115,451,droite,0
845,28.167,1780168771,11,274,356,gauche,1
845,28.167,1780168771,42,348,233,gauche,1
845,28.167,1780168771,34,82,5,gauche,1
845,28.167,1780168771,38,63,380,gauche,0
845,28.167,1780168771,18,154,-4,gauche,0
845,28.167,1780168771,51,-8,285,gauche,0
845,28.167,1780168771,47,125,-17,gauche,0
845,28.167,1780168771,4,-11,544,droite,0
845,28.167,1780168771,14,38,374,droite,1
845,28.167,1780168771,2,361,469,droite,1
845,28.167,1780168771,22,184,515,droite,1
845,28.167,1780168771,11,3,431,droite,1
845,28.167,1780168771,28,67,394,droite,1
845,28.167,1780168771,31,150,765,droite,0
845,28.167,1780168771,24,-93,446,droite,0
845,28.167,1780168771,17,201,743,droite,0
845,28.167,1780168771,15,181,763,droite,0
845,28.167,1780168771,1,-4,450,droite,0
845,28.167,1780168771,29,142,754,droite,0
846,28.200,1780168771,50,65,379,gauche,0
846,28.200,1780168771,42,348,228,gauche,1
846,28.200,1780168771,34,83,9,gauche,1
846,28.200,1780168771,18,153,-4,gauche,0
846,28.200,1780168771,11,278,357,gauche,1
846,28.200,1780168771,51,-4,284,gauche,0
846,28.200,1780168771,47,125,-17,gauche,0
846,28.200,1780168771,30,275,362,gauche,1
846,28.200,1780168771,52,474,395,gauche,0
846,28.200,1780168771,4,-11,544,droite,0
846,28.200,1780168771,14,39,379,droite,1
846,28.200,1780168771,22,185,511,droite,1
846,28.200,1780168771,28,67,389,droite,1
846,28.200,1780168771,2,362,472,droite,1
846,28.200,1780168771,1,-3,455,droite,0
846,28.200,1780168771,15,180,763,droite,0
846,28.200,1780168771,31,151,765,droite,0
846,28.200,1780168771,17,201,743,droite,0
846,28.200,1780168771,29,142,753,droite,0
846,28.200,1780168771,24,-95,445,droite,0
846,28.200,1780168771,11,4,436,droite,1
847,28.233,1780168771,42,348,228,gauche,1
847,28.233,1780168771,50,65,379,gauche,0
847,28.233,1780168771,34,83,9,gauche,1
847,28.233,1780168771,11,278,357,gauche,1
847,28.233,1780168771,18,153,-4,gauche,0
847,28.233,1780168771,51,-4,284,gauche,0
847,28.233,1780168771,47,125,-17,gauche,0
847,28.233,1780168771,30,275,362,gauche,1
847,28.233,1780168771,52,474,395,gauche,0
847,28.233,1780168771,4,-11,544,droite,0
847,28.233,1780168771,14,39,379,droite,1
847,28.233,1780168771,22,185,511,droite,1
847,28.233,1780168771,28,67,389,droite,1
847,28.233,1780168771,1,-3,455,droite,0
847,28.233,1780168771,2,362,472,droite,1
847,28.233,1780168771,15,180,763,droite,0
847,28.233,1780168771,31,151,765,droite,0
847,28.233,1780168771,17,201,743,droite,0
847,28.233,1780168771,24,-94,446,droite,0
847,28.233,1780168771,29,142,753,droite,0
847,28.233,1780168771,11,4,433,droite,1
848,28.267,1780168771,42,350,222,gauche,1
848,28.267,1780168771,34,84,11,gauche,1
848,28.267,1780168771,50,67,376,gauche,0
848,28.267,1780168771,51,0,286,gauche,1
848,28.267,1780168771,18,153,-4,gauche,0
848,28.267,1780168771,11,275,369,gauche,0
848,28.267,1780168771,38,326,251,gauche,1
848,28.267,1780168771,47,125,-17,gauche,0
848,28.267,1780168771,52,474,394,gauche,0
848,28.267,1780168771,30,277,363,gauche,1
848,28.267,1780168771,4,-11,544,droite,0
848,28.267,1780168771,14,39,385,droite,1
848,28.267,1780168771,22,187,511,droite,1
848,28.267,1780168771,11,4,438,droite,1
848,28.267,1780168771,32,67,379,droite,1
848,28.267,1780168771,2,367,486,droite,1
848,28.267,1780168771,28,64,386,droite,1
848,28.267,1780168771,17,201,743,droite,0
848,28.267,1780168771,15,179,763,droite,0
848,28.267,1780168771,1,-3,460,droite,0
848,28.267,1780168771,31,151,765,droite,0
848,28.267,1780168771,29,142,753,droite,0
848,28.267,1780168771,24,-94,446,droite,0
849,28.300,1780168771,42,353,214,gauche,1
849,28.300,1780168771,34,83,12,gauche,1
849,28.300,1780168771,51,4,283,gauche,1
849,28.300,1780168771,11,276,369,gauche,0
849,28.300,1780168771,50,70,378,gauche,0
849,28.300,1780168771,18,152,-4,gauche,0
849,28.300,1780168771,47,125,-17,gauche,0
849,28.300,1780168771,52,474,395,gauche,0
849,28.300,1780168771,53,-3,263,gauche,0
849,28.300,1780168771,4,-11,544,droite,0
849,28.300,1780168771,14,38,390,droite,1
849,28.300,1780168771,22,189,510,droite,1
849,28.300,1780168771,32,69,370,droite,1
849,28.300,1780168771,11,4,444,droite,1
849,28.300,1780168771,2,365,480,droite,1
849,28.300,1780168771,28,66,383,droite,1
849,28.300,1780168771,15,179,763,droite,0
849,28.300,1780168771,24,-95,444,droite,0
849,28.300,1780168771,17,201,743,droite,0
849,28.300,1780168771,31,151,765,droite,0
849,28.300,1780168771,29,142,754,droite,0
850,28.333,1780168771,51,6,282,gauche,1
850,28.333,1780168771,42,355,207,gauche,1
850,28.333,1780168771,34,82,12,gauche,1
850,28.333,1780168771,30,70,361,gauche,1
850,28.333,1780168771,18,151,-4,gauche,0
850,28.333,1780168771,11,278,370,gauche,0
850,28.333,1780168771,50,72,376,gauche,0
850,28.333,1780168771,47,124,-17,gauche,0
850,28.333,1780168771,52,474,395,gauche,0
850,28.333,1780168771,4,-11,544,droite,0
850,28.333,1780168771,14,38,391,droite,1
850,28.333,1780168771,11,4,449,droite,1
850,28.333,1780168771,2,365,485,droite,1
850,28.333,1780168771,22,191,510,droite,1
850,28.333,1780168771,24,-93,440,droite,0
850,28.333,1780168771,32,65,363,droite,0
850,28.333,1780168771,15,179,763,droite,0
850,28.333,1780168771,17,201,743,droite,0
850,28.333,1780168771,29,142,754,droite,0
850,28.333,1780168771,20,-116,452,droite,0
850,28.333,1780168771,31,151,765,droite,0
850,28.333,1780168771,34,373,508,droite,1
851,28.367,1780168771,42,357,201,gauche,1
851,28.367,1780168771,34,81,12,gauche,1
851,28.367,1780168771,30,72,355,gauche,1
851,28.367,1780168771,51,7,276,gauche,1
851,28.367,1780168771,18,150,-4,gauche,0
851,28.367,1780168771,50,75,371,gauche,0
851,28.367,1780168771,47,125,-18,gauche,0
851,28.367,1780168771,52,474,395,gauche,0
851,28.367,1780168771,4,-11,544,droite,0
851,28.367,1780168771,14,38,392,droite,1
851,28.367,1780168771,1,2,456,droite,1
851,28.367,1780168771,24,-90,435,droite,0
851,28.367,1780168771,2,365,491,droite,1
851,28.367,1780168771,22,193,506,droite,1
851,28.367,1780168771,32,62,361,droite,0
851,28.367,1780168771,15,178,763,droite,0
851,28.367,1780168771,17,201,743,droite,0
851,28.367,1780168771,31,151,765,droite,0
851,28.367,1780168771,29,142,753,droite,0
851,28.367,1780168771,28,70,362,droite,0
851,28.367,1780168771,20,-116,452,droite,0
852,28.400,1780168771,42,358,199,gauche,1
852,28.400,1780168771,34,82,12,gauche,1
852,28.400,1780168771,51,6,270,gauche,1
852,28.400,1780168771,30,75,352,gauche,1
852,28.400,1780168771,18,150,-4,gauche,0
852,28.400,1780168771,47,124,-17,gauche,0
852,28.400,1780168771,52,474,395,gauche,0
852,28.400,1780168771,4,-11,544,droite,0
852,28.400,1780168771,1,2,461,droite,1
852,28.400,1780168771,2,366,497,droite,1
852,28.400,1780168771,24,-89,433,droite,0
852,28.400,1780168771,22,196,502,droite,1
852,28.400,1780168771,15,177,763,droite,0
852,28.400,1780168771,11,36,409,droite,1
852,28.400,1780168771,14,40,395,droite,1
852,28.400,1780168771,32,63,361,droite,0
852,28.400,1780168771,28,70,363,droite,0
852,28.400,1780168771,31,151,765,droite,0
852,28.400,1780168771,17,201,743,droite,0
852,28.400,1780168771,29,142,754,droite,0
852,28.400,1780168771,34,185,499,droite,1
853,28.433,1780168771,42,358,199,gauche,1
853,28.433,1780168771,34,82,12,gauche,1
853,28.433,1780168771,51,6,270,gauche,1
853,28.433,1780168771,30,75,352,gauche,1
853,28.433,1780168771,18,150,-4,gauche,0
853,28.433,1780168771,47,124,-17,gauche,0
853,28.433,1780168771,52,474,395,gauche,0
853,28.433,1780168771,4,-11,544,droite,0
853,28.433,1780168771,1,2,461,droite,1
853,28.433,1780168771,2,366,497,droite,1
853,28.433,1780168771,24,-89,433,droite,0
853,28.433,1780168771,22,196,502,droite,1
853,28.433,1780168771,15,177,763,droite,0
853,28.433,1780168771,14,40,395,droite,1
853,28.433,1780168771,11,36,409,droite,1
853,28.433,1780168771,28,70,363,droite,0
853,28.433,1780168771,32,63,361,droite,0
853,28.433,1780168771,31,151,765,droite,0
853,28.433,1780168771,17,201,743,droite,0
853,28.433,1780168771,29,142,754,droite,0
854,28.467,1780168771,30,79,357,gauche,1
854,28.467,1780168771,34,82,12,gauche,1
854,28.467,1780168771,42,359,197,gauche,1
854,28.467,1780168771,18,150,-4,gauche,0
854,28.467,1780168771,53,2,254,gauche,1
854,28.467,1780168771,47,124,-17,gauche,0
854,28.467,1780168771,52,474,395,gauche,0
854,28.467,1780168771,4,-11,544,droite,0
854,28.467,1780168771,22,199,488,droite,1
854,28.467,1780168771,24,-89,431,droite,0
854,28.467,1780168771,2,366,506,droite,1
854,28.467,1780168771,14,41,398,droite,1
854,28.467,1780168771,1,5,462,droite,1
854,28.467,1780168771,32,65,359,droite,0
854,28.467,1780168771,15,177,763,droite,0
854,28.467,1780168771,31,151,765,droite,0
854,28.467,1780168771,29,142,754,droite,0
854,28.467,1780168771,17,201,743,droite,0
854,28.467,1780168771,20,-118,450,droite,0
855,28.500,1780168771,30,80,350,gauche,1
855,28.500,1780168771,34,82,11,gauche,1
855,28.500,1780168771,42,360,194,gauche,1
855,28.500,1780168771,18,149,-4,gauche,0
855,28.500,1780168771,53,3,252,gauche,1
855,28.500,1780168771,47,124,-17,gauche,0
855,28.500,1780168771,52,474,395,gauche,0
855,28.500,1780168771,4,-11,544,droite,0
855,28.500,1780168771,1,6,464,droite,1
855,28.500,1780168771,22,199,481,droite,1
855,28.500,1780168771,2,365,508,droite,1
855,28.500,1780168771,24,-88,430,droite,0
855,28.500,1780168771,14,43,400,droite,1
855,28.500,1780168771,15,177,763,droite,0
855,28.500,1780168771,32,66,359,droite,0
855,28.500,1780168771,31,151,765,droite,0
855,28.500,1780168771,29,142,754,droite,0
855,28.500,1780168771,17,200,743,droite,0
856,28.533,1780168771,42,362,189,gauche,1
856,28.533,1780168771,34,81,12,gauche,1
856,28.533,1780168771,30,83,349,gauche,1
856,28.533,1780168771,53,7,253,gauche,1
856,28.533,1780168771,18,149,-4,gauche,0
856,28.533,1780168771,47,124,-17,gauche,0
856,28.533,1780168771,52,474,395,gauche,0
856,28.533,1780168771,1,8,468,droite,1
856,28.533,1780168771,4,-11,544,droite,0
856,28.533,1780168771,14,45,404,droite,1
856,28.533,1780168771,24,-87,428,droite,0
856,28.533,1780168771,22,202,476,droite,1
856,28.533,1780168771,2,364,510,droite,1
856,28.533,1780168771,15,177,763,droite,0
856,28.533,1780168771,31,151,765,droite,0
856,28.533,1780168771,29,141,753,droite,0
856,28.533,1780168771,17,200,743,droite,0
856,28.533,1780168771,32,67,359,droite,0
857,28.567,1780168771,30,86,346,gauche,1
857,28.567,1780168771,34,80,14,gauche,1
857,28.567,1780168771,53,10,250,gauche,1
857,28.567,1780168771,42,366,175,gauche,1
857,28.567,1780168771,18,149,-4,gauche,0
857,28.567,1780168771,47,124,-17,gauche,0
857,28.567,1780168771,52,474,395,gauche,0
857,28.567,1780168771,51,74,13,gauche,1
857,28.567,1780168771,4,-11,544,droite,0
857,28.567,1780168771,22,204,473,droite,1
857,28.567,1780168771,24,-86,427,droite,0
857,28.567,1780168771,1,9,471,droite,1
857,28.567,1780168771,2,363,512,droite,1
857,28.567,1780168771,14,46,408,droite,1
857,28.567,1780168771,15,177,763,droite,0
857,28.567,1780168771,34,279,370,droite,1
857,28.567,1780168771,31,152,765,droite,0
857,28.567,1780168771,29,141,753,droite,0
857,28.567,1780168771,17,200,743,droite,0
857,28.567,1780168771,28,282,370,droite,1
858,28.600,1780168771,30,88,342,gauche,1
858,28.600,1780168771,53,13,247,gauche,1
858,28.600,1780168771,34,81,16,gauche,1
858,28.600,1780168771,42,365,179,gauche,1
858,28.600,1780168771,18,149,-4,gauche,0
858,28.600,1780168771,47,124,-17,gauche,0
858,28.600,1780168771,51,74,17,gauche,1
858,28.600,1780168771,52,474,395,gauche,0
858,28.600,1780168771,4,-11,544,droite,0
858,28.600,1780168771,2,363,517,droite,1
858,28.600,1780168771,1,9,475,droite,1
858,28.600,1780168771,24,-87,427,droite,0
858,28.600,1780168771,22,205,470,droite,1
858,28.600,1780168771,34,280,370,droite,1
858,28.600,1780168771,14,47,413,droite,1
858,28.600,1780168771,15,177,763,droite,0
858,28.600,1780168771,29,142,753,droite,0
858,28.600,1780168771,31,152,766,droite,0
858,28.600,1780168771,17,200,743,droite,0
859,28.633,1780168771,30,88,342,gauche,1
859,28.633,1780168771,53,13,247,gauche,1
859,28.633,1780168771,34,81,16,gauche,1
859,28.633,1780168771,42,365,179,gauche,1
859,28.633,1780168771,18,149,-4,gauche,0
859,28.633,1780168771,47,124,-17,gauche,0
859,28.633,1780168771,51,74,17,gauche,1
859,28.633,1780168771,52,474,395,gauche,0
859,28.633,1780168771,4,-11,544,droite,0
859,28.633,1780168771,2,363,517,droite,1
859,28.633,1780168771,1,9,475,droite,1
859,28.633,1780168771,24,-87,427,droite,0
859,28.633,1780168771,22,205,470,droite,1
859,28.633,1780168771,34,280,370,droite,1
859,28.633,1780168771,14,47,413,droite,1
859,28.633,1780168771,15,177,763,droite,0
859,28.633,1780168771,29,142,753,droite,0
859,28.633,1780168771,31,152,766,droite,0
859,28.633,1780168771,17,200,743,droite,0
860,28.667,1780168771,30,90,338,gauche,1
860,28.667,1780168771,34,81,19,gauche,1
860,28.667,1780168771,42,366,173,gauche,1
860,28.667,1780168771,53,14,242,gauche,1
860,28.667,1780168771,18,149,-3,gauche,0
860,28.667,1780168771,47,124,-17,gauche,0
860,28.667,1780168771,52,474,395,gauche,0
860,28.667,1780168771,4,-11,544,droite,0
860,28.667,1780168771,24,-87,426,droite,0
860,28.667,1780168771,22,207,470,droite,1
860,28.667,1780168771,1,8,481,droite,1
860,28.667,1780168771,2,364,520,droite,1
860,28.667,1780168771,14,48,418,droite,1
860,28.667,1780168771,34,279,371,droite,1
860,28.667,1780168771,15,177,763,droite,0
860,28.667,1780168771,31,152,766,droite,0
860,28.667,1780168771,29,142,753,droite,0
860,28.667,1780168771,17,200,743,droite,0
861,28.700,1780168771,34,81,20,gauche,1
861,28.700,1780168771,42,367,167,gauche,1
861,28.700,1780168771,53,16,236,gauche,1
861,28.700,1780168771,30,93,329,gauche,1
861,28.700,1780168771,18,148,-3,gauche,0
861,28.700,1780168771,47,124,-17,gauche,0
861,28.700,1780168771,51,74,19,gauche,1
861,28.700,1780168771,50,47,304,gauche,1
861,28.700,1780168771,52,474,395,gauche,0
861,28.700,1780168771,4,-11,544,droite,0
861,28.700,1780168771,1,7,487,droite,1
861,28.700,1780168771,22,209,470,droite,1
861,28.700,1780168771,2,364,526,droite,1
861,28.700,1780168771,14,48,422,droite,1
861,28.700,1780168771,24,-88,426,droite,0
861,28.700,1780168771,34,280,370,droite,1
861,28.700,1780168771,15,176,762,droite,0
861,28.700,1780168771,31,152,766,droite,0
861,28.700,1780168771,29,142,754,droite,0
861,28.700,1780168771,17,200,743,droite,0
862,28.733,1780168771,30,94,324,gauche,1
862,28.733,1780168771,34,80,22,gauche,1
862,28.733,1780168771,53,17,230,gauche,1
862,28.733,1780168771,42,369,161,gauche,1
862,28.733,1780168771,18,148,-3,gauche,0
862,28.733,1780168771,47,124,-17,gauche,0
862,28.733,1780168771,51,73,21,gauche,1
862,28.733,1780168771,52,474,395,gauche,0
862,28.733,1780168771,22,211,468,droite,1
862,28.733,1780168771,4,-11,544,droite,0
862,28.733,1780168771,34,279,372,droite,1
862,28.733,1780168771,14,51,425,droite,1
862,28.733,1780168771,2,366,533,droite,1
862,28.733,1780168771,1,6,493,droite,1
862,28.733,1780168771,24,-89,426,droite,0
862,28.733,1780168771,15,176,763,droite,0
862,28.733,1780168771,31,153,766,droite,0
862,28.733,1780168771,29,142,753,droite,0
862,28.733,1780168771,17,200,743,droite,0
863,28.767,1780168771,42,369,159,gauche,1
863,28.767,1780168771,34,79,22,gauche,1
863,28.767,1780168771,30,97,320,gauche,1
863,28.767,1780168771,53,18,228,gauche,1
863,28.767,1780168771,18,148,-3,gauche,0
863,28.767,1780168771,47,124,-17,gauche,0
863,28.767,1780168771,52,474,395,gauche,0
863,28.767,1780168771,14,52,426,droite,1
863,28.767,1780168771,4,-12,545,droite,0
863,28.767,1780168771,34,280,381,droite,1
863,28.767,1780168771,2,367,540,droite,1
863,28.767,1780168771,1,6,495,droite,1
863,28.767,1780168771,28,213,458,droite,1
863,28.767,1780168771,24,-89,426,droite,0
863,28.767,1780168771,15,176,762,droite,0
863,28.767,1780168771,29,143,753,droite,0
863,28.767,1780168771,31,153,766,droite,0
863,28.767,1780168771,17,201,743,droite,0
863,28.767,1780168771,22,213,475,droite,1
864,28.800,1780168771,30,100,318,gauche,1
864,28.800,1780168771,34,80,23,gauche,1
864,28.800,1780168771,42,370,154,gauche,1
864,28.800,1780168771,53,19,227,gauche,1
864,28.800,1780168771,18,147,-3,gauche,0
864,28.800,1780168771,47,125,-16,gauche,0
864,28.800,1780168771,14,55,427,droite,1
864,28.800,1780168771,28,213,449,droite,1
864,28.800,1780168771,4,-12,548,droite,0
864,28.800,1780168771,34,280,383,droite,1
864,28.800,1780168771,1,6,496,droite,1
864,28.800,1780168771,2,368,545,droite,1
864,28.800,1780168771,24,-90,426,droite,0
864,28.800,1780168771,15,175,762,droite,0
864,28.800,1780168771,29,143,754,droite,0
864,28.800,1780168771,31,153,766,droite,0
864,28.800,1780168771,17,200,743,droite,0
864,28.800,1780168771,22,282,399,droite,1
865,28.833,1780168771,30,100,318,gauche,1
865,28.833,1780168771,34,80,23,gauche,1
865,28.833,1780168771,42,370,154,gauche,1
865,28.833,1780168771,53,19,227,gauche,1
865,28.833,1780168771,18,147,-3,gauche,0
865,28.833,1780168771,47,125,-16,gauche,0
865,28.833,1780168771,14,55,427,droite,1
865,28.833,1780168771,28,213,449,droite,1
865,28.833,1780168771,4,-13,548,droite,0
865,28.833,1780168771,34,280,383,droite,1
865,28.833,1780168771,1,6,496,droite,1
865,28.833,1780168771,2,368,545,droite,1
865,28.833,1780168771,24,-90,426,droite,0
865,28.833,1780168771,15,175,762,droite,0
865,28.833,1780168771,29,143,754,droite,0
865,28.833,1780168771,31,153,766,droite,0
865,28.833,1780168771,17,200,743,droite,0
865,28.833,1780168771,22,282,399,droite,1
866,28.867,1780168771,34,80,23,gauche,1
866,28.867,1780168771,53,20,227,gauche,1
866,28.867,1780168771,30,104,317,gauche,1
866,28.867,1780168771,42,370,152,gauche,1
866,28.867,1780168771,18,147,-3,gauche,0
866,28.867,1780168771,47,125,-16,gauche,0
866,28.867,1780168771,28,214,441,droite,1
866,28.867,1780168771,14,57,429,droite,1
866,28.867,1780168771,34,279,386,droite,1
866,28.867,1780168771,4,-15,554,droite,0
866,28.867,1780168771,2,369,547,droite,1
866,28.867,1780168771,24,-90,423,droite,0
866,28.867,1780168771,15,175,762,droite,0
866,28.867,1780168771,1,7,498,droite,1
866,28.867,1780168771,17,201,743,droite,0
866,28.867,1780168771,29,144,753,droite,0
866,28.867,1780168771,11,-10,538,droite,0
866,28.867,1780168771,31,153,766,droite,0
867,28.900,1780168771,30,107,315,gauche,1
867,28.900,1780168771,53,22,227,gauche,1
867,28.900,1780168771,42,370,151,gauche,1
867,28.900,1780168771,34,80,24,gauche,1
867,28.900,1780168771,18,146,-3,gauche,0
867,28.900,1780168771,47,125,-16,gauche,0
867,28.900,1780168771,50,104,299,gauche,1
867,28.900,1780168771,14,60,430,droite,1
867,28.900,1780168771,34,280,390,droite,1
867,28.900,1780168771,28,217,435,droite,1
867,28.900,1780168771,4,-15,554,droite,0
867,28.900,1780168771,11,2,520,droite,1
867,28.900,1780168771,24,-88,418,droite,0
867,28.900,1780168771,2,370,549,droite,1
867,28.900,1780168771,29,145,752,droite,0
867,28.900,1780168771,15,175,762,droite,0
867,28.900,1780168771,17,201,743,droite,0
867,28.900,1780168771,31,153,765,droite,0
867,28.900,1780168771,1,10,499,droite,1
868,28.933,1780168771,53,23,227,gauche,1
868,28.933,1780168771,30,112,311,gauche,1
868,28.933,1780168771,42,371,148,gauche,1
868,28.933,1780168771,34,81,24,gauche,1
868,28.933,1780168771,18,146,-3,gauche,0
868,28.933,1780168771,51,75,24,gauche,1
868,28.933,1780168771,47,125,-16,gauche,0
868,28.933,1780168771,50,109,293,gauche,1
868,28.933,1780168771,14,61,432,droite,1
868,28.933,1780168771,28,219,432,droite,1
868,28.933,1780168771,22,281,395,droite,1
868,28.933,1780168771,4,-16,554,droite,0
868,28.933,1780168771,24,-86,414,droite,0
868,28.933,1780168771,2,370,552,droite,1
868,28.933,1780168771,11,2,526,droite,1
868,28.933,1780168771,15,174,762,droite,0
868,28.933,1780168771,17,201,743,droite,0
868,28.933,1780168771,29,145,752,droite,0
869,28.967,1780168771,30,115,307,gauche,1
869,28.967,1780168771,34,81,24,gauche,1
869,28.967,1780168771,53,24,226,gauche,1
869,28.967,1780168771,42,372,143,gauche,1
869,28.967,1780168771,18,145,-3,gauche,0
869,28.967,1780168771,47,125,-16,gauche,0
869,28.967,1780168771,50,45,252,gauche,1
869,28.967,1780168771,22,282,400,droite,1
869,28.967,1780168771,14,62,434,droite,1
869,28.967,1780168771,28,222,432,droite,1
869,28.967,1780168771,4,-21,561,droite,0
869,28.967,1780168771,24,-85,413,droite,0
869,28.967,1780168771,11,3,529,droite,1
869,28.967,1780168771,29,147,751,droite,0
869,28.967,1780168771,15,174,762,droite,0
869,28.967,1780168771,17,201,743,droite,0
869,28.967,1780168771,2,378,571,droite,1
870,29.000,1780168772,34,81,24,gauche,1
870,29.000,1780168772,53,25,226,gauche,1
870,29.000,1780168772,50,114,290,gauche,1
870,29.000,1780168772,42,374,139,gauche,1
870,29.000,1780168772,18,145,-3,gauche,0
870,29.000,1780168772,47,124,-17,gauche,0
870,29.000,1780168772,30,116,302,gauche,1
870,29.000,1780168772,22,281,407,droite,1
870,29.000,1780168772,14,64,437,droite,1
870,29.000,1780168772,28,224,432,droite,1
870,29.000,1780168772,4,-15,548,droite,0
870,29.000,1780168772,1,12,513,droite,1
870,29.000,1780168772,24,-85,412,droite,0
870,29.000,1780168772,15,174,761,droite,0
870,29.000,1780168772,29,146,752,droite,0
870,29.000,1780168772,17,201,743,droite,0
870,29.000,1780168772,2,378,577,droite,1
871,29.033,1780168772,34,81,24,gauche,1
871,29.033,1780168772,53,24,226,gauche,1
871,29.033,1780168772,50,114,290,gauche,1
871,29.033,1780168772,42,374,139,gauche,1
871,29.033,1780168772,18,145,-3,gauche,0
871,29.033,1780168772,47,124,-17,gauche,0
871,29.033,1780168772,30,116,302,gauche,1
871,29.033,1780168772,22,281,407,droite,1
871,29.033,1780168772,14,64,437,droite,1
871,29.033,1780168772,28,224,432,droite,1
871,29.033,1780168772,4,-15,548,droite,0
871,29.033,1780168772,1,12,513,droite,1
871,29.033,1780168772,24,-85,412,droite,0
871,29.033,1780168772,15,174,761,droite,0
871,29.033,1780168772,29,146,752,droite,0
871,29.033,1780168772,17,201,743,droite,0
871,29.033,1780168772,2,378,577,droite,1
872,29.067,1780168772,34,81,24,gauche,1
872,29.067,1780168772,50,118,295,gauche,1
872,29.067,1780168772,53,27,225,gauche,1
872,29.067,1780168772,42,376,133,gauche,1
872,29.067,1780168772,18,144,-2,gauche,0
872,29.067,1780168772,47,124,-17,gauche,0
872,29.067,1780168772,4,-14,544,droite,0
872,29.067,1780168772,28,226,428,droite,1
872,29.067,1780168772,22,282,417,droite,1
872,29.067,1780168772,14,64,442,droite,1
872,29.067,1780168772,2,374,566,droite,1
872,29.067,1780168772,11,2,537,droite,1
872,29.067,1780168772,24,-84,410,droite,0
872,29.067,1780168772,15,174,762,droite,0
872,29.067,1780168772,1,9,518,droite,1
872,29.067,1780168772,29,147,751,droite,0
872,29.067,1780168772,17,201,743,droite,0
873,29.100,1780168772,34,81,25,gauche,1
873,29.100,1780168772,50,122,289,gauche,1
873,29.100,1780168772,53,27,224,gauche,1
873,29.100,1780168772,42,376,128,gauche,1
873,29.100,1780168772,18,143,-2,gauche,0
873,29.100,1780168772,47,124,-17,gauche,0
873,29.100,1780168772,28,228,423,droite,1
873,29.100,1780168772,4,-14,544,droite,0
873,29.100,1780168772,14,63,447,droite,1
873,29.100,1780168772,22,281,424,droite,1
873,29.100,1780168772,24,-83,408,droite,0
873,29.100,1780168772,2,376,571,droite,1
873,29.100,1780168772,11,7,531,droite,1
873,29.100,1780168772,15,174,762,droite,0
873,29.100,1780168772,29,147,751,droite,0
873,29.100,1780168772,17,201,743,droite,0
874,29.133,1780168772,50,127,286,gauche,1
874,29.133,1780168772,34,81,25,gauche,1
874,29.133,1780168772,53,27,222,gauche,1
874,29.133,1780168772,42,377,124,gauche,1
874,29.133,1780168772,47,124,-17,gauche,0
874,29.133,1780168772,18,143,-2,gauche,0
874,29.133,1780168772,22,281,427,droite,1
874,29.133,1780168772,4,-14,545,droite,0
874,29.133,1780168772,14,63,453,droite,1
874,29.133,1780168772,28,231,415,droite,1
874,29.133,1780168772,24,-84,408,droite,0
874,29.133,1780168772,15,174,762,droite,0
874,29.133,1780168772,29,148,751,droite,0
874,29.133,1780168772,2,375,577,droite,1
874,29.133,1780168772,1,5,542,droite,1
874,29.133,1780168772,17,201,743,droite,0
874,29.133,1780168772,11,11,527,droite,1
875,29.167,1780168772,50,133,284,gauche,1
875,29.167,1780168772,34,82,26,gauche,1
875,29.167,1780168772,53,26,220,gauche,1
875,29.167,1780168772,42,378,123,gauche,1
875,29.167,1780168772,47,124,-17,gauche,0
875,29.167,1780168772,18,143,0,gauche,1
875,29.167,1780168772,28,231,402,droite,1
875,29.167,1780168772,22,280,428,droite,1
875,29.167,1780168772,4,-12,545,droite,0
875,29.167,1780168772,11,12,531,droite,1
875,29.167,1780168772,14,65,453,droite,1
875,29.167,1780168772,24,-84,407,droite,0
875,29.167,1780168772,2,374,580,droite,1
875,29.167,1780168772,29,148,750,droite,0
875,29.167,1780168772,15,174,762,droite,0
875,29.167,1780168772,17,201,743,droite,0
876,29.200,1780168772,34,82,29,gauche,1
876,29.200,1780168772,50,136,281,gauche,1
876,29.200,1780168772,53,26,217,gauche,1
876,29.200,1780168772,42,378,123,gauche,1
876,29.200,1780168772,47,125,-16,gauche,0
876,29.200,1780168772,18,143,0,gauche,1
876,29.200,1780168772,28,233,396,droite,1
876,29.200,1780168772,22,280,432,droite,1
876,29.200,1780168772,4,-12,545,droite,0
876,29.200,1780168772,11,15,533,droite,1
876,29.200,1780168772,14,67,455,droite,1
876,29.200,1780168772,24,-85,407,droite,0
876,29.200,1780168772,2,373,580,droite,1
876,29.200,1780168772,15,174,762,droite,0
876,29.200,1780168772,29,148,751,droite,0
876,29.200,1780168772,17,201,743,droite,0
877,29.233,1780168772,34,82,29,gauche,1
877,29.233,1780168772,50,136,281,gauche,1
877,29.233,1780168772,53,26,217,gauche,1
877,29.233,1780168772,42,378,122,gauche,1
877,29.233,1780168772,47,125,-16,gauche,0
877,29.233,1780168772,18,143,0,gauche,1
877,29.233,1780168772,28,233,396,droite,1
877,29.233,1780168772,22,280,432,droite,1
877,29.233,1780168772,4,-12,545,droite,0
877,29.233,1780168772,11,15,533,droite,1
877,29.233,1780168772,14,67,455,droite,1
877,29.233,1780168772,24,-85,406,droite,0
877,29.233,1780168772,2,373,580,droite,1
877,29.233,1780168772,15,174,762,droite,0
877,29.233,1780168772,29,148,751,droite,0
877,29.233,1780168772,17,201,743,droite,0
878,29.267,1780168772,34,83,32,gauche,1
878,29.267,1780168772,50,139,277,gauche,1
878,29.267,1780168772,53,26,213,gauche,1
878,29.267,1780168772,42,380,120,gauche,1
878,29.267,1780168772,47,124,-17,gauche,0
878,29.267,1780168772,18,143,1,gauche,1
878,29.267,1780168772,28,236,393,droite,1
878,29.267,1780168772,4,-12,544,droite,0
878,29.267,1780168772,11,17,536,droite,1
878,29.267,1780168772,22,281,437,droite,1
878,29.267,1780168772,24,-85,407,droite,0
878,29.267,1780168772,14,70,456,droite,1
878,29.267,1780168772,29,148,750,droite,0
878,29.267,1780168772,2,372,581,droite,1
878,29.267,1780168772,15,174,762,droite,0
878,29.267,1780168772,17,201,743,droite,0
879,29.300,1780168772,50,142,272,gauche,1
879,29.300,1780168772,34,83,33,gauche,1
879,29.300,1780168772,53,27,209,gauche,1
879,29.300,1780168772,42,380,120,gauche,1
879,29.300,1780168772,47,124,-17,gauche,0
879,29.300,1780168772,18,143,3,gauche,1
879,29.300,1780168772,51,76,31,gauche,1
879,29.300,1780168772,28,239,390,droite,1
879,29.300,1780168772,22,280,443,droite,1
879,29.300,1780168772,11,17,539,droite,1
879,29.300,1780168772,4,-12,544,droite,0
879,29.300,1780168772,14,73,458,droite,1
879,29.300,1780168772,2,372,581,droite,1
879,29.300,1780168772,29,148,750,droite,0
879,29.300,1780168772,24,-85,406,droite,0
879,29.300,1780168772,15,174,762,droite,0
879,29.300,1780168772,17,201,743,droite,0
880,29.333,1780168772,50,143,267,gauche,1
880,29.333,1780168772,34,83,33,gauche,1
880,29.333,1780168772,53,29,205,gauche,1
880,29.333,1780168772,51,76,32,gauche,1
880,29.333,1780168772,42,381,116,gauche,1
880,29.333,1780168772,30,254,368,gauche,0
880,29.333,1780168772,47,124,-17,gauche,0
880,29.333,1780168772,18,143,4,gauche,1
880,29.333,1780168772,22,281,450,droite,1
880,29.333,1780168772,4,-12,544,droite,0
880,29.333,1780168772,28,241,390,droite,1
880,29.333,1780168772,11,16,544,droite,1
880,29.333,1780168772,14,76,459,droite,1
880,29.333,1780168772,2,373,583,droite,1
880,29.333,1780168772,29,149,750,droite,0
880,29.333,1780168772,24,-84,406,droite,0
880,29.333,1780168772,15,174,762,droite,0
880,29.333,1780168772,17,201,743,droite,0
881,29.367,1780168772,50,144,264,gauche,1
881,29.367,1780168772,30,254,368,gauche,0
881,29.367,1780168772,34,82,35,gauche,1
881,29.367,1780168772,53,26,200,gauche,1
881,29.367,1780168772,51,76,32,gauche,1
881,29.367,1780168772,42,382,114,gauche,1
881,29.367,1780168772,47,124,-17,gauche,0
881,29.367,1780168772,18,142,4,gauche,1
881,29.367,1780168772,4,-12,544,droite,0
881,29.367,1780168772,14,78,462,droite,1
881,29.367,1780168772,22,281,457,droite,1
881,29.367,1780168772,28,242,389,droite,1
881,29.367,1780168772,11,16,548,droite,1
881,29.367,1780168772,24,-85,406,droite,0
881,29.367,1780168772,2,373,586,droite,1
881,29.367,1780168772,29,150,748,droite,0
881,29.367,1780168772,15,174,762,droite,0
881,29.367,1780168772,17,201,743,droite,0
881,29.367,1780168772,1,-85,407,droite,0
882,29.400,1780168772,34,82,35,gauche,1
882,29.400,1780168772,50,147,262,gauche,1
882,29.400,1780168772,30,254,367,gauche,1
882,29.400,1780168772,53,26,199,gauche,1
882,29.400,1780168772,42,381,112,gauche,1
882,29.400,1780168772,51,76,34,gauche,1
882,29.400,1780168772,18,142,4,gauche,1
882,29.400,1780168772,47,125,-16,gauche,0
882,29.400,1780168772,4,-12,544,droite,0
882,29.400,1780168772,22,281,460,droite,1
882,29.400,1780168772,14,78,467,droite,1
882,29.400,1780168772,11,16,551,droite,1
882,29.400,1780168772,28,244,383,droite,1
882,29.400,1780168772,2,375,590,droite,1
882,29.400,1780168772,24,-82,402,droite,0
882,29.400,1780168772,15,174,762,droite,0
882,29.400,1780168772,29,150,746,droite,0
882,29.400,1780168772,17,202,743,droite,0
883,29.433,1780168772,34,82,35,gauche,1
883,29.433,1780168772,50,147,262,gauche,1
883,29.433,1780168772,53,26,199,gauche,1
883,29.433,1780168772,30,254,367,gauche,1
883,29.433,1780168772,42,381,112,gauche,1
883,29.433,1780168772,51,76,34,gauche,1
883,29.433,1780168772,18,142,4,gauche,1
883,29.433,1780168772,47,125,-16,gauche,0
883,29.433,1780168772,4,-12,544,droite,0
883,29.433,1780168772,22,281,460,droite,1
883,29.433,1780168772,14,78,467,droite,1
883,29.433,1780168772,11,15,551,droite,1
883,29.433,1780168772,28,244,383,droite,1
883,29.433,1780168772,2,375,590,droite,1
883,29.433,1780168772,24,-82,402,droite,0
883,29.433,1780168772,15,174,762,droite,0
883,29.433,1780168772,29,150,746,droite,0
883,29.433,1780168772,17,202,743,droite,0
884,29.467,1780168772,50,148,261,gauche,1
884,29.467,1780168772,53,27,199,gauche,1
884,29.467,1780168772,30,255,367,gauche,1
884,29.467,1780168772,34,82,35,gauche,1
884,29.467,1780168772,51,76,35,gauche,1
884,29.467,1780168772,42,381,110,gauche,1
884,29.467,1780168772,18,142,4,gauche,1
884,29.467,1780168772,47,125,-16,gauche,0
884,29.467,1780168772,4,-12,544,droite,0
884,29.467,1780168772,22,281,461,droite,1
884,29.467,1780168772,14,77,473,droite,1
884,29.467,1780168772,11,16,550,droite,1
884,29.467,1780168772,24,-80,398,droite,0
884,29.467,1780168772,2,376,594,droite,1
884,29.467,1780168772,1,245,378,droite,1
884,29.467,1780168772,15,174,762,droite,0
884,29.467,1780168772,17,202,744,droite,0
884,29.467,1780168772,29,150,743,droite,0
884,29.467,1780168772,28,246,385,droite,1
884,29.467,1780168772,35,249,385,droite,1
885,29.500,1780168772,53,28,199,gauche,1
885,29.500,1780168772,50,149,258,gauche,1
885,29.500,1780168772,34,82,35,gauche,1
885,29.500,1780168772,30,256,367,gauche,1
885,29.500,1780168772,51,76,35,gauche,1
885,29.500,1780168772,42,382,107,gauche,1
885,29.500,1780168772,47,124,-17,gauche,0
885,29.500,1780168772,18,142,4,gauche,1
885,29.500,1780168772,4,-12,544,droite,0
885,29.500,1780168772,22,281,463,droite,1
885,29.500,1780168772,14,78,477,droite,1
885,29.500,1780168772,11,16,550,droite,1
885,29.500,1780168772,24,-79,396,droite,0
885,29.500,1780168772,1,247,380,droite,1
885,29.500,1780168772,29,151,742,droite,0
885,29.500,1780168772,15,174,762,droite,0
885,29.500,1780168772,2,377,600,droite,1
885,29.500,1780168772,17,203,743,droite,0
886,29.533,1780168772,50,151,255,gauche,1
886,29.533,1780168772,34,82,36,gauche,1
886,29.533,1780168772,30,258,365,gauche,1
886,29.533,1780168772,53,30,199,gauche,1
886,29.533,1780168772,51,76,35,gauche,1
886,29.533,1780168772,42,382,105,gauche,1
886,29.533,1780168772,47,124,-17,gauche,0
886,29.533,1780168772,18,141,4,gauche,1
886,29.533,1780168772,4,-12,544,droite,0
886,29.533,1780168772,22,281,466,droite,1
886,29.533,1780168772,14,79,481,droite,1
886,29.533,1780168772,1,249,373,droite,1
886,29.533,1780168772,11,18,551,droite,1
886,29.533,1780168772,24,-78,393,droite,0
886,29.533,1780168772,2,379,606,droite,1
886,29.533,1780168772,15,174,762,droite,0
886,29.533,1780168772,29,151,741,droite,0
886,29.533,1780168772,17,203,744,droite,0
887,29.567,1780168772,50,155,252,gauche,1
887,29.567,1780168772,34,81,36,gauche,1
887,29.567,1780168772,30,260,366,gauche,1
887,29.567,1780168772,53,33,199,gauche,1
887,29.567,1780168772,47,124,-17,gauche,0
887,29.567,1780168772,42,383,100,gauche,1
887,29.567,1780168772,18,141,4,gauche,1
887,29.567,1780168772,51,76,35,gauche,1
887,29.567,1780168772,54,473,394,gauche,0
887,29.567,1780168772,4,-12,544,droite,0
887,29.567,1780168772,22,280,468,droite,1
887,29.567,1780168772,14,82,484,droite,1
887,29.567,1780168772,11,19,551,droite,1
887,29.567,1780168772,24,-77,392,droite,0
887,29.567,1780168772,1,251,373,droite,1
887,29.567,1780168772,2,381,609,droite,1
887,29.567,1780168772,15,174,762,droite,0
887,29.567,1780168772,17,203,743,droite,0
888,29.600,1780168772,50,158,249,gauche,1
888,29.600,1780168772,34,81,36,gauche,1
888,29.600,1780168772,30,262,363,gauche,1
888,29.600,1780168772,53,34,199,gauche,1
888,29.600,1780168772,47,124,-17,gauche,0
888,29.600,1780168772,18,141,4,gauche,1
888,29.600,1780168772,42,384,97,gauche,1
888,29.600,1780168772,4,-12,544,droite,0
888,29.600,1780168772,14,86,487,droite,1
888,29.600,1780168772,22,281,474,droite,1
888,29.600,1780168772,11,20,551,droite,1
888,29.600,1780168772,1,254,372,droite,1
888,29.600,1780168772,24,-77,390,droite,0
888,29.600,1780168772,17,203,743,droite,0
888,29.600,1780168772,15,174,762,droite,0
888,29.600,1780168772,2,381,609,droite,1
889,29.633,1780168772,50,158,249,gauche,1
889,29.633,1780168772,34,81,36,gauche,1
889,29.633,1780168772,30,262,363,gauche,1
889,29.633,1780168772,53,34,199,gauche,1
889,29.633,1780168772,47,124,-17,gauche,0
889,29.633,1780168772,42,384,97,gauche,1
889,29.633,1780168772,18,141,4,gauche,1
889,29.633,1780168772,4,-12,544,droite,0
889,29.633,1780168772,14,86,487,droite,1
889,29.633,1780168772,22,281,473,droite,1
889,29.633,1780168772,11,20,551,droite,1
889,29.633,1780168772,1,254,372,droite,1
889,29.633,1780168772,24,-77,390,droite,0
889,29.633,1780168772,17,203,743,droite,0
889,29.633,1780168772,15,174,762,droite,0
889,29.633,1780168772,2,381,609,droite,1
890,29.667,1780168772,50,162,248,gauche,1
890,29.667,1780168772,30,265,356,gauche,1
890,29.667,1780168772,34,81,36,gauche,1
890,29.667,1780168772,53,35,198,gauche,1
890,29.667,1780168772,47,124,-17,gauche,0
890,29.667,1780168772,18,141,4,gauche,1
890,29.667,1780168772,42,384,94,gauche,1
890,29.667,1780168772,54,473,394,gauche,0
890,29.667,1780168772,4,-12,544,droite,0
890,29.667,1780168772,14,89,489,droite,1
890,29.667,1780168772,22,281,480,droite,1
890,29.667,1780168772,11,20,553,droite,1
890,29.667,1780168772,24,-76,389,droite,0
890,29.667,1780168772,17,204,744,droite,0
890,29.667,1780168772,15,174,762,droite,0
890,29.667,1780168772,2,381,609,droite,1
890,29.667,1780168772,28,-76,388,droite,0
890,29.667,1780168772,35,252,423,droite,1
891,29.700,1780168772,50,165,248,gauche,1
891,29.700,1780168772,30,269,348,gauche,1
891,29.700,1780168772,34,81,36,gauche,1
891,29.700,1780168772,53,38,199,gauche,1
891,29.700,1780168772,47,125,-17,gauche,0
891,29.700,1780168772,18,140,4,gauche,1
891,29.700,1780168772,42,384,93,gauche,1
891,29.700,1780168772,4,-12,544,droite,0
891,29.700,1780168772,14,93,489,droite,1
891,29.700,1780168772,22,281,487,droite,1
891,29.700,1780168772,11,20,555,droite,1
891,29.700,1780168772,28,-76,388,droite,0
891,29.700,1780168772,2,382,609,droite,1
891,29.700,1780168772,17,204,744,droite,0
891,29.700,1780168772,15,175,762,droite,0
891,29.700,1780168772,24,-76,388,droite,0
892,29.733,1780168772,50,167,248,gauche,1
892,29.733,1780168772,53,38,198,gauche,1
892,29.733,1780168772,30,272,339,gauche,1
892,29.733,1780168772,34,81,36,gauche,1
892,29.733,1780168772,18,140,4,gauche,1
892,29.733,1780168772,47,125,-17,gauche,0
892,29.733,1780168772,42,384,93,gauche,1
892,29.733,1780168772,14,95,489,droite,1
892,29.733,1780168772,4,-12,544,droite,0
892,29.733,1780168772,22,280,489,droite,1
892,29.733,1780168772,11,20,557,droite,1
892,29.733,1780168772,24,-75,388,droite,0
892,29.733,1780168772,2,382,609,droite,1
892,29.733,1780168772,17,205,744,droite,0
892,29.733,1780168772,15,175,762,droite,0
892,29.733,1780168772,29,154,741,droite,0
893,29.767,1780168772,50,168,246,gauche,1
893,29.767,1780168772,34,81,36,gauche,1
893,29.767,1780168772,30,273,334,gauche,1
893,29.767,1780168772,53,39,197,gauche,1
893,29.767,1780168772,18,139,4,gauche,1
893,29.767,1780168772,42,383,94,gauche,1
893,29.767,1780168772,47,125,-17,gauche,0
893,29.767,1780168772,14,97,490,droite,1
893,29.767,1780168772,4,-12,544,droite,0
893,29.767,1780168772,22,279,491,droite,1
893,29.767,1780168772,11,21,560,droite,1
893,29.767,1780168772,28,-77,387,droite,0
893,29.767,1780168772,2,382,611,droite,1
893,29.767,1780168772,15,175,762,droite,0
893,29.767,1780168772,17,205,744,droite,0
894,29.800,1780168772,50,170,244,gauche,1
894,29.800,1780168772,34,81,36,gauche,1
894,29.800,1780168772,53,39,196,gauche,1
894,29.800,1780168772,30,274,333,gauche,1
894,29.800,1780168772,42,382,94,gauche,1
894,29.800,1780168772,18,139,4,gauche,1
894,29.800,1780168772,47,125,-17,gauche,0
894,29.800,1780168772,14,98,491,droite,1
894,29.800,1780168772,4,-12,544,droite,0
894,29.800,1780168772,22,278,493,droite,1
894,29.800,1780168772,11,22,562,droite,1
894,29.800,1780168772,2,383,613,droite,1
894,29.800,1780168772,15,175,763,droite,0
894,29.800,1780168772,17,205,744,droite,0
894,29.800,1780168772,28,-78,387,droite,0
894,29.800,1780168772,24,-78,387,droite,0
895,29.833,1780168772,50,170,244,gauche,1
895,29.833,1780168772,34,81,36,gauche,1
895,29.833,1780168772,53,39,196,gauche,1
895,29.833,1780168772,30,274,333,gauche,1
895,29.833,1780168772,42,382,94,gauche,1
895,29.833,1780168772,18,140,4,gauche,1
895,29.833,1780168772,47,125,-17,gauche,0
895,29.833,1780168772,14,98,491,droite,1
895,29.833,1780168772,4,-12,544,droite,0
895,29.833,1780168772,22,278,493,droite,1
895,29.833,1780168772,11,22,562,droite,1
895,29.833,1780168772,2,383,613,droite,1
895,29.833,1780168772,15,175,763,droite,0
895,29.833,1780168772,17,205,744,droite,0
895,29.833,1780168772,24,-78,387,droite,0
895,29.833,1780168772,28,-78,387,droite,0
896,29.867,1780168772,50,170,242,gauche,1
896,29.867,1780168772,30,277,331,gauche,1
896,29.867,1780168772,34,81,36,gauche,1
896,29.867,1780168772,53,37,191,gauche,1
896,29.867,1780168772,18,140,4,gauche,1
896,29.867,1780168772,42,382,94,gauche,1
896,29.867,1780168772,47,125,-18,gauche,0
896,29.867,1780168772,14,99,494,droite,1
896,29.867,1780168772,4,-12,544,droite,0
896,29.867,1780168772,22,276,495,droite,1
896,29.867,1780168772,11,23,565,droite,1
896,29.867,1780168772,15,175,763,droite,0
896,29.867,1780168772,17,205,744,droite,0
896,29.867,1780168772,2,383,615,droite,1
896,29.867,1780168772,29,154,741,droite,0
896,29.867,1780168772,24,-78,387,droite,0
897,29.900,1780168772,50,170,240,gauche,1
897,29.900,1780168772,34,81,36,gauche,1
897,29.900,1780168772,30,287,309,gauche,1
897,29.900,1780168772,53,36,187,gauche,1
897,29.900,1780168772,42,380,94,gauche,1
897,29.900,1780168772,47,125,-18,gauche,0
897,29.900,1780168772,18,140,4,gauche,1
897,29.900,1780168772,14,100,496,droite,1
897,29.900,1780168772,4,-12,544,droite,0
897,29.900,1780168772,22,275,499,droite,1
897,29.900,1780168772,11,25,566,droite,1
897,29.900,1780168772,15,175,763,droite,0
897,29.900,1780168772,17,205,744,droite,0
897,29.900,1780168772,24,-78,386,droite,0
897,29.900,1780168772,2,384,617,droite,1
897,29.900,1780168772,28,-79,387,droite,0
897,29.900,1780168772,35,-78,386,droite,0
897,29.900,1780168772,29,150,741,droite,0
898,29.933,1780168772,50,172,238,gauche,1
898,29.933,1780168772,34,81,36,gauche,1
898,29.933,1780168772,30,280,323,gauche,1
898,29.933,1780168772,53,37,185,gauche,1
898,29.933,1780168772,47,125,-19,gauche,0
898,29.933,1780168772,42,380,95,gauche,1
898,29.933,1780168772,18,139,3,gauche,1
898,29.933,1780168772,4,-12,544,droite,0
898,29.933,1780168772,14,101,497,droite,1
898,29.933,1780168772,22,275,504,droite,1
898,29.933,1780168772,11,27,568,droite,1
898,29.933,1780168772,15,175,763,droite,0
898,29.933,1780168772,17,205,744,droite,0
898,29.933,1780168772,24,-79,385,droite,0
898,29.933,1780168772,35,-79,385,droite,0
898,29.933,1780168772,2,384,620,droite,1
898,29.933,1780168772,28,-79,385,droite,0
898,29.933,1780168772,29,152,741,droite,0
899,29.967,1780168772,34,81,36,gauche,1
899,29.967,1780168772,50,175,235,gauche,1
899,29.967,1780168772,53,37,183,gauche,1
899,29.967,1780168772,54,292,299,gauche,1
899,29.967,1780168772,30,287,315,gauche,1
899,29.967,1780168772,47,125,-18,gauche,0
899,29.967,1780168772,18,138,3,gauche,1
899,29.967,1780168772,42,379,95,gauche,1
899,29.967,1780168772,4,-12,544,droite,0
899,29.967,1780168772,14,104,498,droite,1
899,29.967,1780168772,11,27,569,droite,1
899,29.967,1780168772,15,176,763,droite,0
899,29.967,1780168772,22,274,509,droite,1
899,29.967,1780168772,17,205,744,droite,0
899,29.967,1780168772,24,-77,380,droite,0
899,29.967,1780168772,1,279,509,droite,1
900,30.000,1780168773,34,81,36,gauche,1
900,30.000,1780168773,54,291,307,gauche,1
900,30.000,1780168773,50,178,234,gauche,1
900,30.000,1780168773,53,38,182,gauche,1
900,30.000,1780168773,47,125,-17,gauche,0
900,30.000,1780168773,18,139,3,gauche,1
900,30.000,1780168773,42,378,95,gauche,1
900,30.000,1780168773,4,-12,544,droite,0
900,30.000,1780168773,14,104,500,droite,1
900,30.000,1780168773,11,27,570,droite,1
900,30.000,1780168773,22,276,514,droite,1
900,30.000,1780168773,15,177,763,droite,0
900,30.000,1780168773,17,205,745,droite,0
900,30.000,1780168773,24,-76,376,droite,0
900,30.000,1780168773,29,155,741,droite,0
901,30.033,1780168773,34,81,36,gauche,1
901,30.033,1780168773,54,291,307,gauche,1
901,30.033,1780168773,50,178,234,gauche,1
901,30.033,1780168773,53,38,182,gauche,1
901,30.033,1780168773,47,125,-17,gauche,0
901,30.033,1780168773,18,139,3,gauche,1
901,30.033,1780168773,42,378,95,gauche,1
901,30.033,1780168773,4,-12,544,droite,0
901,30.033,1780168773,14,104,500,droite,1
901,30.033,1780168773,11,27,570,droite,1
901,30.033,1780168773,22,276,514,droite,1
901,30.033,1780168773,15,177,763,droite,0
901,30.033,1780168773,17,205,745,droite,0
901,30.033,1780168773,24,-76,376,droite,0
901,30.033,1780168773,29,155,741,droite,0
902,30.067,1780168773,34,81,36,gauche,1
902,30.067,1780168773,54,291,297,gauche,1
902,30.067,1780168773,50,181,234,gauche,1
902,30.067,1780168773,53,40,180,gauche,1
902,30.067,1780168773,42,378,94,gauche,1
902,30.067,1780168773,47,125,-18,gauche,0
902,30.067,1780168773,18,139,3,gauche,1
902,30.067,1780168773,30,475,394,gauche,0
902,30.067,1780168773,4,-12,544,droite,0
902,30.067,1780168773,14,106,503,droite,1
902,30.067,1780168773,11,28,572,droite,1
902,30.067,1780168773,15,177,763,droite,0
902,30.067,1780168773,22,277,521,droite,1
902,30.067,1780168773,17,205,745,droite,0
902,30.067,1780168773,35,-75,373,droite,0
902,30.067,1780168773,24,-76,374,droite,0
902,30.067,1780168773,1,274,521,droite,1
902,30.067,1780168773,29,156,741,droite,0
902,30.067,1780168773,28,-81,387,droite,0
903,30.100,1780168773,34,81,36,gauche,1
903,30.100,1780168773,54,291,295,gauche,1
903,30.100,1780168773,50,185,234,gauche,1
903,30.100,1780168773,53,41,179,gauche,1
903,30.100,1780168773,42,378,93,gauche,1
903,30.100,1780168773,47,125,-17,gauche,0
903,30.100,1780168773,18,139,2,gauche,1
903,30.100,1780168773,30,475,394,gauche,0
903,30.100,1780168773,4,-12,544,droite,0
903,30.100,1780168773,14,108,506,droite,1
903,30.100,1780168773,1,274,524,droite,1
903,30.100,1780168773,11,28,572,droite,1
903,30.100,1780168773,15,177,763,droite,0
903,30.100,1780168773,35,-74,372,droite,0
903,30.100,1780168773,17,205,744,droite,0
903,30.100,1780168773,29,157,741,droite,0
904,30.133,1780168773,50,187,234,gauche,1
904,30.133,1780168773,34,81,36,gauche,1
904,30.133,1780168773,54,291,294,gauche,1
904,30.133,1780168773,53,43,178,gauche,1
904,30.133,1780168773,18,139,4,gauche,1
904,30.133,1780168773,47,125,-17,gauche,0
904,30.133,1780168773,42,378,90,gauche,1
904,30.133,1780168773,1,274,525,droite,1
904,30.133,1780168773,4,-12,544,droite,0
904,30.133,1780168773,14,110,506,droite,1
904,30.133,1780168773,11,28,573,droite,1
904,30.133,1780168773,15,177,763,droite,0
904,30.133,1780168773,35,-74,371,droite,0
904,30.133,1780168773,17,205,744,droite,0
904,30.133,1780168773,29,157,741,droite,0
904,30.133,1780168773,2,141,766,droite,0
