frame,timestamp_s,timestamp_unix,stable_id,raw_player_id,X,Y,vx,vy,cam,source_cams,source_ids,merged_count,track_age,track_hits,track_misses,confidence,status,on_terrain
2,0.067,1780168743,T001,1,214.0,375.0,0.0,0.0,gauche,gauche,1,1,3,3,0,0.54,matched,1
2,0.067,1780168743,T002,2,373.0,367.0,0.44,0.0,gauche,gauche,2,1,3,3,0,0.537,matched,1
2,0.067,1780168743,T003,3,177.0,230.0,0.0,0.0,gauche,gauche,3,1,3,3,0,0.54,matched,1
2,0.067,1780168743,T004,4,427.0,274.0,-0.44,0.62,gauche,gauche,4,1,3,3,0,0.537,matched,1
2,0.067,1780168743,T005,10,386.0,136.0,0.44,0.0,gauche,gauche,10,1,3,3,0,0.537,matched,1
2,0.067,1780168743,T006,1,112.0,699.0,0.0,0.0,droite,droite,1,1,3,3,0,0.54,matched,1
2,0.067,1780168743,T007,2,208.0,638.0,1.15,0.0,droite,droite,2,1,3,3,0,0.532,matched,1
2,0.067,1780168743,T008,3,359.0,759.0,-0.44,0.44,droite,droite,3,1,3,3,0,0.536,matched,1
3,0.100,1780168743,T001,1,214.0,375.0,0.33,0.0,gauche,gauche,1,1,4,4,0,0.648,matched,1
3,0.100,1780168743,T002,2,373.0,367.0,0.66,0.0,gauche,gauche,2,1,4,4,0,0.648,matched,1
3,0.100,1780168743,T003,3,177.0,230.0,0.0,0.0,gauche,gauche,3,1,4,4,0,0.65,matched,1
3,0.100,1780168743,T004,4,427.0,274.0,0.01,0.74,gauche,gauche,4,1,4,4,0,0.647,matched,1
3,0.100,1780168743,T005,10,386.0,136.0,0.32,0.0,gauche,gauche,10,1,4,4,0,0.649,matched,1
3,0.100,1780168743,T006,1,112.0,699.0,0.33,0.0,droite,droite,1,1,4,4,0,0.648,matched,1
3,0.100,1780168743,T007,2,208.0,638.0,1.22,0.0,droite,droite,2,1,4,4,0,0.649,matched,1
3,0.100,1780168743,T008,3,358.57,760.32,-0.66,2.32,droite,droite,3,1,4,4,0,0.635,matched,1
4,0.133,1780168743,T001,1,214.0,375.0,0.53,-0.25,gauche,gauche,1,1,5,5,0,0.667,matched,1
4,0.133,1780168743,T002,2,373.0,367.0,0.73,0.0,gauche,gauche,2,1,5,5,0,0.669,matched,1
4,0.133,1780168743,T003,3,177.0,230.0,0.25,0.0,gauche,gauche,3,1,5,5,0,0.668,matched,1
4,0.133,1780168743,T004,4,427.0,274.0,0.09,-0.47,gauche,gauche,4,1,5,5,0,0.658,matched,1
4,0.133,1780168743,T005,10,386.0,136.0,0.44,0.0,gauche,gauche,10,1,5,5,0,0.668,matched,1
4,0.133,1780168743,T006,1,112.0,699.0,0.28,0.0,droite,droite,1,1,5,5,0,0.67,matched,1
4,0.133,1780168743,T007,2,208.97,638.0,1.08,0.0,droite,droite,2,1,5,5,0,0.67,matched,1
4,0.133,1780168743,T008,3,358.16,762.56,-0.48,3.13,droite,droite,3,1,5,5,0,0.659,matched,1
5,0.167,1780168743,T001,1,214.0,375.0,0.63,-0.24,gauche,gauche,1,1,6,6,0,0.688,matched,1
5,0.167,1780168743,T002,2,373.92,366.7,0.75,-0.41,gauche,gauche,2,1,6,6,0,0.685,matched,1
5,0.167,1780168743,T003,3,177.0,230.0,0.24,0.0,gauche,gauche,3,1,6,6,0,0.69,matched,1
5,0.167,1780168743,T004,4,427.0,274.0,0.28,-1.24,gauche,gauche,4,1,6,6,0,0.68,matched,1
5,0.167,1780168743,T005,10,386.0,136.0,0.55,0.0,gauche,gauche,10,1,6,6,0,0.688,matched,1
5,0.167,1780168743,T006,1,112.0,699.0,0.39,0.0,droite,droite,1,1,6,6,0,0.688,matched,1
5,0.167,1780168743,T007,2,209.79,637.85,0.75,-0.2,droite,droite,2,1,6,6,0,0.686,matched,1
5,0.167,1780168743,T008,3,357.67,765.65,-0.51,3.67,droite,droite,3,1,6,6,0,0.679,matched,1
5,0.167,1780168743,T009,11,260.0,126.0,-0.62,0.0,gauche,gauche,11,1,3,3,0,0.538,matched,1
6,0.200,1780168743,T001,1,215.04,374.74,0.87,-0.18,gauche,gauche,1,1,7,7,0,0.706,matched,1
6,0.200,1780168743,T002,2,375.0,366.18,0.93,-0.61,gauche,gauche,2,1,7,7,0,0.705,matched,1
6,0.200,1780168743,T003,3,177.0,230.0,-0.01,-0.18,gauche,gauche,3,1,7,7,0,0.706,matched,1
6,0.200,1780168743,T004,4,427.23,272.78,0.27,-1.52,gauche,gauche,4,1,7,7,0,0.704,matched,1
6,0.200,1780168743,T005,10,386.75,136.0,0.45,0.0,gauche,gauche,10,1,7,7,0,0.709,matched,1
6,0.200,1780168743,T006,1,112.0,699.0,0.33,0.18,droite,droite,1,1,7,7,0,0.707,matched,1
6,0.200,1780168743,T007,2,210.58,637.66,0.64,-0.21,droite,droite,2,1,7,7,0,0.709,matched,1
6,0.200,1780168743,T008,3,357.81,769.58,0.34,4.2,droite,droite,3,1,7,7,0,0.694,matched,1
6,0.200,1780168743,T009,11,260.0,126.0,-0.41,0.0,gauche,gauche,11,1,4,4,0,0.649,matched,1
6,0.200,1780168743,T010,10,456.71,774.05,0.27,-2.2,droite,droite,10,1,3,3,0,0.534,matched,1
7,0.233,1780168743,T001,1,216.01,374.54,0.75,-0.11,gauche,gauche,1,1,8,8,0,0.729,matched,1
7,0.233,1780168743,T002,2,376.0,365.65,0.77,-0.53,gauche,gauche,2,1,8,8,0,0.729,matched,1
7,0.233,1780168743,T003,3,177.0,230.0,0.09,-0.03,gauche,gauche,3,1,8,8,0,0.728,matched,1
7,0.233,1780168743,T004,4,427.44,271.57,0.2,-1.26,gauche,gauche,4,1,8,8,0,0.728,matched,1
7,0.233,1780168743,T005,10,386.75,136.0,0.31,0.0,gauche,gauche,10,1,8,8,0,0.729,matched,1
7,0.233,1780168743,T006,1,112.0,699.0,0.23,0.2,droite,droite,1,1,8,8,0,0.729,matched,1
7,0.233,1780168743,T007,2,210.58,637.66,0.46,-0.17,droite,droite,2,1,8,8,0,0.728,matched,1
7,0.233,1780168743,T008,3,358.19,773.26,0.55,3.39,droite,droite,3,1,8,8,0,0.723,matched,1
7,0.233,1780168743,T009,11,260.0,126.0,-0.24,0.0,gauche,gauche,11,1,5,5,0,0.669,matched,1
7,0.233,1780168743,T010,10,456.78,772.73,0.24,-1.41,droite,droite,10,1,4,4,0,0.646,matched,1
8,0.267,1780168743,T001,1,216.95,374.38,0.7,-0.06,gauche,gauche,1,1,9,9,0,0.749,matched,1
8,0.267,1780168743,T002,2,377.09,364.92,0.88,-0.73,gauche,gauche,2,1,9,9,0,0.746,matched,1
8,0.267,1780168743,T003,3,177.0,230.0,0.1,-0.14,gauche,gauche,3,1,9,9,0,0.748,matched,1
8,0.267,1780168743,T004,4,427.74,269.87,0.3,-1.73,gauche,gauche,4,1,9,9,0,0.741,matched,1
8,0.267,1780168743,T005,10,387.48,136.14,0.35,0.17,gauche,gauche,10,1,9,9,0,0.747,matched,1
8,0.267,1780168743,T006,1,112.0,699.0,0.14,0.16,droite,droite,1,1,9,9,0,0.749,matched,1
8,0.267,1780168743,T007,2,211.37,637.62,0.45,0.06,droite,droite,2,1,9,9,0,0.747,matched,1
8,0.267,1780168743,T008,3,358.35,776.97,0.16,3.17,droite,droite,3,1,9,9,0,0.745,matched,1
8,0.267,1780168743,T009,11,259.18,126.0,-0.54,0.0,gauche,gauche,11,1,6,6,0,0.686,matched,1
8,0.267,1780168743,T010,10,456.85,771.69,0.15,-0.81,droite,droite,10,1,5,5,0,0.665,matched,1
9,0.300,1780168743,T001,1,217.89,374.28,0.69,-0.03,gauche,gauche,1,1,10,10,0,0.769,matched,1
9,0.300,1780168743,T002,2,378.48,363.66,1.23,-1.31,gauche,gauche,2,1,10,10,0,0.758,matched,1
9,0.300,1780168743,T003,3,177.0,230.0,0.25,-0.49,gauche,gauche,3,1,10,10,0,0.764,matched,1
9,0.300,1780168743,T004,4,428.04,268.06,0.27,-1.68,gauche,gauche,4,1,10,10,0,0.768,matched,1
9,0.300,1780168743,T005,10,388.24,136.32,0.46,0.2,gauche,gauche,10,1,10,10,0,0.768,matched,1
9,0.300,1780168743,T006,1,112.0,699.0,0.07,0.11,droite,droite,1,1,10,10,0,0.769,matched,1
9,0.300,1780168743,T007,2,212.31,637.94,0.69,0.47,droite,droite,2,1,10,10,0,0.763,matched,1
9,0.300,1780168743,T008,3,357.95,780.43,-0.53,2.7,droite,droite,3,1,10,10,0,0.76,matched,1
9,0.300,1780168743,T009,11,258.14,126.14,-0.86,0.18,gauche,gauche,11,1,7,7,0,0.704,matched,1
9,0.300,1780168743,T010,10,456.76,770.92,-0.11,-0.44,droite,droite,10,1,6,6,0,0.685,matched,1
10,0.333,1780168743,T001,1,218.69,374.2,0.53,-0.01,gauche,gauche,1,1,11,11,0,0.769,matched,1
10,0.333,1780168743,T002,2,379.96,361.79,1.26,-1.92,gauche,gauche,2,1,11,11,0,0.759,matched,1
10,0.333,1780168743,T003,3,177.46,229.19,0.25,-0.68,gauche,gauche,3,1,11,11,0,0.766,matched,1
10,0.333,1780168743,T004,4,428.44,266.05,0.37,-1.79,gauche,gauche,4,1,11,11,0,0.766,matched,1
10,0.333,1780168743,T005,10,389.05,136.49,0.57,0.16,gauche,gauche,10,1,11,11,0,0.768,matched,1
10,0.333,1780168743,T006,1,112.0,699.0,0.03,-0.1,droite,droite,1,1,11,11,0,0.767,matched,1
10,0.333,1780168743,T007,2,213.61,638.92,1.13,1.2,droite,droite,2,1,11,11,0,0.756,matched,1
10,0.333,1780168743,T008,3,356.82,783.28,-1.36,1.91,droite,droite,3,1,11,11,0,0.755,matched,1
10,0.333,1780168743,T009,11,257.0,126.19,-0.94,0.03,gauche,gauche,11,1,8,8,0,0.727,matched,1
10,0.333,1780168743,T010,10,456.76,770.92,-0.16,-0.4,droite,droite,10,1,7,7,0,0.709,matched,1
11,0.367,1780168743,T001,1,218.69,374.2,0.35,-0.0,gauche,gauche,1,1,12,12,0,0.768,matched,1
11,0.367,1780168743,T002,2,381.26,359.64,0.98,-2.06,gauche,gauche,2,1,12,12,0,0.765,matched,1
11,0.367,1780168743,T003,3,177.85,228.14,0.2,-0.94,gauche,gauche,3,1,12,12,0,0.765,matched,1
11,0.367,1780168743,T004,4,428.82,264.11,0.32,-1.6,gauche,gauche,4,1,12,12,0,0.77,matched,1
11,0.367,1780168743,T005,10,390.05,136.63,0.82,0.11,gauche,gauche,10,1,12,12,0,0.765,matched,1
11,0.367,1780168743,T006,1,112.0,699.0,0.01,-0.16,droite,droite,1,1,12,12,0,0.769,matched,1
11,0.367,1780168743,T007,2,215.57,640.2,1.9,1.38,droite,droite,2,1,12,12,0,0.756,matched,1
11,0.367,1780168743,T008,3,354.96,785.6,-2.05,1.34,droite,droite,3,1,12,12,0,0.757,matched,1
11,0.367,1780168743,T010,10,456.15,769.2,-0.66,-1.51,droite,droite,10,1,8,8,0,0.712,matched,1
12,0.400,1780168743,T001,1,218.69,374.2,0.2,-0.17,gauche,gauche,1,1,13,13,0,0.767,matched,1
12,0.400,1780168743,T002,2,382.3,357.68,0.65,-1.64,gauche,gauche,2,1,13,13,0,0.765,matched,1
12,0.400,1780168743,T003,3,178.02,226.86,-0.04,-1.17,gauche,gauche,3,1,13,13,0,0.764,matched,1
12,0.400,1780168743,T004,4,429.14,262.47,0.23,-1.16,gauche,gauche,4,1,13,13,0,0.766,matched,1
12,0.400,1780168743,T005,10,391.14,136.74,0.9,0.07,gauche,gauche,10,1,13,13,0,0.768,matched,1
12,0.400,1780168743,T006,1,112.0,699.0,-0.0,-0.15,droite,droite,1,1,13,13,0,0.77,matched,1
12,0.400,1780168743,T007,2,217.84,641.55,2.1,1.31,droite,droite,2,1,13,13,0,0.764,matched,1
12,0.400,1780168743,T008,3,352.78,787.51,-2.19,0.99,droite,droite,3,1,13,13,0,0.764,matched,1
12,0.400,1780168743,T010,10,455.32,766.12,-0.87,-3.11,droite,droite,10,1,9,9,0,0.724,matched,1
13,0.433,1780168743,T001,1,218.69,374.2,0.1,-0.19,gauche,gauche,1,1,14,14,0,0.769,matched,1
13,0.433,1780168743,T002,2,383.07,356.09,0.38,-1.11,gauche,gauche,2,1,14,14,0,0.764,matched,1
13,0.433,1780168743,T003,3,178.07,225.66,-0.12,-0.99,gauche,gauche,3,1,14,14,0,0.768,matched,1
13,0.433,1780168743,T004,4,429.38,261.21,0.14,-0.73,gauche,gauche,4,1,14,14,0,0.765,matched,1
13,0.433,1780168743,T005,10,392.12,136.82,0.73,0.03,gauche,gauche,10,1,14,14,0,0.769,matched,1
13,0.433,1780168743,T006,1,112.0,699.0,-0.01,-0.11,droite,droite,1,1,14,14,0,0.77,matched,1
13,0.433,1780168743,T007,2,219.91,642.74,1.7,0.98,droite,droite,2,1,14,14,0,0.766,matched,1
13,0.433,1780168743,T008,3,350.77,788.99,-1.75,0.63,droite,droite,3,1,14,14,0,0.765,matched,1
13,0.433,1780168743,T010,10,454.5,762.86,-0.75,-3.01,droite,droite,10,1,10,10,0,0.767,matched,1
14,0.467,1780168743,T001,1,219.41,373.9,0.21,-0.16,gauche,gauche,1,1,15,15,0,0.768,matched,1
14,0.467,1780168743,T002,2,383.49,354.9,0.01,-0.65,gauche,gauche,2,1,15,15,0,0.763,matched,1
14,0.467,1780168743,T003,3,178.06,224.52,-0.13,-0.87,gauche,gauche,3,1,15,15,0,0.77,matched,1
14,0.467,1780168743,T004,4,429.7,260.28,0.25,-0.4,gauche,gauche,4,1,15,15,0,0.766,matched,1
14,0.467,1780168743,T005,10,393.32,136.74,1.01,-0.16,gauche,gauche,10,1,15,15,0,0.764,matched,1
14,0.467,1780168743,T006,1,112.0,699.0,-0.01,-0.24,droite,droite,1,1,15,15,0,0.768,matched,1
14,0.467,1780168743,T007,2,221.87,643.81,1.5,0.8,droite,droite,2,1,15,15,0,0.769,matched,1
14,0.467,1780168743,T008,3,348.74,792.83,-1.69,3.75,droite,droite,3,1,15,15,0,0.723,matched,1
14,0.467,1780168743,T009,11,254.68,126.16,-1.22,-0.04,gauche,gauche,11,1,12,9,0,0.763,matched,1
14,0.467,1780168743,T010,10,453.54,759.31,-0.87,-3.14,droite,droite,10,1,11,11,0,0.763,matched,1
15,0.500,1780168743,T001,1,220.3,373.8,0.54,0.06,gauche,gauche,1,1,16,16,0,0.764,matched,1
15,0.500,1780168743,T002,2,383.84,353.91,0.04,-0.5,gauche,gauche,2,1,16,16,0,0.769,matched,1
15,0.500,1780168743,T003,3,178.04,223.58,-0.1,-0.62,gauche,gauche,3,1,16,16,0,0.768,matched,1
15,0.500,1780168743,T004,4,430.01,259.63,0.23,-0.18,gauche,gauche,4,1,16,16,0,0.767,matched,1
15,0.500,1780168743,T005,10,394.59,136.59,1.05,-0.19,gauche,gauche,10,1,16,16,0,0.768,matched,1
15,0.500,1780168743,T006,1,112.0,699.0,-0.0,-0.07,droite,droite,1,1,16,16,0,0.768,matched,1
15,0.500,1780168743,T007,2,223.78,644.68,1.42,0.55,droite,droite,2,1,16,16,0,0.767,matched,1
15,0.500,1780168743,T008,3,346.84,797.5,-1.45,4.44,droite,droite,3,1,16,16,0,0.754,matched,1
15,0.500,1780168743,T009,11,252.61,126.12,-1.12,-0.04,gauche,gauche,11,1,13,10,0,0.77,matched,1
15,0.500,1780168743,T010,10,452.52,755.46,-0.89,-3.32,droite,droite,10,1,12,12,0,0.762,matched,1
16,0.533,1780168743,T001,1,221.15,373.8,0.55,0.13,gauche,gauche,1,1,17,17,0,0.769,matched,1
16,0.533,1780168743,T002,2,384.25,352.86,0.21,-0.67,gauche,gauche,2,1,17,17,0,0.766,matched,1
16,0.533,1780168743,T003,3,178.01,222.86,-0.07,-0.39,gauche,gauche,3,1,17,17,0,0.767,matched,1
16,0.533,1780168743,T004,4,430.01,259.63,0.34,-0.05,gauche,gauche,4,1,17,17,0,0.767,matched,1
16,0.533,1780168743,T005,10,395.86,136.44,1.0,-0.16,gauche,gauche,10,1,17,17,0,0.769,matched,1
16,0.533,1780168743,T006,1,112.0,699.0,0.17,-0.15,droite,droite,1,1,17,17,0,0.767,matched,1
16,0.533,1780168743,T007,2,225.67,645.34,1.41,0.33,droite,droite,2,1,17,17,0,0.767,matched,1
16,0.533,1780168743,T008,3,345.41,802.16,-0.86,4.04,droite,droite,3,1,17,17,0,0.763,matched,1
16,0.533,1780168743,T009,11,250.63,126.38,-1.2,0.38,gauche,gauche,11,1,14,11,0,0.764,matched,1
16,0.533,1780168743,T010,10,451.33,751.33,-1.04,-3.49,droite,droite,10,1,13,13,0,0.762,matched,1
17,0.567,1780168743,T001,1,222.01,373.98,0.59,0.3,gauche,gauche,1,1,18,18,0,0.767,matched,1
17,0.567,1780168743,T002,2,384.92,351.24,0.57,-1.43,gauche,gauche,2,1,18,18,0,0.757,matched,1
17,0.567,1780168743,T003,3,178.01,222.86,-0.04,-0.21,gauche,gauche,3,1,18,18,0,0.768,matched,1
17,0.567,1780168743,T004,4,430.01,259.63,0.31,0.01,gauche,gauche,4,1,18,18,0,0.769,matched,1
17,0.567,1780168743,T005,10,397.08,136.32,0.93,-0.12,gauche,gauche,10,1,18,18,0,0.769,matched,1
17,0.567,1780168743,T006,1,112.0,699.0,0.03,0.19,droite,droite,1,1,18,18,0,0.765,matched,1
17,0.567,1780168743,T007,2,227.44,645.81,1.25,0.17,droite,droite,2,1,18,18,0,0.768,matched,1
17,0.567,1780168743,T008,9,343.84,806.4,-1.12,3.3,droite,droite,9,1,18,18,0,0.763,matched,1
17,0.567,1780168743,T009,11,248.67,127.02,-1.31,0.82,gauche,gauche,11,1,15,12,0,0.763,matched,1
17,0.567,1780168743,T010,10,450.25,747.25,-0.86,-3.27,droite,droite,10,1,14,14,0,0.768,matched,1
18,0.600,1780168743,T001,1,222.76,374.21,0.48,0.3,gauche,gauche,1,1,19,19,0,0.769,matched,1
18,0.600,1780168743,T002,2,386.31,348.88,1.43,-2.25,gauche,gauche,2,1,19,19,0,0.75,matched,1
18,0.600,1780168743,T003,3,178.01,222.86,-0.19,-0.09,gauche,gauche,3,1,19,19,0,0.767,matched,1
18,0.600,1780168743,T004,4,430.65,259.22,0.39,0.03,gauche,gauche,4,1,19,19,0,0.768,matched,1
18,0.600,1780168743,T005,10,398.24,136.36,0.86,0.1,gauche,gauche,10,1,19,19,0,0.767,matched,1
18,0.600,1780168743,T006,1,112.79,698.63,0.3,-0.4,droite,droite,1,1,19,19,0,0.761,matched,1
18,0.600,1780168743,T007,2,228.91,646.15,0.91,0.07,droite,droite,2,1,19,19,0,0.767,matched,1
18,0.600,1780168743,T008,9,342.0,809.85,-1.47,2.27,droite,droite,9,1,19,19,0,0.758,matched,1
18,0.600,1780168743,T009,11,246.7,128.15,-1.39,1.32,gauche,gauche,11,1,16,13,0,0.762,matched,1
18,0.600,1780168743,T010,10,448.95,743.9,-1.1,-2.27,droite,droite,10,1,15,15,0,0.759,matched,1
19,0.633,1780168743,T001,1,222.76,374.21,0.32,0.23,gauche,gauche,1,1,20,20,0,0.768,matched,1
19,0.633,1780168743,T002,2,387.82,346.53,1.44,-2.05,gauche,gauche,2,1,20,20,0,0.768,matched,1
19,0.633,1780168743,T003,3,178.01,222.86,-0.2,-0.03,gauche,gauche,3,1,20,20,0,0.769,matched,1
19,0.633,1780168743,T004,4,430.65,259.22,0.34,0.03,gauche,gauche,4,1,20,20,0,0.77,matched,1
19,0.633,1780168743,T005,10,399.23,136.47,0.63,0.16,gauche,gauche,10,1,20,20,0,0.768,matched,1
19,0.633,1780168743,T006,1,113.52,698.1,0.34,-0.54,droite,droite,1,1,20,20,0,0.767,matched,1
19,0.633,1780168743,T007,2,230.04,646.38,0.57,0.01,droite,droite,2,1,20,20,0,0.766,matched,1
19,0.633,1780168743,T008,9,340.29,812.46,-1.28,1.36,droite,droite,9,1,20,20,0,0.76,matched,1
19,0.633,1780168743,T009,11,245.0,129.31,-1.09,1.18,gauche,gauche,11,1,17,14,0,0.768,matched,1
19,0.633,1780168743,T010,10,447.87,741.36,-0.78,-1.37,droite,droite,10,1,16,16,0,0.76,matched,1
20,0.667,1780168743,T001,1,222.76,374.21,0.19,0.15,gauche,gauche,1,1,21,21,0,0.768,matched,1
20,0.667,1780168743,T002,2,388.76,343.42,0.6,-2.87,gauche,gauche,2,1,21,21,0,0.752,matched,1
20,0.667,1780168743,T003,3,178.01,222.86,-0.16,-0.17,gauche,gauche,3,1,21,21,0,0.768,matched,1
20,0.667,1780168743,T004,4,431.26,258.79,0.24,-0.15,gauche,gauche,4,1,21,21,0,0.767,matched,1
20,0.667,1780168743,T005,10,400.27,136.6,0.74,0.15,gauche,gauche,10,1,21,21,0,0.767,matched,1
20,0.667,1780168743,T006,1,114.13,697.31,0.28,-0.81,droite,droite,1,1,21,21,0,0.765,matched,1
20,0.667,1780168743,T007,2,231.01,646.54,0.48,-0.01,droite,droite,2,1,21,21,0,0.769,matched,1
20,0.667,1780168743,T008,9,338.6,814.35,-1.25,0.7,droite,droite,9,1,21,21,0,0.762,matched,1
20,0.667,1780168743,T009,11,243.51,130.46,-0.9,1.03,gauche,gauche,11,1,18,15,0,0.769,matched,1
20,0.667,1780168743,T010,10,446.63,739.24,-0.99,-1.05,droite,droite,10,1,17,17,0,0.765,matched,1
21,0.700,1780168743,T001,1,222.76,374.21,0.1,0.09,gauche,gauche,1,1,22,22,0,0.769,matched,1
21,0.700,1780168743,T002,2,389.3,340.14,0.14,-2.88,gauche,gauche,2,1,22,22,0,0.763,matched,1
21,0.700,1780168743,T003,3,177.61,221.92,-0.28,-0.52,gauche,gauche,3,1,22,22,0,0.764,matched,1
21,0.700,1780168743,T004,4,431.26,258.79,0.15,-0.35,gauche,gauche,4,1,22,22,0,0.767,matched,1
21,0.700,1780168743,T005,10,401.2,136.71,0.62,0.11,gauche,gauche,10,1,22,22,0,0.769,matched,1
21,0.700,1780168743,T006,1,114.75,696.38,0.36,-0.9,droite,droite,1,1,22,22,0,0.767,matched,1
21,0.700,1780168743,T007,2,231.92,646.66,0.51,-0.02,droite,droite,2,1,22,22,0,0.769,matched,1
21,0.700,1780168743,T008,9,336.74,815.81,-1.47,0.45,droite,droite,9,1,22,22,0,0.764,matched,1
21,0.700,1780168743,T009,11,242.32,131.7,-0.62,1.08,gauche,gauche,11,1,19,16,0,0.766,matched,1
21,0.700,1780168743,T010,10,445.36,737.59,-1.01,-0.69,droite,droite,10,1,18,18,0,0.766,matched,1
22,0.733,1780168743,T001,1,222.76,374.21,0.04,0.04,gauche,gauche,1,1,23,23,0,0.769,matched,1
22,0.733,1780168743,T002,2,389.31,337.11,-0.41,-2.39,gauche,gauche,2,1,23,23,0,0.762,matched,1
22,0.733,1780168743,T003,3,177.09,220.75,-0.43,-0.88,gauche,gauche,3,1,23,23,0,0.763,matched,1
22,0.733,1780168743,T004,4,431.84,257.87,0.25,-0.69,gauche,gauche,4,1,23,23,0,0.764,matched,1
22,0.733,1780168743,T005,10,401.95,136.79,0.43,0.07,gauche,gauche,10,1,23,23,0,0.768,matched,1
22,0.733,1780168743,T006,1,115.3,695.25,0.31,-1.07,droite,droite,1,1,23,23,0,0.766,matched,1
22,0.733,1780168743,T007,2,232.56,647.15,0.23,0.49,droite,droite,2,1,23,23,0,0.762,matched,1
22,0.733,1780168743,T008,9,334.79,817.04,-1.56,0.43,droite,droite,9,1,23,23,0,0.767,matched,1
22,0.733,1780168743,T009,11,241.41,133.21,-0.37,1.36,gauche,gauche,11,1,20,17,0,0.764,matched,1
22,0.733,1780168743,T010,10,443.97,735.94,-1.13,-0.9,droite,droite,10,1,19,19,0,0.765,matched,1
23,0.767,1780168743,T001,1,222.76,374.21,0.01,0.01,gauche,gauche,1,1,24,24,0,0.769,matched,1
23,0.767,1780168743,T002,2,389.09,334.49,-0.53,-1.83,gauche,gauche,2,1,24,24,0,0.765,matched,1
23,0.767,1780168743,T003,3,176.46,219.49,-0.56,-0.99,gauche,gauche,3,1,24,24,0,0.766,matched,1
23,0.767,1780168743,T004,4,432.49,256.83,0.4,-0.83,gauche,gauche,4,1,24,24,0,0.766,matched,1
23,0.767,1780168743,T005,10,401.95,136.79,0.43,0.04,gauche,gauche,10,1,24,24,0,0.769,matched,1
23,0.767,1780168743,T006,1,115.88,694.19,0.39,-0.89,droite,droite,1,1,24,24,0,0.768,matched,1
23,0.767,1780168743,T007,2,233.26,648.17,0.41,1.09,droite,droite,2,1,24,24,0,0.76,matched,1
23,0.767,1780168743,T008,9,332.92,818.31,-1.41,0.66,droite,droite,9,1,24,24,0,0.766,matched,1
23,0.767,1780168743,T009,11,240.61,134.78,-0.36,1.33,gauche,gauche,11,1,21,18,0,0.768,matched,1
23,0.767,1780168743,T010,10,442.44,734.08,-1.26,-1.29,droite,droite,10,1,20,20,0,0.762,matched,1
24,0.800,1780168743,T001,1,222.76,374.21,-0.01,0.0,gauche,gauche,1,1,25,25,0,0.77,matched,1
24,0.800,1780168743,T002,2,388.82,332.28,-0.45,-1.37,gauche,gauche,2,1,25,25,0,0.766,matched,1
24,0.800,1780168743,T003,3,175.72,218.36,-0.65,-0.81,gauche,gauche,3,1,25,25,0,0.767,matched,1
24,0.800,1780168743,T004,4,433.37,255.47,0.71,-1.21,gauche,gauche,4,1,25,25,0,0.762,matched,1
24,0.800,1780168743,T005,10,402.71,136.85,0.33,0.02,gauche,gauche,10,1,25,25,0,0.769,matched,1
24,0.800,1780168743,T006,1,116.54,693.17,0.5,-0.79,droite,droite,1,1,25,25,0,0.768,matched,1
24,0.800,1780168743,T007,2,234.04,649.68,0.56,1.58,droite,droite,2,1,25,25,0,0.761,matched,1
24,0.800,1780168743,T008,9,331.36,819.57,-1.03,0.77,droite,droite,9,1,25,25,0,0.766,matched,1
24,0.800,1780168743,T009,11,239.82,136.14,-0.45,1.02,gauche,gauche,11,1,22,19,0,0.767,matched,1
24,0.800,1780168743,T010,10,440.79,732.1,-1.36,-1.49,droite,droite,10,1,21,21,0,0.764,matched,1
25,0.833,1780168743,T001,1,222.76,374.21,-0.01,-0.0,gauche,gauche,1,1,26,26,0,0.77,matched,1
25,0.833,1780168743,T002,2,388.57,330.56,-0.32,-0.88,gauche,gauche,2,1,26,26,0,0.765,matched,1
25,0.833,1780168743,T003,3,175.04,217.45,-0.54,-0.55,gauche,gauche,3,1,26,26,0,0.767,matched,1
25,0.833,1780168743,T004,4,434.22,254.15,0.67,-1.08,gauche,gauche,4,1,26,26,0,0.77,matched,1
25,0.833,1780168743,T005,10,402.71,136.85,0.22,0.01,gauche,gauche,10,1,26,26,0,0.769,matched,1
25,0.833,1780168743,T006,1,117.14,692.33,0.43,-0.57,droite,droite,1,1,26,26,0,0.768,matched,1
25,0.833,1780168743,T007,2,234.76,651.21,0.49,1.41,droite,droite,2,1,26,26,0,0.77,matched,1
25,0.833,1780168743,T008,9,330.15,820.66,-0.65,0.64,droite,droite,9,1,26,26,0,0.766,matched,1
25,0.833,1780168743,T009,11,239.12,137.22,-0.38,0.66,gauche,gauche,11,1,23,20,0,0.766,matched,1
25,0.833,1780168743,T010,10,439.32,730.33,-1.09,-1.22,droite,droite,10,1,22,22,0,0.767,matched,1
26,0.867,1780168743,T001,1,222.76,374.21,-0.01,-0.01,gauche,gauche,1,1,27,27,0,0.77,matched,1
26,0.867,1780168743,T002,2,388.52,328.74,-0.03,-1.17,gauche,gauche,2,1,27,27,0,0.763,matched,1
26,0.867,1780168743,T003,3,174.2,216.76,-0.72,-0.33,gauche,gauche,3,1,27,27,0,0.766,matched,1
26,0.867,1780168743,T004,4,435.22,252.77,0.84,-1.12,gauche,gauche,4,1,27,27,0,0.766,matched,1
26,0.867,1780168743,T005,10,403.44,136.89,0.3,-0.0,gauche,gauche,10,1,27,27,0,0.769,matched,1
26,0.867,1780168743,T006,1,117.64,691.54,0.31,-0.53,droite,droite,1,1,27,27,0,0.769,matched,1
26,0.867,1780168743,T007,2,235.63,652.5,0.69,1.03,droite,droite,2,1,27,27,0,0.765,matched,1
26,0.867,1780168743,T008,9,329.39,822.23,-0.19,1.29,droite,droite,9,1,27,27,0,0.758,matched,1
26,0.867,1780168743,T009,11,238.43,137.88,-0.44,0.21,gauche,gauche,11,1,24,21,0,0.764,matched,1
26,0.867,1780168743,T010,10,437.73,728.07,-1.25,-1.87,droite,droite,10,1,23,23,0,0.758,matched,1
27,0.900,1780168743,T001,1,222.76,374.21,-0.01,-0.0,gauche,gauche,1,1,28,28,0,0.77,matched,1
27,0.900,1780168743,T002,2,388.7,326.41,0.26,-1.87,gauche,gauche,2,1,28,28,0,0.757,matched,1
27,0.900,1780168743,T003,3,173.15,216.26,-0.96,-0.17,gauche,gauche,3,1,28,28,0,0.765,matched,1
27,0.900,1780168743,T004,4,436.29,251.41,0.88,-1.06,gauche,gauche,4,1,28,28,0,0.768,matched,1
27,0.900,1780168743,T005,10,404.2,136.92,0.43,-0.0,gauche,gauche,10,1,28,28,0,0.768,matched,1
27,0.900,1780168743,T006,1,118.02,690.74,0.19,-0.56,droite,droite,1,1,28,28,0,0.768,matched,1
27,0.900,1780168743,T007,2,236.85,653.92,1.12,1.15,droite,droite,2,1,28,28,0,0.762,matched,1
27,0.900,1780168743,T008,9,328.8,824.21,-0.14,1.76,droite,droite,9,1,28,28,0,0.761,matched,1
27,0.900,1780168743,T009,11,237.55,138.27,-0.7,-0.02,gauche,gauche,11,1,25,22,0,0.765,matched,1
27,0.900,1780168743,T010,10,436.16,726.04,-1.2,-1.52,droite,droite,10,1,24,24,0,0.767,matched,1
28,0.933,1780168743,T001,1,222.76,374.21,-0.0,-0.0,gauche,gauche,1,1,29,29,0,0.77,matched,1
28,0.933,1780168743,T002,2,388.69,323.21,-0.03,-2.9,gauche,gauche,2,1,29,29,0,0.752,matched,1
28,0.933,1780168743,T003,3,171.86,215.91,-1.18,-0.07,gauche,gauche,3,1,29,29,0,0.765,matched,1
28,0.933,1780168743,T004,4,437.38,249.84,0.87,-1.3,gauche,gauche,4,1,29,29,0,0.765,matched,1
28,0.933,1780168743,T005,10,404.2,136.92,0.38,-0.0,gauche,gauche,10,1,29,29,0,0.77,matched,1
28,0.933,1780168743,T006,1,118.43,689.91,0.27,-0.62,droite,droite,1,1,29,29,0,0.768,matched,1
28,0.933,1780168743,T007,2,238.21,655.34,1.2,1.11,droite,droite,2,1,29,29,0,0.767,matched,1
28,0.933,1780168743,T008,9,328.21,826.66,-0.25,2.22,droite,droite,9,1,29,29,0,0.76,matched,1
28,0.933,1780168743,T009,11,236.3,138.5,-1.15,-0.1,gauche,gauche,11,1,26,23,0,0.762,matched,1
28,0.933,1780168743,T010,10,434.68,724.25,-1.08,-1.21,droite,droite,10,1,25,25,0,0.768,matched,1
29,0.967,1780168743,T001,1,222.76,374.21,-0.0,-0.0,gauche,gauche,1,1,30,30,0,0.77,matched,1
29,0.967,1780168743,T002,2,388.59,319.78,-0.13,-2.98,gauche,gauche,2,1,30,30,0,0.764,matched,1
29,0.967,1780168743,T003,3,170.38,215.66,-1.33,-0.01,gauche,gauche,3,1,30,30,0,0.766,matched,1
29,0.967,1780168743,T004,4,438.32,248.26,0.67,-1.27,gauche,gauche,4,1,30,30,0,0.768,matched,1
29,0.967,1780168743,T005,10,405.18,136.8,0.62,-0.17,gauche,gauche,10,1,30,30,0,0.765,matched,1
29,0.967,1780168743,T006,1,118.81,689.18,0.24,-0.5,droite,droite,1,1,30,30,0,0.769,matched,1
29,0.967,1780168743,T007,2,239.57,656.42,1.13,0.67,droite,droite,2,1,30,30,0,0.765,matched,1
29,0.967,1780168743,T008,9,327.55,829.51,-0.41,2.57,droite,droite,9,1,30,30,0,0.761,matched,1
29,0.967,1780168743,T009,11,234.63,138.77,-1.57,0.06,gauche,gauche,11,1,27,24,0,0.762,matched,1
29,0.967,1780168743,T010,10,433.31,722.42,-0.95,-1.33,droite,droite,10,1,26,26,0,0.767,matched,1
30,1.000,1780168744,T001,1,222.76,374.21,-0.0,-0.0,gauche,gauche,1,1,31,31,0,0.77,matched,1
30,1.000,1780168744,T002,2,388.6,316.06,0.03,-3.18,gauche,gauche,2,1,31,31,0,0.762,matched,1
30,1.000,1780168744,T003,3,169.02,215.49,-1.09,0.01,gauche,gauche,3,1,31,31,0,0.768,matched,1
30,1.000,1780168744,T004,4,439.06,246.89,0.44,-0.97,gauche,gauche,4,1,31,31,0,0.766,matched,1
30,1.000,1780168744,T006,1,118.81,689.18,0.17,-0.34,droite,droite,1,1,31,31,0,0.768,matched,1
30,1.000,1780168744,T007,2,240.88,657.33,1.02,0.52,droite,droite,2,1,31,31,0,0.769,matched,1
30,1.000,1780168744,T008,9,326.8,832.69,-0.55,2.81,droite,droite,9,1,31,31,0,0.762,matched,1
30,1.000,1780168744,T009,11,232.74,139.44,-1.72,0.62,gauche,gauche,11,1,28,25,0,0.761,matched,1
30,1.000,1780168744,T010,10,432.03,719.7,-0.86,-2.43,droite,droite,10,1,27,27,0,0.752,matched,1
31,1.033,1780168744,T001,1,222.76,374.21,-0.0,-0.0,gauche,gauche,1,1,32,32,0,0.77,matched,1
31,1.033,1780168744,T002,2,388.66,312.73,0.08,-2.54,gauche,gauche,2,1,32,32,0,0.765,matched,1
31,1.033,1780168744,T003,3,167.92,215.37,-0.75,0.02,gauche,gauche,3,1,32,32,0,0.767,matched,1
31,1.033,1780168744,T004,4,439.61,245.81,0.25,-0.63,gauche,gauche,4,1,32,32,0,0.766,matched,1
31,1.033,1780168744,T006,1,118.81,689.18,0.11,-0.2,droite,droite,1,1,32,32,0,0.768,matched,1
31,1.033,1780168744,T007,2,241.97,658.04,0.74,0.34,droite,droite,2,1,32,32,0,0.767,matched,1
31,1.033,1780168744,T008,9,326.12,835.57,-0.48,2.26,droite,droite,9,1,32,32,0,0.766,matched,1
31,1.033,1780168744,T009,11,231.03,140.21,-1.39,0.69,gauche,gauche,11,1,29,26,0,0.767,matched,1
31,1.033,1780168744,T010,10,430.98,717.1,-0.63,-2.13,droite,droite,10,1,28,28,0,0.768,matched,1
32,1.067,1780168744,T001,1,222.76,374.21,0.0,-0.0,gauche,gauche,1,1,33,33,0,0.77,matched,1
32,1.067,1780168744,T002,2,388.32,309.77,-0.42,-2.05,gauche,gauche,2,1,33,33,0,0.762,matched,1
32,1.067,1780168744,T003,3,166.94,215.28,-0.62,0.02,gauche,gauche,3,1,33,33,0,0.769,matched,1
32,1.067,1780168744,T004,4,440.01,245.01,0.12,-0.36,gauche,gauche,4,1,33,33,0,0.767,matched,1
32,1.067,1780168744,T006,1,118.81,689.18,0.06,-0.1,droite,droite,1,1,33,33,0,0.769,matched,1
32,1.067,1780168744,T007,2,242.96,658.58,0.64,0.2,droite,droite,2,1,33,33,0,0.768,matched,1
32,1.067,1780168744,T008,9,325.01,838.03,-1.02,1.7,droite,droite,9,1,33,33,0,0.76,matched,1
32,1.067,1780168744,T009,11,229.5,141.19,-1.11,0.91,gauche,gauche,11,1,30,27,0,0.765,matched,1
32,1.067,1780168744,T010,10,430.02,714.24,-0.57,-2.38,droite,droite,10,1,29,29,0,0.763,matched,1
33,1.100,1780168744,T001,1,222.76,374.21,0.0,0.0,gauche,gauche,1,1,34,34,0,0.77,matched,1
33,1.100,1780168744,T002,2,387.71,306.85,-0.69,-2.08,gauche,gauche,2,1,34,34,0,0.764,matched,1
33,1.100,1780168744,T003,3,166.16,215.21,-0.43,0.01,gauche,gauche,3,1,34,34,0,0.768,matched,1
33,1.100,1780168744,T004,4,440.01,245.01,0.04,-0.17,gauche,gauche,4,1,34,34,0,0.768,matched,1
33,1.100,1780168744,T005,10,407.2,136.81,1.01,0.02,gauche,gauche,10,1,34,31,0,0.761,matched,1
33,1.100,1780168744,T006,1,119.25,688.49,0.2,-0.21,droite,droite,1,1,34,34,0,0.767,matched,1
33,1.100,1780168744,T007,2,244.03,658.97,0.79,0.1,droite,droite,2,1,34,34,0,0.767,matched,1
33,1.100,1780168744,T008,9,323.31,839.83,-1.68,0.93,droite,droite,9,1,34,34,0,0.756,matched,1
33,1.100,1780168744,T009,11,228.27,142.4,-0.75,1.12,gauche,gauche,11,1,31,28,0,0.764,matched,1
33,1.100,1780168744,T010,10,429.1,710.83,-0.58,-2.96,droite,droite,10,1,30,30,0,0.758,matched,1
34,1.133,1780168744,T001,1,222.76,374.21,0.0,0.0,gauche,gauche,1,1,35,35,0,0.77,matched,1
34,1.133,1780168744,T002,2,387.07,303.92,-0.64,-2.13,gauche,gauche,2,1,35,35,0,0.766,matched,1
34,1.133,1780168744,T003,3,165.43,215.16,-0.43,0.01,gauche,gauche,3,1,35,35,0,0.769,matched,1
34,1.133,1780168744,T004,4,440.01,245.01,0.0,0.11,gauche,gauche,4,1,35,35,0,0.766,matched,1
34,1.133,1780168744,T005,10,409.03,136.99,0.98,0.23,gauche,gauche,10,1,35,32,0,0.767,matched,1
34,1.133,1780168744,T006,1,119.25,688.49,0.2,-0.2,droite,droite,1,1,35,35,0,0.77,matched,1
34,1.133,1780168744,T007,2,245.15,659.25,0.84,0.04,droite,droite,2,1,35,35,0,0.768,matched,1
34,1.133,1780168744,T008,9,321.17,841.08,-2.06,0.42,droite,droite,9,1,35,35,0,0.76,matched,1
34,1.133,1780168744,T009,11,227.07,143.68,-0.78,1.12,gauche,gauche,11,1,32,29,0,0.768,matched,1
34,1.133,1780168744,T010,10,428.04,707.52,-0.8,-2.68,droite,droite,10,1,31,31,0,0.766,matched,1
35,1.167,1780168744,T001,1,222.76,374.21,0.0,0.0,gauche,gauche,1,1,36,36,0,0.77,matched,1
35,1.167,1780168744,T002,2,386.38,300.7,-0.64,-2.51,gauche,gauche,2,1,36,36,0,0.761,matched,1
35,1.167,1780168744,T003,3,164.67,215.13,-0.5,0.0,gauche,gauche,3,1,36,36,0,0.768,matched,1
35,1.167,1780168744,T004,4,440.01,245.01,-0.01,0.02,gauche,gauche,4,1,36,36,0,0.769,matched,1
35,1.167,1780168744,T005,10,410.69,137.36,0.92,0.45,gauche,gauche,10,1,36,33,0,0.767,matched,1
35,1.167,1780168744,T006,1,119.68,687.87,0.16,-0.16,droite,droite,1,1,36,36,0,0.769,matched,1
35,1.167,1780168744,T007,2,246.26,659.45,0.84,0.0,droite,droite,2,1,36,36,0,0.769,matched,1
35,1.167,1780168744,T008,9,319.0,842.07,-1.91,0.3,droite,droite,9,1,36,36,0,0.769,matched,1
35,1.167,1780168744,T009,11,225.9,144.8,-0.79,0.86,gauche,gauche,11,1,33,30,0,0.768,matched,1
35,1.167,1780168744,T010,10,427.06,703.9,-0.7,-2.98,droite,droite,10,1,32,32,0,0.762,matched,1
36,1.200,1780168744,T001,1,222.76,374.21,0.0,0.0,gauche,gauche,1,1,37,37,0,0.77,matched,1
36,1.200,1780168744,T002,2,385.89,296.83,-0.33,-3.28,gauche,gauche,2,1,37,37,0,0.755,matched,1
36,1.200,1780168744,T003,3,164.01,214.82,-0.41,-0.34,gauche,gauche,3,1,37,37,0,0.765,matched,1
36,1.200,1780168744,T004,4,440.01,245.01,-0.02,-0.02,gauche,gauche,4,1,37,37,0,0.769,matched,1
36,1.200,1780168744,T005,10,412.19,137.75,0.86,0.41,gauche,gauche,10,1,37,34,0,0.77,matched,1
36,1.200,1780168744,T006,1,119.68,687.87,0.11,-0.1,droite,droite,1,1,37,37,0,0.769,matched,1
36,1.200,1780168744,T007,2,247.36,659.59,0.82,-0.01,droite,droite,2,1,37,37,0,0.769,matched,1
36,1.200,1780168744,T008,9,317.0,842.96,-1.59,0.36,droite,droite,9,1,37,37,0,0.768,matched,1
36,1.200,1780168744,T009,11,224.77,145.97,-0.78,0.91,gauche,gauche,11,1,34,31,0,0.768,matched,1
36,1.200,1780168744,T010,10,425.98,699.82,-0.84,-3.44,droite,droite,10,1,33,33,0,0.758,matched,1
37,1.233,1780168744,T001,1,222.76,374.21,0.0,0.0,gauche,gauche,1,1,38,38,0,0.77,matched,1
37,1.233,1780168744,T002,2,385.44,293.2,-0.3,-2.83,gauche,gauche,2,1,38,38,0,0.768,matched,1
37,1.233,1780168744,T003,3,164.01,214.82,-0.29,-0.22,gauche,gauche,3,1,38,38,0,0.768,matched,1
37,1.233,1780168744,T004,4,440.01,245.01,-0.01,-0.03,gauche,gauche,4,1,38,38,0,0.77,matched,1
37,1.233,1780168744,T005,10,413.42,138.09,0.62,0.29,gauche,gauche,10,1,38,35,0,0.768,matched,1
37,1.233,1780168744,T006,1,119.68,687.87,0.06,-0.06,droite,droite,1,1,38,38,0,0.769,matched,1
37,1.233,1780168744,T007,2,248.3,659.69,0.62,-0.01,droite,droite,2,1,38,38,0,0.768,matched,1
37,1.233,1780168744,T008,9,315.36,843.71,-1.1,0.3,droite,droite,9,1,38,38,0,0.765,matched,1
37,1.233,1780168744,T009,11,223.8,147.0,-0.6,0.72,gauche,gauche,11,1,35,32,0,0.768,matched,1
37,1.233,1780168744,T010,10,424.99,696.11,-0.71,-2.84,droite,droite,10,1,34,34,0,0.766,matched,1
38,1.267,1780168744,T001,1,222.76,374.21,0.0,0.0,gauche,gauche,1,1,39,39,0,0.77,matched,1
38,1.267,1780168744,T002,2,384.79,289.5,-0.56,-2.86,gauche,gauche,2,1,39,39,0,0.764,matched,1
38,1.267,1780168744,T003,3,163.34,214.44,-0.34,-0.3,gauche,gauche,3,1,39,39,0,0.768,matched,1
38,1.267,1780168744,T004,4,440.01,245.01,-0.01,-0.03,gauche,gauche,4,1,39,39,0,0.77,matched,1
38,1.267,1780168744,T005,10,414.38,138.64,0.39,0.54,gauche,gauche,10,1,39,36,0,0.765,matched,1
38,1.267,1780168744,T006,1,119.68,687.87,0.2,-0.03,droite,droite,1,1,39,39,0,0.768,matched,1
38,1.267,1780168744,T007,2,249.04,659.63,0.41,-0.18,droite,droite,2,1,39,39,0,0.767,matched,1
38,1.267,1780168744,T008,9,313.98,844.29,-0.84,0.21,droite,droite,9,1,39,39,0,0.768,matched,1
38,1.267,1780168744,T009,11,223.04,147.82,-0.39,0.48,gauche,gauche,11,1,36,33,0,0.767,matched,1
38,1.267,1780168744,T010,10,423.77,692.81,-1.0,-2.3,droite,droite,10,1,35,35,0,0.763,matched,1
39,1.300,1780168744,T001,1,222.76,374.21,0.0,0.0,gauche,gauche,1,1,40,40,0,0.77,matched,1
39,1.300,1780168744,T002,2,383.73,286.15,-1.05,-2.4,gauche,gauche,2,1,40,40,0,0.762,matched,1
39,1.300,1780168744,T003,3,162.49,213.68,-0.63,-0.77,gauche,gauche,3,1,40,40,0,0.761,matched,1
39,1.300,1780168744,T004,4,440.38,244.39,0.16,-0.19,gauche,gauche,4,1,40,40,0,0.766,matched,1
39,1.300,1780168744,T005,10,415.22,138.92,0.39,0.16,gauche,gauche,10,1,40,37,0,0.765,matched,1
39,1.300,1780168744,T006,1,120.36,687.41,0.38,-0.01,droite,droite,1,1,40,40,0,0.767,matched,1
39,1.300,1780168744,T007,2,249.73,659.23,0.4,-0.54,droite,droite,2,1,40,40,0,0.764,matched,1
39,1.300,1780168744,T008,9,312.76,845.43,-0.71,0.97,droite,droite,9,1,40,40,0,0.758,matched,1
39,1.300,1780168744,T009,11,222.2,148.57,-0.57,0.45,gauche,gauche,11,1,37,34,0,0.767,matched,1
39,1.300,1780168744,T010,10,422.76,690.29,-0.72,-1.4,droite,droite,10,1,36,36,0,0.76,matched,1
40,1.333,1780168744,T001,1,222.76,374.21,0.0,0.0,gauche,gauche,1,1,41,41,0,0.77,matched,1
40,1.333,1780168744,T002,2,382.21,283.15,-1.5,-2.01,gauche,gauche,2,1,41,41,0,0.761,matched,1
40,1.333,1780168744,T003,3,161.53,212.71,-0.76,-0.95,gauche,gauche,3,1,41,41,0,0.765,matched,1
40,1.333,1780168744,T004,4,440.38,244.39,0.19,-0.21,gauche,gauche,4,1,41,41,0,0.769,matched,1
40,1.333,1780168744,T005,10,416.06,139.03,0.47,-0.02,gauche,gauche,10,1,41,38,0,0.767,matched,1
40,1.333,1780168744,T006,1,121.12,687.07,0.53,-0.0,droite,droite,1,1,41,41,0,0.767,matched,1
40,1.333,1780168744,T007,2,250.31,658.6,0.31,-0.73,droite,droite,2,1,41,41,0,0.766,matched,1
40,1.333,1780168744,T008,9,311.36,847.21,-1.01,1.73,droite,droite,9,1,41,41,0,0.756,matched,1
40,1.333,1780168744,T009,11,221.15,149.06,-0.84,0.17,gauche,gauche,11,1,38,35,0,0.764,matched,1
40,1.333,1780168744,T010,10,421.7,688.6,-0.79,-0.56,droite,droite,10,1,37,37,0,0.76,matched,1
41,1.367,1780168744,T001,1,222.76,374.21,-0.0,0.0,gauche,gauche,1,1,42,42,0,0.77,matched,1
41,1.367,1780168744,T002,2,380.58,280.43,-1.51,-1.75,gauche,gauche,2,1,42,42,0,0.768,matched,1
41,1.367,1780168744,T003,3,160.38,211.79,-0.98,-0.8,gauche,gauche,3,1,42,42,0,0.766,matched,1
41,1.367,1780168744,T004,4,440.38,244.39,0.16,-0.17,gauche,gauche,4,1,42,42,0,0.77,matched,1
41,1.367,1780168744,T005,10,416.78,139.34,0.39,0.25,gauche,gauche,10,1,42,39,0,0.766,matched,1
41,1.367,1780168744,T006,1,122.09,686.67,0.81,-0.17,droite,droite,1,1,42,42,0,0.765,matched,1
41,1.367,1780168744,T007,2,250.76,657.69,0.2,-0.98,droite,droite,2,1,42,42,0,0.765,matched,1
41,1.367,1780168744,T008,9,309.79,849.45,-1.24,2.14,droite,droite,9,1,42,42,0,0.76,matched,1
41,1.367,1780168744,T009,11,219.88,149.36,-1.1,0.02,gauche,gauche,11,1,39,36,0,0.765,matched,1
41,1.367,1780168744,T010,10,420.63,687.5,-0.8,-0.11,droite,droite,10,1,38,38,0,0.764,matched,1
42,1.400,1780168744,T001,1,222.76,374.21,-0.0,-0.0,gauche,gauche,1,1,43,43,0,0.77,matched,1
42,1.400,1780168744,T002,2,378.85,277.8,-1.51,-1.76,gauche,gauche,2,1,43,43,0,0.766,matched,1
42,1.400,1780168744,T003,3,159.17,211.02,-1.01,-0.56,gauche,gauche,3,1,43,43,0,0.767,matched,1
42,1.400,1780168744,T004,4,440.93,243.79,0.28,-0.12,gauche,gauche,4,1,43,43,0,0.768,matched,1
42,1.400,1780168744,T005,10,417.5,139.69,0.45,0.3,gauche,gauche,10,1,43,40,0,0.768,matched,1
42,1.400,1780168744,T006,1,123.3,686.44,1.07,-0.02,droite,droite,1,1,43,43,0,0.765,matched,1
42,1.400,1780168744,T007,2,251.24,656.51,0.29,-1.19,droite,droite,2,1,43,43,0,0.765,matched,1
42,1.400,1780168744,T008,9,307.95,851.98,-1.55,2.32,droite,droite,9,1,43,43,0,0.761,matched,1
42,1.400,1780168744,T009,11,218.41,149.55,-1.29,-0.04,gauche,gauche,11,1,40,37,0,0.766,matched,1
42,1.400,1780168744,T010,10,419.56,686.51,-0.8,-0.26,droite,droite,10,1,39,39,0,0.768,matched,1
43,1.433,1780168744,T001,1,222.76,374.21,-0.0,-0.0,gauche,gauche,1,1,44,44,0,0.77,matched,1
43,1.433,1780168744,T002,2,377.33,275.56,-1.17,-1.36,gauche,gauche,2,1,44,44,0,0.766,matched,1
43,1.433,1780168744,T003,3,158.1,210.44,-0.8,-0.34,gauche,gauche,3,1,44,44,0,0.767,matched,1
43,1.433,1780168744,T004,4,440.93,243.79,0.26,-0.07,gauche,gauche,4,1,44,44,0,0.769,matched,1
43,1.433,1780168744,T005,10,417.5,139.69,0.36,0.25,gauche,gauche,10,1,44,41,0,0.769,matched,1
43,1.433,1780168744,T006,1,124.45,686.3,0.93,0.04,droite,droite,1,1,44,44,0,0.769,matched,1
43,1.433,1780168744,T007,2,251.66,655.39,0.25,-1.0,droite,droite,2,1,44,44,0,0.769,matched,1
43,1.433,1780168744,T008,9,306.24,854.28,-1.32,1.86,droite,droite,9,1,44,44,0,0.767,matched,1
43,1.433,1780168744,T009,11,217.06,149.67,-1.07,-0.06,gauche,gauche,11,1,41,38,0,0.769,matched,1
43,1.433,1780168744,T010,10,418.65,685.68,-0.61,-0.25,droite,droite,10,1,40,40,0,0.768,matched,1
44,1.467,1780168744,T001,1,222.76,374.21,-0.0,-0.0,gauche,gauche,1,1,45,45,0,0.77,matched,1
44,1.467,1780168744,T002,2,375.98,273.24,-0.94,-1.58,gauche,gauche,2,1,45,45,0,0.765,matched,1
44,1.467,1780168744,T003,3,157.11,209.74,-0.7,-0.52,gauche,gauche,3,1,45,45,0,0.767,matched,1
44,1.467,1780168744,T004,4,440.93,243.79,0.03,-0.03,gauche,gauche,4,1,45,45,0,0.767,matched,1
44,1.467,1780168744,T005,10,418.28,140.04,0.42,0.18,gauche,gauche,10,1,45,42,0,0.768,matched,1
44,1.467,1780168744,T006,1,125.54,686.08,0.83,-0.12,droite,droite,1,1,45,45,0,0.768,matched,1
44,1.467,1780168744,T007,2,252.01,654.18,0.18,-1.04,droite,droite,2,1,45,45,0,0.768,matched,1
44,1.467,1780168744,T008,9,304.41,856.42,-1.44,1.6,droite,droite,9,1,45,45,0,0.766,matched,1
44,1.467,1780168744,T009,11,215.68,149.61,-1.08,-0.22,gauche,gauche,11,1,42,39,0,0.767,matched,1
44,1.467,1780168744,T010,10,417.78,685.02,-0.57,-0.19,droite,droite,10,1,41,41,0,0.769,matched,1
45,1.500,1780168744,T001,1,222.76,374.21,0.17,-0.0,gauche,gauche,1,1,46,46,0,0.767,matched,1
45,1.500,1780168744,T002,2,374.76,270.23,-0.81,-2.5,gauche,gauche,2,1,46,46,0,0.754,matched,1
45,1.500,1780168744,T003,3,156.15,208.95,-0.68,-0.64,gauche,gauche,3,1,46,46,0,0.767,matched,1
45,1.500,1780168744,T004,4,440.93,243.79,-0.07,0.16,gauche,gauche,4,1,46,46,0,0.767,matched,1
45,1.500,1780168744,T005,10,418.96,140.44,0.35,0.28,gauche,gauche,10,1,46,43,0,0.768,matched,1
45,1.500,1780168744,T006,1,126.73,685.84,0.95,-0.15,droite,droite,1,1,46,46,0,0.767,matched,1
45,1.500,1780168744,T007,2,252.28,653.1,0.11,-0.82,droite,droite,2,1,46,46,0,0.768,matched,1
45,1.500,1780168744,T008,9,302.38,858.18,-1.67,1.14,droite,droite,9,1,46,46,0,0.763,matched,1
45,1.500,1780168744,T009,11,214.06,149.62,-1.35,-0.06,gauche,gauche,11,1,43,40,0,0.764,matched,1
45,1.500,1780168744,T010,10,416.92,684.5,-0.6,-0.13,droite,droite,10,1,42,42,0,0.769,matched,1
46,1.533,1780168744,T001,1,223.65,374.4,0.37,-0.0,gauche,gauche,1,1,47,47,0,0.767,matched,1
46,1.533,1780168744,T002,2,373.63,266.63,-0.74,-3.13,gauche,gauche,2,1,47,47,0,0.757,matched,1
46,1.533,1780168744,T003,3,155.33,208.08,-0.51,-0.71,gauche,gauche,3,1,47,47,0,0.768,matched,1
46,1.533,1780168744,T004,4,441.34,242.88,0.08,-0.66,gauche,gauche,4,1,47,47,0,0.758,matched,1
46,1.533,1780168744,T005,10,419.76,140.81,0.58,0.25,gauche,gauche,10,1,47,44,0,0.766,matched,1
46,1.533,1780168744,T006,1,128.08,685.5,1.12,-0.3,droite,droite,1,1,47,47,0,0.765,matched,1
46,1.533,1780168744,T007,2,252.61,652.24,0.23,-0.55,droite,droite,2,1,47,47,0,0.767,matched,1
46,1.533,1780168744,T008,9,300.39,859.67,-1.55,0.87,droite,droite,9,1,47,47,0,0.768,matched,1
46,1.533,1780168744,T009,11,212.43,149.67,-1.32,0.01,gauche,gauche,11,1,44,41,0,0.768,matched,1
46,1.533,1780168744,T010,10,416.05,684.39,-0.64,0.27,droite,droite,10,1,43,43,0,0.764,matched,1
47,1.567,1780168744,T001,1,224.44,374.82,0.36,0.34,gauche,gauche,1,1,48,48,0,0.765,matched,1
47,1.567,1780168744,T002,2,372.55,262.58,-0.72,-3.52,gauche,gauche,2,1,48,48,0,0.76,matched,1
47,1.567,1780168744,T003,3,154.56,207.17,-0.5,-0.75,gauche,gauche,3,1,48,48,0,0.768,matched,1
47,1.567,1780168744,T004,4,441.71,241.99,0.12,-0.65,gauche,gauche,4,1,48,48,0,0.769,matched,1
47,1.567,1780168744,T005,10,420.53,141.12,0.54,0.19,gauche,gauche,10,1,48,45,0,0.769,matched,1
47,1.567,1780168744,T006,1,129.44,685.29,1.1,-0.12,droite,droite,1,1,48,48,0,0.767,matched,1
47,1.567,1780168744,T007,2,253.35,651.6,0.73,-0.32,droite,droite,2,1,48,48,0,0.762,matched,1
47,1.567,1780168744,T008,9,298.44,860.84,-1.49,0.57,droite,droite,9,1,48,48,0,0.767,matched,1
47,1.567,1780168744,T009,11,210.74,149.73,-1.35,0.04,gauche,gauche,11,1,45,42,0,0.768,matched,1
47,1.567,1780168744,T010,10,415.14,684.6,-0.68,0.53,droite,droite,10,1,44,44,0,0.765,matched,1
48,1.600,1780168744,T001,1,225.08,375.43,0.27,0.56,gauche,gauche,1,1,49,49,0,0.766,matched,1
48,1.600,1780168744,T002,2,371.64,258.35,-0.55,-3.54,gauche,gauche,2,1,49,49,0,0.764,matched,1
48,1.600,1780168744,T003,3,153.77,206.22,-0.55,-0.76,gauche,gauche,3,1,49,49,0,0.768,matched,1
48,1.600,1780168744,T004,4,441.71,241.99,-0.06,0.86,gauche,gauche,4,1,49,49,0,0.749,matched,1
48,1.600,1780168744,T005,10,421.31,141.36,0.57,0.12,gauche,gauche,10,1,49,46,0,0.769,matched,1
48,1.600,1780168744,T006,1,130.9,684.89,1.18,-0.36,droite,droite,1,1,49,49,0,0.765,matched,1
48,1.600,1780168744,T007,2,254.16,651.14,0.76,-0.16,droite,droite,2,1,49,49,0,0.768,matched,1
48,1.600,1780168744,T008,9,296.49,862.12,-1.47,0.83,droite,droite,9,1,49,49,0,0.765,matched,1
48,1.600,1780168744,T009,11,208.99,149.93,-1.39,0.21,gauche,gauche,11,1,46,43,0,0.766,matched,1
48,1.600,1780168744,T010,10,414.48,685.06,-0.37,0.68,droite,droite,10,1,45,45,0,0.765,matched,1
49,1.633,1780168744,T001,1,225.58,376.03,0.18,0.52,gauche,gauche,1,1,50,50,0,0.769,matched,1
49,1.633,1780168744,T002,2,370.92,254.64,-0.36,-2.75,gauche,gauche,2,1,50,50,0,0.763,matched,1
49,1.633,1780168744,T003,3,153.07,205.39,-0.45,-0.59,gauche,gauche,3,1,50,50,0,0.768,matched,1
49,1.633,1780168744,T004,4,441.82,242.91,-0.12,1.25,gauche,gauche,4,1,50,50,0,0.763,matched,1
49,1.633,1780168744,T005,10,421.31,141.36,0.45,0.06,gauche,gauche,10,1,50,47,0,0.769,matched,1
49,1.633,1780168744,T006,1,132.2,684.47,0.94,-0.37,droite,droite,1,1,50,50,0,0.768,matched,1
49,1.633,1780168744,T007,2,254.9,650.82,0.6,-0.06,droite,droite,2,1,50,50,0,0.768,matched,1
49,1.633,1780168744,T008,9,294.81,863.3,-1.13,0.75,droite,droite,9,1,50,50,0,0.767,matched,1
49,1.633,1780168744,T009,11,207.46,150.16,-1.09,0.23,gauche,gauche,11,1,47,44,0,0.768,matched,1
49,1.633,1780168744,T010,10,414.48,685.06,-0.17,0.58,droite,droite,10,1,46,46,0,0.768,matched,1
50,1.667,1780168744,T001,1,225.58,376.03,0.1,0.39,gauche,gauche,1,1,51,51,0,0.769,matched,1
50,1.667,1780168744,T002,2,370.25,251.28,-0.37,-2.33,gauche,gauche,2,1,51,51,0,0.768,matched,1
50,1.667,1780168744,T003,3,152.38,204.6,-0.48,-0.56,gauche,gauche,3,1,51,51,0,0.769,matched,1
50,1.667,1780168744,T004,4,441.86,244.17,-0.11,1.45,gauche,gauche,4,1,51,51,0,0.765,matched,1
50,1.667,1780168744,T005,10,422.29,141.53,0.64,0.03,gauche,gauche,10,1,51,48,0,0.766,matched,1
50,1.667,1780168744,T006,1,133.24,683.95,0.64,-0.46,droite,droite,1,1,51,51,0,0.766,matched,1
50,1.667,1780168744,T007,2,254.9,650.82,0.23,-0.01,droite,droite,2,1,51,51,0,0.765,matched,1
50,1.667,1780168744,T009,11,205.96,150.52,-1.07,0.35,gauche,gauche,11,1,48,45,0,0.767,matched,1
50,1.667,1780168744,T010,10,413.93,685.73,-0.22,0.58,droite,droite,10,1,47,47,0,0.769,matched,1
50,1.667,1780168744,T011,16,146.05,126.64,-0.19,0.27,gauche,gauche,16,1,11,11,0,0.768,matched,1
51,1.700,1780168744,T001,1,225.58,376.03,0.05,0.25,gauche,gauche,1,1,52,52,0,0.768,matched,1
51,1.700,1780168744,T002,2,369.41,248.26,-0.63,-1.98,gauche,gauche,2,1,52,52,0,0.765,matched,1
51,1.700,1780168744,T003,3,151.78,203.92,-0.38,-0.42,gauche,gauche,3,1,52,52,0,0.769,matched,1
51,1.700,1780168744,T004,4,441.89,245.53,-0.09,1.37,gauche,gauche,4,1,52,52,0,0.769,matched,1
51,1.700,1780168744,T005,10,423.33,141.66,0.74,0.01,gauche,gauche,10,1,52,49,0,0.768,matched,1
51,1.700,1780168744,T006,1,134.16,683.47,0.55,-0.39,droite,droite,1,1,52,52,0,0.769,matched,1
51,1.700,1780168744,T007,2,254.9,650.82,0.21,0.01,droite,droite,2,1,52,52,0,0.77,matched,1
51,1.700,1780168744,T009,11,204.68,151.01,-0.82,0.49,gauche,gauche,11,1,49,46,0,0.767,matched,1
51,1.700,1780168744,T010,10,413.32,686.73,-0.36,0.96,droite,droite,10,1,48,48,0,0.763,matched,1
51,1.700,1780168744,T011,16,145.39,126.95,-0.29,0.26,gauche,gauche,16,1,12,12,0,0.768,matched,1
52,1.733,1780168744,T001,1,225.58,376.03,0.02,0.14,gauche,gauche,1,1,53,53,0,0.769,matched,1
52,1.733,1780168744,T002,2,368.33,244.98,-0.93,-2.41,gauche,gauche,2,1,53,53,0,0.759,matched,1
52,1.733,1780168744,T003,3,151.78,203.92,-0.25,-0.27,gauche,gauche,3,1,53,53,0,0.768,matched,1
52,1.733,1780168744,T004,4,441.9,246.73,-0.06,1.03,gauche,gauche,4,1,53,53,0,0.767,matched,1
52,1.733,1780168744,T005,10,424.38,141.74,0.78,-0.0,gauche,gauche,10,1,53,50,0,0.768,matched,1
52,1.733,1780168744,T006,1,134.9,683.07,0.39,-0.28,droite,droite,1,1,53,53,0,0.768,matched,1
52,1.733,1780168744,T007,2,254.9,650.82,0.15,0.02,droite,droite,2,1,53,53,0,0.769,matched,1
52,1.733,1780168744,T009,11,203.54,151.49,-0.7,0.43,gauche,gauche,11,1,50,47,0,0.77,matched,1
52,1.733,1780168744,T010,10,412.91,688.29,-0.16,1.57,droite,droite,10,1,49,49,0,0.759,matched,1
52,1.733,1780168744,T011,16,144.95,128.05,-0.09,1.22,gauche,gauche,16,1,13,13,0,0.755,matched,1
53,1.767,1780168744,T001,1,225.58,376.03,-0.17,-0.11,gauche,gauche,1,1,54,54,0,0.766,matched,1
53,1.767,1780168744,T002,2,367.15,241.61,-1.0,-2.54,gauche,gauche,2,1,54,54,0,0.764,matched,1
53,1.767,1780168744,T003,3,151.78,203.92,-0.15,-0.15,gauche,gauche,3,1,54,54,0,0.768,matched,1
53,1.767,1780168744,T004,4,441.91,247.67,-0.03,0.66,gauche,gauche,4,1,54,54,0,0.766,matched,1
53,1.767,1780168744,T005,10,425.44,141.81,0.79,-0.0,gauche,gauche,10,1,54,51,0,0.769,matched,1
53,1.767,1780168744,T006,1,135.61,682.9,0.41,0.0,droite,droite,1,1,54,54,0,0.766,matched,1
53,1.767,1780168744,T007,2,254.9,650.82,-0.08,0.02,droite,droite,2,1,54,54,0,0.767,matched,1
53,1.767,1780168744,T009,11,202.61,152.17,-0.5,0.65,gauche,gauche,11,1,51,48,0,0.766,matched,1
53,1.767,1780168744,T010,10,412.63,690.43,-0.05,2.13,droite,droite,10,1,50,50,0,0.759,matched,1
53,1.767,1780168744,T011,16,144.67,129.21,0.01,1.14,gauche,gauche,16,1,14,14,0,0.769,matched,1
54,1.800,1780168744,T001,1,225.58,376.03,-0.2,-0.69,gauche,gauche,1,1,55,55,0,0.761,matched,1
54,1.800,1780168744,T002,2,365.68,238.38,-1.31,-2.36,gauche,gauche,2,1,55,55,0,0.764,matched,1
54,1.800,1780168744,T003,3,151.18,203.42,-0.24,-0.07,gauche,gauche,3,1,55,55,0,0.768,matched,1
54,1.800,1780168744,T004,4,441.91,247.67,-0.01,0.37,gauche,gauche,4,1,55,55,0,0.767,matched,1
54,1.800,1780168744,T005,10,426.35,141.85,0.61,-0.0,gauche,gauche,10,1,55,52,0,0.769,matched,1
54,1.800,1780168744,T006,1,135.61,682.9,0.32,0.11,droite,droite,1,1,55,55,0,0.768,matched,1
54,1.800,1780168744,T007,2,255.35,650.07,0.02,-0.67,droite,droite,2,1,55,55,0,0.76,matched,1
54,1.800,1780168744,T009,11,201.76,152.85,-0.48,0.59,gauche,gauche,11,1,52,49,0,0.77,matched,1
54,1.800,1780168744,T010,10,412.45,693.07,0.01,2.54,droite,droite,10,1,51,51,0,0.761,matched,1
54,1.800,1780168744,T011,16,144.35,130.5,-0.13,1.19,gauche,gauche,16,1,15,15,0,0.767,matched,1
55,1.833,1780168744,T001,1,225.58,376.03,-0.17,-0.75,gauche,gauche,1,1,56,56,0,0.768,matched,1
55,1.833,1780168744,T002,2,364.29,235.67,-1.13,-1.75,gauche,gauche,2,1,56,56,0,0.764,matched,1
55,1.833,1780168744,T003,3,151.18,203.42,-0.23,-0.02,gauche,gauche,3,1,56,56,0,0.769,matched,1
55,1.833,1780168744,T004,4,441.91,247.67,-0.01,0.17,gauche,gauche,4,1,56,56,0,0.768,matched,1
55,1.833,1780168744,T005,10,427.07,141.89,0.41,-0.0,gauche,gauche,10,1,56,53,0,0.768,matched,1
55,1.833,1780168744,T006,1,135.61,682.9,0.22,0.12,droite,droite,1,1,56,56,0,0.769,matched,1
55,1.833,1780168744,T007,2,255.72,649.2,0.06,-0.78,droite,droite,2,1,56,56,0,0.767,matched,1
55,1.833,1780168744,T009,11,201.06,153.43,-0.36,0.43,gauche,gauche,11,1,53,50,0,0.768,matched,1
55,1.833,1780168744,T010,10,412.33,695.55,0.03,2.12,droite,droite,10,1,52,52,0,0.768,matched,1
55,1.833,1780168744,T011,16,144.05,131.66,-0.15,0.94,gauche,gauche,16,1,16,16,0,0.768,matched,1
56,1.867,1780168744,T001,1,225.11,375.09,-0.8,-1.12,gauche,gauche,1,1,57,57,0,0.759,matched,1
56,1.867,1780168744,T002,2,362.86,233.69,-1.15,-0.95,gauche,gauche,2,1,57,57,0,0.761,matched,1
56,1.867,1780168744,T003,3,150.5,203.07,-0.34,-0.0,gauche,gauche,3,1,57,57,0,0.768,matched,1
56,1.867,1780168744,T004,4,441.91,247.67,-0.17,0.06,gauche,gauche,4,1,57,57,0,0.767,matched,1
56,1.867,1780168744,T005,10,427.89,141.91,0.57,-0.0,gauche,gauche,10,1,57,54,0,0.767,matched,1
56,1.867,1780168744,T006,1,136.36,682.79,0.3,-0.07,droite,droite,1,1,57,57,0,0.767,matched,1
56,1.867,1780168744,T007,2,255.89,648.13,-0.11,-0.99,droite,droite,2,1,57,57,0,0.765,matched,1
56,1.867,1780168744,T009,11,200.23,153.87,-0.57,0.27,gauche,gauche,11,1,54,51,0,0.766,matched,1
56,1.867,1780168744,T010,10,412.25,697.87,0.03,1.82,droite,droite,10,1,53,53,0,0.769,matched,1
56,1.867,1780168744,T011,16,143.65,132.59,-0.29,0.63,gauche,gauche,16,1,17,17,0,0.766,matched,1
57,1.900,1780168744,T001,1,224.31,373.7,-1.03,-1.52,gauche,gauche,1,1,58,58,0,0.761,matched,1
57,1.900,1780168744,T002,2,361.47,231.89,-1.06,-0.93,gauche,gauche,2,1,58,58,0,0.769,matched,1
57,1.900,1780168744,T003,3,149.76,202.81,-0.47,0.01,gauche,gauche,3,1,58,58,0,0.767,matched,1
57,1.900,1780168744,T004,4,441.91,247.67,-0.2,0.0,gauche,gauche,4,1,58,58,0,0.769,matched,1
57,1.900,1780168744,T005,10,428.78,141.93,0.68,-0.0,gauche,gauche,10,1,58,55,0,0.768,matched,1
57,1.900,1780168744,T006,1,137.14,682.51,0.43,-0.3,droite,droite,1,1,58,58,0,0.766,matched,1
57,1.900,1780168744,T007,2,256.22,646.7,0.19,-1.35,droite,droite,2,1,58,58,0,0.762,matched,1
57,1.900,1780168744,T009,11,199.19,154.2,-0.87,0.15,gauche,gauche,11,1,55,52,0,0.765,matched,1
57,1.900,1780168744,T010,10,412.19,700.07,0.02,1.63,droite,droite,10,1,54,54,0,0.77,matched,1
57,1.900,1780168744,T011,16,143.13,133.29,-0.45,0.37,gauche,gauche,16,1,18,18,0,0.766,matched,1
58,1.933,1780168744,T001,1,223.08,372.03,-1.39,-1.66,gauche,gauche,1,1,59,59,0,0.762,matched,1
58,1.933,1780168744,T002,2,360.16,230.27,-0.96,-0.89,gauche,gauche,2,1,59,59,0,0.769,matched,1
58,1.933,1780168744,T003,3,148.96,202.75,-0.59,0.18,gauche,gauche,3,1,59,59,0,0.767,matched,1
58,1.933,1780168744,T004,4,441.91,247.67,-0.16,-0.02,gauche,gauche,4,1,59,59,0,0.77,matched,1
58,1.933,1780168744,T005,10,429.58,141.95,0.56,-0.0,gauche,gauche,10,1,59,56,0,0.769,matched,1
58,1.933,1780168744,T006,1,137.96,682.18,0.55,-0.32,droite,droite,1,1,59,59,0,0.767,matched,1
58,1.933,1780168744,T007,2,256.73,645.04,0.43,-1.53,droite,droite,2,1,59,59,0,0.764,matched,1
58,1.933,1780168744,T009,11,197.77,154.43,-1.29,0.07,gauche,gauche,11,1,56,53,0,0.762,matched,1
58,1.933,1780168744,T010,10,412.01,701.76,-0.16,1.02,droite,droite,10,1,55,55,0,0.763,matched,1
58,1.933,1780168744,T011,16,142.35,133.93,-0.75,0.35,gauche,gauche,16,1,19,19,0,0.765,matched,1
59,1.967,1780168744,T001,1,221.7,370.49,-1.39,-1.34,gauche,gauche,1,1,60,60,0,0.767,matched,1
59,1.967,1780168744,T002,2,358.65,227.69,-1.21,-2.2,gauche,gauche,2,1,60,60,0,0.749,matched,1
59,1.967,1780168744,T003,3,147.95,202.65,-0.84,0.04,gauche,gauche,3,1,60,60,0,0.765,matched,1
59,1.967,1780168744,T004,4,441.54,248.51,-0.28,0.31,gauche,gauche,4,1,60,60,0,0.765,matched,1
59,1.967,1780168744,T005,10,429.58,141.95,0.39,-0.0,gauche,gauche,10,1,60,57,0,0.768,matched,1
59,1.967,1780168744,T006,1,138.84,681.6,0.65,-0.59,droite,droite,1,1,60,60,0,0.765,matched,1
59,1.967,1780168744,T007,2,257.11,643.51,0.26,-1.25,droite,droite,2,1,60,60,0,0.767,matched,1
59,1.967,1780168744,T009,11,195.98,154.73,-1.67,0.19,gauche,gauche,11,1,57,54,0,0.762,matched,1
59,1.967,1780168744,T010,10,411.52,703.0,-0.53,0.55,droite,droite,10,1,56,56,0,0.762,matched,1
59,1.967,1780168744,T011,16,141.42,134.46,-0.87,0.27,gauche,gauche,16,1,20,20,0,0.767,matched,1
60,2.000,1780168745,T001,1,220.47,369.1,-1.07,-1.08,gauche,gauche,1,1,61,61,0,0.767,matched,1
60,2.000,1780168745,T002,2,356.99,224.61,-1.37,-2.71,gauche,gauche,2,1,61,61,0,0.758,matched,1
60,2.000,1780168745,T003,3,146.86,202.53,-0.92,-0.03,gauche,gauche,3,1,61,61,0,0.767,matched,1
60,2.000,1780168745,T004,4,440.9,250.12,-0.6,1.39,gauche,gauche,4,1,61,61,0,0.753,matched,1
60,2.000,1780168745,T005,10,429.58,141.95,0.24,0.17,gauche,gauche,10,1,61,58,0,0.767,matched,1
60,2.000,1780168745,T006,1,140.04,680.99,1.04,-0.56,droite,droite,1,1,61,61,0,0.763,matched,1
60,2.000,1780168745,T007,2,257.52,641.72,0.3,-1.54,droite,droite,2,1,61,61,0,0.764,matched,1
60,2.000,1780168745,T009,11,193.99,155.3,-1.78,0.54,gauche,gauche,11,1,58,55,0,0.763,matched,1
60,2.000,1780168745,T010,10,410.83,703.73,-0.72,0.07,droite,droite,10,1,57,57,0,0.763,matched,1
60,2.000,1780168745,T011,16,140.42,134.73,-0.88,0.0,gauche,gauche,16,1,21,21,0,0.766,matched,1
61,2.033,1780168745,T001,1,219.48,367.97,-0.7,-0.74,gauche,gauche,1,1,62,62,0,0.765,matched,1
61,2.033,1780168745,T002,2,355.48,221.73,-1.12,-2.3,gauche,gauche,2,1,62,62,0,0.767,matched,1
61,2.033,1780168745,T003,3,145.88,202.41,-0.74,-0.05,gauche,gauche,3,1,62,62,0,0.769,matched,1
61,2.033,1780168745,T004,4,440.23,251.86,-0.59,1.49,gauche,gauche,4,1,62,62,0,0.766,matched,1
61,2.033,1780168745,T005,10,429.58,141.95,0.12,0.2,gauche,gauche,10,1,62,59,0,0.769,matched,1
61,2.033,1780168745,T006,1,141.22,680.47,0.96,-0.43,droite,droite,1,1,62,62,0,0.769,matched,1
61,2.033,1780168745,T007,2,257.89,640.06,0.25,-1.3,droite,droite,2,1,62,62,0,0.769,matched,1
61,2.033,1780168745,T009,11,192.2,155.91,-1.42,0.55,gauche,gauche,11,1,59,56,0,0.767,matched,1
61,2.033,1780168745,T010,10,410.83,703.73,-0.46,-0.13,droite,droite,10,1,58,58,0,0.766,matched,1
61,2.033,1780168745,T011,16,139.54,134.86,-0.69,-0.1,gauche,gauche,16,1,22,22,0,0.768,matched,1
62,2.067,1780168745,T001,1,218.61,367.12,-0.57,-0.44,gauche,gauche,1,1,63,63,0,0.767,matched,1
62,2.067,1780168745,T002,2,353.99,219.09,-1.11,-1.95,gauche,gauche,2,1,63,63,0,0.768,matched,1
62,2.067,1780168745,T003,3,144.68,202.31,-1.01,-0.04,gauche,gauche,3,1,63,63,0,0.765,matched,1
62,2.067,1780168745,T004,4,439.51,253.98,-0.62,1.87,gauche,gauche,4,1,63,63,0,0.762,matched,1
62,2.067,1780168745,T005,10,429.58,141.95,0.05,0.16,gauche,gauche,10,1,63,60,0,0.769,matched,1
62,2.067,1780168745,T006,1,142.36,680.32,0.88,0.06,droite,droite,1,1,63,63,0,0.763,matched,1
62,2.067,1780168745,T007,2,258.19,638.55,0.17,-1.08,droite,droite,2,1,63,63,0,0.769,matched,1
62,2.067,1780168745,T009,11,190.62,157.13,-1.12,1.28,gauche,gauche,11,1,60,57,0,0.758,matched,1
62,2.067,1780168745,T010,10,410.15,704.21,-0.43,-0.0,droite,droite,10,1,59,59,0,0.768,matched,1
62,2.067,1780168745,T011,16,138.69,135.04,-0.63,0.05,gauche,gauche,16,1,23,23,0,0.768,matched,1
63,2.100,1780168745,T001,1,217.91,366.51,-0.39,-0.22,gauche,gauche,1,1,64,64,0,0.767,matched,1
63,2.100,1780168745,T002,2,352.43,216.92,-1.2,-1.38,gauche,gauche,2,1,64,64,0,0.764,matched,1
63,2.100,1780168745,T003,3,143.41,202.1,-1.06,-0.2,gauche,gauche,3,1,64,64,0,0.767,matched,1
63,2.100,1780168745,T004,4,438.73,256.37,-0.66,2.1,gauche,gauche,4,1,64,64,0,0.764,matched,1
63,2.100,1780168745,T005,10,430.32,142.22,0.18,0.11,gauche,gauche,10,1,64,61,0,0.768,matched,1
63,2.100,1780168745,T006,1,143.73,680.51,1.16,0.41,droite,droite,1,1,64,64,0,0.763,matched,1
63,2.100,1780168745,T007,2,258.55,637.19,0.27,-0.92,droite,droite,2,1,64,64,0,0.768,matched,1
63,2.100,1780168745,T009,11,189.22,159.02,-0.93,1.95,gauche,gauche,11,1,61,58,0,0.758,matched,1
63,2.100,1780168745,T010,10,409.6,704.75,-0.32,0.21,droite,droite,10,1,60,60,0,0.767,matched,1
63,2.100,1780168745,T011,16,137.98,135.24,-0.46,0.1,gauche,gauche,16,1,24,24,0,0.768,matched,1
64,2.133,1780168745,T001,1,217.24,366.08,-0.4,-0.09,gauche,gauche,1,1,65,65,0,0.768,matched,1
64,2.133,1780168745,T002,2,350.78,214.85,-1.3,-1.35,gauche,gauche,2,1,65,65,0,0.766,matched,1
64,2.133,1780168745,T003,3,142.0,201.99,-1.17,-0.05,gauche,gauche,3,1,65,65,0,0.766,matched,1
64,2.133,1780168745,T004,4,437.76,258.96,-0.87,2.22,gauche,gauche,4,1,65,65,0,0.764,matched,1
64,2.133,1780168745,T005,10,430.32,142.22,0.19,0.07,gauche,gauche,10,1,65,62,0,0.769,matched,1
64,2.133,1780168745,T006,1,145.16,680.96,1.17,0.62,droite,droite,1,1,65,65,0,0.766,matched,1
64,2.133,1780168745,T007,2,259.03,635.94,0.42,-0.82,droite,droite,2,1,65,65,0,0.767,matched,1
64,2.133,1780168745,T009,11,188.09,161.2,-0.64,2.1,gauche,gauche,11,1,62,59,0,0.764,matched,1
64,2.133,1780168745,T010,10,409.6,704.75,-0.2,0.25,droite,droite,10,1,61,61,0,0.769,matched,1
64,2.133,1780168745,T011,16,137.98,135.24,-0.29,0.1,gauche,gauche,16,1,25,25,0,0.768,matched,1
65,2.167,1780168745,T001,1,217.24,366.08,-0.15,-0.02,gauche,gauche,1,1,66,66,0,0.767,matched,1
65,2.167,1780168745,T002,2,349.18,213.23,-1.21,-0.87,gauche,gauche,2,1,66,66,0,0.765,matched,1
65,2.167,1780168745,T003,3,140.74,201.95,-0.95,0.02,gauche,gauche,3,1,66,66,0,0.768,matched,1
65,2.167,1780168745,T004,4,436.84,261.27,-0.75,1.77,gauche,gauche,4,1,66,66,0,0.766,matched,1
65,2.167,1780168745,T005,10,430.32,142.22,0.15,0.03,gauche,gauche,10,1,66,63,0,0.77,matched,1
65,2.167,1780168745,T006,1,146.68,681.45,1.25,0.56,droite,droite,1,1,66,66,0,0.767,matched,1
65,2.167,1780168745,T007,2,259.64,634.77,0.55,-0.77,droite,droite,2,1,66,66,0,0.767,matched,1
65,2.167,1780168745,T008,9,283.42,864.22,-2.27,0.06,droite,droite,9,1,66,51,0,0.702,matched,1
65,2.167,1780168745,T009,11,187.09,163.47,-0.55,2.03,gauche,gauche,11,1,63,60,0,0.768,matched,1
65,2.167,1780168745,T010,10,409.17,705.58,-0.11,0.55,droite,droite,10,1,62,62,0,0.765,matched,1
66,2.200,1780168745,T001,1,217.24,366.08,-0.18,0.01,gauche,gauche,1,1,67,67,0,0.769,matched,1
66,2.200,1780168745,T002,2,347.68,211.49,-1.07,-1.16,gauche,gauche,2,1,67,67,0,0.764,matched,1
66,2.200,1780168745,T003,3,139.72,201.95,-0.65,0.04,gauche,gauche,3,1,67,67,0,0.767,matched,1
66,2.200,1780168745,T004,4,435.93,263.13,-0.7,1.19,gauche,gauche,4,1,67,67,0,0.764,matched,1
66,2.200,1780168745,T005,10,431.12,142.42,0.27,0.01,gauche,gauche,10,1,67,64,0,0.768,matched,1
66,2.200,1780168745,T006,1,148.17,681.88,1.17,0.41,droite,droite,1,1,67,67,0,0.768,matched,1
66,2.200,1780168745,T007,2,260.36,633.79,0.65,-0.57,droite,droite,2,1,67,67,0,0.767,matched,1
66,2.200,1780168745,T008,9,274.37,864.9,-1.71,-0.02,droite,droite,9,1,67,52,0,0.768,matched,1
66,2.200,1780168745,T009,11,186.15,165.59,-0.57,1.71,gauche,gauche,11,1,64,61,0,0.768,matched,1
66,2.200,1780168745,T010,10,408.86,706.64,-0.05,0.88,droite,droite,10,1,63,63,0,0.764,matched,1
67,2.233,1780168745,T001,1,217.24,366.08,-0.16,0.02,gauche,gauche,1,1,68,68,0,0.77,matched,1
67,2.233,1780168745,T002,2,346.45,209.91,-0.78,-1.01,gauche,gauche,2,1,68,68,0,0.767,matched,1
67,2.233,1780168745,T003,3,138.94,201.96,-0.39,0.04,gauche,gauche,3,1,68,68,0,0.767,matched,1
67,2.233,1780168745,T004,4,435.17,264.52,-0.53,0.7,gauche,gauche,4,1,68,68,0,0.764,matched,1
67,2.233,1780168745,T005,10,431.12,142.42,0.26,0.0,gauche,gauche,10,1,68,65,0,0.77,matched,1
67,2.233,1780168745,T006,1,149.44,682.21,0.87,0.26,droite,droite,1,1,68,68,0,0.767,matched,1
67,2.233,1780168745,T007,2,261.02,633.03,0.54,-0.37,droite,droite,2,1,68,68,0,0.768,matched,1
67,2.233,1780168745,T008,9,267.43,865.41,-0.9,-0.03,droite,droite,9,1,68,53,0,0.765,matched,1
67,2.233,1780168745,T009,11,185.35,167.33,-0.44,1.2,gauche,gauche,11,1,65,62,0,0.765,matched,1
67,2.233,1780168745,T010,10,408.64,707.68,-0.02,0.8,droite,droite,10,1,64,64,0,0.77,matched,1
68,2.267,1780168745,T001,1,216.68,365.55,-0.11,-0.32,gauche,gauche,1,1,69,69,0,0.765,matched,1
68,2.267,1780168745,T002,2,345.49,207.66,-0.48,-1.91,gauche,gauche,2,1,69,69,0,0.755,matched,1
68,2.267,1780168745,T003,3,138.94,201.96,-0.37,0.03,gauche,gauche,3,1,69,69,0,0.77,matched,1
68,2.267,1780168745,T004,4,434.56,265.53,-0.34,0.35,gauche,gauche,4,1,69,69,0,0.765,matched,1
68,2.267,1780168745,T005,10,431.97,142.7,0.36,0.17,gauche,gauche,10,1,69,66,0,0.767,matched,1
68,2.267,1780168745,T006,1,150.57,682.59,0.73,0.31,droite,droite,1,1,69,69,0,0.769,matched,1
68,2.267,1780168745,T007,2,261.7,632.47,0.54,-0.2,droite,droite,2,1,69,69,0,0.768,matched,1
68,2.267,1780168745,T008,9,262.17,865.79,-0.44,-0.02,droite,droite,9,1,69,54,0,0.766,matched,1
68,2.267,1780168745,T009,11,184.73,169.08,-0.29,1.24,gauche,gauche,11,1,66,63,0,0.767,matched,1
68,2.267,1780168745,T010,10,408.47,708.83,0.0,0.93,droite,droite,10,1,65,65,0,0.767,matched,1
69,2.300,1780168745,T001,1,216.12,364.85,-0.24,-0.55,gauche,gauche,1,1,70,70,0,0.766,matched,1
69,2.300,1780168745,T002,2,344.51,204.44,-0.6,-3.02,gauche,gauche,2,1,70,70,0,0.751,matched,1
69,2.300,1780168745,T003,3,138.21,201.98,-0.28,0.02,gauche,gauche,3,1,70,70,0,0.769,matched,1
69,2.300,1780168745,T004,4,434.12,266.37,-0.19,0.3,gauche,gauche,4,1,70,70,0,0.768,matched,1
69,2.300,1780168745,T005,10,432.84,142.85,0.49,0.02,gauche,gauche,10,1,70,67,0,0.767,matched,1
69,2.300,1780168745,T006,1,151.48,682.94,0.51,0.26,droite,droite,1,1,70,70,0,0.768,matched,1
69,2.300,1780168745,T007,2,262.43,631.93,0.59,-0.26,droite,droite,2,1,70,70,0,0.768,matched,1
69,2.300,1780168745,T008,9,258.21,866.08,-0.21,-0.02,droite,droite,9,1,70,55,0,0.768,matched,1
69,2.300,1780168745,T009,11,184.12,170.72,-0.34,1.14,gauche,gauche,11,1,67,64,0,0.769,matched,1
69,2.300,1780168745,T010,10,408.36,710.15,0.01,1.11,droite,droite,10,1,66,66,0,0.766,matched,1
70,2.333,1780168745,T001,1,215.49,364.04,-0.4,-0.68,gauche,gauche,1,1,71,71,0,0.766,matched,1
70,2.333,1780168745,T002,2,343.1,201.1,-1.19,-2.93,gauche,gauche,2,1,71,71,0,0.76,matched,1
70,2.333,1780168745,T003,3,137.5,201.85,-0.35,-0.16,gauche,gauche,3,1,71,71,0,0.767,matched,1
70,2.333,1780168745,T004,4,433.66,267.17,-0.26,0.39,gauche,gauche,4,1,71,71,0,0.768,matched,1
70,2.333,1780168745,T005,10,433.88,142.92,0.77,-0.04,gauche,gauche,10,1,71,68,0,0.765,matched,1
70,2.333,1780168745,T006,1,152.18,683.23,0.31,0.18,droite,droite,1,1,71,71,0,0.768,matched,1
70,2.333,1780168745,T007,2,263.22,631.46,0.65,-0.23,droite,droite,2,1,71,71,0,0.768,matched,1
70,2.333,1780168745,T008,9,255.08,866.3,-0.27,-0.01,droite,droite,9,1,71,56,0,0.769,matched,1
70,2.333,1780168745,T009,11,183.32,172.1,-0.62,0.85,gauche,gauche,11,1,68,65,0,0.765,matched,1
70,2.333,1780168745,T010,10,408.41,711.63,0.18,1.27,droite,droite,10,1,67,67,0,0.765,matched,1
71,2.367,1780168745,T001,1,214.9,363.02,-0.37,-0.92,gauche,gauche,1,1,72,72,0,0.766,matched,1
71,2.367,1780168745,T002,2,341.13,198.06,-1.83,-2.4,gauche,gauche,2,1,72,72,0,0.758,matched,1
71,2.367,1780168745,T003,3,137.5,201.85,-0.3,-0.36,gauche,gauche,3,1,72,72,0,0.767,matched,1
71,2.367,1780168745,T004,4,433.12,268.68,-0.4,1.35,gauche,gauche,4,1,72,72,0,0.755,matched,1
71,2.367,1780168745,T005,10,435.14,143.23,1.04,0.29,gauche,gauche,10,1,72,69,0,0.763,matched,1
71,2.367,1780168745,T006,1,152.82,683.58,0.33,0.28,droite,droite,1,1,72,72,0,0.768,matched,1
71,2.367,1780168745,T007,2,264.06,631.08,0.69,-0.16,droite,droite,2,1,72,72,0,0.768,matched,1
71,2.367,1780168745,T008,9,252.09,866.46,-0.92,-0.0,droite,droite,9,1,72,57,0,0.76,matched,1
71,2.367,1780168745,T009,11,182.4,173.17,-0.76,0.54,gauche,gauche,11,1,69,66,0,0.766,matched,1
71,2.367,1780168745,T010,10,408.66,713.25,0.37,1.38,droite,droite,10,1,68,68,0,0.765,matched,1
72,2.400,1780168745,T001,1,214.27,361.35,-0.45,-1.65,gauche,gauche,1,1,73,73,0,0.758,matched,1
72,2.400,1780168745,T002,2,338.78,195.71,-2.17,-1.48,gauche,gauche,2,1,73,73,0,0.757,matched,1
72,2.400,1780168745,T003,3,136.73,201.56,-0.38,-0.19,gauche,gauche,3,1,73,73,0,0.767,matched,1
72,2.400,1780168745,T004,4,432.62,270.87,-0.36,2.1,gauche,gauche,4,1,73,73,0,0.757,matched,1
72,2.400,1780168745,T005,10,436.46,143.73,1.08,0.52,gauche,gauche,10,1,73,70,0,0.766,matched,1
72,2.400,1780168745,T006,1,153.5,684.2,0.43,0.59,droite,droite,1,1,73,73,0,0.765,matched,1
72,2.400,1780168745,T007,2,264.94,630.66,0.72,-0.27,droite,droite,2,1,73,73,0,0.768,matched,1
72,2.400,1780168745,T009,11,181.42,173.96,-0.81,0.3,gauche,gauche,11,1,70,67,0,0.767,matched,1
72,2.400,1780168745,T010,10,408.96,714.71,0.36,1.11,droite,droite,10,1,69,69,0,0.768,matched,1
72,2.400,1780168745,T011,16,134.24,136.27,-0.42,0.37,gauche,gauche,16,1,33,33,0,0.767,matched,1
73,2.433,1780168745,T001,1,213.71,359.63,-0.38,-1.56,gauche,gauche,1,1,74,74,0,0.769,matched,1
73,2.433,1780168745,T002,2,336.58,194.01,-1.81,-0.79,gauche,gauche,2,1,74,74,0,0.762,matched,1
73,2.433,1780168745,T003,3,136.73,201.56,-0.33,-0.08,gauche,gauche,3,1,74,74,0,0.769,matched,1
73,2.433,1780168745,T004,4,432.19,273.05,-0.26,1.91,gauche,gauche,4,1,74,74,0,0.769,matched,1
73,2.433,1780168745,T005,10,437.62,144.26,0.85,0.49,gauche,gauche,10,1,74,71,0,0.768,matched,1
73,2.433,1780168745,T006,1,154.11,684.84,0.38,0.58,droite,droite,1,1,74,74,0,0.769,matched,1
73,2.433,1780168745,T007,2,265.73,630.26,0.57,-0.25,droite,droite,2,1,74,74,0,0.769,matched,1
73,2.433,1780168745,T009,11,180.55,174.53,-0.64,0.14,gauche,gauche,11,1,71,68,0,0.768,matched,1
73,2.433,1780168745,T010,10,409.24,715.89,0.28,0.75,droite,droite,10,1,70,70,0,0.766,matched,1
73,2.433,1780168745,T011,16,134.24,136.27,-0.3,0.36,gauche,gauche,16,1,34,34,0,0.769,matched,1
74,2.467,1780168745,T001,1,212.98,357.31,-0.6,-2.19,gauche,gauche,1,1,75,75,0,0.758,matched,1
74,2.467,1780168745,T002,2,334.37,192.83,-1.77,-0.34,gauche,gauche,2,1,75,75,0,0.764,matched,1
74,2.467,1780168745,T003,3,135.9,201.53,-0.4,0.15,gauche,gauche,3,1,75,75,0,0.766,matched,1
74,2.467,1780168745,T004,4,431.86,275.59,-0.17,2.25,gauche,gauche,4,1,75,75,0,0.762,matched,1
74,2.467,1780168745,T005,10,438.69,144.73,0.74,0.37,gauche,gauche,10,1,75,72,0,0.769,matched,1
74,2.467,1780168745,T006,1,154.74,685.41,0.44,0.44,droite,droite,1,1,75,75,0,0.768,matched,1
74,2.467,1780168745,T007,2,266.49,629.94,0.55,-0.19,droite,droite,2,1,75,75,0,0.769,matched,1
74,2.467,1780168745,T009,11,179.58,174.93,-0.77,0.04,gauche,gauche,11,1,72,69,0,0.767,matched,1
74,2.467,1780168745,T010,10,409.47,716.91,0.18,0.61,droite,droite,10,1,71,71,0,0.769,matched,1
74,2.467,1780168745,T011,16,133.65,136.72,-0.19,0.27,gauche,gauche,16,1,35,35,0,0.769,matched,1
75,2.500,1780168745,T001,1,212.0,354.37,-0.89,-2.78,gauche,gauche,1,1,76,76,0,0.757,matched,1
75,2.500,1780168745,T002,2,332.32,191.88,-1.52,-0.26,gauche,gauche,2,1,76,76,0,0.769,matched,1
75,2.500,1780168745,T003,3,135.19,201.88,-0.34,0.55,gauche,gauche,3,1,76,76,0,0.764,matched,1
75,2.500,1780168745,T004,4,431.62,278.35,-0.09,2.38,gauche,gauche,4,1,76,76,0,0.765,matched,1
75,2.500,1780168745,T005,10,439.57,145.09,0.53,0.24,gauche,gauche,10,1,76,73,0,0.768,matched,1
75,2.500,1780168745,T006,1,155.44,685.86,0.53,0.29,droite,droite,1,1,76,76,0,0.767,matched,1
75,2.500,1780168745,T007,2,266.49,629.94,0.42,-0.12,droite,droite,2,1,76,76,0,0.769,matched,1
75,2.500,1780168745,T009,11,178.55,175.21,-0.82,-0.0,gauche,gauche,11,1,73,70,0,0.768,matched,1
75,2.500,1780168745,T010,10,409.49,717.73,-0.07,0.42,droite,droite,10,1,72,72,0,0.766,matched,1
75,2.500,1780168745,T011,16,133.65,136.72,-0.27,0.18,gauche,gauche,16,1,36,36,0,0.768,matched,1
76,2.533,1780168745,T001,1,210.9,351.43,-0.97,-2.55,gauche,gauche,1,1,77,77,0,0.767,matched,1
76,2.533,1780168745,T002,2,330.76,191.01,-0.91,-0.34,gauche,gauche,2,1,77,77,0,0.763,matched,1
76,2.533,1780168745,T003,3,134.62,202.61,-0.24,0.91,gauche,gauche,3,1,77,77,0,0.764,matched,1
76,2.533,1780168745,T004,4,431.45,281.1,-0.04,2.23,gauche,gauche,4,1,77,77,0,0.769,matched,1
76,2.533,1780168745,T005,10,440.38,145.36,0.5,0.13,gauche,gauche,10,1,77,74,0,0.769,matched,1
76,2.533,1780168745,T006,1,156.21,686.19,0.62,0.16,droite,droite,1,1,77,77,0,0.768,matched,1
76,2.533,1780168745,T007,2,266.49,629.94,0.27,-0.07,droite,droite,2,1,77,77,0,0.768,matched,1
76,2.533,1780168745,T009,11,177.51,175.41,-0.82,-0.02,gauche,gauche,11,1,74,71,0,0.769,matched,1
76,2.533,1780168745,T010,10,409.49,717.73,-0.32,0.08,droite,droite,10,1,73,73,0,0.764,matched,1
76,2.533,1780168745,T011,16,133.02,137.06,-0.24,0.1,gauche,gauche,16,1,37,37,0,0.769,matched,1
77,2.567,1780168745,T001,1,209.77,348.78,-0.95,-2.05,gauche,gauche,1,1,78,78,0,0.766,matched,1
77,2.567,1780168745,T002,2,329.24,190.28,-0.98,-0.3,gauche,gauche,2,1,78,78,0,0.768,matched,1
77,2.567,1780168745,T003,3,134.05,203.41,-0.31,0.85,gauche,gauche,3,1,78,78,0,0.768,matched,1
77,2.567,1780168745,T004,4,431.19,283.44,-0.18,1.67,gauche,gauche,4,1,78,78,0,0.765,matched,1
77,2.567,1780168745,T005,10,441.19,145.41,0.54,-0.11,gauche,gauche,10,1,78,75,0,0.766,matched,1
77,2.567,1780168745,T006,1,156.91,686.43,0.51,0.08,droite,droite,1,1,78,78,0,0.769,matched,1
77,2.567,1780168745,T007,2,266.49,629.94,0.15,-0.03,droite,droite,2,1,78,78,0,0.769,matched,1
77,2.567,1780168745,T008,9,246.47,866.59,-1.85,-0.0,droite,droite,9,1,78,58,0,0.747,matched,1
77,2.567,1780168745,T009,11,176.47,176.1,-0.8,0.66,gauche,gauche,11,1,75,72,0,0.76,matched,1
77,2.567,1780168745,T010,10,409.49,717.73,-0.34,-0.41,droite,droite,10,1,74,74,0,0.763,matched,1
78,2.600,1780168745,T001,1,208.79,346.64,-0.73,-1.39,gauche,gauche,1,1,79,79,0,0.763,matched,1
78,2.600,1780168745,T002,2,327.78,189.7,-0.95,-0.21,gauche,gauche,2,1,79,79,0,0.769,matched,1
78,2.600,1780168745,T003,3,133.55,204.39,-0.27,0.97,gauche,gauche,3,1,79,79,0,0.767,matched,1
78,2.600,1780168745,T004,4,430.78,285.14,-0.37,0.9,gauche,gauche,4,1,79,79,0,0.761,matched,1
78,2.600,1780168745,T005,10,441.19,145.41,0.44,-0.01,gauche,gauche,10,1,79,76,0,0.768,matched,1
78,2.600,1780168745,T006,1,157.61,686.59,0.52,0.03,droite,droite,1,1,79,79,0,0.769,matched,1
78,2.600,1780168745,T007,2,266.49,629.94,0.07,-0.01,droite,droite,2,1,79,79,0,0.769,matched,1
78,2.600,1780168745,T009,11,175.57,177.62,-0.62,1.62,gauche,gauche,11,1,76,73,0,0.755,matched,1
78,2.600,1780168745,T010,10,409.49,717.73,-0.44,-0.84,droite,droite,10,1,75,75,0,0.763,matched,1
78,2.600,1780168745,T011,16,133.02,137.06,-0.11,0.02,gauche,gauche,16,1,39,39,0,0.769,matched,1
79,2.633,1780168745,T001,1,208.01,345.02,-0.48,-0.82,gauche,gauche,1,1,80,80,0,0.763,matched,1
79,2.633,1780168745,T002,2,326.56,189.26,-0.73,-0.13,gauche,gauche,2,1,80,80,0,0.768,matched,1
79,2.633,1780168745,T003,3,133.15,205.3,-0.19,0.8,gauche,gauche,3,1,80,80,0,0.769,matched,1
79,2.633,1780168745,T004,4,430.37,286.31,-0.35,0.4,gauche,gauche,4,1,80,80,0,0.764,matched,1
79,2.633,1780168745,T005,10,441.92,145.53,0.3,0.03,gauche,gauche,10,1,80,77,0,0.768,matched,1
79,2.633,1780168745,T006,1,157.61,686.59,0.41,0.0,droite,droite,1,1,80,80,0,0.769,matched,1
79,2.633,1780168745,T007,2,266.49,629.94,0.03,0.0,droite,droite,2,1,80,80,0,0.769,matched,1
79,2.633,1780168745,T009,11,174.86,179.29,-0.4,1.62,gauche,gauche,11,1,77,74,0,0.767,matched,1
79,2.633,1780168745,T010,10,408.88,717.12,-0.38,-0.82,droite,droite,10,1,76,76,0,0.769,matched,1
79,2.633,1780168745,T011,16,133.02,137.06,-0.06,0.0,gauche,gauche,16,1,40,40,0,0.769,matched,1
80,2.667,1780168745,T001,1,207.43,343.86,-0.27,-0.42,gauche,gauche,1,1,81,81,0,0.765,matched,1
80,2.667,1780168745,T002,2,325.32,188.24,-0.81,-0.92,gauche,gauche,2,1,81,81,0,0.758,matched,1
80,2.667,1780168745,T003,3,132.84,206.05,-0.12,0.55,gauche,gauche,3,1,81,81,0,0.767,matched,1
80,2.667,1780168745,T004,4,430.01,287.1,-0.27,0.12,gauche,gauche,4,1,81,81,0,0.766,matched,1
80,2.667,1780168745,T005,10,441.92,145.53,0.18,0.04,gauche,gauche,10,1,81,78,0,0.769,matched,1
80,2.667,1780168745,T006,1,158.52,686.69,0.61,-0.01,droite,droite,1,1,81,81,0,0.766,matched,1
80,2.667,1780168745,T007,2,267.38,629.71,0.34,0.0,droite,droite,2,1,81,81,0,0.765,matched,1
80,2.667,1780168745,T008,9,241.05,866.27,-1.49,-0.4,droite,droite,9,1,81,59,0,0.765,matched,1
80,2.667,1780168745,T009,11,174.2,181.06,-0.4,1.6,gauche,gauche,11,1,78,75,0,0.768,matched,1
80,2.667,1780168745,T010,10,408.11,716.54,-0.61,-0.62,droite,droite,10,1,77,77,0,0.766,matched,1
81,2.700,1780168745,T001,1,206.88,342.91,-0.3,-0.33,gauche,gauche,1,1,82,82,0,0.769,matched,1
81,2.700,1780168745,T002,2,323.83,186.14,-1.17,-2.2,gauche,gauche,2,1,82,82,0,0.749,matched,1
81,2.700,1780168745,T003,3,132.61,206.89,-0.06,0.67,gauche,gauche,3,1,82,82,0,0.767,matched,1
81,2.700,1780168745,T004,4,430.01,287.1,-0.34,-0.02,gauche,gauche,4,1,82,82,0,0.768,matched,1
81,2.700,1780168745,T005,10,441.92,145.53,0.09,0.04,gauche,gauche,10,1,82,79,0,0.769,matched,1
81,2.700,1780168745,T006,1,159.76,686.77,1.06,-0.01,droite,droite,1,1,82,82,0,0.762,matched,1
81,2.700,1780168745,T007,2,268.47,629.4,0.73,-0.17,droite,droite,2,1,82,82,0,0.763,matched,1
81,2.700,1780168745,T008,9,236.36,865.95,-1.61,-0.33,droite,droite,9,1,82,60,0,0.766,matched,1
81,2.700,1780168745,T009,11,173.5,182.89,-0.48,1.56,gauche,gauche,11,1,79,76,0,0.767,matched,1
81,2.700,1780168745,T010,10,407.24,716.08,-0.73,-0.41,droite,droite,10,1,78,78,0,0.767,matched,1
82,2.733,1780168745,T001,1,206.28,342.03,-0.41,-0.4,gauche,gauche,1,1,83,83,0,0.767,matched,1
82,2.733,1780168745,T002,2,322.15,182.87,-1.38,-3.39,gauche,gauche,2,1,83,83,0,0.749,matched,1
82,2.733,1780168745,T003,3,132.31,207.8,-0.2,0.73,gauche,gauche,3,1,83,83,0,0.767,matched,1
82,2.733,1780168745,T004,4,429.38,287.59,-0.47,-0.07,gauche,gauche,4,1,83,83,0,0.768,matched,1
82,2.733,1780168745,T005,10,441.92,145.53,0.04,0.2,gauche,gauche,10,1,83,80,0,0.768,matched,1
82,2.733,1780168745,T006,1,161.27,686.82,1.33,-0.01,droite,droite,1,1,83,83,0,0.764,matched,1
82,2.733,1780168745,T007,2,269.53,629.09,0.71,-0.19,droite,droite,2,1,83,83,0,0.769,matched,1
82,2.733,1780168745,T008,9,232.27,865.1,-1.63,-1.02,droite,droite,9,1,83,61,0,0.761,matched,1
82,2.733,1780168745,T009,11,172.88,184.76,-0.4,1.53,gauche,gauche,11,1,80,77,0,0.768,matched,1
82,2.733,1780168745,T010,10,406.43,715.6,-0.61,-0.4,droite,droite,10,1,79,79,0,0.769,matched,1
83,2.767,1780168745,T001,1,205.73,340.88,-0.36,-0.84,gauche,gauche,1,1,84,84,0,0.763,matched,1
83,2.767,1780168745,T002,2,320.07,179.28,-1.83,-3.42,gauche,gauche,2,1,84,84,0,0.76,matched,1
83,2.767,1780168745,T003,3,132.01,208.61,-0.2,0.59,gauche,gauche,3,1,84,84,0,0.769,matched,1
83,2.767,1780168745,T004,4,429.38,287.59,-0.41,-0.24,gauche,gauche,4,1,84,84,0,0.767,matched,1
83,2.767,1780168745,T005,10,441.92,145.53,0.01,0.21,gauche,gauche,10,1,84,81,0,0.769,matched,1
83,2.767,1780168745,T006,1,162.96,687.0,1.48,0.16,droite,droite,1,1,84,84,0,0.765,matched,1
83,2.767,1780168745,T007,2,270.42,628.96,0.54,0.01,droite,droite,2,1,84,84,0,0.767,matched,1
83,2.767,1780168745,T008,9,228.82,864.3,-1.41,-0.8,droite,droite,9,1,84,62,0,0.768,matched,1
83,2.767,1780168745,T009,11,172.52,186.93,-0.11,1.86,gauche,gauche,11,1,81,78,0,0.762,matched,1
83,2.767,1780168745,T010,10,406.43,715.6,-0.43,-0.14,droite,droite,10,1,80,80,0,0.766,matched,1
84,2.800,1780168745,T001,1,205.0,339.33,-0.6,-1.33,gauche,gauche,1,1,85,85,0,0.761,matched,1
84,2.800,1780168745,T002,2,317.82,175.39,-1.93,-3.5,gauche,gauche,2,1,85,85,0,0.763,matched,1
84,2.800,1780168745,T003,3,132.01,208.61,-0.16,0.4,gauche,gauche,3,1,85,85,0,0.768,matched,1
84,2.800,1780168745,T004,4,428.63,287.71,-0.46,-0.25,gauche,gauche,4,1,85,85,0,0.768,matched,1
84,2.800,1780168745,T005,10,441.92,145.53,-0.01,0.17,gauche,gauche,10,1,85,82,0,0.77,matched,1
84,2.800,1780168745,T006,1,164.63,687.21,1.36,0.19,droite,droite,1,1,85,85,0,0.769,matched,1
84,2.800,1780168745,T007,2,271.26,629.06,0.52,0.26,droite,droite,2,1,85,85,0,0.766,matched,1
84,2.800,1780168745,T008,9,225.93,863.79,-1.17,-0.35,droite,droite,9,1,85,63,0,0.765,matched,1
84,2.800,1780168745,T009,11,172.18,189.07,-0.14,1.73,gauche,gauche,11,1,82,79,0,0.769,matched,1
84,2.800,1780168745,T010,10,406.43,715.6,-0.26,-0.0,droite,droite,10,1,81,81,0,0.767,matched,1
85,2.833,1780168745,T001,1,204.29,337.82,-0.56,-1.22,gauche,gauche,1,1,86,86,0,0.77,matched,1
85,2.833,1780168745,T002,2,315.82,171.93,-1.53,-2.74,gauche,gauche,2,1,86,86,0,0.763,matched,1
85,2.833,1780168745,T003,3,132.01,208.61,-0.11,0.24,gauche,gauche,3,1,86,86,0,0.768,matched,1
85,2.833,1780168745,T004,4,428.63,287.71,-0.38,-0.2,gauche,gauche,4,1,86,86,0,0.769,matched,1
85,2.833,1780168745,T005,10,441.92,145.53,-0.01,0.12,gauche,gauche,10,1,86,83,0,0.769,matched,1
85,2.833,1780168745,T006,1,166.05,687.41,1.01,0.16,droite,droite,1,1,86,86,0,0.767,matched,1
85,2.833,1780168745,T007,2,271.96,629.25,0.4,0.29,droite,droite,2,1,86,86,0,0.769,matched,1
85,2.833,1780168745,T008,9,223.65,863.48,-0.81,-0.11,droite,droite,9,1,86,64,0,0.765,matched,1
85,2.833,1780168745,T009,11,171.89,190.9,-0.12,1.29,gauche,gauche,11,1,83,80,0,0.766,matched,1
85,2.833,1780168745,T010,10,406.43,715.6,-0.13,0.05,droite,droite,10,1,82,82,0,0.768,matched,1
86,2.867,1780168745,T001,1,203.55,335.45,-0.58,-2.26,gauche,gauche,1,1,87,87,0,0.753,matched,1
86,2.867,1780168745,T002,2,313.8,168.88,-1.54,-2.16,gauche,gauche,2,1,87,87,0,0.765,matched,1
86,2.867,1780168745,T003,3,131.47,209.24,-0.4,0.12,gauche,gauche,3,1,87,87,0,0.765,matched,1
86,2.867,1780168745,T004,4,427.67,288.3,-0.6,0.55,gauche,gauche,4,1,87,87,0,0.759,matched,1
86,2.867,1780168745,T005,10,441.92,145.53,-0.18,0.07,gauche,gauche,10,1,87,84,0,0.767,matched,1
86,2.867,1780168745,T006,1,167.29,687.57,0.82,0.11,droite,droite,1,1,87,87,0,0.769,matched,1
86,2.867,1780168745,T007,2,271.96,629.25,0.43,0.24,droite,droite,2,1,87,87,0,0.769,matched,1
86,2.867,1780168745,T008,9,221.91,863.3,-0.49,0.01,droite,droite,9,1,87,65,0,0.766,matched,1
86,2.867,1780168745,T009,11,171.53,192.32,-0.26,0.82,gauche,gauche,11,1,84,81,0,0.765,matched,1
86,2.867,1780168745,T010,10,406.43,715.6,-0.06,0.23,droite,droite,10,1,83,83,0,0.767,matched,1
87,2.900,1780168745,T001,1,202.9,333.01,-0.46,-2.15,gauche,gauche,1,1,88,88,0,0.768,matched,1
87,2.900,1780168745,T002,2,312.05,166.45,-1.19,-1.45,gauche,gauche,2,1,88,88,0,0.762,matched,1
87,2.900,1780168745,T003,3,130.92,209.7,-0.42,0.05,gauche,gauche,3,1,88,88,0,0.769,matched,1
87,2.900,1780168745,T004,4,426.66,289.47,-0.72,1.22,gauche,gauche,4,1,88,88,0,0.759,matched,1
87,2.900,1780168745,T005,10,441.92,145.53,-0.2,0.2,gauche,gauche,10,1,88,85,0,0.768,matched,1
87,2.900,1780168745,T006,1,168.29,687.83,0.56,0.24,droite,droite,1,1,88,88,0,0.767,matched,1
87,2.900,1780168745,T007,2,272.71,629.46,0.34,0.17,droite,droite,2,1,88,88,0,0.769,matched,1
87,2.900,1780168745,T008,9,220.62,862.52,-0.26,-0.8,droite,droite,9,1,88,66,0,0.758,matched,1
87,2.900,1780168745,T009,11,171.04,193.38,-0.42,0.46,gauche,gauche,11,1,85,82,0,0.765,matched,1
87,2.900,1780168745,T010,10,406.43,715.6,-0.01,0.24,droite,droite,10,1,84,84,0,0.769,matched,1
88,2.933,1780168745,T001,1,202.24,330.35,-0.48,-2.29,gauche,gauche,1,1,89,89,0,0.765,matched,1
88,2.933,1780168745,T002,18,310.26,164.21,-1.3,-1.35,gauche,gauche,18,1,89,89,0,0.767,matched,1
88,2.933,1780168745,T003,3,130.16,210.03,-0.68,0.01,gauche,gauche,3,1,89,89,0,0.766,matched,1
88,2.933,1780168745,T004,4,425.34,291.28,-1.11,1.88,gauche,gauche,4,1,89,89,0,0.757,matched,1
88,2.933,1780168745,T005,10,442.17,146.24,-0.17,0.38,gauche,gauche,10,1,89,86,0,0.767,matched,1
88,2.933,1780168745,T006,1,169.18,688.24,0.5,0.4,droite,droite,1,1,89,89,0,0.767,matched,1
88,2.933,1780168745,T007,2,273.45,629.76,0.4,0.27,droite,droite,2,1,89,89,0,0.768,matched,1
88,2.933,1780168745,T008,9,219.68,861.97,-0.11,-0.42,droite,droite,9,1,89,67,0,0.765,matched,1
88,2.933,1780168745,T009,11,170.28,193.99,-0.73,0.04,gauche,gauche,11,1,86,83,0,0.763,matched,1
88,2.933,1780168745,T010,10,406.43,715.6,0.01,0.2,droite,droite,10,1,85,85,0,0.77,matched,1
89,2.967,1780168745,T001,1,201.67,327.96,-0.38,-1.83,gauche,gauche,1,1,90,90,0,0.766,matched,1
89,2.967,1780168745,T002,18,308.4,162.08,-1.38,-1.35,gauche,gauche,18,1,90,90,0,0.766,matched,1
89,2.967,1780168745,T003,3,129.27,210.27,-0.79,-0.01,gauche,gauche,3,1,90,90,0,0.767,matched,1
89,2.967,1780168745,T004,4,424.07,293.26,-1.01,1.88,gauche,gauche,4,1,90,90,0,0.767,matched,1
89,2.967,1780168745,T005,10,442.49,146.89,0.06,0.36,gauche,gauche,10,1,90,87,0,0.767,matched,1
89,2.967,1780168745,T006,1,169.91,688.79,0.36,0.54,droite,droite,1,1,90,90,0,0.767,matched,1
89,2.967,1780168745,T007,2,274.21,630.19,0.5,0.42,droite,droite,2,1,90,90,0,0.767,matched,1
89,2.967,1780168745,T008,9,218.99,861.2,-0.03,-0.69,droite,droite,9,1,90,68,0,0.765,matched,1
89,2.967,1780168745,T009,11,169.37,194.47,-0.85,0.04,gauche,gauche,11,1,87,84,0,0.767,matched,1
89,2.967,1780168745,T010,10,406.43,715.6,0.01,0.3,droite,droite,10,1,86,86,0,0.768,matched,1
90,3.000,1780168746,T001,1,201.22,326.18,-0.25,-1.07,gauche,gauche,1,1,91,91,0,0.761,matched,1
90,3.000,1780168746,T002,18,306.64,160.41,-1.27,-0.87,gauche,gauche,18,1,91,91,0,0.765,matched,1
90,3.000,1780168746,T003,3,128.17,210.45,-0.99,-0.01,gauche,gauche,3,1,91,91,0,0.766,matched,1
90,3.000,1780168746,T004,4,422.99,295.02,-0.74,1.45,gauche,gauche,4,1,91,91,0,0.766,matched,1
90,3.000,1780168746,T005,10,442.49,146.89,0.3,0.27,gauche,gauche,10,1,91,88,0,0.766,matched,1
90,3.000,1780168746,T006,1,170.61,689.47,0.4,0.65,droite,droite,1,1,91,91,0,0.767,matched,1
90,3.000,1780168746,T007,2,274.9,630.9,0.43,0.72,droite,droite,2,1,91,91,0,0.765,matched,1
90,3.000,1780168746,T008,9,218.49,860.44,0.01,-0.63,droite,droite,9,1,91,69,0,0.769,matched,1
90,3.000,1780168746,T009,11,168.25,194.84,-1.05,0.03,gauche,gauche,11,1,88,85,0,0.766,matched,1
90,3.000,1780168746,T010,10,405.85,716.07,0.01,0.44,droite,droite,10,1,87,87,0,0.767,matched,1
91,3.033,1780168746,T001,1,200.88,324.92,-0.15,-0.53,gauche,gauche,1,1,92,92,0,0.764,matched,1
91,3.033,1780168746,T002,18,305.17,159.18,-0.94,-0.49,gauche,gauche,18,1,92,92,0,0.765,matched,1
91,3.033,1780168746,T003,3,127.14,210.58,-0.85,-0.01,gauche,gauche,3,1,92,92,0,0.769,matched,1
91,3.033,1780168746,T004,4,422.15,296.43,-0.47,0.96,gauche,gauche,4,1,92,92,0,0.764,matched,1
91,3.033,1780168746,T005,10,442.49,146.89,0.32,0.01,gauche,gauche,10,1,92,89,0,0.766,matched,1
91,3.033,1780168746,T006,1,171.2,690.1,0.32,0.54,droite,droite,1,1,92,92,0,0.769,matched,1
91,3.033,1780168746,T007,2,275.45,631.63,0.3,0.67,droite,droite,2,1,92,92,0,0.769,matched,1
91,3.033,1780168746,T008,9,218.13,859.8,0.02,-0.47,droite,droite,9,1,92,70,0,0.768,matched,1
91,3.033,1780168746,T009,11,167.2,195.12,-0.88,0.02,gauche,gauche,11,1,89,86,0,0.769,matched,1
91,3.033,1780168746,T010,10,405.85,716.07,0.01,0.4,droite,droite,10,1,88,88,0,0.77,matched,1
92,3.067,1780168746,T001,1,200.63,324.05,-0.07,-0.2,gauche,gauche,1,1,93,93,0,0.766,matched,1
92,3.067,1780168746,T002,2,302.92,158.56,-1.96,0.11,gauche,gauche,2,1,93,93,0,0.752,matched,1
92,3.067,1780168746,T003,3,126.02,210.68,-0.94,-0.01,gauche,gauche,3,1,93,93,0,0.767,matched,1
92,3.067,1780168746,T004,4,421.26,297.48,-0.6,0.55,gauche,gauche,4,1,93,93,0,0.765,matched,1
92,3.067,1780168746,T005,10,443.11,147.36,0.26,0.07,gauche,gauche,10,1,93,90,0,0.769,matched,1
92,3.067,1780168746,T006,1,171.82,690.76,0.39,0.54,droite,droite,1,1,93,93,0,0.768,matched,1
92,3.067,1780168746,T007,2,276.01,632.53,0.35,0.84,droite,droite,2,1,93,93,0,0.766,matched,1
92,3.067,1780168746,T008,9,218.13,859.8,-0.15,-0.13,droite,droite,9,1,93,71,0,0.765,matched,1
92,3.067,1780168746,T009,11,166.19,195.89,-0.79,0.69,gauche,gauche,11,1,90,87,0,0.76,matched,1
92,3.067,1780168746,T010,10,405.41,716.71,0.01,0.46,droite,droite,10,1,89,89,0,0.769,matched,1
93,3.100,1780168746,T001,1,200.63,324.05,-0.03,0.14,gauche,gauche,1,1,94,94,0,0.765,matched,1
93,3.100,1780168746,T002,2,300.35,158.3,-2.25,0.32,gauche,gauche,2,1,94,94,0,0.762,matched,1
93,3.100,1780168746,T003,3,124.86,210.76,-0.93,-0.01,gauche,gauche,3,1,94,94,0,0.769,matched,1
93,3.100,1780168746,T004,4,420.33,298.22,-0.68,0.27,gauche,gauche,4,1,94,94,0,0.766,matched,1
93,3.100,1780168746,T005,10,443.87,147.6,0.52,-0.09,gauche,gauche,10,1,94,91,0,0.765,matched,1
93,3.100,1780168746,T006,1,172.35,691.61,0.33,0.76,droite,droite,1,1,94,94,0,0.766,matched,1
93,3.100,1780168746,T007,2,276.64,633.94,0.46,1.4,droite,droite,2,1,94,94,0,0.76,matched,1
93,3.100,1780168746,T008,9,218.13,859.8,-0.35,0.2,droite,droite,9,1,94,72,0,0.764,matched,1
93,3.100,1780168746,T009,11,165.48,197.46,-0.4,1.64,gauche,gauche,11,1,91,88,0,0.754,matched,1
93,3.100,1780168746,T010,10,405.07,717.42,0.0,0.55,droite,droite,10,1,90,90,0,0.768,matched,1
94,3.133,1780168746,T001,1,200.63,324.05,0.17,0.07,gauche,gauche,1,1,95,95,0,0.767,matched,1
94,3.133,1780168746,T002,2,297.59,157.93,-2.36,-0.02,gauche,gauche,2,1,95,95,0,0.763,matched,1
94,3.133,1780168746,T003,3,123.73,210.81,-0.89,-0.0,gauche,gauche,3,1,95,95,0,0.769,matched,1
94,3.133,1780168746,T004,4,419.36,298.87,-0.73,0.27,gauche,gauche,4,1,95,95,0,0.768,matched,1
94,3.133,1780168746,T005,10,444.74,147.73,0.67,-0.13,gauche,gauche,10,1,95,92,0,0.767,matched,1
94,3.133,1780168746,T006,1,172.79,692.71,0.23,1.01,droite,droite,1,1,95,95,0,0.765,matched,1
94,3.133,1780168746,T007,2,277.36,635.92,0.57,1.97,droite,droite,2,1,95,95,0,0.759,matched,1
94,3.133,1780168746,T008,9,217.26,859.78,-0.52,0.28,droite,droite,9,1,95,73,0,0.767,matched,1
94,3.133,1780168746,T009,11,164.86,199.72,-0.33,2.32,gauche,gauche,11,1,92,89,0,0.758,matched,1
94,3.133,1780168746,T010,10,404.81,718.2,0.0,0.63,droite,droite,10,1,91,91,0,0.768,matched,1
95,3.167,1780168746,T001,1,200.63,324.05,0.37,0.03,gauche,gauche,1,1,96,96,0,0.767,matched,1
95,3.167,1780168746,T002,2,294.86,156.44,-2.2,-1.5,gauche,gauche,2,1,96,96,0,0.748,matched,1
95,3.167,1780168746,T003,3,122.75,210.86,-0.67,-0.0,gauche,gauche,3,1,96,96,0,0.768,matched,1
95,3.167,1780168746,T004,4,418.51,299.13,-0.58,-0.13,gauche,gauche,4,1,96,96,0,0.764,matched,1
95,3.167,1780168746,T005,10,445.68,147.79,0.74,-0.12,gauche,gauche,10,1,96,93,0,0.768,matched,1
95,3.167,1780168746,T006,1,173.26,693.76,0.31,0.88,droite,droite,1,1,96,96,0,0.768,matched,1
95,3.167,1780168746,T007,2,278.15,638.56,0.65,2.6,droite,droite,2,1,96,96,0,0.758,matched,1
95,3.167,1780168746,T008,9,216.48,859.84,-0.47,0.25,droite,droite,9,1,96,74,0,0.77,matched,1
95,3.167,1780168746,T009,11,164.37,202.24,-0.23,2.39,gauche,gauche,11,1,93,90,0,0.765,matched,1
95,3.167,1780168746,T010,10,404.48,719.04,-0.17,0.69,droite,droite,10,1,92,92,0,0.767,matched,1
96,3.200,1780168746,T001,1,200.63,324.05,0.37,0.17,gauche,gauche,1,1,97,97,0,0.768,matched,1
96,3.200,1780168746,T002,2,292.53,154.51,-1.64,-1.9,gauche,gauche,2,1,97,97,0,0.76,matched,1
96,3.200,1780168746,T003,3,121.99,210.89,-0.43,-0.0,gauche,gauche,3,1,97,97,0,0.768,matched,1
96,3.200,1780168746,T004,4,417.69,299.45,-0.56,0.08,gauche,gauche,4,1,97,97,0,0.767,matched,1
96,3.200,1780168746,T005,10,446.65,147.97,0.78,0.08,gauche,gauche,10,1,97,94,0,0.767,matched,1
96,3.200,1780168746,T006,1,173.82,694.63,0.44,0.63,droite,droite,1,1,97,97,0,0.767,matched,1
96,3.200,1780168746,T007,2,279.14,641.53,0.88,2.76,droite,droite,2,1,97,97,0,0.763,matched,1
96,3.200,1780168746,T008,9,215.7,859.77,-0.51,0.01,droite,droite,9,1,97,75,0,0.767,matched,1
96,3.200,1780168746,T009,11,164.0,204.79,-0.14,2.22,gauche,gauche,11,1,94,91,0,0.769,matched,1
96,3.200,1780168746,T010,10,404.15,720.2,-0.2,1.06,droite,droite,10,1,93,93,0,0.763,matched,1
97,3.233,1780168746,T001,1,200.63,324.05,0.28,0.19,gauche,gauche,1,1,98,98,0,0.769,matched,1
97,3.233,1780168746,T002,2,290.7,152.65,-1.06,-1.62,gauche,gauche,2,1,98,98,0,0.764,matched,1
97,3.233,1780168746,T003,3,121.99,210.89,-0.24,0.0,gauche,gauche,3,1,98,98,0,0.768,matched,1
97,3.233,1780168746,T004,4,417.0,299.78,-0.43,0.15,gauche,gauche,4,1,98,98,0,0.768,matched,1
97,3.233,1780168746,T005,10,447.51,148.18,0.61,0.14,gauche,gauche,10,1,98,95,0,0.768,matched,1
97,3.233,1780168746,T006,1,174.34,695.31,0.39,0.39,droite,droite,1,1,98,98,0,0.767,matched,1
97,3.233,1780168746,T007,2,280.08,644.22,0.76,2.19,droite,droite,2,1,98,98,0,0.766,matched,1
97,3.233,1780168746,T008,9,215.7,859.77,-0.41,-0.08,droite,droite,9,1,98,76,0,0.768,matched,1
97,3.233,1780168746,T009,11,163.73,206.97,-0.07,1.64,gauche,gauche,11,1,95,92,0,0.765,matched,1
97,3.233,1780168746,T010,10,403.87,721.35,-0.16,0.97,droite,droite,10,1,94,94,0,0.77,matched,1
98,3.267,1780168746,T001,1,200.63,324.05,0.36,-0.02,gauche,gauche,1,1,99,99,0,0.767,matched,1
98,3.267,1780168746,T002,2,289.08,150.83,-0.93,-1.49,gauche,gauche,2,1,99,99,0,0.77,matched,1
98,3.267,1780168746,T003,3,121.31,211.19,-0.28,0.34,gauche,gauche,3,1,99,99,0,0.765,matched,1
98,3.267,1780168746,T004,4,416.32,300.48,-0.45,0.65,gauche,gauche,4,1,99,99,0,0.762,matched,1
98,3.267,1780168746,T005,10,448.19,148.51,0.41,0.3,gauche,gauche,10,1,99,96,0,0.767,matched,1
98,3.267,1780168746,T006,1,175.2,695.94,0.79,0.38,droite,droite,1,1,99,99,0,0.763,matched,1
98,3.267,1780168746,T007,2,281.0,646.52,0.72,1.65,droite,droite,2,1,99,99,0,0.765,matched,1
98,3.267,1780168746,T008,9,214.86,859.46,-0.45,-0.27,droite,droite,9,1,99,77,0,0.767,matched,1
98,3.267,1780168746,T009,11,163.67,209.09,0.14,1.56,gauche,gauche,11,1,96,93,0,0.767,matched,1
98,3.267,1780168746,T010,10,403.64,722.59,-0.11,1.05,droite,droite,10,1,95,95,0,0.767,matched,1
99,3.300,1780168746,T001,1,201.21,322.37,0.3,-1.62,gauche,gauche,1,1,100,100,0,0.746,matched,1
99,3.300,1780168746,T002,2,287.35,149.29,-1.18,-1.1,gauche,gauche,2,1,100,100,0,0.764,matched,1
99,3.300,1780168746,T003,3,121.31,211.19,-0.24,0.39,gauche,gauche,3,1,100,100,0,0.769,matched,1
99,3.300,1780168746,T004,4,415.73,301.53,-0.35,1.03,gauche,gauche,4,1,100,100,0,0.763,matched,1
99,3.300,1780168746,T005,10,448.84,148.85,0.41,0.3,gauche,gauche,10,1,100,97,0,0.769,matched,1
99,3.300,1780168746,T006,1,176.35,696.46,1.11,0.29,droite,droite,1,1,100,100,0,0.764,matched,1
99,3.300,1780168746,T007,2,281.79,648.2,0.54,0.89,droite,droite,2,1,100,100,0,0.761,matched,1
99,3.300,1780168746,T008,9,214.15,859.13,-0.36,-0.28,droite,droite,9,1,100,78,0,0.769,matched,1
99,3.300,1780168746,T009,11,163.57,211.02,0.02,1.34,gauche,gauche,11,1,97,94,0,0.768,matched,1
99,3.300,1780168746,T010,10,403.33,723.71,-0.24,0.84,droite,droite,10,1,96,96,0,0.768,matched,1
100,3.333,1780168746,T001,1,201.54,320.1,0.04,-2.21,gauche,gauche,1,1,101,101,0,0.758,matched,1
100,3.333,1780168746,T002,2,285.24,147.81,-1.69,-1.04,gauche,gauche,2,1,101,101,0,0.761,matched,1
100,3.333,1780168746,T003,3,120.59,211.78,-0.33,0.5,gauche,gauche,3,1,101,101,0,0.767,matched,1
100,3.333,1780168746,T004,4,414.85,302.73,-0.75,1.12,gauche,gauche,4,1,101,101,0,0.763,matched,1
100,3.333,1780168746,T005,10,448.84,148.85,0.31,0.23,gauche,gauche,10,1,101,98,0,0.769,matched,1
100,3.333,1780168746,T006,1,177.89,696.88,1.49,0.19,droite,droite,1,1,101,101,0,0.763,matched,1
100,3.333,1780168746,T007,2,282.68,649.35,0.68,0.4,droite,droite,2,1,101,101,0,0.763,matched,1
100,3.333,1780168746,T008,9,214.15,859.13,-0.25,-0.22,droite,droite,9,1,101,79,0,0.769,matched,1
100,3.333,1780168746,T009,11,163.47,212.61,-0.03,0.96,gauche,gauche,11,1,98,95,0,0.766,matched,1
100,3.333,1780168746,T010,10,402.88,724.75,-0.4,0.74,droite,droite,10,1,97,97,0,0.767,matched,1
101,3.367,1780168746,T001,1,201.57,317.19,-0.24,-2.79,gauche,gauche,1,1,102,102,0,0.758,matched,1
101,3.367,1780168746,T002,2,282.84,146.56,-2.01,-0.78,gauche,gauche,2,1,102,102,0,0.762,matched,1
101,3.367,1780168746,T003,3,120.1,212.47,-0.13,0.59,gauche,gauche,3,1,102,102,0,0.767,matched,1
101,3.367,1780168746,T004,4,413.69,303.82,-1.07,0.9,gauche,gauche,4,1,102,102,0,0.764,matched,1
101,3.367,1780168746,T005,10,448.84,148.85,0.21,0.15,gauche,gauche,10,1,102,99,0,0.769,matched,1
101,3.367,1780168746,T006,1,179.52,697.32,1.47,0.28,droite,droite,1,1,102,102,0,0.768,matched,1
101,3.367,1780168746,T007,2,283.63,650.13,0.76,0.12,droite,droite,2,1,102,102,0,0.766,matched,1
101,3.367,1780168746,T008,9,214.15,859.13,-0.15,0.02,droite,droite,9,1,102,80,0,0.767,matched,1
101,3.367,1780168746,T009,11,163.36,213.83,-0.04,0.59,gauche,gauche,11,1,99,96,0,0.766,matched,1
101,3.367,1780168746,T010,10,402.44,725.47,-0.37,0.36,droite,droite,10,1,98,98,0,0.766,matched,1
102,3.400,1780168746,T001,1,201.35,313.88,-0.46,-3.06,gauche,gauche,1,1,103,103,0,0.761,matched,1
102,3.400,1780168746,T002,2,280.5,145.86,-1.85,-0.16,gauche,gauche,2,1,103,103,0,0.762,matched,1
102,3.400,1780168746,T003,3,119.78,213.37,-0.02,0.83,gauche,gauche,3,1,103,103,0,0.765,matched,1
102,3.400,1780168746,T004,4,412.28,304.57,-1.29,0.44,gauche,gauche,4,1,103,103,0,0.763,matched,1
102,3.400,1780168746,T005,10,449.54,149.16,0.29,0.08,gauche,gauche,10,1,103,100,0,0.768,matched,1
102,3.400,1780168746,T006,1,181.09,697.72,1.29,0.25,droite,droite,1,1,103,103,0,0.77,matched,1
102,3.400,1780168746,T007,2,284.48,650.79,0.61,0.15,droite,droite,2,1,103,103,0,0.769,matched,1
102,3.400,1780168746,T008,9,214.15,859.13,-0.07,-0.06,droite,droite,9,1,103,81,0,0.769,matched,1
102,3.400,1780168746,T009,11,163.28,214.86,-0.04,0.48,gauche,gauche,11,1,100,97,0,0.769,matched,1
102,3.400,1780168746,T010,10,401.78,725.96,-0.62,0.14,droite,droite,10,1,99,99,0,0.765,matched,1
103,3.433,1780168746,T001,1,201.04,310.86,-0.44,-2.47,gauche,gauche,1,1,104,104,0,0.766,matched,1
103,3.433,1780168746,T002,2,278.52,145.5,-1.37,0.11,gauche,gauche,2,1,104,104,0,0.764,matched,1
103,3.433,1780168746,T003,3,119.57,214.25,0.03,0.74,gauche,gauche,3,1,104,104,0,0.769,matched,1
103,3.433,1780168746,T004,4,410.97,305.05,-1.08,0.16,gauche,gauche,4,1,104,104,0,0.766,matched,1
103,3.433,1780168746,T005,10,449.54,149.16,0.25,0.04,gauche,gauche,10,1,104,101,0,0.769,matched,1
103,3.433,1780168746,T006,1,182.41,698.06,0.93,0.18,droite,droite,1,1,104,104,0,0.767,matched,1
103,3.433,1780168746,T007,2,285.17,651.33,0.42,0.13,droite,droite,2,1,104,104,0,0.768,matched,1
103,3.433,1780168746,T008,9,214.15,859.13,-0.03,-0.08,droite,droite,9,1,104,82,0,0.769,matched,1
103,3.433,1780168746,T009,11,163.21,215.67,-0.03,0.33,gauche,gauche,11,1,101,98,0,0.768,matched,1
103,3.433,1780168746,T010,10,401.12,726.27,-0.57,0.02,droite,droite,10,1,100,100,0,0.768,matched,1
104,3.467,1780168746,T001,1,200.75,307.72,-0.33,-2.53,gauche,gauche,1,1,105,105,0,0.765,matched,1
104,3.467,1780168746,T002,2,276.71,145.19,-1.21,0.02,gauche,gauche,2,1,105,105,0,0.769,matched,1
104,3.467,1780168746,T003,3,119.28,214.99,-0.13,0.53,gauche,gauche,3,1,105,105,0,0.767,matched,1
104,3.467,1780168746,T004,4,409.75,305.36,-0.93,0.02,gauche,gauche,4,1,105,105,0,0.768,matched,1
104,3.467,1780168746,T005,10,449.54,149.16,0.18,0.01,gauche,gauche,10,1,105,102,0,0.769,matched,1
104,3.467,1780168746,T006,1,183.56,698.31,0.75,0.11,droite,droite,1,1,105,105,0,0.769,matched,1
104,3.467,1780168746,T007,2,285.96,651.61,0.59,-0.08,droite,droite,2,1,105,105,0,0.766,matched,1
104,3.467,1780168746,T008,9,214.15,859.13,-0.01,-0.07,droite,droite,9,1,105,83,0,0.77,matched,1
104,3.467,1780168746,T009,11,163.21,215.67,-0.02,0.2,gauche,gauche,11,1,102,99,0,0.769,matched,1
104,3.467,1780168746,T010,10,400.42,726.47,-0.59,-0.03,droite,droite,10,1,101,101,0,0.769,matched,1
105,3.500,1780168746,T001,1,200.38,304.55,-0.39,-2.49,gauche,gauche,1,1,106,106,0,0.767,matched,1
105,3.500,1780168746,T002,2,275.07,145.06,-1.04,0.15,gauche,gauche,2,1,106,106,0,0.768,matched,1
105,3.500,1780168746,T003,3,119.0,215.7,-0.16,0.5,gauche,gauche,3,1,106,106,0,0.769,matched,1
105,3.500,1780168746,T004,4,408.74,305.55,-0.66,-0.04,gauche,gauche,4,1,106,106,0,0.767,matched,1
105,3.500,1780168746,T005,10,449.54,149.16,0.11,0.0,gauche,gauche,10,1,106,103,0,0.769,matched,1
105,3.500,1780168746,T006,1,184.49,698.78,0.51,0.4,droite,droite,1,1,106,106,0,0.765,matched,1
105,3.500,1780168746,T007,2,286.69,651.74,0.52,-0.14,droite,droite,2,1,106,106,0,0.769,matched,1
105,3.500,1780168746,T008,9,214.15,859.13,0.0,-0.22,droite,droite,9,1,106,84,0,0.768,matched,1
105,3.500,1780168746,T009,11,163.21,215.67,-0.01,0.1,gauche,gauche,11,1,103,100,0,0.769,matched,1
105,3.500,1780168746,T010,10,399.53,726.61,-0.81,-0.04,droite,droite,10,1,102,102,0,0.766,matched,1
106,3.533,1780168746,T001,1,200.03,301.82,-0.32,-1.91,gauche,gauche,1,1,107,107,0,0.765,matched,1
106,3.533,1780168746,T002,2,273.46,144.89,-1.08,-0.0,gauche,gauche,2,1,107,107,0,0.767,matched,1
106,3.533,1780168746,T003,3,119.0,215.7,-0.31,0.21,gauche,gauche,3,1,107,107,0,0.766,matched,1
106,3.533,1780168746,T004,4,407.83,305.67,-0.57,-0.05,gauche,gauche,4,1,107,107,0,0.77,matched,1
106,3.533,1780168746,T005,10,450.29,149.36,0.23,-0.0,gauche,gauche,10,1,107,104,0,0.768,matched,1
106,3.533,1780168746,T006,1,185.19,699.41,0.3,0.59,droite,droite,1,1,107,107,0,0.766,matched,1
106,3.533,1780168746,T007,2,286.69,651.74,0.38,0.04,droite,droite,2,1,107,107,0,0.767,matched,1
106,3.533,1780168746,T008,9,214.15,859.13,0.01,-0.23,droite,droite,9,1,107,85,0,0.77,matched,1
106,3.533,1780168746,T009,11,163.21,215.67,0.17,0.04,gauche,gauche,11,1,104,101,0,0.767,matched,1
106,3.533,1780168746,T010,10,398.53,726.84,-0.88,0.13,droite,droite,10,1,103,103,0,0.767,matched,1
107,3.567,1780168746,T001,1,199.75,299.66,-0.22,-1.25,gauche,gauche,1,1,108,108,0,0.763,matched,1
107,3.567,1780168746,T002,2,271.94,144.71,-1.02,-0.06,gauche,gauche,2,1,108,108,0,0.769,matched,1
107,3.567,1780168746,T003,3,119.0,215.7,-0.29,0.22,gauche,gauche,3,1,108,108,0,0.769,matched,1
107,3.567,1780168746,T004,4,406.95,305.74,-0.58,-0.05,gauche,gauche,4,1,108,108,0,0.769,matched,1
107,3.567,1780168746,T005,10,450.29,149.36,0.22,-0.01,gauche,gauche,10,1,108,105,0,0.77,matched,1
107,3.567,1780168746,T006,1,185.69,700.17,0.15,0.7,droite,droite,1,1,108,108,0,0.767,matched,1
107,3.567,1780168746,T007,2,287.45,652.83,0.4,1.12,droite,droite,2,1,108,108,0,0.754,matched,1
107,3.567,1780168746,T008,9,213.63,858.47,0.01,-0.35,droite,droite,9,1,108,86,0,0.768,matched,1
107,3.567,1780168746,T009,11,163.37,216.94,0.2,0.86,gauche,gauche,11,1,105,102,0,0.758,matched,1
107,3.567,1780168746,T010,10,397.63,727.22,-0.7,0.34,droite,droite,10,1,104,104,0,0.767,matched,1
108,3.600,1780168746,T001,1,199.53,298.05,-0.13,-0.71,gauche,gauche,1,1,109,109,0,0.764,matched,1
108,3.600,1780168746,T002,2,270.39,144.55,-1.11,-0.07,gauche,gauche,2,1,109,109,0,0.767,matched,1
108,3.600,1780168746,T003,3,118.22,216.13,-0.56,0.0,gauche,gauche,3,1,109,109,0,0.765,matched,1
108,3.600,1780168746,T004,4,406.06,305.8,-0.62,-0.03,gauche,gauche,4,1,109,109,0,0.769,matched,1
108,3.600,1780168746,T005,10,451.1,149.52,0.34,-0.0,gauche,gauche,10,1,109,106,0,0.768,matched,1
108,3.600,1780168746,T006,1,186.19,701.02,0.23,0.75,droite,droite,1,1,109,109,0,0.768,matched,1
108,3.600,1780168746,T007,2,288.22,654.69,0.49,1.96,droite,droite,2,1,109,109,0,0.756,matched,1
108,3.600,1780168746,T008,9,213.38,857.74,0.18,-0.49,droite,droite,9,1,109,87,0,0.766,matched,1
108,3.600,1780168746,T009,11,163.8,218.82,0.5,1.66,gauche,gauche,11,1,106,103,0,0.756,matched,1
108,3.600,1780168746,T010,10,396.91,728.45,-0.48,1.36,droite,droite,10,1,105,105,0,0.754,matched,1
109,3.633,1780168746,T001,1,199.37,296.9,-0.07,-0.34,gauche,gauche,1,1,110,110,0,0.766,matched,1
109,3.633,1780168746,T002,2,269.03,144.42,-0.89,-0.06,gauche,gauche,2,1,110,110,0,0.768,matched,1
109,3.633,1780168746,T003,3,118.22,216.13,-0.37,-0.08,gauche,gauche,3,1,110,110,0,0.768,matched,1
109,3.633,1780168746,T004,4,405.29,305.84,-0.5,-0.02,gauche,gauche,4,1,110,110,0,0.769,matched,1
109,3.633,1780168746,T005,10,451.1,149.52,0.31,-0.0,gauche,gauche,10,1,110,107,0,0.77,matched,1
109,3.633,1780168746,T006,1,186.62,701.78,0.21,0.6,droite,droite,1,1,110,110,0,0.769,matched,1
109,3.633,1780168746,T007,2,288.91,656.64,0.42,1.84,droite,droite,2,1,110,110,0,0.769,matched,1
109,3.633,1780168746,T008,9,213.38,857.74,0.2,-0.43,droite,droite,9,1,110,88,0,0.769,matched,1
109,3.633,1780168746,T009,11,164.3,220.72,0.51,1.59,gauche,gauche,11,1,107,104,0,0.768,matched,1
109,3.633,1780168746,T010,10,396.36,730.03,-0.28,1.62,droite,droite,10,1,106,106,0,0.764,matched,1
110,3.667,1780168746,T001,1,199.26,296.09,-0.03,-0.12,gauche,gauche,1,1,111,111,0,0.767,matched,1
110,3.667,1780168746,T002,2,267.39,144.17,-1.28,-0.21,gauche,gauche,2,1,111,111,0,0.763,matched,1
110,3.667,1780168746,T003,3,117.48,216.35,-0.38,-0.1,gauche,gauche,3,1,111,111,0,0.769,matched,1
110,3.667,1780168746,T004,4,404.54,305.88,-0.51,-0.01,gauche,gauche,4,1,111,111,0,0.769,matched,1
110,3.667,1780168746,T005,10,451.82,149.77,0.23,0.17,gauche,gauche,10,1,111,108,0,0.767,matched,1
110,3.667,1780168746,T006,1,186.98,702.8,0.15,0.92,droite,droite,1,1,111,111,0,0.764,matched,1
110,3.667,1780168746,T007,2,289.46,658.89,0.29,2.06,droite,droite,2,1,111,111,0,0.764,matched,1
110,3.667,1780168746,T008,9,213.3,856.9,0.16,-0.48,droite,droite,9,1,111,89,0,0.769,matched,1
110,3.667,1780168746,T009,11,164.74,222.78,0.39,1.71,gauche,gauche,11,1,108,105,0,0.766,matched,1
110,3.667,1780168746,T010,10,395.97,731.11,-0.14,0.84,droite,droite,10,1,107,107,0,0.761,matched,1
111,3.700,1780168746,T001,1,199.26,296.09,-0.01,-0.18,gauche,gauche,1,1,112,112,0,0.769,matched,1
111,3.700,1780168746,T002,2,265.58,143.91,-1.48,-0.22,gauche,gauche,2,1,112,112,0,0.765,matched,1
111,3.700,1780168746,T003,3,116.72,216.36,-0.47,-0.25,gauche,gauche,3,1,112,112,0,0.767,matched,1
111,3.700,1780168746,T004,4,403.75,305.9,-0.56,-0.0,gauche,gauche,4,1,112,112,0,0.768,matched,1
111,3.700,1780168746,T005,10,452.52,150.17,0.31,0.37,gauche,gauche,10,1,112,109,0,0.766,matched,1
111,3.700,1780168746,T006,1,187.52,704.08,0.44,1.17,droite,droite,1,1,112,112,0,0.763,matched,1
111,3.700,1780168746,T007,2,289.88,661.76,0.18,2.69,droite,droite,2,1,112,112,0,0.758,matched,1
111,3.700,1780168746,T008,9,213.38,856.04,0.28,-0.56,droite,droite,9,1,112,90,0,0.767,matched,1
111,3.700,1780168746,T009,11,165.24,224.89,0.43,1.71,gauche,gauche,11,1,109,106,0,0.767,matched,1
111,3.700,1780168746,T010,10,395.69,731.81,-0.06,0.35,droite,droite,10,1,108,108,0,0.764,matched,1
112,3.733,1780168746,T001,1,199.19,295.35,0.0,-0.16,gauche,gauche,1,1,113,113,0,0.77,matched,1
112,3.733,1780168746,T002,2,263.93,143.68,-1.22,-0.17,gauche,gauche,2,1,113,113,0,0.768,matched,1
112,3.733,1780168746,T003,3,115.78,216.43,-0.74,-0.08,gauche,gauche,3,1,113,113,0,0.765,matched,1
112,3.733,1780168746,T004,4,402.93,305.92,-0.63,-0.0,gauche,gauche,4,1,113,113,0,0.768,matched,1
112,3.733,1780168746,T005,10,453.26,150.46,0.44,0.19,gauche,gauche,10,1,113,110,0,0.767,matched,1
112,3.733,1780168746,T006,1,188.22,705.43,0.62,1.17,droite,droite,1,1,113,113,0,0.766,matched,1
112,3.733,1780168746,T007,2,290.19,665.07,0.09,3.01,droite,droite,2,1,113,113,0,0.761,matched,1
112,3.733,1780168746,T008,9,213.53,855.01,0.26,-0.8,droite,droite,9,1,113,91,0,0.766,matched,1
112,3.733,1780168746,T009,11,165.69,227.0,0.35,1.66,gauche,gauche,11,1,110,107,0,0.768,matched,1
112,3.733,1780168746,T010,10,395.69,731.81,-0.18,0.08,droite,droite,10,1,109,109,0,0.766,matched,1
113,3.767,1780168746,T001,1,199.28,294.63,0.18,-0.29,gauche,gauche,1,1,114,114,0,0.767,matched,1
113,3.767,1780168746,T002,2,262.59,143.49,-0.85,-0.12,gauche,gauche,2,1,114,114,0,0.766,matched,1
113,3.767,1780168746,T003,3,114.74,216.66,-0.84,0.17,gauche,gauche,3,1,114,114,0,0.766,matched,1
113,3.767,1780168746,T004,4,401.92,305.94,-0.85,0.0,gauche,gauche,4,1,114,114,0,0.766,matched,1
113,3.767,1780168746,T005,10,454.06,150.78,0.57,0.25,gauche,gauche,10,1,114,111,0,0.767,matched,1
113,3.767,1780168746,T006,1,189.03,706.62,0.72,0.91,droite,droite,1,1,114,114,0,0.767,matched,1
113,3.767,1780168746,T007,2,290.41,668.09,0.04,2.44,droite,droite,2,1,114,114,0,0.766,matched,1
113,3.767,1780168746,T008,9,213.8,854.04,0.37,-0.72,droite,droite,9,1,114,92,0,0.768,matched,1
113,3.767,1780168746,T009,11,165.91,228.96,0.07,1.43,gauche,gauche,11,1,111,108,0,0.766,matched,1
113,3.767,1780168746,T010,10,395.3,732.58,-0.19,0.47,droite,droite,10,1,110,110,0,0.764,matched,1
114,3.800,1780168746,T001,1,199.29,293.6,0.03,-0.78,gauche,gauche,1,1,115,115,0,0.762,matched,1
114,3.800,1780168746,T002,2,261.58,143.35,-0.51,-0.07,gauche,gauche,2,1,115,115,0,0.766,matched,1
114,3.800,1780168746,T003,3,113.66,217.07,-0.86,0.4,gauche,gauche,3,1,115,115,0,0.766,matched,1
114,3.800,1780168746,T004,4,400.69,305.96,-1.08,0.0,gauche,gauche,4,1,115,115,0,0.765,matched,1
114,3.800,1780168746,T005,10,454.91,151.08,0.65,0.21,gauche,gauche,10,1,115,112,0,0.768,matched,1
114,3.800,1780168746,T006,1,189.77,707.56,0.59,0.6,droite,droite,1,1,115,115,0,0.767,matched,1
114,3.800,1780168746,T007,2,290.43,670.55,-0.16,1.67,droite,droite,2,1,115,115,0,0.762,matched,1
114,3.800,1780168746,T008,9,213.96,853.24,0.15,-0.52,droite,droite,9,1,115,93,0,0.767,matched,1
114,3.800,1780168746,T009,11,166.0,230.85,-0.06,1.36,gauche,gauche,11,1,112,109,0,0.768,matched,1
114,3.800,1780168746,T010,10,394.84,733.62,-0.32,0.85,droite,droite,10,1,111,111,0,0.763,matched,1
115,3.833,1780168746,T001,1,199.26,292.55,-0.03,-0.79,gauche,gauche,1,1,116,116,0,0.768,matched,1
115,3.833,1780168746,T002,2,260.84,143.25,-0.26,-0.03,gauche,gauche,2,1,116,116,0,0.767,matched,1
115,3.833,1780168746,T003,3,112.72,217.51,-0.67,0.4,gauche,gauche,3,1,116,116,0,0.768,matched,1
115,3.833,1780168746,T004,4,399.53,305.97,-0.93,0.0,gauche,gauche,4,1,116,116,0,0.769,matched,1
115,3.833,1780168746,T005,10,455.69,151.32,0.54,0.15,gauche,gauche,10,1,116,113,0,0.769,matched,1
115,3.833,1780168746,T006,1,190.38,708.26,0.41,0.34,droite,droite,1,1,116,116,0,0.767,matched,1
115,3.833,1780168746,T007,2,290.36,672.4,-0.2,0.99,droite,droite,2,1,116,116,0,0.762,matched,1
115,3.833,1780168746,T008,9,213.96,853.24,0.04,-0.32,droite,droite,9,1,116,94,0,0.767,matched,1
115,3.833,1780168746,T009,11,166.03,232.44,-0.09,1.02,gauche,gauche,11,1,113,110,0,0.767,matched,1
115,3.833,1780168746,T010,10,394.4,734.65,-0.3,0.81,droite,droite,10,1,112,112,0,0.769,matched,1
116,3.867,1780168746,T001,1,199.21,291.36,-0.05,-0.96,gauche,gauche,1,1,117,117,0,0.766,matched,1
116,3.867,1780168746,T002,2,260.84,143.25,-0.11,-0.01,gauche,gauche,2,1,117,117,0,0.768,matched,1
116,3.867,1780168746,T003,3,111.84,218.04,-0.62,0.48,gauche,gauche,3,1,117,117,0,0.768,matched,1
116,3.867,1780168746,T004,4,398.17,305.97,-1.17,0.0,gauche,gauche,4,1,117,117,0,0.765,matched,1
116,3.867,1780168746,T005,10,455.69,151.32,0.37,0.26,gauche,gauche,10,1,117,114,0,0.768,matched,1
116,3.867,1780168746,T006,1,190.98,708.77,0.42,0.17,droite,droite,1,1,117,117,0,0.768,matched,1
116,3.867,1780168746,T007,2,290.27,673.74,-0.17,0.51,droite,droite,2,1,117,117,0,0.764,matched,1
116,3.867,1780168746,T008,9,213.96,853.24,0.15,-0.18,droite,droite,9,1,117,95,0,0.768,matched,1
116,3.867,1780168746,T009,11,166.02,233.83,-0.08,0.83,gauche,gauche,11,1,114,111,0,0.769,matched,1
116,3.867,1780168746,T010,10,393.9,735.52,-0.39,0.61,droite,droite,10,1,113,113,0,0.767,matched,1
117,3.900,1780168746,T001,1,199.16,289.59,-0.04,-1.65,gauche,gauche,1,1,118,118,0,0.758,matched,1
117,3.900,1780168746,T002,2,260.84,143.25,-0.02,0.17,gauche,gauche,2,1,118,118,0,0.767,matched,1
117,3.900,1780168746,T003,3,111.1,218.94,-0.46,0.91,gauche,gauche,3,1,118,118,0,0.763,matched,1
117,3.900,1780168746,T004,4,396.62,305.98,-1.33,0.0,gauche,gauche,4,1,118,118,0,0.766,matched,1
117,3.900,1780168746,T005,10,456.31,151.99,0.22,0.59,gauche,gauche,10,1,118,115,0,0.765,matched,1
117,3.900,1780168746,T006,1,191.77,709.12,0.66,0.06,droite,droite,1,1,118,118,0,0.766,matched,1
117,3.900,1780168746,T007,2,290.32,674.68,0.05,0.2,droite,droite,2,1,118,118,0,0.765,matched,1
117,3.900,1780168746,T008,9,213.96,853.24,0.16,-0.08,droite,droite,9,1,118,96,0,0.769,matched,1
117,3.900,1780168746,T009,11,165.87,234.94,-0.23,0.57,gauche,gauche,11,1,115,112,0,0.766,matched,1
117,3.900,1780168746,T010,10,393.44,736.35,-0.34,0.56,droite,droite,10,1,114,114,0,0.77,matched,1
118,3.933,1780168746,T001,1,199.25,287.26,0.14,-2.23,gauche,gauche,1,1,119,119,0,0.759,matched,1
118,3.933,1780168746,T002,2,260.84,143.25,0.01,0.03,gauche,gauche,2,1,119,119,0,0.768,matched,1
118,3.933,1780168746,T003,3,110.52,219.88,-0.29,0.87,gauche,gauche,3,1,119,119,0,0.768,matched,1
118,3.933,1780168746,T004,4,395.07,305.99,-1.26,0.0,gauche,gauche,4,1,119,119,0,0.769,matched,1
118,3.933,1780168746,T005,10,456.77,152.82,0.12,0.75,gauche,gauche,10,1,119,116,0,0.767,matched,1
118,3.933,1780168746,T006,1,192.95,709.36,1.12,0.01,droite,droite,1,1,119,119,0,0.762,matched,1
118,3.933,1780168746,T007,2,290.32,674.68,-0.05,0.04,droite,droite,2,1,119,119,0,0.768,matched,1
118,3.933,1780168746,T008,9,213.96,853.24,0.13,-0.02,droite,droite,9,1,119,97,0,0.769,matched,1
118,3.933,1780168746,T009,11,165.68,235.78,-0.24,0.34,gauche,gauche,11,1,116,113,0,0.767,matched,1
118,3.933,1780168746,T010,10,392.92,737.04,-0.41,0.42,droite,droite,10,1,115,115,0,0.768,matched,1
119,3.967,1780168746,T001,1,199.4,284.45,0.18,-2.62,gauche,gauche,1,1,120,120,0,0.761,matched,1
119,3.967,1780168746,T002,2,260.84,143.25,0.03,-0.03,gauche,gauche,2,1,120,120,0,0.769,matched,1
119,3.967,1780168746,T003,3,110.09,220.84,-0.16,0.83,gauche,gauche,3,1,120,120,0,0.768,matched,1
119,3.967,1780168746,T004,4,393.74,305.99,-0.95,0.0,gauche,gauche,4,1,120,120,0,0.767,matched,1
119,3.967,1780168746,T005,10,456.96,153.74,-0.12,0.81,gauche,gauche,10,1,120,117,0,0.766,matched,1
119,3.967,1780168746,T006,1,194.42,709.53,1.38,-0.02,droite,droite,1,1,120,120,0,0.765,matched,1
119,3.967,1780168746,T007,2,290.26,675.41,-0.07,0.14,droite,droite,2,1,120,120,0,0.768,matched,1
119,3.967,1780168746,T008,9,213.96,853.24,0.09,0.0,droite,droite,9,1,120,98,0,0.769,matched,1
119,3.967,1780168746,T009,11,165.68,235.78,-0.18,0.17,gauche,gauche,11,1,117,114,0,0.768,matched,1
119,3.967,1780168746,T010,10,392.3,737.57,-0.52,0.27,droite,droite,10,1,116,116,0,0.767,matched,1
120,4.000,1780168747,T001,1,199.55,281.42,0.15,-2.69,gauche,gauche,1,1,121,121,0,0.765,matched,1
120,4.000,1780168747,T002,2,260.84,143.25,0.19,-0.22,gauche,gauche,2,1,121,121,0,0.766,matched,1
120,4.000,1780168747,T003,3,109.79,221.81,-0.07,0.79,gauche,gauche,3,1,121,121,0,0.769,matched,1
120,4.000,1780168747,T004,4,392.56,305.99,-0.78,0.0,gauche,gauche,4,1,121,121,0,0.769,matched,1
120,4.000,1780168747,T005,10,457.01,154.71,-0.19,0.82,gauche,gauche,10,1,121,118,0,0.768,matched,1
120,4.000,1780168747,T006,1,196.08,709.64,1.51,-0.02,droite,droite,1,1,121,121,0,0.766,matched,1
120,4.000,1780168747,T007,2,290.26,675.41,-0.07,0.15,droite,droite,2,1,121,121,0,0.77,matched,1
120,4.000,1780168747,T008,9,213.96,853.24,0.22,0.01,droite,droite,9,1,121,99,0,0.768,matched,1
120,4.000,1780168747,T009,11,165.68,235.78,-0.12,0.07,gauche,gauche,11,1,118,115,0,0.769,matched,1
120,4.000,1780168747,T010,10,391.6,737.97,-0.61,0.15,droite,droite,10,1,117,117,0,0.767,matched,1
121,4.033,1780168747,T001,1,199.67,278.73,0.11,-2.1,gauche,gauche,1,1,122,122,0,0.765,matched,1
121,4.033,1780168747,T002,2,260.84,143.25,0.21,-0.24,gauche,gauche,2,1,122,122,0,0.769,matched,1
121,4.033,1780168747,T003,3,109.57,222.65,-0.02,0.6,gauche,gauche,3,1,122,122,0,0.768,matched,1
121,4.033,1780168747,T004,4,391.61,305.99,-0.54,0.0,gauche,gauche,4,1,122,122,0,0.768,matched,1
121,4.033,1780168747,T005,10,457.01,155.56,-0.17,0.64,gauche,gauche,10,1,122,119,0,0.769,matched,1
121,4.033,1780168747,T006,1,197.58,709.73,1.21,-0.02,droite,droite,1,1,122,122,0,0.768,matched,1
121,4.033,1780168747,T007,2,290.19,676.18,-0.05,0.28,droite,droite,2,1,122,122,0,0.768,matched,1
121,4.033,1780168747,T008,9,213.96,853.24,0.22,0.01,droite,droite,9,1,122,100,0,0.77,matched,1
121,4.033,1780168747,T009,11,165.68,235.78,-0.07,0.01,gauche,gauche,11,1,119,116,0,0.769,matched,1
121,4.033,1780168747,T010,10,391.6,737.97,-0.51,0.07,droite,droite,10,1,118,118,0,0.769,matched,1
122,4.067,1780168747,T001,1,199.91,276.58,0.24,-1.4,gauche,gauche,1,1,123,123,0,0.762,matched,1
122,4.067,1780168747,T002,2,260.84,143.25,0.17,0.15,gauche,gauche,2,1,123,123,0,0.765,matched,1
122,4.067,1780168747,T003,3,109.57,222.65,0.0,0.39,gauche,gauche,3,1,123,123,0,0.768,matched,1
122,4.067,1780168747,T004,4,390.74,306.0,-0.5,-0.0,gauche,gauche,4,1,123,123,0,0.77,matched,1
122,4.067,1780168747,T005,10,457.01,155.56,0.05,0.42,gauche,gauche,10,1,123,120,0,0.766,matched,1
122,4.067,1780168747,T006,1,198.81,709.79,0.82,-0.01,droite,droite,1,1,123,123,0,0.766,matched,1
122,4.067,1780168747,T007,2,290.28,676.98,0.14,0.44,droite,droite,2,1,123,123,0,0.766,matched,1
122,4.067,1780168747,T008,9,214.46,852.7,0.17,0.01,droite,droite,9,1,123,101,0,0.77,matched,1
122,4.067,1780168747,T009,11,165.68,235.78,-0.03,-0.01,gauche,gauche,11,1,120,117,0,0.769,matched,1
122,4.067,1780168747,T010,10,390.5,738.11,-0.86,-0.15,droite,droite,10,1,119,119,0,0.763,matched,1
123,4.100,1780168747,T001,1,200.16,274.97,0.23,-0.81,gauche,gauche,1,1,124,124,0,0.763,matched,1
123,4.100,1780168747,T002,2,260.84,143.25,-0.05,0.26,gauche,gauche,2,1,124,124,0,0.766,matched,1
123,4.100,1780168747,T003,3,109.57,222.65,-0.16,0.22,gauche,gauche,3,1,124,124,0,0.767,matched,1
123,4.100,1780168747,T004,4,390.04,305.72,-0.36,-0.34,gauche,gauche,4,1,124,124,0,0.765,matched,1
123,4.100,1780168747,T005,10,457.2,156.37,0.12,0.41,gauche,gauche,10,1,124,121,0,0.769,matched,1
123,4.100,1780168747,T006,1,199.86,710.11,0.66,0.33,droite,droite,1,1,124,124,0,0.765,matched,1
123,4.100,1780168747,T007,2,290.42,677.84,0.18,0.57,droite,droite,2,1,124,124,0,0.767,matched,1
123,4.100,1780168747,T008,9,214.46,852.7,0.28,0.01,droite,droite,9,1,124,102,0,0.768,matched,1
123,4.100,1780168747,T009,11,165.5,236.59,-0.01,0.32,gauche,gauche,11,1,121,118,0,0.765,matched,1
123,4.100,1780168747,T010,10,389.3,738.26,-0.97,-0.03,droite,droite,10,1,120,120,0,0.767,matched,1
124,4.133,1780168747,T001,1,200.65,273.81,0.52,-0.4,gauche,gauche,1,1,125,125,0,0.763,matched,1
124,4.133,1780168747,T002,2,260.84,143.25,0.04,0.42,gauche,gauche,2,1,125,125,0,0.767,matched,1
124,4.133,1780168747,T003,3,109.57,222.65,-0.19,0.1,gauche,gauche,3,1,125,125,0,0.769,matched,1
124,4.133,1780168747,T004,4,389.35,305.36,-0.4,-0.39,gauche,gauche,4,1,125,125,0,0.768,matched,1
124,4.133,1780168747,T005,10,457.25,157.31,-0.05,0.66,gauche,gauche,10,1,125,122,0,0.765,matched,1
124,4.133,1780168747,T006,1,200.71,710.65,0.44,0.56,droite,droite,1,1,125,125,0,0.766,matched,1
124,4.133,1780168747,T007,2,290.7,679.3,0.32,1.34,droite,droite,2,1,125,125,0,0.758,matched,1
124,4.133,1780168747,T008,9,215.21,852.29,0.43,0.0,droite,droite,9,1,125,103,0,0.767,matched,1
124,4.133,1780168747,T009,11,165.38,237.77,-0.0,0.89,gauche,gauche,11,1,122,119,0,0.761,matched,1
124,4.133,1780168747,T010,10,387.94,738.4,-1.14,0.03,droite,droite,10,1,121,121,0,0.766,matched,1
125,4.167,1780168747,T001,1,201.33,272.88,0.68,-0.32,gauche,gauche,1,1,126,126,0,0.767,matched,1
125,4.167,1780168747,T002,2,260.84,143.25,0.24,0.38,gauche,gauche,2,1,126,126,0,0.767,matched,1
125,4.167,1780168747,T003,3,109.57,222.65,-0.15,0.04,gauche,gauche,3,1,126,126,0,0.769,matched,1
125,4.167,1780168747,T004,4,388.77,304.88,-0.32,-0.5,gauche,gauche,4,1,126,126,0,0.768,matched,1
125,4.167,1780168747,T005,10,457.36,158.32,0.07,0.77,gauche,gauche,10,1,126,123,0,0.767,matched,1
125,4.167,1780168747,T006,1,201.48,711.2,0.43,0.52,droite,droite,1,1,126,126,0,0.769,matched,1
125,4.167,1780168747,T007,2,291.0,681.38,0.31,2.02,droite,droite,2,1,126,126,0,0.758,matched,1
125,4.167,1780168747,T008,9,215.87,851.57,0.39,-0.51,droite,droite,9,1,126,104,0,0.762,matched,1
125,4.167,1780168747,T009,11,165.28,239.37,0.0,1.41,gauche,gauche,11,1,123,120,0,0.761,matched,1
125,4.167,1780168747,T010,10,386.57,738.67,-1.11,0.21,droite,droite,10,1,122,122,0,0.767,matched,1
126,4.200,1780168747,T001,1,201.98,272.14,0.59,-0.22,gauche,gauche,1,1,127,127,0,0.769,matched,1
126,4.200,1780168747,T002,2,260.84,143.25,0.43,0.28,gauche,gauche,2,1,127,127,0,0.767,matched,1
126,4.200,1780168747,T003,3,109.57,222.65,-0.11,0.0,gauche,gauche,3,1,127,127,0,0.769,matched,1
126,4.200,1780168747,T004,4,388.16,304.28,-0.39,-0.59,gauche,gauche,4,1,127,127,0,0.767,matched,1
126,4.200,1780168747,T005,10,457.49,159.24,0.1,0.64,gauche,gauche,10,1,127,124,0,0.769,matched,1
126,4.200,1780168747,T006,1,202.26,711.82,0.5,0.56,droite,droite,1,1,127,127,0,0.768,matched,1
126,4.200,1780168747,T007,2,291.41,684.13,0.4,2.67,droite,droite,2,1,127,127,0,0.757,matched,1
126,4.200,1780168747,T008,9,216.56,850.38,0.46,-1.1,droite,droite,9,1,127,105,0,0.76,matched,1
126,4.200,1780168747,T009,11,165.21,241.22,0.0,1.64,gauche,gauche,11,1,124,121,0,0.765,matched,1
126,4.200,1780168747,T010,10,385.25,739.1,-1.02,0.4,droite,droite,10,1,123,123,0,0.767,matched,1
127,4.233,1780168747,T001,1,202.53,271.59,0.42,-0.13,gauche,gauche,1,1,128,128,0,0.768,matched,1
127,4.233,1780168747,T002,2,260.84,143.25,0.41,0.18,gauche,gauche,2,1,128,128,0,0.769,matched,1
127,4.233,1780168747,T003,3,109.57,222.65,-0.06,-0.01,gauche,gauche,3,1,128,128,0,0.769,matched,1
127,4.233,1780168747,T004,4,387.63,303.71,-0.33,-0.49,gauche,gauche,4,1,128,128,0,0.769,matched,1
127,4.233,1780168747,T005,10,457.62,159.98,0.09,0.44,gauche,gauche,10,1,128,125,0,0.768,matched,1
127,4.233,1780168747,T006,1,202.94,712.38,0.41,0.44,droite,droite,1,1,128,128,0,0.769,matched,1
127,4.233,1780168747,T007,2,291.8,686.8,0.35,2.31,droite,droite,2,1,128,128,0,0.769,matched,1
127,4.233,1780168747,T008,9,217.17,849.15,0.38,-1.08,droite,droite,9,1,128,106,0,0.769,matched,1
127,4.233,1780168747,T009,11,165.16,242.92,0.0,1.35,gauche,gauche,11,1,125,122,0,0.768,matched,1
127,4.233,1780168747,T010,10,384.26,739.54,-0.58,0.39,droite,droite,10,1,124,124,0,0.765,matched,1
128,4.267,1780168747,T001,1,202.53,271.59,0.43,-0.06,gauche,gauche,1,1,129,129,0,0.769,matched,1
128,4.267,1780168747,T002,2,260.84,143.25,0.48,0.1,gauche,gauche,2,1,129,129,0,0.768,matched,1
128,4.267,1780168747,T003,3,109.57,222.65,-0.03,-0.01,gauche,gauche,3,1,129,129,0,0.77,matched,1
128,4.267,1780168747,T004,4,386.92,303.1,-0.57,-0.51,gauche,gauche,4,1,129,129,0,0.766,matched,1
128,4.267,1780168747,T005,10,457.58,160.82,-0.11,0.61,gauche,gauche,10,1,129,126,0,0.766,matched,1
128,4.267,1780168747,T006,1,203.48,713.1,0.28,0.64,droite,droite,1,1,129,129,0,0.766,matched,1
128,4.267,1780168747,T007,2,292.13,689.71,0.25,2.5,droite,droite,2,1,129,129,0,0.764,matched,1
128,4.267,1780168747,T008,9,217.79,847.93,0.43,-0.99,droite,droite,9,1,129,107,0,0.769,matched,1
128,4.267,1780168747,T009,11,165.26,244.72,0.17,1.44,gauche,gauche,11,1,126,123,0,0.766,matched,1
128,4.267,1780168747,T010,10,383.57,740.06,-0.28,0.46,droite,droite,10,1,125,125,0,0.766,matched,1
129,4.300,1780168747,T001,1,203.02,271.05,0.17,-0.2,gauche,gauche,1,1,130,130,0,0.766,matched,1
129,4.300,1780168747,T002,2,260.84,143.25,0.22,0.05,gauche,gauche,2,1,130,130,0,0.767,matched,1
129,4.300,1780168747,T003,3,109.57,222.65,-0.01,-0.01,gauche,gauche,3,1,130,130,0,0.77,matched,1
129,4.300,1780168747,T004,4,386.1,302.56,-0.7,-0.41,gauche,gauche,4,1,130,130,0,0.767,matched,1
129,4.300,1780168747,T005,10,457.61,161.59,0.01,0.53,gauche,gauche,10,1,130,127,0,0.768,matched,1
129,4.300,1780168747,T006,1,204.17,714.21,0.51,1.08,droite,droite,1,1,130,130,0,0.762,matched,1
129,4.300,1780168747,T007,2,292.51,692.47,0.32,2.17,droite,droite,2,1,130,130,0,0.768,matched,1
129,4.300,1780168747,T008,9,218.34,846.34,0.35,-1.42,droite,droite,9,1,130,108,0,0.762,matched,1
129,4.300,1780168747,T009,11,165.41,246.73,0.2,1.66,gauche,gauche,11,1,127,124,0,0.765,matched,1
129,4.300,1780168747,T010,10,382.97,740.68,-0.27,0.56,droite,droite,10,1,126,126,0,0.768,matched,1
130,4.333,1780168747,T001,1,203.47,270.16,0.2,-0.71,gauche,gauche,1,1,131,131,0,0.762,matched,1
130,4.333,1780168747,T002,2,260.84,143.25,0.25,0.01,gauche,gauche,2,1,131,131,0,0.769,matched,1
130,4.333,1780168747,T003,3,109.05,223.21,-0.17,-0.01,gauche,gauche,3,1,131,131,0,0.768,matched,1
130,4.333,1780168747,T004,4,385.06,302.13,-0.93,-0.27,gauche,gauche,4,1,131,131,0,0.765,matched,1
130,4.333,1780168747,T005,10,457.61,161.59,0.06,0.21,gauche,gauche,10,1,131,128,0,0.766,matched,1
130,4.333,1780168747,T006,1,204.84,715.62,0.48,1.34,droite,droite,1,1,131,131,0,0.765,matched,1
130,4.333,1780168747,T007,2,293.02,694.76,0.45,1.55,droite,droite,2,1,131,131,0,0.764,matched,1
130,4.333,1780168747,T008,9,218.92,844.81,0.41,-1.26,droite,droite,9,1,131,109,0,0.769,matched,1
130,4.333,1780168747,T009,11,165.56,248.83,0.16,1.71,gauche,gauche,11,1,128,125,0,0.767,matched,1
130,4.333,1780168747,T010,10,382.47,741.81,-0.21,1.15,droite,droite,10,1,127,127,0,0.76,matched,1
131,4.367,1780168747,T001,1,203.98,268.95,0.33,-1.09,gauche,gauche,1,1,132,132,0,0.763,matched,1
131,4.367,1780168747,T002,2,260.84,143.25,0.03,-0.0,gauche,gauche,2,1,132,132,0,0.767,matched,1
131,4.367,1780168747,T003,3,109.05,223.21,-0.2,-0.01,gauche,gauche,3,1,132,132,0,0.769,matched,1
131,4.367,1780168747,T004,4,383.79,301.81,-1.15,-0.16,gauche,gauche,4,1,132,132,0,0.765,matched,1
131,4.367,1780168747,T005,10,457.61,161.59,0.23,0.21,gauche,gauche,10,1,132,129,0,0.767,matched,1
131,4.367,1780168747,T006,1,205.54,717.09,0.53,1.31,droite,droite,1,1,132,132,0,0.768,matched,1
131,4.367,1780168747,T007,2,293.63,696.52,0.56,0.96,droite,droite,2,1,132,132,0,0.763,matched,1
131,4.367,1780168747,T008,9,219.44,843.24,0.34,-1.25,droite,droite,9,1,132,110,0,0.768,matched,1
131,4.367,1780168747,T009,11,165.69,250.67,0.11,1.34,gauche,gauche,11,1,129,126,0,0.767,matched,1
131,4.367,1780168747,T010,10,381.95,743.42,-0.3,1.62,droite,droite,10,1,128,128,0,0.761,matched,1
132,4.400,1780168747,T001,1,204.32,266.95,0.14,-2.01,gauche,gauche,1,1,133,133,0,0.755,matched,1
132,4.400,1780168747,T002,2,260.84,143.25,0.11,-0.01,gauche,gauche,2,1,133,133,0,0.769,matched,1
132,4.400,1780168747,T003,3,108.41,223.64,-0.33,-0.0,gauche,gauche,3,1,133,133,0,0.768,matched,1
132,4.400,1780168747,T004,4,382.19,301.57,-1.48,-0.08,gauche,gauche,4,1,133,133,0,0.763,matched,1
132,4.400,1780168747,T005,10,457.61,161.59,0.24,-0.01,gauche,gauche,10,1,133,130,0,0.767,matched,1
132,4.400,1780168747,T006,1,206.43,718.51,0.77,1.17,droite,droite,1,1,133,133,0,0.766,matched,1
132,4.400,1780168747,T007,2,294.22,697.81,0.48,0.52,droite,droite,2,1,133,133,0,0.765,matched,1
132,4.400,1780168747,T008,9,219.99,842.16,0.41,-0.62,droite,droite,9,1,133,111,0,0.762,matched,1
132,4.400,1780168747,T009,11,165.65,252.14,-0.1,0.89,gauche,gauche,11,1,130,127,0,0.765,matched,1
132,4.400,1780168747,T010,10,381.48,745.56,-0.27,2.12,droite,droite,10,1,129,129,0,0.76,matched,1
133,4.433,1780168747,T001,1,204.54,264.86,0.03,-1.9,gauche,gauche,1,1,134,134,0,0.768,matched,1
133,4.433,1780168747,T002,2,260.84,143.25,0.11,-0.01,gauche,gauche,2,1,134,134,0,0.77,matched,1
133,4.433,1780168747,T003,3,108.41,223.64,-0.31,-0.0,gauche,gauche,3,1,134,134,0,0.77,matched,1
133,4.433,1780168747,T004,4,380.67,301.41,-1.27,-0.03,gauche,gauche,4,1,134,134,0,0.769,matched,1
133,4.433,1780168747,T005,10,457.61,161.59,0.19,-0.09,gauche,gauche,10,1,134,131,0,0.769,matched,1
133,4.433,1780168747,T006,1,207.29,719.71,0.69,0.85,droite,droite,1,1,134,134,0,0.767,matched,1
133,4.433,1780168747,T007,2,294.7,698.72,0.34,0.23,droite,droite,2,1,134,134,0,0.766,matched,1
133,4.433,1780168747,T008,9,220.49,841.45,0.34,-0.24,droite,droite,9,1,134,112,0,0.765,matched,1
133,4.433,1780168747,T009,11,165.53,253.24,-0.16,0.52,gauche,gauche,11,1,131,128,0,0.766,matched,1
133,4.433,1780168747,T010,10,381.1,747.63,-0.2,1.83,droite,droite,10,1,130,130,0,0.769,matched,1
134,4.467,1780168747,T001,1,204.68,262.77,-0.01,-1.77,gauche,gauche,1,1,135,135,0,0.769,matched,1
134,4.467,1780168747,T002,2,260.84,143.25,0.09,-0.01,gauche,gauche,2,1,135,135,0,0.77,matched,1
134,4.467,1780168747,T003,3,108.41,223.64,-0.06,-0.0,gauche,gauche,3,1,135,135,0,0.767,matched,1
134,4.467,1780168747,T004,4,379.26,301.16,-1.07,-0.17,gauche,gauche,4,1,135,135,0,0.768,matched,1
134,4.467,1780168747,T005,10,457.61,161.59,0.13,0.07,gauche,gauche,10,1,135,132,0,0.768,matched,1
134,4.467,1780168747,T006,1,208.29,720.64,0.84,0.53,droite,droite,1,1,135,135,0,0.765,matched,1
134,4.467,1780168747,T007,2,295.21,699.35,0.38,0.06,droite,droite,2,1,135,135,0,0.768,matched,1
134,4.467,1780168747,T008,9,220.9,840.58,0.24,-0.55,droite,droite,9,1,135,113,0,0.765,matched,1
134,4.467,1780168747,T009,11,165.41,254.03,-0.15,0.25,gauche,gauche,11,1,132,129,0,0.767,matched,1
134,4.467,1780168747,T010,10,380.66,749.64,-0.3,1.64,droite,droite,10,1,131,131,0,0.768,matched,1
135,4.500,1780168747,T001,1,204.9,260.56,0.14,-1.83,gauche,gauche,1,1,136,136,0,0.766,matched,1
135,4.500,1780168747,T002,2,260.84,143.25,0.06,-0.0,gauche,gauche,2,1,136,136,0,0.77,matched,1
135,4.500,1780168747,T003,3,108.41,223.64,-0.12,0.0,gauche,gauche,3,1,136,136,0,0.769,matched,1
135,4.500,1780168747,T004,4,377.97,300.9,-0.92,-0.19,gauche,gauche,4,1,136,136,0,0.769,matched,1
135,4.500,1780168747,T005,10,458.11,162.14,0.25,0.11,gauche,gauche,10,1,136,133,0,0.768,matched,1
135,4.500,1780168747,T006,1,209.62,721.32,1.22,0.29,droite,droite,1,1,136,136,0,0.763,matched,1
135,4.500,1780168747,T007,2,295.66,699.93,0.31,0.16,droite,droite,2,1,136,136,0,0.768,matched,1
135,4.500,1780168747,T008,9,221.2,839.75,0.14,-0.54,droite,droite,9,1,136,114,0,0.769,matched,1
135,4.500,1780168747,T009,11,165.41,254.03,-0.28,0.1,gauche,gauche,11,1,133,130,0,0.767,matched,1
135,4.500,1780168747,T010,10,380.13,751.34,-0.44,1.2,droite,droite,10,1,132,132,0,0.765,matched,1
136,4.533,1780168747,T001,1,205.14,258.35,0.17,-1.78,gauche,gauche,1,1,137,137,0,0.768,matched,1
136,4.533,1780168747,T002,2,261.65,143.67,0.38,-0.0,gauche,gauche,2,1,137,137,0,0.765,matched,1
136,4.533,1780168747,T003,3,108.41,223.64,-0.12,0.0,gauche,gauche,3,1,137,137,0,0.77,matched,1
136,4.533,1780168747,T004,4,376.78,300.54,-0.83,-0.32,gauche,gauche,4,1,137,137,0,0.768,matched,1
136,4.533,1780168747,T005,10,458.11,162.14,0.24,0.11,gauche,gauche,10,1,137,134,0,0.77,matched,1
136,4.533,1780168747,T006,1,211.19,721.8,1.43,0.13,droite,droite,1,1,137,137,0,0.765,matched,1
136,4.533,1780168747,T007,2,295.66,699.93,0.38,0.16,droite,droite,2,1,137,137,0,0.768,matched,1
136,4.533,1780168747,T008,9,221.43,839.05,0.07,-0.42,droite,droite,9,1,137,115,0,0.769,matched,1
136,4.533,1780168747,T009,11,165.41,254.03,-0.27,0.01,gauche,gauche,11,1,134,131,0,0.769,matched,1
136,4.533,1780168747,T010,10,379.48,752.79,-0.56,0.92,droite,droite,10,1,133,133,0,0.767,matched,1
137,4.567,1780168747,T001,1,205.35,256.3,0.14,-1.52,gauche,gauche,1,1,138,138,0,0.769,matched,1
137,4.567,1780168747,T002,2,262.54,143.85,0.58,-0.17,gauche,gauche,2,1,138,138,0,0.766,matched,1
137,4.567,1780168747,T003,3,108.41,223.64,-0.09,0.0,gauche,gauche,3,1,138,138,0,0.77,matched,1
137,4.567,1780168747,T004,4,375.78,300.18,-0.6,-0.3,gauche,gauche,4,1,138,138,0,0.768,matched,1
137,4.567,1780168747,T005,10,458.11,162.14,0.18,0.08,gauche,gauche,10,1,138,135,0,0.769,matched,1
137,4.567,1780168747,T006,1,212.92,722.14,1.52,0.04,droite,droite,1,1,138,138,0,0.766,matched,1
137,4.567,1780168747,T007,2,296.23,700.85,0.32,0.63,droite,droite,2,1,138,138,0,0.763,matched,1
137,4.567,1780168747,T008,9,221.43,839.05,0.2,-0.27,droite,droite,9,1,138,116,0,0.768,matched,1
137,4.567,1780168747,T009,11,165.41,254.03,-0.2,-0.02,gauche,gauche,11,1,135,132,0,0.769,matched,1
137,4.567,1780168747,T010,10,378.6,753.94,-0.82,0.61,droite,droite,10,1,134,134,0,0.764,matched,1
138,4.600,1780168747,T001,1,205.53,254.61,0.1,-1.08,gauche,gauche,1,1,139,139,0,0.766,matched,1
138,4.600,1780168747,T002,2,263.37,144.05,0.53,-0.03,gauche,gauche,2,1,139,139,0,0.768,matched,1
138,4.600,1780168747,T003,3,108.41,223.64,-0.06,0.0,gauche,gauche,3,1,139,139,0,0.77,matched,1
138,4.600,1780168747,T004,4,375.02,299.59,-0.38,-0.56,gauche,gauche,4,1,139,139,0,0.765,matched,1
138,4.600,1780168747,T005,10,458.59,162.73,0.11,0.22,gauche,gauche,10,1,139,136,0,0.768,matched,1
138,4.600,1780168747,T006,1,214.61,722.51,1.38,0.17,droite,droite,1,1,139,139,0,0.768,matched,1
138,4.600,1780168747,T007,2,296.83,702.06,0.4,1.01,droite,droite,2,1,139,139,0,0.763,matched,1
138,4.600,1780168747,T008,9,221.93,838.5,0.37,-0.16,droite,droite,9,1,139,117,0,0.767,matched,1
138,4.600,1780168747,T009,11,165.41,254.03,-0.13,0.14,gauche,gauche,11,1,136,133,0,0.768,matched,1
138,4.600,1780168747,T010,10,377.32,754.65,-1.25,0.18,droite,droite,10,1,135,135,0,0.761,matched,1
139,4.633,1780168747,T001,1,205.66,253.32,0.06,-0.66,gauche,gauche,1,1,140,140,0,0.765,matched,1
139,4.633,1780168747,T002,2,263.37,144.05,0.39,0.03,gauche,gauche,2,1,140,140,0,0.768,matched,1
139,4.633,1780168747,T003,3,108.41,223.64,-0.03,0.0,gauche,gauche,3,1,140,140,0,0.77,matched,1
139,4.633,1780168747,T004,4,374.45,298.99,-0.21,-0.54,gauche,gauche,4,1,140,140,0,0.768,matched,1
139,4.633,1780168747,T005,10,458.59,162.73,0.06,0.22,gauche,gauche,10,1,140,137,0,0.769,matched,1
139,4.633,1780168747,T006,1,215.91,722.85,0.85,0.18,droite,droite,1,1,140,140,0,0.764,matched,1
139,4.633,1780168747,T007,2,297.37,703.23,0.33,0.93,droite,droite,2,1,140,140,0,0.77,matched,1
139,4.633,1780168747,T008,9,221.93,838.5,0.36,-0.08,droite,droite,9,1,140,118,0,0.769,matched,1
139,4.633,1780168747,T009,11,165.04,254.71,-0.07,0.17,gauche,gauche,11,1,137,134,0,0.769,matched,1
139,4.633,1780168747,T010,10,376.05,755.09,-1.13,-0.03,droite,droite,10,1,136,136,0,0.767,matched,1
140,4.667,1780168747,T001,1,205.62,252.37,-0.14,-0.35,gauche,gauche,1,1,141,141,0,0.765,matched,1
140,4.667,1780168747,T002,2,264.2,144.27,0.42,0.05,gauche,gauche,2,1,141,141,0,0.769,matched,1
140,4.667,1780168747,T003,3,107.83,224.1,-0.02,0.17,gauche,gauche,3,1,141,141,0,0.767,matched,1
140,4.667,1780168747,T004,4,373.91,298.33,-0.26,-0.58,gauche,gauche,4,1,141,141,0,0.768,matched,1
140,4.667,1780168747,T005,10,459.08,163.57,0.2,0.52,gauche,gauche,10,1,141,138,0,0.765,matched,1
140,4.667,1780168747,T006,1,216.98,723.27,0.62,0.31,droite,droite,1,1,141,141,0,0.767,matched,1
140,4.667,1780168747,T007,2,297.8,704.5,0.24,1.02,droite,droite,2,1,141,141,0,0.767,matched,1
140,4.667,1780168747,T008,9,222.59,837.98,0.44,-0.2,droite,droite,9,1,141,119,0,0.767,matched,1
140,4.667,1780168747,T009,11,165.04,254.71,-0.03,0.14,gauche,gauche,11,1,138,135,0,0.77,matched,1
140,4.667,1780168747,T010,10,374.69,755.35,-1.16,-0.1,droite,droite,10,1,137,137,0,0.768,matched,1
141,4.700,1780168747,T001,1,205.62,252.37,-0.01,-0.15,gauche,gauche,1,1,142,142,0,0.767,matched,1
141,4.700,1780168747,T002,2,264.2,144.27,0.33,0.04,gauche,gauche,2,1,142,142,0,0.769,matched,1
141,4.700,1780168747,T003,3,107.83,224.1,-0.18,0.03,gauche,gauche,3,1,142,142,0,0.767,matched,1
141,4.700,1780168747,T004,4,373.45,297.46,-0.22,-0.8,gauche,gauche,4,1,142,142,0,0.766,matched,1
141,4.700,1780168747,T005,10,459.39,165.05,0.04,1.36,gauche,gauche,10,1,142,139,0,0.757,matched,1
141,4.700,1780168747,T006,1,217.8,723.95,0.39,0.63,droite,droite,1,1,142,142,0,0.764,matched,1
141,4.700,1780168747,T007,2,298.13,706.46,0.14,1.85,droite,droite,2,1,142,142,0,0.756,matched,1
141,4.700,1780168747,T008,9,223.32,837.66,0.54,-0.03,droite,droite,9,1,142,120,0,0.767,matched,1
141,4.700,1780168747,T009,11,165.04,254.71,-0.01,0.1,gauche,gauche,11,1,139,136,0,0.769,matched,1
141,4.700,1780168747,T010,10,373.34,755.66,-1.08,0.06,droite,droite,10,1,138,138,0,0.768,matched,1
142,4.733,1780168747,T001,1,205.62,252.37,-0.13,-0.04,gauche,gauche,1,1,143,143,0,0.768,matched,1
142,4.733,1780168747,T002,2,264.2,144.27,0.05,0.03,gauche,gauche,2,1,143,143,0,0.766,matched,1
142,4.733,1780168747,T003,3,107.83,224.1,-0.2,-0.03,gauche,gauche,3,1,143,143,0,0.769,matched,1
142,4.733,1780168747,T004,4,372.94,296.62,-0.33,-0.7,gauche,gauche,4,1,143,143,0,0.768,matched,1
142,4.733,1780168747,T005,10,459.58,166.9,-0.03,1.72,gauche,gauche,10,1,143,140,0,0.763,matched,1
142,4.733,1780168747,T006,1,218.41,724.8,0.21,0.78,droite,droite,1,1,143,143,0,0.766,matched,1
142,4.733,1780168747,T007,2,298.37,709.01,0.08,2.43,droite,droite,2,1,143,143,0,0.759,matched,1
142,4.733,1780168747,T008,9,224.12,837.32,0.63,-0.13,droite,droite,9,1,143,121,0,0.767,matched,1
142,4.733,1780168747,T009,11,164.92,255.83,0.17,0.74,gauche,gauche,11,1,140,137,0,0.76,matched,1
142,4.733,1780168747,T010,10,372.06,755.95,-0.98,0.11,droite,droite,10,1,139,139,0,0.769,matched,1
143,4.767,1780168747,T001,1,205.62,252.37,0.02,0.01,gauche,gauche,1,1,144,144,0,0.768,matched,1
143,4.767,1780168747,T002,2,264.98,144.45,0.27,0.02,gauche,gauche,2,1,144,144,0,0.767,matched,1
143,4.767,1780168747,T003,3,107.14,224.33,-0.16,-0.05,gauche,gauche,3,1,144,144,0,0.77,matched,1
143,4.767,1780168747,T004,4,372.47,295.91,-0.29,-0.51,gauche,gauche,4,1,144,144,0,0.768,matched,1
143,4.767,1780168747,T005,10,459.55,169.06,-0.22,1.97,gauche,gauche,10,1,144,141,0,0.763,matched,1
143,4.767,1780168747,T006,1,218.99,726.0,0.27,1.17,droite,droite,1,1,144,144,0,0.763,matched,1
143,4.767,1780168747,T007,2,298.54,712.01,0.03,2.78,droite,droite,2,1,144,144,0,0.761,matched,1
143,4.767,1780168747,T008,9,224.84,837.02,0.52,-0.14,droite,droite,9,1,144,122,0,0.769,matched,1
143,4.767,1780168747,T009,11,164.91,257.39,0.2,1.33,gauche,gauche,11,1,141,138,0,0.76,matched,1
143,4.767,1780168747,T010,10,370.99,756.33,-0.71,0.28,droite,droite,10,1,140,140,0,0.766,matched,1
144,4.800,1780168747,T001,1,205.67,251.66,0.08,-0.14,gauche,gauche,1,1,145,145,0,0.768,matched,1
144,4.800,1780168747,T002,2,264.98,144.45,-0.04,0.01,gauche,gauche,2,1,145,145,0,0.766,matched,1
144,4.800,1780168747,T003,3,107.14,224.33,-0.11,0.13,gauche,gauche,3,1,145,145,0,0.767,matched,1
144,4.800,1780168747,T004,4,371.95,295.23,-0.38,-0.49,gauche,gauche,4,1,145,145,0,0.768,matched,1
144,4.800,1780168747,T005,10,459.59,171.06,-0.08,1.63,gauche,gauche,10,1,145,142,0,0.767,matched,1
144,4.800,1780168747,T006,1,219.62,727.48,0.4,1.4,droite,droite,1,1,145,145,0,0.764,matched,1
144,4.800,1780168747,T007,2,298.8,714.91,0.18,2.45,droite,droite,2,1,145,145,0,0.768,matched,1
144,4.800,1780168747,T008,9,225.56,836.76,0.53,-0.11,droite,droite,9,1,145,123,0,0.769,matched,1
144,4.800,1780168747,T009,11,165.08,259.35,0.34,1.76,gauche,gauche,11,1,142,139,0,0.761,matched,1
144,4.800,1780168747,T010,10,370.15,756.99,-0.45,0.62,droite,droite,10,1,141,141,0,0.764,matched,1
145,4.833,1780168747,T001,1,205.67,251.66,0.08,-0.17,gauche,gauche,1,1,146,146,0,0.769,matched,1
145,4.833,1780168747,T002,2,264.98,144.45,-0.16,0.01,gauche,gauche,2,1,146,146,0,0.768,matched,1
145,4.833,1780168747,T003,3,107.14,224.33,-0.07,0.16,gauche,gauche,3,1,146,146,0,0.769,matched,1
145,4.833,1780168747,T004,4,371.47,294.65,-0.33,-0.37,gauche,gauche,4,1,146,146,0,0.769,matched,1
145,4.833,1780168747,T005,10,459.65,172.69,-0.0,1.12,gauche,gauche,10,1,146,143,0,0.765,matched,1
145,4.833,1780168747,T006,1,220.19,728.86,0.36,1.17,droite,droite,1,1,146,146,0,0.769,matched,1
145,4.833,1780168747,T007,2,299.07,717.36,0.19,1.77,droite,droite,2,1,146,146,0,0.764,matched,1
145,4.833,1780168747,T008,9,225.56,836.76,0.41,-0.07,droite,droite,9,1,146,124,0,0.769,matched,1
145,4.833,1780168747,T009,11,165.29,261.22,0.31,1.53,gauche,gauche,11,1,143,140,0,0.769,matched,1
145,4.833,1780168747,T010,10,369.54,757.82,-0.25,0.78,droite,droite,10,1,142,142,0,0.766,matched,1
146,4.867,1780168747,T001,1,205.76,250.46,0.06,-0.82,gauche,gauche,1,1,147,147,0,0.76,matched,1
146,4.867,1780168747,T002,2,264.98,144.45,-0.16,0.0,gauche,gauche,2,1,147,147,0,0.77,matched,1
146,4.867,1780168747,T003,3,107.14,224.33,-0.03,-0.03,gauche,gauche,3,1,147,147,0,0.767,matched,1
146,4.867,1780168747,T004,4,371.47,294.65,-0.41,-0.24,gauche,gauche,4,1,147,147,0,0.768,matched,1
146,4.867,1780168747,T005,10,459.71,174.2,0.03,1.01,gauche,gauche,10,1,147,144,0,0.77,matched,1
146,4.867,1780168747,T006,1,220.8,730.54,0.43,1.49,droite,droite,1,1,147,147,0,0.763,matched,1
146,4.867,1780168747,T007,2,299.3,719.25,0.16,1.1,droite,droite,2,1,147,147,0,0.763,matched,1
146,4.867,1780168747,T008,9,226.34,836.57,0.44,-0.04,droite,droite,9,1,147,125,0,0.769,matched,1
146,4.867,1780168747,T009,11,165.63,263.06,0.4,1.43,gauche,gauche,11,1,144,141,0,0.768,matched,1
146,4.867,1780168747,T010,10,368.97,758.6,-0.28,0.66,droite,droite,10,1,143,143,0,0.769,matched,1
147,4.900,1780168747,T001,1,205.82,249.38,0.04,-0.72,gauche,gauche,1,1,148,148,0,0.77,matched,1
147,4.900,1780168747,T002,2,264.98,144.45,-0.3,-0.0,gauche,gauche,2,1,148,148,0,0.768,matched,1
147,4.900,1780168747,T003,3,107.14,224.33,-0.18,-0.1,gauche,gauche,3,1,148,148,0,0.768,matched,1
147,4.900,1780168747,T004,4,370.59,294.21,-0.68,-0.13,gauche,gauche,4,1,148,148,0,0.765,matched,1
147,4.900,1780168747,T005,10,459.78,175.73,0.03,1.08,gauche,gauche,10,1,148,145,0,0.768,matched,1
147,4.900,1780168747,T006,1,221.48,732.13,0.53,1.28,droite,droite,1,1,148,148,0,0.768,matched,1
147,4.900,1780168747,T007,2,299.49,720.63,0.11,0.6,droite,droite,2,1,148,148,0,0.764,matched,1
147,4.900,1780168747,T008,9,227.28,836.42,0.7,-0.02,droite,droite,9,1,148,126,0,0.766,matched,1
147,4.900,1780168747,T009,11,165.97,264.89,0.35,1.41,gauche,gauche,11,1,145,142,0,0.768,matched,1
147,4.900,1780168747,T010,10,368.34,759.67,-0.4,0.98,droite,droite,10,1,144,144,0,0.764,matched,1
148,4.933,1780168747,T001,1,205.87,247.39,0.02,-1.87,gauche,gauche,1,1,149,149,0,0.752,matched,1
148,4.933,1780168747,T002,2,264.98,144.45,0.57,-0.0,gauche,gauche,2,1,149,149,0,0.758,matched,1
148,4.933,1780168747,T003,3,106.41,224.5,-0.2,-0.1,gauche,gauche,3,1,149,149,0,0.769,matched,1
148,4.933,1780168747,T004,4,369.6,293.88,-0.8,-0.06,gauche,gauche,4,1,149,149,0,0.767,matched,1
148,4.933,1780168747,T005,10,459.69,177.2,-0.14,1.03,gauche,gauche,10,1,149,146,0,0.767,matched,1
148,4.933,1780168747,T006,1,222.24,733.45,0.62,0.91,droite,droite,1,1,149,149,0,0.766,matched,1
148,4.933,1780168747,T007,2,299.77,721.6,0.23,0.27,droite,droite,2,1,149,149,0,0.766,matched,1
148,4.933,1780168747,T008,9,228.17,836.31,0.63,-0.01,droite,droite,9,1,149,127,0,0.77,matched,1
148,4.933,1780168747,T009,11,166.26,266.47,0.25,1.08,gauche,gauche,11,1,146,143,0,0.767,matched,1
148,4.933,1780168747,T010,10,367.64,761.12,-0.53,1.39,droite,droite,10,1,145,145,0,0.762,matched,1
149,4.967,1780168747,T001,1,205.91,244.3,0.01,-3.08,gauche,gauche,1,1,150,150,0,0.749,matched,1
149,4.967,1780168747,T002,2,264.98,144.45,0.09,-0.0,gauche,gauche,2,1,150,150,0,0.764,matched,1
149,4.967,1780168747,T003,3,106.41,224.5,-0.16,-0.08,gauche,gauche,3,1,150,150,0,0.77,matched,1
149,4.967,1780168747,T004,4,368.57,293.65,-0.84,-0.02,gauche,gauche,4,1,150,150,0,0.768,matched,1
149,4.967,1780168747,T005,10,459.7,178.44,-0.01,0.78,gauche,gauche,10,1,150,147,0,0.767,matched,1
149,4.967,1780168747,T006,1,223.07,734.46,0.68,0.56,droite,droite,1,1,150,150,0,0.766,matched,1
149,4.967,1780168747,T007,2,300.05,722.28,0.23,0.08,droite,droite,2,1,150,150,0,0.768,matched,1
149,4.967,1780168747,T008,9,229.05,836.37,0.64,0.17,droite,droite,9,1,150,128,0,0.767,matched,1
149,4.967,1780168747,T009,11,166.61,267.72,0.32,0.71,gauche,gauche,11,1,147,144,0,0.766,matched,1
149,4.967,1780168747,T010,10,366.72,763.09,-0.79,1.91,droite,droite,10,1,146,146,0,0.759,matched,1
150,5.000,1780168748,T001,1,206.07,241.29,0.17,-2.68,gauche,gauche,1,1,151,151,0,0.767,matched,1
150,5.000,1780168748,T002,2,264.98,144.45,0.23,-0.0,gauche,gauche,2,1,151,151,0,0.768,matched,1
150,5.000,1780168748,T003,3,105.67,224.61,-0.28,-0.05,gauche,gauche,3,1,151,151,0,0.768,matched,1
150,5.000,1780168748,T004,4,367.52,293.35,-0.83,-0.17,gauche,gauche,4,1,151,151,0,0.768,matched,1
150,5.000,1780168748,T005,10,459.74,179.28,0.05,0.33,gauche,gauche,10,1,151,148,0,0.765,matched,1
150,5.000,1780168748,T006,1,223.94,735.19,0.72,0.3,droite,droite,1,1,151,151,0,0.767,matched,1
150,5.000,1780168748,T007,2,300.05,722.28,0.18,-0.01,droite,droite,2,1,151,151,0,0.769,matched,1
150,5.000,1780168748,T008,9,229.81,836.49,0.49,0.2,droite,droite,9,1,151,129,0,0.769,matched,1
150,5.000,1780168748,T009,11,166.95,268.65,0.28,0.4,gauche,gauche,11,1,148,145,0,0.767,matched,1
150,5.000,1780168748,T010,10,365.69,765.15,-0.89,1.85,droite,droite,10,1,147,147,0,0.767,matched,1
151,5.033,1780168748,T001,1,206.13,238.76,0.03,-1.91,gauche,gauche,1,1,152,152,0,0.762,matched,1
151,5.033,1780168748,T002,2,265.69,144.58,0.23,-0.0,gauche,gauche,2,1,152,152,0,0.77,matched,1
151,5.033,1780168748,T003,3,105.67,224.61,-0.26,-0.2,gauche,gauche,3,1,152,152,0,0.768,matched,1
151,5.033,1780168748,T004,4,366.61,293.04,-0.64,-0.19,gauche,gauche,4,1,152,152,0,0.768,matched,1
151,5.033,1780168748,T005,10,459.74,179.28,0.06,0.09,gauche,gauche,10,1,152,149,0,0.767,matched,1
151,5.033,1780168748,T006,1,224.72,735.71,0.57,0.13,droite,droite,1,1,152,152,0,0.768,matched,1
151,5.033,1780168748,T007,2,300.05,722.28,0.11,0.13,droite,droite,2,1,152,152,0,0.768,matched,1
151,5.033,1780168748,T008,9,229.81,836.49,0.33,0.16,droite,droite,9,1,152,130,0,0.768,matched,1
151,5.033,1780168748,T009,11,167.24,269.31,0.2,0.19,gauche,gauche,11,1,149,146,0,0.767,matched,1
151,5.033,1780168748,T010,10,364.76,766.95,-0.72,1.4,droite,droite,10,1,148,148,0,0.766,matched,1
152,5.067,1780168748,T001,1,206.28,236.26,0.13,-1.87,gauche,gauche,1,1,153,153,0,0.767,matched,1
152,5.067,1780168748,T002,2,265.69,144.58,0.01,-0.0,gauche,gauche,2,1,153,153,0,0.767,matched,1
152,5.067,1780168748,T003,3,105.67,224.61,-0.2,-0.21,gauche,gauche,3,1,153,153,0,0.769,matched,1
152,5.067,1780168748,T004,4,365.75,292.78,-0.59,-0.15,gauche,gauche,4,1,153,153,0,0.77,matched,1
152,5.067,1780168748,T005,10,459.74,179.28,0.05,0.14,gauche,gauche,10,1,153,150,0,0.769,matched,1
152,5.067,1780168748,T006,1,225.62,736.2,0.73,0.2,droite,droite,1,1,153,153,0,0.767,matched,1
152,5.067,1780168748,T007,2,300.3,723.04,0.07,0.32,droite,droite,2,1,153,153,0,0.767,matched,1
152,5.067,1780168748,T008,9,229.81,836.49,0.19,0.11,droite,droite,9,1,153,131,0,0.768,matched,1
152,5.067,1780168748,T009,11,167.24,269.31,0.29,0.07,gauche,gauche,11,1,150,147,0,0.768,matched,1
152,5.067,1780168748,T010,10,364.0,768.38,-0.49,0.91,droite,droite,10,1,149,149,0,0.764,matched,1
153,5.100,1780168748,T001,1,206.43,233.99,0.15,-1.59,gauche,gauche,1,1,154,154,0,0.769,matched,1
153,5.100,1780168748,T002,2,265.69,144.58,0.09,-0.17,gauche,gauche,2,1,154,154,0,0.767,matched,1
153,5.100,1780168748,T003,3,104.86,224.31,-0.3,-0.34,gauche,gauche,3,1,154,154,0,0.767,matched,1
153,5.100,1780168748,T004,4,364.9,292.44,-0.61,-0.27,gauche,gauche,4,1,154,154,0,0.768,matched,1
153,5.100,1780168748,T005,10,459.74,179.28,0.2,0.13,gauche,gauche,10,1,154,151,0,0.768,matched,1
153,5.100,1780168748,T006,1,226.59,736.63,0.79,0.19,droite,droite,1,1,154,154,0,0.768,matched,1
153,5.100,1780168748,T007,2,300.49,724.01,0.03,0.66,droite,droite,2,1,154,154,0,0.764,matched,1
153,5.100,1780168748,T008,9,229.81,836.49,0.09,0.07,droite,droite,9,1,154,132,0,0.769,matched,1
153,5.100,1780168748,T009,11,167.24,269.31,0.43,0.01,gauche,gauche,11,1,151,148,0,0.767,matched,1
153,5.100,1780168748,T010,10,363.29,769.57,-0.46,0.69,droite,droite,10,1,150,150,0,0.768,matched,1
154,5.133,1780168748,T001,1,206.72,232.13,0.29,-1.13,gauche,gauche,1,1,155,155,0,0.765,matched,1
154,5.133,1780168748,T002,2,265.69,144.58,-0.07,-0.2,gauche,gauche,2,1,155,155,0,0.768,matched,1
154,5.133,1780168748,T003,3,104.18,223.73,-0.27,-0.65,gauche,gauche,3,1,155,155,0,0.765,matched,1
154,5.133,1780168748,T004,4,364.16,291.96,-0.48,-0.43,gauche,gauche,4,1,155,155,0,0.767,matched,1
154,5.133,1780168748,T005,10,460.02,179.94,0.22,0.1,gauche,gauche,10,1,155,152,0,0.769,matched,1
154,5.133,1780168748,T006,1,227.59,736.98,0.8,0.14,droite,droite,1,1,155,155,0,0.769,matched,1
154,5.133,1780168748,T007,2,300.62,725.21,0.01,0.98,droite,droite,2,1,155,155,0,0.764,matched,1
154,5.133,1780168748,T008,9,229.81,836.49,0.03,0.04,droite,droite,9,1,155,133,0,0.769,matched,1
154,5.133,1780168748,T009,11,167.9,269.73,0.39,-0.02,gauche,gauche,11,1,152,149,0,0.77,matched,1
154,5.133,1780168748,T010,10,362.7,770.5,-0.35,0.44,droite,droite,10,1,151,151,0,0.767,matched,1
155,5.167,1780168748,T001,1,207.15,230.7,0.45,-0.69,gauche,gauche,1,1,156,156,0,0.765,matched,1
155,5.167,1780168748,T002,2,265.69,144.58,-0.11,-0.5,gauche,gauche,2,1,156,156,0,0.765,matched,1
155,5.167,1780168748,T003,3,104.18,223.73,-0.2,-0.28,gauche,gauche,3,1,156,156,0,0.766,matched,1
155,5.167,1780168748,T004,4,363.44,291.36,-0.49,-0.56,gauche,gauche,4,1,156,156,0,0.767,matched,1
155,5.167,1780168748,T005,10,460.02,179.94,0.34,0.06,gauche,gauche,10,1,156,153,0,0.768,matched,1
155,5.167,1780168748,T006,1,228.74,737.38,0.97,0.26,droite,droite,1,1,156,156,0,0.766,matched,1
155,5.167,1780168748,T007,2,300.72,726.91,0.0,1.56,droite,droite,2,1,156,156,0,0.76,matched,1
155,5.167,1780168748,T008,9,229.81,836.49,0.0,0.01,droite,droite,9,1,156,134,0,0.77,matched,1
155,5.167,1780168748,T009,11,168.58,270.18,0.45,0.14,gauche,gauche,11,1,153,150,0,0.767,matched,1
155,5.167,1780168748,T010,10,362.1,771.33,-0.39,0.42,droite,droite,10,1,152,152,0,0.769,matched,1
156,5.200,1780168748,T001,1,207.45,229.66,0.24,-0.37,gauche,gauche,1,1,157,157,0,0.766,matched,1
156,5.200,1780168748,T002,2,265.87,143.86,-0.28,-0.68,gauche,gauche,2,1,157,157,0,0.766,matched,1
156,5.200,1780168748,T003,3,104.18,223.73,-0.12,-0.08,gauche,gauche,3,1,157,157,0,0.767,matched,1
156,5.200,1780168748,T004,4,362.68,290.64,-0.55,-0.65,gauche,gauche,4,1,157,157,0,0.767,matched,1
156,5.200,1780168748,T005,10,460.49,180.59,0.31,0.2,gauche,gauche,10,1,157,154,0,0.768,matched,1
156,5.200,1780168748,T006,1,229.94,737.9,0.98,0.42,droite,droite,1,1,157,157,0,0.767,matched,1
156,5.200,1780168748,T007,2,300.79,729.28,-0.0,2.28,droite,droite,2,1,157,157,0,0.757,matched,1
156,5.200,1780168748,T008,9,229.81,836.49,0.16,0.0,droite,droite,9,1,157,135,0,0.768,matched,1
156,5.200,1780168748,T009,11,169.32,270.86,0.54,0.52,gauche,gauche,11,1,154,151,0,0.764,matched,1
156,5.200,1780168748,T010,10,361.3,772.14,-0.66,0.48,droite,droite,10,1,153,153,0,0.765,matched,1
157,5.233,1780168748,T001,1,207.65,228.92,0.1,-0.16,gauche,gauche,1,1,158,158,0,0.767,matched,1
157,5.233,1780168748,T002,2,265.87,143.86,-0.28,-0.59,gauche,gauche,2,1,158,158,0,0.77,matched,1
157,5.233,1780168748,T003,3,104.18,223.73,-0.07,0.02,gauche,gauche,3,1,158,158,0,0.769,matched,1
157,5.233,1780168748,T004,4,362.01,289.98,-0.45,-0.54,gauche,gauche,4,1,158,158,0,0.769,matched,1
157,5.233,1780168748,T005,10,460.49,180.59,0.23,0.21,gauche,gauche,10,1,158,155,0,0.769,matched,1
157,5.233,1780168748,T006,1,230.99,738.4,0.76,0.38,droite,droite,1,1,158,158,0,0.768,matched,1
157,5.233,1780168748,T007,2,300.84,731.62,-0.0,2.04,droite,droite,2,1,158,158,0,0.77,matched,1
157,5.233,1780168748,T008,9,230.55,836.62,0.19,-0.0,droite,droite,9,1,158,136,0,0.769,matched,1
157,5.233,1780168748,T009,11,169.98,271.57,0.46,0.54,gauche,gauche,11,1,155,152,0,0.769,matched,1
157,5.233,1780168748,T010,10,360.52,772.85,-0.61,0.4,droite,droite,10,1,154,154,0,0.769,matched,1
158,5.267,1780168748,T001,1,207.65,228.92,0.03,-0.04,gauche,gauche,1,1,159,159,0,0.768,matched,1
158,5.267,1780168748,T002,2,265.74,142.83,-0.38,-0.76,gauche,gauche,2,1,159,159,0,0.766,matched,1
158,5.267,1780168748,T003,3,104.18,223.73,-0.03,0.05,gauche,gauche,3,1,159,159,0,0.769,matched,1
158,5.267,1780168748,T004,4,361.47,289.16,-0.31,-0.72,gauche,gauche,4,1,159,159,0,0.766,matched,1
158,5.267,1780168748,T005,10,461.03,181.32,0.32,0.34,gauche,gauche,10,1,159,156,0,0.767,matched,1
158,5.267,1780168748,T006,1,231.82,738.82,0.51,0.28,droite,droite,1,1,159,159,0,0.767,matched,1
158,5.267,1780168748,T007,2,301.02,734.16,0.17,2.16,droite,droite,2,1,159,159,0,0.765,matched,1
158,5.267,1780168748,T008,9,230.55,836.62,0.15,-0.0,droite,droite,9,1,159,137,0,0.77,matched,1
158,5.267,1780168748,T009,11,170.52,272.6,0.32,0.94,gauche,gauche,11,1,156,153,0,0.763,matched,1
158,5.267,1780168748,T010,10,359.72,773.69,-0.63,0.62,droite,droite,10,1,155,155,0,0.766,matched,1
159,5.300,1780168748,T001,1,207.65,228.92,0.16,0.01,gauche,gauche,1,1,160,160,0,0.768,matched,1
159,5.300,1780168748,T002,2,265.56,141.76,-0.34,-0.83,gauche,gauche,2,1,160,160,0,0.768,matched,1
159,5.300,1780168748,T003,3,104.18,223.73,-0.01,0.05,gauche,gauche,3,1,160,160,0,0.77,matched,1
159,5.300,1780168748,T004,4,360.92,287.84,-0.35,-1.3,gauche,gauche,4,1,160,160,0,0.76,matched,1
159,5.300,1780168748,T005,10,461.51,182.23,0.28,0.65,gauche,gauche,10,1,160,157,0,0.765,matched,1
159,5.300,1780168748,T006,1,232.58,739.15,0.46,0.18,droite,droite,1,1,160,160,0,0.769,matched,1
159,5.300,1780168748,T007,2,301.22,737.1,0.19,2.57,droite,droite,2,1,160,160,0,0.761,matched,1
159,5.300,1780168748,T008,9,231.29,836.71,0.28,-0.0,droite,droite,9,1,160,138,0,0.768,matched,1
159,5.300,1780168748,T009,11,170.93,273.91,0.19,1.22,gauche,gauche,11,1,157,154,0,0.764,matched,1
159,5.300,1780168748,T010,10,358.89,775.17,-0.66,1.41,droite,droite,10,1,156,156,0,0.757,matched,1
160,5.333,1780168748,T001,1,207.65,228.92,0.18,0.03,gauche,gauche,1,1,161,161,0,0.769,matched,1
160,5.333,1780168748,T002,2,265.39,140.67,-0.24,-0.83,gauche,gauche,2,1,161,161,0,0.768,matched,1
160,5.333,1780168748,T003,3,104.18,223.73,0.0,0.04,gauche,gauche,3,1,161,161,0,0.77,matched,1
160,5.333,1780168748,T004,4,360.31,286.2,-0.46,-1.57,gauche,gauche,4,1,161,161,0,0.764,matched,1
160,5.333,1780168748,T005,10,461.89,183.11,0.2,0.62,gauche,gauche,10,1,161,158,0,0.769,matched,1
160,5.333,1780168748,T006,1,233.34,739.67,0.51,0.44,droite,droite,1,1,161,161,0,0.766,matched,1
160,5.333,1780168748,T007,2,301.42,739.82,0.16,2.14,droite,droite,2,1,161,161,0,0.767,matched,1
160,5.333,1780168748,T008,9,232.07,836.78,0.43,-0.0,droite,droite,9,1,161,139,0,0.767,matched,1
160,5.333,1780168748,T009,11,171.37,275.57,0.27,1.56,gauche,gauche,11,1,158,155,0,0.763,matched,1
160,5.333,1780168748,T010,10,358.01,777.28,-0.69,2.08,droite,droite,10,1,157,157,0,0.758,matched,1
161,5.367,1780168748,T001,1,207.99,228.18,0.14,-0.31,gauche,gauche,1,1,162,162,0,0.765,matched,1
161,5.367,1780168748,T002,2,265.12,139.59,-0.32,-0.82,gauche,gauche,2,1,162,162,0,0.768,matched,1
161,5.367,1780168748,T003,3,104.18,223.73,-0.17,0.03,gauche,gauche,3,1,162,162,0,0.768,matched,1
161,5.367,1780168748,T004,4,359.74,284.24,-0.4,-1.83,gauche,gauche,4,1,162,162,0,0.764,matched,1
161,5.367,1780168748,T005,10,462.19,184.0,0.12,0.64,gauche,gauche,10,1,162,159,0,0.769,matched,1
161,5.367,1780168748,T006,1,234.15,740.61,0.58,0.95,droite,droite,1,1,162,162,0,0.762,matched,1
161,5.367,1780168748,T007,2,301.72,742.05,0.28,1.49,droite,droite,2,1,162,162,0,0.763,matched,1
161,5.367,1780168748,T008,9,232.91,836.97,0.56,0.17,droite,droite,9,1,162,140,0,0.766,matched,1
161,5.367,1780168748,T009,11,171.76,277.43,0.24,1.68,gauche,gauche,11,1,159,156,0,0.766,matched,1
161,5.367,1780168748,T010,10,357.11,779.79,-0.72,2.37,droite,droite,10,1,158,158,0,0.762,matched,1
162,5.400,1780168748,T001,1,208.25,227.47,0.1,-0.37,gauche,gauche,1,1,163,163,0,0.769,matched,1
162,5.400,1780168748,T002,2,264.84,138.52,-0.28,-0.79,gauche,gauche,2,1,163,163,0,0.769,matched,1
162,5.400,1780168748,T003,3,103.44,223.56,-0.19,0.02,gauche,gauche,3,1,163,163,0,0.769,matched,1
162,5.400,1780168748,T004,4,359.0,282.42,-0.62,-1.51,gauche,gauche,4,1,163,163,0,0.766,matched,1
162,5.400,1780168748,T005,10,462.28,185.45,-0.1,1.35,gauche,gauche,10,1,163,160,0,0.758,matched,1
162,5.400,1780168748,T006,1,234.86,742.03,0.48,1.44,droite,droite,1,1,163,163,0,0.761,matched,1
162,5.400,1780168748,T007,2,302.02,743.74,0.26,0.9,droite,droite,2,1,163,163,0,0.764,matched,1
162,5.400,1780168748,T008,9,233.94,837.19,0.83,0.2,droite,droite,9,1,163,141,0,0.765,matched,1
162,5.400,1780168748,T009,11,172.09,279.38,0.17,1.68,gauche,gauche,11,1,160,157,0,0.767,matched,1
162,5.400,1780168748,T010,10,356.17,782.39,-0.73,2.29,droite,droite,10,1,159,159,0,0.767,matched,1
163,5.433,1780168748,T001,1,208.25,227.47,0.06,-0.31,gauche,gauche,1,1,164,164,0,0.769,matched,1
163,5.433,1780168748,T002,2,264.61,137.61,-0.2,-0.61,gauche,gauche,2,1,164,164,0,0.768,matched,1
163,5.433,1780168748,T003,3,103.44,223.56,-0.16,0.01,gauche,gauche,3,1,164,164,0,0.77,matched,1
163,5.433,1780168748,T004,4,358.29,280.93,-0.57,-1.05,gauche,gauche,4,1,164,164,0,0.765,matched,1
163,5.433,1780168748,T005,10,462.26,186.96,-0.17,1.32,gauche,gauche,10,1,164,161,0,0.768,matched,1
163,5.433,1780168748,T006,1,235.43,743.46,0.33,1.3,droite,droite,1,1,164,164,0,0.769,matched,1
163,5.433,1780168748,T007,2,302.28,744.97,0.2,0.47,droite,droite,2,1,164,164,0,0.765,matched,1
163,5.433,1780168748,T008,9,234.91,837.39,0.74,0.16,droite,droite,9,1,164,142,0,0.77,matched,1
163,5.433,1780168748,T009,11,172.33,281.1,0.11,1.3,gauche,gauche,11,1,161,158,0,0.767,matched,1
163,5.433,1780168748,T010,10,355.36,784.65,-0.57,1.73,droite,droite,10,1,160,160,0,0.765,matched,1
164,5.467,1780168748,T001,1,208.25,227.47,0.2,-0.05,gauche,gauche,1,1,165,165,0,0.766,matched,1
164,5.467,1780168748,T002,2,264.43,136.89,-0.12,-0.4,gauche,gauche,2,1,165,165,0,0.768,matched,1
164,5.467,1780168748,T003,3,103.44,223.56,0.06,0.0,gauche,gauche,3,1,165,165,0,0.767,matched,1
164,5.467,1780168748,T004,4,357.55,279.94,-0.59,-0.46,gauche,gauche,4,1,165,165,0,0.763,matched,1
164,5.467,1780168748,T005,10,462.33,188.28,0.02,1.01,gauche,gauche,10,1,165,162,0,0.766,matched,1
164,5.467,1780168748,T006,1,236.01,745.09,0.37,1.46,droite,droite,1,1,165,165,0,0.766,matched,1
164,5.467,1780168748,T007,2,302.34,745.83,-0.04,0.2,droite,droite,2,1,165,165,0,0.765,matched,1
164,5.467,1780168748,T008,9,236.01,837.56,0.88,0.11,droite,droite,9,1,165,143,0,0.767,matched,1
164,5.467,1780168748,T009,11,172.66,282.46,0.23,0.86,gauche,gauche,11,1,162,159,0,0.765,matched,1
164,5.467,1780168748,T010,10,354.44,786.44,-0.72,1.13,droite,droite,10,1,161,161,0,0.763,matched,1
165,5.500,1780168748,T001,1,208.25,227.47,0.38,0.24,gauche,gauche,1,1,166,166,0,0.765,matched,1
165,5.500,1780168748,T002,2,264.43,136.89,-0.24,-0.22,gauche,gauche,2,1,166,166,0,0.767,matched,1
165,5.500,1780168748,T003,3,103.44,223.56,-0.04,0.0,gauche,gauche,3,1,166,166,0,0.769,matched,1
165,5.500,1780168748,T004,4,356.62,279.16,-0.8,-0.3,gauche,gauche,4,1,166,166,0,0.766,matched,1
165,5.500,1780168748,T005,10,462.45,189.6,0.08,1.0,gauche,gauche,10,1,166,163,0,0.768,matched,1
165,5.500,1780168748,T006,1,236.37,746.86,0.13,1.53,droite,droite,1,1,166,166,0,0.766,matched,1
165,5.500,1780168748,T007,2,302.34,745.83,-0.13,0.05,droite,droite,2,1,166,166,0,0.768,matched,1
165,5.500,1780168748,T008,9,237.0,837.82,0.73,0.24,droite,droite,9,1,166,144,0,0.768,matched,1
165,5.500,1780168748,T009,11,172.83,283.48,0.05,0.49,gauche,gauche,11,1,163,160,0,0.765,matched,1
165,5.500,1780168748,T010,10,353.45,787.9,-0.78,0.81,droite,droite,10,1,162,162,0,0.766,matched,1
166,5.533,1780168748,T001,1,209.03,227.04,0.53,-0.05,gauche,gauche,1,1,167,167,0,0.765,matched,1
166,5.533,1780168748,T002,2,264.43,136.89,-0.4,-0.11,gauche,gauche,2,1,167,167,0,0.767,matched,1
166,5.533,1780168748,T003,3,103.44,223.56,-0.07,-0.0,gauche,gauche,3,1,167,167,0,0.77,matched,1
166,5.533,1780168748,T004,4,355.46,278.58,-1.04,-0.17,gauche,gauche,4,1,167,167,0,0.765,matched,1
166,5.533,1780168748,T005,10,462.57,191.01,0.09,1.11,gauche,gauche,10,1,167,164,0,0.767,matched,1
166,5.533,1780168748,T006,1,236.72,748.71,0.18,1.55,droite,droite,1,1,167,167,0,0.767,matched,1
166,5.533,1780168748,T007,2,302.34,745.83,0.04,-0.02,droite,droite,2,1,167,167,0,0.768,matched,1
166,5.533,1780168748,T008,9,237.95,838.09,0.68,0.23,droite,droite,9,1,167,145,0,0.77,matched,1
166,5.533,1780168748,T009,11,172.92,284.21,-0.03,0.24,gauche,gauche,11,1,164,161,0,0.767,matched,1
166,5.533,1780168748,T010,10,352.44,789.16,-0.8,0.67,droite,droite,10,1,163,163,0,0.768,matched,1
167,5.567,1780168748,T001,1,209.61,224.69,0.3,-2.53,gauche,gauche,1,1,168,168,0,0.733,matched,1
167,5.567,1780168748,T002,2,263.85,136.4,-0.37,-0.04,gauche,gauche,2,1,168,168,0,0.769,matched,1
167,5.567,1780168748,T003,3,103.44,223.56,0.11,-0.0,gauche,gauche,3,1,168,168,0,0.768,matched,1
167,5.567,1780168748,T004,4,354.09,278.02,-1.24,-0.25,gauche,gauche,4,1,168,168,0,0.765,matched,1
167,5.567,1780168748,T005,10,462.68,192.26,0.07,0.9,gauche,gauche,10,1,168,165,0,0.769,matched,1
167,5.567,1780168748,T006,1,237.31,750.33,0.5,1.21,droite,droite,1,1,168,168,0,0.764,matched,1
167,5.567,1780168748,T007,2,302.47,746.78,0.1,0.47,droite,droite,2,1,168,168,0,0.763,matched,1
167,5.567,1780168748,T008,9,238.88,838.6,0.67,0.52,droite,droite,9,1,168,146,0,0.765,matched,1
167,5.567,1780168748,T009,11,172.92,284.21,-0.05,0.09,gauche,gauche,11,1,165,162,0,0.768,matched,1
167,5.567,1780168748,T010,10,351.56,790.16,-0.63,0.47,droite,droite,10,1,164,164,0,0.768,matched,1
168,5.600,1780168748,T001,1,210.02,221.38,0.14,-3.42,gauche,gauche,1,1,169,169,0,0.753,matched,1
168,5.600,1780168748,T002,2,263.85,136.4,-0.27,-0.0,gauche,gauche,2,1,169,169,0,0.769,matched,1
168,5.600,1780168748,T003,3,103.44,223.56,0.15,-0.0,gauche,gauche,3,1,169,169,0,0.769,matched,1
168,5.600,1780168748,T004,4,352.82,277.26,-1.03,-0.57,gauche,gauche,4,1,169,169,0,0.765,matched,1
168,5.600,1780168748,T005,10,462.91,193.42,0.22,0.78,gauche,gauche,10,1,169,166,0,0.768,matched,1
168,5.600,1780168748,T006,1,238.19,751.63,0.85,0.8,droite,droite,1,1,169,169,0,0.763,matched,1
168,5.600,1780168748,T007,2,302.59,747.85,0.1,0.72,droite,droite,2,1,169,169,0,0.766,matched,1
168,5.600,1780168748,T008,9,239.82,838.6,0.69,-0.17,droite,droite,9,1,169,147,0,0.761,matched,1
168,5.600,1780168748,T009,11,172.92,284.21,-0.05,0.01,gauche,gauche,11,1,166,163,0,0.769,matched,1
168,5.600,1780168748,T010,10,350.72,791.2,-0.59,0.62,droite,droite,10,1,165,165,0,0.767,matched,1
169,5.633,1780168748,T001,1,210.31,218.11,0.05,-2.99,gauche,gauche,1,1,170,170,0,0.768,matched,1
169,5.633,1780168748,T002,2,263.85,136.4,-0.17,0.01,gauche,gauche,2,1,170,170,0,0.769,matched,1
169,5.633,1780168748,T003,3,103.44,223.56,0.13,-0.0,gauche,gauche,3,1,170,170,0,0.77,matched,1
169,5.633,1780168748,T004,4,351.78,276.51,-0.72,-0.56,gauche,gauche,4,1,170,170,0,0.767,matched,1
169,5.633,1780168748,T005,10,463.15,194.36,0.23,0.56,gauche,gauche,10,1,170,167,0,0.768,matched,1
169,5.633,1780168748,T006,1,239.09,752.59,0.79,0.46,droite,droite,1,1,170,170,0,0.766,matched,1
169,5.633,1780168748,T007,2,302.69,748.84,0.07,0.65,droite,droite,2,1,170,170,0,0.77,matched,1
169,5.633,1780168748,T008,9,240.63,838.37,0.54,-0.4,droite,droite,9,1,170,148,0,0.766,matched,1
169,5.633,1780168748,T009,11,172.92,284.21,-0.04,-0.02,gauche,gauche,11,1,167,164,0,0.77,matched,1
169,5.633,1780168748,T010,10,350.01,792.12,-0.44,0.54,droite,droite,10,1,166,166,0,0.769,matched,1
170,5.667,1780168748,T001,1,210.5,215.08,0.0,-2.48,gauche,gauche,1,1,171,171,0,0.767,matched,1
170,5.667,1780168748,T002,2,263.85,136.4,-0.1,0.01,gauche,gauche,2,1,171,171,0,0.769,matched,1
170,5.667,1780168748,T003,3,103.44,223.56,0.1,-0.0,gauche,gauche,3,1,171,171,0,0.77,matched,1
170,5.667,1780168748,T004,4,350.85,275.86,-0.6,-0.43,gauche,gauche,4,1,171,171,0,0.769,matched,1
170,5.667,1780168748,T005,10,463.37,195.23,0.18,0.52,gauche,gauche,10,1,171,168,0,0.77,matched,1
170,5.667,1780168748,T006,1,240.0,753.29,0.76,0.23,droite,droite,1,1,171,171,0,0.767,matched,1
170,5.667,1780168748,T007,2,302.78,749.94,0.05,0.82,droite,droite,2,1,171,171,0,0.767,matched,1
170,5.667,1780168748,T008,9,240.63,838.37,0.36,-0.39,droite,droite,9,1,171,149,0,0.768,matched,1
170,5.667,1780168748,T009,11,172.92,284.21,-0.02,-0.03,gauche,gauche,11,1,168,165,0,0.77,matched,1
170,5.667,1780168748,T010,10,349.46,792.6,-0.28,0.05,droite,droite,10,1,167,167,0,0.763,matched,1
171,5.700,1780168748,T001,1,210.63,212.45,-0.02,-1.89,gauche,gauche,1,1,172,172,0,0.765,matched,1
171,5.700,1780168748,T002,2,263.85,136.4,-0.22,0.01,gauche,gauche,2,1,172,172,0,0.768,matched,1
171,5.700,1780168748,T003,3,103.44,223.56,0.06,-0.17,gauche,gauche,3,1,172,172,0,0.767,matched,1
171,5.700,1780168748,T004,4,350.09,275.08,-0.42,-0.62,gauche,gauche,4,1,172,172,0,0.766,matched,1
171,5.700,1780168748,T005,10,463.37,195.23,0.29,0.21,gauche,gauche,10,1,172,169,0,0.766,matched,1
171,5.700,1780168748,T006,1,240.92,753.77,0.74,0.08,droite,droite,1,1,172,172,0,0.768,matched,1
171,5.700,1780168748,T007,2,302.84,751.35,0.03,1.21,droite,droite,2,1,172,172,0,0.763,matched,1
171,5.700,1780168748,T008,9,241.27,838.01,0.21,-0.3,droite,droite,9,1,172,150,0,0.768,matched,1
171,5.700,1780168748,T009,11,172.92,284.21,0.16,-0.03,gauche,gauche,11,1,169,166,0,0.767,matched,1
171,5.700,1780168748,T010,10,349.05,793.36,-0.16,0.52,droite,droite,10,1,168,168,0,0.763,matched,1
172,5.733,1780168748,T001,1,210.72,210.38,-0.02,-1.24,gauche,gauche,1,1,173,173,0,0.763,matched,1
172,5.733,1780168748,T002,2,263.18,136.07,-0.21,0.01,gauche,gauche,2,1,173,173,0,0.77,matched,1
172,5.733,1780168748,T003,3,103.44,223.56,0.03,-0.2,gauche,gauche,3,1,173,173,0,0.769,matched,1
172,5.733,1780168748,T004,4,349.38,274.06,-0.43,-0.89,gauche,gauche,4,1,173,173,0,0.765,matched,1
172,5.733,1780168748,T005,10,463.89,195.74,0.44,0.05,gauche,gauche,10,1,173,170,0,0.767,matched,1
172,5.733,1780168748,T006,1,241.72,754.24,0.57,0.18,droite,droite,1,1,173,173,0,0.768,matched,1
172,5.733,1780168748,T007,2,302.89,753.26,0.01,1.76,droite,droite,2,1,173,173,0,0.76,matched,1
172,5.733,1780168748,T008,9,241.27,838.01,0.1,-0.2,droite,droite,9,1,173,151,0,0.768,matched,1
172,5.733,1780168748,T009,11,172.92,284.21,0.36,-0.02,gauche,gauche,11,1,170,167,0,0.767,matched,1
172,5.733,1780168748,T010,10,348.76,794.99,-0.07,1.61,droite,droite,10,1,169,169,0,0.753,matched,1
173,5.767,1780168748,T001,1,210.92,208.84,0.15,-0.7,gauche,gauche,1,1,174,174,0,0.763,matched,1
173,5.767,1780168748,T002,2,263.18,136.07,-0.16,0.01,gauche,gauche,2,1,174,174,0,0.77,matched,1
173,5.767,1780168748,T003,3,103.44,223.56,0.01,-0.33,gauche,gauche,3,1,174,174,0,0.768,matched,1
173,5.767,1780168748,T004,4,348.77,272.94,-0.33,-0.97,gauche,gauche,4,1,174,174,0,0.768,matched,1
173,5.767,1780168748,T005,10,463.89,195.74,0.39,0.14,gauche,gauche,10,1,174,171,0,0.769,matched,1
173,5.767,1780168748,T006,1,242.49,754.79,0.54,0.35,droite,droite,1,1,174,174,0,0.767,matched,1
173,5.767,1780168748,T007,2,302.92,755.81,0.0,2.43,droite,droite,2,1,174,174,0,0.758,matched,1
173,5.767,1780168748,T008,9,241.27,838.01,0.04,0.06,droite,droite,9,1,174,152,0,0.766,matched,1
173,5.767,1780168748,T009,11,173.67,284.64,0.7,-0.01,gauche,gauche,11,1,171,168,0,0.765,matched,1
173,5.767,1780168748,T010,10,348.41,797.47,-0.19,2.51,droite,droite,10,1,170,170,0,0.754,matched,1
174,5.800,1780168748,T001,1,211.15,207.88,0.19,-0.17,gauche,gauche,1,1,175,175,0,0.763,matched,1
174,5.800,1780168748,T002,2,263.18,136.07,-0.11,0.0,gauche,gauche,2,1,175,175,0,0.769,matched,1
174,5.800,1780168748,T003,3,103.1,222.81,0.0,-0.48,gauche,gauche,3,1,175,175,0,0.767,matched,1
174,5.800,1780168748,T004,4,348.16,271.67,-0.39,-1.11,gauche,gauche,4,1,175,175,0,0.766,matched,1
174,5.800,1780168748,T005,10,464.44,196.27,0.29,0.15,gauche,gauche,10,1,175,172,0,0.769,matched,1
174,5.800,1780168748,T006,1,243.14,755.45,0.41,0.5,droite,droite,1,1,175,175,0,0.767,matched,1
174,5.800,1780168748,T007,2,302.94,758.7,0.0,2.64,droite,droite,2,1,175,175,0,0.763,matched,1
174,5.800,1780168748,T008,9,241.27,838.01,0.17,0.14,droite,droite,9,1,175,153,0,0.768,matched,1
174,5.800,1780168748,T009,11,174.58,284.96,0.84,-0.01,gauche,gauche,11,1,172,169,0,0.767,matched,1
174,5.800,1780168748,T010,10,347.95,800.39,-0.37,2.8,droite,droite,10,1,171,171,0,0.762,matched,1
175,5.833,1780168748,T001,1,211.15,207.88,0.16,0.08,gauche,gauche,1,1,176,176,0,0.767,matched,1
175,5.833,1780168748,T002,2,263.18,136.07,-0.06,0.0,gauche,gauche,2,1,176,176,0,0.769,matched,1
175,5.833,1780168748,T003,3,102.84,222.13,-0.0,-0.43,gauche,gauche,3,1,176,176,0,0.77,matched,1
175,5.833,1780168748,T004,4,347.63,270.5,-0.32,-0.92,gauche,gauche,4,1,176,176,0,0.769,matched,1
175,5.833,1780168748,T005,10,464.44,196.27,0.18,0.12,gauche,gauche,10,1,176,173,0,0.769,matched,1
175,5.833,1780168748,T006,1,243.65,756.06,0.26,0.45,droite,droite,1,1,176,176,0,0.768,matched,1
175,5.833,1780168748,T007,2,302.96,761.32,-0.0,2.12,droite,droite,2,1,176,176,0,0.766,matched,1
175,5.833,1780168748,T008,9,241.27,838.01,0.19,0.14,droite,droite,9,1,176,154,0,0.77,matched,1
175,5.833,1780168748,T009,11,175.43,285.21,0.7,-0.0,gauche,gauche,11,1,173,170,0,0.769,matched,1
175,5.833,1780168748,T010,10,347.49,803.09,-0.35,2.27,droite,droite,10,1,172,172,0,0.766,matched,1
176,5.867,1780168748,T001,1,211.15,207.88,0.11,0.15,gauche,gauche,1,1,177,177,0,0.769,matched,1
176,5.867,1780168748,T002,2,263.18,136.07,-0.03,0.0,gauche,gauche,2,1,177,177,0,0.77,matched,1
176,5.867,1780168748,T003,3,102.5,221.03,-0.17,-0.99,gauche,gauche,3,1,177,177,0,0.761,matched,1
176,5.867,1780168748,T004,4,347.2,269.13,-0.22,-1.14,gauche,gauche,4,1,177,177,0,0.765,matched,1
176,5.867,1780168748,T005,10,464.85,197.11,0.1,0.59,gauche,gauche,10,1,177,174,0,0.763,matched,1
176,5.867,1780168748,T006,1,244.03,756.85,0.15,0.67,droite,droite,1,1,177,177,0,0.766,matched,1
176,5.867,1780168748,T007,2,302.97,763.59,-0.0,1.61,droite,droite,2,1,177,177,0,0.766,matched,1
176,5.867,1780168748,T008,9,242.21,838.15,0.49,0.28,droite,droite,9,1,177,155,0,0.765,matched,1
176,5.867,1780168748,T009,11,176.14,285.4,0.49,-0.0,gauche,gauche,11,1,174,171,0,0.768,matched,1
176,5.867,1780168748,T010,10,346.83,805.28,-0.6,1.56,droite,droite,10,1,173,173,0,0.762,matched,1
177,5.900,1780168748,T001,1,211.15,207.88,0.07,-0.02,gauche,gauche,1,1,178,178,0,0.768,matched,1
177,5.900,1780168748,T002,2,263.18,136.07,-0.01,-0.0,gauche,gauche,2,1,178,178,0,0.77,matched,1
177,5.900,1780168748,T003,3,102.17,219.88,-0.2,-0.98,gauche,gauche,3,1,178,178,0,0.769,matched,1
177,5.900,1780168748,T004,4,346.73,267.72,-0.31,-1.14,gauche,gauche,4,1,178,178,0,0.768,matched,1
177,5.900,1780168748,T005,10,465.16,198.67,0.05,1.49,gauche,gauche,10,1,178,175,0,0.756,matched,1
177,5.900,1780168748,T006,1,244.44,757.74,0.24,0.77,droite,droite,1,1,178,178,0,0.767,matched,1
177,5.900,1780168748,T007,2,302.97,765.51,-0.0,1.22,droite,droite,2,1,178,178,0,0.767,matched,1
177,5.900,1780168748,T008,9,243.23,839.03,0.67,1.12,droite,droite,9,1,178,156,0,0.757,matched,1
177,5.900,1780168748,T009,11,176.81,285.82,0.47,0.34,gauche,gauche,11,1,175,172,0,0.765,matched,1
177,5.900,1780168748,T010,10,346.16,807.08,-0.56,1.09,droite,droite,10,1,174,174,0,0.766,matched,1
178,5.933,1780168748,T001,1,211.15,207.88,0.03,-0.08,gauche,gauche,1,1,179,179,0,0.769,matched,1
178,5.933,1780168748,T002,2,263.18,136.07,-0.0,-0.0,gauche,gauche,2,1,179,179,0,0.77,matched,1
178,5.933,1780168748,T003,3,101.74,218.32,-0.33,-1.44,gauche,gauche,3,1,179,179,0,0.762,matched,1
178,5.933,1780168748,T004,4,346.31,266.5,-0.27,-0.88,gauche,gauche,4,1,179,179,0,0.768,matched,1
178,5.933,1780168748,T005,10,465.24,200.88,-0.16,2.17,gauche,gauche,10,1,179,176,0,0.757,matched,1
178,5.933,1780168748,T006,1,244.81,759.11,0.22,1.31,droite,droite,1,1,179,179,0,0.761,matched,1
178,5.933,1780168748,T007,2,302.98,767.01,-0.0,0.79,droite,droite,2,1,179,179,0,0.765,matched,1
178,5.933,1780168748,T008,9,244.14,839.84,0.58,0.85,droite,droite,9,1,179,157,0,0.768,matched,1
178,5.933,1780168748,T009,11,177.37,286.29,0.35,0.39,gauche,gauche,11,1,176,173,0,0.768,matched,1
178,5.933,1780168748,T010,10,345.45,808.45,-0.59,0.67,droite,droite,10,1,175,175,0,0.765,matched,1
179,5.967,1780168748,T001,1,211.37,206.78,0.01,-0.6,gauche,gauche,1,1,180,180,0,0.762,matched,1
179,5.967,1780168748,T002,2,263.18,136.07,0.0,-0.0,gauche,gauche,2,1,180,180,0,0.77,matched,1
179,5.967,1780168748,T003,3,101.33,216.66,-0.31,-1.45,gauche,gauche,3,1,180,180,0,0.768,matched,1
179,5.967,1780168748,T004,4,345.83,265.4,-0.36,-0.75,gauche,gauche,4,1,180,180,0,0.768,matched,1
179,5.967,1780168748,T005,10,465.21,203.35,-0.2,2.29,gauche,gauche,10,1,180,177,0,0.765,matched,1
179,5.967,1780168748,T006,1,245.25,760.91,0.33,1.73,droite,droite,1,1,180,180,0,0.762,matched,1
179,5.967,1780168748,T007,2,302.98,768.13,-0.0,0.45,droite,droite,2,1,180,180,0,0.766,matched,1
179,5.967,1780168748,T008,9,245.03,840.08,0.59,0.04,droite,droite,9,1,180,158,0,0.759,matched,1
179,5.967,1780168748,T009,11,177.96,286.85,0.4,0.5,gauche,gauche,11,1,177,174,0,0.768,matched,1
179,5.967,1780168748,T010,10,344.83,809.59,-0.47,0.52,droite,droite,10,1,176,176,0,0.768,matched,1
180,6.000,1780168749,T001,1,211.66,205.44,0.17,-1.0,gauche,gauche,1,1,181,181,0,0.763,matched,1
180,6.000,1780168749,T002,2,263.18,136.07,-0.17,-0.0,gauche,gauche,2,1,181,181,0,0.768,matched,1
180,6.000,1780168749,T003,3,100.98,215.06,-0.23,-1.3,gauche,gauche,3,1,181,181,0,0.769,matched,1
180,6.000,1780168749,T004,4,345.39,264.63,-0.32,-0.36,gauche,gauche,4,1,181,181,0,0.765,matched,1
180,6.000,1780168749,T005,10,465.16,205.71,-0.17,1.98,gauche,gauche,10,1,181,178,0,0.769,matched,1
180,6.000,1780168749,T006,1,245.67,763.19,0.3,2.18,droite,droite,1,1,181,181,0,0.761,matched,1
180,6.000,1780168749,T007,2,302.99,768.93,-0.0,0.21,droite,droite,2,1,181,181,0,0.767,matched,1
180,6.000,1780168749,T008,9,245.79,840.56,0.46,0.4,droite,droite,9,1,181,159,0,0.765,matched,1
180,6.000,1780168749,T009,11,178.47,287.38,0.33,0.42,gauche,gauche,11,1,178,175,0,0.769,matched,1
180,6.000,1780168749,T010,10,344.19,810.48,-0.48,0.35,droite,droite,10,1,177,177,0,0.768,matched,1
181,6.033,1780168749,T001,1,211.82,204.01,0.03,-1.1,gauche,gauche,1,1,182,182,0,0.767,matched,1
181,6.033,1780168749,T002,2,262.44,135.81,-0.19,-0.0,gauche,gauche,2,1,182,182,0,0.769,matched,1
181,6.033,1780168749,T003,3,100.71,213.71,-0.15,-0.95,gauche,gauche,3,1,182,182,0,0.767,matched,1
181,6.033,1780168749,T004,4,345.39,264.63,-0.23,0.04,gauche,gauche,4,1,182,182,0,0.765,matched,1
181,6.033,1780168749,T005,10,465.1,207.69,-0.12,1.41,gauche,gauche,10,1,182,179,0,0.765,matched,1
181,6.033,1780168749,T006,1,246.02,765.37,0.22,1.86,droite,droite,1,1,182,182,0,0.768,matched,1
181,6.033,1780168749,T007,2,302.99,768.93,-0.0,0.07,droite,droite,2,1,182,182,0,0.768,matched,1
181,6.033,1780168749,T008,9,245.79,840.56,0.3,0.28,droite,droite,9,1,182,160,0,0.768,matched,1
181,6.033,1780168749,T009,11,178.47,287.38,0.22,0.3,gauche,gauche,11,1,179,176,0,0.768,matched,1
181,6.033,1780168749,T010,10,343.63,811.15,-0.38,0.2,droite,droite,10,1,178,178,0,0.768,matched,1
182,6.067,1780168749,T001,1,211.9,202.75,-0.04,-0.89,gauche,gauche,1,1,183,183,0,0.768,matched,1
182,6.067,1780168749,T002,2,262.44,135.81,-0.16,-0.0,gauche,gauche,2,1,183,183,0,0.77,matched,1
182,6.067,1780168749,T003,3,100.51,212.39,-0.08,-0.93,gauche,gauche,3,1,183,183,0,0.769,matched,1
182,6.067,1780168749,T004,4,345.39,264.63,-0.14,0.02,gauche,gauche,4,1,183,183,0,0.769,matched,1
182,6.067,1780168749,T005,10,465.06,209.48,-0.07,1.21,gauche,gauche,10,1,183,180,0,0.769,matched,1
182,6.067,1780168749,T006,1,246.43,767.32,0.31,1.48,droite,droite,1,1,183,183,0,0.767,matched,1
182,6.067,1780168749,T007,2,302.99,768.93,-0.0,0.0,droite,droite,2,1,183,183,0,0.769,matched,1
182,6.067,1780168749,T008,9,246.51,840.82,0.34,-0.0,droite,droite,9,1,183,161,0,0.766,matched,1
182,6.067,1780168749,T009,11,178.47,287.38,0.13,0.18,gauche,gauche,11,1,180,177,0,0.768,matched,1
182,6.067,1780168749,T010,10,343.05,811.65,-0.42,0.1,droite,droite,10,1,179,179,0,0.768,matched,1
183,6.100,1780168749,T001,1,211.94,201.46,-0.05,-0.94,gauche,gauche,1,1,184,184,0,0.768,matched,1
183,6.100,1780168749,T002,2,262.44,135.81,-0.11,-0.0,gauche,gauche,2,1,184,184,0,0.77,matched,1
183,6.100,1780168749,T003,3,100.23,211.26,-0.21,-0.72,gauche,gauche,3,1,184,184,0,0.767,matched,1
183,6.100,1780168749,T004,4,344.75,264.25,-0.42,0.0,gauche,gauche,4,1,184,184,0,0.766,matched,1
183,6.100,1780168749,T005,10,465.03,211.08,-0.04,1.03,gauche,gauche,10,1,184,181,0,0.769,matched,1
183,6.100,1780168749,T006,1,246.95,768.88,0.44,1.0,droite,droite,1,1,184,184,0,0.765,matched,1
183,6.100,1780168749,T007,2,302.99,768.93,0.0,0.15,droite,droite,2,1,184,184,0,0.768,matched,1
183,6.100,1780168749,T008,9,247.26,841.47,0.45,0.57,droite,droite,9,1,184,162,0,0.761,matched,1
183,6.100,1780168749,T009,11,178.47,287.38,0.24,0.1,gauche,gauche,11,1,181,178,0,0.768,matched,1
183,6.100,1780168749,T010,10,343.05,811.65,-0.34,0.04,droite,droite,10,1,180,180,0,0.769,matched,1
184,6.133,1780168749,T001,1,212.09,200.05,0.12,-1.09,gauche,gauche,1,1,185,185,0,0.766,matched,1
184,6.133,1780168749,T002,2,262.44,135.81,-0.07,-0.0,gauche,gauche,2,1,185,185,0,0.77,matched,1
184,6.133,1780168749,T003,3,99.95,210.37,-0.21,-0.47,gauche,gauche,3,1,185,185,0,0.767,matched,1
184,6.133,1780168749,T004,4,343.85,263.95,-0.77,-0.0,gauche,gauche,4,1,185,185,0,0.764,matched,1
184,6.133,1780168749,T005,10,465.01,212.38,-0.02,0.73,gauche,gauche,10,1,185,182,0,0.767,matched,1
184,6.133,1780168749,T006,1,247.44,770.06,0.39,0.59,droite,droite,1,1,185,185,0,0.765,matched,1
184,6.133,1780168749,T007,2,302.99,769.92,0.0,0.51,droite,droite,2,1,185,185,0,0.764,matched,1
184,6.133,1780168749,T008,9,248.07,842.51,0.56,1.0,droite,droite,9,1,185,163,0,0.762,matched,1
184,6.133,1780168749,T009,11,179.07,287.8,0.22,0.04,gauche,gauche,11,1,182,179,0,0.769,matched,1
184,6.133,1780168749,T010,10,342.37,812.13,-0.41,0.17,droite,droite,10,1,181,181,0,0.767,matched,1
185,6.167,1780168749,T001,1,212.28,197.97,0.16,-1.92,gauche,gauche,1,1,186,186,0,0.756,matched,1
185,6.167,1780168749,T002,2,262.44,135.81,-0.03,-0.0,gauche,gauche,2,1,186,186,0,0.77,matched,1
185,6.167,1780168749,T003,3,99.84,209.57,0.01,-0.44,gauche,gauche,3,1,186,186,0,0.767,matched,1
185,6.167,1780168749,T004,4,343.22,263.59,-0.39,-0.17,gauche,gauche,4,1,186,186,0,0.765,matched,1
185,6.167,1780168749,T005,10,465.0,213.38,-0.0,0.44,gauche,gauche,10,1,186,183,0,0.767,matched,1
185,6.167,1780168749,T006,1,247.86,771.04,0.29,0.46,droite,droite,1,1,186,186,0,0.769,matched,1
185,6.167,1780168749,T007,2,302.99,770.99,0.0,0.7,droite,droite,2,1,186,186,0,0.766,matched,1
185,6.167,1780168749,T008,9,248.79,843.7,0.48,1.11,droite,droite,9,1,186,164,0,0.767,matched,1
185,6.167,1780168749,T009,11,179.07,287.8,0.17,0.01,gauche,gauche,11,1,183,180,0,0.769,matched,1
185,6.167,1780168749,T010,10,341.92,812.97,-0.17,0.7,droite,droite,10,1,182,182,0,0.762,matched,1
186,6.200,1780168749,T001,1,212.59,195.59,0.31,-2.14,gauche,gauche,1,1,187,187,0,0.763,matched,1
186,6.200,1780168749,T002,2,262.44,135.81,-0.01,0.0,gauche,gauche,2,1,187,187,0,0.77,matched,1
186,6.200,1780168749,T003,3,99.84,209.57,-0.08,-0.33,gauche,gauche,3,1,187,187,0,0.768,matched,1
186,6.200,1780168749,T004,4,342.67,263.1,-0.32,-0.37,gauche,gauche,4,1,187,187,0,0.767,matched,1
186,6.200,1780168749,T005,10,465.13,214.11,0.17,0.23,gauche,gauche,10,1,187,184,0,0.766,matched,1
186,6.200,1780168749,T006,1,248.32,771.68,0.35,0.14,droite,droite,1,1,187,187,0,0.766,matched,1
186,6.200,1780168749,T007,2,302.99,772.37,0.0,1.13,droite,droite,2,1,187,187,0,0.763,matched,1
186,6.200,1780168749,T008,9,249.38,844.79,0.33,0.9,droite,droite,9,1,187,165,0,0.768,matched,1
186,6.200,1780168749,T009,11,179.07,287.8,0.11,-0.0,gauche,gauche,11,1,184,181,0,0.769,matched,1
186,6.200,1780168749,T010,10,341.5,814.55,-0.21,1.59,droite,droite,10,1,183,183,0,0.756,matched,1
187,6.233,1780168749,T001,1,212.92,193.41,0.3,-1.74,gauche,gauche,1,1,188,188,0,0.767,matched,1
187,6.233,1780168749,T002,2,262.44,135.81,-0.0,0.0,gauche,gauche,2,1,188,188,0,0.77,matched,1
187,6.233,1780168749,T003,3,99.84,209.57,-0.1,-0.21,gauche,gauche,3,1,188,188,0,0.769,matched,1
187,6.233,1780168749,T004,4,342.67,263.1,-0.23,-0.36,gauche,gauche,4,1,188,188,0,0.769,matched,1
187,6.233,1780168749,T005,10,465.13,214.11,0.2,0.1,gauche,gauche,10,1,188,185,0,0.768,matched,1
187,6.233,1780168749,T006,1,248.32,771.68,0.29,-0.01,droite,droite,1,1,188,188,0,0.768,matched,1
187,6.233,1780168749,T007,2,303.0,773.57,0.0,0.87,droite,droite,2,1,188,188,0,0.768,matched,1
187,6.233,1780168749,T008,9,249.82,845.68,0.2,0.61,droite,droite,9,1,188,166,0,0.767,matched,1
187,6.233,1780168749,T009,11,179.07,287.8,0.06,-0.01,gauche,gauche,11,1,185,182,0,0.769,matched,1
187,6.233,1780168749,T010,10,341.13,816.26,-0.18,1.57,droite,droite,10,1,184,184,0,0.768,matched,1
188,6.267,1780168749,T001,1,213.2,191.51,0.22,-1.36,gauche,gauche,1,1,189,189,0,0.767,matched,1
188,6.267,1780168749,T002,2,262.44,135.81,0.0,0.0,gauche,gauche,2,1,189,189,0,0.77,matched,1
188,6.267,1780168749,T003,3,99.84,209.57,-0.08,-0.12,gauche,gauche,3,1,189,189,0,0.769,matched,1
188,6.267,1780168749,T004,4,342.23,262.43,-0.14,-0.45,gauche,gauche,4,1,189,189,0,0.768,matched,1
188,6.267,1780168749,T005,10,465.13,214.11,0.34,0.03,gauche,gauche,10,1,189,186,0,0.768,matched,1
188,6.267,1780168749,T006,1,248.32,771.68,0.38,-0.07,droite,droite,1,1,189,189,0,0.768,matched,1
188,6.267,1780168749,T007,2,303.0,775.21,0.0,1.42,droite,droite,2,1,189,189,0,0.761,matched,1
188,6.267,1780168749,T008,9,250.29,846.35,0.28,0.36,droite,droite,9,1,189,167,0,0.767,matched,1
188,6.267,1780168749,T009,11,179.07,287.8,0.03,0.16,gauche,gauche,11,1,186,183,0,0.767,matched,1
188,6.267,1780168749,T010,10,340.98,818.31,0.05,1.89,droite,droite,10,1,185,185,0,0.762,matched,1
189,6.300,1780168749,T001,1,213.57,189.99,0.32,-0.91,gauche,gauche,1,1,190,190,0,0.765,matched,1
189,6.300,1780168749,T002,2,262.44,135.81,0.0,-0.17,gauche,gauche,2,1,190,190,0,0.767,matched,1
189,6.300,1780168749,T003,3,99.84,209.57,-0.06,-0.05,gauche,gauche,3,1,190,190,0,0.769,matched,1
189,6.300,1780168749,T004,4,341.77,261.42,-0.24,-0.89,gauche,gauche,4,1,190,190,0,0.763,matched,1
189,6.300,1780168749,T005,10,465.13,214.11,0.31,-0.01,gauche,gauche,10,1,190,187,0,0.77,matched,1
189,6.300,1780168749,T006,1,248.97,772.01,0.32,-0.08,droite,droite,1,1,190,190,0,0.77,matched,1
189,6.300,1780168749,T007,2,303.0,777.37,0.0,1.99,droite,droite,2,1,190,190,0,0.76,matched,1
189,6.300,1780168749,T008,9,250.29,846.35,0.24,0.19,droite,droite,9,1,190,168,0,0.768,matched,1
189,6.300,1780168749,T009,11,179.68,288.44,0.18,0.36,gauche,gauche,11,1,187,184,0,0.766,matched,1
189,6.300,1780168749,T010,10,340.93,820.64,0.12,2.09,droite,droite,10,1,186,186,0,0.764,matched,1
190,6.333,1780168749,T001,1,213.91,188.86,0.28,-0.52,gauche,gauche,1,1,191,191,0,0.766,matched,1
190,6.333,1780168749,T002,2,261.99,135.13,0.17,-0.54,gauche,gauche,2,1,191,191,0,0.764,matched,1
190,6.333,1780168749,T003,3,99.84,209.57,-0.03,-0.02,gauche,gauche,3,1,191,191,0,0.769,matched,1
190,6.333,1780168749,T004,4,341.07,260.53,-0.57,-0.69,gauche,gauche,4,1,191,191,0,0.765,matched,1
190,6.333,1780168749,T005,10,465.75,214.57,0.4,-0.02,gauche,gauche,10,1,191,188,0,0.768,matched,1
190,6.333,1780168749,T006,1,249.63,772.51,0.4,0.28,droite,droite,1,1,191,191,0,0.765,matched,1
190,6.333,1780168749,T007,2,303.0,780.01,0.0,2.44,droite,droite,2,1,191,191,0,0.76,matched,1
190,6.333,1780168749,T008,9,250.86,846.8,0.34,0.07,droite,droite,9,1,191,169,0,0.768,matched,1
190,6.333,1780168749,T009,11,180.21,289.03,0.2,0.36,gauche,gauche,11,1,188,185,0,0.769,matched,1
190,6.333,1780168749,T010,10,340.94,823.17,0.12,2.2,droite,droite,10,1,187,187,0,0.765,matched,1
191,6.367,1780168749,T001,1,214.34,188.04,0.37,-0.26,gauche,gauche,1,1,192,192,0,0.766,matched,1
191,6.367,1780168749,T002,2,261.87,134.29,0.37,-0.73,gauche,gauche,2,1,192,192,0,0.765,matched,1
191,6.367,1780168749,T003,3,99.84,209.57,-0.02,0.0,gauche,gauche,3,1,192,192,0,0.77,matched,1
191,6.367,1780168749,T004,4,340.23,259.41,-0.73,-0.96,gauche,gauche,4,1,192,192,0,0.764,matched,1
191,6.367,1780168749,T005,10,466.3,215.05,0.35,0.15,gauche,gauche,10,1,192,189,0,0.768,matched,1
191,6.367,1780168749,T006,1,250.21,773.05,0.34,0.35,droite,droite,1,1,192,192,0,0.768,matched,1
191,6.367,1780168749,T007,2,303.0,782.49,0.0,2.06,droite,droite,2,1,192,192,0,0.768,matched,1
191,6.367,1780168749,T008,9,251.52,847.12,0.48,0.01,droite,droite,9,1,192,170,0,0.767,matched,1
191,6.367,1780168749,T009,11,180.65,289.67,0.16,0.44,gauche,gauche,11,1,189,186,0,0.768,matched,1
191,6.367,1780168749,T010,10,340.69,825.71,-0.24,2.09,droite,droite,10,1,188,188,0,0.765,matched,1
192,6.400,1780168749,T001,1,214.88,187.33,0.49,-0.27,gauche,gauche,1,1,193,193,0,0.768,matched,1
192,6.400,1780168749,T002,2,261.74,133.21,0.19,-0.97,gauche,gauche,2,1,193,193,0,0.765,matched,1
192,6.400,1780168749,T003,3,99.84,209.57,-0.01,0.01,gauche,gauche,3,1,193,193,0,0.77,matched,1
192,6.400,1780168749,T004,4,339.16,257.79,-0.97,-1.53,gauche,gauche,4,1,193,193,0,0.759,matched,1
192,6.400,1780168749,T005,10,466.88,215.49,0.41,0.18,gauche,gauche,10,1,193,190,0,0.768,matched,1
192,6.400,1780168749,T006,1,250.68,773.8,0.24,0.64,droite,droite,1,1,193,193,0,0.765,matched,1
192,6.400,1780168749,T007,2,303.0,784.68,-0.0,1.61,droite,droite,2,1,193,193,0,0.766,matched,1
192,6.400,1780168749,T008,9,251.52,847.12,0.42,-0.01,droite,droite,9,1,193,171,0,0.77,matched,1
192,6.400,1780168749,T009,11,181.14,290.24,0.28,0.38,gauche,gauche,11,1,190,187,0,0.768,matched,1
192,6.400,1780168749,T010,10,340.21,827.89,-0.5,1.57,droite,droite,10,1,189,189,0,0.764,matched,1
193,6.433,1780168749,T001,1,215.4,186.76,0.43,-0.21,gauche,gauche,1,1,194,194,0,0.769,matched,1
193,6.433,1780168749,T002,2,261.62,132.18,0.08,-0.85,gauche,gauche,2,1,194,194,0,0.769,matched,1
193,6.433,1780168749,T003,3,99.84,209.57,-0.0,0.01,gauche,gauche,3,1,194,194,0,0.77,matched,1
193,6.433,1780168749,T004,4,338.15,256.18,-0.84,-1.4,gauche,gauche,4,1,194,194,0,0.769,matched,1
193,6.433,1780168749,T005,10,466.88,215.49,0.35,0.15,gauche,gauche,10,1,194,191,0,0.77,matched,1
193,6.433,1780168749,T006,1,251.04,774.55,0.14,0.61,droite,droite,1,1,194,194,0,0.769,matched,1
193,6.433,1780168749,T007,2,303.0,786.42,-0.0,1.07,droite,droite,2,1,194,194,0,0.764,matched,1
193,6.433,1780168749,T008,9,251.52,847.12,0.3,-0.02,droite,droite,9,1,194,172,0,0.769,matched,1
193,6.433,1780168749,T009,11,181.14,290.24,0.26,0.26,gauche,gauche,11,1,191,188,0,0.769,matched,1
193,6.433,1780168749,T010,10,339.7,829.59,-0.49,1.01,droite,droite,10,1,190,190,0,0.764,matched,1
194,6.467,1780168749,T001,1,215.97,186.3,0.48,-0.14,gauche,gauche,1,1,195,195,0,0.768,matched,1
194,6.467,1780168749,T002,2,261.5,130.91,0.02,-1.12,gauche,gauche,2,1,195,195,0,0.765,matched,1
194,6.467,1780168749,T003,3,99.64,208.82,0.0,-0.16,gauche,gauche,3,1,195,195,0,0.767,matched,1
194,6.467,1780168749,T004,4,337.3,254.25,-0.6,-1.71,gauche,gauche,4,1,195,195,0,0.763,matched,1
194,6.467,1780168749,T005,10,467.3,216.42,0.07,0.79,gauche,gauche,10,1,195,192,0,0.76,matched,1
194,6.467,1780168749,T006,1,251.44,775.33,0.25,0.63,droite,droite,1,1,195,195,0,0.768,matched,1
194,6.467,1780168749,T007,2,303.0,787.73,-0.0,0.62,droite,droite,2,1,195,195,0,0.765,matched,1
194,6.467,1780168749,T008,9,252.3,847.33,0.36,-0.02,droite,droite,9,1,195,173,0,0.769,matched,1
194,6.467,1780168749,T009,11,181.14,290.24,0.2,0.16,gauche,gauche,11,1,192,189,0,0.769,matched,1
194,6.467,1780168749,T010,10,338.98,831.0,-0.71,0.74,droite,droite,10,1,191,191,0,0.765,matched,1
195,6.500,1780168749,T001,1,215.97,186.3,0.39,-0.08,gauche,gauche,1,1,196,196,0,0.769,matched,1
195,6.500,1780168749,T003,3,99.64,208.82,0.0,-0.19,gauche,gauche,3,1,196,196,0,0.769,matched,1
195,6.500,1780168749,T004,4,336.51,252.31,-0.54,-1.61,gauche,gauche,4,1,196,196,0,0.769,matched,1
195,6.500,1780168749,T005,10,467.54,217.98,-0.05,1.53,gauche,gauche,10,1,196,193,0,0.758,matched,1
195,6.500,1780168749,T006,1,251.81,776.01,0.23,0.49,droite,droite,1,1,196,196,0,0.769,matched,1
195,6.500,1780168749,T007,2,303.0,788.67,-0.0,0.31,droite,droite,2,1,196,196,0,0.766,matched,1
195,6.500,1780168749,T008,9,252.3,847.33,0.3,-0.01,droite,droite,9,1,196,174,0,0.77,matched,1
195,6.500,1780168749,T009,11,181.75,290.84,0.3,0.26,gauche,gauche,11,1,193,190,0,0.768,matched,1
195,6.500,1780168749,T010,10,337.99,832.08,-0.97,0.46,droite,droite,10,1,192,192,0,0.764,matched,1
195,6.500,1780168749,T011,13,116.6,148.99,-0.08,0.51,gauche,gauche,13,1,156,156,0,0.766,matched,1
196,6.533,1780168749,T001,1,215.97,186.3,0.26,-0.21,gauche,gauche,1,1,197,197,0,0.768,matched,1
196,6.533,1780168749,T003,3,99.48,208.0,0.0,-0.33,gauche,gauche,3,1,197,197,0,0.768,matched,1
196,6.533,1780168749,T004,4,335.71,250.65,-0.57,-1.21,gauche,gauche,4,1,197,197,0,0.766,matched,1
196,6.533,1780168749,T005,10,467.67,219.88,-0.09,1.81,gauche,gauche,10,1,197,194,0,0.764,matched,1
196,6.533,1780168749,T006,1,252.12,776.83,0.17,0.67,droite,droite,1,1,197,197,0,0.767,matched,1
196,6.533,1780168749,T007,2,303.0,788.67,-0.0,0.12,droite,droite,2,1,197,197,0,0.768,matched,1
196,6.533,1780168749,T008,9,252.99,847.63,0.21,0.16,droite,droite,9,1,197,175,0,0.767,matched,1
196,6.533,1780168749,T009,11,182.29,291.36,0.27,0.23,gauche,gauche,11,1,194,191,0,0.77,matched,1
196,6.533,1780168749,T010,10,336.88,833.15,-1.03,0.59,droite,droite,10,1,193,193,0,0.767,matched,1
196,6.533,1780168749,T011,13,116.06,149.83,-0.21,0.67,gauche,gauche,13,1,157,157,0,0.766,matched,1
197,6.567,1780168749,T001,1,216.64,185.77,0.33,-0.21,gauche,gauche,1,1,198,198,0,0.769,matched,1
197,6.567,1780168749,T003,3,99.23,207.01,-0.17,-0.65,gauche,gauche,3,1,198,198,0,0.764,matched,1
197,6.567,1780168749,T004,4,335.02,249.35,-0.45,-0.78,gauche,gauche,4,1,198,198,0,0.765,matched,1
197,6.567,1780168749,T005,10,467.75,221.94,-0.08,1.85,gauche,gauche,10,1,198,195,0,0.767,matched,1
197,6.567,1780168749,T006,1,252.22,778.29,-0.06,1.43,droite,droite,1,1,198,198,0,0.757,matched,1
197,6.567,1780168749,T007,2,303.0,788.67,-0.0,0.02,droite,droite,2,1,198,198,0,0.769,matched,1
197,6.567,1780168749,T008,9,252.99,847.63,0.13,0.19,droite,droite,9,1,198,176,0,0.769,matched,1
197,6.567,1780168749,T009,11,182.29,291.36,0.2,0.17,gauche,gauche,11,1,195,192,0,0.769,matched,1
197,6.567,1780168749,T010,10,335.74,834.23,-0.98,0.68,droite,droite,10,1,194,194,0,0.768,matched,1
197,6.567,1780168749,T011,13,115.58,150.6,-0.21,0.58,gauche,gauche,13,1,158,158,0,0.77,matched,1
198,6.600,1780168749,T001,1,217.22,184.78,0.28,-0.84,gauche,gauche,1,1,199,199,0,0.76,matched,1
198,6.600,1780168749,T003,3,98.96,205.93,-0.2,-0.79,gauche,gauche,3,1,199,199,0,0.767,matched,1
198,6.600,1780168749,T004,4,334.34,248.25,-0.47,-0.61,gauche,gauche,4,1,199,199,0,0.768,matched,1
198,6.600,1780168749,T005,10,467.8,223.91,-0.06,1.61,gauche,gauche,10,1,199,196,0,0.769,matched,1
198,6.600,1780168749,T006,1,252.35,780.24,0.03,1.91,droite,droite,1,1,199,199,0,0.761,matched,1
198,6.600,1780168749,T007,2,303.14,789.39,0.17,0.14,droite,droite,2,1,199,199,0,0.767,matched,1
198,6.600,1780168749,T008,9,252.99,847.63,0.07,0.16,droite,droite,9,1,199,177,0,0.769,matched,1
198,6.600,1780168749,T009,11,182.29,291.36,0.12,0.28,gauche,gauche,11,1,196,193,0,0.768,matched,1
198,6.600,1780168749,T010,10,334.76,835.3,-0.74,0.73,droite,droite,10,1,195,195,0,0.767,matched,1
198,6.600,1780168749,T011,13,115.05,151.24,-0.33,0.41,gauche,gauche,13,1,159,159,0,0.767,matched,1
199,6.633,1780168749,T001,1,217.68,183.58,0.19,-1.07,gauche,gauche,1,1,200,200,0,0.765,matched,1
199,6.633,1780168749,T003,3,98.72,204.96,-0.16,-0.67,gauche,gauche,3,1,200,200,0,0.769,matched,1
199,6.633,1780168749,T004,4,333.75,247.38,-0.37,-0.4,gauche,gauche,4,1,200,200,0,0.768,matched,1
199,6.633,1780168749,T005,10,467.84,225.55,-0.04,1.15,gauche,gauche,10,1,200,197,0,0.766,matched,1
199,6.633,1780168749,T006,1,252.49,782.14,0.06,1.66,droite,droite,1,1,200,200,0,0.769,matched,1
199,6.633,1780168749,T007,2,303.14,789.39,0.2,0.16,droite,droite,2,1,200,200,0,0.769,matched,1
199,6.633,1780168749,T008,9,252.99,847.63,0.03,0.11,droite,droite,9,1,200,178,0,0.769,matched,1
199,6.633,1780168749,T009,11,182.73,291.99,0.07,0.26,gauche,gauche,11,1,197,194,0,0.769,matched,1
199,6.633,1780168749,T010,10,333.98,836.24,-0.48,0.58,droite,droite,10,1,196,196,0,0.767,matched,1
199,6.633,1780168749,T011,13,115.05,151.24,-0.3,0.25,gauche,gauche,13,1,160,160,0,0.768,matched,1
200,6.667,1780168749,T001,1,218.03,182.04,0.12,-1.42,gauche,gauche,1,1,201,201,0,0.763,matched,1
200,6.667,1780168749,T003,3,98.39,203.9,-0.28,-0.81,gauche,gauche,3,1,201,201,0,0.766,matched,1
200,6.667,1780168749,T004,4,333.0,246.59,-0.59,-0.4,gauche,gauche,4,1,201,201,0,0.766,matched,1
200,6.667,1780168749,T005,10,467.87,226.95,-0.02,0.89,gauche,gauche,10,1,201,198,0,0.768,matched,1
200,6.667,1780168749,T006,1,252.47,784.14,-0.11,1.7,droite,droite,1,1,201,201,0,0.766,matched,1
200,6.667,1780168749,T007,2,303.14,789.39,0.16,0.13,droite,droite,2,1,201,201,0,0.77,matched,1
200,6.667,1780168749,T008,9,252.99,847.63,0.01,0.24,droite,droite,9,1,201,179,0,0.768,matched,1
200,6.667,1780168749,T009,11,182.73,291.99,0.03,0.19,gauche,gauche,11,1,198,195,0,0.769,matched,1
200,6.667,1780168749,T010,10,333.41,837.39,-0.27,0.9,droite,droite,10,1,197,197,0,0.764,matched,1
200,6.667,1780168749,T011,13,115.05,151.24,-0.22,0.13,gauche,gauche,13,1,161,161,0,0.768,matched,1
201,6.700,1780168749,T001,1,218.29,180.01,0.06,-1.91,gauche,gauche,1,1,202,202,0,0.761,matched,1
201,6.700,1780168749,T003,3,98.06,202.79,-0.26,-0.85,gauche,gauche,3,1,202,202,0,0.768,matched,1
201,6.700,1780168749,T004,4,332.29,245.94,-0.54,-0.31,gauche,gauche,4,1,202,202,0,0.769,matched,1
201,6.700,1780168749,T005,10,467.9,228.05,-0.01,0.58,gauche,gauche,10,1,202,199,0,0.767,matched,1
201,6.700,1780168749,T006,1,252.53,785.91,0.02,1.33,droite,droite,1,1,202,202,0,0.767,matched,1
201,6.700,1780168749,T007,2,303.36,790.31,0.11,0.43,droite,droite,2,1,202,202,0,0.765,matched,1
201,6.700,1780168749,T008,9,253.47,848.32,-0.0,0.4,droite,droite,9,1,202,180,0,0.767,matched,1
201,6.700,1780168749,T009,11,182.73,291.99,0.01,0.12,gauche,gauche,11,1,199,196,0,0.769,matched,1
201,6.700,1780168749,T010,10,333.0,838.9,-0.13,1.33,droite,droite,10,1,198,198,0,0.762,matched,1
201,6.700,1780168749,T011,13,114.24,151.7,-0.48,0.06,gauche,gauche,13,1,162,162,0,0.766,matched,1
202,6.733,1780168749,T001,1,218.48,177.78,0.03,-2.01,gauche,gauche,1,1,203,203,0,0.766,matched,1
202,6.733,1780168749,T003,3,97.78,201.69,-0.2,-0.84,gauche,gauche,3,1,203,203,0,0.769,matched,1
202,6.733,1780168749,T004,4,331.55,245.29,-0.57,-0.37,gauche,gauche,4,1,203,203,0,0.768,matched,1
202,6.733,1780168749,T005,10,468.06,228.87,0.17,0.33,gauche,gauche,10,1,203,200,0,0.766,matched,1
202,6.733,1780168749,T006,1,252.75,787.32,0.23,0.88,droite,droite,1,1,203,203,0,0.764,matched,1
202,6.733,1780168749,T007,2,303.4,791.43,-0.1,0.79,droite,droite,2,1,203,203,0,0.763,matched,1
202,6.733,1780168749,T008,9,253.47,848.32,-0.01,0.2,droite,droite,9,1,203,181,0,0.768,matched,1
202,6.733,1780168749,T009,11,182.73,291.99,-0.17,0.07,gauche,gauche,11,1,200,197,0,0.767,matched,1
202,6.733,1780168749,T010,10,332.72,840.51,-0.04,1.36,droite,droite,10,1,199,199,0,0.767,matched,1
202,6.733,1780168749,T011,13,113.21,151.9,-0.81,-0.15,gauche,gauche,13,1,163,163,0,0.764,matched,1
203,6.767,1780168749,T001,1,218.75,175.64,0.18,-1.76,gauche,gauche,1,1,204,204,0,0.768,matched,1
203,6.767,1780168749,T003,3,97.43,200.46,-0.3,-0.99,gauche,gauche,3,1,204,204,0,0.766,matched,1
203,6.767,1780168749,T004,4,330.9,244.59,-0.45,-0.48,gauche,gauche,4,1,204,204,0,0.768,matched,1
203,6.767,1780168749,T005,10,468.06,228.87,0.2,0.16,gauche,gauche,10,1,204,201,0,0.768,matched,1
203,6.767,1780168749,T006,1,253.15,788.38,0.43,0.51,droite,droite,1,1,204,204,0,0.765,matched,1
203,6.767,1780168749,T007,2,303.35,792.78,-0.16,1.09,droite,droite,2,1,204,204,0,0.764,matched,1
203,6.767,1780168749,T008,9,253.47,848.32,-0.01,0.25,droite,droite,9,1,204,182,0,0.769,matched,1
203,6.767,1780168749,T009,11,182.73,291.99,-0.2,0.03,gauche,gauche,11,1,201,198,0,0.769,matched,1
203,6.767,1780168749,T010,10,332.52,842.06,-0.0,1.24,droite,droite,10,1,200,200,0,0.769,matched,1
203,6.767,1780168749,T011,13,111.94,152.24,-1.1,0.14,gauche,gauche,13,1,164,164,0,0.763,matched,1
204,6.800,1780168749,T001,1,219.03,173.72,0.19,-1.43,gauche,gauche,1,1,205,205,0,0.768,matched,1
204,6.800,1780168749,T003,3,97.09,199.35,-0.27,-0.82,gauche,gauche,3,1,205,205,0,0.769,matched,1
204,6.800,1780168749,T004,4,330.24,243.82,-0.47,-0.59,gauche,gauche,4,1,205,205,0,0.768,matched,1
204,6.800,1780168749,T005,10,468.29,229.57,0.16,0.23,gauche,gauche,10,1,205,202,0,0.769,matched,1
204,6.800,1780168749,T006,1,253.58,789.27,0.41,0.42,droite,droite,1,1,205,205,0,0.769,matched,1
204,6.800,1780168749,T007,2,303.26,794.59,-0.15,1.63,droite,droite,2,1,205,205,0,0.76,matched,1
204,6.800,1780168749,T008,9,253.47,848.32,0.17,-0.3,droite,droite,9,1,205,183,0,0.762,matched,1
204,6.800,1780168749,T009,11,182.73,291.99,-0.17,0.01,gauche,gauche,11,1,202,199,0,0.77,matched,1
204,6.800,1780168749,T010,10,332.39,843.37,0.01,0.91,droite,droite,10,1,201,201,0,0.767,matched,1
204,6.800,1780168749,T011,13,110.6,152.74,-1.13,0.39,gauche,gauche,13,1,165,165,0,0.766,matched,1
205,6.833,1780168749,T001,1,219.41,172.16,0.33,-0.98,gauche,gauche,1,1,206,206,0,0.765,matched,1
205,6.833,1780168749,T003,3,96.8,198.44,-0.2,-0.57,gauche,gauche,3,1,206,206,0,0.767,matched,1
205,6.833,1780168749,T004,4,329.67,243.12,-0.37,-0.49,gauche,gauche,4,1,206,206,0,0.769,matched,1
205,6.833,1780168749,T005,10,468.29,229.57,0.11,0.2,gauche,gauche,10,1,206,203,0,0.77,matched,1
205,6.833,1780168749,T006,1,253.96,789.98,0.31,0.29,droite,droite,1,1,206,206,0,0.768,matched,1
205,6.833,1780168749,T007,2,303.19,796.37,-0.11,1.47,droite,droite,2,1,206,206,0,0.77,matched,1
205,6.833,1780168749,T008,9,253.47,848.32,0.19,-0.44,droite,droite,9,1,206,184,0,0.767,matched,1
205,6.833,1780168749,T009,11,182.73,291.99,-0.12,-0.0,gauche,gauche,11,1,203,200,0,0.769,matched,1
205,6.833,1780168749,T010,10,332.29,844.39,0.02,0.57,droite,droite,10,1,202,202,0,0.766,matched,1
205,6.833,1780168749,T011,13,109.42,153.25,-0.88,0.4,gauche,gauche,13,1,166,166,0,0.768,matched,1
206,6.867,1780168749,T001,1,219.65,170.98,0.13,-0.59,gauche,gauche,1,1,207,207,0,0.765,matched,1
206,6.867,1780168749,T003,3,96.8,198.44,0.05,-0.34,gauche,gauche,3,1,207,207,0,0.766,matched,1
206,6.867,1780168749,T004,4,329.08,242.42,-0.42,-0.51,gauche,gauche,4,1,207,207,0,0.768,matched,1
206,6.867,1780168749,T005,10,468.29,229.57,0.24,0.15,gauche,gauche,10,1,207,204,0,0.768,matched,1
206,6.867,1780168749,T006,1,253.96,789.98,0.37,0.17,droite,droite,1,1,207,207,0,0.768,matched,1
206,6.867,1780168749,T007,2,303.12,798.56,-0.07,1.93,droite,droite,2,1,207,207,0,0.761,matched,1
206,6.867,1780168749,T008,9,253.47,848.32,0.16,-0.4,droite,droite,9,1,207,185,0,0.77,matched,1
206,6.867,1780168749,T009,11,182.73,291.99,-0.07,-0.0,gauche,gauche,11,1,204,201,0,0.769,matched,1
206,6.867,1780168749,T010,10,332.22,845.14,0.02,0.31,droite,droite,10,1,203,203,0,0.767,matched,1
206,6.867,1780168749,T011,13,108.34,153.7,-0.76,0.31,gauche,gauche,13,1,167,167,0,0.769,matched,1
207,6.900,1780168749,T001,1,219.79,169.85,0.03,-0.64,gauche,gauche,1,1,208,208,0,0.768,matched,1
207,6.900,1780168749,T003,3,96.79,197.64,0.13,-0.35,gauche,gauche,3,1,208,208,0,0.769,matched,1
207,6.900,1780168749,T004,4,328.42,241.25,-0.51,-1.09,gauche,gauche,4,1,208,208,0,0.761,matched,1
207,6.900,1780168749,T005,10,468.69,230.18,0.23,0.09,gauche,gauche,10,1,208,205,0,0.769,matched,1
207,6.900,1780168749,T006,1,254.46,790.64,0.31,0.26,droite,droite,1,1,208,208,0,0.768,matched,1
207,6.900,1780168749,T007,2,303.08,801.18,-0.04,2.34,droite,droite,2,1,208,208,0,0.761,matched,1
207,6.900,1780168749,T008,9,253.96,848.89,-0.06,0.56,droite,droite,9,1,208,186,0,0.756,matched,1
207,6.900,1780168749,T009,11,182.73,291.99,-0.04,-0.0,gauche,gauche,11,1,205,202,0,0.77,matched,1
207,6.900,1780168749,T010,10,332.22,845.14,-0.16,0.14,droite,droite,10,1,204,204,0,0.767,matched,1
207,6.900,1780168749,T011,13,107.31,154.06,-0.71,0.21,gauche,gauche,13,1,168,168,0,0.769,matched,1
208,6.933,1780168749,T001,1,219.79,169.85,-0.02,-0.17,gauche,gauche,1,1,209,209,0,0.764,matched,1
208,6.933,1780168749,T003,3,96.79,197.64,0.13,-0.1,gauche,gauche,3,1,209,209,0,0.767,matched,1
208,6.933,1780168749,T004,4,327.83,239.49,-0.43,-1.74,gauche,gauche,4,1,209,209,0,0.759,matched,1
208,6.933,1780168749,T005,10,468.69,230.18,0.18,0.05,gauche,gauche,10,1,209,206,0,0.769,matched,1
208,6.933,1780168749,T006,1,254.46,790.64,0.22,0.23,droite,droite,1,1,209,209,0,0.769,matched,1
208,6.933,1780168749,T007,2,303.05,803.48,-0.02,1.8,droite,droite,2,1,209,209,0,0.765,matched,1
208,6.933,1780168749,T008,9,254.26,849.97,-0.13,1.14,droite,droite,9,1,209,187,0,0.761,matched,1
208,6.933,1780168749,T009,11,182.73,291.99,-0.02,-0.0,gauche,gauche,11,1,206,203,0,0.77,matched,1
208,6.933,1780168749,T010,10,332.22,845.14,-0.19,0.04,droite,droite,10,1,205,205,0,0.769,matched,1
208,6.933,1780168749,T011,13,106.31,154.32,-0.7,0.12,gauche,gauche,13,1,169,169,0,0.769,matched,1
209,6.967,1780168749,T001,1,219.79,169.85,0.14,0.04,gauche,gauche,1,1,210,210,0,0.766,matched,1
209,6.967,1780168749,T003,3,96.79,197.64,0.1,0.02,gauche,gauche,3,1,210,210,0,0.768,matched,1
209,6.967,1780168749,T004,4,327.33,237.58,-0.3,-1.77,gauche,gauche,4,1,210,210,0,0.767,matched,1
209,6.967,1780168749,T005,10,468.89,231.18,-0.05,0.7,gauche,gauche,10,1,210,207,0,0.76,matched,1
209,6.967,1780168749,T006,1,255.01,791.23,0.3,0.17,droite,droite,1,1,210,210,0,0.768,matched,1
209,6.967,1780168749,T007,2,303.03,805.31,-0.01,1.18,droite,droite,2,1,210,210,0,0.764,matched,1
209,6.967,1780168749,T008,9,254.26,849.97,-0.47,0.26,droite,droite,9,1,210,188,0,0.758,matched,1
209,6.967,1780168749,T009,11,182.73,291.99,-0.0,-0.0,gauche,gauche,11,1,207,204,0,0.77,matched,1
209,6.967,1780168749,T010,10,332.22,845.14,-0.16,-0.0,droite,droite,10,1,206,206,0,0.769,matched,1
209,6.967,1780168749,T011,13,105.46,154.52,-0.54,0.06,gauche,gauche,13,1,170,170,0,0.768,matched,1
210,7.000,1780168750,T001,1,219.79,169.85,-0.0,0.12,gauche,gauche,1,1,211,211,0,0.768,matched,1
210,7.000,1780168750,T003,3,96.79,197.64,0.07,-0.11,gauche,gauche,3,1,211,211,0,0.768,matched,1
210,7.000,1780168750,T004,4,326.82,235.87,-0.35,-1.38,gauche,gauche,4,1,211,211,0,0.767,matched,1
210,7.000,1780168750,T005,10,468.97,232.79,-0.13,1.47,gauche,gauche,10,1,211,208,0,0.758,matched,1
210,7.000,1780168750,T006,1,255.49,791.96,0.26,0.45,droite,droite,1,1,211,211,0,0.766,matched,1
210,7.000,1780168750,T007,2,303.02,806.67,0.0,0.68,droite,droite,2,1,211,211,0,0.764,matched,1
210,7.000,1780168750,T008,9,254.14,851.99,-0.32,2.07,droite,droite,9,1,211,189,0,0.743,matched,1
210,7.000,1780168750,T009,11,182.73,291.99,0.0,-0.0,gauche,gauche,11,1,208,205,0,0.77,matched,1
210,7.000,1780168750,T010,10,332.22,845.14,-0.11,-0.02,droite,droite,10,1,207,207,0,0.769,matched,1
210,7.000,1780168750,T011,13,105.46,154.52,-0.01,0.02,gauche,gauche,13,1,171,171,0,0.763,matched,1
211,7.033,1780168750,T001,1,219.79,169.85,-0.06,0.12,gauche,gauche,1,1,212,212,0,0.769,matched,1
211,7.033,1780168750,T003,3,96.79,197.64,0.04,0.03,gauche,gauche,3,1,212,212,0,0.768,matched,1
211,7.033,1780168750,T004,4,326.37,234.5,-0.29,-0.91,gauche,gauche,4,1,212,212,0,0.765,matched,1
211,7.033,1780168750,T005,10,468.98,234.45,-0.13,1.44,gauche,gauche,10,1,212,209,0,0.768,matched,1
211,7.033,1780168750,T006,1,255.88,792.66,0.19,0.45,droite,droite,1,1,212,212,0,0.769,matched,1
211,7.033,1780168750,T007,2,303.01,807.64,0.0,0.33,droite,droite,2,1,212,212,0,0.766,matched,1
211,7.033,1780168750,T008,9,254.05,854.23,-0.19,2.13,droite,droite,9,1,212,190,0,0.766,matched,1
211,7.033,1780168750,T009,11,182.73,291.99,0.0,-0.0,gauche,gauche,11,1,209,206,0,0.77,matched,1
211,7.033,1780168750,T010,10,332.22,845.14,-0.07,-0.02,droite,droite,10,1,208,208,0,0.77,matched,1
211,7.033,1780168750,T011,13,105.46,154.52,0.19,0.0,gauche,gauche,13,1,172,172,0,0.767,matched,1
212,7.067,1780168750,T001,1,219.79,169.85,0.11,0.09,gauche,gauche,1,1,213,213,0,0.768,matched,1
212,7.067,1780168750,T003,3,96.79,197.64,0.02,-0.09,gauche,gauche,3,1,213,213,0,0.768,matched,1
212,7.067,1780168750,T004,4,326.01,233.48,-0.2,-0.53,gauche,gauche,4,1,213,213,0,0.766,matched,1
212,7.067,1780168750,T005,10,468.84,236.31,-0.27,1.61,gauche,gauche,10,1,213,210,0,0.765,matched,1
212,7.067,1780168750,T006,1,256.18,793.39,0.12,0.52,droite,droite,1,1,213,213,0,0.768,matched,1
212,7.067,1780168750,T007,2,303.01,808.45,0.0,0.29,droite,droite,2,1,213,213,0,0.77,matched,1
212,7.067,1780168750,T008,9,253.99,856.52,-0.1,2.01,droite,droite,9,1,213,191,0,0.768,matched,1
212,7.067,1780168750,T009,11,182.73,291.99,0.0,-0.0,gauche,gauche,11,1,210,207,0,0.77,matched,1
212,7.067,1780168750,T010,10,332.22,845.14,0.14,0.15,droite,droite,10,1,209,209,0,0.766,matched,1
212,7.067,1780168750,T011,13,105.46,154.52,0.4,-0.01,gauche,gauche,13,1,173,173,0,0.767,matched,1
213,7.100,1780168750,T001,1,219.79,169.85,0.14,0.06,gauche,gauche,1,1,214,214,0,0.769,matched,1
213,7.100,1780168750,T003,3,96.85,196.89,0.01,-0.28,gauche,gauche,3,1,214,214,0,0.767,matched,1
213,7.100,1780168750,T004,4,325.73,232.76,-0.12,-0.26,gauche,gauche,4,1,214,214,0,0.767,matched,1
213,7.100,1780168750,T005,10,468.65,238.14,-0.26,1.48,gauche,gauche,10,1,214,211,0,0.769,matched,1
213,7.100,1780168750,T006,1,256.54,794.18,0.23,0.6,droite,droite,1,1,214,214,0,0.767,matched,1
213,7.100,1780168750,T007,2,303.01,808.45,0.0,0.21,droite,droite,2,1,214,214,0,0.769,matched,1
213,7.100,1780168750,T008,9,253.96,858.91,-0.04,2.01,droite,droite,9,1,214,192,0,0.767,matched,1
213,7.100,1780168750,T009,11,182.73,291.99,0.0,-0.0,gauche,gauche,11,1,211,208,0,0.77,matched,1
213,7.100,1780168750,T010,10,332.13,845.93,0.18,0.35,droite,droite,10,1,210,210,0,0.767,matched,1
213,7.100,1780168750,T011,13,105.46,154.52,0.39,-0.01,gauche,gauche,13,1,174,174,0,0.77,matched,1
214,7.133,1780168750,T001,1,220.36,169.28,0.47,-0.13,gauche,gauche,1,1,215,215,0,0.764,matched,1
214,7.133,1780168750,T003,3,96.75,195.95,-0.17,-0.64,gauche,gauche,3,1,215,215,0,0.764,matched,1
214,7.133,1780168750,T004,4,325.73,232.76,0.11,-0.1,gauche,gauche,4,1,215,215,0,0.766,matched,1
214,7.133,1780168750,T005,10,468.47,239.83,-0.2,1.26,gauche,gauche,10,1,215,212,0,0.769,matched,1
214,7.133,1780168750,T006,1,256.88,795.02,0.23,0.66,droite,droite,1,1,215,215,0,0.768,matched,1
214,7.133,1780168750,T007,2,303.01,808.45,0.0,0.13,droite,droite,2,1,215,215,0,0.769,matched,1
214,7.133,1780168750,T009,11,182.73,291.99,0.0,0.0,gauche,gauche,11,1,212,209,0,0.77,matched,1
214,7.133,1780168750,T010,10,332.24,846.79,0.33,0.52,droite,droite,10,1,211,211,0,0.766,matched,1
214,7.133,1780168750,T011,13,105.46,154.52,0.29,-0.01,gauche,gauche,13,1,175,175,0,0.769,matched,1
214,7.133,1780168750,T012,18,519.64,508.73,-0.22,0.71,gauche,gauche,18,1,185,99,0,0.769,matched,1
215,7.167,1780168750,T001,1,220.95,168.63,0.48,-0.35,gauche,gauche,1,1,216,216,0,0.767,matched,1
215,7.167,1780168750,T003,3,96.6,194.76,-0.2,-0.97,gauche,gauche,3,1,216,216,0,0.764,matched,1
215,7.167,1780168750,T004,4,325.73,232.76,0.0,-0.18,gauche,gauche,4,1,216,216,0,0.768,matched,1
215,7.167,1780168750,T005,10,468.33,241.22,-0.13,0.89,gauche,gauche,10,1,216,213,0,0.766,matched,1
215,7.167,1780168750,T006,1,257.31,796.32,0.34,1.22,droite,droite,1,1,216,216,0,0.761,matched,1
215,7.167,1780168750,T007,2,303.01,808.45,0.0,0.07,droite,droite,2,1,216,216,0,0.769,matched,1
215,7.167,1780168750,T009,11,182.73,291.99,0.0,0.0,gauche,gauche,11,1,213,210,0,0.77,matched,1
215,7.167,1780168750,T010,10,332.55,847.69,0.48,0.64,droite,droite,10,1,212,212,0,0.766,matched,1
215,7.167,1780168750,T011,13,105.46,154.52,0.19,-0.0,gauche,gauche,13,1,176,176,0,0.769,matched,1
215,7.167,1780168750,T012,18,519.22,510.07,-0.13,0.42,gauche,gauche,18,1,186,100,0,0.768,matched,1
216,7.200,1780168750,T001,1,221.61,167.89,0.55,-0.52,gauche,gauche,1,1,217,217,0,0.766,matched,1
216,7.200,1780168750,T003,3,96.45,193.48,-0.16,-1.04,gauche,gauche,3,1,217,217,0,0.767,matched,1
216,7.200,1780168750,T004,4,325.73,232.76,0.13,-0.17,gauche,gauche,4,1,217,217,0,0.768,matched,1
216,7.200,1780168750,T005,10,468.09,242.42,-0.24,0.72,gauche,gauche,10,1,217,214,0,0.768,matched,1
216,7.200,1780168750,T006,1,257.58,798.33,0.14,2.0,droite,droite,1,1,217,217,0,0.756,matched,1
216,7.200,1780168750,T007,2,303.01,809.36,0.0,0.37,droite,droite,2,1,217,217,0,0.765,matched,1
216,7.200,1780168750,T009,11,182.73,291.99,0.0,0.0,gauche,gauche,11,1,214,211,0,0.77,matched,1
216,7.200,1780168750,T010,10,333.04,848.51,0.6,0.54,droite,droite,10,1,213,213,0,0.767,matched,1
216,7.200,1780168750,T011,13,105.46,154.52,0.11,-0.0,gauche,gauche,13,1,177,177,0,0.769,matched,1
216,7.200,1780168750,T012,31,519.22,510.07,0.84,-1.82,gauche,gauche,31,1,187,101,0,0.744,matched,1
217,7.233,1780168750,T001,1,222.21,167.19,0.45,-0.47,gauche,gauche,1,1,218,218,0,0.769,matched,1
217,7.233,1780168750,T003,3,96.32,192.34,-0.11,-0.84,gauche,gauche,3,1,218,218,0,0.768,matched,1
217,7.233,1780168750,T004,4,325.73,232.76,0.15,-0.13,gauche,gauche,4,1,218,218,0,0.769,matched,1
217,7.233,1780168750,T005,10,467.83,243.37,-0.23,0.49,gauche,gauche,10,1,218,215,0,0.768,matched,1
217,7.233,1780168750,T006,1,257.74,800.38,0.03,1.85,droite,droite,1,1,218,218,0,0.768,matched,1
217,7.233,1780168750,T007,2,303.01,810.19,0.0,0.4,droite,droite,2,1,218,218,0,0.769,matched,1
217,7.233,1780168750,T009,11,182.73,291.99,0.0,0.0,gauche,gauche,11,1,215,212,0,0.77,matched,1
217,7.233,1780168750,T010,10,333.53,849.17,0.51,0.38,droite,droite,10,1,214,214,0,0.768,matched,1
217,7.233,1780168750,T011,13,105.46,154.52,0.05,-0.0,gauche,gauche,13,1,178,178,0,0.769,matched,1
217,7.233,1780168750,T012,31,519.83,509.01,0.89,-1.97,gauche,gauche,31,1,188,102,0,0.765,matched,1
218,7.267,1780168750,T001,1,222.7,166.35,0.31,-0.68,gauche,gauche,1,1,219,219,0,0.766,matched,1
218,7.267,1780168750,T003,3,96.22,191.29,-0.07,-0.74,gauche,gauche,3,1,219,219,0,0.769,matched,1
218,7.267,1780168750,T004,4,325.73,232.76,0.12,-0.08,gauche,gauche,4,1,219,219,0,0.769,matched,1
218,7.267,1780168750,T005,10,467.75,244.09,-0.01,0.29,gauche,gauche,10,1,219,216,0,0.766,matched,1
218,7.267,1780168750,T006,1,257.96,802.42,0.15,1.71,droite,droite,1,1,219,219,0,0.768,matched,1
218,7.267,1780168750,T007,2,303.01,811.16,0.0,0.66,droite,droite,2,1,219,219,0,0.766,matched,1
218,7.267,1780168750,T008,18,253.75,856.3,-0.12,-2.13,droite,droite,18,1,219,193,0,0.691,matched,1
218,7.267,1780168750,T009,11,182.73,291.99,0.0,0.0,gauche,gauche,11,1,216,213,0,0.77,matched,1
218,7.267,1780168750,T010,10,334.22,850.09,0.7,0.74,droite,droite,10,1,215,215,0,0.763,matched,1
218,7.267,1780168750,T011,13,105.46,154.52,0.02,-0.0,gauche,gauche,13,1,179,179,0,0.77,matched,1
219,7.300,1780168750,T001,1,223.07,165.4,0.19,-0.78,gauche,gauche,1,1,220,220,0,0.767,matched,1
219,7.300,1780168750,T003,3,96.15,190.42,-0.04,-0.53,gauche,gauche,3,1,220,220,0,0.768,matched,1
219,7.300,1780168750,T004,4,325.67,231.8,-0.08,-0.39,gauche,gauche,4,1,220,220,0,0.765,matched,1
219,7.300,1780168750,T005,10,467.75,244.09,-0.09,-0.02,gauche,gauche,10,1,220,217,0,0.766,matched,1
219,7.300,1780168750,T006,1,258.2,804.17,0.16,1.27,droite,droite,1,1,220,220,0,0.766,matched,1
219,7.300,1780168750,T007,2,303.0,812.07,-0.0,0.61,droite,droite,2,1,220,220,0,0.77,matched,1
219,7.300,1780168750,T008,18,253.41,853.66,-0.29,-2.09,droite,droite,18,1,220,194,0,0.767,matched,1
219,7.300,1780168750,T009,11,182.73,291.99,-0.0,0.0,gauche,gauche,11,1,217,214,0,0.77,matched,1
219,7.300,1780168750,T010,10,334.89,851.0,0.61,0.71,droite,droite,10,1,216,216,0,0.769,matched,1
219,7.300,1780168750,T011,13,105.46,154.52,0.0,-0.0,gauche,gauche,13,1,180,180,0,0.77,matched,1
220,7.333,1780168750,T001,1,223.34,163.72,0.1,-1.66,gauche,gauche,1,1,221,221,0,0.756,matched,1
220,7.333,1780168750,T003,3,96.15,190.42,-0.01,-0.33,gauche,gauche,3,1,221,221,0,0.768,matched,1
220,7.333,1780168750,T004,4,325.55,230.66,-0.15,-0.76,gauche,gauche,4,1,221,221,0,0.764,matched,1
220,7.333,1780168750,T005,10,467.75,244.09,0.07,-0.14,gauche,gauche,10,1,221,218,0,0.767,matched,1
220,7.333,1780168750,T006,1,258.26,805.53,-0.04,0.81,droite,droite,1,1,221,221,0,0.764,matched,1
220,7.333,1780168750,T007,2,303.0,813.52,-0.0,1.3,droite,droite,2,1,221,221,0,0.759,matched,1
220,7.333,1780168750,T008,18,253.08,852.31,-0.27,-0.19,droite,droite,18,1,221,195,0,0.751,matched,1
220,7.333,1780168750,T009,11,182.73,291.99,-0.0,0.0,gauche,gauche,11,1,218,215,0,0.77,matched,1
220,7.333,1780168750,T010,10,335.33,852.06,0.27,0.88,droite,droite,10,1,217,217,0,0.765,matched,1
220,7.333,1780168750,T011,13,105.46,154.52,-0.01,0.0,gauche,gauche,13,1,181,181,0,0.77,matched,1
221,7.367,1780168750,T001,1,223.52,161.67,0.04,-1.96,gauche,gauche,1,1,222,222,0,0.763,matched,1
221,7.367,1780168750,T003,3,96.15,190.42,-0.0,-0.18,gauche,gauche,3,1,222,222,0,0.768,matched,1
221,7.367,1780168750,T004,4,325.29,229.57,-0.31,-0.73,gauche,gauche,4,1,222,222,0,0.767,matched,1
221,7.367,1780168750,T005,10,467.75,244.09,0.12,0.02,gauche,gauche,10,1,222,219,0,0.768,matched,1
221,7.367,1780168750,T006,1,258.52,806.67,0.23,0.62,droite,droite,1,1,222,222,0,0.766,matched,1
221,7.367,1780168750,T007,2,303.14,815.29,0.17,1.61,droite,droite,2,1,222,222,0,0.763,matched,1
221,7.367,1780168750,T008,18,253.08,852.31,-0.4,0.89,droite,droite,18,1,222,196,0,0.757,matched,1
221,7.367,1780168750,T009,11,182.73,291.99,-0.0,0.0,gauche,gauche,11,1,219,216,0,0.77,matched,1
221,7.367,1780168750,T010,10,335.59,853.31,0.08,1.08,droite,droite,10,1,218,218,0,0.765,matched,1
221,7.367,1780168750,T011,13,105.46,154.52,-0.01,0.0,gauche,gauche,13,1,182,182,0,0.77,matched,1
222,7.400,1780168750,T001,1,223.65,159.48,0.01,-1.97,gauche,gauche,1,1,223,223,0,0.767,matched,1
222,7.400,1780168750,T003,3,96.15,190.42,0.0,-0.08,gauche,gauche,3,1,223,223,0,0.769,matched,1
222,7.400,1780168750,T004,4,324.85,228.51,-0.47,-0.72,gauche,gauche,4,1,223,223,0,0.767,matched,1
222,7.400,1780168750,T005,10,467.75,244.09,0.11,0.07,gauche,gauche,10,1,223,220,0,0.769,matched,1
222,7.400,1780168750,T006,1,258.69,807.42,0.11,0.24,droite,droite,1,1,223,223,0,0.765,matched,1
222,7.400,1780168750,T007,2,303.32,817.36,0.2,1.88,droite,droite,2,1,223,223,0,0.764,matched,1
222,7.400,1780168750,T008,18,252.57,852.95,-0.34,1.76,droite,droite,18,1,223,197,0,0.757,matched,1
222,7.400,1780168750,T009,11,182.73,291.99,-0.0,-0.0,gauche,gauche,11,1,220,217,0,0.77,matched,1
222,7.400,1780168750,T010,10,335.74,854.6,-0.01,1.09,droite,droite,10,1,219,219,0,0.768,matched,1
222,7.400,1780168750,T011,13,105.46,154.52,-0.01,0.0,gauche,gauche,13,1,183,183,0,0.77,matched,1
223,7.433,1780168750,T001,1,223.74,157.53,-0.01,-1.53,gauche,gauche,1,1,224,224,0,0.766,matched,1
223,7.433,1780168750,T003,3,96.15,190.42,0.0,-0.02,gauche,gauche,3,1,224,224,0,0.769,matched,1
223,7.433,1780168750,T004,4,324.41,227.61,-0.42,-0.55,gauche,gauche,4,1,224,224,0,0.769,matched,1
223,7.433,1780168750,T005,10,467.75,244.09,0.08,0.08,gauche,gauche,10,1,224,221,0,0.77,matched,1
223,7.433,1780168750,T006,1,258.69,807.42,0.04,0.03,droite,droite,1,1,224,224,0,0.767,matched,1
223,7.433,1780168750,T007,2,303.49,819.28,0.16,1.55,droite,droite,2,1,224,224,0,0.768,matched,1
223,7.433,1780168750,T008,18,252.15,853.89,-0.24,1.64,droite,droite,18,1,224,198,0,0.769,matched,1
223,7.433,1780168750,T009,11,182.73,291.99,-0.0,-0.0,gauche,gauche,11,1,221,218,0,0.77,matched,1
223,7.433,1780168750,T010,10,335.82,855.74,-0.05,0.84,droite,droite,10,1,220,220,0,0.768,matched,1
223,7.433,1780168750,T011,13,105.46,154.52,-0.0,0.0,gauche,gauche,13,1,184,184,0,0.77,matched,1
224,7.467,1780168750,T001,1,223.81,155.85,-0.01,-1.18,gauche,gauche,1,1,225,225,0,0.767,matched,1
224,7.467,1780168750,T003,3,96.15,190.42,0.0,0.0,gauche,gauche,3,1,225,225,0,0.77,matched,1
224,7.467,1780168750,T004,4,323.89,226.63,-0.48,-0.7,gauche,gauche,4,1,225,225,0,0.767,matched,1
224,7.467,1780168750,T005,10,467.75,244.09,0.05,0.06,gauche,gauche,10,1,225,222,0,0.77,matched,1
224,7.467,1780168750,T006,1,258.69,807.42,0.01,-0.05,droite,droite,1,1,225,225,0,0.769,matched,1
224,7.467,1780168750,T007,2,303.63,821.12,0.11,1.41,droite,droite,2,1,225,225,0,0.769,matched,1
224,7.467,1780168750,T008,18,251.56,854.93,-0.49,1.38,droite,droite,18,1,225,199,0,0.766,matched,1
224,7.467,1780168750,T009,11,182.73,291.99,-0.0,-0.0,gauche,gauche,11,1,222,219,0,0.77,matched,1
224,7.467,1780168750,T010,10,335.87,856.78,-0.05,0.73,droite,droite,10,1,221,221,0,0.77,matched,1
224,7.467,1780168750,T011,13,105.46,154.52,-0.0,0.0,gauche,gauche,13,1,185,185,0,0.77,matched,1
225,7.500,1780168750,T001,1,223.99,154.51,0.16,-0.78,gauche,gauche,1,1,226,226,0,0.765,matched,1
225,7.500,1780168750,T003,3,96.15,190.42,0.0,0.01,gauche,gauche,3,1,226,226,0,0.77,matched,1
225,7.500,1780168750,T004,4,323.28,225.19,-0.56,-1.28,gauche,gauche,4,1,226,226,0,0.76,matched,1
225,7.500,1780168750,T005,10,467.75,244.09,0.03,0.04,gauche,gauche,10,1,226,223,0,0.77,matched,1
225,7.500,1780168750,T006,1,258.69,807.42,-0.01,-0.07,droite,droite,1,1,226,226,0,0.77,matched,1
225,7.500,1780168750,T007,2,303.88,822.81,0.24,1.21,droite,droite,2,1,226,226,0,0.768,matched,1
225,7.500,1780168750,T008,18,250.96,856.11,-0.47,1.31,droite,droite,18,1,226,200,0,0.769,matched,1
225,7.500,1780168750,T009,11,182.73,291.99,-0.0,-0.0,gauche,gauche,11,1,223,220,0,0.77,matched,1
225,7.500,1780168750,T010,10,335.9,857.64,-0.04,0.52,droite,droite,10,1,222,222,0,0.768,matched,1
225,7.500,1780168750,T011,13,105.46,154.52,0.17,0.17,gauche,gauche,13,1,186,186,0,0.766,matched,1
226,7.533,1780168750,T001,1,224.34,153.38,0.36,-0.62,gauche,gauche,1,1,227,227,0,0.767,matched,1
226,7.533,1780168750,T003,3,96.15,190.42,0.0,0.01,gauche,gauche,3,1,227,227,0,0.77,matched,1
226,7.533,1780168750,T004,4,322.43,223.19,-0.81,-1.89,gauche,gauche,4,1,227,227,0,0.758,matched,1
226,7.533,1780168750,T005,10,467.75,244.09,0.01,0.03,gauche,gauche,10,1,227,224,0,0.77,matched,1
226,7.533,1780168750,T006,1,258.69,807.42,-0.01,-0.23,droite,droite,1,1,227,227,0,0.768,matched,1
226,7.533,1780168750,T007,2,304.27,824.33,0.4,1.03,droite,droite,2,1,227,227,0,0.767,matched,1
226,7.533,1780168750,T008,18,250.31,857.43,-0.53,1.33,droite,droite,18,1,227,201,0,0.767,matched,1
226,7.533,1780168750,T009,11,182.73,291.99,-0.0,-0.0,gauche,gauche,11,1,224,221,0,0.77,matched,1
226,7.533,1780168750,T010,10,335.9,857.64,-0.03,0.32,droite,droite,10,1,223,223,0,0.768,matched,1
226,7.533,1780168750,T011,13,105.46,154.52,0.2,0.54,gauche,gauche,13,1,187,187,0,0.764,matched,1
227,7.567,1780168750,T001,1,224.86,152.48,0.53,-0.41,gauche,gauche,1,1,228,228,0,0.766,matched,1
227,7.567,1780168750,T003,3,96.15,190.42,0.0,0.01,gauche,gauche,3,1,228,228,0,0.77,matched,1
227,7.567,1780168750,T004,4,321.47,220.95,-0.89,-2.04,gauche,gauche,4,1,228,228,0,0.765,matched,1
227,7.567,1780168750,T005,10,467.75,244.09,-0.17,0.18,gauche,gauche,10,1,228,225,0,0.766,matched,1
227,7.567,1780168750,T006,1,258.69,807.42,-0.01,-0.07,droite,droite,1,1,228,228,0,0.768,matched,1
227,7.567,1780168750,T007,2,304.68,825.71,0.37,0.89,droite,droite,2,1,228,228,0,0.77,matched,1
227,7.567,1780168750,T008,18,249.59,858.77,-0.6,1.2,droite,droite,18,1,228,202,0,0.768,matched,1
227,7.567,1780168750,T009,11,182.73,291.99,0.0,-0.0,gauche,gauche,11,1,225,222,0,0.77,matched,1
227,7.567,1780168750,T010,10,335.9,857.64,-0.18,-0.0,droite,droite,10,1,224,224,0,0.765,matched,1
227,7.567,1780168750,T011,13,105.84,155.44,0.16,0.73,gauche,gauche,13,1,188,188,0,0.766,matched,1
228,7.600,1780168750,T001,1,225.51,151.81,0.64,-0.24,gauche,gauche,1,1,229,229,0,0.767,matched,1
228,7.600,1780168750,T003,3,96.15,190.42,0.0,0.01,gauche,gauche,3,1,229,229,0,0.77,matched,1
228,7.600,1780168750,T004,4,320.58,218.92,-0.72,-1.63,gauche,gauche,4,1,229,229,0,0.767,matched,1
228,7.600,1780168750,T005,10,467.32,245.32,-0.54,0.88,gauche,gauche,10,1,229,226,0,0.758,matched,1
228,7.600,1780168750,T006,1,258.69,807.42,-0.01,0.18,droite,droite,1,1,229,229,0,0.766,matched,1
228,7.600,1780168750,T007,2,305.17,826.7,0.45,0.47,droite,droite,2,1,229,229,0,0.765,matched,1
228,7.600,1780168750,T008,18,248.94,860.04,-0.49,1.05,droite,droite,18,1,229,203,0,0.769,matched,1
228,7.600,1780168750,T009,11,182.73,291.99,0.0,-0.0,gauche,gauche,11,1,226,223,0,0.77,matched,1
228,7.600,1780168750,T010,10,335.9,857.64,-0.2,0.05,droite,droite,10,1,225,225,0,0.769,matched,1
228,7.600,1780168750,T012,31,521.42,505.62,-0.01,-0.22,gauche,gauche,31,1,199,113,0,0.768,matched,1
229,7.633,1780168750,T001,1,226.13,151.32,0.54,-0.12,gauche,gauche,1,1,230,230,0,0.768,matched,1
229,7.633,1780168750,T003,3,96.15,190.42,0.0,0.0,gauche,gauche,3,1,230,230,0,0.77,matched,1
229,7.633,1780168750,T004,4,319.87,217.28,-0.49,-1.1,gauche,gauche,4,1,230,230,0,0.764,matched,1
229,7.633,1780168750,T005,10,466.81,246.59,-0.56,0.95,gauche,gauche,10,1,230,227,0,0.767,matched,1
229,7.633,1780168750,T006,1,258.69,807.42,-0.01,0.23,droite,droite,1,1,230,230,0,0.769,matched,1
229,7.633,1780168750,T007,2,305.63,827.39,0.37,0.2,droite,droite,2,1,230,230,0,0.767,matched,1
229,7.633,1780168750,T008,18,248.41,861.11,-0.34,0.75,droite,droite,18,1,230,204,0,0.767,matched,1
229,7.633,1780168750,T009,11,182.73,291.99,0.0,-0.0,gauche,gauche,11,1,227,224,0,0.77,matched,1
229,7.633,1780168750,T010,10,335.9,857.64,-0.17,0.05,droite,droite,10,1,226,226,0,0.77,matched,1
229,7.633,1780168750,T012,31,521.42,505.62,-0.0,-0.22,gauche,gauche,31,1,200,114,0,0.77,matched,1
230,7.667,1780168750,T001,1,226.78,150.82,0.55,-0.22,gauche,gauche,1,1,231,231,0,0.768,matched,1
230,7.667,1780168750,T003,3,96.15,190.42,0.0,-0.17,gauche,gauche,3,1,231,231,0,0.767,matched,1
230,7.667,1780168750,T004,4,319.19,216.04,-0.46,-0.65,gauche,gauche,4,1,231,231,0,0.765,matched,1
230,7.667,1780168750,T005,10,466.34,247.7,-0.44,0.76,gauche,gauche,10,1,231,228,0,0.768,matched,1
230,7.667,1780168750,T006,1,258.69,807.42,-0.0,0.2,droite,droite,1,1,231,231,0,0.77,matched,1
230,7.667,1780168750,T007,2,305.63,827.39,0.26,0.05,droite,droite,2,1,231,231,0,0.768,matched,1
230,7.667,1780168750,T008,18,248.01,862.2,-0.2,0.81,droite,droite,18,1,231,205,0,0.768,matched,1
230,7.667,1780168750,T009,11,182.73,291.99,0.0,-0.0,gauche,gauche,11,1,228,225,0,0.77,matched,1
230,7.667,1780168750,T010,10,335.66,858.34,-0.11,0.22,droite,droite,10,1,227,227,0,0.768,matched,1
230,7.667,1780168750,T012,31,521.42,505.62,-0.0,-0.0,gauche,gauche,31,1,201,115,0,0.767,matched,1
231,7.700,1780168750,T001,1,227.49,150.39,0.6,-0.2,gauche,gauche,1,1,232,232,0,0.768,matched,1
231,7.700,1780168750,T003,3,96.12,189.63,-0.0,-0.2,gauche,gauche,3,1,232,232,0,0.769,matched,1
231,7.700,1780168750,T004,4,318.62,215.16,-0.34,-0.33,gauche,gauche,4,1,232,232,0,0.766,matched,1
231,7.700,1780168750,T005,10,465.82,248.73,-0.46,0.69,gauche,gauche,10,1,232,229,0,0.769,matched,1
231,7.700,1780168750,T006,1,258.76,808.34,-0.0,0.48,droite,droite,1,1,232,232,0,0.766,matched,1
231,7.700,1780168750,T007,2,306.14,827.95,0.33,0.15,droite,droite,2,1,232,232,0,0.768,matched,1
231,7.700,1780168750,T008,18,247.72,863.03,-0.1,0.47,droite,droite,18,1,232,206,0,0.766,matched,1
231,7.700,1780168750,T009,11,182.73,291.99,0.0,0.0,gauche,gauche,11,1,229,226,0,0.77,matched,1
231,7.700,1780168750,T010,10,335.66,858.34,-0.07,0.23,droite,droite,10,1,228,228,0,0.769,matched,1
231,7.700,1780168750,T012,31,521.42,505.62,-0.0,-0.09,gauche,gauche,31,1,202,116,0,0.769,matched,1
232,7.733,1780168750,T001,1,228.27,150.04,0.65,-0.15,gauche,gauche,1,1,233,233,0,0.768,matched,1
232,7.733,1780168750,T003,3,95.95,188.71,-0.17,-0.5,gauche,gauche,3,1,233,233,0,0.765,matched,1
232,7.733,1780168750,T004,4,318.04,214.54,-0.39,-0.13,gauche,gauche,4,1,233,233,0,0.767,matched,1
232,7.733,1780168750,T005,10,465.35,249.86,-0.37,0.84,gauche,gauche,10,1,233,230,0,0.767,matched,1
232,7.733,1780168750,T006,1,258.82,809.19,-0.0,0.48,droite,droite,1,1,233,233,0,0.769,matched,1
232,7.733,1780168750,T007,2,306.14,827.95,0.28,0.16,droite,droite,2,1,233,233,0,0.77,matched,1
232,7.733,1780168750,T008,18,247.72,863.03,-0.21,0.24,droite,droite,18,1,233,207,0,0.767,matched,1
232,7.733,1780168750,T009,11,182.73,291.99,0.0,0.0,gauche,gauche,11,1,230,227,0,0.77,matched,1
232,7.733,1780168750,T010,10,335.35,859.0,-0.2,0.18,droite,droite,10,1,229,229,0,0.768,matched,1
232,7.733,1780168750,T012,31,521.42,505.62,0.0,-0.1,gauche,gauche,31,1,203,117,0,0.77,matched,1
233,7.767,1780168750,T001,1,228.96,149.77,0.52,-0.1,gauche,gauche,1,1,234,234,0,0.769,matched,1
233,7.767,1780168750,T003,3,95.61,187.44,-0.37,-1.02,gauche,gauche,3,1,234,234,0,0.761,matched,1
233,7.767,1780168750,T004,4,317.53,213.43,-0.32,-0.87,gauche,gauche,4,1,234,234,0,0.759,matched,1
233,7.767,1780168750,T005,10,464.98,250.88,-0.25,0.71,gauche,gauche,10,1,234,231,0,0.769,matched,1
233,7.767,1780168750,T006,1,258.86,810.04,0.0,0.54,droite,droite,1,1,234,234,0,0.768,matched,1
233,7.767,1780168750,T007,2,306.14,827.95,0.2,0.12,droite,droite,2,1,234,234,0,0.769,matched,1
233,7.767,1780168750,T008,18,247.32,863.71,-0.21,0.26,droite,droite,18,1,234,208,0,0.769,matched,1
233,7.767,1780168750,T009,11,182.73,291.99,0.0,0.0,gauche,gauche,11,1,231,228,0,0.77,matched,1
233,7.767,1780168750,T010,10,335.18,859.78,-0.04,0.46,droite,droite,10,1,230,230,0,0.765,matched,1
233,7.767,1780168750,T012,31,521.42,505.62,0.0,-0.08,gauche,gauche,31,1,204,118,0,0.77,matched,1
234,7.800,1780168750,T001,1,228.96,149.77,0.35,-0.23,gauche,gauche,1,1,235,235,0,0.767,matched,1
234,7.800,1780168750,T003,3,95.11,185.9,-0.53,-1.32,gauche,gauche,3,1,235,235,0,0.763,matched,1
234,7.800,1780168750,T004,4,316.99,212.64,-0.39,-0.45,gauche,gauche,4,1,235,235,0,0.765,matched,1
234,7.800,1780168750,T005,10,464.56,251.72,-0.31,0.5,gauche,gauche,10,1,235,232,0,0.768,matched,1
234,7.800,1780168750,T006,1,258.9,811.19,0.0,0.95,droite,droite,1,1,235,235,0,0.763,matched,1
234,7.800,1780168750,T007,2,306.14,827.95,0.12,0.08,droite,droite,2,1,235,235,0,0.769,matched,1
234,7.800,1780168750,T008,18,247.32,863.71,-0.33,0.04,droite,droite,18,1,235,209,0,0.766,matched,1
234,7.800,1780168750,T009,11,182.73,291.99,0.0,0.0,gauche,gauche,11,1,232,229,0,0.77,matched,1
234,7.800,1780168750,T010,10,334.96,860.66,-0.14,0.64,droite,droite,10,1,231,231,0,0.766,matched,1
234,7.800,1780168750,T012,31,521.42,505.62,0.0,0.11,gauche,gauche,31,1,205,119,0,0.767,matched,1
235,7.833,1780168750,T001,1,228.96,149.77,0.21,-0.22,gauche,gauche,1,1,236,236,0,0.768,matched,1
235,7.833,1780168750,T003,3,94.6,184.46,-0.47,-1.14,gauche,gauche,3,1,236,236,0,0.769,matched,1
235,7.833,1780168750,T004,4,316.5,212.12,-0.33,-0.19,gauche,gauche,4,1,236,236,0,0.767,matched,1
235,7.833,1780168750,T005,10,464.18,252.35,-0.27,0.3,gauche,gauche,10,1,236,233,0,0.768,matched,1
235,7.833,1780168750,T006,1,258.92,812.32,0.0,0.89,droite,droite,1,1,236,236,0,0.769,matched,1
235,7.833,1780168750,T007,2,306.14,827.95,0.06,0.05,droite,droite,2,1,236,236,0,0.769,matched,1
235,7.833,1780168750,T008,18,247.32,863.71,-0.3,-0.05,droite,droite,18,1,236,210,0,0.769,matched,1
235,7.833,1780168750,T009,11,182.73,291.99,0.0,0.0,gauche,gauche,11,1,233,230,0,0.77,matched,1
235,7.833,1780168750,T010,10,334.74,861.47,-0.14,0.56,droite,droite,10,1,232,232,0,0.77,matched,1
235,7.833,1780168750,T012,31,521.42,505.62,0.0,0.16,gauche,gauche,31,1,206,120,0,0.769,matched,1
236,7.867,1780168750,T001,1,229.5,149.05,0.11,-0.51,gauche,gauche,1,1,237,237,0,0.765,matched,1
236,7.867,1780168750,T003,3,94.16,183.26,-0.34,-0.81,gauche,gauche,3,1,237,237,0,0.767,matched,1
236,7.867,1780168750,T004,4,316.5,212.12,-0.23,-0.21,gauche,gauche,4,1,237,237,0,0.769,matched,1
236,7.867,1780168750,T005,10,464.18,252.35,-0.19,0.16,gauche,gauche,10,1,237,234,0,0.768,matched,1
236,7.867,1780168750,T006,1,258.94,813.7,0.0,1.18,droite,droite,1,1,237,237,0,0.765,matched,1
236,7.867,1780168750,T007,2,306.14,827.95,0.03,0.02,droite,droite,2,1,237,237,0,0.769,matched,1
236,7.867,1780168750,T008,18,247.32,863.71,-0.22,-0.42,droite,droite,18,1,237,211,0,0.765,matched,1
236,7.867,1780168750,T009,11,182.73,291.99,-0.0,0.0,gauche,gauche,11,1,234,231,0,0.77,matched,1
236,7.867,1780168750,T010,10,334.55,862.41,-0.11,0.74,droite,droite,10,1,233,233,0,0.766,matched,1
236,7.867,1780168750,T012,31,521.42,505.62,0.0,0.15,gauche,gauche,31,1,207,121,0,0.77,matched,1
237,7.900,1780168750,T001,1,230.03,148.21,0.21,-0.68,gauche,gauche,1,1,238,238,0,0.766,matched,1
237,7.900,1780168750,T003,3,93.69,182.06,-0.38,-0.84,gauche,gauche,3,1,238,238,0,0.768,matched,1
237,7.900,1780168750,T004,4,315.96,211.46,-0.31,-0.34,gauche,gauche,4,1,238,238,0,0.767,matched,1
237,7.900,1780168750,T005,10,464.18,252.35,-0.12,0.07,gauche,gauche,10,1,238,235,0,0.769,matched,1
237,7.900,1780168750,T006,1,258.95,815.41,0.0,1.53,droite,droite,1,1,238,238,0,0.763,matched,1
237,7.900,1780168750,T007,2,306.73,828.45,0.18,0.01,droite,droite,2,1,238,238,0,0.768,matched,1
237,7.900,1780168750,T008,18,247.32,863.71,-0.14,-0.29,droite,droite,18,1,238,212,0,0.769,matched,1
237,7.900,1780168750,T009,11,182.73,291.99,-0.0,0.0,gauche,gauche,11,1,235,232,0,0.77,matched,1
237,7.900,1780168750,T010,10,334.4,863.15,-0.08,0.47,droite,droite,10,1,234,234,0,0.767,matched,1
237,7.900,1780168750,T012,18,521.42,505.62,0.0,0.28,gauche,gauche,18,1,208,122,0,0.768,matched,1
238,7.933,1780168750,T001,1,230.49,147.01,0.2,-1.1,gauche,gauche,1,1,239,239,0,0.763,matched,1
238,7.933,1780168750,T003,3,93.27,180.89,-0.31,-0.83,gauche,gauche,3,1,239,239,0,0.769,matched,1
238,7.933,1780168750,T004,4,315.48,210.74,-0.27,-0.49,gauche,gauche,4,1,239,239,0,0.767,matched,1
238,7.933,1780168750,T005,10,464.18,252.35,-0.06,0.02,gauche,gauche,10,1,239,236,0,0.769,matched,1
238,7.933,1780168750,T006,1,258.97,817.3,0.0,1.66,droite,droite,1,1,239,239,0,0.766,matched,1
238,7.933,1780168750,T007,2,307.26,828.96,0.19,0.17,droite,droite,2,1,239,239,0,0.768,matched,1
238,7.933,1780168750,T008,18,246.59,863.87,-0.25,-0.01,droite,droite,18,1,239,213,0,0.766,matched,1
238,7.933,1780168750,T009,11,182.73,291.99,-0.0,0.0,gauche,gauche,11,1,236,233,0,0.77,matched,1
238,7.933,1780168750,T010,10,334.4,863.15,-0.21,0.26,droite,droite,10,1,235,235,0,0.767,matched,1
238,7.933,1780168750,T012,18,521.42,505.62,0.0,0.26,gauche,gauche,18,1,209,123,0,0.77,matched,1
239,7.967,1780168750,T001,1,230.87,145.41,0.16,-1.52,gauche,gauche,1,1,240,240,0,0.762,matched,1
239,7.967,1780168750,T003,3,92.92,179.89,-0.22,-0.64,gauche,gauche,3,1,240,240,0,0.768,matched,1
239,7.967,1780168750,T004,4,315.1,209.8,-0.19,-0.77,gauche,gauche,4,1,240,240,0,0.765,matched,1
239,7.967,1780168750,T005,10,464.18,252.35,-0.03,-0.01,gauche,gauche,10,1,240,237,0,0.769,matched,1
239,7.967,1780168750,T006,1,258.97,819.0,0.0,1.33,droite,droite,1,1,240,240,0,0.768,matched,1
239,7.967,1780168750,T007,2,307.96,829.57,0.5,0.36,droite,droite,2,1,240,240,0,0.764,matched,1
239,7.967,1780168750,T008,18,246.59,863.87,-0.23,0.1,droite,droite,18,1,240,214,0,0.768,matched,1
239,7.967,1780168750,T009,11,182.73,291.99,-0.0,0.0,gauche,gauche,11,1,237,234,0,0.77,matched,1
239,7.967,1780168750,T010,10,334.08,863.8,-0.22,0.29,droite,droite,10,1,236,236,0,0.769,matched,1
239,7.967,1780168750,T012,18,521.42,505.62,-0.17,0.2,gauche,gauche,18,1,210,124,0,0.767,matched,1
240,8.000,1780168751,T001,1,231.3,143.31,0.27,-2.02,gauche,gauche,1,1,241,241,0,0.76,matched,1
240,8.000,1780168751,T003,3,92.66,179.1,-0.13,-0.42,gauche,gauche,3,1,241,241,0,0.768,matched,1
240,8.000,1780168751,T004,4,314.66,208.62,-0.29,-1.05,gauche,gauche,4,1,241,241,0,0.765,matched,1
240,8.000,1780168751,T005,10,464.18,252.35,-0.18,0.16,gauche,gauche,10,1,241,238,0,0.767,matched,1
240,8.000,1780168751,T006,1,258.98,820.38,0.0,0.9,droite,droite,1,1,241,241,0,0.766,matched,1
240,8.000,1780168751,T007,2,308.93,830.13,0.84,0.36,droite,droite,2,1,241,241,0,0.764,matched,1
240,8.000,1780168751,T008,18,245.95,864.39,-0.17,0.46,droite,droite,18,1,241,215,0,0.765,matched,1
240,8.000,1780168751,T009,11,182.73,291.99,-0.0,-0.0,gauche,gauche,11,1,238,235,0,0.77,matched,1
240,8.000,1780168751,T010,10,334.08,863.8,-0.34,0.24,droite,droite,10,1,237,237,0,0.768,matched,1
240,8.000,1780168751,T012,18,521.42,505.62,-0.03,0.13,gauche,gauche,18,1,211,125,0,0.768,matched,1
241,8.033,1780168751,T001,1,231.7,141.27,0.25,-1.75,gauche,gauche,1,1,242,242,0,0.769,matched,1
241,8.033,1780168751,T003,3,92.66,179.1,-0.07,-0.24,gauche,gauche,3,1,242,242,0,0.768,matched,1
241,8.033,1780168751,T004,4,314.27,207.5,-0.26,-0.91,gauche,gauche,4,1,242,242,0,0.77,matched,1
241,8.033,1780168751,T005,10,463.68,252.96,-0.19,0.18,gauche,gauche,10,1,242,239,0,0.769,matched,1
241,8.033,1780168751,T006,1,258.98,821.42,0.0,0.53,droite,droite,1,1,242,242,0,0.766,matched,1
241,8.033,1780168751,T007,2,309.89,830.61,0.78,0.27,droite,droite,2,1,242,242,0,0.769,matched,1
241,8.033,1780168751,T008,18,245.46,864.97,-0.11,0.5,droite,droite,18,1,242,216,0,0.769,matched,1
241,8.033,1780168751,T009,11,182.73,291.99,-0.0,-0.0,gauche,gauche,11,1,239,236,0,0.77,matched,1
241,8.033,1780168751,T010,10,333.59,864.36,-0.31,0.16,droite,droite,10,1,238,238,0,0.769,matched,1
241,8.033,1780168751,T012,18,521.42,505.62,0.03,0.07,gauche,gauche,18,1,212,126,0,0.769,matched,1
242,8.067,1780168751,T001,1,232.18,139.43,0.36,-1.42,gauche,gauche,1,1,243,243,0,0.767,matched,1
242,8.067,1780168751,T003,3,92.66,179.1,-0.03,-0.12,gauche,gauche,3,1,243,243,0,0.768,matched,1
242,8.067,1780168751,T004,4,313.8,205.87,-0.36,-1.51,gauche,gauche,4,1,243,243,0,0.76,matched,1
242,8.067,1780168751,T005,10,463.68,252.96,-0.16,0.15,gauche,gauche,10,1,243,240,0,0.77,matched,1
242,8.067,1780168751,T006,1,258.99,822.17,-0.0,0.27,droite,droite,1,1,243,243,0,0.767,matched,1
242,8.067,1780168751,T007,2,310.99,831.12,0.92,0.35,droite,droite,2,1,243,243,0,0.766,matched,1
242,8.067,1780168751,T008,18,244.95,865.49,-0.23,0.4,droite,droite,18,1,243,217,0,0.768,matched,1
242,8.067,1780168751,T009,11,182.73,291.99,-0.0,-0.0,gauche,gauche,11,1,240,237,0,0.77,matched,1
242,8.067,1780168751,T010,10,333.59,864.36,-0.4,0.1,droite,droite,10,1,239,239,0,0.768,matched,1
242,8.067,1780168751,T012,18,521.42,505.62,-0.12,0.03,gauche,gauche,18,1,213,127,0,0.768,matched,1
243,8.100,1780168751,T003,3,92.66,179.1,-0.01,-0.04,gauche,gauche,3,1,244,244,0,0.769,matched,1
243,8.100,1780168751,T004,4,313.36,204.11,-0.32,-1.56,gauche,gauche,4,1,244,244,0,0.767,matched,1
243,8.100,1780168751,T005,10,463.68,252.96,-0.11,0.11,gauche,gauche,10,1,244,241,0,0.769,matched,1
243,8.100,1780168751,T006,1,258.99,822.17,-0.0,0.11,droite,droite,1,1,244,244,0,0.768,matched,1
243,8.100,1780168751,T007,2,311.99,831.86,0.77,0.64,droite,droite,2,1,244,244,0,0.765,matched,1
243,8.100,1780168751,T008,18,244.95,865.49,-0.23,0.27,droite,droite,18,1,244,218,0,0.769,matched,1
243,8.100,1780168751,T009,11,182.73,291.99,-0.0,-0.0,gauche,gauche,11,1,241,238,0,0.77,matched,1
243,8.100,1780168751,T010,10,333.59,864.36,-0.17,0.05,droite,droite,10,1,240,240,0,0.767,matched,1
243,8.100,1780168751,T012,18,521.42,505.62,-0.15,0.01,gauche,gauche,18,1,214,128,0,0.769,matched,1
244,8.133,1780168751,T001,1,232.81,137.91,0.43,-0.72,gauche,gauche,1,1,245,244,0,0.762,matched,1
244,8.133,1780168751,T003,3,92.66,179.1,-0.17,-0.0,gauche,gauche,3,1,245,245,0,0.768,matched,1
244,8.133,1780168751,T004,4,313.0,202.53,-0.23,-1.23,gauche,gauche,4,1,245,245,0,0.767,matched,1
244,8.133,1780168751,T005,10,463.12,253.88,-0.23,0.57,gauche,gauche,10,1,245,242,0,0.763,matched,1
244,8.133,1780168751,T006,1,258.99,822.17,-0.0,0.02,droite,droite,1,1,245,245,0,0.769,matched,1
244,8.133,1780168751,T007,2,313.08,832.59,0.87,0.61,droite,droite,2,1,245,245,0,0.767,matched,1
244,8.133,1780168751,T008,18,244.32,865.9,-0.34,0.16,droite,droite,18,1,245,219,0,0.768,matched,1
244,8.133,1780168751,T009,11,182.73,291.99,0.0,-0.0,gauche,gauche,11,1,242,239,0,0.77,matched,1
244,8.133,1780168751,T010,10,333.59,864.36,-0.22,-0.15,droite,droite,10,1,241,241,0,0.767,matched,1
244,8.133,1780168751,T012,18,521.42,505.62,-0.13,0.0,gauche,gauche,18,1,215,129,0,0.77,matched,1
245,8.167,1780168751,T001,1,233.51,136.82,0.51,-0.37,gauche,gauche,1,1,246,245,0,0.766,matched,1
245,8.167,1780168751,T003,3,92.66,179.1,-0.19,0.01,gauche,gauche,3,1,246,246,0,0.769,matched,1
245,8.167,1780168751,T004,4,312.72,201.0,-0.14,-1.16,gauche,gauche,4,1,246,246,0,0.769,matched,1
245,8.167,1780168751,T005,10,462.48,255.08,-0.4,0.96,gauche,gauche,10,1,246,243,0,0.763,matched,1
245,8.167,1780168751,T006,1,258.99,822.17,-0.0,-0.02,droite,droite,1,1,246,246,0,0.769,matched,1
245,8.167,1780168751,T007,2,314.2,833.36,0.88,0.62,droite,droite,2,1,246,246,0,0.768,matched,1
245,8.167,1780168751,T008,18,244.32,865.9,-0.31,0.08,droite,droite,18,1,246,220,0,0.769,matched,1
245,8.167,1780168751,T009,11,182.73,291.99,0.0,-0.0,gauche,gauche,11,1,243,240,0,0.77,matched,1
245,8.167,1780168751,T010,10,333.59,864.36,-0.18,-0.02,droite,droite,10,1,242,242,0,0.768,matched,1
245,8.167,1780168751,T012,18,521.42,505.62,-0.09,0.17,gauche,gauche,18,1,216,130,0,0.768,matched,1
246,8.200,1780168751,T001,1,234.13,135.9,0.42,-0.33,gauche,gauche,1,1,247,246,0,0.769,matched,1
246,8.200,1780168751,T003,3,92.66,179.1,-0.16,0.02,gauche,gauche,3,1,247,247,0,0.77,matched,1
246,8.200,1780168751,T004,4,312.52,199.69,-0.08,-0.87,gauche,gauche,4,1,247,247,0,0.767,matched,1
246,8.200,1780168751,T005,10,461.76,256.52,-0.54,1.24,gauche,gauche,10,1,247,244,0,0.764,matched,1
246,8.200,1780168751,T006,1,258.99,822.17,-0.0,-0.03,droite,droite,1,1,247,247,0,0.77,matched,1
246,8.200,1780168751,T007,2,315.32,833.9,0.86,0.32,droite,droite,2,1,247,247,0,0.766,matched,1
246,8.200,1780168751,T008,18,244.32,865.9,-0.23,-0.14,droite,droite,18,1,247,221,0,0.767,matched,1
246,8.200,1780168751,T009,11,182.73,291.99,-0.17,-0.0,gauche,gauche,11,1,244,241,0,0.768,matched,1
246,8.200,1780168751,T012,18,521.42,505.62,-0.06,0.02,gauche,gauche,18,1,217,131,0,0.768,matched,1
247,8.233,1780168751,T001,1,234.63,135.17,0.29,-0.24,gauche,gauche,1,1,248,247,0,0.768,matched,1
247,8.233,1780168751,T003,3,92.66,179.1,-0.11,0.01,gauche,gauche,3,1,248,248,0,0.77,matched,1
247,8.233,1780168751,T004,4,312.37,198.67,-0.03,-0.56,gauche,gauche,4,1,248,248,0,0.767,matched,1
247,8.233,1780168751,T005,10,461.09,257.87,-0.47,1.06,gauche,gauche,10,1,248,245,0,0.769,matched,1
247,8.233,1780168751,T006,1,258.99,822.17,-0.0,-0.03,droite,droite,1,1,248,248,0,0.77,matched,1
247,8.233,1780168751,T007,2,316.27,834.4,0.65,0.3,droite,droite,2,1,248,248,0,0.768,matched,1
247,8.233,1780168751,T008,18,244.32,865.9,-0.14,-0.19,droite,droite,18,1,248,222,0,0.769,matched,1
247,8.233,1780168751,T009,11,182.73,291.99,-0.2,-0.0,gauche,gauche,11,1,245,242,0,0.769,matched,1
247,8.233,1780168751,T012,18,521.42,505.62,-0.03,-0.04,gauche,gauche,18,1,218,132,0,0.769,matched,1
248,8.267,1780168751,T001,1,235.15,134.61,0.35,-0.15,gauche,gauche,1,1,249,248,0,0.768,matched,1
248,8.267,1780168751,T003,3,92.66,179.1,-0.06,0.01,gauche,gauche,3,1,249,249,0,0.77,matched,1
248,8.267,1780168751,T004,4,312.37,198.67,-0.01,-0.14,gauche,gauche,4,1,249,249,0,0.765,matched,1
248,8.267,1780168751,T005,10,460.53,259.12,-0.34,0.92,gauche,gauche,10,1,249,246,0,0.769,matched,1
248,8.267,1780168751,T006,1,258.99,822.17,-0.0,0.15,droite,droite,1,1,249,249,0,0.767,matched,1
248,8.267,1780168751,T007,2,317.02,834.67,0.43,0.05,droite,droite,2,1,249,249,0,0.766,matched,1
248,8.267,1780168751,T008,18,244.32,865.9,-0.08,-0.17,droite,droite,18,1,249,223,0,0.769,matched,1
248,8.267,1780168751,T009,11,182.73,291.99,-0.16,0.0,gauche,gauche,11,1,246,243,0,0.77,matched,1
248,8.267,1780168751,T012,18,521.42,505.62,0.16,-0.05,gauche,gauche,18,1,219,133,0,0.767,matched,1
249,8.300,1780168751,T001,1,235.88,134.33,0.63,0.09,gauche,gauche,1,1,250,249,0,0.764,matched,1
249,8.300,1780168751,T003,3,92.66,179.1,-0.03,0.01,gauche,gauche,3,1,250,250,0,0.77,matched,1
249,8.300,1780168751,T004,4,312.37,198.67,0.0,0.05,gauche,gauche,4,1,250,250,0,0.767,matched,1
249,8.300,1780168751,T005,10,460.11,260.15,-0.21,0.66,gauche,gauche,10,1,250,247,0,0.767,matched,1
249,8.300,1780168751,T006,1,258.99,822.95,-0.0,0.35,droite,droite,1,1,250,250,0,0.767,matched,1
249,8.300,1780168751,T007,2,317.02,834.67,0.41,-0.05,droite,droite,2,1,250,250,0,0.768,matched,1
249,8.300,1780168751,T008,18,244.32,865.9,0.13,-0.29,droite,droite,18,1,250,224,0,0.766,matched,1
249,8.300,1780168751,T009,11,182.73,291.99,-0.11,0.0,gauche,gauche,11,1,247,244,0,0.77,matched,1
249,8.300,1780168751,T012,18,521.42,505.62,0.19,-0.05,gauche,gauche,18,1,220,134,0,0.769,matched,1
250,8.333,1780168751,T001,1,236.75,134.07,0.77,-0.01,gauche,gauche,1,1,251,250,0,0.767,matched,1
250,8.333,1780168751,T003,3,92.66,179.1,-0.01,0.0,gauche,gauche,3,1,251,251,0,0.77,matched,1
250,8.333,1780168751,T004,4,312.37,198.67,0.01,-0.06,gauche,gauche,4,1,251,251,0,0.769,matched,1
250,8.333,1780168751,T005,10,459.66,260.95,-0.28,0.41,gauche,gauche,10,1,251,248,0,0.767,matched,1
250,8.333,1780168751,T006,1,258.99,823.94,0.0,0.69,droite,droite,1,1,251,251,0,0.765,matched,1
250,8.333,1780168751,T007,2,317.91,834.5,0.48,-0.42,droite,droite,2,1,251,251,0,0.764,matched,1
250,8.333,1780168751,T008,18,244.32,865.9,0.19,-0.1,droite,droite,18,1,251,225,0,0.767,matched,1
250,8.333,1780168751,T009,11,182.73,291.99,-0.07,0.0,gauche,gauche,11,1,248,245,0,0.77,matched,1
250,8.333,1780168751,T012,18,521.42,505.62,0.16,-0.03,gauche,gauche,18,1,221,135,0,0.77,matched,1
251,8.367,1780168751,T001,1,237.56,133.83,0.64,-0.05,gauche,gauche,1,1,252,251,0,0.769,matched,1
251,8.367,1780168751,T003,3,92.26,178.46,-0.0,-0.17,gauche,gauche,3,1,252,252,0,0.767,matched,1
251,8.367,1780168751,T004,4,312.37,198.67,0.01,-0.09,gauche,gauche,4,1,252,252,0,0.77,matched,1
251,8.367,1780168751,T005,10,459.66,260.95,-0.25,0.22,gauche,gauche,10,1,252,249,0,0.768,matched,1
251,8.367,1780168751,T006,1,258.99,825.16,0.0,1.01,droite,droite,1,1,252,252,0,0.764,matched,1
251,8.367,1780168751,T007,2,318.67,834.19,0.4,-0.47,droite,droite,2,1,252,252,0,0.769,matched,1
251,8.367,1780168751,T008,18,244.32,865.9,0.16,-0.01,droite,droite,18,1,252,226,0,0.769,matched,1
251,8.367,1780168751,T009,11,182.73,291.99,-0.03,0.0,gauche,gauche,11,1,249,246,0,0.77,matched,1
251,8.367,1780168751,T012,18,521.42,505.62,0.11,-0.02,gauche,gauche,18,1,222,136,0,0.77,matched,1
252,8.400,1780168751,T001,1,237.56,133.83,0.45,-0.05,gauche,gauche,1,1,253,252,0,0.768,matched,1
252,8.400,1780168751,T003,3,91.95,177.62,0.0,-0.54,gauche,gauche,3,1,253,253,0,0.764,matched,1
252,8.400,1780168751,T004,4,312.37,198.67,0.0,-0.08,gauche,gauche,4,1,253,253,0,0.77,matched,1
252,8.400,1780168751,T005,10,459.66,260.95,-0.18,-0.07,gauche,gauche,10,1,253,250,0,0.766,matched,1
252,8.400,1780168751,T006,1,259.0,826.6,0.0,1.24,droite,droite,1,1,253,253,0,0.765,matched,1
252,8.400,1780168751,T007,2,318.67,834.19,0.28,-0.38,droite,droite,2,1,253,253,0,0.769,matched,1
252,8.400,1780168751,T008,18,244.32,865.9,0.29,0.03,droite,droite,18,1,253,227,0,0.768,matched,1
252,8.400,1780168751,T009,11,182.73,291.99,-0.01,0.0,gauche,gauche,11,1,250,247,0,0.77,matched,1
252,8.400,1780168751,T012,18,521.42,505.62,-0.1,-0.01,gauche,gauche,18,1,223,137,0,0.767,matched,1
253,8.433,1780168751,T001,1,237.56,133.83,0.27,-0.04,gauche,gauche,1,1,254,253,0,0.768,matched,1
253,8.433,1780168751,T003,3,91.72,176.8,0.0,-0.56,gauche,gauche,3,1,254,254,0,0.769,matched,1
253,8.433,1780168751,T004,4,312.37,198.67,0.0,-0.06,gauche,gauche,4,1,254,254,0,0.77,matched,1
253,8.433,1780168751,T005,10,459.66,260.95,-0.11,-0.17,gauche,gauche,10,1,254,251,0,0.768,matched,1
253,8.433,1780168751,T006,1,259.0,827.94,0.0,1.05,droite,droite,1,1,254,254,0,0.769,matched,1
253,8.433,1780168751,T007,2,318.67,834.19,0.17,-0.26,droite,droite,2,1,254,254,0,0.768,matched,1
253,8.433,1780168751,T008,18,244.32,865.9,0.27,0.04,droite,droite,18,1,254,228,0,0.77,matched,1
253,8.433,1780168751,T009,11,182.73,291.99,-0.0,0.0,gauche,gauche,11,1,251,248,0,0.77,matched,1
253,8.433,1780168751,T012,18,521.42,505.62,-0.16,-0.0,gauche,gauche,18,1,224,138,0,0.769,matched,1
254,8.467,1780168751,T001,1,238.35,133.63,0.31,-0.03,gauche,gauche,1,1,255,254,0,0.769,matched,1
254,8.467,1780168751,T003,3,91.55,175.95,0.0,-0.61,gauche,gauche,3,1,255,255,0,0.768,matched,1
254,8.467,1780168751,T004,4,312.28,197.75,0.0,-0.38,gauche,gauche,4,1,255,255,0,0.765,matched,1
254,8.467,1780168751,T005,10,459.66,260.95,0.11,-0.34,gauche,gauche,10,1,255,252,0,0.766,matched,1
254,8.467,1780168751,T006,1,258.86,829.59,-0.17,1.41,droite,droite,1,1,255,255,0,0.763,matched,1
254,8.467,1780168751,T007,2,319.27,833.72,0.09,-0.32,droite,droite,2,1,255,255,0,0.768,matched,1
254,8.467,1780168751,T008,18,244.32,865.9,0.2,0.03,droite,droite,18,1,255,229,0,0.769,matched,1
254,8.467,1780168751,T009,11,182.73,291.99,0.0,0.0,gauche,gauche,11,1,252,249,0,0.77,matched,1
254,8.467,1780168751,T012,18,521.42,505.62,-0.15,-0.0,gauche,gauche,18,1,225,139,0,0.77,matched,1
255,8.500,1780168751,T001,1,238.35,133.63,0.26,-0.19,gauche,gauche,1,1,256,255,0,0.768,matched,1
255,8.500,1780168751,T003,3,91.28,174.8,-0.17,-1.0,gauche,gauche,3,1,256,256,0,0.763,matched,1
255,8.500,1780168751,T004,4,312.08,196.76,-0.17,-0.58,gauche,gauche,4,1,256,256,0,0.766,matched,1
255,8.500,1780168751,T005,10,459.66,260.95,0.17,-0.5,gauche,gauche,10,1,256,253,0,0.767,matched,1
255,8.500,1780168751,T006,1,258.82,831.7,-0.03,1.92,droite,droite,1,1,256,256,0,0.76,matched,1
255,8.500,1780168751,T007,2,319.27,833.72,0.04,-0.28,droite,droite,2,1,256,256,0,0.769,matched,1
255,8.500,1780168751,T008,18,244.32,865.9,0.13,0.02,droite,droite,18,1,256,230,0,0.769,matched,1
255,8.500,1780168751,T009,11,182.73,291.99,0.0,0.0,gauche,gauche,11,1,253,250,0,0.77,matched,1
255,8.500,1780168751,T012,18,521.42,505.62,-0.11,0.0,gauche,gauche,18,1,226,140,0,0.77,matched,1
256,8.533,1780168751,T003,3,91.0,173.39,-0.2,-1.26,gauche,gauche,3,1,257,257,0,0.765,matched,1
256,8.533,1780168751,T004,4,311.85,195.58,-0.2,-0.87,gauche,gauche,4,1,257,257,0,0.765,matched,1
256,8.533,1780168751,T005,10,459.66,260.95,0.16,-0.27,gauche,gauche,10,1,257,254,0,0.767,matched,1
256,8.533,1780168751,T006,1,258.83,834.0,0.03,2.01,droite,droite,1,1,257,257,0,0.766,matched,1
256,8.533,1780168751,T007,2,319.97,833.28,0.35,-0.19,droite,droite,2,1,257,257,0,0.765,matched,1
256,8.533,1780168751,T009,11,182.73,291.99,0.0,0.0,gauche,gauche,11,1,254,251,0,0.77,matched,1
256,8.533,1780168751,T012,18,521.42,505.62,-0.07,0.0,gauche,gauche,18,1,227,141,0,0.77,matched,1
257,8.567,1780168751,T003,3,90.75,171.92,-0.16,-1.25,gauche,gauche,3,1,258,258,0,0.768,matched,1
257,8.567,1780168751,T004,4,311.5,194.21,-0.33,-1.12,gauche,gauche,4,1,258,258,0,0.765,matched,1
257,8.567,1780168751,T005,10,459.66,260.95,-0.06,0.21,gauche,gauche,10,1,258,255,0,0.763,matched,1
257,8.567,1780168751,T006,1,258.86,836.19,0.05,1.76,droite,droite,1,1,258,258,0,0.769,matched,1
257,8.567,1780168751,T007,2,320.79,832.94,0.56,-0.12,droite,droite,2,1,258,258,0,0.766,matched,1
257,8.567,1780168751,T009,11,182.73,291.99,0.0,-0.0,gauche,gauche,11,1,255,252,0,0.77,matched,1
257,8.567,1780168751,T012,18,521.42,505.62,-0.04,0.0,gauche,gauche,18,1,228,142,0,0.77,matched,1
258,8.600,1780168751,T003,3,90.41,170.23,-0.28,-1.47,gauche,gauche,3,1,259,259,0,0.765,matched,1
258,8.600,1780168751,T004,4,311.14,192.66,-0.31,-1.31,gauche,gauche,4,1,259,259,0,0.766,matched,1
258,8.600,1780168751,T005,10,459.66,260.95,-0.12,0.18,gauche,gauche,10,1,259,256,0,0.769,matched,1
258,8.600,1780168751,T006,1,258.89,838.15,0.04,1.44,droite,droite,1,1,259,259,0,0.768,matched,1
258,8.600,1780168751,T007,2,321.83,832.68,0.85,-0.06,droite,droite,2,1,259,259,0,0.765,matched,1
258,8.600,1780168751,T009,11,182.73,291.99,0.0,-0.0,gauche,gauche,11,1,256,253,0,0.77,matched,1
258,8.600,1780168751,T012,18,521.42,505.62,-0.02,0.0,gauche,gauche,18,1,229,143,0,0.77,matched,1
259,8.633,1780168751,T003,3,90.08,168.67,-0.26,-1.22,gauche,gauche,3,1,260,260,0,0.768,matched,1
259,8.633,1780168751,T004,4,310.84,191.24,-0.23,-1.08,gauche,gauche,4,1,260,260,0,0.768,matched,1
259,8.633,1780168751,T005,10,459.66,260.95,-0.12,0.13,gauche,gauche,10,1,260,257,0,0.769,matched,1
259,8.633,1780168751,T006,1,258.92,839.74,0.03,0.98,droite,droite,1,1,260,260,0,0.765,matched,1
259,8.633,1780168751,T007,2,322.83,832.5,0.77,-0.03,droite,droite,2,1,260,260,0,0.77,matched,1
259,8.633,1780168751,T009,11,182.73,291.99,0.0,-0.0,gauche,gauche,11,1,257,254,0,0.77,matched,1
259,8.633,1780168751,T012,18,521.42,505.62,-0.01,0.0,gauche,gauche,18,1,230,144,0,0.77,matched,1
260,8.667,1780168751,T003,3,89.8,167.4,-0.2,-0.85,gauche,gauche,3,1,261,261,0,0.766,matched,1
260,8.667,1780168751,T004,4,310.33,189.81,-0.49,-1.09,gauche,gauche,4,1,261,261,0,0.766,matched,1
260,8.667,1780168751,T005,10,459.66,260.95,-0.09,0.25,gauche,gauche,10,1,261,258,0,0.768,matched,1
260,8.667,1780168751,T006,1,258.81,840.95,-0.15,0.59,droite,droite,1,1,261,261,0,0.765,matched,1
260,8.667,1780168751,T007,2,323.94,832.37,0.91,-0.01,droite,droite,2,1,261,261,0,0.767,matched,1
260,8.667,1780168751,T009,11,182.73,291.99,0.0,-0.0,gauche,gauche,11,1,258,255,0,0.77,matched,1
260,8.667,1780168751,T012,18,521.42,505.62,0.0,0.0,gauche,gauche,18,1,231,145,0,0.77,matched,1
261,8.700,1780168751,T003,3,89.57,166.16,-0.13,-0.85,gauche,gauche,3,1,262,262,0,0.768,matched,1
261,8.700,1780168751,T004,4,309.65,187.89,-0.65,-1.69,gauche,gauche,4,1,262,262,0,0.759,matched,1
261,8.700,1780168751,T005,10,458.97,261.57,-0.4,0.41,gauche,gauche,10,1,262,259,0,0.765,matched,1
261,8.700,1780168751,T006,1,258.65,841.82,-0.19,0.3,droite,droite,1,1,262,262,0,0.767,matched,1
261,8.700,1780168751,T007,2,325.09,832.28,0.92,0.0,droite,droite,2,1,262,262,0,0.768,matched,1
261,8.700,1780168751,T009,11,182.73,291.99,0.0,-0.0,gauche,gauche,11,1,259,256,0,0.77,matched,1
261,8.700,1780168751,T012,18,521.42,505.62,0.17,-0.17,gauche,gauche,18,1,232,146,0,0.766,matched,1
262,8.733,1780168751,T002,32,522.78,502.62,3.4,4.86,gauche,gauche,32,1,279,196,0,0.57,reattached,1
262,8.733,1780168751,T003,3,89.41,165.09,-0.07,-0.66,gauche,gauche,3,1,263,263,0,0.768,matched,1
262,8.733,1780168751,T004,4,309.0,186.01,-0.56,-1.54,gauche,gauche,4,1,263,263,0,0.77,matched,1
262,8.733,1780168751,T005,10,458.3,262.15,-0.43,0.38,gauche,gauche,10,1,263,260,0,0.769,matched,1
262,8.733,1780168751,T006,1,258.65,841.82,0.01,-0.05,droite,droite,1,1,263,263,0,0.765,matched,1
262,8.733,1780168751,T007,2,326.1,832.21,0.72,0.01,droite,droite,2,1,263,263,0,0.768,matched,1
262,8.733,1780168751,T009,11,182.73,291.99,0.0,-0.0,gauche,gauche,11,1,260,257,0,0.77,matched,1
263,8.767,1780168751,T002,32,522.78,502.62,0.98,1.45,gauche,gauche,32,1,280,197,0,0.756,matched,1
263,8.767,1780168751,T003,3,89.29,164.26,-0.03,-0.44,gauche,gauche,3,1,264,264,0,0.768,matched,1
263,8.767,1780168751,T004,4,308.32,184.41,-0.57,-1.13,gauche,gauche,4,1,264,264,0,0.766,matched,1
263,8.767,1780168751,T005,10,457.72,262.63,-0.34,0.28,gauche,gauche,10,1,264,261,0,0.769,matched,1
263,8.767,1780168751,T006,1,258.65,841.82,0.09,-0.34,droite,droite,1,1,264,264,0,0.765,matched,1
263,8.767,1780168751,T007,2,327.17,832.16,0.82,0.01,droite,droite,2,1,264,264,0,0.767,matched,1
263,8.767,1780168751,T009,11,182.73,291.99,-0.0,-0.0,gauche,gauche,11,1,261,258,0,0.77,matched,1
264,8.800,1780168751,T002,32,522.78,502.62,-0.11,0.46,gauche,gauche,32,1,281,198,0,0.762,matched,1
264,8.800,1780168751,T003,3,89.29,164.26,-0.01,-0.25,gauche,gauche,3,1,265,265,0,0.768,matched,1
264,8.800,1780168751,T004,4,307.59,182.9,-0.61,-1.06,gauche,gauche,4,1,265,265,0,0.768,matched,1
264,8.800,1780168751,T005,10,457.72,262.63,-0.23,0.18,gauche,gauche,10,1,265,262,0,0.768,matched,1
264,8.800,1780168751,T006,1,258.65,841.82,0.09,-0.38,droite,droite,1,1,265,265,0,0.769,matched,1
264,8.800,1780168751,T007,2,328.27,831.98,0.84,-0.17,droite,droite,2,1,265,265,0,0.767,matched,1
264,8.800,1780168751,T009,11,182.73,291.99,-0.0,-0.0,gauche,gauche,11,1,262,259,0,0.77,matched,1
265,8.833,1780168751,T002,32,522.78,502.62,-0.2,0.17,gauche,gauche,32,1,282,199,0,0.768,matched,1
265,8.833,1780168751,T003,3,89.29,164.26,-0.0,-0.12,gauche,gauche,3,1,266,266,0,0.768,matched,1
265,8.833,1780168751,T004,4,306.93,181.62,-0.49,-0.79,gauche,gauche,4,1,266,266,0,0.767,matched,1
265,8.833,1780168751,T005,10,457.72,262.63,-0.14,0.1,gauche,gauche,10,1,266,263,0,0.769,matched,1
265,8.833,1780168751,T006,1,258.65,841.82,0.08,-0.31,droite,droite,1,1,266,266,0,0.769,matched,1
265,8.833,1780168751,T007,2,329.22,831.91,0.66,-0.02,droite,droite,2,1,266,266,0,0.768,matched,1
265,8.833,1780168751,T009,11,182.73,291.99,-0.0,-0.0,gauche,gauche,11,1,263,260,0,0.77,matched,1
266,8.867,1780168751,T002,32,522.78,502.62,-0.16,0.07,gauche,gauche,32,1,283,200,0,0.769,matched,1
266,8.867,1780168751,T003,3,89.29,164.26,0.0,-0.04,gauche,gauche,3,1,267,267,0,0.769,matched,1
266,8.867,1780168751,T004,4,306.4,180.63,-0.33,-0.51,gauche,gauche,4,1,267,267,0,0.767,matched,1
266,8.867,1780168751,T005,10,457.72,262.63,-0.24,0.05,gauche,gauche,10,1,267,264,0,0.768,matched,1
266,8.867,1780168751,T006,1,258.65,841.82,0.05,-0.04,droite,droite,1,1,267,267,0,0.767,matched,1
266,8.867,1780168751,T007,2,330.26,831.76,0.78,-0.13,droite,droite,2,1,267,267,0,0.767,matched,1
266,8.867,1780168751,T009,11,182.73,291.99,-0.0,-0.0,gauche,gauche,11,1,264,261,0,0.77,matched,1
267,8.900,1780168751,T002,32,522.78,502.62,-0.11,0.02,gauche,gauche,32,1,284,201,0,0.769,matched,1
267,8.900,1780168751,T003,3,89.29,164.26,0.17,-0.0,gauche,gauche,3,1,268,268,0,0.767,matched,1
267,8.900,1780168751,T004,4,305.86,179.89,-0.37,-0.28,gauche,gauche,4,1,268,268,0,0.767,matched,1
267,8.900,1780168751,T005,10,456.94,263.11,-0.39,0.18,gauche,gauche,10,1,268,265,0,0.767,matched,1
267,8.900,1780168751,T006,1,258.65,841.82,0.03,0.24,droite,droite,1,1,268,268,0,0.766,matched,1
267,8.900,1780168751,T007,2,331.32,831.46,0.82,-0.32,droite,droite,2,1,268,268,0,0.767,matched,1
267,8.900,1780168751,T009,11,182.73,291.99,-0.0,-0.0,gauche,gauche,11,1,265,262,0,0.77,matched,1
268,8.933,1780168751,T002,32,522.78,502.62,-0.06,0.17,gauche,gauche,32,1,285,202,0,0.768,matched,1
268,8.933,1780168751,T003,3,89.29,164.26,0.2,0.01,gauche,gauche,3,1,269,269,0,0.769,matched,1
268,8.933,1780168751,T004,4,305.86,179.89,-0.47,0.21,gauche,gauche,4,1,269,269,0,0.763,matched,1
268,8.933,1780168751,T005,10,456.1,263.55,-0.53,0.2,gauche,gauche,10,1,269,266,0,0.767,matched,1
268,8.933,1780168751,T006,1,258.65,841.82,0.02,0.47,droite,droite,1,1,269,269,0,0.766,matched,1
268,8.933,1780168751,T007,2,332.4,830.99,0.82,-0.48,droite,droite,2,1,269,269,0,0.767,matched,1
268,8.933,1780168751,T009,11,182.73,291.99,-0.0,-0.0,gauche,gauche,11,1,266,263,0,0.77,matched,1
269,8.967,1780168751,T002,32,522.78,502.62,-0.03,0.19,gauche,gauche,32,1,286,203,0,0.769,matched,1
269,8.967,1780168751,T003,3,89.29,164.26,-0.0,0.02,gauche,gauche,3,1,270,270,0,0.767,matched,1
269,8.967,1780168751,T004,4,305.16,179.55,-0.4,0.01,gauche,gauche,4,1,270,270,0,0.767,matched,1
269,8.967,1780168751,T005,10,455.21,264.18,-0.64,0.5,gauche,gauche,10,1,270,267,0,0.765,matched,1
269,8.967,1780168751,T006,1,258.74,842.7,0.01,0.62,droite,droite,1,1,270,270,0,0.767,matched,1
269,8.967,1780168751,T007,2,333.46,830.38,0.8,-0.61,droite,droite,2,1,270,270,0,0.767,matched,1
269,8.967,1780168751,T009,11,182.73,291.99,-0.0,-0.0,gauche,gauche,11,1,267,264,0,0.77,matched,1
270,9.000,1780168752,T002,29,522.78,502.62,0.16,-0.02,gauche,gauche,29,1,287,204,0,0.766,matched,1
270,9.000,1780168752,T003,3,89.29,164.26,-0.08,0.01,gauche,gauche,3,1,271,271,0,0.769,matched,1
270,9.000,1780168752,T004,4,304.6,179.09,-0.28,-0.24,gauche,gauche,4,1,271,271,0,0.766,matched,1
270,9.000,1780168752,T005,10,454.28,264.96,-0.7,0.67,gauche,gauche,10,1,271,268,0,0.766,matched,1
270,9.000,1780168752,T006,1,258.8,843.78,0.0,0.87,droite,droite,1,1,271,271,0,0.765,matched,1
270,9.000,1780168752,T007,2,334.51,829.79,0.78,-0.52,droite,droite,2,1,271,271,0,0.769,matched,1
270,9.000,1780168752,T009,11,182.73,291.99,0.17,-0.0,gauche,gauche,11,1,268,265,0,0.767,matched,1
271,9.033,1780168752,T002,29,522.78,502.62,0.19,-0.09,gauche,gauche,29,1,288,205,0,0.769,matched,1
271,9.033,1780168752,T003,3,89.29,164.26,-0.09,0.01,gauche,gauche,3,1,272,272,0,0.77,matched,1
271,9.033,1780168752,T004,4,304.6,179.09,-0.17,-0.28,gauche,gauche,4,1,272,272,0,0.768,matched,1
271,9.033,1780168752,T005,10,453.45,265.7,-0.57,0.58,gauche,gauche,10,1,272,269,0,0.769,matched,1
271,9.033,1780168752,T006,1,258.85,844.66,-0.0,0.61,droite,droite,1,1,272,272,0,0.767,matched,1
271,9.033,1780168752,T007,2,335.41,829.3,0.6,-0.37,droite,droite,2,1,272,272,0,0.768,matched,1
271,9.033,1780168752,T009,11,182.73,291.99,0.2,-0.0,gauche,gauche,11,1,269,266,0,0.769,matched,1
272,9.067,1780168752,T002,29,522.78,502.62,-0.01,-0.1,gauche,gauche,29,1,289,206,0,0.767,matched,1
272,9.067,1780168752,T003,3,89.29,164.26,-0.08,0.01,gauche,gauche,3,1,273,273,0,0.77,matched,1
272,9.067,1780168752,T004,4,304.04,178.44,-0.26,-0.4,gauche,gauche,4,1,273,273,0,0.767,matched,1
272,9.067,1780168752,T005,10,452.79,266.32,-0.39,0.42,gauche,gauche,10,1,273,270,0,0.768,matched,1
272,9.067,1780168752,T006,1,258.89,845.47,-0.0,0.53,droite,droite,1,1,273,273,0,0.77,matched,1
272,9.067,1780168752,T007,2,336.26,828.79,0.56,-0.39,droite,droite,2,1,273,273,0,0.769,matched,1
272,9.067,1780168752,T009,11,182.73,291.99,0.16,-0.0,gauche,gauche,11,1,270,267,0,0.77,matched,1
273,9.100,1780168752,T003,3,89.29,164.26,-0.05,-0.17,gauche,gauche,3,1,274,274,0,0.767,matched,1
273,9.100,1780168752,T004,4,303.55,177.71,-0.24,-0.53,gauche,gauche,4,1,274,274,0,0.768,matched,1
273,9.100,1780168752,T005,10,452.15,266.79,-0.4,0.26,gauche,gauche,10,1,274,271,0,0.768,matched,1
273,9.100,1780168752,T006,1,258.91,846.41,-0.0,0.73,droite,droite,1,1,274,274,0,0.766,matched,1
273,9.100,1780168752,T007,2,336.97,828.33,0.42,-0.32,droite,droite,2,1,274,274,0,0.769,matched,1
273,9.100,1780168752,T009,11,182.73,291.99,0.11,-0.0,gauche,gauche,11,1,271,268,0,0.77,matched,1
273,9.100,1780168752,T012,18,521.42,505.62,-0.11,0.19,gauche,gauche,18,1,244,158,0,0.768,matched,1
274,9.133,1780168752,T004,4,303.02,176.91,-0.34,-0.63,gauche,gauche,4,1,275,275,0,0.767,matched,1
274,9.133,1780168752,T005,10,452.15,266.79,-0.31,0.14,gauche,gauche,10,1,275,272,0,0.768,matched,1
274,9.133,1780168752,T006,1,258.93,847.69,-0.0,1.14,droite,droite,1,1,275,275,0,0.763,matched,1
274,9.133,1780168752,T007,2,337.66,827.97,0.44,-0.21,droite,droite,2,1,275,275,0,0.769,matched,1
274,9.133,1780168752,T009,11,182.73,291.99,0.07,-0.0,gauche,gauche,11,1,272,269,0,0.77,matched,1
274,9.133,1780168752,T011,13,105.34,164.89,-0.58,-0.01,gauche,gauche,13,1,235,235,0,0.765,matched,1
274,9.133,1780168752,T012,18,521.42,505.62,-0.07,0.21,gauche,gauche,18,1,245,159,0,0.769,matched,1
275,9.167,1780168752,T003,3,89.21,163.13,-0.02,-0.51,gauche,gauche,3,1,276,275,0,0.765,matched,1
275,9.167,1780168752,T004,4,302.53,175.78,-0.31,-1.03,gauche,gauche,4,1,276,276,0,0.763,matched,1
275,9.167,1780168752,T005,10,452.15,266.79,-0.21,0.06,gauche,gauche,10,1,276,273,0,0.769,matched,1
275,9.167,1780168752,T006,1,258.95,849.23,-0.0,1.39,droite,droite,1,1,276,276,0,0.765,matched,1
275,9.167,1780168752,T007,2,337.66,827.97,0.35,-0.13,droite,droite,2,1,276,276,0,0.769,matched,1
275,9.167,1780168752,T009,11,182.73,291.99,0.03,-0.0,gauche,gauche,11,1,273,270,0,0.77,matched,1
275,9.167,1780168752,T012,18,521.42,505.62,-0.04,0.17,gauche,gauche,18,1,246,160,0,0.77,matched,1
276,9.200,1780168752,T004,4,302.13,174.1,-0.22,-1.63,gauche,gauche,4,1,277,277,0,0.76,matched,1
276,9.200,1780168752,T005,10,452.15,266.79,-0.12,0.02,gauche,gauche,10,1,277,274,0,0.769,matched,1
276,9.200,1780168752,T006,1,258.96,851.08,-0.0,1.67,droite,droite,1,1,277,277,0,0.764,matched,1
276,9.200,1780168752,T007,2,338.68,827.57,0.74,-0.23,droite,droite,2,1,277,277,0,0.763,matched,1
276,9.200,1780168752,T009,11,182.73,291.99,0.01,-0.0,gauche,gauche,11,1,274,271,0,0.77,matched,1
276,9.200,1780168752,T011,13,103.14,165.36,-1.0,-0.01,gauche,gauche,13,1,237,237,0,0.767,matched,1
276,9.200,1780168752,T012,18,521.42,505.62,-0.01,0.11,gauche,gauche,18,1,247,161,0,0.769,matched,1
277,9.233,1780168752,T004,4,301.82,172.41,-0.14,-1.49,gauche,gauche,4,1,278,278,0,0.769,matched,1
277,9.233,1780168752,T005,10,452.15,266.79,-0.06,-0.0,gauche,gauche,10,1,278,275,0,0.769,matched,1
277,9.233,1780168752,T006,1,258.97,852.8,-0.0,1.4,droite,droite,1,1,278,278,0,0.769,matched,1
277,9.233,1780168752,T007,2,339.68,827.2,0.73,-0.22,droite,droite,2,1,278,278,0,0.769,matched,1
277,9.233,1780168752,T009,11,182.73,291.99,0.0,-0.0,gauche,gauche,11,1,275,272,0,0.77,matched,1
277,9.233,1780168752,T011,13,102.09,165.51,-0.81,-0.0,gauche,gauche,13,1,238,238,0,0.769,matched,1
277,9.233,1780168752,T012,18,521.42,505.62,-0.0,0.07,gauche,gauche,18,1,248,162,0,0.769,matched,1
278,9.267,1780168752,T002,29,522.78,502.62,-0.05,-0.03,gauche,gauche,29,1,295,207,0,0.768,matched,1
278,9.267,1780168752,T004,4,301.6,170.69,-0.08,-1.44,gauche,gauche,4,1,279,279,0,0.768,matched,1
278,9.267,1780168752,T005,10,451.48,267.09,-0.19,-0.01,gauche,gauche,10,1,279,276,0,0.768,matched,1
278,9.267,1780168752,T006,1,259.12,854.36,0.17,1.15,droite,droite,1,1,279,279,0,0.767,matched,1
278,9.267,1780168752,T007,2,340.81,826.76,0.9,-0.34,droite,droite,2,1,279,279,0,0.766,matched,1
278,9.267,1780168752,T009,11,182.73,291.99,-0.0,-0.0,gauche,gauche,11,1,276,273,0,0.77,matched,1
278,9.267,1780168752,T011,13,101.24,165.63,-0.55,-0.0,gauche,gauche,13,1,239,239,0,0.767,matched,1
279,9.300,1780168752,T002,29,522.78,502.62,-0.04,-0.01,gauche,gauche,29,1,296,208,0,0.77,matched,1
279,9.300,1780168752,T004,4,301.43,169.2,-0.03,-1.09,gauche,gauche,4,1,280,280,0,0.767,matched,1
279,9.300,1780168752,T005,10,451.48,267.09,-0.03,-0.01,gauche,gauche,10,1,280,277,0,0.768,matched,1
279,9.300,1780168752,T006,1,259.16,855.89,0.03,1.13,droite,droite,1,1,280,280,0,0.768,matched,1
279,9.300,1780168752,T007,2,342.26,826.06,1.27,-0.64,droite,droite,2,1,280,280,0,0.762,matched,1
279,9.300,1780168752,T009,11,182.73,291.99,-0.0,-0.0,gauche,gauche,11,1,277,274,0,0.77,matched,1
279,9.300,1780168752,T011,13,100.6,165.99,-0.33,0.34,gauche,gauche,13,1,240,240,0,0.764,matched,1
280,9.333,1780168752,T002,29,522.78,502.62,-0.03,-0.0,gauche,gauche,29,1,297,209,0,0.77,matched,1
280,9.333,1780168752,T004,4,301.45,168.03,0.16,-0.71,gauche,gauche,4,1,281,281,0,0.765,matched,1
280,9.333,1780168752,T005,10,451.48,267.09,0.04,-0.01,gauche,gauche,10,1,281,278,0,0.769,matched,1
280,9.333,1780168752,T006,1,259.16,857.21,-0.03,0.87,droite,droite,1,1,281,281,0,0.768,matched,1
280,9.333,1780168752,T007,2,343.79,825.35,1.29,-0.62,droite,droite,2,1,281,281,0,0.768,matched,1
280,9.333,1780168752,T009,11,182.73,291.99,-0.0,-0.0,gauche,gauche,11,1,278,275,0,0.77,matched,1
280,9.333,1780168752,T011,13,100.28,167.24,0.0,1.41,gauche,gauche,13,1,241,241,0,0.753,matched,1
281,9.367,1780168752,T002,29,522.78,502.62,0.2,0.0,gauche,gauche,29,1,298,210,0,0.767,matched,1
281,9.367,1780168752,T004,4,301.55,167.16,0.2,-0.4,gauche,gauche,4,1,282,282,0,0.766,matched,1
281,9.367,1780168752,T005,10,451.48,267.09,-0.11,-0.01,gauche,gauche,10,1,282,279,0,0.768,matched,1
281,9.367,1780168752,T006,1,259.13,858.25,-0.05,0.57,droite,droite,1,1,282,282,0,0.767,matched,1
281,9.367,1780168752,T007,2,345.27,825.01,1.18,-0.13,droite,droite,2,1,282,282,0,0.764,matched,1
281,9.367,1780168752,T009,11,182.73,291.99,-0.0,-0.0,gauche,gauche,11,1,279,276,0,0.77,matched,1
281,9.367,1780168752,T011,13,100.0,169.0,-0.04,1.85,gauche,gauche,13,1,242,242,0,0.762,matched,1
282,9.400,1780168752,T002,29,522.78,502.62,0.22,0.0,gauche,gauche,29,1,299,211,0,0.77,matched,1
282,9.400,1780168752,T004,4,301.55,167.16,0.17,-0.19,gauche,gauche,4,1,283,283,0,0.767,matched,1
282,9.400,1780168752,T005,10,451.48,267.09,-0.15,-0.0,gauche,gauche,10,1,283,280,0,0.769,matched,1
282,9.400,1780168752,T006,1,259.1,859.02,-0.04,0.32,droite,droite,1,1,283,283,0,0.767,matched,1
282,9.400,1780168752,T007,2,346.52,824.47,0.87,-0.42,droite,droite,2,1,283,283,0,0.765,matched,1
282,9.400,1780168752,T009,11,182.73,291.99,-0.0,-0.0,gauche,gauche,11,1,280,277,0,0.77,matched,1
282,9.400,1780168752,T011,13,99.76,170.86,-0.05,1.76,gauche,gauche,13,1,243,243,0,0.768,matched,1
283,9.433,1780168752,T002,29,522.78,502.62,0.17,0.0,gauche,gauche,29,1,300,212,0,0.77,matched,1
283,9.433,1780168752,T004,4,301.55,167.16,0.12,-0.07,gauche,gauche,4,1,284,284,0,0.768,matched,1
283,9.433,1780168752,T005,10,451.48,267.09,-0.13,-0.0,gauche,gauche,10,1,284,281,0,0.77,matched,1
283,9.433,1780168752,T006,1,259.1,859.02,-0.03,0.16,droite,droite,1,1,284,284,0,0.768,matched,1
283,9.433,1780168752,T007,2,347.49,823.91,0.55,-0.44,droite,droite,2,1,284,284,0,0.767,matched,1
283,9.433,1780168752,T009,11,182.73,291.99,-0.0,-0.0,gauche,gauche,11,1,281,278,0,0.77,matched,1
283,9.433,1780168752,T011,13,99.58,172.49,-0.04,1.33,gauche,gauche,13,1,244,244,0,0.766,matched,1
284,9.467,1780168752,T004,4,301.55,167.16,-0.1,-0.0,gauche,gauche,4,1,285,285,0,0.767,matched,1
284,9.467,1780168752,T005,10,451.48,267.09,-0.09,-0.0,gauche,gauche,10,1,285,282,0,0.77,matched,1
284,9.467,1780168752,T006,1,259.1,859.02,-0.02,0.06,droite,droite,1,1,285,285,0,0.769,matched,1
284,9.467,1780168752,T007,2,348.49,823.56,0.64,-0.17,droite,droite,2,1,285,285,0,0.766,matched,1
284,9.467,1780168752,T009,11,182.73,291.99,-0.17,-0.0,gauche,gauche,11,1,282,279,0,0.768,matched,1
284,9.467,1780168752,T011,13,99.57,174.46,0.14,1.71,gauche,gauche,13,1,245,245,0,0.762,matched,1
284,9.467,1780168752,T012,18,521.42,505.62,0.0,0.15,gauche,gauche,18,1,255,169,0,0.767,matched,1
285,9.500,1780168752,T004,4,301.55,167.16,-0.16,0.02,gauche,gauche,4,1,286,286,0,0.769,matched,1
285,9.500,1780168752,T005,10,451.48,267.09,-0.05,-0.0,gauche,gauche,10,1,286,283,0,0.77,matched,1
285,9.500,1780168752,T006,1,259.1,859.02,-0.01,0.0,droite,droite,1,1,286,286,0,0.769,matched,1
285,9.500,1780168752,T007,2,349.49,823.63,0.7,0.31,droite,droite,2,1,286,286,0,0.763,matched,1
285,9.500,1780168752,T009,11,182.73,291.99,-0.2,-0.0,gauche,gauche,11,1,283,280,0,0.769,matched,1
285,9.500,1780168752,T011,13,99.64,176.45,0.18,1.64,gauche,gauche,13,1,246,246,0,0.768,matched,1
285,9.500,1780168752,T012,18,521.42,505.62,-0.17,0.19,gauche,gauche,18,1,256,170,0,0.767,matched,1
286,9.533,1780168752,T004,4,301.55,167.16,-0.32,-0.14,gauche,gauche,4,1,287,287,0,0.767,matched,1
286,9.533,1780168752,T005,10,450.73,267.44,-0.2,0.17,gauche,gauche,10,1,287,284,0,0.767,matched,1
286,9.533,1780168752,T006,1,259.1,859.02,-0.01,-0.02,droite,droite,1,1,287,287,0,0.77,matched,1
286,9.533,1780168752,T007,2,350.38,823.59,0.57,0.08,droite,droite,2,1,287,287,0,0.767,matched,1
286,9.533,1780168752,T009,11,182.73,291.99,-0.16,-0.0,gauche,gauche,11,1,284,281,0,0.77,matched,1
286,9.533,1780168752,T011,13,99.87,178.58,0.32,1.75,gauche,gauche,13,1,247,247,0,0.765,matched,1
286,9.533,1780168752,T012,18,521.42,505.62,-0.2,0.16,gauche,gauche,18,1,257,171,0,0.769,matched,1
287,9.567,1780168752,T002,29,522.78,502.62,0.05,0.0,gauche,gauche,29,1,304,213,0,0.768,matched,1
287,9.567,1780168752,T004,4,301.19,166.43,-0.31,-0.17,gauche,gauche,4,1,288,288,0,0.769,matched,1
287,9.567,1780168752,T005,10,450.1,268.2,-0.21,0.71,gauche,gauche,10,1,288,285,0,0.762,matched,1
287,9.567,1780168752,T006,1,259.1,859.02,-0.0,-0.02,droite,droite,1,1,288,288,0,0.77,matched,1
287,9.567,1780168752,T007,2,351.22,823.23,0.55,-0.36,droite,droite,2,1,288,288,0,0.764,matched,1
287,9.567,1780168752,T009,11,182.73,291.99,-0.11,-0.0,gauche,gauche,11,1,285,282,0,0.77,matched,1
287,9.567,1780168752,T011,13,100.27,180.74,0.48,1.73,gauche,gauche,13,1,248,248,0,0.766,matched,1
288,9.600,1780168752,T002,29,522.78,502.62,-0.17,0.0,gauche,gauche,29,1,305,214,0,0.767,matched,1
288,9.600,1780168752,T004,4,301.19,166.43,-0.23,-0.15,gauche,gauche,4,1,289,289,0,0.769,matched,1
288,9.600,1780168752,T005,10,449.44,269.32,-0.34,1.09,gauche,gauche,10,1,289,286,0,0.763,matched,1
288,9.600,1780168752,T006,1,259.1,859.02,0.0,-0.02,droite,droite,1,1,289,289,0,0.77,matched,1
288,9.600,1780168752,T007,2,351.93,822.77,0.42,-0.45,droite,droite,2,1,289,289,0,0.768,matched,1
288,9.600,1780168752,T009,11,182.73,291.99,0.1,-0.0,gauche,gauche,11,1,286,283,0,0.767,matched,1
288,9.600,1780168752,T011,13,100.69,182.62,0.43,1.33,gauche,gauche,13,1,249,249,0,0.767,matched,1
289,9.633,1780168752,T004,4,301.19,166.43,-0.15,-0.1,gauche,gauche,4,1,290,290,0,0.769,matched,1
289,9.633,1780168752,T005,10,448.86,270.44,-0.31,0.99,gauche,gauche,10,1,290,287,0,0.77,matched,1
289,9.633,1780168752,T006,1,259.1,859.02,0.17,-0.01,droite,droite,1,1,290,290,0,0.767,matched,1
289,9.633,1780168752,T007,2,351.93,822.77,0.28,-0.38,droite,droite,2,1,290,290,0,0.768,matched,1
289,9.633,1780168752,T009,11,182.73,291.99,0.16,-0.0,gauche,gauche,11,1,287,284,0,0.769,matched,1
289,9.633,1780168752,T011,13,101.05,184.11,0.31,0.88,gauche,gauche,13,1,250,250,0,0.765,matched,1
290,9.667,1780168752,T001,8,229.18,131.8,-1.01,-0.16,gauche,gauche,8,1,307,256,0,0.645,reattached,1
290,9.667,1780168752,T002,29,522.78,502.62,-0.17,0.2,gauche,gauche,29,1,307,215,0,0.767,matched,1
290,9.667,1780168752,T003,33,90.11,155.73,0.22,-1.55,gauche,gauche,33,1,291,276,0,0.719,matched,1
290,9.667,1780168752,T004,4,300.88,165.55,-0.09,-0.4,gauche,gauche,4,1,291,291,0,0.765,matched,1
290,9.667,1780168752,T005,10,448.38,271.66,-0.23,1.07,gauche,gauche,10,1,291,288,0,0.767,matched,1
290,9.667,1780168752,T006,1,259.1,859.02,0.2,-0.01,droite,droite,1,1,291,291,0,0.769,matched,1
290,9.667,1780168752,T007,2,352.62,822.3,0.33,-0.27,droite,droite,2,1,291,291,0,0.768,matched,1
290,9.667,1780168752,T009,11,182.73,291.99,0.15,-0.0,gauche,gauche,11,1,288,285,0,0.77,matched,1
291,9.700,1780168752,T002,29,522.78,502.62,-0.12,0.19,gauche,gauche,29,1,308,216,0,0.77,matched,1
291,9.700,1780168752,T003,33,90.81,150.29,0.14,-0.28,gauche,gauche,33,1,292,277,0,0.762,matched,1
291,9.700,1780168752,T004,4,300.64,164.6,-0.04,-0.6,gauche,gauche,4,1,292,292,0,0.767,matched,1
291,9.700,1780168752,T005,10,447.88,272.91,-0.31,1.03,gauche,gauche,10,1,292,289,0,0.768,matched,1
291,9.700,1780168752,T006,1,259.1,859.02,0.16,0.17,droite,droite,1,1,292,292,0,0.767,matched,1
291,9.700,1780168752,T007,2,353.34,821.81,0.44,-0.34,droite,droite,2,1,292,292,0,0.767,matched,1
291,9.700,1780168752,T009,11,182.73,291.99,0.11,-0.0,gauche,gauche,11,1,289,286,0,0.77,matched,1
291,9.700,1780168752,T011,13,101.07,187.19,-0.26,1.32,gauche,gauche,13,1,252,252,0,0.761,matched,1
292,9.733,1780168752,T002,18,522.78,502.62,-0.08,0.14,gauche,gauche,18,1,309,217,0,0.769,matched,1
292,9.733,1780168752,T003,33,91.52,146.29,0.39,0.14,gauche,gauche,33,1,293,278,0,0.766,matched,1
292,9.733,1780168752,T004,4,300.34,163.46,-0.18,-0.88,gauche,gauche,4,1,293,293,0,0.765,matched,1
292,9.733,1780168752,T005,10,447.42,274.12,-0.28,0.95,gauche,gauche,10,1,293,290,0,0.77,matched,1
292,9.733,1780168752,T006,1,259.47,859.98,0.28,0.54,droite,droite,1,1,293,293,0,0.764,matched,1
292,9.733,1780168752,T007,2,354.12,821.5,0.56,-0.11,droite,droite,2,1,293,293,0,0.766,matched,1
292,9.733,1780168752,T009,11,182.73,291.99,0.07,-0.0,gauche,gauche,11,1,290,287,0,0.77,matched,1
292,9.733,1780168752,T011,13,100.73,188.82,-0.48,1.2,gauche,gauche,13,1,253,253,0,0.766,matched,1
293,9.767,1780168752,T002,18,522.78,502.62,-0.04,0.09,gauche,gauche,18,1,310,218,0,0.769,matched,1
293,9.767,1780168752,T003,33,92.29,144.13,0.56,1.43,gauche,gauche,33,1,294,279,0,0.757,matched,1
293,9.767,1780168752,T004,4,299.9,162.25,-0.37,-0.95,gauche,gauche,4,1,294,294,0,0.766,matched,1
293,9.767,1780168752,T005,10,447.05,275.0,-0.2,0.53,gauche,gauche,10,1,294,291,0,0.765,matched,1
293,9.767,1780168752,T006,1,259.83,861.04,0.26,0.73,droite,droite,1,1,294,294,0,0.766,matched,1
293,9.767,1780168752,T007,2,355.11,821.18,0.81,-0.17,droite,droite,2,1,294,294,0,0.765,matched,1
293,9.767,1780168752,T009,11,182.73,291.99,0.04,-0.0,gauche,gauche,11,1,291,288,0,0.77,matched,1
293,9.767,1780168752,T011,13,100.19,190.18,-0.63,0.88,gauche,gauche,13,1,254,254,0,0.766,matched,1
294,9.800,1780168752,T002,18,522.78,502.62,-0.02,0.05,gauche,gauche,18,1,311,219,0,0.769,matched,1
294,9.800,1780168752,T003,33,93.27,143.18,0.86,1.76,gauche,gauche,33,1,295,280,0,0.763,matched,1
294,9.800,1780168752,T004,4,299.46,160.76,-0.35,-1.28,gauche,gauche,4,1,295,295,0,0.764,matched,1
294,9.800,1780168752,T005,10,447.05,275.0,-0.12,0.25,gauche,gauche,10,1,295,292,0,0.767,matched,1
294,9.800,1780168752,T007,2,356.18,821.04,0.9,0.01,droite,droite,2,1,295,295,0,0.767,matched,1
294,9.800,1780168752,T009,11,182.73,291.99,0.02,-0.0,gauche,gauche,11,1,292,289,0,0.77,matched,1
294,9.800,1780168752,T011,13,99.37,191.24,-0.88,0.56,gauche,gauche,13,1,255,255,0,0.764,matched,1
295,9.833,1780168752,T002,18,522.78,502.62,-0.01,0.02,gauche,gauche,18,1,312,220,0,0.77,matched,1
295,9.833,1780168752,T003,33,94.19,142.74,0.73,1.41,gauche,gauche,33,1,296,281,0,0.768,matched,1
295,9.833,1780168752,T004,4,299.08,159.36,-0.27,-1.11,gauche,gauche,4,1,296,296,0,0.769,matched,1
295,9.833,1780168752,T005,10,447.05,275.0,-0.07,0.08,gauche,gauche,10,1,296,293,0,0.768,matched,1
295,9.833,1780168752,T007,2,357.15,820.98,0.73,0.08,droite,droite,2,1,296,296,0,0.768,matched,1
295,9.833,1780168752,T009,11,182.73,291.99,0.01,-0.0,gauche,gauche,11,1,293,290,0,0.77,matched,1
295,9.833,1780168752,T011,13,98.56,192.02,-0.78,0.31,gauche,gauche,13,1,256,256,0,0.767,matched,1
296,9.867,1780168752,T002,18,522.78,502.62,-0.0,0.01,gauche,gauche,18,1,313,221,0,0.77,matched,1
296,9.867,1780168752,T003,33,94.94,142.64,0.52,1.14,gauche,gauche,33,1,297,282,0,0.767,matched,1
296,9.867,1780168752,T004,4,298.64,157.64,-0.35,-1.48,gauche,gauche,4,1,297,297,0,0.763,matched,1
296,9.867,1780168752,T005,10,447.05,275.0,-0.03,0.0,gauche,gauche,10,1,297,294,0,0.769,matched,1
296,9.867,1780168752,T007,2,358.48,820.98,1.18,0.09,droite,droite,2,1,297,297,0,0.762,matched,1
296,9.867,1780168752,T009,11,182.73,291.99,-0.0,-0.0,gauche,gauche,11,1,294,291,0,0.77,matched,1
296,9.867,1780168752,T011,13,97.72,192.72,-0.73,0.31,gauche,gauche,13,1,257,257,0,0.769,matched,1
297,9.900,1780168752,T002,18,522.78,502.62,0.0,0.0,gauche,gauche,18,1,314,222,0,0.77,matched,1
297,9.900,1780168752,T003,33,94.94,142.64,0.32,0.6,gauche,gauche,33,1,298,283,0,0.763,matched,1
297,9.900,1780168752,T004,4,298.24,156.02,-0.3,-1.28,gauche,gauche,4,1,298,298,0,0.769,matched,1
297,9.900,1780168752,T005,10,447.05,275.0,-0.01,-0.03,gauche,gauche,10,1,298,295,0,0.769,matched,1
297,9.900,1780168752,T007,2,360.06,820.99,1.42,0.07,droite,droite,2,1,298,298,0,0.765,matched,1
297,9.900,1780168752,T009,11,182.73,291.99,-0.0,-0.0,gauche,gauche,11,1,295,292,0,0.77,matched,1
297,9.900,1780168752,T011,13,96.73,193.29,-0.89,0.24,gauche,gauche,13,1,258,258,0,0.767,matched,1
298,9.933,1780168752,T002,18,522.78,502.62,0.0,-0.0,gauche,gauche,18,1,315,223,0,0.77,matched,1
298,9.933,1780168752,T003,33,95.51,142.01,0.17,-0.25,gauche,gauche,33,1,299,284,0,0.758,matched,1
298,9.933,1780168752,T004,4,297.77,154.53,-0.38,-1.08,gauche,gauche,4,1,299,299,0,0.768,matched,1
298,9.933,1780168752,T005,10,447.05,275.0,0.0,-0.04,gauche,gauche,10,1,299,296,0,0.77,matched,1
298,9.933,1780168752,T007,2,361.54,820.86,1.19,-0.12,droite,droite,2,1,299,299,0,0.767,matched,1
298,9.933,1780168752,T009,11,182.73,291.99,-0.0,-0.0,gauche,gauche,11,1,296,293,0,0.77,matched,1
298,9.933,1780168752,T011,13,95.66,193.73,-0.92,0.16,gauche,gauche,13,1,259,259,0,0.768,matched,1
299,9.967,1780168752,T002,18,522.78,502.62,0.0,-0.0,gauche,gauche,18,1,316,224,0,0.77,matched,1
299,9.967,1780168752,T003,33,96.05,141.22,0.24,-0.52,gauche,gauche,33,1,300,285,0,0.765,matched,1
299,9.967,1780168752,T004,4,297.34,153.31,-0.33,-0.76,gauche,gauche,4,1,300,300,0,0.767,matched,1
299,9.967,1780168752,T005,10,447.05,275.0,0.01,-0.03,gauche,gauche,10,1,300,297,0,0.77,matched,1
299,9.967,1780168752,T007,2,363.03,820.69,1.17,-0.17,droite,droite,2,1,300,300,0,0.768,matched,1
299,9.967,1780168752,T009,11,182.73,291.99,-0.0,-0.0,gauche,gauche,11,1,297,294,0,0.77,matched,1
299,9.967,1780168752,T011,13,94.72,194.21,-0.72,0.26,gauche,gauche,13,1,260,260,0,0.768,matched,1
300,10.000,1780168753,T002,18,522.78,502.62,-0.17,0.34,gauche,gauche,18,1,317,225,0,0.764,matched,1
300,10.000,1780168753,T003,33,96.38,140.06,0.05,-1.01,gauche,gauche,33,1,301,286,0,0.762,matched,1
300,10.000,1780168753,T004,4,296.84,152.25,-0.4,-0.64,gauche,gauche,4,1,301,301,0,0.768,matched,1
300,10.000,1780168753,T005,10,447.05,275.0,0.01,-0.02,gauche,gauche,10,1,301,298,0,0.77,matched,1
300,10.000,1780168753,T007,2,364.45,820.52,1.07,-0.15,droite,droite,2,1,301,301,0,0.77,matched,1
300,10.000,1780168753,T009,11,182.73,291.99,-0.0,-0.0,gauche,gauche,11,1,298,295,0,0.77,matched,1
300,10.000,1780168753,T011,13,93.69,194.5,-0.82,0.07,gauche,gauche,13,1,261,261,0,0.766,matched,1
301,10.033,1780168753,T002,18,522.38,503.24,-0.2,0.22,gauche,gauche,18,1,318,226,0,0.769,matched,1
301,10.033,1780168753,T003,33,96.58,138.88,-0.04,-0.98,gauche,gauche,33,1,302,287,0,0.768,matched,1
301,10.033,1780168753,T004,4,296.39,151.39,-0.34,-0.44,gauche,gauche,4,1,302,302,0,0.768,matched,1
301,10.033,1780168753,T005,10,447.05,275.0,0.0,-0.01,gauche,gauche,10,1,302,299,0,0.77,matched,1
301,10.033,1780168753,T007,2,365.65,820.38,0.79,-0.11,droite,droite,2,1,302,302,0,0.767,matched,1
301,10.033,1780168753,T009,11,182.73,291.99,-0.0,-0.0,gauche,gauche,11,1,299,296,0,0.77,matched,1
301,10.033,1780168753,T011,13,92.9,194.67,-0.5,-0.02,gauche,gauche,13,1,262,262,0,0.766,matched,1
302,10.067,1780168753,T002,29,522.38,503.24,0.01,-0.04,gauche,gauche,29,1,319,227,0,0.766,matched,1
302,10.067,1780168753,T003,33,96.7,137.73,-0.06,-0.91,gauche,gauche,33,1,303,288,0,0.769,matched,1
302,10.067,1780168753,T004,4,296.01,150.74,-0.24,-0.27,gauche,gauche,4,1,303,303,0,0.768,matched,1
302,10.067,1780168753,T005,10,447.05,275.0,0.0,-0.01,gauche,gauche,10,1,303,300,0,0.77,matched,1
302,10.067,1780168753,T007,2,366.86,820.14,0.84,-0.24,droite,droite,2,1,303,303,0,0.767,matched,1
302,10.067,1780168753,T009,11,182.73,291.99,-0.0,-0.0,gauche,gauche,11,1,300,297,0,0.77,matched,1
302,10.067,1780168753,T011,13,92.61,196.96,0.07,2.67,gauche,gauche,13,1,263,263,0,0.73,matched,1
303,10.100,1780168753,T001,8,222.17,131.12,-0.02,0.2,gauche,gauche,8,1,320,257,0,0.735,matched,1
303,10.100,1780168753,T002,29,522.38,503.24,-0.09,-0.31,gauche,gauche,29,1,320,228,0,0.766,matched,1
303,10.100,1780168753,T003,33,96.77,136.61,-0.06,-0.85,gauche,gauche,33,1,304,289,0,0.77,matched,1
303,10.100,1780168753,T004,4,295.59,150.12,-0.31,-0.31,gauche,gauche,4,1,304,304,0,0.768,matched,1
303,10.100,1780168753,T005,10,447.05,275.0,0.0,-0.0,gauche,gauche,10,1,304,301,0,0.77,matched,1
303,10.100,1780168753,T007,2,367.9,819.88,0.67,-0.23,droite,droite,2,1,304,304,0,0.769,matched,1
303,10.100,1780168753,T009,11,182.73,291.99,-0.0,-0.0,gauche,gauche,11,1,301,298,0,0.77,matched,1
303,10.100,1780168753,T011,13,92.57,200.6,0.28,3.95,gauche,gauche,13,1,264,264,0,0.747,matched,1
304,10.133,1780168753,T002,29,522.38,503.24,-0.1,-0.34,gauche,gauche,29,1,321,229,0,0.769,matched,1
304,10.133,1780168753,T003,33,96.96,135.8,0.13,-0.46,gauche,gauche,33,1,305,290,0,0.765,matched,1
304,10.133,1780168753,T004,4,295.59,150.12,-0.27,-0.25,gauche,gauche,4,1,305,305,0,0.77,matched,1
304,10.133,1780168753,T005,10,447.05,275.0,0.0,-0.0,gauche,gauche,10,1,305,302,0,0.77,matched,1
304,10.133,1780168753,T007,2,368.74,819.65,0.45,-0.18,droite,droite,2,1,305,305,0,0.768,matched,1
304,10.133,1780168753,T009,11,182.73,291.99,-0.0,-0.0,gauche,gauche,11,1,302,299,0,0.77,matched,1
304,10.133,1780168753,T011,13,92.51,204.71,0.13,4.06,gauche,gauche,13,1,265,265,0,0.762,matched,1
305,10.167,1780168753,T004,4,295.59,150.12,-0.19,-0.18,gauche,gauche,4,1,306,306,0,0.769,matched,1
305,10.167,1780168753,T005,10,447.05,275.0,0.0,0.0,gauche,gauche,10,1,306,303,0,0.77,matched,1
305,10.167,1780168753,T007,2,369.5,819.33,0.43,-0.29,droite,droite,2,1,306,306,0,0.768,matched,1
305,10.167,1780168753,T009,11,182.73,291.99,0.0,-0.0,gauche,gauche,11,1,303,300,0,0.77,matched,1
305,10.167,1780168753,T011,13,92.3,208.56,-0.13,3.35,gauche,gauche,13,1,266,266,0,0.764,matched,1
305,10.167,1780168753,T012,18,521.79,504.99,-0.29,0.16,gauche,gauche,18,1,276,183,0,0.769,matched,1
306,10.200,1780168753,T001,8,216.85,131.51,0.0,0.99,gauche,gauche,8,1,323,258,0,0.762,matched,1
306,10.200,1780168753,T002,29,522.38,503.24,0.11,-0.21,gauche,gauche,29,1,323,230,0,0.767,matched,1
306,10.200,1780168753,T003,33,97.37,135.08,0.32,-0.3,gauche,gauche,33,1,307,291,0,0.767,matched,1
306,10.200,1780168753,T004,4,295.04,149.31,-0.29,-0.45,gauche,gauche,4,1,307,307,0,0.765,matched,1
306,10.200,1780168753,T005,10,447.05,275.0,0.0,0.0,gauche,gauche,10,1,307,304,0,0.77,matched,1
306,10.200,1780168753,T007,2,370.28,819.01,0.5,-0.26,droite,droite,2,1,307,307,0,0.768,matched,1
306,10.200,1780168753,T009,11,182.73,291.99,0.0,-0.0,gauche,gauche,11,1,304,301,0,0.77,matched,1
306,10.200,1780168753,T011,13,91.76,211.73,-0.54,2.31,gauche,gauche,13,1,267,267,0,0.758,matched,1
307,10.233,1780168753,T001,8,212.8,131.93,0.0,0.74,gauche,gauche,8,1,324,259,0,0.768,matched,1
307,10.233,1780168753,T002,29,522.38,503.24,0.13,-0.13,gauche,gauche,29,1,324,231,0,0.769,matched,1
307,10.233,1780168753,T003,33,97.37,135.08,0.29,-0.18,gauche,gauche,33,1,308,292,0,0.769,matched,1
307,10.233,1780168753,T004,4,294.55,148.54,-0.26,-0.45,gauche,gauche,4,1,308,308,0,0.769,matched,1
307,10.233,1780168753,T005,10,447.05,275.0,-0.0,0.0,gauche,gauche,10,1,308,305,0,0.77,matched,1
307,10.233,1780168753,T007,2,370.95,818.74,0.41,-0.19,droite,droite,2,1,308,308,0,0.769,matched,1
307,10.233,1780168753,T009,11,182.73,291.99,0.0,-0.0,gauche,gauche,11,1,305,302,0,0.77,matched,1
307,10.233,1780168753,T011,13,91.15,214.13,-0.58,1.39,gauche,gauche,13,1,268,268,0,0.76,matched,1
308,10.267,1780168753,T002,29,522.38,503.24,0.11,-0.07,gauche,gauche,29,1,325,232,0,0.769,matched,1
308,10.267,1780168753,T003,33,98.07,134.69,0.56,0.08,gauche,gauche,33,1,309,293,0,0.765,matched,1
308,10.267,1780168753,T004,4,294.15,147.76,-0.19,-0.52,gauche,gauche,4,1,309,309,0,0.768,matched,1
308,10.267,1780168753,T005,10,447.05,275.0,-0.0,0.0,gauche,gauche,10,1,309,306,0,0.77,matched,1
308,10.267,1780168753,T007,2,371.63,818.4,0.45,-0.29,droite,droite,2,1,309,309,0,0.768,matched,1
308,10.267,1780168753,T009,11,182.73,291.99,0.0,-0.17,gauche,gauche,11,1,306,303,0,0.767,matched,1
308,10.267,1780168753,T011,13,90.33,215.86,-0.8,0.72,gauche,gauche,13,1,269,269,0,0.761,matched,1
309,10.300,1780168753,T002,29,522.38,503.24,0.08,-0.03,gauche,gauche,29,1,326,233,0,0.769,matched,1
309,10.300,1780168753,T003,33,98.9,134.47,0.71,0.16,gauche,gauche,33,1,310,294,0,0.767,matched,1
309,10.300,1780168753,T004,4,293.71,146.94,-0.29,-0.6,gauche,gauche,4,1,310,310,0,0.767,matched,1
309,10.300,1780168753,T005,10,447.05,275.0,-0.0,0.0,gauche,gauche,10,1,310,307,0,0.77,matched,1
309,10.300,1780168753,T007,2,372.64,817.79,0.88,-0.61,droite,droite,2,1,310,310,0,0.761,matched,1
309,10.300,1780168753,T009,11,182.73,291.99,0.0,-0.2,gauche,gauche,11,1,307,304,0,0.769,matched,1
309,10.300,1780168753,T011,13,89.24,217.21,-1.04,0.46,gauche,gauche,13,1,270,270,0,0.765,matched,1
310,10.333,1780168753,T001,8,209.12,132.06,-0.53,0.05,gauche,gauche,8,1,327,260,0,0.759,matched,1
310,10.333,1780168753,T002,29,522.38,503.24,0.05,-0.01,gauche,gauche,29,1,327,234,0,0.77,matched,1
310,10.333,1780168753,T003,33,99.8,134.35,0.77,0.15,gauche,gauche,33,1,311,295,0,0.768,matched,1
310,10.333,1780168753,T004,4,293.3,146.07,-0.26,-0.66,gauche,gauche,4,1,311,311,0,0.768,matched,1
310,10.333,1780168753,T005,10,447.05,275.0,-0.0,0.0,gauche,gauche,10,1,311,308,0,0.77,matched,1
310,10.333,1780168753,T007,2,373.79,816.87,1.01,-0.93,droite,droite,2,1,311,311,0,0.763,matched,1
310,10.333,1780168753,T009,11,182.73,291.99,-0.17,-0.33,gauche,gauche,11,1,308,305,0,0.767,matched,1
310,10.333,1780168753,T011,13,88.2,218.49,-0.9,0.6,gauche,gauche,13,1,271,271,0,0.767,matched,1
311,10.367,1780168753,T001,8,205.9,132.4,-0.82,0.31,gauche,gauche,8,1,328,261,0,0.764,matched,1
311,10.367,1780168753,T002,18,522.38,503.24,0.02,0.17,gauche,gauche,18,1,328,235,0,0.767,matched,1
311,10.367,1780168753,T003,33,100.75,134.28,0.79,0.11,gauche,gauche,33,1,312,296,0,0.769,matched,1
311,10.367,1780168753,T004,4,292.96,144.75,-0.19,-1.22,gauche,gauche,4,1,312,312,0,0.761,matched,1
311,10.367,1780168753,T005,10,447.05,275.0,-0.0,0.0,gauche,gauche,10,1,312,309,0,0.77,matched,1
311,10.367,1780168753,T007,2,374.85,815.53,0.83,-1.35,droite,droite,2,1,312,312,0,0.762,matched,1
311,10.367,1780168753,T009,11,182.73,291.99,-0.03,-0.31,gauche,gauche,11,1,309,306,0,0.768,matched,1
311,10.367,1780168753,T011,13,87.06,219.31,-0.98,0.18,gauche,gauche,13,1,272,272,0,0.764,matched,1
312,10.400,1780168753,T001,8,203.41,132.77,-0.53,0.32,gauche,gauche,8,1,329,262,0,0.767,matched,1
312,10.400,1780168753,T002,18,522.38,503.24,0.01,0.2,gauche,gauche,18,1,329,236,0,0.769,matched,1
312,10.400,1780168753,T003,33,101.59,134.23,0.62,0.07,gauche,gauche,33,1,313,297,0,0.769,matched,1
312,10.400,1780168753,T004,4,292.56,143.13,-0.29,-1.49,gauche,gauche,4,1,313,313,0,0.764,matched,1
312,10.400,1780168753,T005,10,447.05,275.0,-0.0,0.0,gauche,gauche,10,1,313,310,0,0.77,matched,1
312,10.400,1780168753,T007,2,375.85,814.06,0.75,-1.38,droite,droite,2,1,313,313,0,0.768,matched,1
312,10.400,1780168753,T009,11,182.73,291.99,0.03,-0.23,gauche,gauche,11,1,310,307,0,0.769,matched,1
312,10.400,1780168753,T011,13,85.89,220.51,-0.96,0.82,gauche,gauche,13,1,273,273,0,0.76,matched,1
313,10.433,1780168753,T002,18,522.38,503.24,0.0,0.17,gauche,gauche,18,1,330,237,0,0.77,matched,1
313,10.433,1780168753,T003,33,101.59,134.23,0.41,0.04,gauche,gauche,33,1,314,298,0,0.768,matched,1
313,10.433,1780168753,T004,4,292.19,141.61,-0.26,-1.26,gauche,gauche,4,1,314,314,0,0.769,matched,1
313,10.433,1780168753,T005,10,447.05,275.0,-0.0,0.0,gauche,gauche,10,1,314,311,0,0.77,matched,1
313,10.433,1780168753,T007,2,376.68,812.75,0.54,-1.07,droite,droite,2,1,314,314,0,0.767,matched,1
313,10.433,1780168753,T009,11,182.73,291.99,0.05,-0.15,gauche,gauche,11,1,311,308,0,0.769,matched,1
313,10.433,1780168753,T011,13,84.88,221.74,-0.73,0.89,gauche,gauche,13,1,274,274,0,0.767,matched,1
314,10.467,1780168753,T002,18,522.38,503.24,-0.0,0.12,gauche,gauche,18,1,331,238,0,0.769,matched,1
314,10.467,1780168753,T003,33,101.59,134.23,0.24,0.02,gauche,gauche,33,1,315,299,0,0.768,matched,1
314,10.467,1780168753,T004,4,291.88,140.21,-0.19,-1.06,gauche,gauche,4,1,315,315,0,0.769,matched,1
314,10.467,1780168753,T005,10,447.05,275.0,-0.0,-0.0,gauche,gauche,10,1,315,312,0,0.77,matched,1
314,10.467,1780168753,T007,2,377.46,811.42,0.51,-1.05,droite,droite,2,1,315,315,0,0.769,matched,1
314,10.467,1780168753,T009,11,182.73,291.99,0.04,-0.08,gauche,gauche,11,1,312,309,0,0.769,matched,1
314,10.467,1780168753,T011,13,83.53,221.03,-1.16,-1.5,gauche,gauche,13,1,275,275,0,0.735,matched,1
315,10.500,1780168753,T001,16,201.35,133.1,-0.3,0.14,gauche,gauche,16,1,332,263,0,0.767,matched,1
315,10.500,1780168753,T002,18,522.38,503.24,-0.0,0.07,gauche,gauche,18,1,332,239,0,0.769,matched,1
315,10.500,1780168753,T003,33,101.59,134.23,0.12,0.01,gauche,gauche,33,1,316,300,0,0.769,matched,1
315,10.500,1780168753,T004,4,291.77,139.07,0.05,-0.74,gauche,gauche,4,1,316,316,0,0.765,matched,1
315,10.500,1780168753,T005,10,447.05,275.0,0.0,0.17,gauche,gauche,10,1,316,313,0,0.768,matched,1
315,10.500,1780168753,T007,2,378.12,809.86,0.38,-1.32,droite,droite,2,1,316,316,0,0.764,matched,1
315,10.500,1780168753,T009,11,182.73,291.99,0.03,0.13,gauche,gauche,11,1,313,310,0,0.767,matched,1
315,10.500,1780168753,T011,8,82.9,223.11,-0.21,2.34,gauche,gauche,8,1,276,276,0,0.714,matched,1
316,10.533,1780168753,T001,16,199.79,133.64,-0.19,0.43,gauche,gauche,16,1,333,264,0,0.766,matched,1
316,10.533,1780168753,T002,18,522.38,503.24,-0.0,0.04,gauche,gauche,18,1,333,240,0,0.77,matched,1
316,10.533,1780168753,T003,33,101.59,134.23,0.04,-0.17,gauche,gauche,33,1,317,301,0,0.767,matched,1
316,10.533,1780168753,T004,4,291.77,138.2,0.13,-0.45,gauche,gauche,4,1,317,317,0,0.767,matched,1
316,10.533,1780168753,T005,10,446.8,275.7,0.0,0.2,gauche,gauche,10,1,317,314,0,0.769,matched,1
316,10.533,1780168753,T007,2,378.77,808.14,0.42,-1.46,droite,droite,2,1,317,317,0,0.766,matched,1
316,10.533,1780168753,T009,11,182.73,291.99,0.02,0.18,gauche,gauche,11,1,314,311,0,0.769,matched,1
316,10.533,1780168753,T011,8,82.69,227.72,0.2,5.16,gauche,gauche,8,1,277,277,0,0.725,matched,1
317,10.567,1780168753,T001,16,198.6,135.9,-0.1,2.69,gauche,gauche,16,1,334,265,0,0.739,matched,1
317,10.567,1780168753,T002,18,522.38,503.24,-0.0,0.02,gauche,gauche,18,1,334,241,0,0.77,matched,1
317,10.567,1780168753,T003,33,101.59,134.23,-0.16,-0.37,gauche,gauche,33,1,318,302,0,0.766,matched,1
317,10.567,1780168753,T004,4,291.77,138.2,0.13,-0.23,gauche,gauche,4,1,318,318,0,0.768,matched,1
317,10.567,1780168753,T005,10,446.8,275.7,0.0,0.16,gauche,gauche,10,1,318,315,0,0.77,matched,1
317,10.567,1780168753,T007,2,379.46,806.59,0.5,-1.18,droite,droite,2,1,318,318,0,0.767,matched,1
317,10.567,1780168753,T009,11,182.73,291.99,0.01,0.16,gauche,gauche,11,1,315,312,0,0.77,matched,1
317,10.567,1780168753,T011,8,82.54,232.81,0.15,5.07,gauche,gauche,8,1,278,278,0,0.764,matched,1
318,10.600,1780168753,T001,16,197.43,139.15,-0.42,3.58,gauche,gauche,16,1,335,266,0,0.754,matched,1
318,10.600,1780168753,T002,18,522.38,503.24,-0.0,0.0,gauche,gauche,18,1,335,242,0,0.77,matched,1
318,10.600,1780168753,T003,33,101.59,134.23,-0.21,-0.36,gauche,gauche,33,1,319,303,0,0.769,matched,1
318,10.600,1780168753,T004,4,291.77,138.2,0.1,-0.1,gauche,gauche,4,1,319,319,0,0.768,matched,1
318,10.600,1780168753,T005,10,446.8,275.7,0.0,0.11,gauche,gauche,10,1,319,316,0,0.77,matched,1
318,10.600,1780168753,T007,2,380.09,805.33,0.42,-0.81,droite,droite,2,1,319,319,0,0.766,matched,1
318,10.600,1780168753,T009,11,182.73,291.99,-0.16,0.12,gauche,gauche,11,1,316,313,0,0.767,matched,1
318,10.600,1780168753,T011,8,82.3,237.34,-0.08,3.89,gauche,gauche,8,1,279,279,0,0.76,matched,1
319,10.633,1780168753,T001,16,196.4,142.34,-0.43,3.04,gauche,gauche,16,1,336,267,0,0.767,matched,1
319,10.633,1780168753,T002,18,522.38,503.24,-0.0,-0.0,gauche,gauche,18,1,336,243,0,0.77,matched,1
319,10.633,1780168753,T003,33,101.59,134.23,-0.18,-0.28,gauche,gauche,33,1,320,304,0,0.769,matched,1
319,10.633,1780168753,T004,4,291.77,138.2,0.07,-0.02,gauche,gauche,4,1,320,320,0,0.769,matched,1
319,10.633,1780168753,T005,10,446.8,275.7,0.0,0.07,gauche,gauche,10,1,320,317,0,0.77,matched,1
319,10.633,1780168753,T007,2,380.6,804.38,0.3,-0.48,droite,droite,2,1,320,320,0,0.766,matched,1
319,10.633,1780168753,T009,11,182.73,291.99,-0.2,0.07,gauche,gauche,11,1,317,314,0,0.769,matched,1
319,10.633,1780168753,T011,8,82.03,240.96,-0.15,2.55,gauche,gauche,8,1,280,280,0,0.756,matched,1
320,10.667,1780168753,T001,16,195.55,145.43,-0.33,2.65,gauche,gauche,16,1,337,268,0,0.769,matched,1
320,10.667,1780168753,T002,18,522.38,503.24,-0.0,-0.0,gauche,gauche,18,1,337,244,0,0.77,matched,1
320,10.667,1780168753,T003,33,101.91,133.38,-0.12,-0.52,gauche,gauche,33,1,321,305,0,0.766,matched,1
320,10.667,1780168753,T004,4,291.77,138.2,0.04,0.01,gauche,gauche,4,1,321,321,0,0.769,matched,1
320,10.667,1780168753,T005,10,446.8,275.7,0.0,0.03,gauche,gauche,10,1,321,318,0,0.77,matched,1
320,10.667,1780168753,T007,2,380.99,803.56,0.18,-0.41,droite,droite,2,1,321,321,0,0.769,matched,1
320,10.667,1780168753,T009,11,182.73,291.99,-0.16,0.04,gauche,gauche,11,1,318,315,0,0.77,matched,1
320,10.667,1780168753,T011,8,81.79,243.77,-0.14,1.62,gauche,gauche,8,1,281,281,0,0.76,matched,1
321,10.700,1780168753,T001,16,194.75,148.01,-0.39,1.9,gauche,gauche,16,1,338,269,0,0.763,matched,1
321,10.700,1780168753,T002,18,522.38,503.24,-0.0,-0.0,gauche,gauche,18,1,338,245,0,0.77,matched,1
321,10.700,1780168753,T003,33,102.15,132.31,-0.08,-0.84,gauche,gauche,33,1,322,306,0,0.765,matched,1
321,10.700,1780168753,T004,4,291.77,138.2,-0.15,0.02,gauche,gauche,4,1,322,322,0,0.767,matched,1
321,10.700,1780168753,T005,10,446.8,275.7,0.0,0.01,gauche,gauche,10,1,322,319,0,0.77,matched,1
321,10.700,1780168753,T007,2,381.41,802.9,0.26,-0.29,droite,droite,2,1,322,322,0,0.768,matched,1
321,10.700,1780168753,T009,11,182.73,291.99,-0.11,0.02,gauche,gauche,11,1,319,316,0,0.769,matched,1
321,10.700,1780168753,T011,8,81.45,245.85,-0.28,0.9,gauche,gauche,8,1,282,282,0,0.761,matched,1
322,10.733,1780168753,T001,16,194.08,150.28,-0.33,1.52,gauche,gauche,16,1,339,270,0,0.767,matched,1
322,10.733,1780168753,T002,18,522.38,503.24,-0.0,-0.0,gauche,gauche,18,1,339,246,0,0.77,matched,1
322,10.733,1780168753,T003,33,102.2,131.01,-0.21,-1.11,gauche,gauche,33,1,323,307,0,0.764,matched,1
322,10.733,1780168753,T004,4,291.77,138.2,-0.19,0.02,gauche,gauche,4,1,323,323,0,0.769,matched,1
322,10.733,1780168753,T005,10,446.61,276.39,0.0,0.17,gauche,gauche,10,1,323,320,0,0.768,matched,1
322,10.733,1780168753,T007,2,381.41,802.9,0.41,-0.01,droite,droite,2,1,323,323,0,0.766,matched,1
322,10.733,1780168753,T009,11,182.73,291.99,-0.24,0.01,gauche,gauche,11,1,320,317,0,0.768,matched,1
322,10.733,1780168753,T011,8,81.25,248.28,-0.1,1.6,gauche,gauche,8,1,283,283,0,0.758,matched,1
323,10.767,1780168753,T001,16,193.67,153.61,-0.06,2.9,gauche,gauche,16,1,340,271,0,0.747,matched,1
323,10.767,1780168753,T002,18,522.38,503.24,0.0,-0.0,gauche,gauche,18,1,340,247,0,0.77,matched,1
323,10.767,1780168753,T004,4,291.77,138.2,-0.16,-0.15,gauche,gauche,4,1,324,324,0,0.767,matched,1
323,10.767,1780168753,T005,10,446.6,277.13,0.17,0.37,gauche,gauche,10,1,324,321,0,0.766,matched,1
323,10.767,1780168753,T007,2,382.17,802.48,0.54,-0.07,droite,droite,2,1,324,324,0,0.767,matched,1
323,10.767,1780168753,T009,11,182.73,291.99,-0.23,-0.0,gauche,gauche,11,1,321,318,0,0.77,matched,1
323,10.767,1780168753,T011,8,81.28,252.08,0.17,3.38,gauche,gauche,8,1,284,284,0,0.741,matched,1
324,10.800,1780168753,T001,16,193.72,157.79,0.4,3.79,gauche,gauche,16,1,341,272,0,0.751,matched,1
324,10.800,1780168753,T002,29,522.38,503.24,0.0,-0.17,gauche,gauche,29,1,341,248,0,0.768,matched,1
324,10.800,1780168753,T004,4,291.43,137.46,-0.28,-0.19,gauche,gauche,4,1,325,325,0,0.768,matched,1
324,10.800,1780168753,T005,10,446.67,278.08,0.2,0.7,gauche,gauche,10,1,325,322,0,0.765,matched,1
324,10.800,1780168753,T007,2,382.99,802.13,0.64,-0.08,droite,droite,2,1,325,325,0,0.768,matched,1
324,10.800,1780168753,T009,11,182.29,292.64,-0.18,0.51,gauche,gauche,11,1,322,319,0,0.763,matched,1
324,10.800,1780168753,T011,8,81.68,258.05,0.57,5.85,gauche,gauche,8,1,285,285,0,0.728,matched,1
325,10.833,1780168753,T001,16,193.95,161.76,0.49,3.27,gauche,gauche,16,1,342,273,0,0.767,matched,1
325,10.833,1780168753,T002,18,522.38,503.24,0.0,-0.03,gauche,gauche,18,1,342,249,0,0.768,matched,1
325,10.833,1780168753,T004,4,291.43,137.46,-0.27,-0.16,gauche,gauche,4,1,326,326,0,0.77,matched,1
325,10.833,1780168753,T005,10,446.76,279.0,0.16,0.67,gauche,gauche,10,1,326,323,0,0.769,matched,1
325,10.833,1780168753,T007,2,383.74,801.86,0.53,-0.06,droite,droite,2,1,326,326,0,0.769,matched,1
325,10.833,1780168753,T009,11,181.96,293.37,-0.12,0.59,gauche,gauche,11,1,323,320,0,0.768,matched,1
325,10.833,1780168753,T011,8,82.18,264.15,0.59,5.47,gauche,gauche,8,1,286,286,0,0.767,matched,1
326,10.867,1780168753,T001,16,194.22,165.76,0.41,3.18,gauche,gauche,16,1,343,274,0,0.767,matched,1
326,10.867,1780168753,T002,18,522.38,503.24,0.0,0.03,gauche,gauche,18,1,343,250,0,0.769,matched,1
326,10.867,1780168753,T004,4,291.06,136.72,-0.2,-0.28,gauche,gauche,4,1,327,327,0,0.768,matched,1
326,10.867,1780168753,T005,10,446.97,280.05,0.28,0.84,gauche,gauche,10,1,327,324,0,0.766,matched,1
326,10.867,1780168753,T007,2,383.74,801.86,0.37,-0.04,droite,droite,2,1,327,327,0,0.768,matched,1
326,10.867,1780168753,T009,11,181.84,294.3,0.1,0.83,gauche,gauche,11,1,324,321,0,0.765,matched,1
326,10.867,1780168753,T011,8,82.25,269.01,-0.04,3.57,gauche,gauche,8,1,287,287,0,0.748,matched,1
327,10.900,1780168753,T001,16,194.32,169.2,0.12,2.42,gauche,gauche,16,1,344,275,0,0.763,matched,1
327,10.900,1780168753,T002,18,522.38,503.24,0.0,0.05,gauche,gauche,18,1,344,251,0,0.77,matched,1
327,10.900,1780168753,T004,4,290.64,135.8,-0.3,-0.6,gauche,gauche,4,1,328,328,0,0.765,matched,1
327,10.900,1780168753,T005,10,447.21,281.3,0.26,1.06,gauche,gauche,10,1,328,325,0,0.766,matched,1
327,10.900,1780168753,T007,2,383.74,801.86,0.22,-0.02,droite,droite,2,1,328,328,0,0.768,matched,1
327,10.900,1780168753,T009,11,181.84,295.61,0.17,1.24,gauche,gauche,11,1,325,322,0,0.763,matched,1
327,10.900,1780168753,T011,8,81.68,272.47,-0.79,1.86,gauche,gauche,8,1,288,288,0,0.747,matched,1
328,10.933,1780168753,T001,16,194.32,171.92,-0.02,1.58,gauche,gauche,16,1,345,276,0,0.761,matched,1
328,10.933,1780168753,T002,18,522.38,503.24,0.0,0.04,gauche,gauche,18,1,345,252,0,0.77,matched,1
328,10.933,1780168753,T004,4,290.11,134.64,-0.44,-0.93,gauche,gauche,4,1,329,329,0,0.764,matched,1
328,10.933,1780168753,T005,10,447.56,282.87,0.37,1.41,gauche,gauche,10,1,329,326,0,0.763,matched,1
328,10.933,1780168753,T007,2,384.47,801.64,0.29,-0.01,droite,droite,2,1,329,329,0,0.769,matched,1
328,10.933,1780168753,T009,11,182.01,297.31,0.32,1.63,gauche,gauche,11,1,326,323,0,0.762,matched,1
328,10.933,1780168753,T011,8,81.05,275.78,-0.72,1.97,gauche,gauche,8,1,289,289,0,0.766,matched,1
329,10.967,1780168753,T001,16,194.14,174.07,-0.24,1.07,gauche,gauche,16,1,346,277,0,0.764,matched,1
329,10.967,1780168753,T002,18,522.38,503.24,0.0,0.03,gauche,gauche,18,1,346,253,0,0.77,matched,1
329,10.967,1780168753,T004,4,289.6,133.26,-0.39,-1.19,gauche,gauche,4,1,330,330,0,0.765,matched,1
329,10.967,1780168753,T005,10,447.91,284.5,0.32,1.4,gauche,gauche,10,1,330,327,0,0.768,matched,1
329,10.967,1780168753,T007,2,385.09,800.94,0.25,-0.69,droite,droite,2,1,330,330,0,0.76,matched,1
329,10.967,1780168753,T009,11,182.24,299.23,0.31,1.75,gauche,gauche,11,1,327,324,0,0.766,matched,1
329,10.967,1780168753,T011,8,80.21,278.46,-0.88,1.39,gauche,gauche,8,1,290,290,0,0.764,matched,1
330,11.000,1780168754,T001,16,193.9,175.7,-0.27,0.63,gauche,gauche,16,1,347,278,0,0.765,matched,1
330,11.000,1780168754,T002,18,522.38,503.24,0.0,0.02,gauche,gauche,18,1,347,254,0,0.77,matched,1
330,11.000,1780168754,T004,4,289.04,131.69,-0.46,-1.35,gauche,gauche,4,1,331,331,0,0.766,matched,1
330,11.000,1780168754,T005,10,448.21,286.07,0.23,1.24,gauche,gauche,10,1,331,328,0,0.769,matched,1
330,11.000,1780168754,T007,2,385.57,799.55,0.17,-1.47,droite,droite,2,1,331,331,0,0.757,matched,1
330,11.000,1780168754,T009,11,182.31,301.37,0.06,1.91,gauche,gauche,11,1,328,325,0,0.764,matched,1
331,11.033,1780168754,T001,16,193.67,176.88,-0.22,0.31,gauche,gauche,16,1,348,279,0,0.766,matched,1
331,11.033,1780168754,T002,18,522.38,503.24,-0.0,0.01,gauche,gauche,18,1,348,255,0,0.77,matched,1
331,11.033,1780168754,T004,4,288.53,130.26,-0.38,-1.11,gauche,gauche,4,1,332,332,0,0.768,matched,1
331,11.033,1780168754,T005,10,448.44,287.38,0.15,0.9,gauche,gauche,10,1,332,329,0,0.767,matched,1
331,11.033,1780168754,T007,2,385.95,798.05,0.11,-1.44,droite,droite,2,1,332,332,0,0.768,matched,1
331,11.033,1780168754,T009,11,182.43,303.31,0.12,1.53,gauche,gauche,11,1,329,326,0,0.767,matched,1
332,11.067,1780168754,T001,16,193.48,177.73,-0.15,0.12,gauche,gauche,16,1,349,280,0,0.768,matched,1
332,11.067,1780168754,T002,18,522.38,503.24,-0.0,0.01,gauche,gauche,18,1,349,256,0,0.77,matched,1
332,11.067,1780168754,T005,10,448.74,288.4,0.25,0.57,gauche,gauche,10,1,333,330,0,0.766,matched,1
332,11.067,1780168754,T007,2,386.22,796.17,0.06,-1.78,droite,droite,2,1,333,333,0,0.763,matched,1
332,11.067,1780168754,T009,11,182.43,305.16,-0.05,1.38,gauche,gauche,11,1,330,327,0,0.768,matched,1
332,11.067,1780168754,T011,8,80.13,285.38,0.17,4.4,gauche,gauche,8,1,293,291,0,0.718,matched,1
333,11.100,1780168754,T001,16,193.47,179.42,0.08,1.38,gauche,gauche,16,1,350,281,0,0.751,matched,1
333,11.100,1780168754,T002,18,522.38,503.24,-0.0,0.0,gauche,gauche,18,1,350,257,0,0.77,matched,1
333,11.100,1780168754,T005,10,449.04,289.15,0.23,0.31,gauche,gauche,10,1,334,331,0,0.767,matched,1
333,11.100,1780168754,T007,2,386.43,794.12,0.02,-1.85,droite,droite,2,1,334,334,0,0.766,matched,1
333,11.100,1780168754,T009,11,182.23,306.84,-0.28,1.18,gauche,gauche,11,1,331,328,0,0.766,matched,1
333,11.100,1780168754,T011,8,80.1,292.94,0.15,5.41,gauche,gauche,8,1,294,292,0,0.749,matched,1
334,11.133,1780168754,T001,16,193.55,181.71,0.15,2.06,gauche,gauche,16,1,351,282,0,0.758,matched,1
334,11.133,1780168754,T002,18,522.38,503.24,-0.0,-0.0,gauche,gauche,18,1,351,258,0,0.77,matched,1
334,11.133,1780168754,T005,10,449.04,289.15,0.34,0.14,gauche,gauche,10,1,335,332,0,0.767,matched,1
334,11.133,1780168754,T007,2,386.57,792.01,0.01,-1.79,droite,droite,2,1,335,335,0,0.768,matched,1
334,11.133,1780168754,T009,11,181.96,308.21,-0.3,0.83,gauche,gauche,11,1,332,329,0,0.767,matched,1
334,11.133,1780168754,T011,8,80.09,300.51,0.1,5.57,gauche,gauche,8,1,295,293,0,0.761,matched,1
335,11.167,1780168754,T001,16,194.07,186.13,0.65,4.58,gauche,gauche,16,1,352,283,0,0.729,matched,1
335,11.167,1780168754,T002,18,522.38,503.24,-0.0,-0.0,gauche,gauche,18,1,352,259,0,0.77,matched,1
335,11.167,1780168754,T005,10,449.04,289.15,0.31,-0.13,gauche,gauche,10,1,336,333,0,0.766,matched,1
335,11.167,1780168754,T007,2,386.68,790.18,-0.0,-1.36,droite,droite,2,1,336,336,0,0.766,matched,1
335,11.167,1780168754,T009,11,181.44,309.13,-0.58,0.34,gauche,gauche,11,1,333,330,0,0.762,matched,1
335,11.167,1780168754,T011,8,80.09,307.16,0.06,4.45,gauche,gauche,8,1,296,294,0,0.762,matched,1
336,11.200,1780168754,T001,16,194.84,191.46,0.87,5.19,gauche,gauche,16,1,353,284,0,0.754,matched,1
336,11.200,1780168754,T002,18,522.38,503.24,-0.0,-0.0,gauche,gauche,18,1,353,260,0,0.77,matched,1
336,11.200,1780168754,T005,10,449.68,289.54,0.39,-0.03,gauche,gauche,10,1,337,334,0,0.768,matched,1
336,11.200,1780168754,T007,2,386.76,788.73,-0.0,-0.89,droite,droite,2,1,337,337,0,0.765,matched,1
336,11.200,1780168754,T009,11,180.74,309.58,-0.73,-0.1,gauche,gauche,11,1,334,331,0,0.763,matched,1
336,11.200,1780168754,T011,8,79.94,312.49,-0.15,2.98,gauche,gauche,8,1,297,295,0,0.755,matched,1
336,11.200,1780168754,T013,4,56.85,556.37,-2.14,9.37,droite,droite,4,1,14,3,0,0.634,matched,1
337,11.233,1780168754,T001,16,195.62,196.4,0.75,4.24,gauche,gauche,16,1,354,285,0,0.764,matched,1
337,11.233,1780168754,T002,18,522.38,503.24,-0.0,-0.0,gauche,gauche,18,1,354,261,0,0.77,matched,1
337,11.233,1780168754,T003,29,102.94,368.03,0.02,13.18,gauche,gauche,29,1,338,308,0,0.57,matched,1
337,11.233,1780168754,T005,10,449.68,289.54,0.34,0.01,gauche,gauche,10,1,338,335,0,0.769,matched,1
337,11.233,1780168754,T007,2,386.82,787.65,-0.0,-0.5,droite,droite,2,1,338,338,0,0.766,matched,1
337,11.233,1780168754,T009,11,180.74,309.58,-0.62,-0.24,gauche,gauche,11,1,335,332,0,0.768,matched,1
337,11.233,1780168754,T011,8,79.75,316.65,-0.19,1.92,gauche,gauche,8,1,298,296,0,0.759,matched,1
337,11.233,1780168754,T013,4,56.85,556.37,-0.98,4.01,droite,droite,4,1,15,4,0,0.732,matched,1
338,11.267,1780168754,T001,16,196.41,200.73,0.71,3.26,gauche,gauche,16,1,355,286,0,0.762,matched,1
338,11.267,1780168754,T002,18,522.38,503.24,-0.0,-0.0,gauche,gauche,18,1,355,262,0,0.77,matched,1
338,11.267,1780168754,T003,29,102.95,370.65,0.03,10.77,gauche,gauche,29,1,339,309,0,0.762,matched,1
338,11.267,1780168754,T005,10,449.68,289.54,0.24,0.03,gauche,gauche,10,1,339,336,0,0.769,matched,1
338,11.267,1780168754,T007,2,386.86,786.75,-0.0,-0.41,droite,droite,2,1,339,339,0,0.769,matched,1
338,11.267,1780168754,T009,11,179.6,309.7,-0.95,-0.24,gauche,gauche,11,1,336,333,0,0.764,matched,1
338,11.267,1780168754,T011,8,79.42,319.62,-0.33,0.92,gauche,gauche,8,1,299,297,0,0.758,matched,1
338,11.267,1780168754,T013,4,56.85,556.37,-0.16,0.79,droite,droite,4,1,16,5,0,0.74,matched,1
339,11.300,1780168754,T001,16,197.37,204.15,0.87,2.14,gauche,gauche,16,1,356,287,0,0.758,matched,1
339,11.300,1780168754,T002,18,522.38,503.24,-0.0,-0.0,gauche,gauche,18,1,356,263,0,0.77,matched,1
339,11.300,1780168754,T005,10,449.68,289.54,0.15,0.03,gauche,gauche,10,1,340,337,0,0.769,matched,1
339,11.300,1780168754,T007,2,386.86,786.75,-0.0,-0.11,droite,droite,2,1,340,340,0,0.766,matched,1
339,11.300,1780168754,T009,11,178.36,309.75,-1.03,-0.19,gauche,gauche,11,1,337,334,0,0.767,matched,1
339,11.300,1780168754,T011,8,78.95,322.24,-0.48,1.01,gauche,gauche,8,1,300,298,0,0.766,matched,1
339,11.300,1780168754,T013,4,57.02,555.2,0.09,-0.65,droite,droite,4,1,17,6,0,0.753,matched,1
340,11.333,1780168754,T001,16,198.41,206.7,0.9,1.22,gauche,gauche,16,1,357,288,0,0.76,matched,1
340,11.333,1780168754,T002,18,522.38,503.24,0.0,-0.0,gauche,gauche,18,1,357,264,0,0.77,matched,1
340,11.333,1780168754,T005,10,450.13,291.13,-0.09,1.55,gauche,gauche,10,1,341,338,0,0.747,matched,1
340,11.333,1780168754,T007,2,386.86,786.75,-0.17,0.03,droite,droite,2,1,341,341,0,0.767,matched,1
340,11.333,1780168754,T009,11,176.84,309.78,-1.34,-0.13,gauche,gauche,11,1,338,335,0,0.764,matched,1
340,11.333,1780168754,T011,8,78.75,325.5,-0.09,2.17,gauche,gauche,8,1,301,299,0,0.751,matched,1
340,11.333,1780168754,T013,4,57.37,553.46,0.33,-1.47,droite,droite,4,1,18,7,0,0.757,matched,1
341,11.367,1780168754,T001,16,199.47,208.38,0.88,0.42,gauche,gauche,16,1,358,289,0,0.76,matched,1
341,11.367,1780168754,T002,18,522.38,503.24,0.0,-0.0,gauche,gauche,18,1,358,265,0,0.77,matched,1
341,11.367,1780168754,T005,10,450.11,294.39,-0.5,3.49,gauche,gauche,10,1,342,339,0,0.739,matched,1
341,11.367,1780168754,T007,2,386.86,786.75,-0.37,-0.09,droite,droite,2,1,342,342,0,0.766,matched,1
341,11.367,1780168754,T009,11,175.55,309.95,-0.98,0.1,gauche,gauche,11,1,339,336,0,0.766,matched,1
341,11.367,1780168754,T011,8,78.85,330.42,0.25,4.34,gauche,gauche,8,1,302,300,0,0.735,matched,1
341,11.367,1780168754,T013,4,57.88,551.58,0.51,-1.58,droite,droite,4,1,19,8,0,0.765,matched,1
342,11.400,1780168754,T001,16,200.66,211.39,1.01,2.39,gauche,gauche,16,1,359,290,0,0.74,matched,1
342,11.400,1780168754,T002,18,522.38,503.24,0.0,-0.0,gauche,gauche,18,1,359,266,0,0.77,matched,1
342,11.400,1780168754,T005,10,450.04,298.64,-0.38,4.29,gauche,gauche,10,1,343,340,0,0.753,matched,1
342,11.400,1780168754,T007,2,386.43,786.11,-0.36,-0.12,droite,droite,2,1,343,343,0,0.769,matched,1
342,11.400,1780168754,T009,11,174.4,310.84,-0.79,1.01,gauche,gauche,11,1,340,337,0,0.756,matched,1
342,11.400,1780168754,T011,8,79.07,336.8,0.33,5.89,gauche,gauche,8,1,303,301,0,0.741,matched,1
342,11.400,1780168754,T013,4,58.39,549.76,0.45,-1.43,droite,droite,4,1,20,9,0,0.77,matched,1
343,11.433,1780168754,T001,16,201.89,214.76,1.0,2.78,gauche,gauche,16,1,360,291,0,0.761,matched,1
343,11.433,1780168754,T002,18,522.38,503.24,0.0,0.0,gauche,gauche,18,1,360,267,0,0.77,matched,1
343,11.433,1780168754,T005,10,449.97,302.71,-0.24,3.63,gauche,gauche,10,1,344,341,0,0.766,matched,1
343,11.433,1780168754,T007,2,386.43,786.11,-0.27,-0.1,droite,droite,2,1,344,344,0,0.769,matched,1
343,11.433,1780168754,T009,11,173.48,311.95,-0.54,1.13,gauche,gauche,11,1,341,338,0,0.766,matched,1
343,11.433,1780168754,T011,8,79.3,342.8,0.28,4.98,gauche,gauche,8,1,304,302,0,0.765,matched,1
343,11.433,1780168754,T013,4,58.82,548.23,0.33,-1.05,droite,droite,4,1,21,10,0,0.766,matched,1
344,11.467,1780168754,T001,16,203.09,217.96,0.94,2.47,gauche,gauche,16,1,361,292,0,0.769,matched,1
344,11.467,1780168754,T002,18,522.38,503.24,0.0,-0.17,gauche,gauche,18,1,361,268,0,0.768,matched,1
344,11.467,1780168754,T005,10,449.93,306.37,-0.14,2.89,gauche,gauche,10,1,345,342,0,0.764,matched,1
344,11.467,1780168754,T007,2,385.91,785.04,-0.35,-0.75,droite,droite,2,1,345,345,0,0.76,matched,1
344,11.467,1780168754,T009,11,172.78,314.21,-0.32,2.45,gauche,gauche,11,1,342,339,0,0.749,matched,1
344,11.467,1780168754,T011,8,79.36,348.86,0.03,4.85,gauche,gauche,8,1,305,303,0,0.764,matched,1
344,11.467,1780168754,T013,4,59.16,547.05,0.21,-0.66,droite,droite,4,1,22,11,0,0.766,matched,1
345,11.500,1780168754,T001,16,204.39,222.55,1.04,4.17,gauche,gauche,16,1,362,293,0,0.741,matched,1
345,11.500,1780168754,T002,18,522.38,503.24,0.0,-0.03,gauche,gauche,18,1,362,269,0,0.768,matched,1
345,11.500,1780168754,T005,10,449.91,309.31,-0.06,1.94,gauche,gauche,10,1,346,343,0,0.76,matched,1
345,11.500,1780168754,T007,2,385.3,783.38,-0.47,-1.51,droite,droite,2,1,346,346,0,0.758,matched,1
345,11.500,1780168754,T009,11,172.14,317.51,-0.33,3.43,gauche,gauche,11,1,343,340,0,0.752,matched,1
345,11.500,1780168754,T011,8,79.2,354.51,-0.24,4.22,gauche,gauche,8,1,306,304,0,0.765,matched,1
345,11.500,1780168754,T013,4,59.41,546.18,0.11,-0.36,droite,droite,4,1,23,12,0,0.766,matched,1
346,11.533,1780168754,T001,16,205.69,227.97,1.02,4.9,gauche,gauche,16,1,363,294,0,0.753,matched,1
346,11.533,1780168754,T002,18,522.38,503.24,0.0,-0.14,gauche,gauche,18,1,363,270,0,0.768,matched,1
346,11.533,1780168754,T005,10,449.91,311.66,-0.02,1.31,gauche,gauche,10,1,347,344,0,0.764,matched,1
346,11.533,1780168754,T007,2,384.74,781.26,-0.41,-1.97,droite,droite,2,1,347,347,0,0.761,matched,1
346,11.533,1780168754,T009,11,171.88,321.33,0.08,3.7,gauche,gauche,11,1,344,341,0,0.759,matched,1
346,11.533,1780168754,T011,8,78.96,359.18,-0.29,3.01,gauche,gauche,8,1,307,305,0,0.758,matched,1
346,11.533,1780168754,T013,4,59.41,546.18,0.05,-0.16,droite,droite,4,1,24,13,0,0.768,matched,1
347,11.567,1780168754,T001,16,206.95,233.12,0.94,4.23,gauche,gauche,16,1,364,295,0,0.767,matched,1
347,11.567,1780168754,T002,18,522.38,503.24,0.0,0.02,gauche,gauche,18,1,364,271,0,0.768,matched,1
347,11.567,1780168754,T005,10,450.19,313.43,0.34,0.77,gauche,gauche,10,1,348,345,0,0.762,matched,1
347,11.567,1780168754,T007,2,384.28,778.82,-0.29,-2.21,droite,droite,2,1,348,348,0,0.763,matched,1
347,11.567,1780168754,T009,11,171.54,324.83,-0.12,2.97,gauche,gauche,11,1,345,342,0,0.764,matched,1
347,11.567,1780168754,T013,4,59.41,546.18,-0.15,-0.05,droite,droite,4,1,25,14,0,0.767,matched,1
348,11.600,1780168754,T001,16,208.15,237.55,0.87,3.19,gauche,gauche,16,1,365,296,0,0.761,matched,1
348,11.600,1780168754,T002,18,522.38,503.24,-0.0,-0.09,gauche,gauche,18,1,365,272,0,0.768,matched,1
348,11.600,1780168754,T007,2,383.92,776.31,-0.18,-2.14,droite,droite,2,1,349,349,0,0.767,matched,1
348,11.600,1780168754,T009,11,170.8,327.81,-0.68,2.18,gauche,gauche,11,1,346,343,0,0.759,matched,1
348,11.600,1780168754,T013,4,59.41,546.18,-0.2,0.0,droite,droite,4,1,26,15,0,0.769,matched,1
349,11.633,1780168754,T001,16,209.16,241.03,0.65,2.06,gauche,gauche,16,1,366,297,0,0.758,matched,1
349,11.633,1780168754,T002,18,522.38,503.24,-0.0,0.06,gauche,gauche,18,1,366,273,0,0.768,matched,1
349,11.633,1780168754,T007,2,383.66,774.14,-0.1,-1.63,droite,droite,2,1,350,350,0,0.765,matched,1
349,11.633,1780168754,T009,11,169.97,330.13,-0.74,1.38,gauche,gauche,11,1,347,344,0,0.761,matched,1
349,11.633,1780168754,T013,4,59.41,546.18,-0.17,0.02,droite,droite,4,1,27,16,0,0.77,matched,1
350,11.667,1780168754,T001,16,210.08,244.01,0.58,1.67,gauche,gauche,16,1,367,298,0,0.767,matched,1
350,11.667,1780168754,T002,18,522.38,503.24,-0.0,0.1,gauche,gauche,18,1,367,274,0,0.769,matched,1
350,11.667,1780168754,T007,2,383.48,772.42,-0.04,-1.06,droite,droite,2,1,351,351,0,0.764,matched,1
350,11.667,1780168754,T009,11,168.8,331.83,-1.11,0.76,gauche,gauche,11,1,348,345,0,0.76,matched,1
350,11.667,1780168754,T011,8,79.11,368.54,0.16,4.68,gauche,gauche,8,1,311,306,0,0.734,matched,1
350,11.667,1780168754,T013,4,59.41,546.18,-0.12,0.03,droite,droite,4,1,28,17,0,0.77,matched,1
351,11.700,1780168754,T001,16,210.98,246.8,0.6,1.65,gauche,gauche,16,1,368,299,0,0.768,matched,1
351,11.700,1780168754,T002,18,522.38,503.24,-0.0,0.09,gauche,gauche,18,1,368,275,0,0.77,matched,1
351,11.700,1780168754,T005,35,449.81,319.46,-0.32,3.35,gauche,gauche,35,1,352,346,0,0.721,matched,1
351,11.700,1780168754,T007,2,383.21,771.15,-0.18,-0.6,droite,droite,2,1,352,352,0,0.764,matched,1
351,11.700,1780168754,T009,11,167.37,334.95,-1.34,2.73,gauche,gauche,11,1,349,346,0,0.74,matched,1
351,11.700,1780168754,T011,8,79.31,377.55,0.18,5.16,gauche,gauche,8,1,312,307,0,0.757,matched,1
351,11.700,1780168754,T013,4,59.41,546.18,-0.24,0.02,droite,droite,4,1,29,18,0,0.768,matched,1
352,11.733,1780168754,T001,16,212.16,250.51,0.98,2.97,gauche,gauche,16,1,369,300,0,0.747,matched,1
352,11.733,1780168754,T005,35,449.4,325.77,-0.34,4.14,gauche,gauche,35,1,353,347,0,0.755,matched,1
352,11.733,1780168754,T007,2,382.94,770.24,-0.19,-0.29,droite,droite,2,1,353,353,0,0.766,matched,1
352,11.733,1780168754,T009,11,165.62,339.14,-1.63,3.89,gauche,gauche,11,1,350,347,0,0.748,matched,1
352,11.733,1780168754,T011,8,79.48,386.19,0.15,5.4,gauche,gauche,8,1,313,308,0,0.761,matched,1
352,11.733,1780168754,T012,34,521.79,504.99,0.0,-0.1,gauche,gauche,34,1,339,196,0,0.769,matched,1
352,11.733,1780168754,T013,4,59.08,545.52,-0.24,-0.16,droite,droite,4,1,30,19,0,0.767,matched,1
353,11.767,1780168754,T001,16,213.72,255.25,1.41,4.16,gauche,gauche,16,1,370,301,0,0.747,matched,1
353,11.767,1780168754,T005,35,448.89,331.86,-0.46,4.16,gauche,gauche,35,1,354,348,0,0.764,matched,1
353,11.767,1780168754,T007,2,382.94,770.24,-0.15,-0.1,droite,droite,2,1,354,354,0,0.768,matched,1
353,11.767,1780168754,T009,11,163.7,344.31,-1.71,4.81,gauche,gauche,11,1,351,348,0,0.75,matched,1
353,11.767,1780168754,T011,8,79.62,393.91,0.1,4.68,gauche,gauche,8,1,314,309,0,0.768,matched,1
353,11.767,1780168754,T012,34,521.79,504.99,0.0,-0.09,gauche,gauche,34,1,340,197,0,0.77,matched,1
353,11.767,1780168754,T013,4,59.08,545.52,-0.18,-0.19,droite,droite,4,1,31,20,0,0.769,matched,1
354,11.800,1780168754,T001,16,215.78,261.16,1.94,5.38,gauche,gauche,16,1,371,302,0,0.744,matched,1
354,11.800,1780168754,T005,35,448.57,337.16,-0.18,3.28,gauche,gauche,35,1,355,349,0,0.764,matched,1
354,11.800,1780168754,T007,2,382.94,770.24,-0.1,-0.01,droite,droite,2,1,355,355,0,0.769,matched,1
354,11.800,1780168754,T009,11,161.84,349.88,-1.53,4.92,gauche,gauche,11,1,352,349,0,0.761,matched,1
354,11.800,1780168754,T011,8,79.59,400.19,-0.13,3.28,gauche,gauche,8,1,315,310,0,0.757,matched,1
354,11.800,1780168754,T013,4,59.08,545.52,-0.12,-0.16,droite,droite,4,1,32,21,0,0.769,matched,1
355,11.833,1780168754,T001,16,217.78,266.77,1.7,4.62,gauche,gauche,16,1,372,303,0,0.767,matched,1
355,11.833,1780168754,T005,35,448.37,341.37,-0.05,2.18,gauche,gauche,35,1,356,350,0,0.759,matched,1
355,11.833,1780168754,T007,2,382.94,770.24,-0.06,0.03,droite,droite,2,1,356,356,0,0.769,matched,1
355,11.833,1780168754,T009,11,160.28,354.82,-1.11,3.85,gauche,gauche,11,1,353,350,0,0.761,matched,1
355,11.833,1780168754,T011,8,79.48,404.99,-0.18,2.01,gauche,gauche,8,1,316,311,0,0.757,matched,1
355,11.833,1780168754,T013,4,58.66,544.9,-0.24,-0.11,droite,droite,4,1,33,22,0,0.768,matched,1
356,11.867,1780168754,T001,16,219.73,271.99,1.56,3.96,gauche,gauche,16,1,373,304,0,0.767,matched,1
356,11.867,1780168754,T005,35,448.39,344.55,0.19,1.27,gauche,gauche,35,1,357,351,0,0.76,matched,1
356,11.867,1780168754,T007,2,382.94,770.24,-0.03,0.04,droite,droite,2,1,357,357,0,0.77,matched,1
356,11.867,1780168754,T009,11,158.52,358.91,-1.37,2.73,gauche,gauche,11,1,354,351,0,0.758,matched,1
356,11.867,1780168754,T011,8,79.09,408.68,-0.5,1.25,gauche,gauche,8,1,317,312,0,0.761,matched,1
356,11.867,1780168754,T013,4,58.66,544.9,-0.23,-0.07,droite,droite,4,1,34,23,0,0.769,matched,1
357,11.900,1780168754,T001,16,221.66,276.29,1.49,2.81,gauche,gauche,16,1,374,305,0,0.759,matched,1
357,11.900,1780168754,T003,29,115.89,370.65,2.47,-0.07,gauche,gauche,29,1,374,310,0,0.57,reattached,1
357,11.900,1780168754,T005,35,448.78,346.87,0.58,0.65,gauche,gauche,35,1,358,352,0,0.761,matched,1
357,11.900,1780168754,T007,2,382.94,770.24,0.16,0.03,droite,droite,2,1,358,358,0,0.767,matched,1
357,11.900,1780168754,T009,11,156.64,362.04,-1.51,1.68,gauche,gauche,11,1,355,352,0,0.758,matched,1
357,11.900,1780168754,T011,8,78.76,412.11,-0.34,1.53,gauche,gauche,8,1,318,313,0,0.764,matched,1
357,11.900,1780168754,T013,4,58.66,544.9,-0.17,-0.04,droite,droite,4,1,35,24,0,0.769,matched,1
358,11.933,1780168754,T001,16,223.59,279.72,1.47,1.89,gauche,gauche,16,1,375,306,0,0.761,matched,1
358,11.933,1780168754,T005,35,449.41,348.67,0.76,0.43,gauche,gauche,35,1,359,353,0,0.766,matched,1
358,11.933,1780168754,T007,2,382.94,770.24,0.02,0.02,droite,droite,2,1,359,359,0,0.768,matched,1
358,11.933,1780168754,T009,11,154.82,364.32,-1.38,0.89,gauche,gauche,11,1,356,353,0,0.761,matched,1
358,11.933,1780168754,T011,8,78.79,416.12,0.14,2.65,gauche,gauche,8,1,319,314,0,0.75,matched,1
358,11.933,1780168754,T013,4,58.66,544.9,0.06,-0.18,droite,droite,4,1,36,25,0,0.766,matched,1
359,11.967,1780168754,T001,16,225.52,282.31,1.47,1.11,gauche,gauche,16,1,376,307,0,0.761,matched,1
359,11.967,1780168754,T005,35,449.91,351.27,0.49,1.79,gauche,gauche,35,1,360,354,0,0.749,matched,1
359,11.967,1780168754,T007,2,382.94,770.24,-0.03,0.01,droite,droite,2,1,360,360,0,0.769,matched,1
359,11.967,1780168754,T009,11,153.29,366.76,-1.02,1.41,gauche,gauche,11,1,357,354,0,0.761,matched,1
359,11.967,1780168754,T011,8,79.11,421.25,0.47,4.18,gauche,gauche,8,1,320,315,0,0.743,matched,1
359,11.967,1780168754,T013,4,58.59,543.81,0.3,-0.71,droite,droite,4,1,37,26,0,0.761,matched,1
360,12.000,1780168755,T001,16,227.33,284.59,1.3,1.07,gauche,gauche,16,1,377,308,0,0.769,matched,1
360,12.000,1780168755,T005,35,449.86,355.69,-0.24,4.11,gauche,gauche,35,1,361,355,0,0.732,matched,1
360,12.000,1780168755,T007,2,382.94,770.24,-0.22,0.01,droite,droite,2,1,361,361,0,0.767,matched,1
360,12.000,1780168755,T009,11,152.37,370.75,-0.31,3.5,gauche,gauche,11,1,358,355,0,0.736,matched,1
360,12.000,1780168755,T011,8,79.25,427.43,0.14,5.35,gauche,gauche,8,1,321,316,0,0.746,matched,1
360,12.000,1780168755,T013,4,58.65,542.59,0.33,-0.92,droite,droite,4,1,38,27,0,0.766,matched,1
361,12.033,1780168755,T001,16,228.83,286.6,0.94,0.98,gauche,gauche,16,1,378,309,0,0.767,matched,1
361,12.033,1780168755,T005,35,449.56,360.34,-0.46,4.07,gauche,gauche,35,1,362,356,0,0.763,matched,1
361,12.033,1780168755,T007,2,382.94,770.24,-0.24,0.0,droite,droite,2,1,362,362,0,0.769,matched,1
361,12.033,1780168755,T009,11,151.85,374.91,0.03,3.51,gauche,gauche,11,1,359,356,0,0.763,matched,1
361,12.033,1780168755,T011,8,79.28,433.22,-0.01,4.58,gauche,gauche,8,1,322,317,0,0.766,matched,1
361,12.033,1780168755,T013,4,58.76,541.46,0.26,-0.79,droite,droite,4,1,39,28,0,0.769,matched,1
362,12.067,1780168755,T001,16,230.4,290.43,1.1,3.44,gauche,gauche,16,1,379,310,0,0.732,matched,1
362,12.067,1780168755,T005,35,449.2,365.52,-0.45,4.49,gauche,gauche,35,1,363,357,0,0.758,matched,1
362,12.067,1780168755,T007,2,382.18,769.7,-0.53,0.0,droite,droite,2,1,363,363,0,0.765,matched,1
362,12.067,1780168755,T009,11,151.85,380.07,0.5,4.58,gauche,gauche,11,1,360,357,0,0.748,matched,1
362,12.067,1780168755,T011,8,79.66,439.67,0.44,5.29,gauche,gauche,8,1,323,318,0,0.752,matched,1
362,12.067,1780168755,T013,4,58.85,540.4,0.18,-0.73,droite,droite,4,1,40,29,0,0.769,matched,1
363,12.100,1780168755,T001,16,232.2,296.09,1.42,5.48,gauche,gauche,16,1,380,311,0,0.734,matched,1
363,12.100,1780168755,T005,35,448.88,371.03,-0.34,4.65,gauche,gauche,35,1,364,358,0,0.761,matched,1
363,12.100,1780168755,T007,2,381.31,769.29,-0.7,-0.0,droite,droite,2,1,364,364,0,0.767,matched,1
363,12.100,1780168755,T009,11,152.05,385.78,0.57,4.98,gauche,gauche,11,1,361,358,0,0.757,matched,1
363,12.100,1780168755,T011,8,80.01,445.51,0.34,4.36,gauche,gauche,8,1,324,319,0,0.764,matched,1
363,12.100,1780168755,T013,4,58.92,539.52,0.11,-0.54,droite,droite,4,1,41,30,0,0.768,matched,1
364,12.133,1780168755,T001,16,234.28,302.73,1.73,6.21,gauche,gauche,16,1,381,312,0,0.75,matched,1
364,12.133,1780168755,T005,35,448.89,375.62,0.12,3.32,gauche,gauche,35,1,365,359,0,0.756,matched,1
364,12.133,1780168755,T007,2,380.5,768.98,-0.6,-0.0,droite,droite,2,1,365,365,0,0.77,matched,1
364,12.133,1780168755,T009,11,152.31,391.61,0.46,4.85,gauche,gauche,11,1,362,359,0,0.765,matched,1
364,12.133,1780168755,T011,8,80.16,450.26,0.06,3.01,gauche,gauche,8,1,325,320,0,0.756,matched,1
364,12.133,1780168755,T012,34,425.45,443.48,-7.03,-4.34,gauche,gauche,34,1,351,198,0,0.57,matched,1
364,12.133,1780168755,T013,4,58.92,539.52,0.05,-0.35,droite,droite,4,1,42,31,0,0.768,matched,1
365,12.167,1780168755,T001,16,236.47,309.55,1.8,5.93,gauche,gauche,16,1,382,313,0,0.764,matched,1
365,12.167,1780168755,T005,35,448.92,379.44,0.1,2.39,gauche,gauche,35,1,366,360,0,0.761,matched,1
365,12.167,1780168755,T007,2,380.5,768.98,-0.43,-0.0,droite,droite,2,1,366,366,0,0.768,matched,1
365,12.167,1780168755,T009,11,152.53,396.8,0.32,3.87,gauche,gauche,11,1,363,360,0,0.763,matched,1
365,12.167,1780168755,T011,8,79.64,453.73,-0.74,1.64,gauche,gauche,8,1,326,321,0,0.75,matched,1
365,12.167,1780168755,T012,34,424.52,442.75,-5.02,-3.38,gauche,gauche,34,1,352,199,0,0.758,matched,1
365,12.167,1780168755,T013,4,58.92,539.52,0.02,-0.19,droite,droite,4,1,43,32,0,0.768,matched,1
366,12.200,1780168755,T001,16,238.53,315.46,1.59,4.48,gauche,gauche,16,1,383,314,0,0.757,matched,1
366,12.200,1780168755,T005,35,449.23,382.37,0.41,1.49,gauche,gauche,35,1,367,361,0,0.759,matched,1
366,12.200,1780168755,T007,2,379.83,768.61,-0.26,-0.17,droite,droite,2,1,367,367,0,0.767,matched,1
366,12.200,1780168755,T009,11,152.57,400.98,0.02,2.61,gauche,gauche,11,1,364,361,0,0.757,matched,1
366,12.200,1780168755,T011,8,79.17,457.12,-0.54,1.92,gauche,gauche,8,1,327,322,0,0.763,matched,1
366,12.200,1780168755,T013,4,58.92,539.52,-0.17,-0.09,droite,droite,4,1,44,33,0,0.767,matched,1
367,12.233,1780168755,T001,16,240.26,320.11,1.14,2.9,gauche,gauche,16,1,384,315,0,0.753,matched,1
367,12.233,1780168755,T005,35,449.61,384.53,0.44,0.8,gauche,gauche,35,1,368,362,0,0.762,matched,1
367,12.233,1780168755,T007,2,379.83,768.61,-0.14,-0.2,droite,droite,2,1,368,368,0,0.768,matched,1
367,12.233,1780168755,T009,11,152.5,404.12,-0.1,1.53,gauche,gauche,11,1,365,362,0,0.758,matched,1
367,12.233,1780168755,T011,8,78.8,460.05,-0.34,1.6,gauche,gauche,8,1,328,323,0,0.767,matched,1
367,12.233,1780168755,T013,4,58.92,539.52,-0.2,-0.03,droite,droite,4,1,45,34,0,0.769,matched,1
368,12.267,1780168755,T001,16,242.0,323.56,1.22,1.63,gauche,gauche,16,1,385,316,0,0.755,matched,1
368,12.267,1780168755,T005,35,449.84,386.75,0.18,1.21,gauche,gauche,35,1,369,363,0,0.762,matched,1
368,12.267,1780168755,T007,2,379.21,768.21,-0.23,-0.16,droite,droite,2,1,369,369,0,0.768,matched,1
368,12.267,1780168755,T009,11,152.13,406.38,-0.46,0.77,gauche,gauche,11,1,366,363,0,0.759,matched,1
368,12.267,1780168755,T011,8,78.67,463.36,-0.02,2.3,gauche,gauche,8,1,329,324,0,0.757,matched,1
368,12.267,1780168755,T013,4,58.92,539.52,-0.17,0.0,droite,droite,4,1,46,35,0,0.77,matched,1
369,12.300,1780168755,T001,16,243.79,326.0,1.32,0.77,gauche,gauche,16,1,386,317,0,0.759,matched,1
369,12.300,1780168755,T003,34,87.67,483.85,-4.07,8.5,gauche,gauche,34,1,386,312,0,0.761,matched,1
369,12.300,1780168755,T005,35,449.67,390.51,-0.3,3.3,gauche,gauche,35,1,370,364,0,0.737,matched,1
369,12.300,1780168755,T007,2,379.21,768.21,-0.21,-0.28,droite,droite,2,1,370,370,0,0.768,matched,1
369,12.300,1780168755,T013,4,58.92,539.52,-0.12,0.01,droite,droite,4,1,47,36,0,0.769,matched,1
370,12.333,1780168755,T001,16,245.63,329.49,1.39,2.48,gauche,gauche,16,1,387,318,0,0.744,matched,1
370,12.333,1780168755,T003,34,86.4,486.58,-3.09,5.63,gauche,gauche,34,1,387,313,0,0.752,matched,1
370,12.333,1780168755,T005,35,449.22,395.71,-0.59,4.89,gauche,gauche,35,1,371,365,0,0.741,matched,1
370,12.333,1780168755,T007,2,378.52,767.55,-0.33,-0.43,droite,droite,2,1,371,371,0,0.767,matched,1
370,12.333,1780168755,T009,11,150.92,410.19,-1.11,2.41,gauche,gauche,11,1,368,364,0,0.743,matched,1
370,12.333,1780168755,T013,4,58.92,539.52,-0.24,0.01,droite,droite,4,1,48,37,0,0.768,matched,1
371,12.367,1780168755,T001,16,247.66,334.92,1.62,4.95,gauche,gauche,16,1,388,319,0,0.73,matched,1
371,12.367,1780168755,T003,34,85.75,490.02,-1.17,5.1,gauche,gauche,34,1,388,314,0,0.753,matched,1
371,12.367,1780168755,T005,35,448.85,401.79,-0.4,5.58,gauche,gauche,35,1,372,366,0,0.753,matched,1
371,12.367,1780168755,T007,2,377.92,766.67,-0.3,-0.73,droite,droite,2,1,372,372,0,0.765,matched,1
371,12.367,1780168755,T009,11,150.18,415.88,-0.49,4.78,gauche,gauche,11,1,369,365,0,0.731,matched,1
371,12.367,1780168755,T013,4,58.47,538.91,-0.23,0.01,droite,droite,4,1,49,38,0,0.77,matched,1
372,12.400,1780168755,T001,16,249.91,341.74,1.85,6.31,gauche,gauche,16,1,389,320,0,0.742,matched,1
372,12.400,1780168755,T003,34,85.65,493.86,-0.14,4.58,gauche,gauche,34,1,389,315,0,0.759,matched,1
372,12.400,1780168755,T005,35,448.57,407.93,-0.23,5.26,gauche,gauche,35,1,373,367,0,0.766,matched,1
372,12.400,1780168755,T007,2,377.29,765.8,-0.39,-0.68,droite,droite,2,1,373,373,0,0.768,matched,1
372,12.400,1780168755,T009,11,148.89,422.66,-1.2,5.94,gauche,gauche,11,1,370,366,0,0.744,matched,1
372,12.400,1780168755,T013,4,58.47,538.91,-0.18,0.01,droite,droite,4,1,50,39,0,0.77,matched,1
373,12.433,1780168755,T001,16,251.94,348.21,1.51,5.4,gauche,gauche,16,1,390,321,0,0.765,matched,1
373,12.433,1780168755,T003,34,85.79,497.22,0.2,3.28,gauche,gauche,34,1,390,316,0,0.758,matched,1
373,12.433,1780168755,T005,35,448.38,413.23,-0.12,3.94,gauche,gauche,35,1,374,368,0,0.758,matched,1
373,12.433,1780168755,T007,2,376.73,765.06,-0.34,-0.51,droite,droite,2,1,374,374,0,0.768,matched,1
373,12.433,1780168755,T009,11,147.54,428.95,-1.19,4.98,gauche,gauche,11,1,371,367,0,0.765,matched,1
373,12.433,1780168755,T013,4,58.47,538.91,-0.12,0.0,droite,droite,4,1,51,40,0,0.769,matched,1
374,12.467,1780168755,T001,16,254.0,354.55,1.55,5.01,gauche,gauche,16,1,391,322,0,0.766,matched,1
374,12.467,1780168755,T003,34,85.75,499.7,-0.07,1.89,gauche,gauche,34,1,391,317,0,0.754,matched,1
374,12.467,1780168755,T005,35,448.52,417.66,0.3,2.88,gauche,gauche,35,1,375,369,0,0.759,matched,1
374,12.467,1780168755,T007,2,376.28,764.49,-0.24,-0.33,droite,droite,2,1,375,375,0,0.768,matched,1
374,12.467,1780168755,T009,11,146.08,434.67,-1.25,4.16,gauche,gauche,11,1,372,368,0,0.765,matched,1
374,12.467,1780168755,T013,4,58.47,538.91,-0.07,0.0,droite,droite,4,1,52,41,0,0.769,matched,1
375,12.500,1780168755,T001,16,256.34,360.34,1.89,4.23,gauche,gauche,16,1,392,323,0,0.762,matched,1
375,12.500,1780168755,T003,34,85.9,501.56,0.18,1.11,gauche,gauche,34,1,392,318,0,0.761,matched,1
375,12.500,1780168755,T005,35,448.94,421.09,0.56,1.81,gauche,gauche,35,1,376,370,0,0.758,matched,1
375,12.500,1780168755,T007,2,376.28,764.49,0.02,-0.18,droite,droite,2,1,376,376,0,0.766,matched,1
375,12.500,1780168755,T009,11,144.91,439.47,-0.82,3.07,gauche,gauche,11,1,373,369,0,0.759,matched,1
375,12.500,1780168755,T012,8,518.12,507.71,7.81,5.45,gauche,gauche,8,1,362,200,0,0.57,matched,1
375,12.500,1780168755,T013,4,58.47,538.91,-0.03,0.0,droite,droite,4,1,53,42,0,0.77,matched,1
376,12.533,1780168755,T001,16,258.76,365.09,1.94,2.97,gauche,gauche,16,1,393,324,0,0.757,matched,1
376,12.533,1780168755,T003,34,85.8,500.55,-0.16,-2.33,droite+gauche,"droite,gauche","22,23,34",3,393,319,0,0.721,merged,1
376,12.533,1780168755,T005,35,449.69,423.61,0.87,0.99,gauche,gauche,35,1,377,371,0,0.759,matched,1
376,12.533,1780168755,T007,2,376.28,764.49,-0.05,-0.08,droite,droite,2,1,377,377,0,0.768,matched,1
376,12.533,1780168755,T009,11,143.91,443.2,-0.64,1.95,gauche,gauche,11,1,374,370,0,0.758,matched,1
376,12.533,1780168755,T013,4,58.47,538.91,-0.01,0.0,droite,droite,4,1,54,43,0,0.77,matched,1
377,12.567,1780168755,T001,16,261.15,368.85,1.85,1.98,gauche,gauche,16,1,394,325,0,0.76,matched,1
377,12.567,1780168755,T002,8,423.53,472.19,-3.24,-1.04,gauche,gauche,8,1,410,276,0,0.57,reattached,1
377,12.567,1780168755,T005,35,450.48,425.83,0.79,0.96,gauche,gauche,35,1,378,372,0,0.769,matched,1
377,12.567,1780168755,T007,2,376.28,764.49,-0.07,-0.03,droite,droite,2,1,378,378,0,0.769,matched,1
377,12.567,1780168755,T009,11,143.26,446.65,-0.25,1.93,gauche,gauche,11,1,375,371,0,0.765,matched,1
377,12.567,1780168755,T011,34,80.82,475.8,0.81,3.86,gauche,gauche,34,1,338,325,0,0.711,matched,1
377,12.567,1780168755,T013,33,59.96,537.01,2.29,-1.79,droite+gauche,"droite,gauche","33,4",2,55,44,0,0.727,merged,1
378,12.600,1780168755,T001,16,263.61,371.8,1.91,1.32,gauche,gauche,16,1,395,326,0,0.762,matched,1
378,12.600,1780168755,T005,35,451.03,428.86,0.41,2.26,gauche,gauche,35,1,379,373,0,0.749,matched,1
378,12.600,1780168755,T007,2,376.28,764.49,-0.06,0.0,droite,droite,2,1,379,379,0,0.77,matched,1
378,12.600,1780168755,T009,11,143.26,451.04,0.46,3.35,gauche,gauche,11,1,376,372,0,0.744,matched,1
378,12.600,1780168755,T011,34,82.74,486.49,0.87,3.97,gauche,gauche,34,1,339,326,0,0.765,matched,1
378,12.600,1780168755,T012,8,519.27,507.49,2.4,0.62,gauche,gauche,8,1,365,201,0,0.7,matched,1
378,12.600,1780168755,T013,4,60.28,536.21,0.37,-0.28,droite,droite,4,1,56,45,0,0.738,matched,1
379,12.633,1780168755,T001,16,265.75,374.03,1.5,0.76,gauche,gauche,16,1,396,327,0,0.763,matched,1
379,12.633,1780168755,T005,35,451.38,431.89,0.17,2.25,gauche,gauche,35,1,380,374,0,0.766,matched,1
379,12.633,1780168755,T007,2,376.28,764.49,-0.04,0.01,droite,droite,2,1,380,380,0,0.77,matched,1
379,12.633,1780168755,T009,11,143.55,455.27,0.63,3.14,gauche,gauche,11,1,377,373,0,0.766,matched,1
379,12.633,1780168755,T011,34,84.3,495.04,0.6,2.67,gauche,gauche,34,1,340,327,0,0.761,matched,1
379,12.633,1780168755,T012,8,520.04,507.08,1.26,0.05,gauche,gauche,8,1,366,202,0,0.758,matched,1
379,12.633,1780168755,T013,4,60.28,536.21,-0.46,0.36,droite,droite,4,1,57,46,0,0.755,matched,1
380,12.667,1780168755,T001,16,267.74,377.3,1.34,2.42,gauche,gauche,16,1,397,328,0,0.745,matched,1
380,12.667,1780168755,T005,35,451.32,436.14,-0.3,3.77,gauche,gauche,35,1,381,375,0,0.743,matched,1
380,12.667,1780168755,T007,2,376.28,764.49,-0.03,0.01,droite,droite,2,1,381,381,0,0.77,matched,1
380,12.667,1780168755,T009,11,144.45,460.51,1.24,4.38,gauche,gauche,11,1,378,374,0,0.745,matched,1
380,12.667,1780168755,T011,34,82.86,502.83,-3.59,3.38,droite+gauche,"droite,gauche","34,4",2,341,328,0,0.724,merged,1
380,12.667,1780168755,T012,8,520.04,507.08,0.58,-0.13,gauche,gauche,8,1,367,203,0,0.763,matched,1
381,12.700,1780168755,T001,16,269.66,382.68,1.31,5.05,gauche,gauche,16,1,398,329,0,0.728,matched,1
381,12.700,1780168755,T005,35,450.96,441.46,-0.58,4.86,gauche,gauche,35,1,382,376,0,0.748,matched,1
381,12.700,1780168755,T007,2,376.28,764.49,-0.18,0.01,droite,droite,2,1,382,382,0,0.768,matched,1
381,12.700,1780168755,T009,11,145.64,466.57,1.36,5.23,gauche,gauche,11,1,379,375,0,0.751,matched,1
381,12.700,1780168755,T011,34,80.28,509.29,-4.07,2.67,droite+gauche,"droite,gauche","34,4",2,342,329,0,0.758,merged,1
382,12.733,1780168755,T001,16,271.7,389.53,1.52,6.45,gauche,gauche,16,1,399,330,0,0.742,matched,1
382,12.733,1780168755,T005,35,450.65,447.06,-0.39,4.86,gauche,gauche,35,1,383,377,0,0.763,matched,1
382,12.733,1780168755,T007,2,376.28,764.49,-0.2,0.01,droite,droite,2,1,383,383,0,0.769,matched,1
382,12.733,1780168755,T009,11,146.76,472.71,1.1,5.05,gauche,gauche,11,1,380,376,0,0.765,matched,1
382,12.733,1780168755,T011,34,77.77,514.35,-3.13,1.78,droite+gauche,"droite,gauche","34,4",2,343,330,0,0.759,merged,1
383,12.767,1780168755,T001,16,273.79,396.6,1.59,6.21,gauche,gauche,16,1,400,331,0,0.763,matched,1
383,12.767,1780168755,T003,22,89.17,484.07,0.46,0.57,droite,droite,22,1,400,326,0,0.765,matched,1
383,12.767,1780168755,T005,35,450.42,452.53,-0.23,4.43,gauche,gauche,35,1,384,378,0,0.768,matched,1
383,12.767,1780168755,T007,2,376.28,764.49,-0.16,0.0,droite,droite,2,1,384,384,0,0.77,matched,1
383,12.767,1780168755,T009,11,147.82,478.01,0.92,3.83,gauche,gauche,11,1,381,377,0,0.759,matched,1
383,12.767,1780168755,T012,8,520.38,506.38,0.05,-0.27,gauche,gauche,8,1,370,204,0,0.763,matched,1
383,12.767,1780168755,T013,4,59.5,536.4,-0.43,0.34,droite,droite,4,1,61,47,0,0.77,matched,1
384,12.800,1780168755,T001,16,275.9,403.3,1.6,5.38,gauche,gauche,16,1,401,332,0,0.766,matched,1
384,12.800,1780168755,T003,22,89.98,484.32,0.6,0.87,droite,droite,22,1,401,327,0,0.764,matched,1
384,12.800,1780168755,T005,35,450.4,457.3,0.06,3.43,gauche,gauche,35,1,385,379,0,0.761,matched,1
384,12.800,1780168755,T007,2,376.28,764.49,-0.11,0.0,droite,droite,2,1,385,385,0,0.769,matched,1
384,12.800,1780168755,T012,8,520.38,506.38,-0.04,-0.05,gauche,gauche,8,1,371,205,0,0.767,matched,1
384,12.800,1780168755,T013,4,59.5,536.4,-0.32,0.25,droite,droite,4,1,62,48,0,0.769,matched,1
385,12.833,1780168755,T001,16,277.73,408.87,1.24,3.84,gauche,gauche,16,1,402,333,0,0.755,matched,1
385,12.833,1780168755,T003,22,90.72,484.72,0.52,0.78,droite,droite,22,1,402,328,0,0.77,matched,1
385,12.833,1780168755,T005,35,450.48,461.08,0.15,2.27,gauche,gauche,35,1,386,380,0,0.758,matched,1
385,12.833,1780168755,T007,2,376.28,764.49,-0.07,0.0,droite,droite,2,1,386,386,0,0.769,matched,1
385,12.833,1780168755,T012,8,520.38,506.38,-0.06,0.04,gauche,gauche,8,1,372,206,0,0.769,matched,1
385,12.833,1780168755,T013,4,59.5,536.4,-0.19,0.15,droite,droite,4,1,63,49,0,0.769,matched,1
386,12.867,1780168755,T001,16,279.31,413.3,0.99,2.54,gauche,gauche,16,1,403,334,0,0.756,matched,1
386,12.867,1780168755,T003,22,91.19,485.52,0.2,1.08,droite,droite,22,1,403,329,0,0.763,matched,1
386,12.867,1780168755,T005,35,450.59,463.91,0.16,1.3,gauche,gauche,35,1,387,381,0,0.759,matched,1
386,12.867,1780168755,T007,2,376.28,764.49,-0.03,0.0,droite,droite,2,1,387,387,0,0.77,matched,1
386,12.867,1780168755,T012,8,520.38,506.38,-0.06,0.07,gauche,gauche,8,1,373,207,0,0.77,matched,1
386,12.867,1780168755,T013,4,59.5,536.4,-0.1,0.08,droite,droite,4,1,64,50,0,0.769,matched,1
387,12.900,1780168755,T001,16,280.84,416.6,1.01,1.47,gauche,gauche,16,1,404,335,0,0.758,matched,1
387,12.900,1780168755,T003,22,91.61,486.78,0.2,1.46,droite,droite,22,1,404,330,0,0.763,matched,1
387,12.900,1780168755,T005,35,450.84,465.94,0.29,0.63,gauche,gauche,35,1,388,382,0,0.762,matched,1
387,12.900,1780168755,T007,2,376.28,764.49,-0.01,-0.0,droite,droite,2,1,388,388,0,0.77,matched,1
387,12.900,1780168755,T009,11,149.33,486.11,0.71,3.71,gauche,gauche,11,1,385,378,0,0.765,matched,1
387,12.900,1780168755,T012,8,520.38,506.38,-0.04,0.06,gauche,gauche,8,1,374,208,0,0.77,matched,1
387,12.900,1780168755,T013,4,59.5,536.4,-0.04,0.03,droite,droite,4,1,65,51,0,0.769,matched,1
388,12.933,1780168755,T001,16,282.57,420.08,1.3,2.08,gauche,gauche,16,1,405,336,0,0.757,matched,1
388,12.933,1780168755,T003,22,91.82,488.6,-0.02,1.96,droite,droite,22,1,405,331,0,0.76,matched,1
388,12.933,1780168755,T005,35,450.97,468.18,0.11,1.25,gauche,gauche,35,1,389,383,0,0.76,matched,1
388,12.933,1780168755,T007,2,376.28,764.49,-0.0,-0.0,droite,droite,2,1,389,389,0,0.77,matched,1
388,12.933,1780168755,T009,11,150.83,493.84,0.85,4.18,gauche,gauche,11,1,386,379,0,0.758,matched,1
388,12.933,1780168755,T013,4,58.74,536.55,-0.19,0.01,droite,droite,4,1,66,52,0,0.768,matched,1
389,12.967,1780168755,T001,16,284.42,425.12,1.45,4.22,gauche,gauche,16,1,406,337,0,0.735,matched,1
389,12.967,1780168755,T005,35,450.76,471.62,-0.33,2.91,gauche,gauche,35,1,390,384,0,0.743,matched,1
389,12.967,1780168755,T007,2,376.28,764.49,0.0,-0.0,droite,droite,2,1,390,390,0,0.77,matched,1
389,12.967,1780168755,T009,22,142.79,498.17,-12.29,0.21,droite,droite,22,1,387,380,0,0.603,matched,1
389,12.967,1780168755,T011,11,110.88,517.07,7.12,-0.83,gauche,gauche,11,1,350,332,0,0.753,matched,1
389,12.967,1780168755,T013,4,58.74,536.55,-0.03,-0.0,droite,droite,4,1,67,53,0,0.768,matched,1
390,13.000,1780168756,T001,16,286.48,431.7,1.69,5.96,gauche,gauche,16,1,407,338,0,0.738,matched,1
390,13.000,1780168756,T003,23,90.45,499.02,-0.77,5.26,droite,droite,23,1,407,333,0,0.767,matched,1
390,13.000,1780168756,T005,35,450.27,476.52,-0.59,4.58,gauche,gauche,35,1,391,385,0,0.741,matched,1
390,13.000,1780168756,T007,2,376.28,764.49,0.0,-0.0,droite,droite,2,1,391,391,0,0.77,matched,1
390,13.000,1780168756,T011,11,122.7,517.72,4.44,-0.61,gauche,gauche,11,1,351,333,0,0.749,matched,1
390,13.000,1780168756,T013,4,58.74,536.55,0.04,-0.0,droite,droite,4,1,68,54,0,0.769,matched,1
391,13.033,1780168756,T001,16,288.36,438.07,1.4,5.27,gauche,gauche,16,1,408,339,0,0.768,matched,1
391,13.033,1780168756,T003,23,89.96,503.62,-0.47,3.87,droite,droite,23,1,408,334,0,0.757,matched,1
391,13.033,1780168756,T005,35,449.74,481.4,-0.56,4.19,gauche,gauche,35,1,392,386,0,0.769,matched,1
391,13.033,1780168756,T007,2,376.28,764.49,0.0,-0.0,droite,droite,2,1,392,392,0,0.77,matched,1
391,13.033,1780168756,T011,11,131.61,518.19,2.38,-0.38,gauche,gauche,11,1,352,334,0,0.751,matched,1
391,13.033,1780168756,T013,4,58.74,536.55,0.06,-0.01,droite,droite,4,1,69,55,0,0.77,matched,1
392,13.067,1780168756,T001,16,290.3,444.38,1.48,5.0,gauche,gauche,16,1,409,340,0,0.765,matched,1
392,13.067,1780168756,T003,23,89.76,507.76,-0.07,3.13,droite,droite,23,1,409,335,0,0.763,matched,1
392,13.067,1780168756,T005,35,449.27,486.24,-0.42,3.94,gauche,gauche,35,1,393,387,0,0.767,matched,1
392,13.067,1780168756,T007,2,376.28,764.49,0.0,-0.0,droite,droite,2,1,393,393,0,0.77,matched,1
392,13.067,1780168756,T011,34,139.51,518.56,2.87,-0.21,gauche,gauche,34,1,353,335,0,0.76,matched,1
392,13.067,1780168756,T013,4,58.74,536.55,0.05,-0.0,droite,droite,4,1,70,56,0,0.77,matched,1
393,13.100,1780168756,T001,16,292.42,450.46,1.68,4.61,gauche,gauche,16,1,410,341,0,0.765,matched,1
393,13.100,1780168756,T003,23,89.72,511.11,0.1,2.14,droite,droite,23,1,410,336,0,0.76,matched,1
393,13.100,1780168756,T005,35,449.04,490.52,-0.1,3.11,gauche,gauche,35,1,394,388,0,0.762,matched,1
393,13.100,1780168756,T007,2,376.28,764.49,0.0,-0.0,droite,droite,2,1,394,394,0,0.77,matched,1
393,13.100,1780168756,T012,8,520.38,506.38,-0.01,-0.1,gauche,gauche,8,1,380,209,0,0.767,matched,1
393,13.100,1780168756,T013,4,58.74,536.55,0.04,-0.0,droite,droite,4,1,71,57,0,0.77,matched,1
394,13.133,1780168756,T001,16,294.87,455.73,2.06,3.58,gauche,gauche,16,1,411,342,0,0.758,matched,1
394,13.133,1780168756,T003,23,89.89,513.92,0.31,1.61,droite,droite,23,1,411,337,0,0.764,matched,1
394,13.133,1780168756,T005,35,449.09,493.95,0.22,2.09,gauche,gauche,35,1,395,389,0,0.759,matched,1
394,13.133,1780168756,T007,2,376.28,764.49,0.0,-0.0,droite,droite,2,1,395,395,0,0.77,matched,1
394,13.133,1780168756,T012,8,520.38,506.38,-0.0,0.12,gauche,gauche,8,1,381,210,0,0.767,matched,1
394,13.133,1780168756,T013,4,58.74,536.55,0.02,-0.0,droite,droite,4,1,72,58,0,0.77,matched,1
395,13.167,1780168756,T001,16,297.4,459.91,2.08,2.37,gauche,gauche,16,1,412,343,0,0.757,matched,1
395,13.167,1780168756,T003,23,90.41,516.52,0.66,1.55,droite,droite,23,1,412,338,0,0.764,matched,1
395,13.167,1780168756,T005,35,449.52,496.66,0.63,1.39,gauche,gauche,35,1,396,390,0,0.76,matched,1
395,13.167,1780168756,T007,2,376.28,764.49,0.0,-0.0,droite,droite,2,1,396,396,0,0.77,matched,1
395,13.167,1780168756,T011,22,144.18,510.94,-0.19,-6.51,droite,droite,22,1,356,336,0,0.663,matched,1
395,13.167,1780168756,T012,8,520.38,506.38,0.0,0.16,gauche,gauche,8,1,382,211,0,0.769,matched,1
395,13.167,1780168756,T013,4,58.74,536.55,0.01,-0.0,droite,droite,4,1,73,59,0,0.77,matched,1
396,13.200,1780168756,T001,16,299.9,463.45,1.95,1.88,gauche,gauche,16,1,413,344,0,0.766,matched,1
396,13.200,1780168756,T003,23,91.14,519.23,0.82,1.85,droite,droite,23,1,413,339,0,0.762,matched,1
396,13.200,1780168756,T005,35,449.93,498.96,0.47,1.14,gauche,gauche,35,1,397,391,0,0.768,matched,1
396,13.200,1780168756,T007,2,376.28,764.49,0.0,0.0,droite,droite,2,1,397,397,0,0.77,matched,1
396,13.200,1780168756,T011,22,147.87,503.54,0.04,-5.91,droite,droite,22,1,357,337,0,0.767,matched,1
396,13.200,1780168756,T012,8,520.38,506.38,-0.21,0.77,gauche,gauche,8,1,383,212,0,0.762,matched,1
396,13.200,1780168756,T013,4,58.74,536.55,0.01,-0.0,droite,droite,4,1,74,60,0,0.77,matched,1
397,13.233,1780168756,T001,16,302.02,466.24,1.46,1.26,gauche,gauche,16,1,414,345,0,0.762,matched,1
397,13.233,1780168756,T003,23,91.85,521.65,0.69,1.55,droite,droite,23,1,414,340,0,0.768,matched,1
397,13.233,1780168756,T005,35,450.26,500.8,0.31,0.79,gauche,gauche,35,1,398,392,0,0.766,matched,1
397,13.233,1780168756,T007,2,376.28,764.49,-0.0,0.0,droite,droite,2,1,398,398,0,0.77,matched,1
397,13.233,1780168756,T011,22,150.74,497.33,0.12,-4.23,droite,droite,22,1,358,338,0,0.755,matched,1
397,13.233,1780168756,T012,8,520.38,506.38,-0.22,0.95,gauche,gauche,8,1,384,213,0,0.767,matched,1
397,13.233,1780168756,T013,4,58.74,536.55,0.0,-0.0,droite,droite,4,1,75,61,0,0.77,matched,1
398,13.267,1780168756,T001,16,303.82,469.3,1.11,1.93,gauche,gauche,16,1,415,346,0,0.758,matched,1
398,13.267,1780168756,T003,23,92.59,524.29,0.66,1.93,droite,droite,23,1,415,341,0,0.762,matched,1
398,13.267,1780168756,T005,35,450.5,502.88,0.17,1.32,gauche,gauche,35,1,399,393,0,0.761,matched,1
398,13.267,1780168756,T007,2,376.28,764.49,-0.0,0.0,droite,droite,2,1,399,399,0,0.77,matched,1
398,13.267,1780168756,T011,22,153.24,492.52,0.49,-2.58,droite,droite,22,1,359,339,0,0.753,matched,1
398,13.267,1780168756,T012,8,520.38,506.38,-0.17,0.6,gauche,gauche,8,1,385,214,0,0.766,matched,1
398,13.267,1780168756,T013,4,58.74,536.55,-0.0,0.0,droite,droite,4,1,76,62,0,0.77,matched,1
399,13.300,1780168756,T001,16,305.51,473.2,1.06,3.1,gauche,gauche,16,1,416,347,0,0.75,matched,1
399,13.300,1780168756,T003,23,93.36,527.5,0.66,2.66,droite,droite,23,1,416,342,0,0.756,matched,1
399,13.300,1780168756,T005,8,460.27,504.39,11.98,0.72,gauche,gauche,8,1,400,394,0,0.596,matched,1
399,13.300,1780168756,T007,2,376.28,764.49,-0.0,0.0,droite,droite,2,1,400,400,0,0.77,matched,1
399,13.300,1780168756,T011,22,155.45,488.99,0.68,-1.38,droite,droite,22,1,360,340,0,0.756,matched,1
399,13.300,1780168756,T012,39,520.38,506.38,0.23,-0.36,gauche,gauche,39,1,386,215,0,0.756,matched,1
400,13.333,1780168756,T001,16,307.05,478.6,0.97,4.89,gauche,gauche,16,1,417,348,0,0.739,matched,1
400,13.333,1780168756,T003,23,93.77,531.5,0.18,3.53,droite,droite,23,1,417,343,0,0.752,matched,1
400,13.333,1780168756,T005,8,472.88,505.59,13.64,0.49,gauche,gauche,8,1,401,395,0,0.728,matched,1
400,13.333,1780168756,T007,2,376.28,764.49,-0.0,0.0,droite,droite,2,1,401,401,0,0.77,matched,1
400,13.333,1780168756,T011,22,157.55,486.89,0.94,-0.09,droite,droite,22,1,361,341,0,0.753,matched,1
400,13.333,1780168756,T012,39,520.38,506.38,0.33,-0.63,gauche,gauche,39,1,387,216,0,0.765,matched,1
401,13.367,1780168756,T001,16,308.61,485.04,1.06,5.83,gauche,gauche,16,1,418,349,0,0.749,matched,1
401,13.367,1780168756,T002,25,436.89,490.93,6.24,-9.1,droite,droite,25,1,450,279,0,0.685,matched,1
401,13.367,1780168756,T003,23,93.95,536.25,-0.05,4.25,droite,droite,23,1,418,344,0,0.754,matched,1
401,13.367,1780168756,T005,8,484.85,506.5,11.18,0.29,gauche,gauche,8,1,402,396,0,0.754,matched,1
401,13.367,1780168756,T007,2,376.28,764.49,-0.0,0.0,droite,droite,2,1,402,402,0,0.77,matched,1
401,13.367,1780168756,T011,22,159.49,486.22,0.99,1.09,droite,droite,22,1,362,342,0,0.753,matched,1
402,13.400,1780168756,T001,16,310.1,492.12,1.02,6.23,gauche,gauche,16,1,419,350,0,0.756,matched,1
402,13.400,1780168756,T002,25,442.16,489.13,3.78,-7.17,droite,droite,25,1,451,280,0,0.745,matched,1
402,13.400,1780168756,T003,23,94.15,540.94,0.04,3.9,droite,droite,23,1,419,345,0,0.768,matched,1
402,13.400,1780168756,T005,8,494.72,507.17,7.69,0.15,gauche,gauche,8,1,403,397,0,0.735,matched,1
402,13.400,1780168756,T007,2,376.28,764.49,-0.0,0.0,droite,droite,2,1,403,403,0,0.77,matched,1
402,13.400,1780168756,T011,22,161.39,486.36,1.13,1.46,droite,droite,22,1,363,343,0,0.762,matched,1
403,13.433,1780168756,T001,16,311.37,498.47,0.77,4.97,gauche,gauche,16,1,420,351,0,0.76,matched,1
403,13.433,1780168756,T002,25,446.1,487.33,2.14,-4.77,droite,droite,25,1,452,281,0,0.743,matched,1
403,13.433,1780168756,T003,23,94.33,544.94,0.07,2.88,droite,droite,23,1,420,346,0,0.761,matched,1
403,13.433,1780168756,T005,8,502.19,507.65,4.6,0.06,gauche,gauche,8,1,404,398,0,0.736,matched,1
403,13.433,1780168756,T007,2,376.28,764.49,-0.0,0.0,droite,droite,2,1,404,404,0,0.77,matched,1
403,13.433,1780168756,T011,22,163.04,486.78,0.92,1.27,droite,droite,22,1,364,344,0,0.768,matched,1
403,13.433,1780168756,T013,4,58.74,536.55,0.07,0.0,droite,droite,4,1,81,67,0,0.77,matched,1
404,13.467,1780168756,T001,16,312.63,503.6,0.84,3.35,gauche,gauche,16,1,421,352,0,0.753,matched,1
404,13.467,1780168756,T002,25,448.65,485.97,0.71,-2.82,droite,droite,25,1,453,282,0,0.744,matched,1
404,13.467,1780168756,T003,23,94.49,548.19,0.06,2.0,droite,droite,23,1,421,347,0,0.761,matched,1
404,13.467,1780168756,T005,8,507.68,507.86,2.53,-0.16,gauche,gauche,8,1,405,399,0,0.746,matched,1
404,13.467,1780168756,T007,2,376.28,764.49,-0.0,-0.0,droite,droite,2,1,405,405,0,0.77,matched,1
404,13.467,1780168756,T011,22,164.48,487.63,0.8,1.42,droite,droite,22,1,365,345,0,0.766,matched,1
404,13.467,1780168756,T013,4,58.74,536.55,0.03,0.0,droite,droite,4,1,82,68,0,0.77,matched,1
405,13.500,1780168756,T001,16,314.0,507.45,1.02,1.97,gauche,gauche,16,1,422,353,0,0.754,matched,1
405,13.500,1780168756,T002,25,450.14,485.12,-0.14,-1.46,droite,droite,25,1,454,283,0,0.751,matched,1
405,13.500,1780168756,T003,23,94.48,551.48,-0.12,2.23,droite,droite,23,1,422,348,0,0.763,matched,1
405,13.500,1780168756,T005,8,511.55,507.8,1.16,-0.38,gauche,gauche,8,1,406,400,0,0.753,matched,1
405,13.500,1780168756,T007,2,376.28,764.49,0.17,-0.0,droite,droite,2,1,406,406,0,0.767,matched,1
405,13.500,1780168756,T011,22,166.07,488.92,1.09,1.66,droite,droite,22,1,366,346,0,0.762,matched,1
405,13.500,1780168756,T013,4,58.74,536.55,0.18,0.0,droite,droite,4,1,83,69,0,0.768,matched,1
406,13.533,1780168756,T001,16,315.51,510.49,1.19,1.33,gauche,gauche,16,1,423,354,0,0.762,matched,1
406,13.533,1780168756,T002,25,450.14,485.12,-0.94,-0.62,droite,droite,25,1,455,284,0,0.755,matched,1
406,13.533,1780168756,T003,23,94.95,554.37,0.51,1.81,droite,droite,23,1,423,349,0,0.76,matched,1
406,13.533,1780168756,T007,2,376.28,764.49,0.37,-0.0,droite,droite,2,1,407,407,0,0.767,matched,1
406,13.533,1780168756,T011,22,167.78,490.9,1.29,2.23,droite,droite,22,1,367,347,0,0.758,matched,1
406,13.533,1780168756,T013,4,58.74,536.55,0.2,-0.0,droite,droite,4,1,84,70,0,0.769,matched,1
407,13.567,1780168756,T001,16,317.15,512.78,1.33,0.78,gauche,gauche,16,1,424,355,0,0.763,matched,1
407,13.567,1780168756,T002,25,450.14,485.12,-1.2,-0.16,droite,droite,25,1,456,285,0,0.762,matched,1
407,13.567,1780168756,T003,23,95.71,557.22,0.81,1.92,droite,droite,23,1,424,350,0,0.763,matched,1
407,13.567,1780168756,T007,2,376.28,764.49,0.36,-0.0,droite,droite,2,1,408,408,0,0.77,matched,1
407,13.567,1780168756,T011,22,169.46,493.71,1.24,2.96,droite,droite,22,1,368,348,0,0.756,matched,1
407,13.567,1780168756,T013,4,58.74,536.55,0.16,-0.0,droite,droite,4,1,85,71,0,0.77,matched,1
408,13.600,1780168756,T001,16,318.9,514.32,1.42,0.22,gauche,gauche,16,1,425,356,0,0.762,matched,1
408,13.600,1780168756,T002,25,450.14,485.12,-1.19,0.22,droite,droite,25,1,457,286,0,0.764,matched,1
408,13.600,1780168756,T003,23,96.49,560.52,0.74,2.54,droite,droite,23,1,425,351,0,0.758,matched,1
408,13.600,1780168756,T007,2,376.28,764.49,0.27,-0.0,droite,droite,2,1,409,409,0,0.769,matched,1
408,13.600,1780168756,T011,22,171.31,497.57,1.45,3.93,droite,droite,22,1,369,349,0,0.751,matched,1
408,13.600,1780168756,T013,4,58.74,536.55,0.11,0.17,droite,droite,4,1,86,72,0,0.767,matched,1
409,13.633,1780168756,T001,16,320.45,515.35,1.13,-0.04,gauche,gauche,16,1,426,357,0,0.766,matched,1
409,13.633,1780168756,T002,25,450.14,485.12,-0.92,0.32,droite,droite,25,1,458,287,0,0.767,matched,1
409,13.633,1780168756,T003,23,97.17,563.56,0.55,2.21,droite,droite,23,1,426,352,0,0.768,matched,1
409,13.633,1780168756,T007,2,376.28,764.49,0.18,-0.0,droite,droite,2,1,410,410,0,0.769,matched,1
409,13.633,1780168756,T011,22,172.84,501.35,1.03,3.41,droite,droite,22,1,370,350,0,0.766,matched,1
409,13.633,1780168756,T013,4,58.74,536.55,0.06,0.2,droite,droite,4,1,87,73,0,0.769,matched,1
410,13.667,1780168756,T002,25,449.35,485.88,-0.78,0.96,droite,droite,25,1,459,288,0,0.76,matched,1
410,13.667,1780168756,T003,23,97.42,567.31,0.01,3.11,droite,droite,23,1,427,353,0,0.752,matched,1
410,13.667,1780168756,T007,2,376.28,764.49,0.1,-0.0,droite,droite,2,1,411,411,0,0.769,matched,1
410,13.667,1780168756,T011,22,174.15,505.77,0.81,3.97,droite,droite,22,1,371,351,0,0.757,matched,1
410,13.667,1780168756,T013,4,58.74,536.55,-0.14,0.33,droite,droite,4,1,88,74,0,0.766,matched,1
411,13.700,1780168756,T002,25,448.83,487.48,-0.37,1.84,droite,droite,25,1,460,289,0,0.755,matched,1
411,13.700,1780168756,T003,23,97.31,571.96,-0.37,4.11,droite,droite,23,1,428,354,0,0.75,matched,1
411,13.700,1780168756,T007,2,376.28,764.49,0.05,-0.0,droite,droite,2,1,412,412,0,0.769,matched,1
411,13.700,1780168756,T011,22,175.6,511.07,1.05,4.81,droite,droite,22,1,372,352,0,0.751,matched,1
411,13.700,1780168756,T013,4,58.46,537.41,-0.35,0.65,droite,droite,4,1,89,75,0,0.764,matched,1
412,13.733,1780168756,T002,25,448.65,490.05,0.04,2.78,droite,droite,25,1,461,290,0,0.753,matched,1
412,13.733,1780168756,T003,23,97.19,576.37,-0.26,3.56,droite,droite,23,1,429,355,0,0.768,matched,1
412,13.733,1780168756,T007,2,376.28,764.49,0.02,-0.0,droite,droite,2,1,413,413,0,0.77,matched,1
412,13.733,1780168756,T011,22,177.2,516.71,1.24,4.89,droite,droite,22,1,373,353,0,0.761,matched,1
412,13.733,1780168756,T013,4,58.14,538.38,-0.36,0.79,droite,droite,4,1,90,76,0,0.767,matched,1
413,13.767,1780168756,T002,25,448.91,493.77,0.53,3.87,droite,droite,25,1,462,291,0,0.749,matched,1
413,13.767,1780168756,T003,23,97.24,580.59,0.01,3.22,droite,droite,23,1,430,356,0,0.766,matched,1
413,13.767,1780168756,T007,2,376.28,764.49,0.0,0.0,droite,droite,2,1,414,414,0,0.77,matched,1
413,13.767,1780168756,T011,22,178.78,522.25,1.2,4.49,droite,droite,22,1,374,354,0,0.768,matched,1
413,13.767,1780168756,T013,4,57.84,539.55,-0.28,1.01,droite,droite,4,1,91,77,0,0.766,matched,1
414,13.800,1780168756,T002,25,449.2,497.6,0.43,3.58,droite,droite,25,1,463,292,0,0.768,matched,1
414,13.800,1780168756,T003,23,97.63,584.28,0.45,2.53,droite,droite,23,1,431,357,0,0.762,matched,1
414,13.800,1780168756,T005,8,513.94,507.81,-0.06,-0.02,gauche,gauche,8,1,415,401,0,0.735,matched,1
414,13.800,1780168756,T007,2,376.28,764.49,-0.01,0.0,droite,droite,2,1,415,415,0,0.77,matched,1
414,13.800,1780168756,T011,22,180.54,527.63,1.43,4.17,droite,droite,22,1,375,355,0,0.765,matched,1
414,13.800,1780168756,T013,4,57.6,540.92,-0.18,1.2,droite,droite,4,1,92,78,0,0.766,matched,1
415,13.833,1780168756,T002,25,449.45,500.92,0.29,2.66,droite,droite,25,1,464,293,0,0.762,matched,1
415,13.833,1780168756,T003,23,98.13,587.34,0.52,1.86,droite,droite,23,1,432,358,0,0.764,matched,1
415,13.833,1780168756,T005,8,515.34,508.49,-0.68,1.04,gauche,gauche,8,1,416,402,0,0.758,matched,1
415,13.833,1780168756,T007,2,376.28,764.49,-0.01,0.0,droite,droite,2,1,416,416,0,0.77,matched,1
415,13.833,1780168756,T011,22,182.15,532.2,1.19,3.1,droite,droite,22,1,376,356,0,0.76,matched,1
415,13.833,1780168756,T013,4,57.42,542.19,-0.11,1.0,droite,droite,4,1,93,79,0,0.769,matched,1
416,13.867,1780168756,T002,25,449.5,503.8,0.0,2.04,droite,droite,25,1,465,294,0,0.764,matched,1
416,13.867,1780168756,T003,23,98.74,590.68,0.6,2.37,droite,droite,23,1,433,359,0,0.76,matched,1
416,13.867,1780168756,T005,8,516.23,509.31,-0.64,1.03,gauche,gauche,8,1,417,403,0,0.769,matched,1
416,13.867,1780168756,T007,2,376.28,764.49,-0.01,0.0,droite,droite,2,1,417,417,0,0.77,matched,1
416,13.867,1780168756,T011,22,183.74,536.58,1.17,3.0,droite,droite,22,1,377,357,0,0.767,matched,1
416,13.867,1780168756,T013,4,57.29,543.5,-0.05,1.04,droite,droite,4,1,94,80,0,0.768,matched,1
417,13.900,1780168756,T001,27,322.57,507.98,0.52,-3.25,droite,droite,27,1,434,358,0,0.681,matched,1
417,13.900,1780168756,T002,25,449.31,506.2,-0.28,1.51,droite,droite,25,1,466,295,0,0.764,matched,1
417,13.900,1780168756,T003,23,99.45,594.94,0.66,3.56,droite,droite,23,1,434,360,0,0.749,matched,1
417,13.900,1780168756,T005,8,516.85,509.88,-0.44,0.48,gauche,gauche,8,1,418,404,0,0.765,matched,1
417,13.900,1780168756,T007,2,376.28,764.49,-0.0,0.0,droite,droite,2,1,418,418,0,0.77,matched,1
417,13.900,1780168756,T011,22,185.37,541.39,1.23,3.64,droite,droite,22,1,378,358,0,0.756,matched,1
417,13.900,1780168756,T013,4,57.34,544.79,0.15,0.99,droite,droite,4,1,95,81,0,0.767,matched,1
418,13.933,1780168756,T001,27,324.17,501.85,0.29,-2.53,droite,droite,27,1,435,359,0,0.765,matched,1
418,13.933,1780168756,T002,25,448.9,508.49,-0.49,1.47,droite,droite,25,1,467,296,0,0.766,matched,1
418,13.933,1780168756,T003,23,100.23,599.3,0.71,3.55,droite,droite,23,1,435,361,0,0.765,matched,1
418,13.933,1780168756,T005,8,516.85,509.88,-0.26,0.2,gauche,gauche,8,1,419,405,0,0.767,matched,1
418,13.933,1780168756,T007,2,376.28,764.49,-0.0,0.17,droite,droite,2,1,419,419,0,0.767,matched,1
418,13.933,1780168756,T011,22,186.94,546.71,1.15,4.25,droite,droite,22,1,379,359,0,0.756,matched,1
418,13.933,1780168756,T013,4,57.6,545.75,0.36,0.57,droite,droite,4,1,96,82,0,0.764,matched,1
419,13.967,1780168756,T001,27,325.53,497.07,0.38,-1.48,droite,droite,27,1,436,360,0,0.762,matched,1
419,13.967,1780168756,T002,25,448.18,510.69,-0.81,1.46,droite,droite,25,1,468,297,0,0.764,matched,1
419,13.967,1780168756,T003,23,100.8,604.06,0.39,3.93,droite,droite,23,1,436,362,0,0.759,matched,1
419,13.967,1780168756,T005,8,517.6,509.64,0.22,-0.66,gauche,gauche,8,1,420,406,0,0.757,matched,1
419,13.967,1780168756,T007,2,376.28,764.49,0.17,0.2,droite,droite,2,1,420,420,0,0.767,matched,1
419,13.967,1780168756,T011,22,188.53,552.76,1.2,5.05,droite,droite,22,1,380,360,0,0.752,matched,1
419,13.967,1780168756,T013,4,57.92,546.43,0.36,0.28,droite,droite,4,1,97,83,0,0.767,matched,1
420,14.000,1780168757,T001,27,327.08,493.47,0.97,-0.76,droite,droite,27,1,437,361,0,0.761,matched,1
420,14.000,1780168757,T002,25,447.29,512.97,-0.91,1.64,droite,droite,25,1,469,298,0,0.765,matched,1
420,14.000,1780168757,T003,23,100.92,609.44,-0.16,4.54,droite,droite,23,1,437,363,0,0.753,matched,1
420,14.000,1780168757,T005,8,518.33,509.27,0.34,-0.63,gauche,gauche,8,1,421,407,0,0.768,matched,1
420,14.000,1780168757,T007,2,376.28,764.49,0.2,0.5,droite,droite,2,1,421,421,0,0.765,matched,1
420,14.000,1780168757,T011,22,190.48,558.85,1.62,4.89,droite,droite,22,1,381,361,0,0.76,matched,1
420,14.000,1780168757,T013,4,57.92,546.43,0.45,0.11,droite,droite,4,1,98,84,0,0.767,matched,1
421,14.033,1780168757,T001,27,328.5,490.81,0.88,-0.35,droite,droite,27,1,438,362,0,0.766,matched,1
421,14.033,1780168757,T002,25,446.46,514.98,-0.75,1.33,droite,droite,25,1,470,299,0,0.768,matched,1
421,14.033,1780168757,T003,23,100.82,614.34,-0.33,3.75,droite,droite,23,1,438,364,0,0.764,matched,1
421,14.033,1780168757,T005,8,518.97,508.77,0.3,-0.65,gauche,gauche,8,1,422,408,0,0.769,matched,1
421,14.033,1780168757,T007,2,376.28,764.49,0.33,0.68,droite,droite,2,1,422,422,0,0.766,matched,1
421,14.033,1780168757,T011,22,192.31,564.1,1.42,3.72,droite,droite,22,1,382,362,0,0.76,matched,1
421,14.033,1780168757,T013,4,57.92,546.43,0.38,0.01,droite,droite,4,1,99,85,0,0.769,matched,1
422,14.067,1780168757,T001,27,329.38,488.83,0.27,-0.14,droite,droite,27,1,439,363,0,0.762,matched,1
422,14.067,1780168757,T002,25,445.77,517.15,-0.51,1.59,droite,droite,25,1,471,300,0,0.764,matched,1
422,14.067,1780168757,T003,23,100.64,619.29,-0.33,3.78,droite,droite,23,1,439,365,0,0.764,matched,1
422,14.067,1780168757,T005,8,518.97,508.77,0.22,-0.51,gauche,gauche,8,1,423,409,0,0.769,matched,1
422,14.067,1780168757,T007,2,376.69,765.24,0.31,0.76,droite,droite,2,1,423,423,0,0.768,matched,1
422,14.067,1780168757,T011,22,194.24,568.64,1.53,2.93,droite,droite,22,1,383,363,0,0.763,matched,1
422,14.067,1780168757,T013,4,57.92,546.43,0.27,-0.02,droite,droite,4,1,100,86,0,0.769,matched,1
423,14.100,1780168757,T001,27,330.05,488.5,0.17,1.36,droite,droite,27,1,440,364,0,0.749,matched,1
423,14.100,1780168757,T002,25,445.25,519.92,-0.31,2.35,droite,droite,25,1,472,301,0,0.756,matched,1
423,14.100,1780168757,T003,23,100.73,623.72,0.09,3.1,droite,droite,23,1,440,366,0,0.763,matched,1
423,14.100,1780168757,T005,8,519.63,508.13,0.31,-0.51,gauche,gauche,8,1,424,410,0,0.768,matched,1
423,14.100,1780168757,T007,2,377.17,766.49,0.4,1.3,droite,droite,2,1,424,424,0,0.761,matched,1
423,14.100,1780168757,T011,22,196.37,572.53,1.73,2.3,droite,droite,22,1,384,364,0,0.763,matched,1
423,14.100,1780168757,T013,4,57.92,546.43,0.16,-0.03,droite,droite,4,1,101,87,0,0.769,matched,1
424,14.133,1780168757,T001,27,330.83,489.56,0.43,2.46,droite,droite,27,1,441,365,0,0.752,matched,1
424,14.133,1780168757,T002,25,445.02,523.54,0.01,3.3,droite,droite,25,1,473,302,0,0.752,matched,1
424,14.133,1780168757,T003,23,100.81,627.72,0.06,2.65,droite,droite,23,1,441,367,0,0.768,matched,1
424,14.133,1780168757,T005,8,520.2,507.45,0.27,-0.56,gauche,gauche,8,1,425,411,0,0.768,matched,1
424,14.133,1780168757,T007,2,377.75,768.2,0.51,1.72,droite,droite,2,1,425,425,0,0.762,matched,1
424,14.133,1780168757,T011,22,198.97,576.02,2.27,2.05,droite,droite,22,1,385,365,0,0.76,matched,1
424,14.133,1780168757,T013,4,58.59,546.81,0.26,-0.03,droite,droite,4,1,102,88,0,0.768,matched,1
425,14.167,1780168757,T001,27,331.7,491.05,0.61,2.31,droite,droite,27,1,442,366,0,0.766,matched,1
425,14.167,1780168757,T002,25,444.8,527.46,-0.04,3.43,droite,droite,25,1,474,303,0,0.763,matched,1
425,14.167,1780168757,T003,23,101.0,631.52,0.21,2.55,droite,droite,23,1,442,368,0,0.767,matched,1
425,14.167,1780168757,T005,8,520.2,507.45,0.2,-0.29,gauche,gauche,8,1,426,412,0,0.767,matched,1
425,14.167,1780168757,T007,2,378.44,770.14,0.61,1.83,droite,droite,2,1,426,426,0,0.765,matched,1
425,14.167,1780168757,T011,22,201.98,579.56,2.64,2.33,droite,droite,22,1,386,366,0,0.759,matched,1
425,14.167,1780168757,T013,4,58.59,546.81,0.23,-0.02,droite,droite,4,1,103,89,0,0.77,matched,1
426,14.200,1780168757,T001,27,332.77,492.99,0.87,2.41,droite,droite,27,1,443,367,0,0.763,matched,1
426,14.200,1780168757,T002,25,444.21,531.08,-0.56,2.87,droite,droite,25,1,475,304,0,0.762,matched,1
426,14.200,1780168757,T003,23,101.22,635.15,0.21,2.44,droite,droite,23,1,443,369,0,0.768,matched,1
426,14.200,1780168757,T007,2,379.08,772.04,0.51,1.63,droite,droite,2,1,427,427,0,0.769,matched,1
426,14.200,1780168757,T011,22,205.01,583.21,2.52,2.59,droite,droite,22,1,387,367,0,0.762,matched,1
426,14.200,1780168757,T012,39,520.8,505.75,0.0,0.0,gauche,gauche,39,1,413,233,0,0.77,matched,1
426,14.200,1780168757,T013,4,59.19,547.23,0.17,0.16,droite,droite,4,1,104,90,0,0.767,matched,1
427,14.233,1780168757,T001,27,333.79,494.84,0.78,1.9,droite,droite,27,1,444,368,0,0.766,matched,1
427,14.233,1780168757,T002,25,443.52,534.05,-0.63,2.0,droite,droite,25,1,476,305,0,0.761,matched,1
427,14.233,1780168757,T003,23,101.42,638.21,0.17,1.85,droite,droite,23,1,444,370,0,0.765,matched,1
427,14.233,1780168757,T007,2,379.6,773.64,0.36,1.18,droite,droite,2,1,428,428,0,0.766,matched,1
427,14.233,1780168757,T011,22,207.63,586.42,1.9,2.1,droite,droite,22,1,388,368,0,0.764,matched,1
427,14.233,1780168757,T012,39,520.8,505.75,0.0,0.0,gauche,gauche,39,1,414,234,0,0.77,matched,1
427,14.233,1780168757,T013,4,59.19,547.23,0.11,0.19,droite,droite,4,1,105,91,0,0.769,matched,1
428,14.267,1780168757,T001,27,334.65,496.89,0.57,1.95,droite,droite,27,1,445,369,0,0.766,matched,1
428,14.267,1780168757,T002,25,442.61,536.59,-0.86,1.55,droite,droite,25,1,477,306,0,0.764,matched,1
428,14.267,1780168757,T003,23,101.72,641.42,0.28,2.22,droite,droite,23,1,445,371,0,0.762,matched,1
428,14.267,1780168757,T007,2,380.14,774.88,0.38,0.74,droite,droite,2,1,429,429,0,0.765,matched,1
428,14.267,1780168757,T011,22,209.96,589.81,1.57,2.46,droite,droite,22,1,389,369,0,0.761,matched,1
428,14.267,1780168757,T012,39,520.8,505.75,0.0,0.0,gauche,gauche,39,1,415,235,0,0.77,matched,1
428,14.267,1780168757,T013,4,59.19,547.23,0.06,0.16,droite,droite,4,1,106,92,0,0.769,matched,1
429,14.300,1780168757,T001,27,335.58,499.42,0.69,2.38,droite,droite,27,1,446,370,0,0.76,matched,1
429,14.300,1780168757,T002,25,441.45,538.86,-1.09,1.37,droite,droite,25,1,478,307,0,0.765,matched,1
429,14.300,1780168757,T003,23,102.3,645.24,0.6,3.05,droite,droite,23,1,446,372,0,0.754,matched,1
429,14.300,1780168757,T005,8,520.2,507.45,-0.09,0.26,gauche,gauche,8,1,430,413,0,0.76,matched,1
429,14.300,1780168757,T007,2,380.61,775.79,0.31,0.4,droite,droite,2,1,430,430,0,0.766,matched,1
429,14.300,1780168757,T011,22,212.13,593.67,1.43,3.06,droite,droite,22,1,390,370,0,0.758,matched,1
429,14.300,1780168757,T013,4,59.78,547.81,0.2,0.28,droite,droite,4,1,107,93,0,0.767,matched,1
430,14.333,1780168757,T001,27,336.56,502.63,0.76,3.02,droite,droite,27,1,447,371,0,0.757,matched,1
430,14.333,1780168757,T002,25,440.22,541.27,-1.1,1.66,droite,droite,25,1,479,308,0,0.763,matched,1
430,14.333,1780168757,T003,23,102.92,649.92,0.59,4.03,droite,droite,23,1,447,373,0,0.751,matched,1
430,14.333,1780168757,T005,8,520.2,507.45,-0.11,0.28,gauche,gauche,8,1,431,414,0,0.769,matched,1
430,14.333,1780168757,T007,2,381.12,776.43,0.38,0.18,droite,droite,2,1,431,431,0,0.767,matched,1
430,14.333,1780168757,T011,22,214.47,598.03,1.73,3.61,droite,droite,22,1,391,371,0,0.756,matched,1
430,14.333,1780168757,T013,4,60.16,548.6,0.04,0.6,droite,droite,4,1,108,94,0,0.764,matched,1
431,14.367,1780168757,T001,27,337.7,506.64,0.95,3.77,droite,droite,27,1,448,372,0,0.754,matched,1
431,14.367,1780168757,T002,25,438.99,543.98,-1.03,2.08,droite,droite,25,1,480,309,0,0.761,matched,1
431,14.367,1780168757,T003,23,103.47,654.89,0.45,4.18,droite,droite,23,1,448,374,0,0.762,matched,1
431,14.367,1780168757,T007,2,381.12,776.43,0.32,0.05,droite,droite,2,1,432,432,0,0.768,matched,1
431,14.367,1780168757,T011,22,217.13,602.7,2.13,3.86,droite,droite,22,1,392,372,0,0.758,matched,1
431,14.367,1780168757,T012,39,520.8,505.75,0.0,0.0,gauche,gauche,39,1,418,238,0,0.77,matched,1
431,14.367,1780168757,T013,4,60.4,549.53,-0.03,0.76,droite,droite,4,1,109,95,0,0.767,matched,1
432,14.400,1780168757,T001,27,338.9,511.68,0.98,4.74,droite,droite,27,1,449,373,0,0.75,matched,1
432,14.400,1780168757,T002,25,437.93,546.99,-0.76,2.45,droite,droite,25,1,481,310,0,0.761,matched,1
432,14.400,1780168757,T003,23,103.63,659.7,-0.05,3.79,droite,droite,23,1,449,375,0,0.763,matched,1
432,14.400,1780168757,T005,8,520.2,507.45,0.13,-0.65,gauche,gauche,8,1,433,415,0,0.758,matched,1
432,14.400,1780168757,T007,2,381.61,776.98,0.22,0.16,droite,droite,2,1,433,433,0,0.768,matched,1
432,14.400,1780168757,T011,22,219.98,607.12,2.31,3.41,droite,droite,22,1,393,373,0,0.764,matched,1
432,14.400,1780168757,T013,4,60.42,550.66,-0.22,0.99,droite,droite,4,1,110,96,0,0.765,matched,1
433,14.433,1780168757,T001,27,339.95,516.45,0.77,4.03,droite,droite,27,1,450,374,0,0.766,matched,1
433,14.433,1780168757,T002,25,437.11,549.74,-0.49,2.03,droite,droite,25,1,482,311,0,0.766,matched,1
433,14.433,1780168757,T003,23,103.59,663.75,-0.23,2.78,droite,droite,23,1,450,376,0,0.76,matched,1
433,14.433,1780168757,T005,8,520.62,506.66,0.15,-0.67,gauche,gauche,8,1,434,416,0,0.769,matched,1
433,14.433,1780168757,T007,2,381.61,776.98,0.14,0.17,droite,droite,2,1,434,434,0,0.769,matched,1
433,14.433,1780168757,T011,22,222.52,610.82,1.86,2.47,droite,droite,22,1,394,374,0,0.761,matched,1
433,14.433,1780168757,T013,4,60.35,551.72,-0.25,0.85,droite,droite,4,1,111,97,0,0.769,matched,1
434,14.467,1780168757,T001,27,340.93,521.38,0.68,4.03,droite,droite,27,1,451,375,0,0.764,matched,1
434,14.467,1780168757,T002,25,436.5,552.39,-0.27,1.92,droite,droite,25,1,483,312,0,0.767,matched,1
434,14.467,1780168757,T003,23,103.75,667.86,0.1,2.95,droite,droite,23,1,451,377,0,0.762,matched,1
434,14.467,1780168757,T005,8,520.96,505.97,0.12,-0.51,gauche,gauche,8,1,435,417,0,0.769,matched,1
434,14.467,1780168757,T007,2,382.25,777.61,0.41,0.3,droite,droite,2,1,435,435,0,0.765,matched,1
434,14.467,1780168757,T011,22,224.98,614.22,1.77,2.22,droite,droite,22,1,395,375,0,0.769,matched,1
434,14.467,1780168757,T013,4,60.25,552.88,-0.2,0.95,droite,droite,4,1,112,98,0,0.767,matched,1
435,14.500,1780168757,T001,27,341.74,526.23,0.49,3.8,droite,droite,27,1,452,376,0,0.767,matched,1
435,14.500,1780168757,T002,25,435.66,554.63,-0.64,1.44,droite,droite,25,1,484,313,0,0.763,matched,1
435,14.500,1780168757,T003,23,104.12,672.27,0.37,3.37,droite,droite,23,1,452,378,0,0.759,matched,1
435,14.500,1780168757,T005,8,520.96,505.97,0.08,-0.33,gauche,gauche,8,1,436,418,0,0.768,matched,1
435,14.500,1780168757,T007,2,382.88,778.45,0.42,0.62,droite,droite,2,1,436,436,0,0.765,matched,1
435,14.500,1780168757,T011,22,227.47,617.45,1.84,2.13,droite,droite,22,1,396,376,0,0.766,matched,1
435,14.500,1780168757,T013,4,60.16,553.92,-0.14,0.77,droite,droite,4,1,113,99,0,0.769,matched,1
436,14.533,1780168757,T001,27,342.64,530.63,0.65,3.18,droite,droite,27,1,453,377,0,0.765,matched,1
436,14.533,1780168757,T002,25,434.54,556.38,-0.97,0.93,droite,droite,25,1,485,314,0,0.762,matched,1
436,14.533,1780168757,T003,23,104.67,677.03,0.56,3.78,droite,droite,23,1,453,379,0,0.758,matched,1
436,14.533,1780168757,T005,8,520.96,505.97,0.04,-0.19,gauche,gauche,8,1,437,419,0,0.768,matched,1
436,14.533,1780168757,T007,2,383.69,779.55,0.67,0.95,droite,droite,2,1,437,437,0,0.763,matched,1
436,14.533,1780168757,T011,22,229.78,620.3,1.62,1.78,droite,droite,22,1,397,377,0,0.768,matched,1
436,14.533,1780168757,T013,4,60.1,554.76,-0.08,0.52,droite,droite,4,1,114,100,0,0.767,matched,1
437,14.567,1780168757,T001,27,343.6,534.92,0.73,3.07,droite,droite,27,1,454,378,0,0.766,matched,1
437,14.567,1780168757,T002,25,433.18,557.82,-1.22,0.69,droite,droite,25,1,486,315,0,0.764,matched,1
437,14.567,1780168757,T003,23,105.09,682.26,0.34,4.27,droite,droite,23,1,454,380,0,0.757,matched,1
437,14.567,1780168757,T005,8,520.96,505.97,0.02,-0.09,gauche,gauche,8,1,438,420,0,0.769,matched,1
437,14.567,1780168757,T007,2,384.48,780.62,0.62,0.86,droite,droite,2,1,438,438,0,0.77,matched,1
437,14.567,1780168757,T011,22,231.69,622.75,1.17,1.41,droite,droite,22,1,398,378,0,0.765,matched,1
437,14.567,1780168757,T013,4,60.1,554.76,0.13,0.31,droite,droite,4,1,115,101,0,0.766,matched,1
438,14.600,1780168757,T001,27,344.59,539.24,0.77,3.18,droite,droite,27,1,455,379,0,0.764,matched,1
438,14.600,1780168757,T002,25,431.35,559.07,-1.72,0.61,droite,droite,25,1,487,316,0,0.761,matched,1
438,14.600,1780168757,T003,23,105.39,687.65,0.17,4.34,droite,droite,23,1,455,381,0,0.762,matched,1
438,14.600,1780168757,T005,8,520.96,505.97,0.01,-0.03,gauche,gauche,8,1,439,421,0,0.769,matched,1
438,14.600,1780168757,T007,2,385.28,781.93,0.62,1.14,droite,droite,2,1,439,439,0,0.765,matched,1
438,14.600,1780168757,T011,22,233.3,624.96,0.9,1.29,droite,droite,22,1,399,379,0,0.768,matched,1
438,14.600,1780168757,T013,4,60.1,554.76,0.01,0.16,droite,droite,4,1,116,102,0,0.768,matched,1
439,14.633,1780168757,T001,27,345.46,543.01,0.61,2.5,droite,droite,27,1,456,380,0,0.765,matched,1
439,14.633,1780168757,T002,25,429.57,560.08,-1.52,0.44,droite,droite,25,1,488,317,0,0.768,matched,1
439,14.633,1780168757,T003,23,105.59,692.38,0.07,3.38,droite,droite,23,1,456,382,0,0.762,matched,1
439,14.633,1780168757,T005,8,520.96,505.97,0.0,-0.0,gauche,gauche,8,1,440,422,0,0.77,matched,1
439,14.633,1780168757,T007,2,385.98,783.17,0.49,0.99,droite,droite,2,1,440,440,0,0.769,matched,1
439,14.633,1780168757,T011,22,234.56,626.77,0.59,0.95,droite,droite,22,1,400,380,0,0.766,matched,1
439,14.633,1780168757,T013,4,60.1,554.76,-0.04,0.06,droite,droite,4,1,117,103,0,0.769,matched,1
440,14.667,1780168757,T001,27,346.29,546.68,0.58,2.52,droite,droite,27,1,457,381,0,0.766,matched,1
440,14.667,1780168757,T002,25,427.93,560.99,-1.27,0.45,droite,droite,25,1,489,318,0,0.768,matched,1
440,14.667,1780168757,T003,23,105.85,696.13,0.19,2.24,droite,droite,23,1,457,383,0,0.758,matched,1
440,14.667,1780168757,T005,8,520.96,505.97,-0.0,0.01,gauche,gauche,8,1,441,423,0,0.77,matched,1
440,14.667,1780168757,T007,2,386.81,784.61,0.66,1.21,droite,droite,2,1,441,441,0,0.764,matched,1
440,14.667,1780168757,T011,22,235.5,628.59,0.34,1.11,droite,droite,22,1,401,381,0,0.765,matched,1
440,14.667,1780168757,T013,4,60.1,554.76,-0.05,0.01,droite,droite,4,1,118,104,0,0.769,matched,1
441,14.700,1780168757,T001,27,347.13,550.65,0.6,2.98,droite,droite,27,1,458,382,0,0.76,matched,1
441,14.700,1780168757,T002,25,426.18,561.88,-1.39,0.52,droite,droite,25,1,490,319,0,0.766,matched,1
441,14.700,1780168757,T003,23,106.11,699.07,0.19,1.46,droite,droite,23,1,458,384,0,0.762,matched,1
441,14.700,1780168757,T005,8,520.96,505.97,-0.0,0.01,gauche,gauche,8,1,442,424,0,0.77,matched,1
441,14.700,1780168757,T007,2,387.72,786.08,0.75,1.2,droite,droite,2,1,442,442,0,0.767,matched,1
441,14.700,1780168757,T011,22,236.32,630.59,0.33,1.43,droite,droite,22,1,402,382,0,0.764,matched,1
441,14.700,1780168757,T013,4,60.1,554.76,0.13,-0.01,droite,droite,4,1,119,105,0,0.767,matched,1
442,14.733,1780168757,T001,27,347.86,555.32,0.48,3.84,droite,droite,27,1,459,383,0,0.753,matched,1
442,14.733,1780168757,T002,25,424.35,562.93,-1.46,0.77,droite,droite,25,1,491,320,0,0.765,matched,1
442,14.733,1780168757,T003,23,106.75,701.27,0.66,0.83,droite,droite,23,1,459,385,0,0.76,matched,1
442,14.733,1780168757,T005,8,520.96,505.97,-0.17,0.18,gauche,gauche,8,1,443,425,0,0.766,matched,1
442,14.733,1780168757,T007,2,388.82,787.49,0.95,1.09,droite,droite,2,1,443,443,0,0.766,matched,1
442,14.733,1780168757,T011,22,237.27,632.68,0.6,1.57,droite,droite,22,1,403,383,0,0.764,matched,1
442,14.733,1780168757,T013,4,60.1,554.76,0.17,-0.02,droite,droite,4,1,120,106,0,0.769,matched,1
443,14.767,1780168757,T001,27,348.3,560.34,0.15,4.15,droite,droite,27,1,460,384,0,0.759,matched,1
443,14.767,1780168757,T002,25,422.73,564.32,-1.16,1.2,droite,droite,25,1,492,321,0,0.762,matched,1
443,14.767,1780168757,T003,23,107.61,702.72,0.86,0.23,droite,droite,23,1,460,386,0,0.761,matched,1
443,14.767,1780168757,T005,8,520.96,505.97,-0.2,0.2,gauche,gauche,8,1,444,426,0,0.769,matched,1
443,14.767,1780168757,T007,2,389.99,788.68,0.98,0.8,droite,droite,2,1,444,444,0,0.767,matched,1
443,14.767,1780168757,T011,22,238.42,634.8,0.9,1.61,droite,droite,22,1,404,384,0,0.764,matched,1
443,14.767,1780168757,T013,4,60.1,554.76,0.14,-0.02,droite,droite,4,1,121,107,0,0.77,matched,1
444,14.800,1780168757,T001,27,348.83,565.1,0.33,3.66,droite,droite,27,1,461,385,0,0.767,matched,1
444,14.800,1780168757,T002,25,421.43,566.08,-0.78,1.6,droite,droite,25,1,493,322,0,0.761,matched,1
444,14.800,1780168757,T003,23,108.44,703.94,0.74,0.28,droite,droite,23,1,461,387,0,0.769,matched,1
444,14.800,1780168757,T005,8,520.96,505.97,-0.16,0.17,gauche,gauche,8,1,445,427,0,0.77,matched,1
444,14.800,1780168757,T007,2,391.29,789.61,1.11,0.51,droite,droite,2,1,445,445,0,0.765,matched,1
444,14.800,1780168757,T011,22,239.79,636.64,1.15,1.26,droite,droite,22,1,405,385,0,0.764,matched,1
444,14.800,1780168757,T013,4,60.1,554.76,0.1,-0.01,droite,droite,4,1,122,108,0,0.77,matched,1
445,14.833,1780168757,T001,27,349.33,569.07,0.32,2.64,droite,droite,27,1,462,386,0,0.76,matched,1
445,14.833,1780168757,T002,25,420.46,567.77,-0.45,1.39,droite,droite,25,1,494,323,0,0.766,matched,1
445,14.833,1780168757,T003,23,109.14,705.06,0.53,0.41,droite,droite,23,1,462,388,0,0.767,matched,1
445,14.833,1780168757,T005,8,520.96,505.97,-0.11,0.11,gauche,gauche,8,1,446,428,0,0.769,matched,1
445,14.833,1780168757,T007,2,392.48,790.29,0.91,0.28,droite,droite,2,1,446,446,0,0.767,matched,1
445,14.833,1780168757,T011,22,241.07,637.97,0.99,0.67,droite,droite,22,1,406,386,0,0.763,matched,1
445,14.833,1780168757,T013,4,60.1,554.76,0.06,-0.01,droite,droite,4,1,123,109,0,0.77,matched,1
446,14.867,1780168757,T001,27,349.9,572.41,0.42,1.99,droite,droite,27,1,463,387,0,0.764,matched,1
446,14.867,1780168757,T002,25,419.62,569.73,-0.4,1.68,droite,droite,25,1,495,324,0,0.764,matched,1
446,14.867,1780168757,T003,23,109.68,706.28,0.32,0.71,droite,droite,23,1,463,389,0,0.765,matched,1
446,14.867,1780168757,T005,8,520.96,505.97,-0.07,0.07,gauche,gauche,8,1,447,429,0,0.769,matched,1
446,14.867,1780168757,T007,2,393.44,791.6,0.62,1.15,droite,droite,2,1,447,447,0,0.757,matched,1
446,14.867,1780168757,T011,22,242.13,639.02,0.7,0.46,droite,droite,22,1,407,387,0,0.767,matched,1
446,14.867,1780168757,T013,4,60.1,554.76,0.03,-0.0,droite,droite,4,1,124,110,0,0.77,matched,1
447,14.900,1780168757,T001,27,350.55,575.29,0.53,1.63,droite,droite,27,1,464,388,0,0.767,matched,1
447,14.900,1780168757,T002,25,418.67,572.09,-0.62,2.09,droite,droite,25,1,496,325,0,0.761,matched,1
447,14.900,1780168757,T003,23,109.93,707.67,0.0,1.0,droite,droite,23,1,464,390,0,0.763,matched,1
447,14.900,1780168757,T005,8,520.96,505.97,-0.03,0.04,gauche,gauche,8,1,448,430,0,0.769,matched,1
447,14.900,1780168757,T007,2,394.31,792.2,0.54,0.2,droite,droite,2,1,448,448,0,0.758,matched,1
447,14.900,1780168757,T011,22,243.08,640.1,0.6,0.61,droite,droite,22,1,408,388,0,0.767,matched,1
447,14.900,1780168757,T013,4,60.1,554.76,0.01,0.17,droite,droite,4,1,125,111,0,0.767,matched,1
448,14.933,1780168757,T001,27,351.43,578.0,0.79,1.63,droite,droite,27,1,465,389,0,0.765,matched,1
448,14.933,1780168757,T002,25,417.52,574.7,-0.91,2.28,droite,droite,25,1,497,326,0,0.762,matched,1
448,14.933,1780168757,T003,23,110.16,710.2,0.05,2.42,droite,droite,23,1,465,391,0,0.748,matched,1
448,14.933,1780168757,T005,8,520.96,505.97,-0.01,0.01,gauche,gauche,8,1,449,431,0,0.77,matched,1
448,14.933,1780168757,T007,2,395.15,792.39,0.56,-0.21,droite,droite,2,1,449,449,0,0.764,matched,1
448,14.933,1780168757,T011,22,243.85,641.18,0.43,0.7,droite,droite,22,1,409,389,0,0.767,matched,1
448,14.933,1780168757,T013,4,60.32,555.51,0.0,0.2,droite,droite,4,1,126,112,0,0.769,matched,1
449,14.967,1780168757,T001,27,352.42,580.97,0.88,2.11,droite,droite,27,1,466,390,0,0.76,matched,1
449,14.967,1780168757,T002,25,415.89,577.2,-1.49,2.01,droite,droite,25,1,498,327,0,0.76,matched,1
449,14.967,1780168757,T003,23,110.22,712.75,-0.12,2.24,droite,droite,23,1,466,392,0,0.767,matched,1
449,14.967,1780168757,T005,8,520.96,505.97,-0.0,0.0,gauche,gauche,8,1,450,432,0,0.77,matched,1
449,14.967,1780168757,T007,2,396.01,793.61,0.61,1.21,droite,droite,2,1,450,450,0,0.749,matched,1
449,14.967,1780168757,T011,22,244.44,642.13,0.26,0.58,droite,droite,22,1,410,390,0,0.768,matched,1
449,14.967,1780168757,T013,4,60.32,555.51,-0.0,0.16,droite,droite,4,1,127,113,0,0.77,matched,1
450,15.000,1780168758,T001,27,353.46,584.22,0.89,2.49,droite,droite,27,1,467,391,0,0.761,matched,1
450,15.000,1780168758,T002,25,413.98,579.43,-1.72,1.61,droite,droite,25,1,499,328,0,0.764,matched,1
450,15.000,1780168758,T003,23,110.06,715.35,-0.32,2.18,droite,droite,23,1,467,393,0,0.766,matched,1
450,15.000,1780168758,T005,8,520.96,505.97,0.0,-0.17,gauche,gauche,8,1,451,433,0,0.767,matched,1
450,15.000,1780168758,T007,2,396.63,794.18,0.32,0.29,droite,droite,2,1,451,451,0,0.758,matched,1
450,15.000,1780168758,T011,22,245.01,642.89,0.31,0.4,droite,droite,22,1,411,391,0,0.768,matched,1
450,15.000,1780168758,T013,4,60.32,555.51,-0.0,0.11,droite,droite,4,1,128,114,0,0.77,matched,1
451,15.033,1780168758,T001,27,354.38,587.15,0.69,2.08,droite,droite,27,1,468,392,0,0.767,matched,1
451,15.033,1780168758,T002,25,412.22,581.22,-1.42,1.1,droite,droite,25,1,500,329,0,0.764,matched,1
451,15.033,1780168758,T003,23,109.83,717.61,-0.33,1.66,droite,droite,23,1,468,394,0,0.766,matched,1
451,15.033,1780168758,T005,8,520.96,505.97,0.17,-0.2,gauche,gauche,8,1,452,434,0,0.767,matched,1
451,15.033,1780168758,T007,2,397.19,794.65,0.3,0.21,droite,droite,2,1,452,452,0,0.769,matched,1
451,15.033,1780168758,T011,22,245.5,643.47,0.26,0.24,droite,droite,22,1,412,392,0,0.768,matched,1
451,15.033,1780168758,T013,4,60.32,555.51,-0.0,0.07,droite,droite,4,1,129,115,0,0.77,matched,1
452,15.067,1780168758,T001,27,355.25,590.22,0.62,2.29,droite,droite,27,1,469,393,0,0.764,matched,1
452,15.067,1780168758,T002,25,410.38,582.71,-1.49,0.82,droite,droite,25,1,501,330,0,0.766,matched,1
452,15.067,1780168758,T003,23,109.74,718.43,-0.09,-0.11,droite,droite,23,1,469,395,0,0.746,matched,1
452,15.067,1780168758,T005,8,520.96,505.97,0.03,-0.17,gauche,gauche,8,1,453,435,0,0.768,matched,1
452,15.067,1780168758,T007,2,397.78,795.7,0.4,0.98,droite,droite,2,1,453,453,0,0.758,matched,1
452,15.067,1780168758,T011,22,245.5,643.47,0.18,-0.05,droite,droite,22,1,413,393,0,0.766,matched,1
452,15.067,1780168758,T013,4,60.32,555.51,-0.0,0.04,droite,droite,4,1,130,116,0,0.77,matched,1
453,15.100,1780168758,T001,27,355.97,593.62,0.46,2.71,droite,droite,27,1,470,394,0,0.76,matched,1
453,15.100,1780168758,T002,25,408.61,584.01,-1.35,0.7,droite,droite,25,1,502,331,0,0.769,matched,1
453,15.100,1780168758,T003,23,109.74,718.43,0.03,-0.26,droite,droite,23,1,470,396,0,0.767,matched,1
453,15.100,1780168758,T005,8,520.96,505.97,-0.03,-0.11,gauche,gauche,8,1,454,436,0,0.769,matched,1
453,15.100,1780168758,T007,2,397.78,795.7,0.18,0.21,droite,droite,2,1,454,454,0,0.76,matched,1
453,15.100,1780168758,T011,22,245.5,643.47,0.11,-0.32,droite,droite,22,1,414,394,0,0.766,matched,1
453,15.100,1780168758,T013,4,60.48,556.26,-0.0,0.18,droite,droite,4,1,131,117,0,0.768,matched,1
454,15.133,1780168758,T001,27,356.53,597.52,0.29,3.27,droite,droite,27,1,471,395,0,0.758,matched,1
454,15.133,1780168758,T002,25,407.13,585.46,-0.99,1.0,droite,droite,25,1,503,332,0,0.764,matched,1
454,15.133,1780168758,T003,23,109.74,718.43,0.23,-0.08,droite,droite,23,1,471,397,0,0.766,matched,1
454,15.133,1780168758,T005,8,520.96,505.97,0.12,-0.07,gauche,gauche,8,1,455,437,0,0.768,matched,1
454,15.133,1780168758,T007,2,397.78,795.7,0.22,-0.48,droite,droite,2,1,455,455,0,0.76,matched,1
454,15.133,1780168758,T011,22,245.5,643.47,0.06,-0.52,droite,droite,22,1,415,395,0,0.767,matched,1
454,15.133,1780168758,T013,4,60.48,556.26,-0.0,0.2,droite,droite,4,1,132,118,0,0.769,matched,1
455,15.167,1780168758,T001,27,356.94,601.67,0.16,3.43,droite,droite,27,1,472,396,0,0.763,matched,1
455,15.167,1780168758,T002,25,405.7,586.93,-0.96,1.06,droite,droite,25,1,504,333,0,0.767,matched,1
455,15.167,1780168758,T003,23,109.74,718.43,0.43,0.0,droite,droite,23,1,472,398,0,0.767,matched,1
455,15.167,1780168758,T005,8,520.96,505.97,0.15,-0.04,gauche,gauche,8,1,456,438,0,0.769,matched,1
455,15.167,1780168758,T007,2,397.78,795.7,0.19,-0.63,droite,droite,2,1,456,456,0,0.767,matched,1
455,15.167,1780168758,T011,22,245.5,643.47,0.02,-0.48,droite,droite,22,1,416,396,0,0.77,matched,1
455,15.167,1780168758,T013,4,60.61,557.06,-0.0,0.33,droite,droite,4,1,133,119,0,0.768,matched,1
456,15.200,1780168758,T001,27,357.38,605.75,0.24,3.22,droite,droite,27,1,473,397,0,0.768,matched,1
456,15.200,1780168758,T002,25,404.22,588.21,-1.08,0.84,droite,droite,25,1,505,334,0,0.767,matched,1
456,15.200,1780168758,T003,23,110.41,719.03,0.58,0.03,droite,droite,23,1,473,399,0,0.767,matched,1
456,15.200,1780168758,T005,8,520.96,505.97,0.13,-0.01,gauche,gauche,8,1,457,439,0,0.77,matched,1
456,15.200,1780168758,T007,2,398.61,795.55,0.47,-0.21,droite,droite,2,1,457,457,0,0.763,matched,1
456,15.200,1780168758,T011,22,245.5,643.47,0.01,-0.35,droite,droite,22,1,417,397,0,0.769,matched,1
456,15.200,1780168758,T013,4,60.61,557.06,-0.0,0.31,droite,droite,4,1,134,120,0,0.77,matched,1
457,15.233,1780168758,T001,27,357.77,609.22,0.22,2.41,droite,droite,27,1,474,398,0,0.763,matched,1
457,15.233,1780168758,T002,25,402.91,589.24,-0.87,0.57,droite,droite,25,1,506,335,0,0.767,matched,1
457,15.233,1780168758,T003,23,111.04,719.5,0.5,0.04,droite,droite,23,1,474,400,0,0.77,matched,1
457,15.233,1780168758,T005,8,520.96,505.97,0.09,-0.0,gauche,gauche,8,1,458,440,0,0.77,matched,1
457,15.233,1780168758,T007,2,399.4,795.54,0.47,0.0,droite,droite,2,1,458,458,0,0.767,matched,1
457,15.233,1780168758,T011,22,245.5,643.47,-0.0,-0.23,droite,droite,22,1,418,398,0,0.769,matched,1
457,15.233,1780168758,T013,4,60.7,557.8,-0.0,0.23,droite,droite,4,1,135,121,0,0.769,matched,1
458,15.267,1780168758,T001,27,358.22,612.35,0.33,2.06,droite,droite,27,1,475,399,0,0.767,matched,1
458,15.267,1780168758,T002,25,401.58,590.01,-0.94,0.33,droite,droite,25,1,507,336,0,0.767,matched,1
458,15.267,1780168758,T003,23,111.57,720.0,0.36,0.2,droite,droite,23,1,475,401,0,0.767,matched,1
458,15.267,1780168758,T005,8,520.96,505.97,0.06,0.0,gauche,gauche,8,1,459,441,0,0.77,matched,1
458,15.267,1780168758,T007,2,399.4,795.54,0.37,0.25,droite,droite,2,1,459,459,0,0.766,matched,1
458,15.267,1780168758,T011,22,245.5,643.47,-0.01,-0.13,droite,droite,22,1,419,399,0,0.769,matched,1
458,15.267,1780168758,T013,4,60.7,557.8,-0.17,0.14,droite,droite,4,1,136,122,0,0.767,matched,1
459,15.300,1780168758,T001,27,358.65,615.6,0.3,2.3,droite,droite,27,1,476,400,0,0.763,matched,1
459,15.300,1780168758,T002,25,400.29,590.7,-0.92,0.34,droite,droite,25,1,508,337,0,0.769,matched,1
459,15.300,1780168758,T003,23,111.57,720.0,0.22,0.22,droite,droite,23,1,476,402,0,0.768,matched,1
459,15.300,1780168758,T005,8,520.96,505.97,0.03,0.0,gauche,gauche,8,1,460,442,0,0.77,matched,1
459,15.300,1780168758,T007,2,400.21,795.99,0.41,0.46,droite,droite,2,1,460,460,0,0.766,matched,1
459,15.300,1780168758,T011,22,245.5,643.47,-0.01,-0.06,droite,droite,22,1,420,400,0,0.769,matched,1
459,15.300,1780168758,T013,4,60.7,557.8,-0.2,0.08,droite,droite,4,1,137,123,0,0.769,matched,1
460,15.333,1780168758,T001,27,359.0,618.59,0.22,2.05,droite,droite,27,1,477,401,0,0.769,matched,1
460,15.333,1780168758,T002,25,399.05,591.28,-0.87,0.26,droite,droite,25,1,509,338,0,0.769,matched,1
460,15.333,1780168758,T003,23,111.57,720.0,0.29,0.01,droite,droite,23,1,477,403,0,0.767,matched,1
460,15.333,1780168758,T005,8,520.96,505.97,0.01,0.0,gauche,gauche,8,1,461,443,0,0.77,matched,1
460,15.333,1780168758,T007,2,400.9,796.73,0.34,0.78,droite,droite,2,1,461,461,0,0.765,matched,1
460,15.333,1780168758,T011,22,245.5,643.47,-0.0,0.32,droite,droite,22,1,421,401,0,0.765,matched,1
460,15.333,1780168758,T013,4,60.7,557.8,-0.16,0.21,droite,droite,4,1,138,124,0,0.768,matched,1
461,15.367,1780168758,T001,27,359.42,621.75,0.31,2.33,droite,droite,27,1,478,402,0,0.763,matched,1
461,15.367,1780168758,T002,25,397.59,591.87,-1.17,0.34,droite,droite,25,1,510,339,0,0.764,matched,1
461,15.367,1780168758,T003,23,112.29,720.29,0.42,-0.08,droite,droite,23,1,478,404,0,0.767,matched,1
461,15.367,1780168758,T005,8,520.96,505.97,-0.17,0.0,gauche,gauche,8,1,462,444,0,0.767,matched,1
461,15.367,1780168758,T007,2,401.59,797.78,0.4,1.06,droite,droite,2,1,462,462,0,0.764,matched,1
461,15.367,1780168758,T011,22,245.5,643.47,-0.17,0.39,droite,droite,22,1,422,402,0,0.767,matched,1
461,15.367,1780168758,T013,4,60.65,558.55,0.06,0.21,droite,droite,4,1,139,125,0,0.767,matched,1
462,15.400,1780168758,T001,27,359.66,624.7,0.1,2.08,droite,droite,27,1,479,403,0,0.767,matched,1
462,15.400,1780168758,T002,25,395.95,592.39,-1.36,0.3,droite,droite,25,1,511,340,0,0.766,matched,1
462,15.400,1780168758,T003,23,112.95,720.61,0.37,0.08,droite,droite,23,1,479,405,0,0.768,matched,1
462,15.400,1780168758,T005,8,520.96,505.97,-0.03,0.0,gauche,gauche,8,1,463,445,0,0.768,matched,1
462,15.400,1780168758,T007,2,402.32,798.81,0.5,0.93,droite,droite,2,1,463,463,0,0.768,matched,1
462,15.400,1780168758,T011,22,245.5,643.47,-0.2,0.33,droite,droite,22,1,423,403,0,0.769,matched,1
462,15.400,1780168758,T013,4,60.65,558.55,-0.04,0.16,droite,droite,4,1,140,126,0,0.769,matched,1
463,15.433,1780168758,T001,27,359.8,627.15,-0.0,1.51,droite,droite,27,1,480,404,0,0.765,matched,1
463,15.433,1780168758,T002,25,394.46,592.81,-1.12,0.21,droite,droite,25,1,512,341,0,0.768,matched,1
463,15.433,1780168758,T003,23,113.62,720.91,0.44,0.12,droite,droite,23,1,480,406,0,0.768,matched,1
463,15.433,1780168758,T005,8,520.96,505.97,0.03,0.0,gauche,gauche,8,1,464,446,0,0.769,matched,1
463,15.433,1780168758,T007,2,402.98,799.68,0.43,0.67,droite,droite,2,1,464,464,0,0.767,matched,1
463,15.433,1780168758,T011,22,245.5,643.47,-0.16,0.23,droite,droite,22,1,424,404,0,0.769,matched,1
463,15.433,1780168758,T013,4,60.65,558.55,-0.07,0.11,droite,droite,4,1,141,127,0,0.769,matched,1
464,15.467,1780168758,T001,27,360.01,629.87,0.13,1.97,droite,droite,27,1,481,405,0,0.761,matched,1
464,15.467,1780168758,T002,25,393.11,593.13,-0.94,0.13,droite,droite,25,1,513,342,0,0.769,matched,1
464,15.467,1780168758,T003,23,113.62,720.91,0.37,-0.06,droite,droite,23,1,481,407,0,0.767,matched,1
464,15.467,1780168758,T005,8,520.96,505.97,0.05,0.0,gauche,gauche,8,1,465,447,0,0.77,matched,1
464,15.467,1780168758,T007,2,403.65,800.35,0.47,0.42,droite,droite,2,1,465,465,0,0.767,matched,1
464,15.467,1780168758,T011,22,245.5,643.47,-0.11,0.14,droite,droite,22,1,425,405,0,0.769,matched,1
464,15.467,1780168758,T013,4,60.65,558.55,0.11,0.06,droite,droite,4,1,142,128,0,0.767,matched,1
465,15.500,1780168758,T001,11,360.23,631.52,0.15,0.68,droite,droite,11,1,482,406,0,0.754,matched,1
465,15.500,1780168758,T002,25,391.87,593.64,-0.83,0.41,droite,droite,25,1,514,343,0,0.766,matched,1
465,15.500,1780168758,T003,23,113.62,720.91,0.26,0.05,droite,droite,23,1,482,408,0,0.768,matched,1
465,15.500,1780168758,T005,8,520.96,505.97,0.04,0.0,gauche,gauche,8,1,466,448,0,0.77,matched,1
465,15.500,1780168758,T007,2,403.65,800.35,0.21,0.05,droite,droite,2,1,466,466,0,0.764,matched,1
465,15.500,1780168758,T011,22,245.5,643.47,-0.24,-0.1,droite,droite,22,1,426,406,0,0.766,matched,1
465,15.500,1780168758,T013,4,60.65,558.55,0.15,0.03,droite,droite,4,1,143,129,0,0.769,matched,1
466,15.533,1780168758,T001,11,360.56,632.47,0.29,0.03,droite,droite,11,1,483,407,0,0.761,matched,1
466,15.533,1780168758,T002,25,390.85,594.45,-0.6,0.76,droite,droite,25,1,515,344,0,0.764,matched,1
466,15.533,1780168758,T003,23,114.65,720.88,0.66,-0.25,droite,droite,23,1,483,409,0,0.762,matched,1
466,15.533,1780168758,T005,8,520.96,505.97,0.03,0.0,gauche,gauche,8,1,467,449,0,0.77,matched,1
466,15.533,1780168758,T007,2,403.65,800.35,0.23,-0.1,droite,droite,2,1,467,467,0,0.768,matched,1
466,15.533,1780168758,T011,22,245.5,643.47,-0.23,-0.34,droite,droite,22,1,427,407,0,0.766,matched,1
466,15.533,1780168758,T013,4,60.65,558.55,-0.04,0.01,droite,droite,4,1,144,130,0,0.767,matched,1
467,15.567,1780168758,T001,11,360.56,632.47,0.28,-0.23,droite,droite,11,1,484,408,0,0.766,matched,1
467,15.567,1780168758,T002,25,390.07,595.55,-0.37,1.07,droite,droite,25,1,516,345,0,0.764,matched,1
467,15.567,1780168758,T003,23,115.78,720.72,0.84,-0.32,droite,droite,23,1,484,410,0,0.766,matched,1
467,15.567,1780168758,T005,8,520.96,505.97,0.02,-0.0,gauche,gauche,8,1,468,450,0,0.77,matched,1
467,15.567,1780168758,T007,2,403.65,800.35,0.19,-0.13,droite,droite,2,1,468,468,0,0.769,matched,1
467,15.567,1780168758,T011,22,245.5,643.47,-0.18,-0.35,droite,droite,22,1,428,408,0,0.769,matched,1
467,15.567,1780168758,T013,4,60.65,558.55,-0.1,0.0,droite,droite,4,1,145,131,0,0.769,matched,1
468,15.600,1780168758,T001,11,361.34,632.88,0.72,-0.28,droite,droite,11,1,485,409,0,0.763,matched,1
468,15.600,1780168758,T002,25,389.35,596.77,-0.37,1.11,droite,droite,25,1,517,346,0,0.768,matched,1
468,15.600,1780168758,T003,23,116.96,720.54,0.89,-0.27,droite,droite,23,1,485,411,0,0.768,matched,1
468,15.600,1780168758,T005,8,520.96,505.97,-0.16,0.17,gauche,gauche,8,1,469,451,0,0.766,matched,1
468,15.600,1780168758,T007,2,403.65,800.35,0.13,-0.12,droite,droite,2,1,469,469,0,0.769,matched,1
468,15.600,1780168758,T011,22,245.5,643.47,-0.12,-0.28,droite,droite,22,1,429,409,0,0.769,matched,1
468,15.600,1780168758,T013,4,60.65,558.55,-0.1,-0.0,droite,droite,4,1,146,132,0,0.77,matched,1
469,15.633,1780168758,T001,11,362.17,633.14,0.73,-0.23,droite,droite,11,1,486,410,0,0.769,matched,1
469,15.633,1780168758,T002,25,388.76,597.86,-0.29,0.88,droite,droite,25,1,518,347,0,0.768,matched,1
469,15.633,1780168758,T003,23,117.98,720.38,0.7,-0.19,droite,droite,23,1,486,412,0,0.768,matched,1
469,15.633,1780168758,T005,8,520.96,505.97,-0.02,0.03,gauche,gauche,8,1,470,452,0,0.767,matched,1
469,15.633,1780168758,T007,2,403.65,800.35,0.08,-0.08,droite,droite,2,1,470,470,0,0.769,matched,1
469,15.633,1780168758,T011,22,245.5,643.47,-0.07,-0.19,droite,droite,22,1,430,410,0,0.769,matched,1
469,15.633,1780168758,T013,4,60.65,558.55,-0.08,-0.0,droite,droite,4,1,147,133,0,0.77,matched,1
470,15.667,1780168758,T001,11,363.04,633.59,0.74,0.18,droite,droite,11,1,487,411,0,0.764,matched,1
470,15.667,1780168758,T002,25,388.16,599.15,-0.36,1.1,droite,droite,25,1,519,348,0,0.765,matched,1
470,15.667,1780168758,T003,23,118.8,720.25,0.47,-0.11,droite,droite,23,1,487,413,0,0.768,matched,1
470,15.667,1780168758,T005,8,520.96,505.97,0.04,-0.03,gauche,gauche,8,1,471,453,0,0.769,matched,1
470,15.667,1780168758,T007,2,404.37,800.49,0.21,-0.05,droite,droite,2,1,471,471,0,0.768,matched,1
470,15.667,1780168758,T011,22,245.5,643.47,-0.2,-0.11,droite,droite,22,1,431,411,0,0.768,matched,1
470,15.667,1780168758,T013,4,60.65,558.55,-0.05,-0.17,droite,droite,4,1,148,134,0,0.767,matched,1
471,15.700,1780168758,T001,11,363.67,634.5,0.4,0.81,droite,droite,11,1,488,412,0,0.76,matched,1
471,15.700,1780168758,T002,25,387.36,600.34,-0.65,0.93,droite,droite,25,1,520,349,0,0.765,matched,1
471,15.700,1780168758,T003,23,118.8,720.25,0.28,-0.23,droite,droite,23,1,488,414,0,0.767,matched,1
471,15.700,1780168758,T005,8,520.96,505.97,0.05,-0.05,gauche,gauche,8,1,472,454,0,0.77,matched,1
471,15.700,1780168758,T007,2,405.26,800.6,0.55,-0.03,droite,droite,2,1,472,472,0,0.765,matched,1
471,15.700,1780168758,T011,22,245.5,643.47,-0.21,-0.05,droite,droite,22,1,432,412,0,0.769,matched,1
471,15.700,1780168758,T013,4,60.65,558.55,-0.03,-0.03,droite,droite,4,1,149,135,0,0.768,matched,1
472,15.733,1780168758,T001,11,364.37,635.63,0.52,1.03,droite,droite,11,1,489,413,0,0.765,matched,1
472,15.733,1780168758,T002,25,386.29,601.47,-0.95,0.83,droite,droite,25,1,521,350,0,0.765,matched,1
472,15.733,1780168758,T003,23,118.8,720.25,0.14,-0.22,droite,droite,23,1,489,415,0,0.768,matched,1
472,15.733,1780168758,T005,8,520.96,505.97,0.04,-0.04,gauche,gauche,8,1,473,455,0,0.77,matched,1
472,15.733,1780168758,T007,2,406.26,800.69,0.73,-0.01,droite,droite,2,1,473,473,0,0.767,matched,1
472,15.733,1780168758,T011,22,245.5,643.47,-0.16,-0.02,droite,droite,22,1,433,413,0,0.769,matched,1
472,15.733,1780168758,T013,4,60.65,558.55,-0.02,0.03,droite,droite,4,1,150,136,0,0.769,matched,1
473,15.767,1780168758,T001,11,365.29,636.84,0.79,1.06,droite,droite,11,1,490,414,0,0.765,matched,1
473,15.767,1780168758,T002,25,384.99,602.54,-1.19,0.77,droite,droite,25,1,522,351,0,0.765,matched,1
473,15.767,1780168758,T003,23,118.8,720.25,0.05,-0.17,droite,droite,23,1,490,416,0,0.769,matched,1
473,15.767,1780168758,T005,8,520.96,505.97,0.03,-0.03,gauche,gauche,8,1,474,456,0,0.77,matched,1
473,15.767,1780168758,T007,2,407.44,800.76,0.97,-0.0,droite,droite,2,1,474,474,0,0.765,matched,1
473,15.767,1780168758,T011,22,245.5,643.47,-0.11,-0.0,droite,droite,22,1,434,414,0,0.769,matched,1
473,15.767,1780168758,T013,4,60.65,558.55,-0.01,0.05,droite,droite,4,1,151,137,0,0.77,matched,1
474,15.800,1780168758,T001,11,366.45,638.19,1.05,1.17,droite,droite,11,1,491,415,0,0.764,matched,1
474,15.800,1780168758,T002,25,383.48,603.44,-1.35,0.57,droite,droite,25,1,523,352,0,0.765,matched,1
474,15.800,1780168758,T003,23,118.8,720.25,-0.16,0.06,droite,droite,23,1,491,417,0,0.766,matched,1
474,15.800,1780168758,T005,8,520.96,505.97,0.02,-0.02,gauche,gauche,8,1,475,457,0,0.77,matched,1
474,15.800,1780168758,T007,2,408.83,800.81,1.18,0.0,droite,droite,2,1,475,475,0,0.765,matched,1
474,15.800,1780168758,T011,22,245.5,643.47,-0.06,0.0,droite,droite,22,1,435,415,0,0.769,matched,1
474,15.800,1780168758,T013,4,60.65,558.55,-0.0,0.04,droite,droite,4,1,152,138,0,0.77,matched,1
475,15.833,1780168758,T001,11,367.56,639.55,0.92,1.11,droite,droite,11,1,492,416,0,0.769,matched,1
475,15.833,1780168758,T002,25,382.1,604.15,-1.11,0.37,droite,droite,25,1,524,353,0,0.767,matched,1
475,15.833,1780168758,T003,23,118.8,720.25,-0.21,0.13,droite,droite,23,1,492,418,0,0.769,matched,1
475,15.833,1780168758,T005,8,520.96,505.97,0.01,-0.01,gauche,gauche,8,1,476,458,0,0.77,matched,1
475,15.833,1780168758,T007,2,410.11,800.86,1.0,0.0,droite,droite,2,1,476,476,0,0.769,matched,1
475,15.833,1780168758,T011,22,245.5,643.47,-0.03,0.01,droite,droite,22,1,436,416,0,0.77,matched,1
475,15.833,1780168758,T013,4,60.65,558.55,0.0,0.03,droite,droite,4,1,153,139,0,0.77,matched,1
476,15.867,1780168758,T001,11,368.49,640.71,0.65,0.84,droite,droite,11,1,493,417,0,0.767,matched,1
476,15.867,1780168758,T002,25,380.84,604.81,-0.93,0.37,droite,droite,25,1,525,354,0,0.769,matched,1
476,15.867,1780168758,T003,23,118.8,720.25,-0.18,-0.04,droite,droite,23,1,493,419,0,0.768,matched,1
476,15.867,1780168758,T005,8,520.96,505.97,0.0,-0.01,gauche,gauche,8,1,477,459,0,0.77,matched,1
476,15.867,1780168758,T007,2,411.3,800.89,0.87,0.0,droite,droite,2,1,477,477,0,0.77,matched,1
476,15.867,1780168758,T011,22,245.5,643.47,-0.01,0.18,droite,droite,22,1,437,417,0,0.767,matched,1
476,15.867,1780168758,T013,4,60.65,558.55,0.0,0.02,droite,droite,4,1,154,140,0,0.77,matched,1
477,15.900,1780168758,T001,11,369.2,641.49,0.41,0.37,droite,droite,11,1,494,418,0,0.764,matched,1
477,15.900,1780168758,T002,25,379.8,605.5,-0.65,0.46,droite,droite,25,1,526,355,0,0.767,matched,1
477,15.900,1780168758,T003,23,118.8,720.25,-0.13,0.08,droite,droite,23,1,494,420,0,0.768,matched,1
477,15.900,1780168758,T005,8,520.96,505.97,0.0,-0.17,gauche,gauche,8,1,478,460,0,0.768,matched,1
477,15.900,1780168758,T007,2,412.29,800.92,0.62,0.0,droite,droite,2,1,478,478,0,0.768,matched,1
477,15.900,1780168758,T011,22,245.5,643.47,-0.17,0.37,droite,droite,22,1,438,418,0,0.766,matched,1
477,15.900,1780168758,T013,4,60.65,558.55,0.0,0.01,droite,droite,4,1,155,141,0,0.77,matched,1
478,15.933,1780168758,T001,11,369.2,641.49,0.05,0.11,droite,droite,11,1,495,419,0,0.764,matched,1
478,15.933,1780168758,T002,25,379.01,606.25,-0.4,0.56,droite,droite,25,1,527,356,0,0.766,matched,1
478,15.933,1780168758,T003,23,118.8,720.25,-0.25,0.1,droite,droite,23,1,495,421,0,0.768,matched,1
478,15.933,1780168758,T005,8,521.21,505.28,-0.0,-0.2,gauche,gauche,8,1,479,461,0,0.769,matched,1
478,15.933,1780168758,T007,2,413.18,801.08,0.56,0.17,droite,droite,2,1,479,479,0,0.768,matched,1
478,15.933,1780168758,T011,22,245.5,643.47,-0.19,0.19,droite,droite,22,1,439,419,0,0.768,matched,1
478,15.933,1780168758,T013,4,60.65,558.55,0.0,0.01,droite,droite,4,1,156,142,0,0.77,matched,1
479,15.967,1780168758,T001,11,369.2,641.49,-0.27,-0.19,droite,droite,11,1,496,420,0,0.764,matched,1
479,15.967,1780168758,T003,23,118.8,720.25,-0.41,0.09,droite,droite,23,1,496,422,0,0.767,matched,1
479,15.967,1780168758,T005,8,521.21,505.28,-0.0,-0.16,gauche,gauche,8,1,480,462,0,0.77,matched,1
479,15.967,1780168758,T007,2,414.05,801.13,0.57,0.03,droite,droite,2,1,480,480,0,0.768,matched,1
479,15.967,1780168758,T011,22,245.5,643.47,0.01,-0.26,droite,droite,22,1,440,420,0,0.763,matched,1
479,15.967,1780168758,T013,4,60.65,558.55,0.0,0.0,droite,droite,4,1,157,143,0,0.77,matched,1
480,16.000,1780168759,T001,11,369.2,641.49,-0.33,-0.26,droite,droite,11,1,497,421,0,0.768,matched,1
480,16.000,1780168759,T003,23,118.8,720.25,-0.55,0.06,droite,droite,23,1,497,423,0,0.767,matched,1
480,16.000,1780168759,T005,8,521.21,505.28,-0.0,-0.11,gauche,gauche,8,1,481,463,0,0.769,matched,1
480,16.000,1780168759,T007,2,414.8,801.27,0.45,0.14,droite,droite,2,1,481,481,0,0.768,matched,1
480,16.000,1780168759,T011,22,245.37,642.69,0.43,-0.72,droite,droite,22,1,441,421,0,0.761,matched,1
480,16.000,1780168759,T013,4,60.65,558.55,-0.17,-0.0,droite,droite,4,1,158,144,0,0.767,matched,1
481,16.033,1780168759,T001,11,369.2,641.49,-0.28,-0.23,droite,droite,11,1,498,422,0,0.77,matched,1
481,16.033,1780168759,T003,23,118.8,720.25,-0.48,0.04,droite,droite,23,1,498,424,0,0.77,matched,1
481,16.033,1780168759,T005,8,521.21,505.28,-0.0,-0.07,gauche,gauche,8,1,482,464,0,0.77,matched,1
481,16.033,1780168759,T007,2,414.8,801.27,0.3,0.15,droite,droite,2,1,482,482,0,0.768,matched,1
481,16.033,1780168759,T011,22,245.59,641.85,0.66,-0.73,droite,droite,22,1,442,422,0,0.766,matched,1
481,16.033,1780168759,T013,4,60.65,558.55,-0.2,-0.0,droite,droite,4,1,159,145,0,0.769,matched,1
482,16.067,1780168759,T001,11,369.2,641.49,-0.37,-0.16,droite,droite,11,1,499,423,0,0.768,matched,1
482,16.067,1780168759,T003,23,118.04,720.2,-0.68,0.02,droite,droite,23,1,499,425,0,0.766,matched,1
482,16.067,1780168759,T005,8,521.21,505.28,-0.0,-0.03,gauche,gauche,8,1,483,465,0,0.77,matched,1
482,16.067,1780168759,T007,2,414.8,801.27,0.17,0.12,droite,droite,2,1,483,483,0,0.769,matched,1
482,16.067,1780168759,T011,22,246.06,640.84,0.77,-0.91,droite,droite,22,1,443,423,0,0.765,matched,1
482,16.067,1780168759,T013,4,60.65,558.55,0.01,-0.0,droite,droite,4,1,160,146,0,0.767,matched,1
483,16.100,1780168759,T001,11,369.2,641.49,-0.32,0.07,droite,droite,11,1,500,424,0,0.767,matched,1
483,16.100,1780168759,T003,23,117.17,720.16,-0.78,0.01,droite,droite,23,1,500,426,0,0.768,matched,1
483,16.100,1780168759,T005,8,521.21,505.28,-0.0,-0.01,gauche,gauche,8,1,484,466,0,0.77,matched,1
483,16.100,1780168759,T007,2,415.65,801.88,0.43,0.59,droite,droite,2,1,484,484,0,0.762,matched,1
483,16.100,1780168759,T011,22,246.84,639.62,0.98,-1.11,droite,droite,22,1,444,424,0,0.764,matched,1
483,16.100,1780168759,T013,4,60.65,558.55,0.08,-0.0,droite,droite,4,1,161,147,0,0.769,matched,1
484,16.133,1780168759,T001,11,368.74,642.08,-0.4,0.48,droite,droite,11,1,501,425,0,0.764,matched,1
484,16.133,1780168759,T003,23,116.1,720.12,-0.98,0.0,droite,droite,23,1,501,427,0,0.766,matched,1
484,16.133,1780168759,T005,8,521.21,505.28,-0.0,-0.0,gauche,gauche,8,1,485,467,0,0.77,matched,1
484,16.133,1780168759,T007,2,416.7,803.66,0.77,2.0,droite,droite,2,1,485,485,0,0.748,matched,1
484,16.133,1780168759,T011,22,247.76,638.33,1.01,-1.11,droite,droite,22,1,445,425,0,0.768,matched,1
484,16.133,1780168759,T013,4,60.65,558.55,-0.08,-0.0,droite,droite,4,1,162,148,0,0.768,matched,1
485,16.167,1780168759,T001,11,368.04,643.41,-0.68,1.38,droite,droite,11,1,502,426,0,0.755,matched,1
485,16.167,1780168759,T002,25,377.26,608.22,-0.16,-0.08,droite,droite,25,1,534,363,0,0.77,matched,1
485,16.167,1780168759,T003,23,115.09,720.1,-0.83,-0.0,droite,droite,23,1,502,428,0,0.769,matched,1
485,16.167,1780168759,T007,2,417.85,805.73,0.89,2.09,droite,droite,2,1,486,486,0,0.765,matched,1
485,16.167,1780168759,T011,22,248.61,637.21,0.79,-0.85,droite,droite,22,1,446,426,0,0.767,matched,1
485,16.167,1780168759,T012,39,521.22,504.26,0.02,0.54,gauche,gauche,39,1,472,279,0,0.764,matched,1
485,16.167,1780168759,T013,4,60.65,558.55,-0.12,-0.0,droite,droite,4,1,163,149,0,0.769,matched,1
486,16.200,1780168759,T001,11,367.32,645.57,-0.63,2.27,droite,droite,11,1,503,427,0,0.755,matched,1
486,16.200,1780168759,T002,25,377.26,608.22,-0.11,-0.06,droite,droite,25,1,535,364,0,0.769,matched,1
486,16.200,1780168759,T003,23,114.25,720.07,-0.59,-0.0,droite,droite,23,1,503,429,0,0.768,matched,1
486,16.200,1780168759,T005,8,521.21,505.28,-0.0,0.18,gauche,gauche,8,1,487,468,0,0.767,matched,1
486,16.200,1780168759,T007,2,418.75,807.06,0.57,0.97,droite,droite,2,1,487,487,0,0.756,matched,1
486,16.200,1780168759,T011,22,249.29,636.45,0.52,-0.39,droite,droite,22,1,447,427,0,0.764,matched,1
486,16.200,1780168759,T013,4,60.65,558.55,-0.11,-0.0,droite,droite,4,1,164,150,0,0.77,matched,1
487,16.233,1780168759,T001,11,366.71,647.8,-0.47,2.09,droite,droite,11,1,504,428,0,0.768,matched,1
487,16.233,1780168759,T002,25,377.26,608.22,-0.06,-0.04,droite,droite,25,1,536,365,0,0.769,matched,1
487,16.233,1780168759,T003,23,114.25,720.07,-0.36,-0.17,droite,droite,23,1,504,430,0,0.766,matched,1
487,16.233,1780168759,T005,8,521.21,505.28,0.0,0.18,gauche,gauche,8,1,488,469,0,0.77,matched,1
487,16.233,1780168759,T007,2,419.41,807.86,0.32,0.32,droite,droite,2,1,488,488,0,0.761,matched,1
487,16.233,1780168759,T011,22,249.29,636.45,0.3,-0.13,droite,droite,22,1,448,428,0,0.766,matched,1
487,16.233,1780168759,T013,4,60.65,558.55,-0.08,-0.0,droite,droite,4,1,165,151,0,0.77,matched,1
488,16.267,1780168759,T001,11,366.22,650.69,-0.3,2.74,droite,droite,11,1,505,429,0,0.757,matched,1
488,16.267,1780168759,T002,25,377.26,608.22,-0.03,-0.02,droite,droite,25,1,537,366,0,0.77,matched,1
488,16.267,1780168759,T003,23,114.25,720.07,-0.19,0.14,droite,droite,23,1,505,431,0,0.765,matched,1
488,16.267,1780168759,T005,8,521.21,505.28,0.0,0.14,gauche,gauche,8,1,489,470,0,0.77,matched,1
488,16.267,1780168759,T007,2,419.41,807.86,-0.02,-0.69,droite,droite,2,1,489,489,0,0.755,matched,1
488,16.267,1780168759,T011,22,249.29,636.45,0.15,0.18,droite,droite,22,1,449,429,0,0.765,matched,1
488,16.267,1780168759,T013,4,60.65,558.55,-0.05,-0.0,droite,droite,4,1,166,152,0,0.77,matched,1
489,16.300,1780168759,T001,11,365.87,654.01,-0.17,3.05,droite,droite,11,1,506,430,0,0.761,matched,1
489,16.300,1780168759,T002,25,377.26,608.22,0.16,-0.01,droite,droite,25,1,538,367,0,0.767,matched,1
489,16.300,1780168759,T003,23,114.25,720.07,-0.08,0.06,droite,droite,23,1,506,432,0,0.768,matched,1
489,16.300,1780168759,T005,8,521.21,505.28,0.0,0.09,gauche,gauche,8,1,490,471,0,0.77,matched,1
489,16.300,1780168759,T007,2,419.41,807.86,0.02,-0.92,droite,droite,2,1,490,490,0,0.766,matched,1
489,16.300,1780168759,T011,22,249.29,636.45,0.06,0.25,droite,droite,22,1,450,430,0,0.768,matched,1
489,16.300,1780168759,T013,4,60.65,558.55,-0.03,0.0,droite,droite,4,1,167,153,0,0.77,matched,1
490,16.333,1780168759,T001,11,365.75,657.19,0.09,2.64,droite,droite,11,1,507,431,0,0.766,matched,1
490,16.333,1780168759,T002,25,377.26,608.22,0.2,-0.0,droite,droite,25,1,539,368,0,0.769,matched,1
490,16.333,1780168759,T003,23,114.25,720.07,-0.02,0.19,droite,droite,23,1,507,433,0,0.768,matched,1
490,16.333,1780168759,T005,8,521.21,505.28,0.0,0.05,gauche,gauche,8,1,491,472,0,0.77,matched,1
490,16.333,1780168759,T007,2,419.78,807.02,0.03,-0.97,droite,droite,2,1,491,491,0,0.768,matched,1
490,16.333,1780168759,T011,22,249.29,636.45,0.18,0.22,droite,droite,22,1,451,431,0,0.768,matched,1
490,16.333,1780168759,T013,4,60.65,558.55,-0.01,0.0,droite,droite,4,1,168,154,0,0.77,matched,1
491,16.367,1780168759,T001,11,365.9,660.12,0.34,2.23,droite,droite,11,1,508,432,0,0.766,matched,1
491,16.367,1780168759,T002,25,377.26,608.22,0.17,-0.0,droite,droite,25,1,540,369,0,0.77,matched,1
491,16.367,1780168759,T003,23,113.56,720.42,-0.16,0.36,droite,droite,23,1,508,434,0,0.766,matched,1
491,16.367,1780168759,T005,8,521.21,505.28,0.0,0.02,gauche,gauche,8,1,492,473,0,0.77,matched,1
491,16.367,1780168759,T007,2,419.78,807.02,0.37,-0.09,droite,droite,2,1,492,492,0,0.757,matched,1
491,16.367,1780168759,T011,22,250.07,636.37,0.35,0.16,droite,droite,22,1,452,432,0,0.767,matched,1
491,16.367,1780168759,T013,4,60.65,558.55,-0.0,0.0,droite,droite,4,1,169,155,0,0.77,matched,1
492,16.400,1780168759,T001,11,365.99,662.79,0.19,1.9,droite,droite,11,1,509,433,0,0.768,matched,1
492,16.400,1780168759,T002,25,377.26,608.22,0.12,0.0,droite,droite,25,1,541,370,0,0.77,matched,1
492,16.400,1780168759,T003,23,112.96,721.33,-0.18,1.03,droite,droite,23,1,509,435,0,0.76,matched,1
492,16.400,1780168759,T005,8,521.21,505.28,0.0,0.01,gauche,gauche,8,1,493,474,0,0.77,matched,1
492,16.400,1780168759,T007,2,420.37,806.5,0.25,-0.41,droite,droite,2,1,493,493,0,0.765,matched,1
492,16.400,1780168759,T011,22,250.89,636.31,0.51,0.1,droite,droite,22,1,453,433,0,0.767,matched,1
492,16.400,1780168759,T013,4,60.65,558.55,0.0,0.0,droite,droite,4,1,170,156,0,0.77,matched,1
493,16.433,1780168759,T001,11,366.04,664.98,0.09,1.34,droite,droite,11,1,510,434,0,0.764,matched,1
493,16.433,1780168759,T002,25,377.26,608.22,0.07,0.0,droite,droite,25,1,542,371,0,0.77,matched,1
493,16.433,1780168759,T003,23,112.48,722.38,-0.15,1.05,droite,droite,23,1,510,436,0,0.768,matched,1
493,16.433,1780168759,T005,8,521.21,505.28,0.0,0.0,gauche,gauche,8,1,494,475,0,0.77,matched,1
493,16.433,1780168759,T007,2,420.37,806.5,0.14,-0.44,droite,droite,2,1,494,494,0,0.768,matched,1
493,16.433,1780168759,T011,22,251.64,636.25,0.46,0.06,droite,droite,22,1,454,434,0,0.769,matched,1
493,16.433,1780168759,T013,4,60.65,558.55,0.0,0.0,droite,droite,4,1,171,157,0,0.77,matched,1
494,16.467,1780168759,T001,11,366.06,667.35,0.03,1.67,droite,droite,11,1,511,435,0,0.763,matched,1
494,16.467,1780168759,T002,25,377.26,608.22,0.04,0.0,droite,droite,25,1,543,372,0,0.77,matched,1
494,16.467,1780168759,T003,6,111.56,724.28,-0.78,2.01,droite,droite,6,1,511,437,0,0.752,matched,1
494,16.467,1780168759,T005,8,521.21,505.28,0.0,-0.0,gauche,gauche,8,1,495,476,0,0.77,matched,1
494,16.467,1780168759,T007,2,420.37,806.5,0.24,-0.01,droite,droite,2,1,495,495,0,0.764,matched,1
494,16.467,1780168759,T011,22,252.39,636.35,0.5,0.19,droite,droite,22,1,455,435,0,0.767,matched,1
494,16.467,1780168759,T013,4,60.65,558.55,0.0,0.0,droite,droite,4,1,172,158,0,0.77,matched,1
495,16.500,1780168759,T001,11,365.93,670.16,-0.17,2.27,droite,droite,11,1,512,436,0,0.758,matched,1
495,16.500,1780168759,T002,25,377.26,608.22,0.02,0.17,droite,droite,25,1,544,373,0,0.767,matched,1
495,16.500,1780168759,T003,6,110.41,726.72,-1.02,2.43,droite,droite,6,1,512,438,0,0.76,matched,1
495,16.500,1780168759,T005,8,521.21,505.28,0.0,-0.0,gauche,gauche,8,1,496,477,0,0.77,matched,1
495,16.500,1780168759,T007,2,420.37,806.5,0.22,0.16,droite,droite,2,1,496,496,0,0.768,matched,1
495,16.500,1780168759,T011,22,252.39,636.35,0.4,0.37,droite,droite,22,1,456,436,0,0.767,matched,1
495,16.500,1780168759,T013,4,60.65,558.55,0.0,0.0,droite,droite,4,1,173,159,0,0.77,matched,1
496,16.533,1780168759,T001,11,365.46,674.03,-0.55,3.51,droite,droite,11,1,513,437,0,0.748,matched,1
496,16.533,1780168759,T002,25,377.26,608.22,0.17,0.37,droite,droite,25,1,545,374,0,0.766,matched,1
496,16.533,1780168759,T003,6,109.19,729.45,-1.05,2.55,droite,droite,6,1,513,439,0,0.764,matched,1
496,16.533,1780168759,T005,8,521.21,505.28,-0.0,-0.0,gauche,gauche,8,1,497,478,0,0.77,matched,1
496,16.533,1780168759,T007,2,421.16,806.49,0.34,0.36,droite,droite,2,1,497,497,0,0.766,matched,1
496,16.533,1780168759,T011,22,253.07,637.0,0.28,0.7,droite,droite,22,1,457,437,0,0.765,matched,1
496,16.533,1780168759,T013,4,60.65,558.55,0.0,0.0,droite,droite,4,1,174,160,0,0.77,matched,1
497,16.567,1780168759,T001,11,364.51,678.94,-1.08,4.56,droite,droite,11,1,514,438,0,0.748,matched,1
497,16.567,1780168759,T002,25,377.18,609.15,0.2,0.7,droite,droite,25,1,546,375,0,0.765,matched,1
497,16.567,1780168759,T003,6,107.84,732.46,-1.16,2.7,droite,droite,6,1,514,440,0,0.763,matched,1
497,16.567,1780168759,T005,8,521.21,505.28,-0.0,-0.0,gauche,gauche,8,1,498,479,0,0.77,matched,1
497,16.567,1780168759,T007,2,421.84,806.87,0.3,0.69,droite,droite,2,1,498,498,0,0.765,matched,1
497,16.567,1780168759,T011,22,253.86,638.11,0.5,1.17,droite,droite,22,1,458,438,0,0.761,matched,1
497,16.567,1780168759,T013,4,60.65,558.55,0.0,-0.0,droite,droite,4,1,175,161,0,0.77,matched,1
498,16.600,1780168759,T001,11,363.47,683.76,-1.04,4.09,droite,droite,11,1,515,439,0,0.769,matched,1
498,16.600,1780168759,T002,25,377.28,610.19,0.33,0.84,droite,droite,25,1,547,376,0,0.766,matched,1
498,16.600,1780168759,T003,6,106.75,735.43,-0.77,2.48,droite,droite,6,1,515,441,0,0.766,matched,1
498,16.600,1780168759,T005,8,521.21,505.28,-0.0,-0.0,gauche,gauche,8,1,499,480,0,0.77,matched,1
498,16.600,1780168759,T007,2,422.39,807.49,0.22,0.83,droite,droite,2,1,499,499,0,0.767,matched,1
498,16.600,1780168759,T011,22,254.87,639.95,0.82,1.94,droite,droite,22,1,459,439,0,0.756,matched,1
498,16.600,1780168759,T013,4,60.65,558.55,0.0,-0.0,droite,droite,4,1,176,162,0,0.77,matched,1
499,16.633,1780168759,T001,11,362.54,687.84,-0.79,2.98,droite,droite,11,1,516,440,0,0.759,matched,1
499,16.633,1780168759,T002,25,377.45,611.13,0.31,0.7,droite,droite,25,1,548,377,0,0.769,matched,1
499,16.633,1780168759,T003,6,105.94,737.97,-0.45,1.84,droite,droite,6,1,516,442,0,0.763,matched,1
499,16.633,1780168759,T005,8,521.21,505.28,-0.0,-0.0,gauche,gauche,8,1,500,481,0,0.77,matched,1
499,16.633,1780168759,T007,2,422.81,808.12,0.14,0.7,droite,droite,2,1,500,500,0,0.769,matched,1
499,16.633,1780168759,T011,22,255.85,641.85,0.75,1.8,droite,droite,22,1,460,440,0,0.769,matched,1
499,16.633,1780168759,T013,4,60.65,558.55,0.0,-0.0,droite,droite,4,1,177,163,0,0.77,matched,1
500,16.667,1780168759,T001,11,360.99,691.01,-1.53,1.88,droite,droite,11,1,517,441,0,0.753,matched,1
500,16.667,1780168759,T002,25,377.61,611.91,0.23,0.49,droite,droite,25,1,549,378,0,0.768,matched,1
500,16.667,1780168759,T003,6,105.23,740.09,-0.39,1.34,droite,droite,6,1,517,443,0,0.765,matched,1
500,16.667,1780168759,T005,8,521.21,505.28,-0.0,-0.0,gauche,gauche,8,1,501,482,0,0.77,matched,1
500,16.667,1780168759,T007,2,423.26,809.07,0.25,1.0,droite,droite,2,1,501,501,0,0.764,matched,1
500,16.667,1780168759,T011,22,257.09,644.19,1.07,2.18,droite,droite,22,1,461,441,0,0.76,matched,1
500,16.667,1780168759,T013,4,60.65,558.55,0.0,-0.0,droite,droite,4,1,178,164,0,0.77,matched,1
501,16.700,1780168759,T001,11,359.23,693.46,-1.64,1.2,droite,droite,11,1,518,442,0,0.762,matched,1
501,16.700,1780168759,T002,25,377.61,611.91,0.32,0.3,droite,droite,25,1,550,379,0,0.767,matched,1
501,16.700,1780168759,T003,6,104.79,741.73,-0.11,0.84,droite,droite,6,1,518,444,0,0.764,matched,1
501,16.700,1780168759,T005,8,521.21,505.28,-0.0,-0.0,gauche,gauche,8,1,502,483,0,0.77,matched,1
501,16.700,1780168759,T007,2,423.81,810.02,0.4,0.89,droite,droite,2,1,502,502,0,0.767,matched,1
501,16.700,1780168759,T011,22,258.83,646.52,1.63,2.0,droite,droite,22,1,462,442,0,0.76,matched,1
501,16.700,1780168759,T013,4,60.65,558.55,-0.0,-0.0,droite,droite,4,1,179,165,0,0.77,matched,1
502,16.733,1780168759,T001,11,357.36,695.56,-1.65,1.0,droite,droite,11,1,519,443,0,0.767,matched,1
502,16.733,1780168759,T002,25,378.08,612.75,0.45,0.49,droite,droite,25,1,551,380,0,0.766,matched,1
502,16.733,1780168759,T003,6,104.53,742.79,0.02,0.29,droite,droite,6,1,519,445,0,0.763,matched,1
502,16.733,1780168759,T005,8,521.21,505.28,-0.0,0.0,gauche,gauche,8,1,503,484,0,0.77,matched,1
502,16.733,1780168759,T007,2,424.33,810.83,0.37,0.64,droite,droite,2,1,503,503,0,0.768,matched,1
502,16.733,1780168759,T011,22,260.96,648.65,1.98,1.65,droite,droite,22,1,463,443,0,0.762,matched,1
502,16.733,1780168759,T013,4,60.65,558.55,-0.0,-0.0,droite,droite,4,1,180,166,0,0.77,matched,1
503,16.767,1780168759,T001,11,355.44,697.91,-1.62,1.55,droite,droite,11,1,520,444,0,0.76,matched,1
503,16.767,1780168759,T002,25,378.55,613.93,0.4,0.97,droite,droite,25,1,552,381,0,0.762,matched,1
503,16.767,1780168759,T003,6,104.53,742.79,0.07,0.01,droite,droite,6,1,520,446,0,0.766,matched,1
503,16.767,1780168759,T005,8,521.21,505.28,-0.0,0.0,gauche,gauche,8,1,504,485,0,0.77,matched,1
503,16.767,1780168759,T007,2,424.77,811.46,0.27,0.4,droite,droite,2,1,504,504,0,0.767,matched,1
503,16.767,1780168759,T011,22,263.09,650.38,1.84,1.14,droite,droite,22,1,464,444,0,0.765,matched,1
503,16.767,1780168759,T013,4,60.65,558.55,-0.0,-0.0,droite,droite,4,1,181,167,0,0.77,matched,1
504,16.800,1780168759,T001,11,353.35,701.05,-1.75,2.6,droite,droite,11,1,521,445,0,0.752,matched,1
504,16.800,1780168759,T002,25,378.94,614.98,0.29,0.76,droite,droite,25,1,553,382,0,0.768,matched,1
504,16.800,1780168759,T003,6,104.53,742.79,0.07,-0.1,droite,droite,6,1,521,447,0,0.768,matched,1
504,16.800,1780168759,T005,8,521.21,505.28,0.0,0.0,gauche,gauche,8,1,505,486,0,0.77,matched,1
504,16.800,1780168759,T007,2,424.77,811.46,0.34,0.22,droite,droite,2,1,505,505,0,0.767,matched,1
504,16.800,1780168759,T011,22,265.06,651.83,1.54,0.85,droite,droite,22,1,465,445,0,0.767,matched,1
504,16.800,1780168759,T013,4,60.65,558.55,-0.0,-0.17,droite,droite,4,1,182,168,0,0.768,matched,1
505,16.833,1780168759,T001,11,351.48,704.11,-1.4,2.41,droite,droite,11,1,522,446,0,0.767,matched,1
505,16.833,1780168759,T002,25,379.24,615.81,0.18,0.51,droite,droite,25,1,554,383,0,0.767,matched,1
505,16.833,1780168759,T003,6,104.53,742.79,0.06,-0.12,droite,droite,6,1,522,448,0,0.77,matched,1
505,16.833,1780168759,T005,8,521.21,505.28,0.0,0.0,gauche,gauche,8,1,506,487,0,0.77,matched,1
505,16.833,1780168759,T007,2,424.77,811.46,0.29,0.1,droite,droite,2,1,506,506,0,0.769,matched,1
505,16.833,1780168759,T011,22,266.68,652.97,1.07,0.55,droite,droite,22,1,466,446,0,0.764,matched,1
505,16.833,1780168759,T013,4,60.65,558.55,-0.0,-0.2,droite,droite,4,1,183,169,0,0.769,matched,1
506,16.867,1780168759,T001,11,349.7,707.12,-1.29,2.3,droite,droite,11,1,523,447,0,0.768,matched,1
506,16.867,1780168759,T002,25,379.24,615.81,0.27,0.13,droite,droite,25,1,555,384,0,0.765,matched,1
506,16.867,1780168759,T003,6,104.53,742.79,0.04,0.07,droite,droite,6,1,523,449,0,0.767,matched,1
506,16.867,1780168759,T005,8,521.21,505.28,-0.17,0.17,gauche,gauche,8,1,507,488,0,0.766,matched,1
506,16.867,1780168759,T007,2,424.77,811.46,0.21,0.03,droite,droite,2,1,507,507,0,0.769,matched,1
506,16.867,1780168759,T011,22,268.18,653.94,0.99,0.48,droite,droite,22,1,467,447,0,0.77,matched,1
506,16.867,1780168759,T013,4,60.65,558.55,-0.0,-0.16,droite,droite,4,1,184,170,0,0.77,matched,1
507,16.900,1780168759,T001,11,348.07,710.93,-1.12,3.27,droite,droite,11,1,524,448,0,0.752,matched,1
507,16.900,1780168759,T002,25,379.24,615.81,0.24,-0.39,droite,droite,25,1,556,385,0,0.763,matched,1
507,16.900,1780168759,T003,6,104.41,743.53,0.02,0.13,droite,droite,6,1,524,450,0,0.769,matched,1
507,16.900,1780168759,T005,8,521.21,505.28,-0.2,0.2,gauche,gauche,8,1,508,489,0,0.769,matched,1
507,16.900,1780168759,T007,2,425.48,811.85,0.3,-0.0,droite,droite,2,1,508,508,0,0.768,matched,1
507,16.900,1780168759,T011,22,269.57,655.14,0.9,0.85,droite,droite,22,1,468,448,0,0.764,matched,1
507,16.900,1780168759,T013,4,60.65,558.55,-0.0,-0.11,droite,droite,4,1,185,171,0,0.77,matched,1
508,16.933,1780168759,T001,11,346.59,714.85,-0.97,3.24,droite,droite,11,1,525,449,0,0.766,matched,1
508,16.933,1780168759,T002,25,379.24,615.81,0.18,-0.5,droite,droite,25,1,557,386,0,0.768,matched,1
508,16.933,1780168759,T003,6,104.41,743.53,0.01,0.12,droite,droite,6,1,525,451,0,0.77,matched,1
508,16.933,1780168759,T005,40,521.21,505.28,0.01,-0.01,gauche,gauche,40,1,509,490,0,0.766,matched,1
508,16.933,1780168759,T007,2,425.48,811.85,0.26,-0.02,droite,droite,2,1,509,509,0,0.77,matched,1
508,16.933,1780168759,T011,22,271.0,656.84,1.0,1.48,droite,droite,22,1,469,449,0,0.759,matched,1
508,16.933,1780168759,T013,4,60.65,558.55,-0.0,-0.07,droite,droite,4,1,186,172,0,0.77,matched,1
509,16.967,1780168759,T001,11,345.24,718.67,-0.87,3.0,droite,droite,11,1,526,450,0,0.769,matched,1
509,16.967,1780168759,T002,25,379.24,615.81,0.28,-0.26,droite,droite,25,1,558,387,0,0.767,matched,1
509,16.967,1780168759,T003,6,104.41,743.53,0.0,0.09,droite,droite,6,1,526,452,0,0.77,matched,1
509,16.967,1780168759,T005,40,521.21,505.28,0.08,-0.08,gauche,gauche,40,1,510,491,0,0.768,matched,1
509,16.967,1780168759,T007,2,426.25,811.99,0.36,-0.19,droite,droite,2,1,510,510,0,0.767,matched,1
509,16.967,1780168759,T011,22,272.52,658.93,1.15,1.9,droite,droite,22,1,470,450,0,0.761,matched,1
509,16.967,1780168759,T013,4,60.65,558.55,0.0,-0.03,droite,droite,4,1,187,173,0,0.77,matched,1
510,17.000,1780168760,T001,11,343.72,722.05,-1.14,2.4,droite,droite,11,1,527,451,0,0.763,matched,1
510,17.000,1780168760,T002,25,380.04,615.92,0.43,0.06,droite,droite,25,1,559,388,0,0.765,matched,1
510,17.000,1780168760,T003,6,104.41,743.53,0.0,0.06,droite,droite,6,1,527,453,0,0.77,matched,1
510,17.000,1780168760,T005,40,521.21,505.28,0.1,-0.1,gauche,gauche,40,1,511,492,0,0.77,matched,1
510,17.000,1780168760,T007,2,427.05,811.88,0.49,-0.38,droite,droite,2,1,511,511,0,0.766,matched,1
510,17.000,1780168760,T011,22,274.17,661.6,1.29,2.48,droite,droite,22,1,471,451,0,0.758,matched,1
510,17.000,1780168760,T013,4,60.65,558.55,0.0,-0.01,droite,droite,4,1,188,174,0,0.77,matched,1
511,17.033,1780168760,T001,11,342.32,724.77,-0.98,1.62,droite,droite,11,1,528,452,0,0.762,matched,1
511,17.033,1780168760,T002,25,380.75,616.11,0.39,0.17,droite,droite,25,1,560,389,0,0.768,matched,1
511,17.033,1780168760,T003,6,104.41,743.53,-0.0,0.03,droite,droite,6,1,528,454,0,0.77,matched,1
511,17.033,1780168760,T005,40,521.21,505.28,0.08,-0.08,gauche,gauche,40,1,512,493,0,0.77,matched,1
511,17.033,1780168760,T007,2,427.77,811.68,0.42,-0.37,droite,droite,2,1,512,512,0,0.77,matched,1
511,17.033,1780168760,T011,22,275.63,664.16,1.05,2.14,droite,droite,22,1,472,452,0,0.768,matched,1
511,17.033,1780168760,T013,4,60.65,558.55,0.0,-0.0,droite,droite,4,1,189,175,0,0.77,matched,1
512,17.067,1780168760,T001,11,340.9,727.36,-1.04,1.63,droite,droite,11,1,529,453,0,0.767,matched,1
512,17.067,1780168760,T002,25,381.46,616.45,0.45,0.35,droite,droite,25,1,561,390,0,0.767,matched,1
512,17.067,1780168760,T003,6,104.45,744.26,0.17,0.19,droite,droite,6,1,529,455,0,0.767,matched,1
512,17.067,1780168760,T005,40,521.21,505.28,0.05,-0.05,gauche,gauche,40,1,513,494,0,0.77,matched,1
512,17.067,1780168760,T007,2,428.49,811.35,0.47,-0.45,droite,droite,2,1,513,513,0,0.768,matched,1
512,17.067,1780168760,T011,22,277.23,667.1,1.23,2.54,droite,droite,22,1,473,453,0,0.76,matched,1
512,17.067,1780168760,T013,4,60.65,558.55,0.0,0.17,droite,droite,4,1,190,176,0,0.767,matched,1
513,17.100,1780168760,T001,11,339.66,730.24,-0.83,2.12,droite,droite,11,1,530,454,0,0.76,matched,1
513,17.100,1780168760,T002,25,382.37,617.22,0.72,0.84,droite,droite,25,1,562,391,0,0.761,matched,1
513,17.100,1780168760,T003,6,104.55,745.17,0.2,0.54,droite,droite,6,1,530,456,0,0.764,matched,1
513,17.100,1780168760,T005,40,521.21,505.28,0.03,-0.03,gauche,gauche,40,1,514,495,0,0.77,matched,1
513,17.100,1780168760,T007,2,429.25,810.87,0.56,-0.55,droite,droite,2,1,514,514,0,0.767,matched,1
513,17.100,1780168760,T011,22,278.94,670.64,1.36,3.14,droite,droite,22,1,474,454,0,0.757,matched,1
513,17.100,1780168760,T013,4,60.65,558.55,0.0,0.2,droite,droite,4,1,191,177,0,0.769,matched,1
514,17.133,1780168760,T001,11,338.53,733.83,-0.73,3.01,droite,droite,11,1,531,455,0,0.754,matched,1
514,17.133,1780168760,T002,25,383.51,618.48,0.99,1.35,droite,droite,25,1,563,392,0,0.76,matched,1
514,17.133,1780168760,T003,6,104.67,746.46,0.16,1.07,droite,droite,6,1,531,457,0,0.761,matched,1
514,17.133,1780168760,T005,40,521.21,505.28,0.02,-0.02,gauche,gauche,40,1,515,496,0,0.77,matched,1
514,17.133,1780168760,T007,2,430.07,810.13,0.63,-0.8,droite,droite,2,1,515,515,0,0.765,matched,1
514,17.133,1780168760,T011,22,280.61,674.78,1.27,3.68,droite,droite,22,1,475,455,0,0.757,matched,1
514,17.133,1780168760,T013,4,60.65,558.55,0.0,0.17,droite,droite,4,1,192,178,0,0.77,matched,1
515,17.167,1780168760,T001,11,337.33,738.08,-0.86,3.69,droite,droite,11,1,532,456,0,0.755,matched,1
515,17.167,1780168760,T002,25,385.01,620.34,1.39,1.92,droite,droite,25,1,564,393,0,0.757,matched,1
515,17.167,1780168760,T003,6,104.63,747.89,-0.06,1.2,droite,droite,6,1,532,458,0,0.765,matched,1
515,17.167,1780168760,T005,40,521.21,505.28,0.01,-0.01,gauche,gauche,40,1,516,497,0,0.77,matched,1
515,17.167,1780168760,T007,2,430.94,809.24,0.69,-0.89,droite,droite,2,1,516,516,0,0.767,matched,1
515,17.167,1780168760,T011,22,282.29,679.27,1.29,3.9,droite,droite,22,1,476,456,0,0.761,matched,1
515,17.167,1780168760,T013,4,60.25,559.16,0.0,0.11,droite,droite,4,1,193,179,0,0.769,matched,1
516,17.200,1780168760,T001,11,335.98,742.99,-1.06,4.31,droite,droite,11,1,533,457,0,0.755,matched,1
516,17.200,1780168760,T002,25,386.74,622.61,1.56,2.22,droite,droite,25,1,565,394,0,0.762,matched,1
516,17.200,1780168760,T003,6,104.53,749.45,-0.13,1.31,droite,droite,6,1,533,459,0,0.766,matched,1
516,17.200,1780168760,T005,40,521.21,505.28,0.0,-0.0,gauche,gauche,40,1,517,498,0,0.77,matched,1
516,17.200,1780168760,T007,2,431.85,808.41,0.72,-0.72,droite,droite,2,1,517,517,0,0.768,matched,1
516,17.200,1780168760,T011,22,284.03,683.71,1.34,3.61,droite,droite,22,1,477,457,0,0.767,matched,1
516,17.200,1780168760,T013,4,60.25,559.16,0.0,0.07,droite,droite,4,1,194,180,0,0.769,matched,1
517,17.233,1780168760,T001,11,334.75,747.5,-0.89,3.56,droite,droite,11,1,534,458,0,0.765,matched,1
517,17.233,1780168760,T002,25,388.32,624.72,1.28,1.83,droite,droite,25,1,566,395,0,0.767,matched,1
517,17.233,1780168760,T003,6,104.41,750.86,-0.13,1.06,droite,droite,6,1,534,460,0,0.768,matched,1
517,17.233,1780168760,T005,40,521.21,505.28,-0.17,0.0,gauche,gauche,40,1,518,499,0,0.767,matched,1
517,17.233,1780168760,T007,2,432.66,807.74,0.57,-0.49,droite,droite,2,1,518,518,0,0.767,matched,1
517,17.233,1780168760,T011,22,285.56,687.48,1.06,2.68,droite,droite,22,1,478,458,0,0.761,matched,1
517,17.233,1780168760,T013,4,60.25,559.16,0.0,0.04,droite,droite,4,1,195,181,0,0.77,matched,1
518,17.267,1780168760,T001,11,333.33,751.87,-1.14,3.32,droite,droite,11,1,535,459,0,0.765,matched,1
518,17.267,1780168760,T002,25,389.88,626.87,1.21,1.77,droite,droite,25,1,567,396,0,0.768,matched,1
518,17.267,1780168760,T003,6,104.3,752.13,-0.1,0.89,droite,droite,6,1,535,461,0,0.769,matched,1
518,17.267,1780168760,T005,40,521.21,505.28,-0.2,0.0,gauche,gauche,40,1,519,500,0,0.769,matched,1
518,17.267,1780168760,T007,2,433.3,806.96,0.38,-0.63,droite,droite,2,1,519,519,0,0.767,matched,1
518,17.267,1780168760,T011,22,287.04,690.7,1.05,2.05,droite,droite,22,1,479,459,0,0.765,matched,1
518,17.267,1780168760,T013,4,60.25,559.16,-0.0,0.01,droite,droite,4,1,196,182,0,0.77,matched,1
519,17.300,1780168760,T001,11,331.75,755.71,-1.31,2.64,droite,droite,11,1,536,460,0,0.763,matched,1
519,17.300,1780168760,T002,25,391.35,628.87,1.09,1.52,droite,droite,25,1,568,397,0,0.769,matched,1
519,17.300,1780168760,T003,6,104.21,753.17,-0.06,0.62,droite,droite,6,1,536,462,0,0.767,matched,1
519,17.300,1780168760,T005,40,521.21,505.28,-0.16,0.0,gauche,gauche,40,1,520,501,0,0.77,matched,1
519,17.300,1780168760,T007,2,433.92,806.09,0.39,-0.71,droite,droite,2,1,520,520,0,0.768,matched,1
519,17.300,1780168760,T011,22,288.45,693.51,0.98,1.68,droite,droite,22,1,480,460,0,0.768,matched,1
519,17.300,1780168760,T013,4,60.25,559.16,-0.0,0.0,droite,droite,4,1,197,183,0,0.77,matched,1
520,17.333,1780168760,T001,11,330.03,759.06,-1.42,2.12,droite,droite,11,1,537,461,0,0.765,matched,1
520,17.333,1780168760,T002,25,392.86,630.79,1.13,1.41,droite,droite,25,1,569,398,0,0.768,matched,1
520,17.333,1780168760,T003,6,104.15,754.09,-0.04,0.55,droite,droite,6,1,537,463,0,0.77,matched,1
520,17.333,1780168760,T005,40,521.21,505.28,-0.11,0.0,gauche,gauche,40,1,521,502,0,0.769,matched,1
520,17.333,1780168760,T007,2,434.44,805.18,0.31,-0.75,droite,droite,2,1,521,521,0,0.768,matched,1
520,17.333,1780168760,T011,22,289.91,696.18,1.07,1.67,droite,droite,22,1,481,461,0,0.766,matched,1
520,17.333,1780168760,T013,4,60.25,559.16,-0.0,-0.0,droite,droite,4,1,198,184,0,0.77,matched,1
521,17.367,1780168760,T001,11,328.23,761.86,-1.48,1.61,droite,droite,11,1,538,462,0,0.765,matched,1
521,17.367,1780168760,T002,25,394.44,632.55,1.23,1.22,droite,droite,25,1,570,399,0,0.767,matched,1
521,17.367,1780168760,T003,6,104.1,754.85,-0.02,0.4,droite,droite,6,1,538,464,0,0.769,matched,1
521,17.367,1780168760,T005,40,521.21,505.28,-0.07,0.0,gauche,gauche,40,1,522,503,0,0.77,matched,1
521,17.367,1780168760,T007,2,434.86,804.23,0.21,-0.77,droite,droite,2,1,522,522,0,0.768,matched,1
521,17.367,1780168760,T011,22,291.47,698.97,1.2,1.96,droite,droite,22,1,482,462,0,0.762,matched,1
521,17.367,1780168760,T013,4,60.25,559.16,-0.0,-0.0,droite,droite,4,1,199,185,0,0.77,matched,1
522,17.400,1780168760,T001,11,326.49,764.33,-1.34,1.38,droite,droite,11,1,539,463,0,0.769,matched,1
522,17.400,1780168760,T002,25,395.98,634.13,1.16,1.04,droite,droite,25,1,571,400,0,0.769,matched,1
522,17.400,1780168760,T003,6,104.1,754.85,-0.01,0.08,droite,droite,6,1,539,465,0,0.766,matched,1
522,17.400,1780168760,T005,40,521.21,505.28,0.13,-0.17,gauche,gauche,40,1,523,504,0,0.766,matched,1
522,17.400,1780168760,T007,2,435.31,803.26,0.29,-0.77,droite,droite,2,1,523,523,0,0.768,matched,1
522,17.400,1780168760,T011,22,293.13,702.01,1.32,2.31,droite,droite,22,1,483,463,0,0.761,matched,1
522,17.400,1780168760,T013,4,60.25,559.16,-0.0,-0.0,droite,droite,4,1,200,186,0,0.77,matched,1
523,17.433,1780168760,T001,11,325.04,766.33,-0.98,0.98,droite,droite,11,1,540,464,0,0.765,matched,1
523,17.433,1780168760,T002,25,397.29,635.42,0.87,0.74,droite,droite,25,1,572,401,0,0.766,matched,1
523,17.433,1780168760,T003,6,104.1,754.85,-0.0,-0.06,droite,droite,6,1,540,466,0,0.768,matched,1
523,17.433,1780168760,T005,42,521.21,505.28,0.01,-0.03,gauche,gauche,42,1,524,505,0,0.768,matched,1
523,17.433,1780168760,T007,2,435.72,802.42,0.26,-0.59,droite,droite,2,1,524,524,0,0.769,matched,1
523,17.433,1780168760,T011,22,294.61,704.75,1.06,1.92,droite,droite,22,1,484,464,0,0.767,matched,1
523,17.433,1780168760,T013,4,60.25,559.16,-0.0,-0.0,droite,droite,4,1,201,187,0,0.77,matched,1
524,17.467,1780168760,T001,11,324.05,768.55,-0.45,1.46,droite,droite,11,1,541,465,0,0.759,matched,1
524,17.467,1780168760,T002,25,398.46,636.69,0.73,0.79,droite,droite,25,1,573,402,0,0.768,matched,1
524,17.467,1780168760,T003,6,104.1,754.85,0.0,-0.1,droite,droite,6,1,541,467,0,0.769,matched,1
524,17.467,1780168760,T007,2,436.05,801.75,0.18,-0.39,droite,droite,2,1,525,525,0,0.768,matched,1
524,17.467,1780168760,T008,18,114.01,867.0,-0.45,-0.0,droite,droite,18,1,541,239,0,0.57,reattached,1
524,17.467,1780168760,T011,22,296.22,707.38,1.23,1.84,droite,droite,22,1,485,465,0,0.766,matched,1
524,17.467,1780168760,T012,8,521.22,504.26,0.11,-0.09,gauche,gauche,8,1,511,311,0,0.769,matched,1
524,17.467,1780168760,T013,4,60.25,559.16,-0.0,-0.0,droite,droite,4,1,202,188,0,0.77,matched,1
525,17.500,1780168760,T001,11,322.85,771.4,-0.82,2.33,droite,droite,11,1,542,466,0,0.754,matched,1
525,17.500,1780168760,T002,25,399.53,638.18,0.68,1.14,droite,droite,25,1,574,403,0,0.764,matched,1
525,17.500,1780168760,T003,6,104.1,754.85,0.0,-0.1,droite,droite,6,1,542,468,0,0.77,matched,1
525,17.500,1780168760,T007,2,436.05,801.75,0.12,-0.23,droite,droite,2,1,526,526,0,0.768,matched,1
525,17.500,1780168760,T008,18,114.01,867.0,-0.86,-0.0,droite,droite,18,1,542,240,0,0.769,matched,1
525,17.500,1780168760,T011,22,298.07,709.74,1.53,1.57,droite,droite,22,1,486,466,0,0.764,matched,1
525,17.500,1780168760,T012,8,521.22,504.26,0.07,-0.06,gauche,gauche,8,1,512,312,0,0.769,matched,1
525,17.500,1780168760,T013,4,60.25,559.16,-0.0,-0.0,droite,droite,4,1,203,189,0,0.77,matched,1
526,17.533,1780168760,T001,11,321.57,774.98,-0.95,3.15,droite,droite,11,1,543,467,0,0.754,matched,1
526,17.533,1780168760,T002,25,400.43,639.99,0.51,1.53,droite,droite,25,1,575,404,0,0.762,matched,1
526,17.533,1780168760,T003,6,104.1,754.85,0.17,-0.07,droite,droite,6,1,543,469,0,0.767,matched,1
526,17.533,1780168760,T007,2,436.05,801.75,0.06,-0.11,droite,droite,2,1,527,527,0,0.769,matched,1
526,17.533,1780168760,T008,18,114.01,867.0,-0.85,-0.0,droite,droite,18,1,543,241,0,0.77,matched,1
526,17.533,1780168760,T010,39,521.04,503.84,-0.03,-0.07,gauche,gauche,39,1,539,293,0,0.761,matched,1
526,17.533,1780168760,T011,22,300.2,711.53,1.81,0.93,droite,droite,22,1,487,467,0,0.761,matched,1
526,17.533,1780168760,T013,4,60.25,559.16,-0.0,-0.0,droite,droite,4,1,204,190,0,0.77,matched,1
527,17.567,1780168760,T001,11,320.29,779.36,-0.95,3.95,droite,droite,11,1,544,468,0,0.754,matched,1
527,17.567,1780168760,T002,25,401.54,642.39,0.83,2.18,droite,droite,25,1,576,405,0,0.757,matched,1
527,17.567,1780168760,T003,6,104.1,754.85,0.2,-0.04,droite,droite,6,1,544,470,0,0.769,matched,1
527,17.567,1780168760,T005,40,521.21,505.28,0.11,0.04,gauche,gauche,40,1,528,506,0,0.768,matched,1
527,17.567,1780168760,T007,2,436.05,801.75,0.03,-0.04,droite,droite,2,1,528,528,0,0.769,matched,1
527,17.567,1780168760,T008,18,114.01,867.0,-0.81,-0.0,droite,droite,18,1,544,242,0,0.77,matched,1
527,17.567,1780168760,T011,22,302.56,712.96,2.01,0.65,droite,droite,22,1,488,468,0,0.764,matched,1
527,17.567,1780168760,T013,4,60.25,559.16,0.0,-0.0,droite,droite,4,1,205,191,0,0.77,matched,1
528,17.600,1780168760,T001,11,319.05,783.75,-0.91,3.7,droite,droite,11,1,545,469,0,0.768,matched,1
528,17.600,1780168760,T002,25,402.87,645.4,1.11,2.79,droite,droite,25,1,577,406,0,0.757,matched,1
528,17.600,1780168760,T003,6,104.1,754.85,0.16,-0.02,droite,droite,6,1,545,471,0,0.77,matched,1
528,17.600,1780168760,T005,40,521.21,505.28,0.09,0.04,gauche,gauche,40,1,529,507,0,0.77,matched,1
528,17.600,1780168760,T007,2,436.05,801.75,0.01,-0.0,droite,droite,2,1,529,529,0,0.769,matched,1
528,17.600,1780168760,T008,18,113.06,866.84,-0.78,-0.22,droite,droite,18,1,545,243,0,0.767,matched,1
528,17.600,1780168760,T011,22,304.83,714.05,1.8,0.39,droite,droite,22,1,489,469,0,0.767,matched,1
528,17.600,1780168760,T013,4,60.25,559.16,0.0,-0.0,droite,droite,4,1,206,192,0,0.77,matched,1
529,17.633,1780168760,T001,11,318.0,787.51,-0.68,2.76,droite,droite,11,1,546,470,0,0.761,matched,1
529,17.633,1780168760,T002,25,404.12,648.26,0.97,2.39,droite,droite,25,1,578,407,0,0.768,matched,1
529,17.633,1780168760,T003,6,104.1,754.85,0.11,-0.01,droite,droite,6,1,546,472,0,0.769,matched,1
529,17.633,1780168760,T005,40,521.21,505.28,0.06,0.03,gauche,gauche,40,1,530,508,0,0.77,matched,1
529,17.633,1780168760,T007,2,436.05,801.75,-0.0,0.01,droite,droite,2,1,530,530,0,0.77,matched,1
529,17.633,1780168760,T008,18,112.26,866.65,-0.57,-0.22,droite,droite,18,1,546,244,0,0.768,matched,1
529,17.633,1780168760,T011,22,306.73,714.85,1.31,0.2,droite,droite,22,1,490,470,0,0.765,matched,1
529,17.633,1780168760,T013,4,60.25,559.16,0.0,0.0,droite,droite,4,1,207,193,0,0.77,matched,1
530,17.667,1780168760,T001,11,316.9,791.14,-0.78,2.62,droite,droite,11,1,547,471,0,0.767,matched,1
530,17.667,1780168760,T002,25,405.3,650.77,0.86,1.86,droite,droite,25,1,579,408,0,0.766,matched,1
530,17.667,1780168760,T003,6,104.1,754.85,0.07,0.17,droite,droite,6,1,547,473,0,0.767,matched,1
530,17.667,1780168760,T007,2,436.05,801.75,-0.17,0.01,droite,droite,2,1,531,531,0,0.767,matched,1
530,17.667,1780168760,T008,18,111.49,866.48,-0.54,-0.17,droite,droite,18,1,547,245,0,0.769,matched,1
530,17.667,1780168760,T011,22,308.49,715.42,1.17,0.08,droite,droite,22,1,491,471,0,0.769,matched,1
530,17.667,1780168760,T012,8,521.22,504.26,-0.0,0.0,gauche,gauche,8,1,517,316,0,0.77,matched,1
530,17.667,1780168760,T013,4,60.25,559.16,0.0,0.0,droite,droite,4,1,208,194,0,0.77,matched,1
531,17.700,1780168760,T001,11,315.93,794.77,-0.64,2.65,droite,droite,11,1,548,472,0,0.766,matched,1
531,17.700,1780168760,T002,25,406.55,653.18,0.96,1.75,droite,droite,25,1,580,409,0,0.767,matched,1
531,17.700,1780168760,T003,6,104.47,755.48,0.2,0.37,droite,droite,6,1,548,474,0,0.766,matched,1
531,17.700,1780168760,T007,2,436.05,801.75,-0.2,0.01,droite,droite,2,1,532,532,0,0.769,matched,1
531,17.700,1780168760,T008,18,110.57,866.34,-0.75,-0.11,droite,droite,18,1,548,246,0,0.766,matched,1
531,17.700,1780168760,T011,22,310.35,716.11,1.36,0.36,droite,droite,22,1,492,472,0,0.764,matched,1
531,17.700,1780168760,T012,8,521.22,504.26,-0.0,0.0,gauche,gauche,8,1,518,317,0,0.77,matched,1
531,17.700,1780168760,T013,4,60.25,559.16,0.0,0.0,droite,droite,4,1,209,195,0,0.77,matched,1
532,17.733,1780168760,T001,11,314.87,798.45,-0.78,2.74,droite,droite,11,1,549,473,0,0.764,matched,1
532,17.733,1780168760,T002,25,407.81,655.36,0.96,1.47,droite,droite,25,1,581,410,0,0.768,matched,1
532,17.733,1780168760,T003,6,104.96,756.06,0.38,0.36,droite,droite,6,1,549,475,0,0.767,matched,1
532,17.733,1780168760,T007,2,436.05,801.75,-0.17,-0.33,droite,droite,2,1,533,533,0,0.765,matched,1
532,17.733,1780168760,T008,18,109.57,866.1,-0.83,-0.23,droite,droite,18,1,549,247,0,0.767,matched,1
532,17.733,1780168760,T011,22,312.28,717.04,1.46,0.72,droite,droite,22,1,493,473,0,0.763,matched,1
532,17.733,1780168760,T012,8,521.22,504.26,-0.0,0.0,gauche,gauche,8,1,519,318,0,0.77,matched,1
532,17.733,1780168760,T013,4,60.25,559.16,0.0,-0.17,droite,droite,4,1,210,196,0,0.767,matched,1
533,17.767,1780168760,T001,11,313.78,801.79,-0.83,2.32,droite,droite,11,1,550,474,0,0.767,matched,1
533,17.767,1780168760,T002,25,409.03,657.26,0.9,1.2,droite,droite,25,1,582,411,0,0.768,matched,1
533,17.767,1780168760,T003,6,105.44,756.83,0.36,0.62,droite,droite,6,1,550,476,0,0.766,matched,1
533,17.767,1780168760,T007,2,436.02,800.36,-0.11,-1.07,droite,droite,2,1,534,534,0,0.759,matched,1
533,17.767,1780168760,T008,18,108.53,865.85,-0.84,-0.23,droite,droite,18,1,550,248,0,0.769,matched,1
533,17.767,1780168760,T011,22,314.39,718.1,1.68,0.87,droite,droite,22,1,494,474,0,0.764,matched,1
533,17.767,1780168760,T012,8,521.22,504.26,-0.0,0.0,gauche,gauche,8,1,520,319,0,0.77,matched,1
533,17.767,1780168760,T013,4,60.25,559.16,0.0,-0.03,droite,droite,4,1,211,197,0,0.768,matched,1
534,17.800,1780168760,T001,11,312.68,804.52,-0.83,1.63,droite,droite,11,1,551,475,0,0.763,matched,1
534,17.800,1780168760,T002,25,410.34,659.07,1.02,1.17,droite,droite,25,1,583,412,0,0.767,matched,1
534,17.800,1780168760,T003,6,105.84,757.99,0.27,1.09,droite,droite,6,1,551,477,0,0.762,matched,1
534,17.800,1780168760,T007,2,435.86,798.51,-0.24,-1.62,droite,droite,2,1,535,535,0,0.76,matched,1
534,17.800,1780168760,T008,18,107.62,865.21,-0.65,-0.68,droite,droite,18,1,551,249,0,0.763,matched,1
534,17.800,1780168760,T011,22,316.71,719.48,1.89,1.24,droite,droite,22,1,495,475,0,0.761,matched,1
534,17.800,1780168760,T012,8,521.22,504.26,-0.0,0.0,gauche,gauche,8,1,521,320,0,0.77,matched,1
534,17.800,1780168760,T013,4,60.25,559.16,0.0,0.03,droite,droite,4,1,212,198,0,0.769,matched,1
535,17.833,1780168760,T001,11,311.73,806.6,-0.64,1.0,droite,droite,11,1,552,476,0,0.763,matched,1
535,17.833,1780168760,T002,25,411.51,660.59,0.83,0.89,droite,droite,25,1,584,413,0,0.767,matched,1
535,17.833,1780168760,T003,6,106.16,759.17,0.18,1.02,droite,droite,6,1,552,478,0,0.769,matched,1
535,17.833,1780168760,T007,2,435.66,796.71,-0.23,-1.46,droite,droite,2,1,536,536,0,0.77,matched,1
535,17.833,1780168760,T008,18,106.9,864.5,-0.43,-0.7,droite,droite,18,1,552,250,0,0.767,matched,1
535,17.833,1780168760,T011,22,318.79,720.81,1.54,1.1,droite,droite,22,1,496,476,0,0.768,matched,1
535,17.833,1780168760,T012,8,521.22,504.26,-0.0,0.0,gauche,gauche,8,1,522,321,0,0.77,matched,1
535,17.833,1780168760,T013,4,60.25,559.16,-0.0,0.05,droite,droite,4,1,213,199,0,0.77,matched,1
536,17.867,1780168760,T001,11,310.85,808.12,-0.59,0.53,droite,droite,11,1,553,477,0,0.765,matched,1
536,17.867,1780168760,T002,25,412.59,662.2,0.74,1.09,droite,droite,25,1,585,414,0,0.766,matched,1
536,17.867,1780168760,T003,6,106.26,760.59,-0.07,1.27,droite,droite,6,1,553,479,0,0.764,matched,1
536,17.867,1780168760,T007,2,435.48,794.78,-0.18,-1.58,droite,droite,2,1,537,537,0,0.766,matched,1
536,17.867,1780168760,T008,18,106.36,863.71,-0.25,-0.72,droite,droite,18,1,553,251,0,0.768,matched,1
536,17.867,1780168760,T011,22,320.76,722.21,1.4,1.14,droite,droite,22,1,497,477,0,0.768,matched,1
536,17.867,1780168760,T012,8,521.22,504.26,-0.0,0.0,gauche,gauche,8,1,523,322,0,0.77,matched,1
536,17.867,1780168760,T013,4,60.25,559.16,-0.0,0.04,droite,droite,4,1,214,200,0,0.77,matched,1
537,17.900,1780168760,T001,11,309.83,809.2,-0.78,0.22,droite,droite,11,1,554,478,0,0.765,matched,1
537,17.900,1780168760,T002,25,413.76,664.17,0.88,1.6,droite,droite,25,1,586,415,0,0.76,matched,1
537,17.900,1780168760,T003,6,106.53,761.93,0.19,1.08,droite,droite,6,1,554,480,0,0.766,matched,1
537,17.900,1780168760,T005,40,521.21,505.28,0.01,0.0,gauche,gauche,40,1,538,509,0,0.769,matched,1
537,17.900,1780168760,T007,2,435.34,792.78,-0.12,-1.61,droite,droite,2,1,538,538,0,0.767,matched,1
537,17.900,1780168760,T008,18,105.97,862.87,-0.12,-0.73,droite,droite,18,1,554,252,0,0.768,matched,1
537,17.900,1780168760,T011,22,322.67,723.85,1.37,1.4,droite,droite,22,1,498,478,0,0.764,matched,1
537,17.900,1780168760,T013,4,60.25,559.16,-0.0,0.03,droite,droite,4,1,215,201,0,0.77,matched,1
538,17.933,1780168760,T001,11,308.9,810.1,-0.67,0.23,droite,droite,11,1,555,479,0,0.769,matched,1
538,17.933,1780168760,T002,25,415.23,666.74,1.24,2.28,droite,droite,25,1,587,416,0,0.756,matched,1
538,17.933,1780168760,T003,6,107.11,763.03,0.59,0.76,droite,droite,6,1,555,481,0,0.763,matched,1
538,17.933,1780168760,T007,2,435.37,790.9,0.1,-1.42,droite,droite,2,1,539,539,0,0.767,matched,1
538,17.933,1780168760,T008,18,105.97,862.87,-0.22,-0.23,droite,droite,18,1,555,253,0,0.764,matched,1
538,17.933,1780168760,T011,22,324.58,725.65,1.38,1.53,droite,droite,22,1,499,479,0,0.766,matched,1
538,17.933,1780168760,T012,8,521.22,504.26,0.0,0.0,gauche,gauche,8,1,525,324,0,0.77,matched,1
538,17.933,1780168760,T013,4,60.25,559.16,-0.0,0.02,droite,droite,4,1,216,202,0,0.77,matched,1
539,17.967,1780168760,T001,11,307.99,810.67,-0.65,0.01,droite,droite,11,1,556,480,0,0.767,matched,1
539,17.967,1780168760,T002,25,416.76,669.36,1.27,2.2,droite,droite,25,1,588,417,0,0.767,matched,1
539,17.967,1780168760,T003,6,107.89,763.88,0.78,0.47,droite,droite,6,1,556,482,0,0.765,matched,1
539,17.967,1780168760,T007,2,435.48,789.06,0.17,-1.37,droite,droite,2,1,540,540,0,0.768,matched,1
539,17.967,1780168760,T008,18,105.36,862.25,-0.37,-0.33,droite,droite,18,1,556,254,0,0.767,matched,1
539,17.967,1780168760,T011,22,326.5,727.53,1.41,1.57,droite,droite,22,1,500,480,0,0.766,matched,1
539,17.967,1780168760,T012,8,521.22,504.26,0.0,-0.0,gauche,gauche,8,1,526,325,0,0.77,matched,1
539,17.967,1780168760,T013,4,60.25,559.16,-0.0,0.01,droite,droite,4,1,217,203,0,0.77,matched,1
540,18.000,1780168761,T001,11,307.08,811.04,-0.66,-0.08,droite,droite,11,1,557,481,0,0.768,matched,1
540,18.000,1780168761,T002,25,418.25,672.03,1.16,2.18,droite,droite,25,1,589,418,0,0.767,matched,1
540,18.000,1780168761,T003,6,108.93,764.36,1.01,0.08,droite,droite,6,1,557,483,0,0.763,matched,1
540,18.000,1780168761,T007,2,435.6,787.49,0.15,-1.04,droite,droite,2,1,541,541,0,0.767,matched,1
540,18.000,1780168761,T008,18,105.36,862.25,-0.52,0.22,droite,droite,18,1,557,255,0,0.762,matched,1
540,18.000,1780168761,T011,22,328.57,729.47,1.62,1.57,droite,droite,22,1,501,481,0,0.764,matched,1
540,18.000,1780168761,T012,8,521.22,504.26,0.0,-0.0,gauche,gauche,8,1,527,326,0,0.77,matched,1
540,18.000,1780168761,T013,4,60.25,559.16,-0.0,0.01,droite,droite,4,1,218,204,0,0.77,matched,1
541,18.033,1780168761,T001,11,306.29,811.29,-0.52,-0.1,droite,droite,11,1,558,482,0,0.769,matched,1
541,18.033,1780168761,T002,25,419.5,674.36,0.86,1.67,droite,droite,25,1,590,419,0,0.765,matched,1
541,18.033,1780168761,T003,6,109.93,764.61,0.87,-0.09,droite,droite,6,1,558,484,0,0.768,matched,1
541,18.033,1780168761,T005,40,521.21,505.28,-0.0,-0.18,gauche,gauche,40,1,542,510,0,0.767,matched,1
541,18.033,1780168761,T007,2,435.71,786.25,0.11,-0.67,droite,droite,2,1,542,542,0,0.766,matched,1
541,18.033,1780168761,T008,18,104.55,862.32,-0.46,0.38,droite,droite,18,1,558,256,0,0.767,matched,1
541,18.033,1780168761,T011,22,330.43,731.16,1.33,1.21,droite,droite,22,1,502,482,0,0.767,matched,1
541,18.033,1780168761,T013,4,60.25,559.16,-0.0,0.0,droite,droite,4,1,219,205,0,0.77,matched,1
542,18.067,1780168761,T001,11,305.67,811.73,-0.34,0.26,droite,droite,11,1,559,483,0,0.765,matched,1
542,18.067,1780168761,T002,25,420.61,676.33,0.71,1.27,droite,droite,25,1,591,420,0,0.766,matched,1
542,18.067,1780168761,T003,6,110.77,764.87,0.62,0.03,droite,droite,6,1,559,485,0,0.767,matched,1
542,18.067,1780168761,T007,2,435.66,785.34,-0.1,-0.38,droite,droite,2,1,543,543,0,0.766,matched,1
542,18.067,1780168761,T008,18,104.03,861.65,-0.16,-0.66,droite,droite,18,1,559,257,0,0.755,matched,1
542,18.067,1780168761,T011,22,332.07,732.77,1.08,1.14,droite,droite,22,1,503,483,0,0.768,matched,1
542,18.067,1780168761,T012,8,521.22,504.26,0.0,-0.0,gauche,gauche,8,1,529,328,0,0.77,matched,1
542,18.067,1780168761,T013,4,60.25,559.16,-0.0,-0.0,droite,droite,4,1,220,206,0,0.77,matched,1
543,18.100,1780168761,T001,11,305.2,812.49,-0.2,0.68,droite,droite,11,1,560,484,0,0.763,matched,1
543,18.100,1780168761,T002,25,421.65,678.16,0.67,1.17,droite,droite,25,1,592,421,0,0.77,matched,1
543,18.100,1780168761,T003,6,111.55,765.11,0.55,0.08,droite,droite,6,1,560,486,0,0.769,matched,1
543,18.100,1780168761,T007,2,435.66,785.34,-0.33,-0.18,droite,droite,2,1,544,544,0,0.766,matched,1
543,18.100,1780168761,T008,18,103.7,860.45,-0.01,-1.25,droite,droite,18,1,560,258,0,0.76,matched,1
543,18.100,1780168761,T011,22,333.67,734.4,1.08,1.19,droite,droite,22,1,504,484,0,0.767,matched,1
543,18.100,1780168761,T012,8,521.22,504.26,0.0,-0.0,gauche,gauche,8,1,530,329,0,0.77,matched,1
543,18.100,1780168761,T013,4,60.25,559.16,-0.0,-0.0,droite,droite,4,1,221,207,0,0.77,matched,1
544,18.133,1780168761,T001,11,305.0,813.83,0.07,1.37,droite,droite,11,1,561,485,0,0.758,matched,1
544,18.133,1780168761,T002,25,422.52,679.81,0.5,1.03,droite,droite,25,1,593,422,0,0.768,matched,1
544,18.133,1780168761,T003,6,112.33,765.32,0.57,0.07,droite,droite,6,1,561,487,0,0.769,matched,1
544,18.133,1780168761,T007,2,435.29,784.71,-0.34,-0.06,droite,droite,2,1,545,545,0,0.768,matched,1
544,18.133,1780168761,T008,18,103.5,859.05,0.05,-1.37,droite,droite,18,1,561,259,0,0.766,matched,1
544,18.133,1780168761,T011,22,335.17,736.1,1.01,1.28,droite,droite,22,1,505,485,0,0.767,matched,1
544,18.133,1780168761,T012,8,521.22,504.26,0.0,-0.0,gauche,gauche,8,1,531,330,0,0.77,matched,1
544,18.133,1780168761,T013,4,60.25,559.16,0.0,-0.0,droite,droite,4,1,222,208,0,0.77,matched,1
545,18.167,1780168761,T001,11,304.81,815.67,-0.01,1.83,droite,droite,11,1,562,486,0,0.761,matched,1
545,18.167,1780168761,T002,25,423.33,681.44,0.49,1.08,droite,droite,25,1,594,423,0,0.768,matched,1
545,18.167,1780168761,T003,6,113.15,765.49,0.62,0.06,droite,droite,6,1,562,488,0,0.768,matched,1
545,18.167,1780168761,T005,40,521.21,505.28,-0.0,-0.06,gauche,gauche,40,1,546,511,0,0.768,matched,1
545,18.167,1780168761,T007,2,435.29,784.71,-0.27,-0.0,droite,droite,2,1,546,546,0,0.769,matched,1
545,18.167,1780168761,T008,18,103.23,857.76,-0.11,-1.1,droite,droite,18,1,562,260,0,0.767,matched,1
545,18.167,1780168761,T011,22,336.56,738.01,0.92,1.54,droite,droite,22,1,506,486,0,0.764,matched,1
545,18.167,1780168761,T013,4,60.25,559.16,0.0,-0.0,droite,droite,4,1,223,209,0,0.77,matched,1
546,18.200,1780168761,T001,11,304.63,818.01,-0.04,2.27,droite,droite,11,1,563,487,0,0.761,matched,1
546,18.200,1780168761,T002,25,424.01,683.12,0.37,1.2,droite,droite,25,1,595,424,0,0.767,matched,1
546,18.200,1780168761,T003,6,113.87,765.62,0.5,0.04,droite,droite,6,1,563,489,0,0.769,matched,1
546,18.200,1780168761,T007,2,435.29,784.71,-0.18,0.02,droite,droite,2,1,547,547,0,0.769,matched,1
546,18.200,1780168761,T008,18,102.83,856.71,-0.31,-0.75,droite,droite,18,1,563,261,0,0.765,matched,1
546,18.200,1780168761,T011,22,337.99,740.16,1.02,1.79,droite,droite,22,1,507,487,0,0.763,matched,1
546,18.200,1780168761,T012,8,521.22,504.26,0.0,-0.0,gauche,gauche,8,1,533,331,0,0.77,matched,1
546,18.200,1780168761,T013,4,60.25,559.16,0.0,-0.0,droite,droite,4,1,224,210,0,0.77,matched,1
547,18.233,1780168761,T001,11,304.48,820.24,-0.04,1.93,droite,droite,11,1,564,488,0,0.768,matched,1
547,18.233,1780168761,T002,25,424.54,684.6,0.25,0.97,droite,droite,25,1,596,425,0,0.768,matched,1
547,18.233,1780168761,T003,6,113.87,765.62,0.34,0.02,droite,droite,6,1,564,490,0,0.768,matched,1
547,18.233,1780168761,T007,2,435.29,784.71,-0.1,0.03,droite,droite,2,1,548,548,0,0.769,matched,1
547,18.233,1780168761,T008,18,102.41,855.92,-0.32,-0.44,droite,droite,18,1,564,262,0,0.767,matched,1
547,18.233,1780168761,T011,22,339.25,742.12,0.82,1.49,droite,droite,22,1,508,488,0,0.768,matched,1
547,18.233,1780168761,T012,8,521.22,504.26,-0.0,-0.0,gauche,gauche,8,1,534,332,0,0.77,matched,1
547,18.233,1780168761,T013,4,60.25,559.16,0.0,-0.0,droite,droite,4,1,225,211,0,0.77,matched,1
548,18.267,1780168761,T001,11,304.23,822.91,-0.2,2.38,droite,droite,11,1,565,489,0,0.76,matched,1
548,18.267,1780168761,T002,25,425.08,686.19,0.31,1.17,droite,droite,25,1,597,426,0,0.765,matched,1
548,18.267,1780168761,T003,6,113.87,765.62,0.2,0.35,droite,droite,6,1,565,491,0,0.765,matched,1
548,18.267,1780168761,T007,2,435.29,784.71,-0.05,0.02,droite,droite,2,1,549,549,0,0.769,matched,1
548,18.267,1780168761,T008,18,101.91,855.35,-0.42,-0.22,droite,droite,18,1,565,263,0,0.767,matched,1
548,18.267,1780168761,T011,22,340.53,744.26,0.9,1.71,droite,droite,22,1,509,489,0,0.764,matched,1
548,18.267,1780168761,T012,8,521.22,504.26,-0.0,0.0,gauche,gauche,8,1,535,333,0,0.77,matched,1
548,18.267,1780168761,T013,4,60.25,559.16,0.0,-0.0,droite,droite,4,1,226,212,0,0.77,matched,1
549,18.300,1780168761,T001,11,304.09,825.96,-0.05,2.69,droite,droite,11,1,566,490,0,0.762,matched,1
549,18.300,1780168761,T002,25,425.69,688.04,0.43,1.49,droite,droite,25,1,598,427,0,0.763,matched,1
549,18.300,1780168761,T003,6,114.57,766.69,0.27,1.08,droite,droite,6,1,566,492,0,0.759,matched,1
549,18.300,1780168761,T007,2,435.29,784.71,-0.02,0.01,droite,droite,2,1,550,550,0,0.77,matched,1
549,18.300,1780168761,T008,18,101.31,854.96,-0.53,-0.09,droite,droite,18,1,566,264,0,0.767,matched,1
549,18.300,1780168761,T011,22,341.66,746.2,0.73,1.41,droite,droite,22,1,510,490,0,0.768,matched,1
549,18.300,1780168761,T012,8,521.22,504.26,-0.0,0.0,gauche,gauche,8,1,536,334,0,0.77,matched,1
549,18.300,1780168761,T013,4,60.25,559.16,0.0,-0.17,droite,droite,4,1,227,213,0,0.768,matched,1
550,18.333,1780168761,T001,11,304.03,829.16,0.02,2.71,droite,droite,11,1,567,491,0,0.766,matched,1
550,18.333,1780168761,T002,25,426.25,689.75,0.38,1.28,droite,droite,25,1,599,428,0,0.769,matched,1
550,18.333,1780168761,T003,6,115.43,767.6,0.58,0.77,droite,droite,6,1,567,493,0,0.764,matched,1
550,18.333,1780168761,T007,2,435.29,784.71,-0.17,0.01,droite,droite,2,1,551,551,0,0.768,matched,1
550,18.333,1780168761,T008,18,100.19,854.69,-1.14,-0.02,droite,droite,18,1,567,265,0,0.76,matched,1
550,18.333,1780168761,T011,22,342.56,748.04,0.49,1.31,droite,droite,22,1,511,491,0,0.768,matched,1
550,18.333,1780168761,T012,8,521.22,504.26,-0.0,0.17,gauche,gauche,8,1,537,335,0,0.768,matched,1
550,18.333,1780168761,T013,4,60.25,559.16,0.0,-0.2,droite,droite,4,1,228,214,0,0.769,matched,1
551,18.367,1780168761,T001,11,304.01,832.1,0.04,2.27,droite,droite,11,1,568,492,0,0.768,matched,1
551,18.367,1780168761,T002,25,426.98,691.43,0.62,1.24,droite,droite,25,1,600,429,0,0.766,matched,1
551,18.367,1780168761,T003,6,116.26,768.58,0.56,0.82,droite,droite,6,1,568,494,0,0.768,matched,1
551,18.367,1780168761,T007,2,434.63,783.89,-0.36,-0.51,droite,droite,2,1,552,552,0,0.762,matched,1
551,18.367,1780168761,T008,18,99.13,854.51,-0.94,0.02,droite,droite,18,1,568,266,0,0.769,matched,1
551,18.367,1780168761,T011,22,343.37,749.87,0.46,1.32,droite,droite,22,1,512,492,0,0.768,matched,1
551,18.367,1780168761,T012,8,521.22,504.26,-0.0,0.2,gauche,gauche,8,1,538,336,0,0.769,matched,1
551,18.367,1780168761,T013,4,60.25,559.16,0.0,0.01,droite,droite,4,1,229,215,0,0.767,matched,1
552,18.400,1780168761,T001,11,304.0,834.92,0.04,2.1,droite,droite,11,1,569,493,0,0.769,matched,1
552,18.400,1780168761,T002,25,427.84,693.01,0.74,1.12,droite,droite,25,1,601,430,0,0.767,matched,1
552,18.400,1780168761,T003,6,117.1,769.46,0.6,0.65,droite,droite,6,1,569,495,0,0.768,matched,1
552,18.400,1780168761,T007,2,433.74,782.49,-0.69,-1.27,droite,droite,2,1,553,553,0,0.757,matched,1
552,18.400,1780168761,T008,18,98.13,854.38,-0.82,0.02,droite,droite,18,1,569,267,0,0.77,matched,1
552,18.400,1780168761,T011,22,344.05,751.58,0.35,1.19,droite,droite,22,1,513,493,0,0.769,matched,1
552,18.400,1780168761,T012,8,521.22,504.26,-0.0,-0.01,gauche,gauche,8,1,539,337,0,0.767,matched,1
552,18.400,1780168761,T013,4,60.25,559.16,-0.0,0.08,droite,droite,4,1,230,216,0,0.769,matched,1
553,18.433,1780168761,T001,11,304.01,837.3,0.03,1.55,droite,droite,11,1,570,494,0,0.765,matched,1
553,18.433,1780168761,T002,25,428.62,694.32,0.62,0.82,droite,droite,25,1,602,431,0,0.767,matched,1
553,18.433,1780168761,T003,6,117.83,770.16,0.48,0.44,droite,droite,6,1,570,496,0,0.768,matched,1
553,18.433,1780168761,T007,2,432.86,781.01,-0.66,-1.27,droite,droite,2,1,554,554,0,0.768,matched,1
553,18.433,1780168761,T008,18,97.29,854.29,-0.59,0.02,droite,droite,18,1,570,268,0,0.768,matched,1
553,18.433,1780168761,T011,22,344.57,753.0,0.22,0.87,droite,droite,22,1,514,494,0,0.767,matched,1
553,18.433,1780168761,T012,8,521.22,504.26,-0.0,-0.08,gauche,gauche,8,1,540,338,0,0.769,matched,1
553,18.433,1780168761,T013,4,60.25,559.16,-0.0,0.1,droite,droite,4,1,231,217,0,0.77,matched,1
554,18.467,1780168761,T001,11,303.87,839.16,-0.15,0.99,droite,droite,11,1,571,495,0,0.763,matched,1
554,18.467,1780168761,T002,25,429.41,695.2,0.6,0.34,droite,droite,25,1,603,432,0,0.764,matched,1
554,18.467,1780168761,T003,6,118.42,770.82,0.32,0.43,droite,droite,6,1,571,497,0,0.768,matched,1
554,18.467,1780168761,T007,2,431.98,779.44,-0.67,-1.33,droite,droite,2,1,555,555,0,0.767,matched,1
554,18.467,1780168761,T008,18,96.5,854.22,-0.54,0.02,droite,droite,18,1,571,269,0,0.77,matched,1
554,18.467,1780168761,T011,22,344.96,754.1,0.12,0.55,droite,droite,22,1,515,495,0,0.766,matched,1
554,18.467,1780168761,T012,8,521.22,504.26,-0.0,-0.1,gauche,gauche,8,1,541,339,0,0.77,matched,1
554,18.467,1780168761,T013,4,60.25,559.16,-0.0,-0.09,droite,droite,4,1,232,218,0,0.767,matched,1
555,18.500,1780168761,T001,11,303.56,840.66,-0.36,0.72,droite,droite,11,1,572,496,0,0.766,matched,1
555,18.500,1780168761,T002,25,430.22,695.91,0.63,0.25,droite,droite,25,1,604,433,0,0.768,matched,1
555,18.500,1780168761,T003,6,119.13,771.38,0.53,0.33,droite,droite,6,1,572,498,0,0.766,matched,1
555,18.500,1780168761,T007,2,431.08,777.77,-0.69,-1.39,droite,droite,2,1,556,556,0,0.767,matched,1
555,18.500,1780168761,T008,18,95.71,854.17,-0.56,0.01,droite,droite,18,1,572,270,0,0.769,matched,1
555,18.500,1780168761,T011,22,345.24,755.33,0.06,0.81,droite,droite,22,1,516,496,0,0.765,matched,1
555,18.500,1780168761,T012,8,521.22,504.26,0.0,-0.08,gauche,gauche,8,1,542,340,0,0.77,matched,1
555,18.500,1780168761,T013,4,60.25,559.16,-0.0,-0.14,droite,droite,4,1,233,219,0,0.769,matched,1
556,18.533,1780168761,T001,11,303.07,841.96,-0.52,0.62,droite,droite,11,1,573,497,0,0.767,matched,1
556,18.533,1780168761,T002,25,431.06,696.59,0.66,0.33,droite,droite,25,1,605,434,0,0.768,matched,1
556,18.533,1780168761,T003,6,120.09,771.82,0.83,0.21,droite,droite,6,1,573,499,0,0.765,matched,1
556,18.533,1780168761,T007,2,430.29,776.29,-0.54,-1.09,droite,droite,2,1,557,557,0,0.767,matched,1
556,18.533,1780168761,T008,18,95.71,854.17,-0.45,0.01,droite,droite,18,1,573,271,0,0.769,matched,1
556,18.533,1780168761,T011,22,345.44,756.72,0.02,1.07,droite,droite,22,1,517,497,0,0.765,matched,1
556,18.533,1780168761,T012,8,521.22,504.26,0.0,-0.05,gauche,gauche,8,1,543,341,0,0.77,matched,1
556,18.533,1780168761,T013,4,60.25,559.16,-0.0,-0.13,droite,droite,4,1,234,220,0,0.77,matched,1
557,18.567,1780168761,T001,11,302.43,843.0,-0.64,0.44,droite,droite,11,1,574,498,0,0.767,matched,1
557,18.567,1780168761,T002,25,431.81,697.17,0.53,0.29,droite,droite,25,1,606,435,0,0.769,matched,1
557,18.567,1780168761,T003,6,121.43,772.14,1.27,0.12,droite,droite,6,1,574,500,0,0.762,matched,1
557,18.567,1780168761,T007,2,429.53,774.84,-0.53,-1.07,droite,droite,2,1,558,558,0,0.769,matched,1
557,18.567,1780168761,T008,18,95.71,854.17,-0.3,0.0,droite,droite,18,1,574,272,0,0.769,matched,1
557,18.567,1780168761,T011,22,345.72,758.56,0.17,1.6,droite,droite,22,1,518,498,0,0.76,matched,1
557,18.567,1780168761,T012,8,521.22,504.26,0.0,-0.03,gauche,gauche,8,1,544,342,0,0.77,matched,1
557,18.567,1780168761,T013,4,60.25,559.16,-0.0,-0.1,droite,droite,4,1,235,221,0,0.77,matched,1
558,18.600,1780168761,T001,11,301.69,843.66,-0.71,0.1,droite,droite,11,1,575,499,0,0.765,matched,1
558,18.600,1780168761,T002,25,432.55,697.64,0.53,0.2,droite,droite,25,1,607,436,0,0.769,matched,1
558,18.600,1780168761,T003,6,122.76,772.52,1.15,0.23,droite,droite,6,1,575,501,0,0.768,matched,1
558,18.600,1780168761,T007,2,428.74,773.59,-0.58,-0.82,droite,droite,2,1,559,559,0,0.767,matched,1
558,18.600,1780168761,T008,18,95.0,853.72,-0.17,-0.51,droite,droite,18,1,575,273,0,0.762,matched,1
558,18.600,1780168761,T011,22,346.01,760.76,0.19,1.96,droite,droite,22,1,519,499,0,0.762,matched,1
558,18.600,1780168761,T012,8,521.22,504.26,-0.17,0.15,gauche,gauche,8,1,545,343,0,0.766,matched,1
558,18.600,1780168761,T013,4,60.25,559.16,-0.0,0.11,droite,droite,4,1,236,222,0,0.767,matched,1
559,18.633,1780168761,T001,11,301.01,844.07,-0.57,-0.05,droite,droite,11,1,576,500,0,0.768,matched,1
559,18.633,1780168761,T002,25,433.18,698.0,0.41,0.13,droite,droite,25,1,608,437,0,0.769,matched,1
559,18.633,1780168761,T003,6,124.03,772.87,1.01,0.22,droite,droite,6,1,576,502,0,0.77,matched,1
559,18.633,1780168761,T005,43,265.79,518.82,-15.52,0.96,gauche,gauche,43,1,560,512,0,0.57,matched,1
559,18.633,1780168761,T007,2,428.05,772.6,-0.46,-0.54,droite,droite,2,1,560,560,0,0.767,matched,1
559,18.633,1780168761,T008,18,94.48,853.15,-0.09,-0.59,droite,droite,18,1,576,274,0,0.768,matched,1
559,18.633,1780168761,T011,22,346.26,762.8,0.15,1.65,droite,droite,22,1,520,500,0,0.768,matched,1
559,18.633,1780168761,T012,8,521.22,504.26,-0.2,0.19,gauche,gauche,8,1,546,344,0,0.769,matched,1
559,18.633,1780168761,T013,4,60.25,559.16,-0.0,0.16,droite,droite,4,1,237,223,0,0.769,matched,1
560,18.667,1780168761,T001,11,300.31,844.32,-0.56,-0.1,droite,droite,11,1,577,501,0,0.769,matched,1
560,18.667,1780168761,T002,25,433.18,698.0,0.27,0.24,droite,droite,25,1,609,438,0,0.768,matched,1
560,18.667,1780168761,T003,6,125.37,773.02,1.07,-0.01,droite,droite,6,1,577,503,0,0.766,matched,1
560,18.667,1780168761,T005,43,264.23,518.92,-9.81,0.61,gauche,gauche,43,1,561,513,0,0.738,matched,1
560,18.667,1780168761,T007,2,427.5,771.87,-0.31,-0.31,droite,droite,2,1,561,561,0,0.767,matched,1
560,18.667,1780168761,T008,18,94.1,852.19,-0.03,-1.0,droite,droite,18,1,577,275,0,0.763,matched,1
560,18.667,1780168761,T011,22,346.45,765.04,0.11,1.83,droite,droite,22,1,521,501,0,0.765,matched,1
560,18.667,1780168761,T012,8,521.22,504.26,-0.16,0.16,gauche,gauche,8,1,547,345,0,0.77,matched,1
560,18.667,1780168761,T013,4,60.25,559.16,-0.0,0.15,droite,droite,4,1,238,224,0,0.77,matched,1
561,18.700,1780168761,T001,11,300.31,844.32,-0.43,-0.1,droite,droite,11,1,578,502,0,0.769,matched,1
561,18.700,1780168761,T002,25,433.8,698.61,0.32,0.4,droite,droite,25,1,610,439,0,0.767,matched,1
561,18.700,1780168761,T003,6,126.69,773.2,1.02,0.08,droite,droite,6,1,578,504,0,0.769,matched,1
561,18.700,1780168761,T007,2,426.94,771.21,-0.36,-0.32,droite,droite,2,1,562,562,0,0.769,matched,1
561,18.700,1780168761,T008,18,93.82,851.21,-0.01,-0.93,droite,droite,18,1,578,276,0,0.769,matched,1
561,18.700,1780168761,T011,22,346.61,767.32,0.06,1.83,droite,droite,22,1,522,502,0,0.767,matched,1
561,18.700,1780168761,T012,8,521.22,504.26,0.06,-0.06,gauche,gauche,8,1,548,346,0,0.766,matched,1
561,18.700,1780168761,T013,4,60.25,559.16,-0.0,0.11,droite,droite,4,1,239,225,0,0.77,matched,1
562,18.733,1780168761,T001,11,300.31,844.32,-0.28,0.1,droite,droite,11,1,579,503,0,0.767,matched,1
562,18.733,1780168761,T002,25,434.48,699.45,0.44,0.71,droite,droite,25,1,611,440,0,0.764,matched,1
562,18.733,1780168761,T003,6,128.09,773.38,1.11,0.09,droite,droite,6,1,579,505,0,0.767,matched,1
562,18.733,1780168761,T007,2,426.46,770.66,-0.29,-0.25,droite,droite,2,1,563,563,0,0.769,matched,1
562,18.733,1780168761,T008,18,93.48,850.35,-0.16,-0.69,droite,droite,18,1,579,277,0,0.767,matched,1
562,18.733,1780168761,T011,22,346.71,769.31,0.03,1.41,droite,droite,22,1,523,503,0,0.767,matched,1
562,18.733,1780168761,T012,8,521.22,504.26,0.13,-0.13,gauche,gauche,8,1,549,347,0,0.768,matched,1
562,18.733,1780168761,T013,4,60.25,559.16,-0.0,0.07,droite,droite,4,1,240,226,0,0.77,matched,1
563,18.767,1780168761,T001,11,299.56,844.69,-0.33,0.15,droite,droite,11,1,580,504,0,0.769,matched,1
563,18.767,1780168761,T002,25,435.37,700.42,0.73,0.84,droite,droite,25,1,612,441,0,0.764,matched,1
563,18.767,1780168761,T003,6,129.47,773.53,1.06,0.08,droite,droite,6,1,580,506,0,0.769,matched,1
563,18.767,1780168761,T007,2,426.46,770.66,-0.37,-0.17,droite,droite,2,1,564,564,0,0.768,matched,1
563,18.767,1780168761,T008,18,93.15,849.54,-0.19,-0.61,droite,droite,18,1,580,278,0,0.769,matched,1
563,18.767,1780168761,T010,29,418.59,652.15,-3.66,5.29,droite,droite,29,1,592,303,0,0.57,reattached,1
563,18.767,1780168761,T011,22,346.79,770.88,0.01,0.93,droite,droite,22,1,524,504,0,0.765,matched,1
563,18.767,1780168761,T012,8,521.22,504.26,0.13,-0.13,gauche,gauche,8,1,550,348,0,0.77,matched,1
563,18.767,1780168761,T013,4,60.25,559.16,-0.0,0.04,droite,droite,4,1,241,227,0,0.77,matched,1
564,18.800,1780168761,T001,11,299.56,844.69,-0.1,0.14,droite,droite,11,1,581,505,0,0.767,matched,1
564,18.800,1780168761,T002,25,436.64,701.87,1.18,1.38,droite,droite,25,1,613,442,0,0.758,matched,1
564,18.800,1780168761,T003,6,130.65,773.93,0.8,0.39,droite,droite,6,1,581,507,0,0.765,matched,1
564,18.800,1780168761,T007,2,425.72,770.23,-0.49,-0.1,droite,droite,2,1,565,565,0,0.768,matched,1
564,18.800,1780168761,T008,18,92.73,848.86,-0.32,-0.44,droite,droite,18,1,581,279,0,0.767,matched,1
564,18.800,1780168761,T010,29,418.59,652.15,-1.51,2.82,droite,droite,29,1,593,304,0,0.755,matched,1
564,18.800,1780168761,T011,22,346.85,772.19,0.0,0.7,droite,droite,22,1,525,505,0,0.768,matched,1
564,18.800,1780168761,T012,8,521.22,504.26,0.1,-0.1,gauche,gauche,8,1,551,349,0,0.77,matched,1
564,18.800,1780168761,T013,4,60.25,559.16,-0.0,-0.15,droite,droite,4,1,242,228,0,0.767,matched,1
565,18.833,1780168761,T001,11,299.56,844.69,0.01,0.1,droite,droite,11,1,582,506,0,0.768,matched,1
565,18.833,1780168761,T002,25,437.91,703.32,1.09,1.27,droite,droite,25,1,614,443,0,0.769,matched,1
565,18.833,1780168761,T003,6,131.57,774.38,0.52,0.43,droite,droite,6,1,582,508,0,0.767,matched,1
565,18.833,1780168761,T007,2,425.06,769.91,-0.42,-0.05,droite,droite,2,1,566,566,0,0.769,matched,1
565,18.833,1780168761,T008,18,92.73,848.86,-0.3,-0.28,droite,droite,18,1,582,280,0,0.768,matched,1
565,18.833,1780168761,T010,29,418.59,652.15,-0.47,1.15,droite,droite,29,1,594,305,0,0.759,matched,1
565,18.833,1780168761,T011,22,346.89,773.21,-0.0,0.46,droite,droite,22,1,526,506,0,0.767,matched,1
565,18.833,1780168761,T013,4,60.25,559.16,-0.0,-0.19,droite,droite,4,1,243,229,0,0.769,matched,1
566,18.867,1780168761,T001,11,299.56,844.69,0.22,0.06,droite,droite,11,1,583,507,0,0.767,matched,1
566,18.867,1780168761,T002,25,439.13,704.56,0.98,0.94,droite,droite,25,1,615,444,0,0.767,matched,1
566,18.867,1780168761,T003,6,132.26,775.76,0.29,1.53,droite,droite,6,1,583,509,0,0.753,matched,1
566,18.867,1780168761,T007,2,424.38,769.26,-0.47,-0.53,droite,droite,2,1,567,567,0,0.763,matched,1
566,18.867,1780168761,T008,18,92.15,848.36,-0.4,-0.15,droite,droite,18,1,583,281,0,0.768,matched,1
566,18.867,1780168761,T011,22,346.92,774.11,-0.0,0.43,droite,droite,22,1,527,507,0,0.77,matched,1
566,18.867,1780168761,T013,4,60.25,559.16,-0.0,-0.16,droite,droite,4,1,244,230,0,0.77,matched,1
567,18.900,1780168761,T001,11,299.56,844.69,0.42,0.03,droite,droite,11,1,584,508,0,0.767,matched,1
567,18.900,1780168761,T002,25,440.44,705.81,1.05,0.94,droite,droite,25,1,616,445,0,0.767,matched,1
567,18.900,1780168761,T003,6,132.89,777.36,0.31,1.61,droite,droite,6,1,584,510,0,0.767,matched,1
567,18.900,1780168761,T007,2,423.51,768.0,-0.72,-1.27,droite,droite,2,1,568,568,0,0.757,matched,1
567,18.900,1780168761,T008,18,91.35,847.99,-0.68,-0.07,droite,droite,18,1,584,282,0,0.765,matched,1
567,18.900,1780168761,T011,22,346.94,774.98,-0.0,0.49,droite,droite,22,1,528,508,0,0.768,matched,1
567,18.900,1780168761,T013,4,60.25,559.16,-0.0,-0.11,droite,droite,4,1,245,231,0,0.77,matched,1
568,18.933,1780168761,T001,11,299.56,844.69,0.23,0.02,droite,droite,11,1,585,509,0,0.768,matched,1
568,18.933,1780168761,T002,25,441.6,706.89,0.84,0.73,droite,droite,25,1,617,446,0,0.768,matched,1
568,18.933,1780168761,T003,6,133.55,778.82,0.41,1.27,droite,droite,6,1,585,511,0,0.767,matched,1
568,18.933,1780168761,T007,2,422.53,766.36,-0.83,-1.61,droite,droite,2,1,569,569,0,0.763,matched,1
568,18.933,1780168761,T008,18,90.42,847.73,-0.81,-0.02,droite,droite,18,1,585,283,0,0.767,matched,1
568,18.933,1780168761,T011,22,346.81,775.73,-0.17,0.4,droite,droite,22,1,529,509,0,0.767,matched,1
568,18.933,1780168761,T012,8,521.22,504.26,0.03,-0.03,gauche,gauche,8,1,555,350,0,0.768,matched,1
568,18.933,1780168761,T013,4,60.25,559.16,-0.0,-0.07,droite,droite,4,1,246,232,0,0.77,matched,1
569,18.967,1780168761,T001,11,299.56,844.69,-0.06,0.0,droite,droite,11,1,586,510,0,0.766,matched,1
569,18.967,1780168761,T002,25,442.66,707.74,0.74,0.48,droite,droite,25,1,618,447,0,0.767,matched,1
569,18.967,1780168761,T003,6,134.29,780.0,0.53,0.86,droite,droite,6,1,586,512,0,0.765,matched,1
569,18.967,1780168761,T007,2,421.65,765.75,-0.68,-0.19,droite,droite,2,1,570,570,0,0.751,matched,1
569,18.967,1780168761,T008,18,89.43,847.27,-0.84,-0.34,droite,droite,18,1,586,284,0,0.765,matched,1
569,18.967,1780168761,T011,22,346.64,777.01,-0.2,1.13,droite,droite,22,1,530,510,0,0.759,matched,1
569,18.967,1780168761,T012,8,521.22,504.26,0.01,-0.01,gauche,gauche,8,1,556,351,0,0.77,matched,1
569,18.967,1780168761,T013,4,60.25,559.16,-0.0,-0.04,droite,droite,4,1,247,233,0,0.77,matched,1
570,19.000,1780168762,T001,11,299.56,844.69,-0.33,-0.0,droite,droite,11,1,587,511,0,0.766,matched,1
570,19.000,1780168762,T002,25,443.54,708.1,0.53,-0.07,droite,droite,25,1,619,448,0,0.762,matched,1
570,19.000,1780168762,T003,6,135.23,780.88,0.8,0.5,droite,droite,6,1,587,513,0,0.764,matched,1
570,19.000,1780168762,T007,2,420.51,764.47,-0.98,-1.12,droite,droite,2,1,571,571,0,0.755,matched,1
570,19.000,1780168762,T008,18,88.55,846.5,-0.66,-0.72,droite,droite,18,1,587,285,0,0.764,matched,1
570,19.000,1780168762,T011,22,346.48,778.23,-0.16,0.98,droite,droite,22,1,531,511,0,0.769,matched,1
570,19.000,1780168762,T012,8,521.22,504.26,-0.0,-0.2,gauche,gauche,8,1,557,352,0,0.768,matched,1
570,19.000,1780168762,T013,4,60.25,559.16,-0.0,-0.02,droite,droite,4,1,248,234,0,0.77,matched,1
571,19.033,1780168762,T001,11,299.56,844.69,-0.36,-0.0,droite,droite,11,1,588,512,0,0.769,matched,1
571,19.033,1780168762,T002,25,443.54,708.1,0.33,-0.26,droite,droite,25,1,620,449,0,0.766,matched,1
571,19.033,1780168762,T003,6,136.13,781.51,0.72,0.25,droite,droite,6,1,588,514,0,0.767,matched,1
571,19.033,1780168762,T007,2,419.42,763.05,-0.87,-1.23,droite,droite,2,1,572,572,0,0.767,matched,1
571,19.033,1780168762,T008,18,87.85,845.69,-0.44,-0.71,droite,droite,18,1,588,286,0,0.768,matched,1
571,19.033,1780168762,T011,22,346.34,779.24,-0.11,0.7,droite,droite,22,1,532,512,0,0.767,matched,1
571,19.033,1780168762,T012,43,521.22,504.26,-0.2,0.18,gauche,gauche,43,1,558,353,0,0.765,matched,1
571,19.033,1780168762,T013,4,60.25,559.16,-0.0,-0.0,droite,droite,4,1,249,235,0,0.77,matched,1
572,19.067,1780168762,T001,11,299.56,844.69,-0.29,-0.0,droite,droite,11,1,589,513,0,0.769,matched,1
572,19.067,1780168762,T002,25,443.54,708.1,0.18,-0.45,droite,droite,25,1,621,450,0,0.766,matched,1
572,19.067,1780168762,T003,6,137.03,781.95,0.69,0.1,droite,droite,6,1,589,515,0,0.768,matched,1
572,19.067,1780168762,T007,2,418.37,761.63,-0.8,-1.16,droite,droite,2,1,573,573,0,0.769,matched,1
572,19.067,1780168762,T008,18,87.45,844.44,-0.09,-1.22,droite,droite,18,1,589,287,0,0.76,matched,1
572,19.067,1780168762,T011,22,346.24,780.57,-0.07,1.11,droite,droite,22,1,533,513,0,0.763,matched,1
572,19.067,1780168762,T012,43,521.22,504.26,-0.22,0.26,gauche,gauche,43,1,559,354,0,0.769,matched,1
572,19.067,1780168762,T013,4,60.25,559.16,-0.0,0.0,droite,droite,4,1,250,236,0,0.77,matched,1
573,19.100,1780168762,T001,11,298.91,845.0,-0.2,-0.0,droite,droite,11,1,590,514,0,0.769,matched,1
573,19.100,1780168762,T002,25,443.54,708.1,0.08,-0.42,droite,droite,25,1,622,451,0,0.769,matched,1
573,19.100,1780168762,T003,6,138.21,782.52,1.04,0.36,droite,droite,6,1,590,516,0,0.763,matched,1
573,19.100,1780168762,T007,2,417.35,760.28,-0.76,-1.04,droite,droite,2,1,574,574,0,0.769,matched,1
573,19.100,1780168762,T008,18,87.26,842.88,0.07,-1.48,droite,droite,18,1,590,288,0,0.764,matched,1
573,19.100,1780168762,T011,22,346.03,782.14,-0.2,1.36,droite,droite,22,1,534,514,0,0.764,matched,1
573,19.100,1780168762,T012,43,521.22,504.26,-0.17,0.23,gauche,gauche,43,1,560,355,0,0.77,matched,1
573,19.100,1780168762,T013,4,60.25,559.16,-0.0,0.0,droite,droite,4,1,251,237,0,0.77,matched,1
574,19.133,1780168762,T001,11,298.91,845.0,-0.12,-0.0,droite,droite,11,1,591,515,0,0.769,matched,1
574,19.133,1780168762,T002,25,443.54,708.1,0.02,-0.31,droite,droite,25,1,623,452,0,0.769,matched,1
574,19.133,1780168762,T003,6,139.77,783.08,1.44,0.37,droite,droite,6,1,591,517,0,0.762,matched,1
574,19.133,1780168762,T007,2,416.34,759.0,-0.74,-0.93,droite,droite,2,1,575,575,0,0.769,matched,1
574,19.133,1780168762,T008,18,87.16,841.14,0.11,-1.59,droite,droite,18,1,591,289,0,0.766,matched,1
574,19.133,1780168762,T011,22,345.66,784.14,-0.38,1.83,droite,droite,22,1,535,515,0,0.761,matched,1
574,19.133,1780168762,T012,43,521.22,504.26,-0.12,0.16,gauche,gauche,43,1,561,356,0,0.769,matched,1
574,19.133,1780168762,T013,4,60.25,559.16,-0.0,0.0,droite,droite,4,1,252,238,0,0.77,matched,1
575,19.167,1780168762,T001,11,298.15,845.24,-0.4,-0.0,droite,droite,11,1,592,516,0,0.766,matched,1
575,19.167,1780168762,T002,25,444.29,707.93,0.17,-0.03,droite,droite,25,1,624,453,0,0.766,matched,1
575,19.167,1780168762,T003,6,141.42,783.43,1.44,0.13,droite,droite,6,1,592,518,0,0.766,matched,1
575,19.167,1780168762,T007,2,415.34,757.95,-0.74,-0.67,droite,droite,2,1,576,576,0,0.767,matched,1
575,19.167,1780168762,T008,18,87.12,839.43,0.1,-1.44,droite,droite,18,1,592,290,0,0.77,matched,1
575,19.167,1780168762,T011,22,345.14,786.61,-0.53,2.27,droite,droite,22,1,536,516,0,0.76,matched,1
575,19.167,1780168762,T012,43,521.22,504.26,-0.07,0.1,gauche,gauche,43,1,562,357,0,0.769,matched,1
575,19.167,1780168762,T013,4,60.25,559.16,-0.0,0.0,droite,droite,4,1,253,239,0,0.77,matched,1
576,19.200,1780168762,T001,11,297.29,845.42,-0.59,-0.0,droite,droite,11,1,593,517,0,0.767,matched,1
576,19.200,1780168762,T002,25,444.29,707.93,0.18,0.09,droite,droite,25,1,625,454,0,0.768,matched,1
576,19.200,1780168762,T003,6,143.15,783.77,1.45,0.17,droite,droite,6,1,593,519,0,0.768,matched,1
576,19.200,1780168762,T007,2,414.21,757.13,-0.91,-0.42,droite,droite,2,1,577,577,0,0.766,matched,1
576,19.200,1780168762,T008,18,87.1,837.71,0.08,-1.39,droite,droite,18,1,593,291,0,0.769,matched,1
576,19.200,1780168762,T011,22,344.48,789.21,-0.64,2.27,droite,droite,22,1,537,517,0,0.766,matched,1
576,19.200,1780168762,T012,43,521.22,504.26,-0.03,0.05,gauche,gauche,43,1,563,358,0,0.769,matched,1
576,19.200,1780168762,T013,4,60.25,559.16,-0.0,0.17,droite,droite,4,1,254,240,0,0.768,matched,1
577,19.233,1780168762,T001,11,296.5,845.56,-0.53,-0.0,droite,droite,11,1,594,518,0,0.77,matched,1
577,19.233,1780168762,T002,25,444.29,707.93,0.15,0.11,droite,droite,25,1,626,455,0,0.769,matched,1
577,19.233,1780168762,T003,6,144.66,784.07,1.13,0.15,droite,droite,6,1,594,520,0,0.767,matched,1
577,19.233,1780168762,T007,2,413.17,756.53,-0.77,-0.23,droite,droite,2,1,578,578,0,0.768,matched,1
577,19.233,1780168762,T008,18,87.09,836.22,0.05,-1.06,droite,droite,18,1,594,292,0,0.767,matched,1
577,19.233,1780168762,T011,22,343.86,791.49,-0.54,1.75,droite,droite,22,1,538,518,0,0.766,matched,1
577,19.233,1780168762,T012,43,521.22,504.26,-0.01,0.02,gauche,gauche,43,1,564,359,0,0.77,matched,1
577,19.233,1780168762,T013,4,60.25,559.16,-0.0,0.2,droite,droite,4,1,255,241,0,0.769,matched,1
578,19.267,1780168762,T001,11,296.5,845.56,-0.04,-0.0,droite,droite,11,1,595,519,0,0.764,matched,1
578,19.267,1780168762,T002,25,445.09,707.95,0.27,0.1,droite,droite,25,1,627,456,0,0.768,matched,1
578,19.267,1780168762,T003,6,146.0,784.31,0.92,0.11,droite,droite,6,1,595,521,0,0.768,matched,1
578,19.267,1780168762,T007,2,412.31,756.1,-0.54,-0.1,droite,droite,2,1,579,579,0,0.767,matched,1
578,19.267,1780168762,T008,18,86.94,834.78,-0.14,-1.03,droite,droite,18,1,595,293,0,0.767,matched,1
578,19.267,1780168762,T011,22,343.21,793.31,-0.54,1.15,droite,droite,22,1,539,519,0,0.764,matched,1
578,19.267,1780168762,T013,4,60.25,559.16,-0.0,0.16,droite,droite,4,1,256,242,0,0.77,matched,1
579,19.300,1780168762,T001,11,296.5,845.56,0.15,0.0,droite,droite,11,1,596,520,0,0.767,matched,1
579,19.300,1780168762,T002,25,445.09,707.95,0.26,0.07,droite,droite,25,1,628,457,0,0.77,matched,1
579,19.300,1780168762,T003,6,147.08,784.63,0.63,0.24,droite,droite,6,1,596,522,0,0.766,matched,1
579,19.300,1780168762,T007,2,411.53,755.8,-0.5,-0.03,droite,droite,2,1,580,580,0,0.769,matched,1
579,19.300,1780168762,T008,18,86.75,833.54,-0.18,-0.78,droite,droite,18,1,596,294,0,0.768,matched,1
579,19.300,1780168762,T011,22,342.5,794.8,-0.59,0.83,droite,droite,22,1,540,520,0,0.767,matched,1
579,19.300,1780168762,T013,4,60.25,559.16,-0.17,0.11,droite,droite,4,1,257,243,0,0.767,matched,1
580,19.333,1780168762,T002,25,445.95,708.25,0.36,0.38,droite,droite,25,1,629,458,0,0.765,matched,1
580,19.333,1780168762,T003,6,148.03,784.95,0.54,0.23,droite,droite,6,1,597,523,0,0.77,matched,1
580,19.333,1780168762,T007,2,411.53,755.8,-0.37,0.0,droite,droite,2,1,581,581,0,0.769,matched,1
580,19.333,1780168762,T008,18,86.57,832.44,-0.16,-0.68,droite,droite,18,1,597,295,0,0.77,matched,1
580,19.333,1780168762,T010,34,292.29,845.61,-4.65,7.06,droite,droite,34,1,609,307,0,0.74,matched,1
580,19.333,1780168762,T011,22,341.59,795.95,-0.82,0.52,droite,droite,22,1,541,521,0,0.765,matched,1
580,19.333,1780168762,T013,4,60.25,559.16,-0.2,0.07,droite,droite,4,1,258,244,0,0.769,matched,1
581,19.367,1780168762,T002,25,446.69,708.76,0.32,0.59,droite,droite,25,1,630,459,0,0.766,matched,1
581,19.367,1780168762,T003,6,148.81,785.36,0.39,0.35,droite,droite,6,1,598,524,0,0.767,matched,1
581,19.367,1780168762,T007,2,411.53,755.8,-0.24,0.02,droite,droite,2,1,582,582,0,0.769,matched,1
581,19.367,1780168762,T008,18,86.14,831.54,-0.45,-0.49,droite,droite,18,1,598,296,0,0.765,matched,1
581,19.367,1780168762,T010,34,291.75,846.58,-2.13,3.54,droite,droite,34,1,610,308,0,0.742,matched,1
581,19.367,1780168762,T011,22,340.58,796.79,-0.89,0.28,droite,droite,22,1,542,522,0,0.766,matched,1
581,19.367,1780168762,T012,8,521.22,504.26,0.0,-0.14,gauche,gauche,8,1,568,360,0,0.767,matched,1
581,19.367,1780168762,T013,4,60.25,559.16,0.01,0.03,droite,droite,4,1,259,245,0,0.767,matched,1
582,19.400,1780168762,T002,25,447.41,709.71,0.4,1.04,droite,droite,25,1,631,460,0,0.762,matched,1
582,19.400,1780168762,T003,6,149.54,786.02,0.41,0.65,droite,droite,6,1,599,525,0,0.765,matched,1
582,19.400,1780168762,T007,2,410.73,755.6,-0.3,0.02,droite,droite,2,1,583,583,0,0.769,matched,1
582,19.400,1780168762,T008,18,85.66,830.71,-0.46,-0.47,droite,droite,18,1,599,297,0,0.769,matched,1
582,19.400,1780168762,T010,34,291.49,847.33,-0.91,1.9,droite,droite,34,1,611,309,0,0.753,matched,1
582,19.400,1780168762,T011,22,339.53,797.54,-0.88,0.29,droite,droite,22,1,543,523,0,0.769,matched,1
582,19.400,1780168762,T012,8,521.22,504.26,0.0,-0.13,gauche,gauche,8,1,569,361,0,0.77,matched,1
582,19.400,1780168762,T013,4,60.25,559.16,-0.09,0.01,droite,droite,4,1,260,246,0,0.769,matched,1
583,19.433,1780168762,T002,25,448.05,710.71,0.34,0.98,droite,droite,25,1,632,461,0,0.769,matched,1
583,19.433,1780168762,T003,6,150.15,786.72,0.32,0.62,droite,droite,6,1,600,526,0,0.769,matched,1
583,19.433,1780168762,T007,2,410.73,755.6,-0.26,0.01,droite,droite,2,1,584,584,0,0.77,matched,1
583,19.433,1780168762,T008,18,85.23,830.02,-0.36,-0.36,droite,droite,18,1,600,298,0,0.769,matched,1
583,19.433,1780168762,T010,34,291.49,847.33,-0.35,0.96,droite,droite,34,1,612,310,0,0.759,matched,1
583,19.433,1780168762,T011,22,338.62,798.15,-0.68,0.23,droite,droite,22,1,544,524,0,0.768,matched,1
583,19.433,1780168762,T012,8,521.22,504.26,0.0,-0.09,gauche,gauche,8,1,570,362,0,0.77,matched,1
583,19.433,1780168762,T013,4,60.25,559.16,-0.1,0.0,droite,droite,4,1,261,247,0,0.77,matched,1
584,19.467,1780168762,T002,25,448.69,711.86,0.41,1.07,droite,droite,25,1,633,462,0,0.767,matched,1
584,19.467,1780168762,T003,6,150.92,787.32,0.56,0.47,droite,droite,6,1,601,527,0,0.766,matched,1
584,19.467,1780168762,T007,2,409.64,755.32,-0.69,-0.16,droite,droite,2,1,585,585,0,0.763,matched,1
584,19.467,1780168762,T008,18,84.61,829.48,-0.58,-0.23,droite,droite,18,1,601,299,0,0.766,matched,1
584,19.467,1780168762,T010,34,291.49,847.33,-0.47,0.44,droite,droite,34,1,613,311,0,0.764,matched,1
584,19.467,1780168762,T011,22,337.89,798.76,-0.45,0.33,droite,droite,22,1,545,525,0,0.767,matched,1
584,19.467,1780168762,T012,43,521.22,504.26,0.0,0.14,gauche,gauche,43,1,571,363,0,0.767,matched,1
584,19.467,1780168762,T013,4,60.25,559.16,-0.09,-0.0,droite,droite,4,1,262,248,0,0.77,matched,1
585,19.500,1780168762,T002,25,449.26,713.33,0.34,1.38,droite,droite,25,1,634,463,0,0.764,matched,1
585,19.500,1780168762,T003,6,151.78,787.8,0.69,0.3,droite,droite,6,1,602,528,0,0.767,matched,1
585,19.500,1780168762,T007,2,408.3,755.03,-1.04,-0.19,droite,droite,2,1,586,586,0,0.764,matched,1
585,19.500,1780168762,T008,18,83.85,829.08,-0.7,-0.13,droite,droite,18,1,602,300,0,0.767,matched,1
585,19.500,1780168762,T010,34,291.49,847.33,-0.39,-0.19,droite,droite,34,1,614,312,0,0.762,matched,1
585,19.500,1780168762,T011,22,337.35,799.44,-0.26,0.46,droite,droite,22,1,546,526,0,0.767,matched,1
585,19.500,1780168762,T012,8,521.22,504.26,0.0,0.0,gauche,gauche,8,1,572,364,0,0.768,matched,1
585,19.500,1780168762,T013,4,60.25,559.16,-0.06,-0.17,droite,droite,4,1,263,249,0,0.767,matched,1
586,19.533,1780168762,T002,25,449.86,715.0,0.41,1.52,droite,droite,25,1,635,464,0,0.766,matched,1
586,19.533,1780168762,T003,6,152.58,788.15,0.59,0.17,droite,droite,6,1,603,529,0,0.768,matched,1
586,19.533,1780168762,T007,2,406.75,754.5,-1.28,-0.5,droite,droite,2,1,587,587,0,0.763,matched,1
586,19.533,1780168762,T008,18,83.85,829.08,-0.42,-0.23,droite,droite,18,1,603,301,0,0.766,matched,1
586,19.533,1780168762,T010,34,291.49,847.33,-0.28,-0.55,droite,droite,34,1,615,313,0,0.764,matched,1
586,19.533,1780168762,T011,22,336.96,800.33,-0.12,0.75,droite,droite,22,1,547,527,0,0.765,matched,1
586,19.533,1780168762,T013,4,60.25,559.16,-0.04,-0.2,droite,droite,4,1,264,250,0,0.769,matched,1
587,19.567,1780168762,T002,25,450.39,716.8,0.34,1.57,droite,droite,25,1,636,465,0,0.767,matched,1
587,19.567,1780168762,T003,6,153.37,788.4,0.58,0.08,droite,droite,6,1,604,530,0,0.769,matched,1
587,19.567,1780168762,T007,2,404.92,753.66,-1.59,-0.85,droite,droite,2,1,588,588,0,0.761,matched,1
587,19.567,1780168762,T008,18,83.17,828.58,-0.39,-0.22,droite,droite,18,1,604,302,0,0.77,matched,1
587,19.567,1780168762,T010,34,290.95,846.54,-0.34,-0.9,droite,droite,34,1,616,314,0,0.764,matched,1
587,19.567,1780168762,T011,22,336.55,801.75,-0.22,1.37,droite,droite,22,1,548,528,0,0.76,matched,1
587,19.567,1780168762,T013,4,60.25,559.16,-0.02,-0.16,droite,droite,4,1,265,251,0,0.77,matched,1
588,19.600,1780168762,T001,11,295.7,844.74,-0.19,-0.33,droite,droite,11,1,605,521,0,0.756,matched,1
588,19.600,1780168762,T002,25,450.82,718.53,0.24,1.4,droite,droite,25,1,637,466,0,0.769,matched,1
588,19.600,1780168762,T003,6,154.32,788.7,0.79,0.2,droite,droite,6,1,605,531,0,0.766,matched,1
588,19.600,1780168762,T007,2,403.07,752.66,-1.52,-0.96,droite,droite,2,1,589,589,0,0.767,matched,1
588,19.600,1780168762,T008,18,82.61,827.77,-0.29,-0.67,droite,droite,18,1,605,303,0,0.763,matched,1
588,19.600,1780168762,T011,22,336.18,803.76,-0.2,1.98,droite,droite,22,1,549,529,0,0.759,matched,1
588,19.600,1780168762,T013,4,60.25,559.16,0.16,-0.11,droite,droite,4,1,266,252,0,0.767,matched,1
589,19.633,1780168762,T001,11,295.05,844.07,-0.16,-0.25,droite,droite,11,1,606,522,0,0.77,matched,1
589,19.633,1780168762,T002,25,451.14,719.99,0.14,1.02,droite,droite,25,1,638,467,0,0.766,matched,1
589,19.633,1780168762,T003,6,155.21,789.0,0.69,0.2,droite,droite,6,1,606,532,0,0.77,matched,1
589,19.633,1780168762,T007,2,401.48,751.74,-1.15,-0.78,droite,droite,2,1,590,590,0,0.767,matched,1
589,19.633,1780168762,T008,18,82.18,826.92,-0.18,-0.7,droite,droite,18,1,606,304,0,0.768,matched,1
589,19.633,1780168762,T011,22,335.88,805.75,-0.15,1.76,droite,droite,22,1,550,530,0,0.769,matched,1
589,19.633,1780168762,T013,4,60.25,559.16,0.2,-0.07,droite,droite,4,1,267,253,0,0.769,matched,1
590,19.667,1780168762,T001,11,294.38,843.55,-0.37,-0.14,droite,droite,11,1,607,523,0,0.768,matched,1
590,19.667,1780168762,T002,25,451.25,721.26,-0.09,0.81,droite,droite,25,1,639,468,0,0.766,matched,1
590,19.667,1780168762,T003,6,156.23,789.26,0.83,0.15,droite,droite,6,1,607,533,0,0.767,matched,1
590,19.667,1780168762,T007,2,400.09,750.7,-0.91,-0.88,droite,droite,2,1,591,591,0,0.767,matched,1
590,19.667,1780168762,T008,18,82.0,825.49,0.07,-1.4,droite,droite,18,1,607,305,0,0.758,matched,1
590,19.667,1780168762,T011,22,335.37,807.71,-0.44,1.62,droite,droite,22,1,551,531,0,0.766,matched,1
590,19.667,1780168762,T013,4,60.25,559.16,0.16,-0.04,droite,droite,4,1,268,254,0,0.77,matched,1
591,19.700,1780168762,T001,11,294.38,843.55,-0.31,0.16,droite,droite,11,1,608,524,0,0.767,matched,1
591,19.700,1780168762,T002,25,451.1,722.13,-0.34,0.38,droite,droite,25,1,640,469,0,0.764,matched,1
591,19.700,1780168762,T003,6,157.58,789.32,1.21,-0.07,droite,droite,6,1,608,534,0,0.763,matched,1
591,19.700,1780168762,T007,2,398.99,749.63,-0.61,-0.88,droite,droite,2,1,592,592,0,0.767,matched,1
591,19.700,1780168762,T008,18,81.94,823.44,0.15,-2.03,droite,droite,18,1,608,306,0,0.759,matched,1
591,19.700,1780168762,T011,22,334.7,809.38,-0.62,1.2,droite,droite,22,1,552,532,0,0.765,matched,1
591,19.700,1780168762,T013,4,60.25,559.16,0.11,-0.01,droite,droite,4,1,269,255,0,0.769,matched,1
592,19.733,1780168762,T001,11,293.04,843.39,-1.21,0.2,droite,droite,11,1,609,525,0,0.758,matched,1
592,19.733,1780168762,T002,25,451.1,722.13,-0.52,0.12,droite,droite,25,1,641,470,0,0.765,matched,1
592,19.733,1780168762,T003,6,159.02,789.29,1.25,-0.14,droite,droite,6,1,609,535,0,0.767,matched,1
592,19.733,1780168762,T007,2,398.02,748.69,-0.53,-0.69,droite,droite,2,1,593,593,0,0.768,matched,1
592,19.733,1780168762,T008,18,81.95,820.85,0.15,-2.49,droite,droite,18,1,609,307,0,0.76,matched,1
592,19.733,1780168762,T011,22,334.05,810.68,-0.55,0.76,droite,droite,22,1,553,533,0,0.765,matched,1
592,19.733,1780168762,T013,4,60.25,559.16,0.07,-0.0,droite,droite,4,1,270,256,0,0.769,matched,1
593,19.767,1780168762,T002,25,450.46,722.78,-0.65,0.17,droite,droite,25,1,642,471,0,0.767,matched,1
593,19.767,1780168762,T003,6,160.44,789.36,1.15,0.04,droite,droite,6,1,610,536,0,0.768,matched,1
593,19.767,1780168762,T007,2,397.09,747.95,-0.55,-0.45,droite,droite,2,1,594,594,0,0.767,matched,1
593,19.767,1780168762,T008,18,82.11,817.99,0.28,-2.61,droite,droite,18,1,610,308,0,0.764,matched,1
593,19.767,1780168762,T010,34,289.3,844.4,0.49,-0.03,droite,droite,34,1,622,320,0,0.766,matched,1
593,19.767,1780168762,T011,22,333.36,811.63,-0.57,0.42,droite,droite,22,1,554,534,0,0.766,matched,1
593,19.767,1780168762,T013,4,60.25,559.16,0.04,0.0,droite,droite,4,1,271,257,0,0.77,matched,1
594,19.800,1780168762,T001,11,291.37,843.32,-1.15,0.13,droite,droite,11,1,611,526,0,0.769,matched,1
594,19.800,1780168762,T002,25,449.85,723.18,-0.55,-0.02,droite,droite,25,1,643,472,0,0.767,matched,1
594,19.800,1780168762,T003,6,161.65,789.48,0.85,0.09,droite,droite,6,1,611,537,0,0.767,matched,1
594,19.800,1780168762,T007,2,396.18,747.39,-0.6,-0.26,droite,droite,2,1,595,595,0,0.767,matched,1
594,19.800,1780168762,T008,18,82.18,815.42,0.1,-2.07,droite,droite,18,1,611,309,0,0.765,matched,1
594,19.800,1780168762,T011,22,332.75,812.31,-0.44,0.19,droite,droite,22,1,555,535,0,0.767,matched,1
594,19.800,1780168762,T012,43,521.22,504.26,0.0,0.06,gauche,gauche,43,1,581,365,0,0.768,matched,1
594,19.800,1780168762,T013,4,60.25,559.16,0.02,0.17,droite,droite,4,1,272,258,0,0.767,matched,1
595,19.833,1780168762,T001,11,289.98,843.26,-0.86,0.08,droite,droite,11,1,612,527,0,0.767,matched,1
595,19.833,1780168762,T002,25,449.85,723.18,-0.38,-0.09,droite,droite,25,1,644,473,0,0.768,matched,1
595,19.833,1780168762,T003,6,162.59,789.6,0.54,0.1,droite,droite,6,1,612,538,0,0.767,matched,1
595,19.833,1780168762,T007,2,395.38,746.99,-0.48,-0.13,droite,droite,2,1,596,596,0,0.768,matched,1
595,19.833,1780168762,T008,18,82.19,813.35,0.01,-1.39,droite,droite,18,1,612,310,0,0.763,matched,1
595,19.833,1780168762,T011,22,332.75,812.31,-0.3,0.06,droite,droite,22,1,556,536,0,0.768,matched,1
595,19.833,1780168762,T012,43,521.22,504.26,-0.0,0.05,gauche,gauche,43,1,582,366,0,0.77,matched,1
595,19.833,1780168762,T013,4,60.25,559.16,0.0,0.2,droite,droite,4,1,273,259,0,0.769,matched,1
596,19.867,1780168762,T001,11,288.76,843.21,-0.72,0.04,droite,droite,11,1,613,528,0,0.769,matched,1
596,19.867,1780168762,T002,25,449.2,723.52,-0.4,0.07,droite,droite,25,1,645,474,0,0.768,matched,1
596,19.867,1780168762,T003,6,163.42,789.7,0.47,0.07,droite,droite,6,1,613,539,0,0.77,matched,1
596,19.867,1780168762,T007,2,394.74,746.58,-0.33,-0.22,droite,droite,2,1,597,597,0,0.768,matched,1
596,19.867,1780168762,T008,18,82.03,811.8,-0.2,-0.81,droite,droite,18,1,613,311,0,0.763,matched,1
596,19.867,1780168762,T011,22,332.14,812.75,-0.34,-0.0,droite,droite,22,1,557,537,0,0.769,matched,1
596,19.867,1780168762,T012,43,521.22,504.26,-0.0,0.03,gauche,gauche,43,1,583,367,0,0.77,matched,1
596,19.867,1780168762,T013,4,60.25,559.16,-0.0,0.16,droite,droite,4,1,274,260,0,0.77,matched,1
597,19.900,1780168762,T001,11,287.63,843.31,-0.68,0.2,droite,droite,11,1,614,529,0,0.768,matched,1
597,19.900,1780168762,T002,25,448.51,723.85,-0.49,0.12,droite,droite,25,1,646,475,0,0.768,matched,1
597,19.900,1780168762,T003,6,164.23,790.06,0.51,0.39,droite,droite,6,1,614,540,0,0.765,matched,1
597,19.900,1780168762,T007,2,394.13,745.79,-0.36,-0.71,droite,droite,2,1,598,598,0,0.762,matched,1
597,19.900,1780168762,T008,18,81.68,810.69,-0.4,-0.4,droite,droite,18,1,614,312,0,0.764,matched,1
597,19.900,1780168762,T011,22,331.47,813.07,-0.45,-0.03,droite,droite,22,1,558,538,0,0.768,matched,1
597,19.900,1780168762,T012,43,521.22,504.26,-0.0,0.01,gauche,gauche,43,1,584,368,0,0.77,matched,1
597,19.900,1780168762,T013,4,60.25,559.16,-0.0,0.11,droite,droite,4,1,275,261,0,0.769,matched,1
598,19.933,1780168762,T001,11,286.7,843.32,-0.51,0.03,droite,droite,11,1,615,530,0,0.767,matched,1
598,19.933,1780168762,T002,25,448.51,723.85,-0.41,0.11,droite,droite,25,1,647,476,0,0.77,matched,1
598,19.933,1780168762,T003,6,165.06,791.17,0.57,1.27,droite,droite,6,1,615,541,0,0.756,matched,1
598,19.933,1780168762,T007,2,393.46,745.35,-0.47,-0.23,droite,droite,2,1,599,599,0,0.764,matched,1
598,19.933,1780168762,T008,18,81.02,809.92,-0.73,-0.15,droite,droite,18,1,615,313,0,0.764,matched,1
598,19.933,1780168762,T011,22,330.73,813.3,-0.56,-0.03,droite,droite,22,1,559,539,0,0.768,matched,1
598,19.933,1780168762,T013,4,60.25,559.16,-0.0,0.07,droite,droite,4,1,276,262,0,0.769,matched,1
599,19.967,1780168762,T001,11,285.97,843.28,-0.32,-0.04,droite,droite,11,1,616,531,0,0.768,matched,1
599,19.967,1780168762,T002,25,447.86,724.41,-0.29,0.42,droite,droite,25,1,648,477,0,0.765,matched,1
599,19.967,1780168762,T003,6,165.93,793.01,0.64,2.0,droite,droite,6,1,616,542,0,0.757,matched,1
599,19.967,1780168762,T007,2,392.45,744.04,-0.91,-1.35,droite,droite,2,1,600,600,0,0.752,matched,1
599,19.967,1780168762,T011,22,329.92,813.46,-0.65,-0.02,droite,droite,22,1,560,540,0,0.768,matched,1
599,19.967,1780168762,T013,4,60.25,559.16,-0.0,0.04,droite,droite,4,1,277,263,0,0.77,matched,1
599,19.967,1780168762,T014,10,274.0,126.0,0.44,0.18,gauche,gauche,10,1,3,3,0,0.537,matched,1
600,20.000,1780168763,T001,11,285.97,843.28,-0.35,-0.05,droite,droite,11,1,617,532,0,0.769,matched,1
600,20.000,1780168763,T002,25,447.22,725.26,-0.35,0.79,droite,droite,25,1,649,478,0,0.764,matched,1
600,20.000,1780168763,T003,6,166.7,795.05,0.52,2.0,droite,droite,6,1,617,543,0,0.767,matched,1
600,20.000,1780168763,T007,2,391.14,741.68,-1.21,-2.5,droite,droite,2,1,601,601,0,0.75,matched,1
600,20.000,1780168763,T011,22,329.19,814.0,-0.53,0.49,droite,droite,22,1,561,541,0,0.762,matched,1
600,20.000,1780168763,T013,4,60.25,559.16,-0.0,0.01,droite,droite,4,1,278,264,0,0.77,matched,1
600,20.000,1780168763,T014,10,274.0,126.0,0.99,-0.25,gauche,gauche,10,1,4,4,0,0.645,matched,1
600,20.000,1780168763,T015,40,151.56,126.87,-0.62,1.23,gauche,gauche,40,1,3,3,0,0.535,matched,1
601,20.033,1780168763,T001,11,285.24,843.21,-0.28,-0.05,droite,droite,11,1,618,533,0,0.769,matched,1
601,20.033,1780168763,T002,25,446.68,726.14,-0.29,0.75,droite,droite,25,1,650,479,0,0.769,matched,1
601,20.033,1780168763,T003,6,167.32,796.87,0.36,1.54,droite,droite,6,1,618,544,0,0.766,matched,1
601,20.033,1780168763,T007,2,389.88,739.2,-1.05,-2.37,droite,droite,2,1,602,602,0,0.768,matched,1
601,20.033,1780168763,T011,22,328.6,814.64,-0.37,0.58,droite,droite,22,1,562,542,0,0.767,matched,1
601,20.033,1780168763,T012,43,521.22,504.26,-0.0,-0.15,gauche,gauche,43,1,588,369,0,0.767,matched,1
601,20.033,1780168763,T013,4,60.25,559.16,-0.0,0.0,droite,droite,4,1,279,265,0,0.77,matched,1
601,20.033,1780168763,T014,10,274.76,126.01,0.76,-0.24,gauche,gauche,10,1,5,5,0,0.669,matched,1
601,20.033,1780168763,T015,40,151.16,127.68,-0.41,0.82,gauche,gauche,40,1,4,4,0,0.648,matched,1
602,20.067,1780168763,T001,11,285.24,843.21,-0.19,-0.04,droite,droite,11,1,619,534,0,0.769,matched,1
602,20.067,1780168763,T002,25,446.24,727.16,-0.2,0.9,droite,droite,25,1,651,480,0,0.767,matched,1
602,20.067,1780168763,T003,6,167.93,798.6,0.38,1.36,droite,droite,6,1,619,545,0,0.769,matched,1
602,20.067,1780168763,T007,2,388.56,737.29,-1.09,-1.44,droite,droite,2,1,603,603,0,0.76,matched,1
602,20.067,1780168763,T011,22,328.01,815.5,-0.39,0.82,droite,droite,22,1,563,543,0,0.766,matched,1
602,20.067,1780168763,T012,43,521.22,504.26,-0.0,-0.13,gauche,gauche,43,1,589,370,0,0.77,matched,1
602,20.067,1780168763,T013,4,60.25,559.16,-0.0,-0.0,droite,droite,4,1,280,266,0,0.77,matched,1
602,20.067,1780168763,T014,10,275.68,126.14,0.9,0.03,gauche,gauche,10,1,6,6,0,0.686,matched,1
602,20.067,1780168763,T015,40,150.84,128.48,-0.24,0.73,gauche,gauche,40,1,5,5,0,0.669,matched,1
603,20.100,1780168763,T001,11,285.24,843.21,0.06,-0.02,droite,droite,11,1,620,535,0,0.767,matched,1
603,20.100,1780168763,T002,25,446.04,728.26,0.05,0.93,droite,droite,25,1,652,481,0,0.766,matched,1
603,20.100,1780168763,T003,6,168.59,799.91,0.47,0.81,droite,droite,6,1,620,546,0,0.764,matched,1
603,20.100,1780168763,T007,2,387.39,736.62,-0.86,0.09,droite,droite,2,1,604,604,0,0.749,matched,1
603,20.100,1780168763,T011,22,327.5,816.62,-0.31,1.07,droite,droite,22,1,564,544,0,0.765,matched,1
603,20.100,1780168763,T012,43,521.22,504.26,-0.0,-0.09,gauche,gauche,43,1,590,371,0,0.77,matched,1
603,20.100,1780168763,T013,4,60.25,559.16,-0.0,-0.0,droite,droite,4,1,281,267,0,0.77,matched,1
603,20.100,1780168763,T014,10,276.81,126.45,1.08,0.29,gauche,gauche,10,1,7,7,0,0.705,matched,1
603,20.100,1780168763,T015,40,150.45,129.45,-0.34,0.91,gauche,gauche,40,1,6,6,0,0.687,matched,1
604,20.133,1780168763,T001,11,285.24,843.21,0.14,-0.18,droite,droite,11,1,621,536,0,0.767,matched,1
604,20.133,1780168763,T002,25,445.98,729.63,0.13,1.24,droite,droite,25,1,653,482,0,0.764,matched,1
604,20.133,1780168763,T003,6,169.32,800.98,0.57,0.58,droite,droite,6,1,621,547,0,0.767,matched,1
604,20.133,1780168763,T007,2,386.32,736.05,-0.75,-0.02,droite,droite,2,1,605,605,0,0.768,matched,1
604,20.133,1780168763,T011,22,326.96,817.97,-0.38,1.26,droite,droite,22,1,565,545,0,0.765,matched,1
604,20.133,1780168763,T012,43,521.22,504.26,0.0,-0.05,gauche,gauche,43,1,591,372,0,0.77,matched,1
604,20.133,1780168763,T013,4,60.25,559.16,-0.0,-0.0,droite,droite,4,1,282,268,0,0.77,matched,1
604,20.133,1780168763,T014,10,278.15,126.51,1.24,-0.04,gauche,gauche,10,1,8,8,0,0.724,matched,1
604,20.133,1780168763,T015,40,150.09,130.49,-0.28,0.92,gauche,gauche,40,1,7,7,0,0.709,matched,1
605,20.167,1780168763,T001,11,285.24,843.21,0.14,-0.2,droite,droite,11,1,622,537,0,0.769,matched,1
605,20.167,1780168763,T002,25,445.97,731.49,0.14,1.75,droite,droite,25,1,654,483,0,0.761,matched,1
605,20.167,1780168763,T003,6,170.26,801.66,0.82,0.19,droite,droite,6,1,622,548,0,0.763,matched,1
605,20.167,1780168763,T007,2,385.16,734.9,-0.87,-0.91,droite,droite,2,1,606,606,0,0.757,matched,1
605,20.167,1780168763,T011,22,326.62,819.64,-0.15,1.56,droite,droite,22,1,566,546,0,0.763,matched,1
605,20.167,1780168763,T012,43,521.22,504.26,0.0,-0.03,gauche,gauche,43,1,592,373,0,0.77,matched,1
605,20.167,1780168763,T013,4,60.25,559.16,0.0,-0.0,droite,droite,4,1,283,269,0,0.77,matched,1
605,20.167,1780168763,T014,10,279.51,126.6,1.18,0.02,gauche,gauche,10,1,9,9,0,0.749,matched,1
605,20.167,1780168763,T015,40,149.8,131.68,-0.2,1.05,gauche,gauche,40,1,8,8,0,0.727,matched,1
606,20.200,1780168763,T001,11,285.24,843.21,-0.06,0.01,droite,droite,11,1,623,538,0,0.766,matched,1
606,20.200,1780168763,T002,25,445.99,733.72,0.11,2.07,droite,droite,25,1,655,484,0,0.763,matched,1
606,20.200,1780168763,T003,6,171.57,802.09,1.24,-0.0,droite,droite,6,1,623,549,0,0.762,matched,1
606,20.200,1780168763,T007,2,384.13,733.76,-0.72,-0.87,droite,droite,2,1,607,607,0,0.769,matched,1
606,20.200,1780168763,T011,22,326.27,821.77,-0.2,2.0,droite,droite,22,1,567,547,0,0.761,matched,1
606,20.200,1780168763,T012,43,521.22,504.26,0.0,-0.01,gauche,gauche,43,1,593,374,0,0.77,matched,1
606,20.200,1780168763,T013,4,60.25,559.16,0.0,-0.0,droite,droite,4,1,284,270,0,0.77,matched,1
606,20.200,1780168763,T014,10,280.83,127.09,1.06,0.55,gauche,gauche,10,1,10,10,0,0.762,matched,1
606,20.200,1780168763,T015,40,149.57,132.91,-0.12,1.03,gauche,gauche,40,1,9,9,0,0.749,matched,1
607,20.233,1780168763,T001,11,285.24,843.21,-0.13,0.08,droite,droite,11,1,624,539,0,0.768,matched,1
607,20.233,1780168763,T002,25,446.01,735.66,0.07,1.55,droite,droite,25,1,656,485,0,0.765,matched,1
607,20.233,1780168763,T003,6,172.87,802.35,1.12,-0.08,droite,droite,6,1,624,550,0,0.769,matched,1
607,20.233,1780168763,T007,2,383.29,732.92,-0.5,-0.49,droite,droite,2,1,608,608,0,0.765,matched,1
607,20.233,1780168763,T011,22,325.96,823.8,-0.17,1.71,droite,droite,22,1,568,548,0,0.769,matched,1
607,20.233,1780168763,T012,43,521.22,504.26,0.0,-0.0,gauche,gauche,43,1,594,375,0,0.77,matched,1
607,20.233,1780168763,T013,4,60.25,559.16,0.0,-0.0,droite,droite,4,1,285,271,0,0.77,matched,1
607,20.233,1780168763,T014,10,281.94,127.71,0.77,0.63,gauche,gauche,10,1,11,11,0,0.767,matched,1
607,20.233,1780168763,T015,40,149.41,133.97,-0.06,0.79,gauche,gauche,40,1,10,10,0,0.768,matched,1
608,20.267,1780168763,T001,11,285.24,843.21,-0.12,0.1,droite,droite,11,1,625,540,0,0.77,matched,1
608,20.267,1780168763,T002,25,445.88,737.45,-0.13,1.33,droite,droite,25,1,657,486,0,0.767,matched,1
608,20.267,1780168763,T003,6,174.11,802.66,0.99,0.08,droite,droite,6,1,625,551,0,0.768,matched,1
608,20.267,1780168763,T007,2,382.51,732.06,-0.47,-0.57,droite,droite,2,1,609,609,0,0.768,matched,1
608,20.267,1780168763,T011,22,325.71,825.89,-0.12,1.73,droite,droite,22,1,569,549,0,0.767,matched,1
608,20.267,1780168763,T012,43,521.22,504.26,0.0,0.0,gauche,gauche,43,1,595,376,0,0.77,matched,1
608,20.267,1780168763,T013,4,60.25,559.16,0.0,-0.0,droite,droite,4,1,286,272,0,0.77,matched,1
608,20.267,1780168763,T014,10,283.08,128.43,0.83,0.68,gauche,gauche,10,1,12,12,0,0.767,matched,1
608,20.267,1780168763,T015,40,149.29,134.82,-0.03,0.52,gauche,gauche,40,1,11,11,0,0.767,matched,1
609,20.300,1780168763,T001,11,285.24,843.21,-0.09,-0.09,droite,droite,11,1,626,541,0,0.767,matched,1
609,20.300,1780168763,T002,25,445.57,738.94,-0.35,0.95,droite,droite,25,1,658,487,0,0.765,matched,1
609,20.300,1780168763,T003,6,175.29,802.95,0.88,0.13,droite,droite,6,1,626,552,0,0.769,matched,1
609,20.300,1780168763,T007,2,382.51,732.06,-0.18,0.38,droite,droite,2,1,610,610,0,0.756,matched,1
609,20.300,1780168763,T011,22,325.38,827.73,-0.25,1.34,droite,droite,22,1,570,550,0,0.766,matched,1
609,20.300,1780168763,T012,43,521.22,504.26,0.0,0.0,gauche,gauche,43,1,596,377,0,0.77,matched,1
609,20.300,1780168763,T013,4,60.25,559.16,0.0,-0.0,droite,droite,4,1,287,273,0,0.77,matched,1
609,20.300,1780168763,T014,10,284.34,129.5,1.0,1.06,gauche,gauche,10,1,13,13,0,0.762,matched,1
609,20.300,1780168763,T015,40,149.07,135.58,-0.18,0.46,gauche,gauche,40,1,12,12,0,0.768,matched,1
610,20.333,1780168763,T001,11,284.55,842.96,-0.23,-0.14,droite,droite,11,1,627,542,0,0.768,matched,1
610,20.333,1780168763,T002,25,445.08,739.94,-0.52,0.42,droite,droite,25,1,659,488,0,0.763,matched,1
610,20.333,1780168763,T003,6,176.41,803.34,0.81,0.28,droite,droite,6,1,627,553,0,0.767,matched,1
610,20.333,1780168763,T007,2,381.79,731.51,-0.37,-0.36,droite,droite,2,1,611,611,0,0.759,matched,1
610,20.333,1780168763,T011,22,324.92,829.19,-0.41,0.88,droite,droite,22,1,571,551,0,0.765,matched,1
610,20.333,1780168763,T012,43,521.22,504.26,0.0,0.0,gauche,gauche,43,1,597,378,0,0.77,matched,1
610,20.333,1780168763,T013,4,60.25,559.16,0.0,-0.0,droite,droite,4,1,288,274,0,0.77,matched,1
610,20.333,1780168763,T014,10,285.63,130.71,1.01,1.14,gauche,gauche,10,1,14,14,0,0.767,matched,1
610,20.333,1780168763,T015,40,148.7,136.21,-0.36,0.34,gauche,gauche,40,1,13,13,0,0.767,matched,1
611,20.367,1780168763,T001,11,283.82,843.0,-0.4,0.21,droite,droite,11,1,628,543,0,0.764,matched,1
611,20.367,1780168763,T002,25,444.58,740.59,-0.47,0.12,droite,droite,25,1,660,489,0,0.766,matched,1
611,20.367,1780168763,T003,6,177.49,803.72,0.77,0.28,droite,droite,6,1,628,554,0,0.769,matched,1
611,20.367,1780168763,T007,2,381.0,730.81,-0.53,-0.57,droite,droite,2,1,612,612,0,0.765,matched,1
611,20.367,1780168763,T011,22,324.33,830.41,-0.55,0.68,droite,droite,22,1,572,552,0,0.767,matched,1
611,20.367,1780168763,T012,43,521.22,504.26,0.0,0.0,gauche,gauche,43,1,598,379,0,0.77,matched,1
611,20.367,1780168763,T013,4,60.25,559.16,0.0,-0.17,droite,droite,4,1,289,275,0,0.768,matched,1
611,20.367,1780168763,T014,10,286.76,132.08,0.78,1.25,gauche,gauche,10,1,15,15,0,0.766,matched,1
611,20.367,1780168763,T015,40,148.03,136.56,-0.69,0.04,gauche,gauche,40,1,14,14,0,0.763,matched,1
612,20.400,1780168763,T001,11,282.87,843.45,-0.72,0.64,droite,droite,11,1,629,544,0,0.762,matched,1
612,20.400,1780168763,T002,25,443.88,740.87,-0.68,-0.2,droite,droite,25,1,661,490,0,0.764,matched,1
612,20.400,1780168763,T003,6,178.4,804.33,0.58,0.55,droite,droite,6,1,629,555,0,0.765,matched,1
612,20.400,1780168763,T007,2,380.14,730.14,-0.64,-0.52,droite,droite,2,1,613,613,0,0.768,matched,1
612,20.400,1780168763,T008,1,162.36,862.01,4.83,3.18,droite,droite,1,1,629,314,0,0.57,matched,1
612,20.400,1780168763,T011,22,323.49,831.37,-0.82,0.45,droite,droite,22,1,573,553,0,0.765,matched,1
612,20.400,1780168763,T012,43,521.22,504.26,-0.0,-0.17,gauche,gauche,43,1,599,380,0,0.767,matched,1
612,20.400,1780168763,T013,4,60.25,559.16,0.0,-0.03,droite,droite,4,1,290,276,0,0.768,matched,1
612,20.400,1780168763,T014,10,287.65,133.61,0.52,1.35,gauche,gauche,10,1,16,16,0,0.766,matched,1
612,20.400,1780168763,T015,40,147.05,136.87,-1.0,0.09,gauche,gauche,40,1,15,15,0,0.764,matched,1
613,20.433,1780168763,T001,11,281.96,844.01,-0.67,0.66,droite,droite,11,1,630,545,0,0.769,matched,1
613,20.433,1780168763,T002,25,443.88,740.87,-0.61,-0.27,droite,droite,25,1,662,491,0,0.769,matched,1
613,20.433,1780168763,T003,6,179.11,804.95,0.37,0.53,droite,droite,6,1,630,556,0,0.768,matched,1
613,20.433,1780168763,T007,2,379.36,729.57,-0.54,-0.38,droite,droite,2,1,614,614,0,0.769,matched,1
613,20.433,1780168763,T011,22,322.65,832.09,-0.74,0.25,droite,droite,22,1,574,554,0,0.768,matched,1
613,20.433,1780168763,T012,47,520.48,505.9,-0.85,2.18,gauche,gauche,47,1,600,381,0,0.733,matched,1
613,20.433,1780168763,T013,4,60.25,559.16,-0.0,0.03,droite,droite,4,1,291,277,0,0.769,matched,1
613,20.433,1780168763,T014,10,288.31,134.98,0.3,1.08,gauche,gauche,10,1,17,17,0,0.767,matched,1
613,20.433,1780168763,T015,40,146.08,137.14,-0.89,0.09,gauche,gauche,40,1,16,16,0,0.77,matched,1
613,20.433,1780168763,T016,9,202.0,126.0,0.0,0.35,gauche,gauche,9,1,3,3,0,0.539,matched,1
614,20.467,1780168763,T001,11,281.05,844.67,-0.68,0.69,droite,droite,11,1,631,546,0,0.768,matched,1
614,20.467,1780168763,T002,25,442.99,740.9,-0.61,-0.24,droite,droite,25,1,663,492,0,0.769,matched,1
614,20.467,1780168763,T003,6,179.64,805.62,0.21,0.58,droite,droite,6,1,631,557,0,0.768,matched,1
614,20.467,1780168763,T007,2,378.73,729.14,-0.38,-0.24,droite,droite,2,1,615,615,0,0.768,matched,1
614,20.467,1780168763,T011,22,321.8,832.61,-0.71,0.12,droite,droite,22,1,575,555,0,0.768,matched,1
614,20.467,1780168763,T012,47,519.54,508.19,-0.98,2.59,gauche,gauche,47,1,601,382,0,0.76,matched,1
614,20.467,1780168763,T013,4,60.25,559.16,-0.0,0.05,droite,droite,4,1,292,278,0,0.77,matched,1
614,20.467,1780168763,T014,10,288.93,136.23,0.32,0.9,gauche,gauche,10,1,18,18,0,0.769,matched,1
614,20.467,1780168763,T015,40,144.97,137.35,-0.99,0.07,gauche,gauche,40,1,17,17,0,0.767,matched,1
614,20.467,1780168763,T016,9,202.0,126.0,0.0,0.51,gauche,gauche,9,1,4,4,0,0.649,matched,1
615,20.500,1780168763,T001,11,279.99,845.69,-0.86,1.05,droite,droite,11,1,632,547,0,0.763,matched,1
615,20.500,1780168763,T002,25,442.22,740.9,-0.48,-0.17,droite,droite,25,1,664,493,0,0.769,matched,1
615,20.500,1780168763,T003,6,180.16,806.64,0.27,0.97,droite,droite,6,1,632,558,0,0.763,matched,1
615,20.500,1780168763,T007,2,377.84,728.4,-0.74,-0.64,droite,droite,2,1,616,616,0,0.761,matched,1
615,20.500,1780168763,T008,1,162.98,863.07,1.23,1.52,droite,droite,1,1,632,315,0,0.735,matched,1
615,20.500,1780168763,T011,22,321.07,833.12,-0.54,0.21,droite,droite,22,1,576,556,0,0.768,matched,1
615,20.500,1780168763,T012,47,519.54,508.19,0.21,-0.22,gauche,gauche,47,1,602,383,0,0.729,matched,1
615,20.500,1780168763,T013,4,60.25,559.16,-0.0,0.04,droite,droite,4,1,293,279,0,0.77,matched,1
615,20.500,1780168763,T014,10,289.58,137.38,0.42,0.8,gauche,gauche,10,1,19,19,0,0.768,matched,1
615,20.500,1780168763,T015,40,143.69,137.52,-1.14,0.04,gauche,gauche,40,1,18,18,0,0.766,matched,1
616,20.533,1780168763,T001,11,279.01,846.45,-0.74,0.61,droite,droite,11,1,633,548,0,0.765,matched,1
616,20.533,1780168763,T002,25,441.48,740.89,-0.48,-0.11,droite,droite,25,1,665,494,0,0.769,matched,1
616,20.533,1780168763,T003,6,180.75,807.81,0.4,1.07,droite,droite,6,1,633,559,0,0.766,matched,1
616,20.533,1780168763,T007,2,376.67,726.94,-1.05,-1.5,droite,droite,2,1,617,617,0,0.755,matched,1
616,20.533,1780168763,T011,22,320.35,833.71,-0.52,0.37,droite,droite,22,1,577,557,0,0.767,matched,1
616,20.533,1780168763,T012,47,519.54,508.19,0.62,-1.25,gauche,gauche,47,1,603,384,0,0.753,matched,1
616,20.533,1780168763,T013,4,60.25,559.16,-0.0,0.03,droite,droite,4,1,294,280,0,0.77,matched,1
616,20.533,1780168763,T014,10,290.58,138.34,0.88,0.58,gauche,gauche,10,1,20,20,0,0.762,matched,1
616,20.533,1780168763,T015,40,142.24,137.92,-1.28,0.36,gauche,gauche,40,1,19,19,0,0.764,matched,1
616,20.533,1780168763,T016,9,202.0,127.84,0.0,0.68,gauche,gauche,9,1,6,6,0,0.689,matched,1
617,20.567,1780168763,T001,11,278.2,846.83,-0.52,0.13,droite,droite,11,1,634,549,0,0.764,matched,1
617,20.567,1780168763,T002,25,441.48,740.89,-0.38,0.28,droite,droite,25,1,666,495,0,0.764,matched,1
617,20.567,1780168763,T003,6,181.42,809.01,0.53,1.04,droite,droite,6,1,634,560,0,0.767,matched,1
617,20.567,1780168763,T007,2,375.27,724.95,-1.27,-2.0,droite,droite,2,1,618,618,0,0.759,matched,1
617,20.567,1780168763,T008,1,163.78,860.26,0.81,-3.34,droite,droite,1,1,634,316,0,0.714,matched,1
617,20.567,1780168763,T011,22,319.74,834.25,-0.39,0.35,droite,droite,22,1,578,558,0,0.769,matched,1
617,20.567,1780168763,T012,47,519.26,509.01,-0.38,1.01,gauche,gauche,47,1,604,385,0,0.736,matched,1
617,20.567,1780168763,T013,4,60.25,559.16,-0.0,0.02,droite,droite,4,1,295,281,0,0.77,matched,1
617,20.567,1780168763,T015,40,140.91,138.92,-1.04,1.09,gauche,gauche,40,1,20,20,0,0.759,matched,1
617,20.567,1780168763,T016,9,202.0,128.64,0.0,0.52,gauche,gauche,9,1,7,7,0,0.709,matched,1
618,20.600,1780168763,T001,11,277.31,847.4,-0.66,0.43,droite,droite,11,1,635,550,0,0.765,matched,1
618,20.600,1780168763,T002,25,440.7,741.74,-0.42,0.88,droite,droite,25,1,667,496,0,0.761,matched,1
618,20.600,1780168763,T003,6,182.05,809.92,0.46,0.62,droite,droite,6,1,635,561,0,0.765,matched,1
618,20.600,1780168763,T007,2,373.82,722.73,-1.24,-2.08,droite,droite,2,1,619,619,0,0.766,matched,1
618,20.600,1780168763,T008,1,164.4,857.02,0.52,-3.39,droite,droite,1,1,635,317,0,0.764,matched,1
618,20.600,1780168763,T011,22,319.27,834.98,-0.26,0.6,droite,droite,22,1,579,559,0,0.766,matched,1
618,20.600,1780168763,T012,47,519.26,509.01,0.34,-0.55,gauche,gauche,47,1,605,386,0,0.746,matched,1
618,20.600,1780168763,T013,4,60.25,559.16,-0.0,0.01,droite,droite,4,1,296,282,0,0.77,matched,1
618,20.600,1780168763,T014,10,292.72,139.08,1.74,0.26,gauche,gauche,10,1,22,21,0,0.756,matched,1
618,20.600,1780168763,T015,40,139.84,140.33,-0.71,1.46,gauche,gauche,40,1,21,21,0,0.762,matched,1
619,20.633,1780168763,T001,11,276.5,847.99,-0.56,0.45,droite,droite,11,1,636,551,0,0.769,matched,1
619,20.633,1780168763,T002,25,440.03,742.69,-0.34,0.91,droite,droite,25,1,668,497,0,0.768,matched,1
619,20.633,1780168763,T003,6,182.57,810.56,0.33,0.32,droite,droite,6,1,636,562,0,0.766,matched,1
619,20.633,1780168763,T007,2,372.56,720.73,-0.94,-1.64,droite,droite,2,1,620,620,0,0.766,matched,1
619,20.633,1780168763,T008,1,164.73,854.12,0.11,-2.56,droite,droite,1,1,636,318,0,0.762,matched,1
619,20.633,1780168763,T011,22,318.91,835.69,-0.14,0.56,droite,droite,22,1,580,560,0,0.769,matched,1
619,20.633,1780168763,T012,47,519.77,508.13,0.54,-1.03,gauche,gauche,47,1,606,387,0,0.761,matched,1
619,20.633,1780168763,T013,4,60.25,559.16,-0.0,0.01,droite,droite,4,1,297,283,0,0.77,matched,1
619,20.633,1780168763,T014,10,294.73,139.6,1.53,0.12,gauche,gauche,10,1,23,22,0,0.768,matched,1
619,20.633,1780168763,T015,40,139.03,141.72,-0.43,1.27,gauche,gauche,40,1,22,22,0,0.767,matched,1
620,20.667,1780168763,T001,11,275.69,848.37,-0.57,0.18,droite,droite,11,1,637,552,0,0.767,matched,1
620,20.667,1780168763,T002,25,439.5,743.82,-0.23,1.05,droite,droite,25,1,669,498,0,0.766,matched,1
620,20.667,1780168763,T003,6,182.57,810.56,0.37,0.13,droite,droite,6,1,637,563,0,0.767,matched,1
620,20.667,1780168763,T007,2,371.56,719.27,-0.62,-0.92,droite,droite,2,1,621,621,0,0.761,matched,1
620,20.667,1780168763,T008,1,164.88,851.67,-0.06,-1.83,droite,droite,1,1,637,319,0,0.763,matched,1
620,20.667,1780168763,T011,22,318.66,836.57,-0.07,0.76,droite,droite,22,1,581,561,0,0.766,matched,1
620,20.667,1780168763,T012,47,520.3,507.17,0.49,-0.98,gauche,gauche,47,1,607,388,0,0.769,matched,1
620,20.667,1780168763,T013,4,60.25,559.16,-0.0,0.0,droite,droite,4,1,298,284,0,0.77,matched,1
620,20.667,1780168763,T014,10,296.81,140.12,1.62,0.21,gauche,gauche,10,1,24,23,0,0.766,matched,1
620,20.667,1780168763,T015,40,138.44,143.16,-0.22,1.25,gauche,gauche,40,1,23,23,0,0.767,matched,1
621,20.700,1780168763,T001,11,274.87,848.59,-0.61,0.04,droite,droite,11,1,638,553,0,0.768,matched,1
621,20.700,1780168763,T002,25,438.96,745.01,-0.31,1.04,droite,droite,25,1,670,499,0,0.768,matched,1
621,20.700,1780168763,T003,6,183.31,810.96,0.48,0.03,droite,droite,6,1,638,564,0,0.768,matched,1
621,20.700,1780168763,T007,2,370.82,718.24,-0.35,-0.44,droite,droite,2,1,622,622,0,0.763,matched,1
621,20.700,1780168763,T008,1,164.8,849.78,-0.28,-1.13,droite,droite,1,1,638,320,0,0.762,matched,1
621,20.700,1780168763,T011,22,318.34,837.82,-0.19,1.17,droite,droite,22,1,582,562,0,0.763,matched,1
621,20.700,1780168763,T012,47,520.76,506.32,0.36,-0.74,gauche,gauche,47,1,608,389,0,0.768,matched,1
621,20.700,1780168763,T013,4,60.25,559.16,-0.0,-0.0,droite,droite,4,1,299,285,0,0.77,matched,1
621,20.700,1780168763,T014,10,298.78,140.98,1.45,0.73,gauche,gauche,10,1,25,24,0,0.762,matched,1
621,20.700,1780168763,T015,40,137.89,144.56,-0.26,1.13,gauche,gauche,40,1,24,24,0,0.769,matched,1
622,20.733,1780168763,T001,11,273.87,848.73,-0.83,-0.03,droite,droite,11,1,639,554,0,0.766,matched,1
622,20.733,1780168763,T002,25,438.62,746.6,-0.1,1.48,droite,droite,25,1,671,500,0,0.762,matched,1
622,20.733,1780168763,T003,6,184.11,811.24,0.58,-0.02,droite,droite,6,1,639,565,0,0.768,matched,1
622,20.733,1780168763,T007,2,370.16,717.56,-0.34,-0.15,droite,droite,2,1,623,623,0,0.766,matched,1
622,20.733,1780168763,T008,1,164.63,848.4,-0.3,-0.61,droite,droite,1,1,639,321,0,0.764,matched,1
622,20.733,1780168763,T011,22,318.03,839.6,-0.2,1.75,droite,droite,22,1,583,563,0,0.76,matched,1
622,20.733,1780168763,T012,47,521.11,505.65,0.23,-0.48,gauche,gauche,47,1,609,390,0,0.767,matched,1
622,20.733,1780168763,T013,4,60.25,559.16,0.0,-0.0,droite,droite,4,1,300,286,0,0.77,matched,1
622,20.733,1780168763,T014,10,300.56,142.58,1.22,1.62,gauche,gauche,10,1,26,25,0,0.756,matched,1
622,20.733,1780168763,T015,40,137.43,145.88,-0.21,0.99,gauche,gauche,40,1,25,25,0,0.77,matched,1
623,20.767,1780168763,T001,11,272.79,848.81,-0.89,-0.04,droite,droite,11,1,640,555,0,0.768,matched,1
623,20.767,1780168763,T002,25,438.55,748.7,0.18,1.99,droite,droite,25,1,672,501,0,0.76,matched,1
623,20.767,1780168763,T003,6,185.1,811.57,0.83,0.14,droite,droite,6,1,640,566,0,0.765,matched,1
623,20.767,1780168763,T007,2,370.16,717.56,-0.26,-0.01,droite,droite,2,1,624,624,0,0.768,matched,1
623,20.767,1780168763,T008,1,164.32,847.42,-0.41,-0.28,droite,droite,1,1,640,322,0,0.766,matched,1
623,20.767,1780168763,T011,22,317.49,841.52,-0.49,1.74,droite,droite,22,1,584,564,0,0.765,matched,1
623,20.767,1780168763,T012,47,521.11,505.65,0.13,-0.27,gauche,gauche,47,1,610,391,0,0.767,matched,1
623,20.767,1780168763,T013,4,60.25,559.16,0.0,-0.0,droite,droite,4,1,301,287,0,0.77,matched,1
623,20.767,1780168763,T014,10,302.29,144.98,1.2,2.45,gauche,gauche,10,1,27,26,0,0.756,matched,1
623,20.767,1780168763,T015,40,137.06,147.11,-0.15,0.89,gauche,gauche,40,1,26,26,0,0.769,matched,1
624,20.800,1780168763,T001,11,271.83,848.85,-0.72,-0.04,droite,droite,11,1,641,556,0,0.769,matched,1
624,20.800,1780168763,T002,25,438.47,751.27,0.07,2.42,droite,droite,25,1,673,502,0,0.761,matched,1
624,20.800,1780168763,T003,6,186.18,811.88,0.9,0.17,droite,droite,6,1,641,567,0,0.768,matched,1
624,20.800,1780168763,T007,2,370.16,717.56,-0.17,0.05,droite,droite,2,1,625,625,0,0.769,matched,1
624,20.800,1780168763,T008,1,164.14,845.64,-0.19,-1.45,droite,droite,1,1,641,323,0,0.752,matched,1
624,20.800,1780168763,T011,22,316.65,843.34,-0.84,1.51,droite,droite,22,1,585,565,0,0.764,matched,1
624,20.800,1780168763,T012,47,521.11,505.65,0.06,-0.13,gauche,gauche,47,1,611,392,0,0.768,matched,1
624,20.800,1780168763,T013,4,60.25,559.16,0.0,-0.0,droite,droite,4,1,302,288,0,0.77,matched,1
624,20.800,1780168763,T014,10,304.17,147.52,1.43,2.37,gauche,gauche,10,1,28,27,0,0.764,matched,1
624,20.800,1780168763,T015,40,136.64,148.27,-0.26,0.81,gauche,gauche,40,1,27,27,0,0.768,matched,1
625,20.833,1780168763,T001,11,271.05,848.88,-0.49,-0.03,droite,droite,11,1,642,557,0,0.768,matched,1
625,20.833,1780168763,T002,25,438.39,753.69,0.01,2.03,droite,droite,25,1,674,503,0,0.768,matched,1
625,20.833,1780168763,T003,6,187.14,812.16,0.73,0.14,droite,droite,6,1,642,568,0,0.769,matched,1
625,20.833,1780168763,T007,2,370.16,717.56,-0.09,0.06,droite,droite,2,1,626,626,0,0.769,matched,1
625,20.833,1780168763,T008,1,164.04,843.73,-0.06,-1.57,droite,droite,1,1,642,324,0,0.766,matched,1
625,20.833,1780168763,T011,22,315.79,844.87,-0.78,1.08,droite,droite,22,1,586,566,0,0.766,matched,1
625,20.833,1780168763,T012,47,521.11,505.65,0.02,-0.04,gauche,gauche,47,1,612,393,0,0.769,matched,1
625,20.833,1780168763,T013,4,60.25,559.16,0.0,-0.0,droite,droite,4,1,303,289,0,0.77,matched,1
625,20.833,1780168763,T014,10,305.87,149.76,1.19,1.8,gauche,gauche,10,1,29,28,0,0.765,matched,1
625,20.833,1780168763,T015,40,136.25,149.25,-0.24,0.6,gauche,gauche,40,1,28,28,0,0.768,matched,1
626,20.867,1780168763,T001,11,271.05,848.88,-0.29,-0.02,droite,droite,11,1,643,558,0,0.768,matched,1
626,20.867,1780168763,T002,25,438.31,755.69,-0.01,1.42,droite,droite,25,1,675,504,0,0.764,matched,1
626,20.867,1780168763,T003,6,187.93,812.51,0.5,0.27,droite,droite,6,1,643,569,0,0.767,matched,1
626,20.867,1780168763,T007,2,369.48,717.19,-0.21,0.05,droite,droite,2,1,627,627,0,0.768,matched,1
626,20.867,1780168763,T008,1,164.13,840.78,0.17,-2.79,droite,droite,1,1,643,325,0,0.749,matched,1
626,20.867,1780168763,T011,22,314.91,846.05,-0.75,0.67,droite,droite,22,1,587,567,0,0.765,matched,1
626,20.867,1780168763,T012,47,521.11,505.65,-0.0,-0.0,gauche,gauche,47,1,613,394,0,0.769,matched,1
626,20.867,1780168763,T013,4,60.25,559.16,0.0,-0.0,droite,droite,4,1,304,290,0,0.77,matched,1
626,20.867,1780168763,T014,10,307.52,151.94,1.17,1.68,gauche,gauche,10,1,30,29,0,0.768,matched,1
626,20.867,1780168763,T015,40,135.79,150.14,-0.35,0.55,gauche,gauche,40,1,29,29,0,0.768,matched,1
627,20.900,1780168763,T001,11,271.05,848.88,-0.14,0.33,droite,droite,11,1,644,559,0,0.765,matched,1
627,20.900,1780168763,T002,25,438.1,757.22,-0.19,0.86,droite,droite,25,1,676,505,0,0.763,matched,1
627,20.900,1780168763,T003,6,188.65,813.0,0.46,0.43,droite,droite,6,1,644,570,0,0.767,matched,1
627,20.900,1780168763,T007,2,368.76,716.22,-0.38,-0.81,droite,droite,2,1,628,628,0,0.757,matched,1
627,20.900,1780168763,T011,22,314.01,846.9,-0.74,0.36,droite,droite,22,1,588,568,0,0.766,matched,1
627,20.900,1780168763,T012,47,521.11,505.65,-0.01,0.02,gauche,gauche,47,1,614,395,0,0.77,matched,1
627,20.900,1780168763,T013,4,60.25,559.16,0.0,-0.0,droite,droite,4,1,305,291,0,0.77,matched,1
627,20.900,1780168763,T014,10,309.2,153.93,1.24,1.43,gauche,gauche,10,1,31,30,0,0.767,matched,1
627,20.900,1780168763,T015,40,135.09,150.88,-0.65,0.41,gauche,gauche,40,1,30,30,0,0.765,matched,1
627,20.900,1780168763,T016,9,201.28,133.14,-0.26,0.12,gauche,gauche,9,1,17,17,0,0.769,matched,1
628,20.933,1780168763,T001,11,270.38,849.47,-0.23,0.56,droite,droite,11,1,645,560,0,0.766,matched,1
628,20.933,1780168763,T002,25,437.59,758.18,-0.55,0.28,droite,droite,25,1,677,506,0,0.761,matched,1
628,20.933,1780168763,T003,6,189.4,813.48,0.52,0.39,droite,droite,6,1,645,571,0,0.769,matched,1
628,20.933,1780168763,T007,2,368.11,714.56,-0.36,-1.64,droite,droite,2,1,629,629,0,0.757,matched,1
628,20.933,1780168763,T011,22,313.09,847.51,-0.74,0.16,droite,droite,22,1,589,569,0,0.767,matched,1
628,20.933,1780168763,T012,47,521.11,505.65,-0.01,0.02,gauche,gauche,47,1,615,396,0,0.77,matched,1
628,20.933,1780168763,T013,4,60.25,559.16,0.0,-0.0,droite,droite,4,1,306,292,0,0.77,matched,1
628,20.933,1780168763,T014,10,311.09,155.55,1.49,1.0,gauche,gauche,10,1,32,31,0,0.763,matched,1
628,20.933,1780168763,T015,40,134.23,151.46,-0.79,0.26,gauche,gauche,40,1,31,31,0,0.767,matched,1
628,20.933,1780168763,T016,9,201.28,133.14,-0.2,0.06,gauche,gauche,9,1,18,18,0,0.769,matched,1
629,20.967,1780168763,T001,11,269.67,850.21,-0.38,0.69,droite,droite,11,1,646,561,0,0.766,matched,1
629,20.967,1780168763,T002,25,436.87,758.78,-0.74,-0.01,droite,droite,25,1,678,507,0,0.765,matched,1
629,20.967,1780168763,T003,6,190.05,814.02,0.42,0.46,droite,droite,6,1,646,572,0,0.768,matched,1
629,20.967,1780168763,T007,2,367.43,712.26,-0.44,-2.27,droite,droite,2,1,630,630,0,0.758,matched,1
629,20.967,1780168763,T011,22,312.16,847.92,-0.74,0.04,droite,droite,22,1,590,570,0,0.768,matched,1
629,20.967,1780168763,T012,47,521.11,505.65,-0.01,0.02,gauche,gauche,47,1,616,397,0,0.77,matched,1
629,20.967,1780168763,T013,4,60.25,559.16,0.0,-0.0,droite,droite,4,1,307,293,0,0.77,matched,1
629,20.967,1780168763,T014,10,313.21,156.93,1.76,0.78,gauche,gauche,10,1,33,32,0,0.764,matched,1
629,20.967,1780168763,T015,40,133.15,151.88,-1.0,0.14,gauche,gauche,40,1,32,32,0,0.765,matched,1
629,20.967,1780168763,T016,9,201.28,133.14,-0.13,0.03,gauche,gauche,9,1,19,19,0,0.769,matched,1
630,21.000,1780168764,T001,11,268.9,851.45,-0.52,1.26,droite,droite,11,1,647,562,0,0.76,matched,1
630,21.000,1780168764,T002,25,435.9,759.14,-0.98,-0.12,droite,droite,25,1,679,508,0,0.765,matched,1
630,21.000,1780168764,T003,6,190.57,814.65,0.29,0.55,droite,droite,6,1,647,573,0,0.768,matched,1
630,21.000,1780168764,T007,2,366.83,709.46,-0.37,-2.67,droite,droite,2,1,631,631,0,0.761,matched,1
630,21.000,1780168764,T011,22,311.2,848.21,-0.74,-0.01,droite,droite,22,1,591,571,0,0.769,matched,1
630,21.000,1780168764,T012,43,521.11,505.65,-0.01,-0.16,gauche,gauche,43,1,617,398,0,0.767,matched,1
630,21.000,1780168764,T013,4,60.25,559.16,-0.0,0.0,droite,droite,4,1,308,294,0,0.77,matched,1
630,21.000,1780168764,T014,10,315.43,158.02,1.8,0.52,gauche,gauche,10,1,34,33,0,0.766,matched,1
630,21.000,1780168764,T015,40,131.99,152.19,-1.03,0.07,gauche,gauche,40,1,33,33,0,0.768,matched,1
630,21.000,1780168764,T016,9,201.28,133.14,-0.07,0.18,gauche,gauche,9,1,20,20,0,0.768,matched,1
631,21.033,1780168764,T001,11,268.2,852.74,-0.46,1.2,droite,droite,11,1,648,563,0,0.769,matched,1
631,21.033,1780168764,T002,25,434.94,759.36,-0.85,-0.13,droite,droite,25,1,680,509,0,0.769,matched,1
631,21.033,1780168764,T003,6,190.57,814.65,0.17,0.46,droite,droite,6,1,648,574,0,0.769,matched,1
631,21.033,1780168764,T007,2,366.35,706.84,-0.26,-2.22,droite,droite,2,1,632,632,0,0.767,matched,1
631,21.033,1780168764,T011,22,310.38,848.41,-0.57,-0.03,droite,droite,22,1,592,572,0,0.769,matched,1
631,21.033,1780168764,T012,43,521.11,505.65,-0.0,-0.19,gauche,gauche,43,1,618,399,0,0.769,matched,1
631,21.033,1780168764,T013,4,60.25,559.16,-0.0,0.0,droite,droite,4,1,309,295,0,0.77,matched,1
631,21.033,1780168764,T014,10,317.37,158.84,1.41,0.3,gauche,gauche,10,1,35,34,0,0.766,matched,1
631,21.033,1780168764,T015,40,130.96,152.41,-0.8,0.02,gauche,gauche,40,1,34,34,0,0.768,matched,1
631,21.033,1780168764,T016,9,200.95,133.81,-0.03,0.19,gauche,gauche,9,1,21,21,0,0.769,matched,1
632,21.067,1780168764,T001,11,267.48,854.01,-0.5,1.07,droite,droite,11,1,649,564,0,0.769,matched,1
632,21.067,1780168764,T002,25,434.0,759.51,-0.78,-0.11,droite,droite,25,1,681,510,0,0.77,matched,1
632,21.067,1780168764,T003,6,190.96,815.54,0.09,0.66,droite,droite,6,1,649,575,0,0.766,matched,1
632,21.067,1780168764,T007,2,365.98,704.68,-0.16,-1.54,droite,droite,2,1,633,633,0,0.763,matched,1
632,21.067,1780168764,T011,22,310.38,848.41,-0.38,-0.03,droite,droite,22,1,593,573,0,0.768,matched,1
632,21.067,1780168764,T012,43,521.11,505.65,-0.0,-0.16,gauche,gauche,43,1,619,400,0,0.77,matched,1
632,21.067,1780168764,T013,4,60.25,559.16,-0.0,0.0,droite,droite,4,1,310,296,0,0.77,matched,1
632,21.067,1780168764,T014,10,319.2,159.43,1.28,0.15,gauche,gauche,10,1,36,35,0,0.768,matched,1
632,21.067,1780168764,T015,40,129.86,152.56,-0.88,-0.0,gauche,gauche,40,1,35,35,0,0.768,matched,1
632,21.067,1780168764,T016,9,200.95,133.81,-0.18,-0.01,gauche,gauche,9,1,22,22,0,0.766,matched,1
633,21.100,1780168764,T001,11,266.72,855.08,-0.57,0.78,droite,droite,11,1,650,565,0,0.767,matched,1
633,21.100,1780168764,T002,25,433.07,759.48,-0.74,-0.24,droite,droite,25,1,682,511,0,0.768,matched,1
633,21.100,1780168764,T003,6,191.37,817.06,0.2,1.44,droite,droite,6,1,650,576,0,0.757,matched,1
633,21.100,1780168764,T007,2,365.71,703.04,-0.08,-0.93,droite,droite,2,1,634,634,0,0.763,matched,1
633,21.100,1780168764,T011,22,309.6,848.55,-0.39,-0.02,droite,droite,22,1,594,574,0,0.769,matched,1
633,21.100,1780168764,T012,43,521.11,505.65,-0.0,-0.11,gauche,gauche,43,1,620,401,0,0.77,matched,1
633,21.100,1780168764,T013,4,60.25,559.16,-0.0,0.0,droite,droite,4,1,311,297,0,0.77,matched,1
633,21.100,1780168764,T014,10,320.86,160.68,1.11,1.08,gauche,gauche,10,1,37,36,0,0.756,matched,1
633,21.100,1780168764,T015,40,128.75,152.67,-0.87,-0.01,gauche,gauche,40,1,36,36,0,0.769,matched,1
633,21.100,1780168764,T016,9,200.95,133.81,-0.2,-0.26,gauche,gauche,9,1,23,23,0,0.766,matched,1
634,21.133,1780168764,T001,11,266.04,855.77,-0.47,0.32,droite,droite,11,1,651,566,0,0.764,matched,1
634,21.133,1780168764,T002,25,432.27,759.51,-0.56,-0.07,droite,droite,25,1,683,512,0,0.767,matched,1
634,21.133,1780168764,T003,6,191.75,819.48,0.2,2.43,droite,droite,6,1,651,577,0,0.753,matched,1
634,21.133,1780168764,T007,2,365.51,701.86,-0.04,-0.48,droite,droite,2,1,635,635,0,0.765,matched,1
634,21.133,1780168764,T011,22,308.81,848.79,-0.47,0.15,droite,droite,22,1,595,575,0,0.767,matched,1
634,21.133,1780168764,T012,43,521.11,505.65,-0.0,-0.07,gauche,gauche,43,1,621,402,0,0.77,matched,1
634,21.133,1780168764,T013,4,60.25,559.16,-0.0,0.17,droite,droite,4,1,312,298,0,0.768,matched,1
634,21.133,1780168764,T014,10,322.35,162.75,0.96,2.04,gauche,gauche,10,1,38,37,0,0.754,matched,1
634,21.133,1780168764,T015,40,127.78,153.16,-0.67,0.5,gauche,gauche,40,1,37,37,0,0.762,matched,1
634,21.133,1780168764,T016,9,200.95,133.81,-0.16,0.04,gauche,gauche,9,1,24,24,0,0.766,matched,1
635,21.167,1780168764,T001,11,265.35,856.2,-0.49,0.07,droite,droite,11,1,652,567,0,0.767,matched,1
635,21.167,1780168764,T002,25,431.5,759.99,-0.53,0.52,droite,droite,25,1,684,513,0,0.761,matched,1
635,21.167,1780168764,T003,6,192.06,822.1,0.16,2.43,droite,droite,6,1,652,578,0,0.766,matched,1
635,21.167,1780168764,T007,2,365.38,701.03,-0.01,-0.2,droite,droite,2,1,636,636,0,0.767,matched,1
635,21.167,1780168764,T011,22,308.12,849.33,-0.4,0.53,droite,droite,22,1,596,576,0,0.764,matched,1
635,21.167,1780168764,T012,43,521.11,505.65,-0.17,-0.04,gauche,gauche,43,1,622,403,0,0.767,matched,1
635,21.167,1780168764,T013,4,59.82,559.95,-0.17,0.37,droite,droite,4,1,313,299,0,0.766,matched,1
635,21.167,1780168764,T014,10,323.99,165.31,1.19,2.46,gauche,gauche,10,1,39,38,0,0.76,matched,1
635,21.167,1780168764,T015,40,127.01,154.45,-0.44,1.43,gauche,gauche,40,1,38,38,0,0.755,matched,1
635,21.167,1780168764,T016,9,200.46,134.82,-0.11,0.83,gauche,gauche,9,1,25,25,0,0.758,matched,1
636,21.200,1780168764,T001,11,264.62,856.45,-0.56,-0.04,droite,droite,11,1,653,568,0,0.768,matched,1
636,21.200,1780168764,T002,25,430.85,760.76,-0.4,0.8,droite,droite,25,1,685,514,0,0.765,matched,1
636,21.200,1780168764,T003,6,192.18,824.56,-0.07,2.05,droite,droite,6,1,653,579,0,0.766,matched,1
636,21.200,1780168764,T007,2,365.38,701.03,0.0,-0.05,droite,droite,2,1,637,637,0,0.768,matched,1
636,21.200,1780168764,T011,22,307.56,850.06,-0.28,0.72,droite,droite,22,1,597,577,0,0.766,matched,1
636,21.200,1780168764,T012,43,521.11,505.65,-0.03,-0.01,gauche,gauche,43,1,623,404,0,0.768,matched,1
636,21.200,1780168764,T013,4,59.41,560.8,-0.2,0.53,droite,droite,4,1,314,300,0,0.767,matched,1
636,21.200,1780168764,T014,10,325.61,168.14,1.18,2.57,gauche,gauche,10,1,40,39,0,0.764,matched,1
636,21.200,1780168764,T015,40,126.31,156.05,-0.42,1.64,gauche,gauche,40,1,39,39,0,0.765,matched,1
636,21.200,1780168764,T016,9,200.09,136.63,-0.06,1.8,gauche,gauche,9,1,26,26,0,0.755,matched,1
637,21.233,1780168764,T001,11,264.62,856.45,-0.46,-0.08,droite,droite,11,1,654,569,0,0.769,matched,1
637,21.233,1780168764,T002,25,430.35,761.53,-0.26,0.73,droite,droite,25,1,686,515,0,0.768,matched,1
637,21.233,1780168764,T003,6,192.18,826.45,-0.14,1.27,droite,droite,6,1,654,580,0,0.761,matched,1
637,21.233,1780168764,T007,2,365.38,701.03,0.01,0.02,droite,droite,2,1,638,638,0,0.769,matched,1
637,21.233,1780168764,T011,22,307.14,850.78,-0.17,0.63,droite,droite,22,1,598,578,0,0.769,matched,1
637,21.233,1780168764,T012,43,521.11,505.65,0.03,-0.0,gauche,gauche,43,1,624,405,0,0.769,matched,1
637,21.233,1780168764,T013,4,59.06,561.57,-0.16,0.47,droite,droite,4,1,315,301,0,0.77,matched,1
637,21.233,1780168764,T014,10,326.99,170.68,0.91,2.03,gauche,gauche,10,1,41,40,0,0.765,matched,1
637,21.233,1780168764,T015,40,125.71,157.56,-0.32,1.34,gauche,gauche,40,1,40,40,0,0.768,matched,1
637,21.233,1780168764,T016,9,199.81,138.55,-0.03,1.76,gauche,gauche,9,1,27,27,0,0.768,matched,1
638,21.267,1780168764,T001,11,264.62,856.45,-0.32,-0.07,droite,droite,11,1,655,570,0,0.769,matched,1
638,21.267,1780168764,T002,25,429.97,762.47,-0.15,0.87,droite,droite,25,1,687,516,0,0.767,matched,1
638,21.267,1780168764,T003,6,192.28,827.96,0.04,0.85,droite,droite,6,1,655,581,0,0.765,matched,1
638,21.267,1780168764,T007,2,365.38,701.03,0.01,0.05,droite,droite,2,1,639,639,0,0.77,matched,1
638,21.267,1780168764,T011,22,306.69,851.65,-0.26,0.79,droite,droite,22,1,599,579,0,0.766,matched,1
638,21.267,1780168764,T012,43,521.11,505.65,0.05,0.0,gauche,gauche,43,1,625,406,0,0.77,matched,1
638,21.267,1780168764,T013,4,58.79,562.48,-0.11,0.68,droite,droite,4,1,316,302,0,0.766,matched,1
638,21.267,1780168764,T014,10,328.36,173.13,0.94,1.87,gauche,gauche,10,1,42,41,0,0.768,matched,1
638,21.267,1780168764,T015,40,125.25,159.07,-0.21,1.27,gauche,gauche,40,1,41,41,0,0.769,matched,1
638,21.267,1780168764,T016,9,199.61,140.65,-0.01,1.86,gauche,gauche,9,1,28,28,0,0.766,matched,1
639,21.300,1780168764,T001,11,263.8,856.58,-0.36,-0.05,droite,droite,11,1,656,571,0,0.769,matched,1
639,21.300,1780168764,T002,25,429.7,763.76,-0.07,1.24,droite,droite,25,1,688,517,0,0.763,matched,1
639,21.300,1780168764,T003,6,192.69,829.09,0.44,0.49,droite,droite,6,1,656,582,0,0.763,matched,1
639,21.300,1780168764,T007,2,365.38,701.03,0.01,0.04,droite,droite,2,1,640,640,0,0.77,matched,1
639,21.300,1780168764,T008,1,167.25,802.76,0.21,-1.71,droite,droite,1,1,656,338,0,0.759,matched,1
639,21.300,1780168764,T011,22,306.28,852.89,-0.23,1.19,droite,droite,22,1,600,580,0,0.763,matched,1
639,21.300,1780168764,T012,43,521.11,505.65,0.04,0.0,gauche,gauche,43,1,626,407,0,0.77,matched,1
639,21.300,1780168764,T013,4,58.58,563.6,-0.07,0.95,droite,droite,4,1,317,303,0,0.765,matched,1
639,21.300,1780168764,T014,10,329.82,175.34,1.08,1.55,gauche,gauche,10,1,43,42,0,0.766,matched,1
639,21.300,1780168764,T015,40,124.77,160.64,-0.29,1.29,gauche,gauche,40,1,42,42,0,0.767,matched,1
640,21.333,1780168764,T001,11,263.8,856.58,-0.29,-0.03,droite,droite,11,1,657,572,0,0.77,matched,1
640,21.333,1780168764,T002,25,429.37,765.44,-0.19,1.61,droite,droite,25,1,689,518,0,0.762,matched,1
640,21.333,1780168764,T003,6,193.46,829.91,0.83,0.24,droite,droite,6,1,657,583,0,0.763,matched,1
640,21.333,1780168764,T004,34,268.0,135.71,-0.24,0.07,gauche,gauche,34,1,657,333,0,0.57,reattached,1
640,21.333,1780168764,T007,2,365.38,701.03,0.17,0.03,droite,droite,2,1,641,641,0,0.768,matched,1
640,21.333,1780168764,T008,1,167.47,800.76,0.12,-0.92,droite,droite,1,1,657,339,0,0.761,matched,1
640,21.333,1780168764,T011,22,305.95,854.53,-0.17,1.58,droite,droite,22,1,601,581,0,0.762,matched,1
640,21.333,1780168764,T012,43,521.11,505.65,0.03,0.0,gauche,gauche,43,1,627,408,0,0.77,matched,1
640,21.333,1780168764,T013,4,58.42,564.81,-0.03,1.01,droite,droite,4,1,318,304,0,0.768,matched,1
640,21.333,1780168764,T015,40,124.34,162.16,-0.25,1.17,gauche,gauche,40,1,43,43,0,0.77,matched,1
641,21.367,1780168764,T001,11,262.95,856.67,-0.37,-0.02,droite,droite,11,1,658,573,0,0.768,matched,1
641,21.367,1780168764,T002,25,429.06,767.46,-0.2,1.9,droite,droite,25,1,690,519,0,0.763,matched,1
641,21.367,1780168764,T003,6,194.56,830.49,1.13,0.09,droite,droite,6,1,658,584,0,0.764,matched,1
641,21.367,1780168764,T007,2,365.38,701.03,0.2,0.02,droite,droite,2,1,642,642,0,0.769,matched,1
641,21.367,1780168764,T008,1,167.63,799.36,0.06,-0.4,droite,droite,1,1,658,340,0,0.764,matched,1
641,21.367,1780168764,T011,22,305.7,856.39,-0.11,1.71,droite,droite,22,1,602,582,0,0.766,matched,1
641,21.367,1780168764,T012,43,521.11,505.65,0.02,0.0,gauche,gauche,43,1,628,409,0,0.77,matched,1
641,21.367,1780168764,T013,4,58.31,566.01,-0.01,0.97,droite,droite,4,1,319,305,0,0.769,matched,1
641,21.367,1780168764,T014,10,333.52,178.49,1.71,0.65,gauche,gauche,10,1,45,44,0,0.762,matched,1
641,21.367,1780168764,T015,40,123.99,163.71,-0.18,1.2,gauche,gauche,40,1,44,44,0,0.768,matched,1
642,21.400,1780168764,T001,11,262.95,856.67,-0.15,-0.01,droite,droite,11,1,659,574,0,0.767,matched,1
642,21.400,1780168764,T002,25,428.79,769.63,-0.15,1.92,droite,droite,25,1,691,520,0,0.767,matched,1
642,21.400,1780168764,T003,6,195.64,831.03,0.99,0.18,droite,droite,6,1,659,585,0,0.768,matched,1
642,21.400,1780168764,T004,34,252.4,140.34,-0.0,0.89,gauche,gauche,34,1,659,334,0,0.765,matched,1
642,21.400,1780168764,T007,2,365.38,701.03,0.16,0.01,droite,droite,2,1,643,643,0,0.77,matched,1
642,21.400,1780168764,T008,1,168.01,797.58,0.36,-1.13,droite,droite,1,1,659,341,0,0.758,matched,1
642,21.400,1780168764,T011,22,305.37,858.21,-0.23,1.54,droite,droite,22,1,603,583,0,0.768,matched,1
642,21.400,1780168764,T012,43,521.11,505.65,0.01,0.0,gauche,gauche,43,1,629,410,0,0.77,matched,1
642,21.400,1780168764,T013,4,58.23,567.05,-0.0,0.73,droite,droite,4,1,320,306,0,0.768,matched,1
642,21.400,1780168764,T015,40,123.73,165.34,-0.11,1.28,gauche,gauche,40,1,45,45,0,0.767,matched,1
643,21.433,1780168764,T001,11,262.95,856.67,-0.03,-0.0,droite,droite,11,1,660,575,0,0.768,matched,1
643,21.433,1780168764,T002,25,428.58,771.54,-0.1,1.49,droite,droite,25,1,692,521,0,0.766,matched,1
643,21.433,1780168764,T003,6,196.55,831.5,0.71,0.18,droite,droite,6,1,660,586,0,0.767,matched,1
643,21.433,1780168764,T004,34,240.37,143.91,-0.29,0.55,gauche,gauche,34,1,660,335,0,0.767,matched,1
643,21.433,1780168764,T007,2,365.38,701.03,0.11,0.01,droite,droite,2,1,644,644,0,0.769,matched,1
643,21.433,1780168764,T008,1,168.44,795.84,0.39,-1.16,droite,droite,1,1,660,342,0,0.768,matched,1
643,21.433,1780168764,T011,22,305.05,859.76,-0.22,1.13,droite,droite,22,1,604,584,0,0.766,matched,1
643,21.433,1780168764,T012,43,521.11,505.65,0.01,0.17,gauche,gauche,43,1,630,411,0,0.768,matched,1
643,21.433,1780168764,T013,4,58.17,567.87,0.0,0.48,droite,droite,4,1,321,307,0,0.767,matched,1
643,21.433,1780168764,T015,40,123.53,166.78,-0.06,1.02,gauche,gauche,40,1,46,46,0,0.768,matched,1
644,21.467,1780168764,T001,11,262.95,856.67,-0.15,0.17,droite,droite,11,1,661,576,0,0.767,matched,1
644,21.467,1780168764,T002,25,428.28,772.93,-0.23,0.82,droite,droite,25,1,693,522,0,0.762,matched,1
644,21.467,1780168764,T003,6,197.26,831.87,0.44,0.13,droite,droite,6,1,661,587,0,0.767,matched,1
644,21.467,1780168764,T004,34,231.0,146.79,-0.48,0.55,gauche,gauche,34,1,661,336,0,0.768,matched,1
644,21.467,1780168764,T007,2,365.38,701.03,-0.1,0.0,droite,droite,2,1,645,645,0,0.767,matched,1
644,21.467,1780168764,T008,1,168.84,793.26,0.32,-2.26,droite,droite,1,1,661,343,0,0.752,matched,1
644,21.467,1780168764,T011,22,304.64,860.96,-0.34,0.71,droite,droite,22,1,605,585,0,0.765,matched,1
644,21.467,1780168764,T012,43,521.11,505.65,0.0,0.2,gauche,gauche,43,1,631,412,0,0.769,matched,1
644,21.467,1780168764,T013,4,58.17,567.87,0.17,0.27,droite,droite,4,1,322,308,0,0.767,matched,1
644,21.467,1780168764,T015,40,123.25,168.07,-0.2,0.86,gauche,gauche,40,1,47,47,0,0.768,matched,1
645,21.500,1780168764,T001,11,262.26,856.96,-0.16,0.2,droite,droite,11,1,662,577,0,0.769,matched,1
645,21.500,1780168764,T002,25,427.85,773.88,-0.4,0.37,droite,droite,25,1,694,523,0,0.764,matched,1
645,21.500,1780168764,T003,6,197.26,831.87,0.41,0.09,droite,droite,6,1,662,588,0,0.769,matched,1
645,21.500,1780168764,T004,34,223.79,149.05,-0.4,0.4,gauche,gauche,34,1,662,337,0,0.769,matched,1
645,21.500,1780168764,T007,2,365.38,701.03,-0.16,0.0,droite,droite,2,1,646,646,0,0.769,matched,1
645,21.500,1780168764,T008,1,169.3,789.68,0.39,-3.37,droite,droite,1,1,662,344,0,0.75,matched,1
645,21.500,1780168764,T011,22,304.11,861.84,-0.48,0.39,droite,droite,22,1,606,586,0,0.766,matched,1
645,21.500,1780168764,T012,43,521.11,505.65,-0.0,-0.01,gauche,gauche,43,1,632,413,0,0.767,matched,1
645,21.500,1780168764,T013,4,58.17,567.87,0.2,-0.04,droite,droite,4,1,323,309,0,0.766,matched,1
645,21.500,1780168764,T015,40,122.83,169.12,-0.37,0.6,gauche,gauche,40,1,48,48,0,0.766,matched,1
646,21.533,1780168764,T001,11,261.57,857.5,-0.3,0.5,droite,droite,11,1,663,578,0,0.765,matched,1
646,21.533,1780168764,T002,25,427.28,774.39,-0.54,-0.05,droite,droite,25,1,695,524,0,0.764,matched,1
646,21.533,1780168764,T003,6,197.96,832.44,0.3,0.39,droite,droite,6,1,663,589,0,0.765,matched,1
646,21.533,1780168764,T004,34,218.27,150.91,-0.28,0.44,gauche,gauche,34,1,663,338,0,0.768,matched,1
646,21.533,1780168764,T007,2,365.38,701.03,-0.15,-0.0,droite,droite,2,1,647,647,0,0.77,matched,1
646,21.533,1780168764,T008,1,169.86,785.33,0.5,-4.05,droite,droite,1,1,663,345,0,0.755,matched,1
646,21.533,1780168764,T011,22,303.46,862.46,-0.59,0.18,droite,droite,22,1,607,587,0,0.767,matched,1
646,21.533,1780168764,T012,43,521.11,505.65,-0.0,0.09,gauche,gauche,43,1,633,414,0,0.769,matched,1
646,21.533,1780168764,T013,4,58.17,567.87,0.33,-0.15,droite,droite,4,1,324,310,0,0.767,matched,1
646,21.533,1780168764,T015,40,122.26,169.91,-0.53,0.36,gauche,gauche,40,1,49,49,0,0.766,matched,1
647,21.567,1780168764,T001,11,260.96,858.2,-0.28,0.68,droite,droite,11,1,664,579,0,0.767,matched,1
647,21.567,1780168764,T002,25,426.58,774.63,-0.64,-0.21,droite,droite,25,1,696,525,0,0.767,matched,1
647,21.567,1780168764,T003,6,198.5,833.01,0.19,0.42,droite,droite,6,1,664,590,0,0.768,matched,1
647,21.567,1780168764,T004,34,213.94,152.4,-0.34,0.35,gauche,gauche,34,1,664,339,0,0.769,matched,1
647,21.567,1780168764,T007,2,365.38,701.03,-0.11,-0.0,droite,droite,2,1,648,648,0,0.77,matched,1
647,21.567,1780168764,T008,1,170.52,780.99,0.59,-3.73,droite,droite,1,1,664,346,0,0.767,matched,1
647,21.567,1780168764,T011,22,302.72,862.9,-0.67,0.05,droite,droite,22,1,608,588,0,0.767,matched,1
647,21.567,1780168764,T012,43,521.11,505.65,-0.0,0.1,gauche,gauche,43,1,634,415,0,0.77,matched,1
647,21.567,1780168764,T013,4,58.17,567.87,0.31,-0.16,droite,droite,4,1,325,311,0,0.77,matched,1
647,21.567,1780168764,T014,10,343.77,189.88,0.86,2.59,gauche,gauche,10,1,51,50,0,0.765,matched,1
648,21.600,1780168764,T001,11,260.47,859.3,-0.21,1.1,droite,droite,11,1,665,580,0,0.763,matched,1
648,21.600,1780168764,T002,25,425.8,774.87,-0.71,-0.05,droite,droite,25,1,697,526,0,0.767,matched,1
648,21.600,1780168764,T003,6,198.9,833.93,0.11,0.84,droite,droite,6,1,665,591,0,0.763,matched,1
648,21.600,1780168764,T004,34,210.44,153.55,-0.46,0.23,gauche,gauche,34,1,665,340,0,0.768,matched,1
648,21.600,1780168764,T007,2,365.38,701.03,-0.07,-0.0,droite,droite,2,1,649,649,0,0.77,matched,1
648,21.600,1780168764,T008,1,171.14,777.41,0.5,-2.59,droite,droite,1,1,665,347,0,0.759,matched,1
648,21.600,1780168764,T011,22,301.89,863.33,-0.72,0.17,droite,droite,22,1,609,589,0,0.768,matched,1
648,21.600,1780168764,T012,43,521.11,505.65,-0.0,-0.09,gauche,gauche,43,1,635,416,0,0.767,matched,1
648,21.600,1780168764,T013,4,58.17,567.87,0.4,-0.13,droite,droite,4,1,326,312,0,0.768,matched,1
648,21.600,1780168764,T015,40,120.16,170.91,-1.1,0.08,gauche,gauche,40,1,51,51,0,0.767,matched,1
649,21.633,1780168764,T001,11,260.08,860.41,-0.14,1.01,droite,droite,11,1,666,581,0,0.769,matched,1
649,21.633,1780168764,T002,25,425.09,775.1,-0.57,0.02,droite,droite,25,1,698,527,0,0.769,matched,1
649,21.633,1780168764,T003,6,199.19,834.87,0.05,0.82,droite,droite,6,1,666,592,0,0.769,matched,1
649,21.633,1780168764,T004,34,207.69,154.42,-0.4,0.14,gauche,gauche,34,1,666,341,0,0.769,matched,1
649,21.633,1780168764,T007,2,365.38,701.03,-0.04,-0.0,droite,droite,2,1,650,650,0,0.77,matched,1
649,21.633,1780168764,T008,1,171.65,774.68,0.35,-1.56,droite,droite,1,1,666,348,0,0.759,matched,1
649,21.633,1780168764,T011,22,301.16,863.72,-0.58,0.17,droite,droite,22,1,610,590,0,0.769,matched,1
649,21.633,1780168764,T012,43,521.11,505.65,-0.0,-0.14,gauche,gauche,43,1,636,417,0,0.769,matched,1
649,21.633,1780168764,T013,4,58.17,567.87,0.17,0.08,droite,droite,4,1,327,313,0,0.766,matched,1
649,21.633,1780168764,T015,40,119.11,171.21,-0.9,0.02,gauche,gauche,40,1,52,52,0,0.768,matched,1
650,21.667,1780168764,T001,11,259.79,861.51,-0.08,0.92,droite,droite,11,1,667,582,0,0.769,matched,1
650,21.667,1780168764,T002,25,425.09,775.1,-0.39,0.05,droite,droite,25,1,699,528,0,0.768,matched,1
650,21.667,1780168764,T003,6,199.54,835.69,0.19,0.62,droite,droite,6,1,667,593,0,0.767,matched,1
650,21.667,1780168764,T004,34,205.56,155.21,-0.29,0.24,gauche,gauche,34,1,667,342,0,0.768,matched,1
650,21.667,1780168764,T007,2,365.38,701.03,-0.02,-0.0,droite,droite,2,1,651,651,0,0.77,matched,1
650,21.667,1780168764,T008,1,172.17,772.58,0.38,-0.98,droite,droite,1,1,667,349,0,0.764,matched,1
650,21.667,1780168764,T011,22,300.42,864.04,-0.56,0.13,droite,droite,22,1,611,591,0,0.769,matched,1
650,21.667,1780168764,T012,43,521.11,505.65,-0.0,-0.13,gauche,gauche,43,1,637,418,0,0.77,matched,1
650,21.667,1780168764,T013,4,58.81,568.34,0.22,0.15,droite,droite,4,1,328,314,0,0.769,matched,1
650,21.667,1780168764,T015,40,118.11,171.41,-0.78,-0.01,gauche,gauche,40,1,53,53,0,0.769,matched,1
651,21.700,1780168764,T002,25,424.38,775.45,-0.4,0.21,droite,droite,25,1,700,529,0,0.767,matched,1
651,21.700,1780168764,T003,6,199.87,837.02,0.2,1.25,droite,droite,6,1,668,594,0,0.76,matched,1
651,21.700,1780168764,T004,34,203.94,155.74,-0.18,0.05,gauche,gauche,34,1,668,343,0,0.767,matched,1
651,21.700,1780168764,T007,2,365.38,701.03,-0.01,-0.0,droite,droite,2,1,652,652,0,0.77,matched,1
651,21.700,1780168764,T008,1,172.91,771.03,0.65,-0.53,droite,droite,1,1,668,350,0,0.763,matched,1
651,21.700,1780168764,T011,22,299.79,864.42,-0.43,0.26,droite,droite,22,1,612,592,0,0.768,matched,1
651,21.700,1780168764,T012,43,521.11,505.65,-0.0,-0.09,gauche,gauche,43,1,638,419,0,0.77,matched,1
651,21.700,1780168764,T013,4,58.81,568.34,0.18,0.14,droite,droite,4,1,329,315,0,0.77,matched,1
651,21.700,1780168764,T014,10,348.8,201.06,1.03,1.35,gauche,gauche,10,1,55,54,0,0.762,matched,1
651,21.700,1780168764,T015,40,117.0,171.83,-0.9,0.32,gauche,gauche,40,1,54,54,0,0.764,matched,1
652,21.733,1780168764,T002,25,423.64,775.8,-0.48,0.23,droite,droite,25,1,701,530,0,0.768,matched,1
652,21.733,1780168764,T003,6,200.16,838.68,0.16,1.55,droite,droite,6,1,669,595,0,0.764,matched,1
652,21.733,1780168764,T004,34,202.71,156.36,-0.09,0.31,gauche,gauche,34,1,669,344,0,0.766,matched,1
652,21.733,1780168764,T007,2,365.38,701.03,0.0,-0.0,droite,droite,2,1,653,653,0,0.77,matched,1
652,21.733,1780168764,T008,1,173.77,770.06,0.77,-0.07,droite,droite,1,1,669,351,0,0.763,matched,1
652,21.733,1780168764,T012,43,521.11,505.65,-0.0,-0.06,gauche,gauche,43,1,639,420,0,0.77,matched,1
652,21.733,1780168764,T013,4,59.5,568.75,0.3,0.1,droite,droite,4,1,330,316,0,0.768,matched,1
652,21.733,1780168764,T014,10,350.33,202.87,1.26,0.98,gauche,gauche,10,1,56,55,0,0.764,matched,1
652,21.733,1780168764,T015,40,116.0,172.99,-0.74,1.23,gauche,gauche,40,1,55,55,0,0.756,matched,1
653,21.767,1780168764,T002,25,422.99,776.65,-0.41,0.86,droite,droite,25,1,702,531,0,0.76,matched,1
653,21.767,1780168764,T003,6,200.52,840.25,0.27,1.32,droite,droite,6,1,670,596,0,0.768,matched,1
653,21.767,1780168764,T004,34,201.8,158.19,-0.04,1.87,gauche,gauche,34,1,670,345,0,0.747,matched,1
653,21.767,1780168764,T007,2,365.38,701.03,0.0,-0.0,droite,droite,2,1,654,654,0,0.77,matched,1
653,21.767,1780168764,T008,1,174.71,769.18,0.82,-0.22,droite,droite,1,1,670,352,0,0.767,matched,1
653,21.767,1780168764,T010,38,388.85,800.06,1.57,-0.67,droite,droite,38,1,698,325,0,0.57,reattached,1
653,21.767,1780168764,T012,43,521.11,505.65,-0.0,-0.03,gauche,gauche,43,1,640,421,0,0.77,matched,1
653,21.767,1780168764,T013,4,59.5,568.75,0.28,0.07,droite,droite,4,1,331,317,0,0.77,matched,1
653,21.767,1780168764,T014,10,352.01,204.26,1.4,0.62,gauche,gauche,10,1,57,56,0,0.764,matched,1
653,21.767,1780168764,T015,40,115.19,174.86,-0.51,1.98,gauche,gauche,40,1,56,56,0,0.757,matched,1
654,21.800,1780168764,T002,25,422.33,777.75,-0.45,1.08,droite,droite,25,1,703,532,0,0.765,matched,1
654,21.800,1780168764,T003,6,200.87,841.68,0.26,1.1,droite,droite,6,1,671,597,0,0.769,matched,1
654,21.800,1780168764,T004,34,201.25,161.01,0.16,2.9,gauche,gauche,34,1,671,346,0,0.752,matched,1
654,21.800,1780168764,T007,2,365.38,701.03,0.0,0.0,droite,droite,2,1,655,655,0,0.77,matched,1
654,21.800,1780168764,T008,1,175.83,767.47,0.99,-1.41,droite,droite,1,1,671,353,0,0.752,matched,1
654,21.800,1780168764,T012,43,521.11,505.65,0.0,-0.02,gauche,gauche,43,1,641,422,0,0.77,matched,1
654,21.800,1780168764,T013,4,59.5,568.75,0.2,0.04,droite,droite,4,1,332,318,0,0.769,matched,1
654,21.800,1780168764,T014,10,353.79,205.15,1.48,0.17,gauche,gauche,10,1,58,57,0,0.763,matched,1
654,21.800,1780168764,T015,40,114.57,176.93,-0.31,1.99,gauche,gauche,40,1,57,57,0,0.766,matched,1
655,21.833,1780168764,T002,25,421.74,778.8,-0.37,0.92,droite,droite,25,1,704,533,0,0.769,matched,1
655,21.833,1780168764,T003,6,201.16,842.85,0.19,0.76,droite,droite,6,1,672,598,0,0.767,matched,1
655,21.833,1780168764,T004,34,200.91,163.87,0.2,2.63,gauche,gauche,34,1,672,347,0,0.769,matched,1
655,21.833,1780168764,T007,2,365.38,701.03,0.0,0.0,droite,droite,2,1,656,656,0,0.77,matched,1
655,21.833,1780168764,T008,1,176.87,765.61,0.83,-1.55,droite,droite,1,1,672,354,0,0.766,matched,1
655,21.833,1780168764,T012,43,521.11,505.65,0.0,-0.0,gauche,gauche,43,1,642,423,0,0.77,matched,1
655,21.833,1780168764,T013,4,59.5,568.75,0.13,0.02,droite,droite,4,1,333,319,0,0.769,matched,1
655,21.833,1780168764,T014,10,355.38,205.71,1.17,-0.04,gauche,gauche,10,1,59,58,0,0.766,matched,1
655,21.833,1780168764,T015,40,114.12,178.78,-0.16,1.54,gauche,gauche,40,1,58,58,0,0.766,matched,1
656,21.867,1780168764,T002,25,421.28,780.09,-0.25,1.16,droite,droite,25,1,705,534,0,0.765,matched,1
656,21.867,1780168764,T003,6,201.53,843.75,0.29,0.46,droite,droite,6,1,673,599,0,0.766,matched,1
656,21.867,1780168764,T004,34,200.7,166.88,0.17,2.61,gauche,gauche,34,1,673,348,0,0.766,matched,1
656,21.867,1780168764,T007,2,365.38,701.03,0.0,0.0,droite,droite,2,1,657,657,0,0.77,matched,1
656,21.867,1780168764,T008,1,177.86,762.97,0.75,-2.44,droite,droite,1,1,673,355,0,0.755,matched,1
656,21.867,1780168764,T012,43,521.11,505.65,0.0,0.0,gauche,gauche,43,1,643,424,0,0.77,matched,1
656,21.867,1780168764,T013,4,60.13,569.19,0.07,0.18,droite,droite,4,1,334,320,0,0.768,matched,1
656,21.867,1780168764,T014,10,356.79,206.62,0.96,0.56,gauche,gauche,10,1,60,59,0,0.761,matched,1
656,21.867,1780168764,T015,40,113.8,180.67,-0.07,1.53,gauche,gauche,40,1,59,59,0,0.768,matched,1
657,21.900,1780168764,T002,25,420.92,782.13,-0.15,2.01,droite,droite,25,1,706,535,0,0.756,matched,1
657,21.900,1780168764,T003,6,201.88,844.39,0.27,0.24,droite,droite,6,1,674,600,0,0.767,matched,1
657,21.900,1780168764,T004,34,200.55,169.92,0.12,2.52,gauche,gauche,34,1,674,349,0,0.767,matched,1
657,21.900,1780168764,T007,2,365.38,701.03,0.0,0.0,droite,droite,2,1,658,658,0,0.77,matched,1
657,21.900,1780168764,T008,1,178.82,759.81,0.72,-2.91,droite,droite,1,1,674,356,0,0.76,matched,1
657,21.900,1780168764,T012,43,521.11,505.65,0.0,0.17,gauche,gauche,43,1,644,425,0,0.767,matched,1
657,21.900,1780168764,T013,4,60.13,569.19,0.03,0.2,droite,droite,4,1,335,321,0,0.769,matched,1
657,21.900,1780168764,T014,10,358.06,208.39,0.83,1.69,gauche,gauche,10,1,61,60,0,0.753,matched,1
657,21.900,1780168764,T015,40,113.58,182.44,-0.01,1.35,gauche,gauche,40,1,60,60,0,0.769,matched,1
658,21.933,1780168764,T002,25,420.67,784.76,-0.08,2.56,droite,droite,25,1,707,536,0,0.759,matched,1
658,21.933,1780168764,T003,6,201.88,844.39,0.37,0.1,droite,droite,6,1,675,601,0,0.767,matched,1
658,21.933,1780168764,T004,34,200.3,172.56,-0.1,1.91,gauche,gauche,34,1,675,350,0,0.764,matched,1
658,21.933,1780168764,T007,2,365.38,701.03,0.0,0.0,droite,droite,2,1,659,659,0,0.77,matched,1
658,21.933,1780168764,T008,1,179.65,756.86,0.54,-2.43,droite,droite,1,1,675,357,0,0.767,matched,1
658,21.933,1780168764,T012,43,521.11,505.65,0.0,0.2,gauche,gauche,43,1,645,426,0,0.769,matched,1
658,21.933,1780168764,T013,4,60.45,569.91,-0.16,0.5,droite,droite,4,1,336,322,0,0.764,matched,1
658,21.933,1780168764,T014,10,359.1,210.88,0.59,2.42,gauche,gauche,10,1,62,61,0,0.757,matched,1
658,21.933,1780168764,T015,40,113.43,184.61,0.01,1.82,gauche,gauche,40,1,61,61,0,0.761,matched,1
659,21.967,1780168764,T002,25,420.35,787.42,-0.2,2.36,droite,droite,25,1,708,537,0,0.768,matched,1
659,21.967,1780168764,T003,6,201.88,844.39,0.32,0.02,droite,droite,6,1,676,602,0,0.769,matched,1
659,21.967,1780168764,T004,34,200.03,174.63,-0.16,1.24,gauche,gauche,34,1,676,351,0,0.763,matched,1
659,21.967,1780168764,T007,2,365.38,701.03,0.0,0.0,droite,droite,2,1,660,660,0,0.77,matched,1
659,21.967,1780168764,T008,1,180.43,754.44,0.52,-1.69,droite,droite,1,1,676,358,0,0.763,matched,1
659,21.967,1780168764,T012,43,521.11,505.65,0.0,0.16,gauche,gauche,43,1,646,427,0,0.77,matched,1
659,21.967,1780168764,T013,4,60.61,570.76,-0.2,0.67,droite,droite,4,1,337,323,0,0.767,matched,1
659,21.967,1780168764,T014,10,359.9,213.87,0.36,2.83,gauche,gauche,10,1,63,62,0,0.76,matched,1
659,21.967,1780168764,T015,40,113.19,186.65,-0.15,1.59,gauche,gauche,40,1,62,62,0,0.768,matched,1
660,22.000,1780168765,T002,25,419.9,789.57,-0.37,1.58,droite,droite,25,1,709,538,0,0.761,matched,1
660,22.000,1780168765,T003,6,201.88,844.39,0.06,0.16,droite,droite,6,1,677,603,0,0.766,matched,1
660,22.000,1780168765,T004,34,199.79,176.17,-0.15,0.7,gauche,gauche,34,1,677,352,0,0.764,matched,1
660,22.000,1780168765,T007,2,365.38,701.03,0.0,0.0,droite,droite,2,1,661,661,0,0.77,matched,1
660,22.000,1780168765,T008,1,181.23,752.59,0.57,-1.02,droite,droite,1,1,677,359,0,0.763,matched,1
660,22.000,1780168765,T012,43,521.11,505.65,0.0,0.11,gauche,gauche,43,1,647,428,0,0.769,matched,1
660,22.000,1780168765,T013,4,60.7,571.82,-0.17,0.93,droite,droite,4,1,338,324,0,0.765,matched,1
660,22.000,1780168765,T014,10,360.62,217.35,0.36,3.2,gauche,gauche,10,1,64,63,0,0.76,matched,1
660,22.000,1780168765,T015,40,112.65,188.35,-0.52,1.14,gauche,gauche,40,1,63,63,0,0.763,matched,1
661,22.033,1780168765,T002,25,419.46,791.18,-0.35,0.92,droite,droite,25,1,710,539,0,0.763,matched,1
661,22.033,1780168765,T003,6,201.88,844.39,-0.05,0.17,droite,droite,6,1,678,604,0,0.768,matched,1
661,22.033,1780168765,T004,34,199.58,177.27,-0.11,0.34,gauche,gauche,34,1,678,353,0,0.766,matched,1
661,22.033,1780168765,T007,2,365.38,701.03,-0.0,0.0,droite,droite,2,1,662,662,0,0.77,matched,1
661,22.033,1780168765,T008,1,181.93,751.25,0.45,-0.53,droite,droite,1,1,678,360,0,0.764,matched,1
661,22.033,1780168765,T012,43,521.11,505.65,0.0,0.07,gauche,gauche,43,1,648,429,0,0.769,matched,1
661,22.033,1780168765,T013,4,60.75,572.84,-0.12,0.81,droite,droite,4,1,339,325,0,0.769,matched,1
661,22.033,1780168765,T014,10,361.22,220.55,0.28,2.61,gauche,gauche,10,1,65,64,0,0.766,matched,1
661,22.033,1780168765,T015,40,112.06,189.66,-0.55,0.71,gauche,gauche,40,1,64,64,0,0.765,matched,1
662,22.067,1780168765,T002,25,418.94,792.32,-0.44,0.45,droite,droite,25,1,711,540,0,0.764,matched,1
662,22.067,1780168765,T003,6,201.88,844.39,-0.09,0.14,droite,droite,6,1,679,605,0,0.769,matched,1
662,22.067,1780168765,T004,34,199.43,178.04,-0.07,0.12,gauche,gauche,34,1,679,354,0,0.767,matched,1
662,22.067,1780168765,T007,2,365.38,701.03,-0.0,0.0,droite,droite,2,1,663,663,0,0.77,matched,1
662,22.067,1780168765,T008,1,182.62,750.32,0.48,-0.22,droite,droite,1,1,679,361,0,0.766,matched,1
662,22.067,1780168765,T012,43,521.11,505.65,-0.0,-0.13,gauche,gauche,43,1,649,430,0,0.767,matched,1
662,22.067,1780168765,T013,4,60.65,573.82,-0.24,0.76,droite,droite,4,1,340,326,0,0.768,matched,1
662,22.067,1780168765,T014,10,361.96,223.15,0.53,1.79,gauche,gauche,10,1,66,65,0,0.761,matched,1
662,22.067,1780168765,T015,40,111.26,190.62,-0.77,0.38,gauche,gauche,40,1,65,65,0,0.764,matched,1
663,22.100,1780168765,T002,25,418.18,793.11,-0.71,0.17,droite,droite,25,1,712,541,0,0.764,matched,1
663,22.100,1780168765,T003,6,202.15,845.31,-0.08,0.44,droite,droite,6,1,680,606,0,0.765,matched,1
663,22.100,1780168765,T004,34,199.45,179.25,0.13,0.86,gauche,gauche,34,1,680,355,0,0.759,matched,1
663,22.100,1780168765,T007,2,365.38,701.03,-0.0,-0.0,droite,droite,2,1,664,664,0,0.77,matched,1
663,22.100,1780168765,T008,1,183.5,749.12,0.72,-0.73,droite,droite,1,1,680,362,0,0.761,matched,1
663,22.100,1780168765,T012,43,521.11,505.65,-0.0,-0.18,gauche,gauche,43,1,650,431,0,0.769,matched,1
663,22.100,1780168765,T013,4,60.51,574.93,-0.23,0.9,droite,droite,4,1,341,327,0,0.767,matched,1
663,22.100,1780168765,T014,10,362.67,225.12,0.5,1.07,gauche,gauche,10,1,67,66,0,0.762,matched,1
663,22.100,1780168765,T015,40,110.33,191.29,-0.85,0.17,gauche,gauche,40,1,66,66,0,0.767,matched,1
664,22.133,1780168765,T002,25,417.15,793.5,-0.99,-0.15,droite,droite,25,1,713,542,0,0.763,matched,1
664,22.133,1780168765,T003,6,202.35,846.3,-0.06,0.62,droite,droite,6,1,681,607,0,0.767,matched,1
664,22.133,1780168765,T004,34,199.54,181.35,0.18,1.97,gauche,gauche,34,1,681,356,0,0.752,matched,1
664,22.133,1780168765,T007,2,365.38,701.03,-0.0,-0.0,droite,droite,2,1,665,665,0,0.77,matched,1
664,22.133,1780168765,T008,1,184.61,747.13,0.99,-1.78,droite,droite,1,1,681,363,0,0.753,matched,1
664,22.133,1780168765,T012,43,521.11,505.65,-0.0,-0.16,gauche,gauche,43,1,651,432,0,0.77,matched,1
664,22.133,1780168765,T013,4,60.23,576.22,-0.35,1.09,droite,droite,4,1,342,328,0,0.765,matched,1
664,22.133,1780168765,T014,10,363.55,226.55,0.72,0.55,gauche,gauche,10,1,68,67,0,0.763,matched,1
664,22.133,1780168765,T015,40,109.21,191.77,-1.03,0.05,gauche,gauche,40,1,67,67,0,0.766,matched,1
665,22.167,1780168765,T002,25,416.01,793.68,-1.05,-0.23,droite,droite,25,1,714,543,0,0.767,matched,1
665,22.167,1780168765,T003,6,202.49,847.33,-0.04,0.72,droite,droite,6,1,682,608,0,0.768,matched,1
665,22.167,1780168765,T004,34,199.66,184.25,0.16,2.8,gauche,gauche,34,1,682,357,0,0.755,matched,1
665,22.167,1780168765,T007,2,365.38,701.03,-0.0,-0.0,droite,droite,2,1,666,666,0,0.77,matched,1
665,22.167,1780168765,T008,1,185.82,744.36,1.04,-2.63,droite,droite,1,1,682,364,0,0.755,matched,1
665,22.167,1780168765,T012,43,521.11,505.65,-0.0,-0.11,gauche,gauche,43,1,652,433,0,0.77,matched,1
665,22.167,1780168765,T013,4,59.93,577.4,-0.31,0.92,droite,droite,4,1,343,329,0,0.769,matched,1
665,22.167,1780168765,T014,10,364.52,227.54,0.81,0.22,gauche,gauche,10,1,69,68,0,0.765,matched,1
665,22.167,1780168765,T015,40,108.02,191.96,-1.03,-0.18,gauche,gauche,40,1,68,68,0,0.766,matched,1
666,22.200,1780168765,T002,25,414.7,793.76,-1.17,-0.22,droite,droite,25,1,715,544,0,0.767,matched,1
666,22.200,1780168765,T003,6,202.75,848.52,0.15,0.94,droite,droite,6,1,683,609,0,0.765,matched,1
666,22.200,1780168765,T004,34,199.76,187.36,0.11,2.82,gauche,gauche,34,1,683,358,0,0.766,matched,1
666,22.200,1780168765,T007,2,365.38,701.03,0.17,-0.0,droite,droite,2,1,667,667,0,0.767,matched,1
666,22.200,1780168765,T008,1,186.89,740.94,0.82,-3.21,droite,droite,1,1,683,365,0,0.757,matched,1
666,22.200,1780168765,T012,43,521.11,505.65,-0.0,0.1,gauche,gauche,43,1,653,434,0,0.767,matched,1
666,22.200,1780168765,T013,4,59.68,578.38,-0.23,0.64,droite,droite,4,1,344,330,0,0.767,matched,1
666,22.200,1780168765,T014,10,365.53,228.22,0.83,0.05,gauche,gauche,10,1,70,69,0,0.767,matched,1
666,22.200,1780168765,T015,40,106.98,192.14,-0.8,-0.06,gauche,gauche,40,1,69,69,0,0.768,matched,1
667,22.233,1780168765,T002,25,413.51,793.8,-0.95,-0.16,droite,droite,25,1,716,545,0,0.768,matched,1
667,22.233,1780168765,T003,6,203.01,849.61,0.19,0.81,droite,droite,6,1,684,610,0,0.769,matched,1
667,22.233,1780168765,T004,34,199.83,190.13,0.07,2.19,gauche,gauche,34,1,684,359,0,0.765,matched,1
667,22.233,1780168765,T007,2,365.38,701.03,0.03,-0.0,droite,droite,2,1,668,668,0,0.768,matched,1
667,22.233,1780168765,T008,1,187.75,737.73,0.55,-2.71,droite,droite,1,1,684,366,0,0.766,matched,1
667,22.233,1780168765,T012,43,521.11,505.65,-0.0,0.16,gauche,gauche,43,1,654,435,0,0.769,matched,1
667,22.233,1780168765,T013,4,59.48,579.12,-0.14,0.39,droite,droite,4,1,345,331,0,0.767,matched,1
667,22.233,1780168765,T014,10,366.42,228.69,0.65,-0.03,gauche,gauche,10,1,71,70,0,0.768,matched,1
667,22.233,1780168765,T015,40,106.15,192.32,-0.53,0.0,gauche,gauche,40,1,70,70,0,0.767,matched,1
668,22.267,1780168765,T002,25,412.55,793.96,-0.65,0.07,droite,droite,25,1,717,546,0,0.766,matched,1
668,22.267,1780168765,T003,6,203.26,850.93,0.16,1.08,droite,droite,6,1,685,611,0,0.765,matched,1
668,22.267,1780168765,T004,34,199.89,192.88,0.04,2.13,gauche,gauche,34,1,685,360,0,0.768,matched,1
668,22.267,1780168765,T007,2,365.38,701.03,0.14,-0.0,droite,droite,2,1,669,669,0,0.768,matched,1
668,22.267,1780168765,T008,1,188.81,734.52,0.83,-2.58,droite,droite,1,1,685,367,0,0.765,matched,1
668,22.267,1780168765,T012,49,521.11,505.65,-0.17,-0.02,gauche,gauche,49,1,655,436,0,0.766,matched,1
668,22.267,1780168765,T013,4,59.48,579.12,-0.08,0.2,droite,droite,4,1,346,332,0,0.768,matched,1
668,22.267,1780168765,T014,10,367.13,229.43,0.43,0.46,gauche,gauche,10,1,72,71,0,0.763,matched,1
668,22.267,1780168765,T015,40,105.53,192.88,-0.3,0.54,gauche,gauche,40,1,71,71,0,0.762,matched,1
669,22.300,1780168765,T002,25,411.68,794.57,-0.56,0.65,droite,droite,25,1,718,547,0,0.761,matched,1
669,22.300,1780168765,T003,6,203.45,852.85,0.11,1.79,droite,droite,6,1,686,612,0,0.758,matched,1
669,22.300,1780168765,T004,34,200.06,195.38,0.19,1.79,gauche,gauche,34,1,686,361,0,0.767,matched,1
669,22.300,1780168765,T007,2,365.38,701.03,0.15,-0.0,droite,droite,2,1,670,670,0,0.77,matched,1
669,22.300,1780168765,T008,1,189.95,731.49,0.92,-2.28,droite,droite,1,1,686,368,0,0.767,matched,1
669,22.300,1780168765,T012,49,521.11,505.65,-0.2,-0.09,gauche,gauche,49,1,656,437,0,0.769,matched,1
669,22.300,1780168765,T013,4,59.48,579.12,0.13,0.09,droite,droite,4,1,347,333,0,0.767,matched,1
669,22.300,1780168765,T014,10,367.67,231.03,0.25,1.56,gauche,gauche,10,1,73,72,0,0.753,matched,1
669,22.300,1780168765,T015,40,105.09,194.23,-0.15,1.47,gauche,gauche,40,1,72,72,0,0.755,matched,1
670,22.333,1780168765,T002,25,410.97,795.58,-0.39,1.07,droite,droite,25,1,719,548,0,0.763,matched,1
670,22.333,1780168765,T003,6,203.74,854.92,0.24,1.83,droite,droite,6,1,687,613,0,0.766,matched,1
670,22.333,1780168765,T004,34,200.27,197.57,0.2,1.43,gauche,gauche,34,1,687,362,0,0.767,matched,1
670,22.333,1780168765,T007,2,365.38,701.03,-0.05,-0.0,droite,droite,2,1,671,671,0,0.767,matched,1
670,22.333,1780168765,T008,1,190.97,728.83,0.75,-1.82,droite,droite,1,1,687,369,0,0.766,matched,1
670,22.333,1780168765,T012,49,521.11,505.65,-0.16,-0.09,gauche,gauche,49,1,657,438,0,0.77,matched,1
670,22.333,1780168765,T013,4,59.48,579.12,0.19,0.02,droite,droite,4,1,348,334,0,0.769,matched,1
670,22.333,1780168765,T014,10,367.91,233.36,-0.05,2.31,gauche,gauche,10,1,74,73,0,0.756,matched,1
670,22.333,1780168765,T015,40,104.78,196.03,-0.05,1.84,gauche,gauche,40,1,73,73,0,0.762,matched,1
671,22.367,1780168765,T002,25,410.43,796.9,-0.24,1.33,droite,droite,25,1,720,549,0,0.764,matched,1
671,22.367,1780168765,T003,6,203.9,856.89,0.06,1.6,droite,droite,6,1,688,614,0,0.768,matched,1
671,22.367,1780168765,T004,34,200.46,199.31,0.16,0.96,gauche,gauche,34,1,688,363,0,0.765,matched,1
671,22.367,1780168765,T007,2,365.38,701.03,0.05,0.0,droite,droite,2,1,672,672,0,0.769,matched,1
671,22.367,1780168765,T008,1,191.93,726.29,0.68,-1.74,droite,droite,1,1,688,370,0,0.769,matched,1
671,22.367,1780168765,T012,49,521.11,505.65,-0.11,-0.07,gauche,gauche,49,1,658,439,0,0.769,matched,1
671,22.367,1780168765,T013,4,59.48,579.12,0.16,-0.01,droite,droite,4,1,349,335,0,0.77,matched,1
671,22.367,1780168765,T014,10,368.13,235.95,0.02,2.42,gauche,gauche,10,1,75,74,0,0.765,matched,1
671,22.367,1780168765,T015,40,104.57,198.17,-0.01,2.07,gauche,gauche,40,1,74,74,0,0.764,matched,1
672,22.400,1780168765,T002,25,410.03,798.85,-0.13,1.97,droite,droite,25,1,721,550,0,0.758,matched,1
672,22.400,1780168765,T003,6,204.1,858.53,0.15,1.15,droite,droite,6,1,689,615,0,0.765,matched,1
672,22.400,1780168765,T004,34,200.61,201.03,0.11,1.07,gauche,gauche,34,1,689,364,0,0.767,matched,1
672,22.400,1780168765,T007,2,365.38,701.03,0.08,0.0,droite,droite,2,1,673,673,0,0.77,matched,1
672,22.400,1780168765,T008,1,192.74,724.15,0.5,-1.31,droite,droite,1,1,689,371,0,0.766,matched,1
672,22.400,1780168765,T012,49,521.11,505.65,-0.07,-0.05,gauche,gauche,49,1,659,440,0,0.769,matched,1
672,22.400,1780168765,T013,4,59.48,579.12,0.12,-0.02,droite,droite,4,1,350,336,0,0.77,matched,1
672,22.400,1780168765,T014,10,368.33,238.42,0.04,2.08,gauche,gauche,10,1,76,75,0,0.769,matched,1
672,22.400,1780168765,T015,40,104.42,200.29,0.01,1.86,gauche,gauche,40,1,75,75,0,0.77,matched,1
673,22.433,1780168765,T002,25,409.75,800.95,-0.06,1.95,droite,droite,25,1,722,551,0,0.767,matched,1
673,22.433,1780168765,T003,6,204.31,859.8,0.15,0.71,droite,droite,6,1,690,616,0,0.765,matched,1
673,22.433,1780168765,T004,34,200.72,202.52,0.06,0.87,gauche,gauche,34,1,690,365,0,0.769,matched,1
673,22.433,1780168765,T007,2,365.38,701.03,0.07,0.0,droite,droite,2,1,674,674,0,0.77,matched,1
673,22.433,1780168765,T008,1,193.36,722.47,0.32,-0.85,droite,droite,1,1,690,372,0,0.765,matched,1
673,22.433,1780168765,T012,49,521.11,505.65,-0.03,-0.03,gauche,gauche,49,1,660,441,0,0.77,matched,1
673,22.433,1780168765,T013,4,59.48,579.12,0.07,-0.02,droite,droite,4,1,351,337,0,0.77,matched,1
673,22.433,1780168765,T014,10,368.49,240.48,0.04,1.47,gauche,gauche,10,1,77,76,0,0.764,matched,1
673,22.433,1780168765,T015,40,104.31,202.09,0.02,1.36,gauche,gauche,40,1,76,76,0,0.765,matched,1
674,22.467,1780168765,T002,25,409.55,803.07,-0.01,1.83,droite,droite,25,1,723,552,0,0.769,matched,1
674,22.467,1780168765,T003,6,204.49,860.72,0.12,0.38,droite,droite,6,1,691,617,0,0.766,matched,1
674,22.467,1780168765,T004,34,200.94,204.53,0.2,1.62,gauche,gauche,34,1,691,366,0,0.758,matched,1
674,22.467,1780168765,T007,2,365.38,701.03,0.05,0.0,droite,droite,2,1,675,675,0,0.77,matched,1
674,22.467,1780168765,T008,1,193.96,721.23,0.34,-0.48,droite,droite,1,1,691,373,0,0.766,matched,1
674,22.467,1780168765,T013,4,59.48,579.12,0.04,-0.01,droite,droite,4,1,352,338,0,0.77,matched,1
674,22.467,1780168765,T014,10,368.75,242.06,0.2,0.91,gauche,gauche,10,1,78,77,0,0.763,matched,1
674,22.467,1780168765,T015,40,104.1,203.77,-0.15,1.19,gauche,gauche,40,1,77,77,0,0.767,matched,1
674,22.467,1780168765,T016,9,524.23,503.93,-0.05,-0.09,gauche,gauche,9,1,64,42,0,0.77,matched,1
675,22.500,1780168765,T002,25,409.41,804.9,0.0,1.37,droite,droite,25,1,724,553,0,0.766,matched,1
675,22.500,1780168765,T003,6,204.49,860.72,0.08,0.17,droite,droite,6,1,692,618,0,0.767,matched,1
675,22.500,1780168765,T004,34,201.18,207.34,0.21,2.56,gauche,gauche,34,1,692,367,0,0.754,matched,1
675,22.500,1780168765,T007,2,365.38,701.03,0.03,0.0,droite,droite,2,1,676,676,0,0.77,matched,1
675,22.500,1780168765,T008,1,194.47,720.33,0.28,-0.23,droite,droite,1,1,692,374,0,0.767,matched,1
675,22.500,1780168765,T013,4,59.48,579.12,0.02,-0.01,droite,droite,4,1,353,339,0,0.77,matched,1
675,22.500,1780168765,T014,10,369.03,243.21,0.22,0.48,gauche,gauche,10,1,79,78,0,0.765,matched,1
675,22.500,1780168765,T015,40,103.87,205.43,-0.19,1.2,gauche,gauche,40,1,78,78,0,0.768,matched,1
675,22.500,1780168765,T016,9,524.23,503.93,-0.03,-0.06,gauche,gauche,9,1,65,43,0,0.77,matched,1
676,22.533,1780168765,T002,25,409.17,806.47,-0.16,1.05,droite,droite,25,1,725,554,0,0.766,matched,1
676,22.533,1780168765,T003,6,204.76,861.47,0.21,0.22,droite,droite,6,1,693,619,0,0.768,matched,1
676,22.533,1780168765,T004,34,201.39,210.94,0.16,3.36,gauche,gauche,34,1,693,368,0,0.754,matched,1
676,22.533,1780168765,T007,2,365.38,701.03,0.02,0.0,droite,droite,2,1,677,677,0,0.77,matched,1
676,22.533,1780168765,T008,1,194.87,719.69,0.19,-0.08,droite,droite,1,1,693,375,0,0.768,matched,1
676,22.533,1780168765,T013,4,59.48,579.12,0.01,0.16,droite,droite,4,1,354,340,0,0.767,matched,1
676,22.533,1780168765,T014,10,369.41,244.01,0.34,0.21,gauche,gauche,10,1,80,79,0,0.766,matched,1
676,22.533,1780168765,T015,40,103.65,206.85,-0.16,0.93,gauche,gauche,40,1,79,79,0,0.768,matched,1
676,22.533,1780168765,T016,9,524.23,503.93,-0.02,-0.03,gauche,gauche,9,1,66,44,0,0.77,matched,1
677,22.567,1780168765,T002,25,408.64,807.72,-0.53,0.69,droite,droite,25,1,726,555,0,0.763,matched,1
677,22.567,1780168765,T003,6,205.04,862.22,0.22,0.36,droite,droite,6,1,694,620,0,0.768,matched,1
677,22.567,1780168765,T004,34,201.56,214.93,0.11,3.58,gauche,gauche,34,1,694,369,0,0.762,matched,1
677,22.567,1780168765,T007,2,365.38,701.03,0.01,0.0,droite,droite,2,1,678,678,0,0.77,matched,1
677,22.567,1780168765,T008,1,194.87,719.69,0.11,-0.0,droite,droite,1,1,694,376,0,0.769,matched,1
677,22.567,1780168765,T013,4,59.61,579.92,-0.0,0.36,droite,droite,4,1,355,341,0,0.767,matched,1
677,22.567,1780168765,T014,10,369.41,244.01,0.31,0.06,gauche,gauche,10,1,81,80,0,0.768,matched,1
677,22.567,1780168765,T015,40,103.34,207.98,-0.28,0.61,gauche,gauche,40,1,80,80,0,0.766,matched,1
677,22.567,1780168765,T016,9,524.23,503.93,-0.01,-0.02,gauche,gauche,9,1,67,45,0,0.77,matched,1
678,22.600,1780168765,T002,25,407.91,808.64,-0.72,0.39,droite,droite,25,1,727,556,0,0.765,matched,1
678,22.600,1780168765,T003,6,205.15,863.02,0.0,0.5,droite,droite,6,1,695,621,0,0.766,matched,1
678,22.600,1780168765,T004,34,201.69,218.67,0.06,3.03,gauche,gauche,34,1,695,370,0,0.767,matched,1
678,22.600,1780168765,T007,2,365.38,701.03,-0.17,0.0,droite,droite,2,1,679,679,0,0.767,matched,1
678,22.600,1780168765,T008,1,194.87,719.69,-0.11,0.03,droite,droite,1,1,695,377,0,0.767,matched,1
678,22.600,1780168765,T013,4,59.7,580.78,-0.0,0.53,droite,droite,4,1,356,342,0,0.767,matched,1
678,22.600,1780168765,T014,10,370.1,244.53,0.57,-0.02,gauche,gauche,10,1,82,81,0,0.766,matched,1
678,22.600,1780168765,T015,40,102.75,208.83,-0.6,0.35,gauche,gauche,40,1,81,81,0,0.764,matched,1
678,22.600,1780168765,T016,9,524.23,503.93,-0.0,-0.01,gauche,gauche,9,1,68,46,0,0.77,matched,1
679,22.633,1780168765,T002,25,407.2,809.31,-0.63,0.19,droite,droite,25,1,728,557,0,0.768,matched,1
679,22.633,1780168765,T003,6,205.17,863.74,-0.08,0.44,droite,droite,6,1,696,622,0,0.769,matched,1
679,22.633,1780168765,T004,34,201.78,221.75,0.03,2.12,gauche,gauche,34,1,696,371,0,0.761,matched,1
679,22.633,1780168765,T007,2,365.38,701.03,-0.2,0.0,droite,droite,2,1,680,680,0,0.769,matched,1
679,22.633,1780168765,T008,1,194.87,719.69,-0.17,0.03,droite,droite,1,1,696,378,0,0.769,matched,1
679,22.633,1780168765,T013,4,59.77,581.55,-0.0,0.47,droite,droite,4,1,357,343,0,0.77,matched,1
679,22.633,1780168765,T014,10,370.78,244.9,0.54,-0.04,gauche,gauche,10,1,83,82,0,0.769,matched,1
679,22.633,1780168765,T015,40,102.12,209.44,-0.59,0.17,gauche,gauche,40,1,82,82,0,0.768,matched,1
679,22.633,1780168765,T016,9,524.23,503.93,0.0,-0.0,gauche,gauche,9,1,69,47,0,0.77,matched,1
680,22.667,1780168765,T002,25,406.61,809.78,-0.45,0.07,droite,droite,25,1,729,558,0,0.768,matched,1
680,22.667,1780168765,T003,6,205.28,864.47,0.07,0.49,droite,droite,6,1,697,623,0,0.767,matched,1
680,22.667,1780168765,T004,34,201.84,224.1,0.01,1.29,gauche,gauche,34,1,697,372,0,0.761,matched,1
680,22.667,1780168765,T007,2,365.38,701.03,-0.16,-0.0,droite,droite,2,1,681,681,0,0.77,matched,1
680,22.667,1780168765,T008,1,194.87,719.69,-0.16,0.03,droite,droite,1,1,697,379,0,0.77,matched,1
680,22.667,1780168765,T013,4,59.69,582.33,-0.17,0.51,droite,droite,4,1,358,344,0,0.767,matched,1
680,22.667,1780168765,T014,10,371.5,245.16,0.58,-0.04,gauche,gauche,10,1,84,83,0,0.769,matched,1
680,22.667,1780168765,T015,40,101.43,209.87,-0.62,0.06,gauche,gauche,40,1,83,83,0,0.768,matched,1
680,22.667,1780168765,T016,9,524.23,503.93,0.0,0.0,gauche,gauche,9,1,70,48,0,0.77,matched,1
681,22.700,1780168765,T002,25,406.61,809.78,-0.45,0.01,droite,droite,25,1,730,559,0,0.769,matched,1
681,22.700,1780168765,T003,6,205.28,864.47,0.12,0.4,droite,droite,6,1,698,624,0,0.769,matched,1
681,22.700,1780168765,T004,34,201.88,225.81,0.0,0.68,gauche,gauche,34,1,698,373,0,0.763,matched,1
681,22.700,1780168765,T007,2,365.38,701.03,-0.11,-0.0,droite,droite,2,1,682,682,0,0.77,matched,1
681,22.700,1780168765,T008,1,194.87,719.69,-0.12,0.02,droite,droite,1,1,698,380,0,0.77,matched,1
681,22.700,1780168765,T013,4,59.41,583.14,-0.37,0.58,droite,droite,4,1,359,345,0,0.766,matched,1
681,22.700,1780168765,T014,10,372.13,245.77,0.46,0.48,gauche,gauche,10,1,85,84,0,0.762,matched,1
681,22.700,1780168765,T015,40,100.53,210.17,-0.83,0.01,gauche,gauche,40,1,84,84,0,0.766,matched,1
681,22.700,1780168765,T016,9,524.23,503.93,0.0,0.0,gauche,gauche,9,1,71,49,0,0.77,matched,1
682,22.733,1780168765,T002,25,405.81,810.22,-0.52,0.15,droite,droite,25,1,731,560,0,0.767,matched,1
682,22.733,1780168765,T004,34,202.05,227.01,0.17,0.29,gauche,gauche,34,1,699,374,0,0.765,matched,1
682,22.733,1780168765,T007,2,365.38,701.03,-0.07,-0.0,droite,droite,2,1,683,683,0,0.77,matched,1
682,22.733,1780168765,T008,1,194.87,719.69,-0.07,0.01,droite,droite,1,1,699,381,0,0.77,matched,1
682,22.733,1780168765,T012,43,521.11,505.65,0.08,-0.0,gauche,gauche,43,1,669,442,0,0.766,matched,1
682,22.733,1780168765,T013,4,59.09,584.13,-0.36,0.82,droite,droite,4,1,360,346,0,0.766,matched,1
682,22.733,1780168765,T014,10,372.64,247.01,0.31,1.25,gauche,gauche,10,1,86,85,0,0.758,matched,1
682,22.733,1780168765,T015,40,99.39,210.38,-1.06,-0.02,gauche,gauche,40,1,85,85,0,0.765,matched,1
683,22.767,1780168765,T002,25,405.11,810.63,-0.43,0.17,droite,droite,25,1,732,561,0,0.769,matched,1
683,22.767,1780168765,T004,34,202.39,228.25,0.36,0.58,gauche,gauche,34,1,700,375,0,0.764,matched,1
683,22.767,1780168765,T007,2,365.38,701.03,0.13,-0.0,droite,droite,2,1,684,684,0,0.767,matched,1
683,22.767,1780168765,T008,1,194.87,719.69,-0.04,-0.33,droite,droite,1,1,700,382,0,0.765,matched,1
683,22.767,1780168765,T013,4,58.8,585.48,-0.28,1.23,droite,droite,4,1,361,347,0,0.763,matched,1
683,22.767,1780168765,T014,10,372.89,248.92,0.01,1.94,gauche,gauche,10,1,87,86,0,0.757,matched,1
683,22.767,1780168765,T015,40,98.17,210.67,-1.08,0.15,gauche,gauche,40,1,86,86,0,0.767,matched,1
683,22.767,1780168765,T016,9,524.23,503.93,0.0,0.0,gauche,gauche,9,1,73,51,0,0.77,matched,1
684,22.800,1780168765,T002,25,404.41,811.24,-0.46,0.48,droite,droite,25,1,733,562,0,0.765,matched,1
684,22.800,1780168765,T004,34,202.9,230.19,0.53,1.58,gauche,gauche,34,1,701,376,0,0.754,matched,1
684,22.800,1780168765,T007,2,365.38,701.03,0.18,-0.0,droite,droite,2,1,685,685,0,0.769,matched,1
684,22.800,1780168765,T008,1,194.89,718.59,-0.02,-0.73,droite,droite,1,1,701,383,0,0.764,matched,1
684,22.800,1780168765,T012,43,521.11,505.65,0.05,0.26,gauche,gauche,43,1,671,443,0,0.767,matched,1
684,22.800,1780168765,T014,10,373.13,250.84,0.06,1.77,gauche,gauche,10,1,88,87,0,0.769,matched,1
684,22.800,1780168765,T015,40,97.09,211.65,-0.84,1.03,gauche,gauche,40,1,87,87,0,0.757,matched,1
685,22.833,1780168765,T002,25,403.81,811.87,-0.37,0.49,droite,droite,25,1,734,563,0,0.769,matched,1
685,22.833,1780168765,T004,34,203.27,232.2,0.3,1.61,gauche,gauche,34,1,702,377,0,0.766,matched,1
685,22.833,1780168765,T007,2,365.38,701.03,0.16,-0.0,droite,droite,2,1,686,686,0,0.77,matched,1
685,22.833,1780168765,T008,1,194.91,717.52,-0.01,-0.72,droite,droite,1,1,702,384,0,0.769,matched,1
685,22.833,1780168765,T012,49,521.11,505.65,-0.2,-0.01,gauche,gauche,49,1,672,444,0,0.766,matched,1
685,22.833,1780168765,T014,10,373.33,252.5,0.07,1.3,gauche,gauche,10,1,89,88,0,0.766,matched,1
685,22.833,1780168765,T015,40,96.23,212.81,-0.56,1.13,gauche,gauche,40,1,88,88,0,0.766,matched,1
686,22.867,1780168765,T002,25,403.19,812.41,-0.42,0.38,droite,droite,25,1,735,564,0,0.768,matched,1
686,22.867,1780168765,T004,34,203.93,234.77,0.65,2.27,gauche,gauche,34,1,703,378,0,0.757,matched,1
686,22.867,1780168765,T007,2,365.38,701.03,0.11,-0.0,droite,droite,2,1,687,687,0,0.77,matched,1
686,22.867,1780168765,T008,1,194.93,716.21,0.0,-1.06,droite,droite,1,1,703,385,0,0.764,matched,1
686,22.867,1780168765,T012,43,521.11,505.65,-0.01,0.13,gauche,gauche,43,1,673,445,0,0.767,matched,1
686,22.867,1780168765,T014,10,373.49,254.06,0.06,1.16,gauche,gauche,10,1,90,89,0,0.77,matched,1
686,22.867,1780168765,T015,40,95.59,214.43,-0.32,1.6,gauche,gauche,40,1,89,89,0,0.761,matched,1
687,22.900,1780168765,T002,25,402.5,813.12,-0.52,0.59,droite,droite,25,1,736,565,0,0.766,matched,1
687,22.900,1780168765,T004,34,204.77,238.07,0.81,3.03,gauche,gauche,34,1,704,379,0,0.755,matched,1
687,22.900,1780168765,T007,2,365.38,701.03,0.07,-0.0,droite,droite,2,1,688,688,0,0.77,matched,1
687,22.900,1780168765,T008,1,194.81,714.82,-0.17,-1.12,droite,droite,1,1,704,386,0,0.767,matched,1
687,22.900,1780168765,T012,49,521.11,505.65,-0.13,-0.06,gauche,gauche,49,1,674,446,0,0.767,matched,1
687,22.900,1780168765,T014,10,373.76,255.51,0.21,1.02,gauche,gauche,10,1,91,90,0,0.768,matched,1
687,22.900,1780168765,T015,40,95.12,216.57,-0.16,2.09,gauche,gauche,40,1,90,90,0,0.76,matched,1
688,22.933,1780168765,T002,25,401.75,814.36,-0.61,1.22,droite,droite,25,1,737,566,0,0.76,matched,1
688,22.933,1780168765,T004,34,205.57,241.91,0.69,3.49,gauche,gauche,34,1,705,380,0,0.759,matched,1
688,22.933,1780168765,T007,2,365.38,701.03,0.04,0.0,droite,droite,2,1,689,689,0,0.77,matched,1
688,22.933,1780168765,T008,1,194.64,713.59,-0.19,-0.89,droite,droite,1,1,705,387,0,0.768,matched,1
688,22.933,1780168765,T012,49,521.11,505.65,-0.14,-0.1,gauche,gauche,49,1,675,447,0,0.769,matched,1
688,22.933,1780168765,T014,10,374.04,256.7,0.22,0.73,gauche,gauche,10,1,92,91,0,0.767,matched,1
688,22.933,1780168765,T015,40,94.94,218.77,0.11,1.98,gauche,gauche,40,1,91,91,0,0.766,matched,1
689,22.967,1780168765,T002,25,400.92,816.07,-0.67,1.7,droite,droite,25,1,738,567,0,0.761,matched,1
689,22.967,1780168765,T004,34,206.1,245.32,0.31,2.7,gauche,gauche,34,1,706,381,0,0.762,matched,1
689,22.967,1780168765,T007,2,365.38,701.03,0.02,0.0,droite,droite,2,1,690,690,0,0.77,matched,1
689,22.967,1780168765,T008,1,194.48,712.61,-0.16,-0.6,droite,droite,1,1,706,388,0,0.767,matched,1
689,22.967,1780168765,T014,10,374.42,257.61,0.34,0.45,gauche,gauche,10,1,93,92,0,0.766,matched,1
689,22.967,1780168765,T015,40,94.76,220.96,0.02,1.82,gauche,gauche,40,1,92,92,0,0.769,matched,1
689,22.967,1780168765,T016,43,524.23,503.93,-0.11,0.11,gauche,gauche,43,1,79,53,0,0.77,matched,1
690,23.000,1780168766,T002,25,400.32,818.44,-0.37,2.34,droite,droite,25,1,739,568,0,0.758,matched,1
690,23.000,1780168766,T004,34,206.43,248.03,0.1,1.78,gauche,gauche,34,1,707,382,0,0.76,matched,1
690,23.000,1780168766,T007,2,365.38,701.03,0.0,0.0,droite,droite,2,1,691,691,0,0.77,matched,1
690,23.000,1780168766,T008,1,194.48,712.61,-0.28,-0.18,droite,droite,1,1,707,389,0,0.764,matched,1
690,23.000,1780168766,T014,10,374.8,258.28,0.31,0.24,gauche,gauche,10,1,94,93,0,0.768,matched,1
690,23.000,1780168766,T015,40,94.6,223.1,-0.02,1.69,gauche,gauche,40,1,93,93,0,0.769,matched,1
690,23.000,1780168766,T016,43,524.23,503.93,-0.29,0.07,gauche,gauche,43,1,80,54,0,0.768,matched,1
691,23.033,1780168766,T002,25,399.91,820.76,-0.18,2.06,droite,droite,25,1,740,569,0,0.768,matched,1
691,23.033,1780168766,T004,34,206.62,250.06,-0.01,1.02,gauche,gauche,34,1,708,383,0,0.761,matched,1
691,23.033,1780168766,T007,2,365.38,701.03,-0.0,0.0,droite,droite,2,1,692,692,0,0.77,matched,1
691,23.033,1780168766,T008,1,194.48,712.61,-0.26,0.02,droite,droite,1,1,708,390,0,0.767,matched,1
691,23.033,1780168766,T014,10,374.8,258.28,0.23,0.11,gauche,gauche,10,1,95,94,0,0.768,matched,1
691,23.033,1780168766,T015,40,94.47,224.92,-0.03,1.26,gauche,gauche,40,1,94,94,0,0.766,matched,1
691,23.033,1780168766,T016,43,523.46,503.96,-0.27,0.04,gauche,gauche,43,1,81,55,0,0.77,matched,1
692,23.067,1780168766,T002,25,399.49,822.86,-0.23,1.65,droite,droite,25,1,741,570,0,0.767,matched,1
692,23.067,1780168766,T004,34,206.74,251.5,-0.05,0.5,gauche,gauche,34,1,709,384,0,0.764,matched,1
692,23.067,1780168766,T007,2,365.38,701.03,-0.0,0.0,droite,droite,2,1,693,693,0,0.77,matched,1
692,23.067,1780168766,T008,1,194.48,712.61,-0.37,0.09,droite,droite,1,1,709,391,0,0.768,matched,1
692,23.067,1780168766,T014,10,375.26,258.87,0.32,0.2,gauche,gauche,10,1,96,95,0,0.768,matched,1
692,23.067,1780168766,T015,40,94.35,226.61,-0.03,1.14,gauche,gauche,40,1,95,95,0,0.77,matched,1
692,23.067,1780168766,T016,43,523.46,503.96,-0.01,0.02,gauche,gauche,43,1,82,56,0,0.767,matched,1
693,23.100,1780168766,T002,25,398.99,824.42,-0.37,0.95,droite,droite,25,1,742,571,0,0.762,matched,1
693,23.100,1780168766,T004,34,206.94,252.91,0.12,0.69,gauche,gauche,34,1,710,385,0,0.766,matched,1
693,23.100,1780168766,T007,2,365.38,701.03,-0.0,0.0,droite,droite,2,1,694,694,0,0.77,matched,1
693,23.100,1780168766,T008,1,194.48,712.61,-0.32,0.1,droite,droite,1,1,710,392,0,0.77,matched,1
693,23.100,1780168766,T012,9,521.29,504.79,0.08,-0.17,gauche,gauche,9,1,680,448,0,0.766,matched,1
693,23.100,1780168766,T014,10,375.82,259.38,0.45,0.19,gauche,gauche,10,1,97,96,0,0.768,matched,1
693,23.100,1780168766,T015,40,93.99,227.88,-0.36,0.67,gauche,gauche,40,1,96,96,0,0.763,matched,1
694,23.133,1780168766,T002,25,398.24,825.52,-0.68,0.46,droite,droite,25,1,743,572,0,0.762,matched,1
694,23.133,1780168766,T004,34,207.3,254.69,0.33,1.29,gauche,gauche,34,1,711,386,0,0.76,matched,1
694,23.133,1780168766,T007,2,365.38,701.03,-0.0,0.0,droite,droite,2,1,695,695,0,0.77,matched,1
694,23.133,1780168766,T008,1,193.85,712.09,-0.23,-0.09,droite,droite,1,1,711,393,0,0.767,matched,1
694,23.133,1780168766,T012,49,521.29,504.79,-0.11,0.07,gauche,gauche,49,1,681,449,0,0.766,matched,1
694,23.133,1780168766,T014,10,375.82,259.38,0.4,0.14,gauche,gauche,10,1,98,97,0,0.77,matched,1
694,23.133,1780168766,T015,40,93.43,228.79,-0.58,0.33,gauche,gauche,40,1,97,97,0,0.765,matched,1
695,23.167,1780168766,T002,25,397.21,826.26,-0.98,0.17,droite,droite,25,1,744,573,0,0.763,matched,1
695,23.167,1780168766,T004,34,207.69,257.23,0.33,2.25,gauche,gauche,34,1,712,387,0,0.754,matched,1
695,23.167,1780168766,T007,2,365.38,701.03,-0.0,0.0,droite,droite,2,1,696,696,0,0.77,matched,1
695,23.167,1780168766,T008,1,193.85,712.09,-0.15,0.03,droite,droite,1,1,712,394,0,0.768,matched,1
695,23.167,1780168766,T014,10,376.52,259.79,0.46,0.09,gauche,gauche,10,1,99,98,0,0.768,matched,1
695,23.167,1780168766,T015,40,92.71,229.42,-0.7,0.13,gauche,gauche,40,1,98,98,0,0.766,matched,1
695,23.167,1780168766,T016,43,523.46,503.96,-0.09,-0.0,gauche,gauche,43,1,85,59,0,0.767,matched,1
696,23.200,1780168766,T002,25,395.92,826.76,-1.22,0.02,droite,droite,25,1,745,574,0,0.765,matched,1
696,23.200,1780168766,T004,34,208.03,260.17,0.26,2.62,gauche,gauche,34,1,713,388,0,0.761,matched,1
696,23.200,1780168766,T007,2,365.38,701.03,-0.0,-0.0,droite,droite,2,1,697,697,0,0.77,matched,1
696,23.200,1780168766,T008,1,193.85,712.09,0.09,-0.1,droite,droite,1,1,713,395,0,0.766,matched,1
696,23.200,1780168766,T012,49,521.29,504.79,0.09,0.12,gauche,gauche,49,1,683,450,0,0.768,matched,1
696,23.200,1780168766,T014,10,377.14,260.37,0.38,0.39,gauche,gauche,10,1,100,99,0,0.765,matched,1
696,23.200,1780168766,T015,40,91.9,230.0,-0.76,0.19,gauche,gauche,40,1,99,99,0,0.768,matched,1
697,23.233,1780168766,T002,25,394.7,827.09,-1.03,-0.04,droite,droite,25,1,746,575,0,0.769,matched,1
697,23.233,1780168766,T004,34,208.3,262.89,0.17,2.16,gauche,gauche,34,1,714,389,0,0.767,matched,1
697,23.233,1780168766,T007,2,365.38,701.03,-0.0,-0.0,droite,droite,2,1,698,698,0,0.77,matched,1
697,23.233,1780168766,T008,1,193.85,712.09,0.16,0.04,droite,droite,1,1,714,396,0,0.768,matched,1
697,23.233,1780168766,T012,49,521.29,504.79,0.1,0.09,gauche,gauche,49,1,684,451,0,0.77,matched,1
697,23.233,1780168766,T014,10,377.63,260.96,0.26,0.42,gauche,gauche,10,1,101,100,0,0.768,matched,1
697,23.233,1780168766,T015,40,91.16,230.48,-0.61,0.17,gauche,gauche,40,1,100,100,0,0.769,matched,1
698,23.267,1780168766,T002,25,393.42,827.32,-1.07,-0.06,droite,droite,25,1,747,576,0,0.768,matched,1
698,23.267,1780168766,T004,34,208.5,265.38,0.1,1.84,gauche,gauche,34,1,715,390,0,0.768,matched,1
698,23.267,1780168766,T007,2,365.38,701.03,-0.0,-0.0,droite,droite,2,1,699,699,0,0.77,matched,1
698,23.267,1780168766,T008,1,193.85,712.09,0.15,-0.08,droite,droite,1,1,715,397,0,0.768,matched,1
698,23.267,1780168766,T012,49,521.29,504.79,0.08,0.06,gauche,gauche,49,1,685,452,0,0.77,matched,1
698,23.267,1780168766,T014,10,378.01,262.16,0.16,1.18,gauche,gauche,10,1,102,101,0,0.758,matched,1
698,23.267,1780168766,T015,40,90.42,231.0,-0.58,0.3,gauche,gauche,40,1,101,101,0,0.768,matched,1
699,23.300,1780168766,T002,25,392.14,827.48,-1.01,-0.05,droite,droite,25,1,748,577,0,0.769,matched,1
699,23.300,1780168766,T004,34,208.78,267.84,0.22,1.8,gauche,gauche,34,1,716,391,0,0.767,matched,1
699,23.300,1780168766,T007,2,365.38,701.03,-0.0,-0.0,droite,droite,2,1,700,700,0,0.77,matched,1
699,23.300,1780168766,T008,1,193.85,712.09,0.11,-0.28,droite,droite,1,1,716,398,0,0.767,matched,1
699,23.300,1780168766,T012,49,521.29,504.79,-0.13,0.22,gauche,gauche,49,1,686,453,0,0.766,matched,1
699,23.300,1780168766,T014,10,378.28,263.75,0.08,1.55,gauche,gauche,10,1,103,102,0,0.763,matched,1
699,23.300,1780168766,T015,40,89.65,231.34,-0.61,0.11,gauche,gauche,40,1,102,102,0,0.767,matched,1
700,23.333,1780168766,T002,25,390.92,827.6,-0.93,-0.04,droite,droite,25,1,749,578,0,0.77,matched,1
700,23.333,1780168766,T004,34,209.06,270.08,0.22,1.55,gauche,gauche,34,1,717,392,0,0.769,matched,1
700,23.333,1780168766,T007,2,365.38,701.03,0.0,-0.0,droite,droite,2,1,701,701,0,0.77,matched,1
700,23.333,1780168766,T008,1,193.53,711.24,-0.1,-0.47,droite,droite,1,1,717,399,0,0.766,matched,1
700,23.333,1780168766,T012,49,521.29,504.79,0.0,0.05,gauche,gauche,49,1,687,454,0,0.767,matched,1
700,23.333,1780168766,T014,10,378.48,265.42,0.03,1.51,gauche,gauche,10,1,104,103,0,0.768,matched,1
700,23.333,1780168766,T015,40,88.98,231.96,-0.48,0.52,gauche,gauche,40,1,103,103,0,0.764,matched,1
701,23.367,1780168766,T002,25,389.89,827.83,-0.68,0.15,droite,droite,25,1,750,579,0,0.767,matched,1
701,23.367,1780168766,T004,34,209.31,272.06,0.16,1.27,gauche,gauche,34,1,718,393,0,0.768,matched,1
701,23.367,1780168766,T007,2,365.38,701.03,0.0,-0.0,droite,droite,2,1,702,702,0,0.77,matched,1
701,23.367,1780168766,T008,1,193.34,710.33,0.01,-0.6,droite,droite,1,1,718,400,0,0.767,matched,1
701,23.367,1780168766,T009,52,522.86,503.0,0.03,-0.0,gauche,gauche,52,1,715,383,0,0.77,matched,1
701,23.367,1780168766,T014,10,378.62,266.89,0.01,1.15,gauche,gauche,10,1,105,104,0,0.767,matched,1
701,23.367,1780168766,T015,40,88.57,233.32,-0.15,1.41,gauche,gauche,40,1,104,104,0,0.756,matched,1
702,23.400,1780168766,T002,25,389.09,828.22,-0.44,0.36,droite,droite,25,1,751,580,0,0.766,matched,1
702,23.400,1780168766,T004,34,209.36,273.65,-0.06,0.88,gauche,gauche,34,1,719,394,0,0.765,matched,1
702,23.400,1780168766,T007,2,365.38,701.03,0.0,-0.0,droite,droite,2,1,703,703,0,0.77,matched,1
702,23.400,1780168766,T008,1,193.23,709.38,0.05,-0.69,droite,droite,1,1,719,401,0,0.768,matched,1
702,23.400,1780168766,T014,10,378.58,268.05,-0.17,0.75,gauche,gauche,10,1,106,105,0,0.765,matched,1
702,23.400,1780168766,T015,40,88.35,235.1,0.01,1.77,gauche,gauche,40,1,105,105,0,0.762,matched,1
702,23.400,1780168766,T016,43,523.46,503.96,0.01,0.01,gauche,gauche,43,1,92,66,0,0.767,matched,1
703,23.433,1780168766,T002,25,389.09,828.22,-0.24,0.35,droite,droite,25,1,752,581,0,0.768,matched,1
703,23.433,1780168766,T004,34,209.32,274.85,-0.14,0.52,gauche,gauche,34,1,720,395,0,0.766,matched,1
703,23.433,1780168766,T007,2,365.38,701.03,0.0,-0.0,droite,droite,2,1,704,704,0,0.77,matched,1
703,23.433,1780168766,T008,1,193.17,708.53,0.06,-0.56,droite,droite,1,1,720,402,0,0.769,matched,1
703,23.433,1780168766,T012,49,521.29,504.79,0.05,-0.04,gauche,gauche,49,1,690,455,0,0.769,matched,1
703,23.433,1780168766,T014,10,378.47,268.91,-0.2,0.43,gauche,gauche,10,1,107,106,0,0.766,matched,1
703,23.433,1780168766,T015,40,88.23,236.94,0.07,1.68,gauche,gauche,40,1,106,106,0,0.768,matched,1
704,23.467,1780168766,T002,25,388.52,828.95,-0.11,0.61,droite,droite,25,1,753,582,0,0.765,matched,1
704,23.467,1780168766,T004,34,209.25,275.87,-0.13,0.44,gauche,gauche,34,1,721,396,0,0.77,matched,1
704,23.467,1780168766,T007,2,365.38,701.03,0.0,-0.0,droite,droite,2,1,705,705,0,0.77,matched,1
704,23.467,1780168766,T008,1,193.13,707.58,0.04,-0.73,droite,droite,1,1,721,403,0,0.767,matched,1
704,23.467,1780168766,T012,49,521.29,504.79,0.04,-0.04,gauche,gauche,49,1,691,456,0,0.77,matched,1
704,23.467,1780168766,T014,10,378.47,268.91,-0.17,0.2,gauche,gauche,10,1,108,107,0,0.767,matched,1
704,23.467,1780168766,T015,40,88.16,238.82,0.08,1.6,gauche,gauche,40,1,107,107,0,0.769,matched,1
705,23.500,1780168766,T002,25,387.98,830.08,-0.21,1.08,droite,droite,25,1,754,583,0,0.762,matched,1
705,23.500,1780168766,T004,34,209.25,275.87,-0.1,0.14,gauche,gauche,34,1,722,397,0,0.766,matched,1
705,23.500,1780168766,T007,2,365.38,701.03,-0.17,-0.0,droite,droite,2,1,706,706,0,0.767,matched,1
705,23.500,1780168766,T008,1,193.11,706.7,0.03,-0.63,droite,droite,1,1,722,404,0,0.77,matched,1
705,23.500,1780168766,T009,52,522.86,503.0,0.01,-0.0,gauche,gauche,52,1,719,384,0,0.77,matched,1
705,23.500,1780168766,T014,10,378.47,268.91,-0.12,0.07,gauche,gauche,10,1,109,108,0,0.768,matched,1
705,23.500,1780168766,T015,40,88.13,240.72,0.06,1.55,gauche,gauche,40,1,108,108,0,0.768,matched,1
706,23.533,1780168766,T002,25,387.51,831.78,-0.2,1.7,droite,droite,25,1,755,584,0,0.759,matched,1
706,23.533,1780168766,T004,34,209.25,275.87,-0.07,-0.01,gauche,gauche,34,1,723,398,0,0.768,matched,1
706,23.533,1780168766,T007,2,365.38,701.03,-0.2,-0.0,droite,droite,2,1,707,707,0,0.769,matched,1
706,23.533,1780168766,T008,1,193.22,705.85,0.19,-0.61,droite,droite,1,1,723,405,0,0.768,matched,1
706,23.533,1780168766,T014,10,378.47,268.91,-0.07,0.01,gauche,gauche,10,1,110,109,0,0.769,matched,1
706,23.533,1780168766,T015,40,88.11,242.5,0.04,1.35,gauche,gauche,40,1,109,109,0,0.769,matched,1
707,23.567,1780168766,T002,25,386.99,833.78,-0.32,1.89,droite,droite,25,1,756,585,0,0.764,matched,1
707,23.567,1780168766,T004,34,209.25,275.87,-0.04,-0.07,gauche,gauche,34,1,724,399,0,0.769,matched,1
707,23.567,1780168766,T007,2,365.38,701.03,-0.16,-0.0,droite,droite,2,1,708,708,0,0.77,matched,1
707,23.567,1780168766,T008,1,193.39,705.11,0.21,-0.47,droite,droite,1,1,724,406,0,0.769,matched,1
707,23.567,1780168766,T014,10,378.47,268.91,0.13,-0.02,gauche,gauche,10,1,111,110,0,0.767,matched,1
707,23.567,1780168766,T015,40,88.09,244.24,0.03,1.3,gauche,gauche,40,1,110,110,0,0.769,matched,1
708,23.600,1780168766,T002,25,386.38,835.61,-0.46,1.53,droite,droite,25,1,757,586,0,0.766,matched,1
708,23.600,1780168766,T004,34,209.25,275.87,0.15,-0.07,gauche,gauche,34,1,725,400,0,0.767,matched,1
708,23.600,1780168766,T007,2,365.38,701.03,0.06,-0.0,droite,droite,2,1,709,709,0,0.767,matched,1
708,23.600,1780168766,T008,1,193.39,705.11,0.34,-0.31,droite,droite,1,1,725,407,0,0.767,matched,1
708,23.600,1780168766,T012,49,521.29,504.79,0.01,-0.02,gauche,gauche,49,1,695,457,0,0.769,matched,1
708,23.600,1780168766,T014,10,378.47,268.91,0.18,0.14,gauche,gauche,10,1,112,111,0,0.767,matched,1
708,23.600,1780168766,T015,40,88.07,246.15,0.01,1.5,gauche,gauche,40,1,111,111,0,0.765,matched,1
709,23.633,1780168766,T002,25,385.81,837.1,-0.41,1.05,droite,droite,25,1,758,587,0,0.765,matched,1
709,23.633,1780168766,T004,34,209.25,275.87,0.19,-0.06,gauche,gauche,34,1,726,401,0,0.769,matched,1
709,23.633,1780168766,T007,2,365.38,701.03,0.13,-0.0,droite,droite,2,1,710,710,0,0.769,matched,1
709,23.633,1780168766,T008,1,193.39,705.11,0.31,-0.18,droite,droite,1,1,726,408,0,0.768,matched,1
709,23.633,1780168766,T012,49,521.29,504.79,0.01,-0.01,gauche,gauche,49,1,696,458,0,0.77,matched,1
709,23.633,1780168766,T014,10,378.6,269.62,0.16,0.17,gauche,gauche,10,1,113,112,0,0.769,matched,1
709,23.633,1780168766,T015,40,88.06,247.86,0.01,1.23,gauche,gauche,40,1,112,112,0,0.768,matched,1
710,23.667,1780168766,T002,25,385.19,838.23,-0.47,0.62,droite,droite,25,1,759,588,0,0.765,matched,1
710,23.667,1780168766,T004,34,209.25,275.87,0.33,0.13,gauche,gauche,34,1,727,402,0,0.766,matched,1
710,23.667,1780168766,T007,2,365.38,701.03,0.13,-0.0,droite,droite,2,1,711,711,0,0.77,matched,1
710,23.667,1780168766,T008,1,193.39,705.11,0.23,-0.08,droite,droite,1,1,727,409,0,0.769,matched,1
710,23.667,1780168766,T012,49,521.29,504.79,0.0,-0.0,gauche,gauche,49,1,697,459,0,0.77,matched,1
710,23.667,1780168766,T014,10,378.71,270.75,0.11,0.83,gauche,gauche,10,1,114,113,0,0.76,matched,1
710,23.667,1780168766,T015,40,88.05,249.39,0.0,1.02,gauche,gauche,40,1,113,113,0,0.769,matched,1
711,23.700,1780168766,T002,25,384.51,839.18,-0.56,0.49,droite,droite,25,1,760,589,0,0.768,matched,1
711,23.700,1780168766,T004,34,209.53,276.86,0.14,0.51,gauche,gauche,34,1,728,403,0,0.764,matched,1
711,23.700,1780168766,T007,2,365.38,701.03,0.1,-0.0,droite,droite,2,1,712,712,0,0.77,matched,1
711,23.700,1780168766,T008,1,193.39,705.11,0.15,-0.03,droite,droite,1,1,728,410,0,0.769,matched,1
711,23.700,1780168766,T014,10,378.66,272.47,-0.1,1.57,gauche,gauche,10,1,115,114,0,0.757,matched,1
711,23.700,1780168766,T015,40,87.76,250.62,-0.34,0.71,gauche,gauche,40,1,114,114,0,0.764,matched,1
712,23.733,1780168766,T002,25,383.61,839.93,-0.8,0.32,droite,droite,25,1,761,590,0,0.765,matched,1
712,23.733,1780168766,T004,34,209.69,278.08,0.04,0.88,gauche,gauche,34,1,729,404,0,0.764,matched,1
712,23.733,1780168766,T007,2,365.38,701.03,0.06,-0.0,droite,droite,2,1,713,713,0,0.77,matched,1
712,23.733,1780168766,T008,1,193.39,705.11,0.08,-0.0,droite,droite,1,1,729,411,0,0.769,matched,1
712,23.733,1780168766,T014,10,378.55,274.63,-0.16,2.01,gauche,gauche,10,1,116,115,0,0.761,matched,1
712,23.733,1780168766,T015,40,87.39,251.56,-0.4,0.43,gauche,gauche,40,1,115,115,0,0.767,matched,1
713,23.767,1780168766,T002,25,382.46,840.35,-1.06,0.02,droite,droite,25,1,762,591,0,0.764,matched,1
713,23.767,1780168766,T004,34,209.52,279.38,-0.35,1.0,gauche,gauche,34,1,730,405,0,0.764,matched,1
713,23.767,1780168766,T007,2,365.38,701.03,0.04,-0.0,droite,droite,2,1,714,714,0,0.77,matched,1
713,23.767,1780168766,T008,1,193.39,705.11,0.04,0.01,droite,droite,1,1,730,412,0,0.769,matched,1
713,23.767,1780168766,T012,49,521.29,504.79,-0.0,0.0,gauche,gauche,49,1,700,460,0,0.77,matched,1
713,23.767,1780168766,T014,10,378.28,276.83,-0.32,1.89,gauche,gauche,10,1,117,116,0,0.767,matched,1
713,23.767,1780168766,T015,40,86.9,252.24,-0.5,0.22,gauche,gauche,40,1,116,116,0,0.767,matched,1
714,23.800,1780168766,T002,25,381.23,840.58,-1.08,-0.1,droite,droite,25,1,763,592,0,0.767,matched,1
714,23.800,1780168766,T004,34,209.22,280.54,-0.42,0.81,gauche,gauche,34,1,731,406,0,0.768,matched,1
714,23.800,1780168766,T007,2,365.38,701.03,0.02,-0.0,droite,droite,2,1,715,715,0,0.77,matched,1
714,23.800,1780168766,T008,1,193.39,705.11,0.01,0.01,droite,droite,1,1,731,413,0,0.77,matched,1
714,23.800,1780168766,T012,49,521.29,504.79,-0.0,0.0,gauche,gauche,49,1,701,461,0,0.77,matched,1
714,23.800,1780168766,T014,10,377.98,278.72,-0.3,1.42,gauche,gauche,10,1,118,117,0,0.766,matched,1
714,23.800,1780168766,T015,40,86.16,252.73,-0.76,0.09,gauche,gauche,40,1,117,117,0,0.765,matched,1
715,23.833,1780168766,T002,25,380.14,840.7,-0.85,-0.13,droite,droite,25,1,764,593,0,0.768,matched,1
715,23.833,1780168766,T004,34,208.91,281.47,-0.35,0.56,gauche,gauche,34,1,732,407,0,0.767,matched,1
715,23.833,1780168766,T007,2,365.38,701.03,0.01,-0.0,droite,droite,2,1,716,716,0,0.77,matched,1
715,23.833,1780168766,T008,1,193.39,705.11,-0.0,0.01,droite,droite,1,1,732,414,0,0.77,matched,1
715,23.833,1780168766,T012,49,521.29,504.79,-0.0,0.0,gauche,gauche,49,1,702,462,0,0.77,matched,1
715,23.833,1780168766,T014,10,377.72,280.21,-0.23,0.91,gauche,gauche,10,1,119,118,0,0.765,matched,1
715,23.833,1780168766,T015,40,85.4,253.07,-0.69,0.02,gauche,gauche,40,1,118,118,0,0.769,matched,1
716,23.867,1780168766,T002,25,379.13,840.77,-0.73,-0.11,droite,droite,25,1,765,594,0,0.77,matched,1
716,23.867,1780168766,T004,34,208.91,281.47,-0.42,0.16,gauche,gauche,34,1,733,408,0,0.765,matched,1
716,23.867,1780168766,T007,2,365.38,701.03,0.0,-0.0,droite,droite,2,1,717,717,0,0.77,matched,1
716,23.867,1780168766,T008,1,193.39,705.11,-0.01,0.01,droite,droite,1,1,733,415,0,0.77,matched,1
716,23.867,1780168766,T012,49,521.29,504.79,-0.0,0.0,gauche,gauche,49,1,703,463,0,0.77,matched,1
716,23.867,1780168766,T014,10,377.65,281.45,0.02,0.68,gauche,gauche,10,1,120,119,0,0.766,matched,1
716,23.867,1780168766,T015,40,84.62,253.31,-0.68,-0.01,gauche,gauche,40,1,119,119,0,0.769,matched,1
717,23.900,1780168766,T002,25,378.16,840.81,-0.69,-0.08,droite,droite,25,1,766,595,0,0.769,matched,1
717,23.900,1780168766,T004,34,208.91,281.47,-0.01,0.14,gauche,gauche,34,1,734,409,0,0.765,matched,1
717,23.900,1780168766,T007,2,365.38,701.03,-0.0,-0.0,droite,droite,2,1,718,718,0,0.77,matched,1
717,23.900,1780168766,T008,1,193.39,705.11,-0.01,0.0,droite,droite,1,1,734,416,0,0.77,matched,1
717,23.900,1780168766,T014,10,377.68,282.4,0.11,0.44,gauche,gauche,10,1,121,120,0,0.767,matched,1
717,23.900,1780168766,T015,40,83.8,253.48,-0.69,-0.02,gauche,gauche,40,1,120,120,0,0.769,matched,1
718,23.933,1780168766,T002,25,377.34,840.98,-0.52,0.12,droite,droite,25,1,767,596,0,0.767,matched,1
718,23.933,1780168766,T004,34,208.91,281.47,-0.19,-0.07,gauche,gauche,34,1,735,410,0,0.766,matched,1
718,23.933,1780168766,T007,2,365.38,701.03,-0.0,-0.0,droite,droite,2,1,719,719,0,0.77,matched,1
718,23.933,1780168766,T008,1,193.39,705.11,-0.0,0.0,droite,droite,1,1,735,417,0,0.77,matched,1
718,23.933,1780168766,T009,52,522.86,503.0,-0.0,0.0,gauche,gauche,52,1,732,385,0,0.77,matched,1
718,23.933,1780168766,T014,10,377.68,282.4,0.12,0.24,gauche,gauche,10,1,122,121,0,0.768,matched,1
718,23.933,1780168766,T015,40,83.08,254.16,-0.54,0.66,gauche,gauche,40,1,121,121,0,0.76,matched,1
719,23.967,1780168766,T002,25,376.42,841.33,-0.68,0.34,droite,droite,25,1,768,597,0,0.765,matched,1
719,23.967,1780168766,T004,34,208.07,282.02,-0.72,0.04,gauche,gauche,34,1,736,411,0,0.762,matched,1
719,23.967,1780168766,T007,2,365.38,701.03,-0.0,-0.0,droite,droite,2,1,720,720,0,0.77,matched,1
719,23.967,1780168766,T008,1,193.39,705.11,-0.0,0.0,droite,droite,1,1,736,418,0,0.77,matched,1
719,23.967,1780168766,T012,49,521.29,504.79,0.16,0.0,gauche,gauche,49,1,706,464,0,0.767,matched,1
719,23.967,1780168766,T014,10,377.68,282.4,0.1,0.11,gauche,gauche,10,1,123,122,0,0.768,matched,1
719,23.967,1780168766,T015,40,82.5,255.52,-0.36,1.45,gauche,gauche,40,1,122,122,0,0.757,matched,1
720,24.000,1780168767,T002,25,375.58,842.11,-0.58,0.86,droite,droite,25,1,769,598,0,0.762,matched,1
720,24.000,1780168767,T004,34,206.89,282.47,-1.11,0.07,gauche,gauche,34,1,737,412,0,0.763,matched,1
720,24.000,1780168767,T007,2,365.38,701.03,-0.0,-0.0,droite,droite,2,1,721,721,0,0.77,matched,1
720,24.000,1780168767,T008,1,193.77,704.47,-0.0,-0.17,droite,droite,1,1,737,419,0,0.767,matched,1
720,24.000,1780168767,T012,49,521.29,504.79,0.15,-0.18,gauche,gauche,49,1,707,465,0,0.767,matched,1
720,24.000,1780168767,T014,10,377.68,282.4,0.24,0.04,gauche,gauche,10,1,124,123,0,0.768,matched,1
720,24.000,1780168767,T015,40,82.07,257.41,-0.21,1.94,gauche,gauche,40,1,123,123,0,0.761,matched,1
721,24.033,1780168767,T002,25,374.9,842.99,-0.41,0.86,droite,droite,25,1,770,599,0,0.768,matched,1
721,24.033,1780168767,T004,34,205.72,282.84,-1.0,0.07,gauche,gauche,34,1,738,413,0,0.77,matched,1
721,24.033,1780168767,T007,2,365.38,701.03,-0.0,-0.0,droite,droite,2,1,722,722,0,0.77,matched,1
721,24.033,1780168767,T008,1,193.77,704.47,-0.0,-0.2,droite,droite,1,1,738,420,0,0.769,matched,1
721,24.033,1780168767,T012,49,521.71,504.14,0.11,-0.2,gauche,gauche,49,1,708,466,0,0.769,matched,1
721,24.033,1780168767,T014,10,377.68,282.4,0.24,-0.0,gauche,gauche,10,1,125,124,0,0.769,matched,1
721,24.033,1780168767,T015,40,81.76,259.27,-0.1,1.68,gauche,gauche,40,1,124,124,0,0.768,matched,1
722,24.067,1780168767,T002,25,374.37,844.05,-0.25,1.01,droite,droite,25,1,771,600,0,0.766,matched,1
722,24.067,1780168767,T004,34,204.18,283.12,-1.41,0.05,gauche,gauche,34,1,739,414,0,0.762,matched,1
722,24.067,1780168767,T007,2,365.38,701.03,-0.0,-0.0,droite,droite,2,1,723,723,0,0.77,matched,1
722,24.067,1780168767,T008,1,194.21,703.87,0.17,-0.16,droite,droite,1,1,739,421,0,0.767,matched,1
722,24.067,1780168767,T012,49,521.71,504.14,0.07,-0.15,gauche,gauche,49,1,709,467,0,0.769,matched,1
722,24.067,1780168767,T014,10,377.68,282.4,0.18,-0.01,gauche,gauche,10,1,126,125,0,0.77,matched,1
722,24.067,1780168767,T015,40,81.69,261.25,0.13,1.71,gauche,gauche,40,1,125,125,0,0.766,matched,1
723,24.100,1780168767,T002,25,373.85,845.46,-0.31,1.35,droite,droite,25,1,772,601,0,0.763,matched,1
723,24.100,1780168767,T004,34,201.99,283.34,-2.1,0.03,gauche,gauche,34,1,740,415,0,0.758,matched,1
723,24.100,1780168767,T007,2,365.38,701.03,-0.0,-0.0,droite,droite,2,1,724,724,0,0.77,matched,1
723,24.100,1780168767,T008,1,194.21,703.87,0.2,-0.11,droite,droite,1,1,740,422,0,0.769,matched,1
723,24.100,1780168767,T012,49,521.71,504.14,0.03,-0.1,gauche,gauche,49,1,710,468,0,0.769,matched,1
723,24.100,1780168767,T014,10,378.16,283.03,0.29,-0.02,gauche,gauche,10,1,127,126,0,0.768,matched,1
723,24.100,1780168767,T015,40,81.72,263.13,0.19,1.51,gauche,gauche,40,1,126,126,0,0.769,matched,1
724,24.133,1780168767,T002,25,373.39,847.22,-0.26,1.68,droite,droite,25,1,773,602,0,0.763,matched,1
724,24.133,1780168767,T004,34,199.29,283.51,-2.57,0.02,gauche,gauche,34,1,741,416,0,0.76,matched,1
724,24.133,1780168767,T007,2,365.38,701.03,-0.0,-0.0,droite,droite,2,1,725,725,0,0.77,matched,1
724,24.133,1780168767,T008,1,194.21,703.87,-0.01,-0.07,droite,droite,1,1,741,423,0,0.767,matched,1
724,24.133,1780168767,T012,49,521.71,504.14,0.02,-0.06,gauche,gauche,49,1,711,469,0,0.769,matched,1
724,24.133,1780168767,T014,10,378.16,283.03,0.27,-0.01,gauche,gauche,10,1,128,127,0,0.77,matched,1
724,24.133,1780168767,T015,40,81.79,264.7,0.17,1.08,gauche,gauche,40,1,127,127,0,0.766,matched,1
725,24.167,1780168767,T002,25,372.89,849.45,-0.35,2.11,droite,droite,25,1,774,603,0,0.761,matched,1
725,24.167,1780168767,T004,34,196.73,283.63,-2.17,0.01,gauche,gauche,34,1,742,417,0,0.768,matched,1
725,24.167,1780168767,T007,2,365.38,701.03,0.0,-0.0,droite,droite,2,1,726,726,0,0.77,matched,1
725,24.167,1780168767,T008,1,194.21,703.87,0.09,-0.03,droite,droite,1,1,742,424,0,0.769,matched,1
725,24.167,1780168767,T009,52,522.86,503.0,-0.0,0.08,gauche,gauche,52,1,739,392,0,0.77,matched,1
725,24.167,1780168767,T014,10,378.16,283.03,0.2,-0.01,gauche,gauche,10,1,129,128,0,0.769,matched,1
725,24.167,1780168767,T015,40,81.72,265.92,-0.05,0.67,gauche,gauche,40,1,128,128,0,0.765,matched,1
726,24.200,1780168767,T002,25,372.16,851.43,-0.65,1.62,droite,droite,25,1,775,604,0,0.764,matched,1
726,24.200,1780168767,T004,34,194.34,283.58,-1.86,-0.17,gauche,gauche,34,1,743,418,0,0.767,matched,1
726,24.200,1780168767,T007,2,365.38,701.03,0.0,-0.0,droite,droite,2,1,727,727,0,0.77,matched,1
726,24.200,1780168767,T008,1,194.21,703.87,-0.07,-0.01,droite,droite,1,1,743,425,0,0.768,matched,1
726,24.200,1780168767,T009,52,522.86,503.0,0.0,0.05,gauche,gauche,52,1,740,393,0,0.77,matched,1
726,24.200,1780168767,T014,10,378.16,283.03,0.12,-0.01,gauche,gauche,10,1,130,129,0,0.769,matched,1
726,24.200,1780168767,T015,40,81.46,266.8,-0.29,0.36,gauche,gauche,40,1,129,129,0,0.765,matched,1
727,24.233,1780168767,T002,25,371.42,853.0,-0.61,1.07,droite,droite,25,1,776,605,0,0.764,matched,1
727,24.233,1780168767,T004,34,192.36,283.47,-1.32,-0.2,gauche,gauche,34,1,744,419,0,0.765,matched,1
727,24.233,1780168767,T007,2,365.38,701.03,0.0,-0.0,droite,droite,2,1,728,728,0,0.77,matched,1
727,24.233,1780168767,T008,1,194.21,703.87,-0.11,-0.0,droite,droite,1,1,744,426,0,0.769,matched,1
727,24.233,1780168767,T009,52,522.86,503.0,0.0,0.03,gauche,gauche,52,1,741,394,0,0.77,matched,1
727,24.233,1780168767,T014,10,378.16,283.03,0.07,-0.0,gauche,gauche,10,1,131,130,0,0.769,matched,1
727,24.233,1780168767,T015,40,81.46,266.8,-0.32,0.16,gauche,gauche,40,1,130,130,0,0.767,matched,1
728,24.267,1780168767,T002,25,370.65,854.17,-0.63,0.61,droite,droite,25,1,777,606,0,0.765,matched,1
728,24.267,1780168767,T004,34,190.57,283.21,-1.15,-0.33,gauche,gauche,34,1,745,420,0,0.768,matched,1
728,24.267,1780168767,T007,2,365.38,701.03,0.0,-0.0,droite,droite,2,1,729,729,0,0.77,matched,1
728,24.267,1780168767,T008,1,194.21,703.87,-0.1,0.0,droite,droite,1,1,745,427,0,0.77,matched,1
728,24.267,1780168767,T009,52,522.86,503.0,-0.17,0.02,gauche,gauche,52,1,742,395,0,0.767,matched,1
728,24.267,1780168767,T014,10,378.16,283.03,0.03,-0.0,gauche,gauche,10,1,132,131,0,0.77,matched,1
728,24.267,1780168767,T015,40,81.46,266.8,-0.26,0.05,gauche,gauche,40,1,131,131,0,0.768,matched,1
729,24.300,1780168767,T002,25,369.83,855.01,-0.66,0.3,droite,droite,25,1,778,607,0,0.766,matched,1
729,24.300,1780168767,T004,34,188.7,282.79,-1.33,-0.48,gauche,gauche,34,1,746,421,0,0.765,matched,1
729,24.300,1780168767,T007,2,365.38,701.03,0.0,-0.0,droite,droite,2,1,730,730,0,0.77,matched,1
729,24.300,1780168767,T008,1,194.21,703.87,-0.08,0.0,droite,droite,1,1,746,428,0,0.77,matched,1
729,24.300,1780168767,T012,49,521.71,504.14,-0.0,0.12,gauche,gauche,49,1,716,470,0,0.767,matched,1
729,24.300,1780168767,T014,10,378.75,283.5,0.18,-0.0,gauche,gauche,10,1,133,132,0,0.768,matched,1
729,24.300,1780168767,T015,40,80.94,267.36,-0.34,-0.01,gauche,gauche,40,1,132,132,0,0.768,matched,1
730,24.333,1780168767,T002,25,368.7,855.58,-1.04,0.11,droite,droite,25,1,779,608,0,0.763,matched,1
730,24.333,1780168767,T004,34,186.48,281.81,-1.78,-1.11,gauche,gauche,34,1,747,422,0,0.757,matched,1
730,24.333,1780168767,T007,2,365.38,701.03,0.0,-0.0,droite,droite,2,1,731,731,0,0.77,matched,1
730,24.333,1780168767,T008,1,194.21,703.87,-0.05,0.0,droite,droite,1,1,747,429,0,0.77,matched,1
730,24.333,1780168767,T012,49,521.71,504.14,-0.0,0.11,gauche,gauche,49,1,717,471,0,0.77,matched,1
730,24.333,1780168767,T014,10,378.75,283.5,0.2,-0.17,gauche,gauche,10,1,134,133,0,0.767,matched,1
730,24.333,1780168767,T015,40,80.94,267.36,-0.3,-0.03,gauche,gauche,40,1,133,133,0,0.77,matched,1
730,24.333,1780168767,T017,1,215.0,126.0,-0.44,0.18,gauche,gauche,1,1,3,3,0,0.537,matched,1
731,24.367,1780168767,T002,25,367.3,855.97,-1.28,0.01,droite,droite,25,1,780,609,0,0.765,matched,1
731,24.367,1780168767,T004,34,184.0,280.44,-2.06,-1.44,gauche,gauche,34,1,748,423,0,0.761,matched,1
731,24.367,1780168767,T007,2,365.38,701.03,0.17,-0.0,droite,droite,2,1,732,732,0,0.768,matched,1
731,24.367,1780168767,T008,1,194.21,703.87,-0.03,0.0,droite,droite,1,1,748,430,0,0.77,matched,1
731,24.367,1780168767,T012,49,521.71,504.14,-0.0,0.08,gauche,gauche,49,1,718,472,0,0.77,matched,1
731,24.367,1780168767,T014,10,378.75,283.5,0.16,-0.2,gauche,gauche,10,1,135,134,0,0.769,matched,1
731,24.367,1780168767,T015,40,80.44,268.03,-0.21,0.31,gauche,gauche,40,1,134,134,0,0.765,matched,1
731,24.367,1780168767,T017,1,215.0,126.0,0.01,0.09,gauche,gauche,1,1,4,4,0,0.647,matched,1
732,24.400,1780168767,T002,25,365.85,856.11,-1.26,-0.2,droite,droite,25,1,781,610,0,0.767,matched,1
732,24.400,1780168767,T004,34,181.47,278.96,-2.04,-1.41,gauche,gauche,34,1,749,424,0,0.767,matched,1
732,24.400,1780168767,T007,2,365.38,701.03,0.03,-0.17,droite,droite,2,1,733,733,0,0.767,matched,1
732,24.400,1780168767,T008,1,194.21,703.87,-0.01,0.0,droite,droite,1,1,749,431,0,0.77,matched,1
732,24.400,1780168767,T009,52,522.86,503.0,-0.12,0.0,gauche,gauche,52,1,746,396,0,0.769,matched,1
732,24.400,1780168767,T014,10,378.75,283.5,0.11,-0.16,gauche,gauche,10,1,136,135,0,0.769,matched,1
732,24.400,1780168767,T015,40,80.06,269.1,-0.13,0.88,gauche,gauche,40,1,135,135,0,0.761,matched,1
732,24.400,1780168767,T017,1,215.0,126.0,-0.16,0.04,gauche,gauche,1,1,5,5,0,0.668,matched,1
733,24.433,1780168767,T002,25,364.58,856.11,-0.96,-0.23,droite,droite,25,1,782,611,0,0.767,matched,1
733,24.433,1780168767,T004,34,179.28,277.66,-1.57,-1.08,gauche,gauche,34,1,750,425,0,0.765,matched,1
733,24.433,1780168767,T007,2,365.56,700.33,-0.03,-0.2,droite,droite,2,1,734,734,0,0.769,matched,1
733,24.433,1780168767,T008,1,194.21,703.87,-0.0,0.0,droite,droite,1,1,750,432,0,0.77,matched,1
733,24.433,1780168767,T009,52,522.86,503.0,-0.08,-0.0,gauche,gauche,52,1,747,397,0,0.77,matched,1
733,24.433,1780168767,T014,10,378.75,283.5,0.06,-0.11,gauche,gauche,10,1,137,136,0,0.769,matched,1
733,24.433,1780168767,T015,40,79.77,270.21,-0.07,0.9,gauche,gauche,40,1,136,136,0,0.768,matched,1
733,24.433,1780168767,T017,1,215.0,126.0,-0.16,0.02,gauche,gauche,1,1,6,6,0,0.69,matched,1
734,24.467,1780168767,T002,25,363.44,856.08,-0.8,-0.2,droite,droite,25,1,783,612,0,0.769,matched,1
734,24.467,1780168767,T004,34,177.27,276.48,-1.37,-0.87,gauche,gauche,34,1,751,426,0,0.768,matched,1
734,24.467,1780168767,T007,2,365.56,700.33,-0.05,-0.33,droite,droite,2,1,735,735,0,0.768,matched,1
734,24.467,1780168767,T008,1,194.21,703.87,0.0,0.0,droite,droite,1,1,751,433,0,0.77,matched,1
734,24.467,1780168767,T009,52,522.86,503.0,-0.04,-0.0,gauche,gauche,52,1,748,398,0,0.77,matched,1
734,24.467,1780168767,T014,10,378.75,283.5,0.03,-0.07,gauche,gauche,10,1,138,137,0,0.769,matched,1
734,24.467,1780168767,T015,40,79.71,271.6,0.14,1.21,gauche,gauche,40,1,137,137,0,0.763,matched,1
734,24.467,1780168767,T017,1,215.0,126.0,-0.48,0.01,gauche,gauche,1,1,7,7,0,0.705,matched,1
735,24.500,1780168767,T002,25,362.52,856.03,-0.56,-0.14,droite,droite,25,1,784,613,0,0.768,matched,1
735,24.500,1780168767,T004,34,175.06,275.4,-1.66,-0.77,gauche,gauche,34,1,752,427,0,0.764,matched,1
735,24.500,1780168767,T007,2,365.8,699.4,0.13,-0.48,droite,droite,2,1,736,736,0,0.766,matched,1
735,24.500,1780168767,T008,1,194.21,703.87,0.0,0.17,droite,droite,1,1,752,434,0,0.768,matched,1
735,24.500,1780168767,T009,52,522.86,503.0,-0.02,-0.0,gauche,gauche,52,1,749,399,0,0.77,matched,1
735,24.500,1780168767,T014,10,379.44,283.74,0.18,0.14,gauche,gauche,10,1,139,138,0,0.766,matched,1
735,24.500,1780168767,T015,40,79.74,273.05,0.19,1.23,gauche,gauche,40,1,138,138,0,0.768,matched,1
735,24.500,1780168767,T017,1,214.31,126.38,-0.48,0.18,gauche,gauche,1,1,8,8,0,0.727,matched,1
736,24.533,1780168767,T002,25,361.68,856.28,-0.5,0.26,droite,droite,25,1,785,614,0,0.764,matched,1
736,24.533,1780168767,T004,34,172.66,274.36,-1.91,-0.72,gauche,gauche,34,1,753,428,0,0.764,matched,1
736,24.533,1780168767,T007,2,365.92,698.58,-0.01,-0.43,droite,droite,2,1,737,737,0,0.768,matched,1
736,24.533,1780168767,T008,1,194.21,703.87,0.0,0.2,droite,droite,1,1,753,435,0,0.769,matched,1
736,24.533,1780168767,T012,49,521.71,504.14,-0.0,0.01,gauche,gauche,49,1,723,473,0,0.769,matched,1
736,24.533,1780168767,T014,10,379.44,283.74,0.2,0.35,gauche,gauche,10,1,140,139,0,0.767,matched,1
736,24.533,1780168767,T015,40,79.8,274.47,0.16,1.13,gauche,gauche,40,1,139,139,0,0.77,matched,1
736,24.533,1780168767,T017,1,214.31,126.38,-0.37,0.2,gauche,gauche,1,1,9,9,0,0.749,matched,1
737,24.567,1780168767,T002,25,360.85,856.62,-0.54,0.35,droite,droite,25,1,786,615,0,0.768,matched,1
737,24.567,1780168767,T004,34,170.21,273.35,-1.91,-0.71,gauche,gauche,34,1,754,429,0,0.767,matched,1
737,24.567,1780168767,T007,2,365.92,698.58,-0.05,-0.31,droite,droite,2,1,738,738,0,0.769,matched,1
737,24.567,1780168767,T008,1,194.21,703.87,0.0,0.16,droite,droite,1,1,754,436,0,0.77,matched,1
737,24.567,1780168767,T012,49,521.71,504.14,-0.0,0.0,gauche,gauche,49,1,724,474,0,0.77,matched,1
737,24.567,1780168767,T014,10,379.79,284.4,-0.18,0.53,gauche,gauche,10,1,141,140,0,0.764,matched,1
737,24.567,1780168767,T015,40,79.73,275.53,-0.05,0.66,gauche,gauche,40,1,140,140,0,0.764,matched,1
737,24.567,1780168767,T017,1,214.31,126.38,0.1,-0.01,gauche,gauche,1,1,10,10,0,0.763,matched,1
738,24.600,1780168767,T002,25,360.13,857.23,-0.43,0.65,droite,droite,25,1,787,616,0,0.765,matched,1
738,24.600,1780168767,T004,34,167.82,272.49,-1.82,-0.54,gauche,gauche,34,1,755,430,0,0.768,matched,1
738,24.600,1780168767,T007,2,365.92,698.58,0.11,-0.19,droite,droite,2,1,739,739,0,0.767,matched,1
738,24.600,1780168767,T008,1,194.21,703.87,0.0,0.11,droite,droite,1,1,755,437,0,0.77,matched,1
738,24.600,1780168767,T012,49,521.71,504.14,-0.22,-0.0,gauche,gauche,49,1,725,475,0,0.768,matched,1
738,24.600,1780168767,T014,10,379.91,285.3,-0.28,0.81,gauche,gauche,10,1,142,141,0,0.765,matched,1
738,24.600,1780168767,T015,40,79.6,276.28,-0.12,0.33,gauche,gauche,40,1,141,141,0,0.766,matched,1
738,24.600,1780168767,T017,1,213.58,126.72,-0.43,0.08,gauche,gauche,1,1,11,11,0,0.762,matched,1
739,24.633,1780168767,T002,25,359.56,857.88,-0.29,0.61,droite,droite,25,1,788,617,0,0.768,matched,1
739,24.633,1780168767,T004,34,165.78,271.81,-1.37,-0.36,gauche,gauche,34,1,756,431,0,0.766,matched,1
739,24.633,1780168767,T007,2,365.92,698.58,0.15,-0.11,droite,droite,2,1,740,740,0,0.769,matched,1
739,24.633,1780168767,T008,1,194.21,703.87,0.0,0.07,droite,droite,1,1,756,438,0,0.77,matched,1
739,24.633,1780168767,T012,49,521.71,504.14,-0.23,-0.0,gauche,gauche,49,1,726,476,0,0.77,matched,1
739,24.633,1780168767,T014,10,379.94,286.18,-0.26,0.74,gauche,gauche,10,1,143,142,0,0.77,matched,1
739,24.633,1780168767,T015,40,79.6,276.28,-0.12,0.13,gauche,gauche,40,1,142,142,0,0.768,matched,1
739,24.633,1780168767,T017,1,212.81,127.01,-0.53,0.1,gauche,gauche,1,1,12,12,0,0.768,matched,1
740,24.667,1780168767,T002,25,359.13,859.13,-0.17,1.31,droite,droite,25,1,789,618,0,0.759,matched,1
740,24.667,1780168767,T004,34,164.05,271.17,-1.05,-0.37,gauche,gauche,34,1,757,432,0,0.767,matched,1
740,24.667,1780168767,T007,2,365.92,698.58,0.13,-0.05,droite,droite,2,1,741,741,0,0.769,matched,1
740,24.667,1780168767,T008,1,194.21,703.87,0.0,0.03,droite,droite,1,1,757,439,0,0.77,matched,1
740,24.667,1780168767,T012,49,521.71,504.14,-0.17,-0.0,gauche,gauche,49,1,727,477,0,0.77,matched,1
740,24.667,1780168767,T014,10,380.06,287.07,-0.02,0.71,gauche,gauche,10,1,144,143,0,0.767,matched,1
740,24.667,1780168767,T015,40,79.6,276.28,-0.27,-0.15,gauche,gauche,40,1,143,143,0,0.766,matched,1
740,24.667,1780168767,T017,1,212.81,127.01,-0.11,-0.09,gauche,gauche,1,1,13,13,0,0.764,matched,1
741,24.700,1780168767,T002,25,358.54,860.47,-0.43,1.28,droite,droite,25,1,790,619,0,0.766,matched,1
741,24.700,1780168767,T004,34,162.55,270.62,-0.86,-0.3,gauche,gauche,34,1,758,433,0,0.769,matched,1
741,24.700,1780168767,T007,2,366.33,697.94,0.26,-0.01,droite,droite,2,1,742,742,0,0.768,matched,1
741,24.700,1780168767,T008,1,194.21,703.87,0.0,0.01,droite,droite,1,1,758,440,0,0.77,matched,1
741,24.700,1780168767,T012,49,521.71,504.14,-0.11,-0.0,gauche,gauche,49,1,728,478,0,0.769,matched,1
741,24.700,1780168767,T014,10,380.23,288.11,0.07,0.88,gauche,gauche,10,1,145,144,0,0.766,matched,1
741,24.700,1780168767,T015,40,79.6,276.28,-0.43,-0.39,gauche,gauche,40,1,144,144,0,0.765,matched,1
741,24.700,1780168767,T017,1,212.81,127.01,0.25,0.03,gauche,gauche,1,1,14,14,0,0.765,matched,1
742,24.733,1780168767,T002,25,357.82,861.8,-0.6,1.15,droite,droite,25,1,791,620,0,0.767,matched,1
742,24.733,1780168767,T004,34,161.07,270.19,-0.93,-0.2,gauche,gauche,34,1,759,434,0,0.767,matched,1
742,24.733,1780168767,T007,2,366.33,697.94,0.42,0.0,droite,droite,2,1,743,743,0,0.767,matched,1
742,24.733,1780168767,T008,1,194.21,703.87,0.0,0.17,droite,droite,1,1,759,441,0,0.768,matched,1
742,24.733,1780168767,T012,49,521.71,504.14,-0.07,-0.0,gauche,gauche,49,1,729,479,0,0.769,matched,1
742,24.733,1780168767,T014,10,380.4,289.07,0.1,0.75,gauche,gauche,10,1,146,145,0,0.769,matched,1
742,24.733,1780168767,T015,40,79.6,276.28,-0.4,-0.57,gauche,gauche,40,1,145,145,0,0.767,matched,1
742,24.733,1780168767,T017,1,212.81,127.01,0.5,-0.1,gauche,gauche,1,1,15,15,0,0.766,matched,1
743,24.767,1780168767,T002,25,357.0,862.79,-0.7,0.67,droite,droite,25,1,792,621,0,0.764,matched,1
743,24.767,1780168767,T004,34,159.39,269.73,-1.26,-0.29,gauche,gauche,34,1,760,435,0,0.764,matched,1
743,24.767,1780168767,T007,2,366.33,697.94,0.22,0.01,droite,droite,2,1,744,744,0,0.768,matched,1
743,24.767,1780168767,T008,1,194.21,703.87,-0.0,0.37,droite,droite,1,1,760,442,0,0.767,matched,1
743,24.767,1780168767,T012,49,521.71,504.14,-0.03,-0.0,gauche,gauche,49,1,730,480,0,0.77,matched,1
743,24.767,1780168767,T014,10,380.55,289.86,0.08,0.52,gauche,gauche,10,1,147,146,0,0.768,matched,1
744,24.800,1780168767,T002,25,355.98,863.62,-0.92,0.5,droite,droite,25,1,793,622,0,0.765,matched,1
744,24.800,1780168767,T004,34,157.42,269.31,-1.61,-0.25,gauche,gauche,34,1,761,436,0,0.763,matched,1
744,24.800,1780168767,T007,2,366.93,697.34,0.26,-0.16,droite,droite,2,1,745,745,0,0.767,matched,1
744,24.800,1780168767,T008,1,194.21,703.87,-0.17,0.7,droite,droite,1,1,761,443,0,0.764,matched,1
744,24.800,1780168767,T012,49,521.71,504.14,-0.01,-0.0,gauche,gauche,49,1,731,481,0,0.77,matched,1
744,24.800,1780168767,T014,10,380.55,289.86,0.23,0.32,gauche,gauche,10,1,148,147,0,0.767,matched,1
745,24.833,1780168767,T002,25,355.0,864.27,-0.79,0.32,droite,droite,25,1,794,623,0,0.768,matched,1
745,24.833,1780168767,T004,34,155.6,268.97,-1.38,-0.18,gauche,gauche,34,1,762,437,0,0.769,matched,1
745,24.833,1780168767,T007,2,367.44,696.81,0.22,-0.19,droite,droite,2,1,746,746,0,0.769,matched,1
745,24.833,1780168767,T008,1,194.18,704.6,-0.2,0.67,droite,droite,1,1,762,444,0,0.769,matched,1
745,24.833,1780168767,T012,49,521.71,504.14,-0.0,-0.0,gauche,gauche,49,1,732,482,0,0.77,matched,1
745,24.833,1780168767,T014,10,380.55,289.86,0.23,0.17,gauche,gauche,10,1,149,148,0,0.768,matched,1
746,24.867,1780168767,T002,25,354.06,864.75,-0.74,0.18,droite,droite,25,1,795,624,0,0.768,matched,1
746,24.867,1780168767,T004,34,153.82,268.71,-1.32,-0.12,gauche,gauche,34,1,763,438,0,0.769,matched,1
746,24.867,1780168767,T007,2,367.44,696.81,0.15,-0.16,droite,droite,2,1,747,747,0,0.769,matched,1
746,24.867,1780168767,T008,1,194.18,704.6,-0.16,0.5,droite,droite,1,1,763,445,0,0.769,matched,1
746,24.867,1780168767,T012,49,521.71,504.14,0.0,0.0,gauche,gauche,49,1,733,483,0,0.77,matched,1
746,24.867,1780168767,T014,10,381.19,290.56,0.52,0.24,gauche,gauche,10,1,150,149,0,0.765,matched,1
746,24.867,1780168767,T017,1,212.81,127.01,0.27,-0.22,gauche,gauche,1,1,19,16,0,0.766,matched,1
747,24.900,1780168767,T002,25,352.98,865.1,-0.89,0.08,droite,droite,25,1,796,625,0,0.767,matched,1
747,24.900,1780168767,T004,34,152.17,268.79,-1.16,0.28,gauche,gauche,34,1,764,439,0,0.764,matched,1
747,24.900,1780168767,T007,2,367.7,695.53,-0.08,-1.13,droite,droite,2,1,748,748,0,0.755,matched,1
747,24.900,1780168767,T008,1,194.18,704.6,-0.11,0.33,droite,droite,1,1,764,446,0,0.768,matched,1
747,24.900,1780168767,T012,49,521.71,504.14,0.0,0.0,gauche,gauche,49,1,734,484,0,0.77,matched,1
747,24.900,1780168767,T014,10,381.97,291.01,0.68,0.05,gauche,gauche,10,1,151,150,0,0.766,matched,1
747,24.900,1780168767,T017,1,212.81,127.01,0.34,0.0,gauche,gauche,1,1,20,17,0,0.767,matched,1
748,24.933,1780168767,T002,25,351.58,865.34,-1.25,0.03,droite,droite,25,1,797,626,0,0.763,matched,1
748,24.933,1780168767,T004,34,150.53,269.01,-1.18,0.37,gauche,gauche,34,1,765,440,0,0.767,matched,1
748,24.933,1780168767,T007,2,367.82,693.28,-0.15,-2.27,droite,droite,2,1,749,749,0,0.752,matched,1
748,24.933,1780168767,T008,1,194.18,704.6,-0.07,0.18,droite,droite,1,1,765,447,0,0.768,matched,1
748,24.933,1780168767,T012,49,521.71,504.14,0.0,0.0,gauche,gauche,49,1,735,485,0,0.77,matched,1
748,24.933,1780168767,T014,10,382.85,291.3,0.76,-0.04,gauche,gauche,10,1,152,151,0,0.768,matched,1
748,24.933,1780168767,T017,1,212.81,127.01,0.28,0.08,gauche,gauche,1,1,21,18,0,0.769,matched,1
749,24.967,1780168767,T002,25,350.09,865.38,-1.28,-0.17,droite,droite,25,1,798,627,0,0.766,matched,1
749,24.967,1780168767,T004,34,148.98,269.8,-1.09,1.0,gauche,gauche,34,1,766,441,0,0.76,matched,1
749,24.967,1780168767,T007,2,367.87,690.08,-0.14,-3.21,droite,droite,2,1,750,750,0,0.753,matched,1
749,24.967,1780168767,T008,1,194.18,704.6,-0.03,0.09,droite,droite,1,1,766,448,0,0.769,matched,1
749,24.967,1780168767,T012,49,521.71,504.14,0.0,0.0,gauche,gauche,49,1,736,486,0,0.77,matched,1
749,24.967,1780168767,T014,10,383.78,291.62,0.79,0.11,gauche,gauche,10,1,153,152,0,0.767,matched,1
749,24.967,1780168767,T017,1,212.81,127.01,-0.01,0.09,gauche,gauche,1,1,22,19,0,0.767,matched,1
750,25.000,1780168768,T002,25,348.5,865.46,-1.34,-0.04,droite,droite,25,1,799,628,0,0.767,matched,1
750,25.000,1780168768,T004,34,147.4,271.29,-1.15,1.69,gauche,gauche,34,1,767,442,0,0.758,matched,1
750,25.000,1780168768,T007,2,367.89,686.5,-0.11,-3.36,droite,droite,2,1,751,751,0,0.763,matched,1
750,25.000,1780168768,T008,1,194.18,704.6,-0.01,-0.14,droite,droite,1,1,767,449,0,0.767,matched,1
750,25.000,1780168768,T014,10,384.61,292.75,0.62,1.16,gauche,gauche,10,1,154,153,0,0.754,matched,1
750,25.000,1780168768,T016,54,523.11,503.19,0.0,-0.35,gauche,gauche,54,1,156,82,0,0.765,matched,1
750,25.000,1780168768,T017,1,212.81,127.01,-0.1,0.07,gauche,gauche,1,1,23,20,0,0.769,matched,1
751,25.033,1780168768,T002,25,347.09,865.42,-1.06,-0.15,droite,droite,25,1,800,629,0,0.767,matched,1
751,25.033,1780168768,T004,34,146.03,272.87,-0.91,1.58,gauche,gauche,34,1,768,443,0,0.768,matched,1
751,25.033,1780168768,T007,2,367.9,683.28,-0.07,-2.65,droite,droite,2,1,752,752,0,0.765,matched,1
751,25.033,1780168768,T008,1,194.18,704.6,-0.0,-0.2,droite,droite,1,1,768,450,0,0.769,matched,1
751,25.033,1780168768,T014,10,385.27,294.09,0.41,1.3,gauche,gauche,10,1,155,154,0,0.766,matched,1
751,25.033,1780168768,T016,54,522.99,502.47,0.18,-0.39,gauche,gauche,54,1,157,83,0,0.767,matched,1
751,25.033,1780168768,T017,1,212.81,127.01,-0.11,0.05,gauche,gauche,1,1,24,21,0,0.77,matched,1
752,25.067,1780168768,T002,25,345.96,865.33,-0.71,-0.16,droite,droite,25,1,801,630,0,0.766,matched,1
752,25.067,1780168768,T004,34,144.8,274.38,-0.78,1.34,gauche,gauche,34,1,769,444,0,0.769,matched,1
752,25.067,1780168768,T007,2,367.91,680.54,-0.04,-1.94,droite,droite,2,1,753,753,0,0.764,matched,1
752,25.067,1780168768,T008,1,194.18,704.6,0.17,-0.0,droite,droite,1,1,769,451,0,0.766,matched,1
752,25.067,1780168768,T012,49,521.71,504.14,0.0,-0.16,gauche,gauche,49,1,739,487,0,0.767,matched,1
752,25.067,1780168768,T014,10,385.49,296.71,-0.1,2.76,gauche,gauche,10,1,156,155,0,0.746,matched,1
752,25.067,1780168768,T017,1,212.81,127.01,0.08,0.03,gauche,gauche,1,1,25,22,0,0.767,matched,1
753,25.100,1780168768,T002,25,345.12,865.38,-0.41,0.05,droite,droite,25,1,802,631,0,0.766,matched,1
753,25.100,1780168768,T004,34,143.66,275.79,-0.72,1.12,gauche,gauche,34,1,770,445,0,0.769,matched,1
753,25.100,1780168768,T007,2,367.92,678.28,-0.02,-1.4,droite,droite,2,1,754,754,0,0.765,matched,1
753,25.100,1780168768,T008,1,194.18,704.6,0.2,0.07,droite,droite,1,1,770,452,0,0.769,matched,1
753,25.100,1780168768,T012,49,521.71,504.14,0.0,-0.15,gauche,gauche,49,1,740,488,0,0.77,matched,1
753,25.100,1780168768,T014,10,385.62,300.35,-0.1,3.72,gauche,gauche,10,1,157,156,0,0.752,matched,1
753,25.100,1780168768,T017,1,212.81,127.01,0.31,0.01,gauche,gauche,1,1,26,23,0,0.767,matched,1
754,25.133,1780168768,T004,34,142.58,277.07,-0.71,0.95,gauche,gauche,34,1,771,446,0,0.769,matched,1
754,25.133,1780168768,T007,2,368.07,676.68,0.16,-0.7,droite,droite,2,1,755,755,0,0.761,matched,1
754,25.133,1780168768,T008,1,194.18,704.6,-0.0,0.08,droite,droite,1,1,771,453,0,0.767,matched,1
754,25.133,1780168768,T012,49,521.71,504.14,0.0,-0.11,gauche,gauche,49,1,741,489,0,0.77,matched,1
754,25.133,1780168768,T013,18,63.4,598.81,0.25,0.66,droite,droite,18,1,448,348,0,0.636,reattached,1
754,25.133,1780168768,T014,10,385.57,304.34,-0.25,3.75,gauche,gauche,10,1,158,157,0,0.764,matched,1
754,25.133,1780168768,T017,1,213.96,127.15,0.83,0.18,gauche,gauche,1,1,27,24,0,0.761,matched,1
755,25.167,1780168768,T004,34,141.52,278.13,-0.71,0.67,gauche,gauche,34,1,772,447,0,0.767,matched,1
755,25.167,1780168768,T007,2,368.13,675.58,0.03,-0.27,droite,droite,2,1,756,756,0,0.764,matched,1
755,25.167,1780168768,T008,1,194.18,704.6,-0.08,0.24,droite,droite,1,1,772,454,0,0.767,matched,1
755,25.167,1780168768,T012,49,521.71,504.14,-0.0,-0.07,gauche,gauche,49,1,742,490,0,0.77,matched,1
755,25.167,1780168768,T014,10,385.45,307.9,-0.25,2.91,gauche,gauche,10,1,159,158,0,0.763,matched,1
755,25.167,1780168768,T017,1,215.66,127.33,1.53,0.2,gauche,gauche,1,1,28,25,0,0.759,matched,1
756,25.200,1780168768,T004,34,140.62,279.07,-0.55,0.58,gauche,gauche,34,1,773,448,0,0.769,matched,1
756,25.200,1780168768,T007,2,368.13,674.7,-0.03,-0.22,droite,droite,2,1,757,757,0,0.769,matched,1
756,25.200,1780168768,T008,1,194.15,705.67,-0.09,0.59,droite,droite,1,1,773,455,0,0.765,matched,1
756,25.200,1780168768,T014,10,385.73,310.61,0.31,1.76,gauche,gauche,10,1,160,159,0,0.755,matched,1
756,25.200,1780168768,T017,1,217.93,127.5,2.13,0.16,gauche,gauche,1,1,29,26,0,0.759,matched,1
757,25.233,1780168768,T004,34,139.91,279.84,-0.36,0.41,gauche,gauche,34,1,774,449,0,0.767,matched,1
757,25.233,1780168768,T007,2,368.11,673.89,-0.05,-0.32,droite,droite,2,1,758,758,0,0.768,matched,1
757,25.233,1780168768,T008,1,194.11,706.67,-0.08,0.59,droite,droite,1,1,774,456,0,0.769,matched,1
757,25.233,1780168768,T014,10,386.17,312.55,0.46,0.91,gauche,gauche,10,1,161,160,0,0.76,matched,1
757,25.233,1780168768,T017,1,220.13,127.64,1.88,0.11,gauche,gauche,1,1,30,27,0,0.769,matched,1
758,25.267,1780168768,T004,34,139.25,280.57,-0.38,0.42,gauche,gauche,34,1,775,450,0,0.769,matched,1
758,25.267,1780168768,T007,2,368.11,673.89,-0.04,-0.11,droite,droite,2,1,759,759,0,0.767,matched,1
758,25.267,1780168768,T008,1,194.11,706.67,-0.05,0.28,droite,droite,1,1,775,457,0,0.766,matched,1
758,25.267,1780168768,T014,10,386.88,313.88,0.75,0.38,gauche,gauche,10,1,162,161,0,0.762,matched,1
758,25.267,1780168768,T017,1,222.39,127.88,1.86,0.24,gauche,gauche,1,1,31,28,0,0.767,matched,1
759,25.300,1780168768,T004,34,138.54,281.18,-0.47,0.33,gauche,gauche,34,1,776,451,0,0.768,matched,1
759,25.300,1780168768,T007,2,368.11,673.89,-0.03,0.16,droite,droite,2,1,760,760,0,0.766,matched,1
759,25.300,1780168768,T008,1,194.11,706.67,0.31,-0.07,droite,droite,1,1,776,458,0,0.763,matched,1
759,25.300,1780168768,T013,18,66.91,608.22,0.01,-0.52,droite,droite,18,1,453,349,0,0.754,matched,1
759,25.300,1780168768,T014,10,387.9,314.92,1.04,0.26,gauche,gauche,10,1,163,162,0,0.765,matched,1
759,25.300,1780168768,T017,1,224.5,128.55,1.6,0.74,gauche,gauche,1,1,32,29,0,0.762,matched,1
760,25.333,1780168768,T004,34,137.92,281.94,-0.4,0.56,gauche,gauche,34,1,777,452,0,0.766,matched,1
760,25.333,1780168768,T007,2,368.11,673.89,0.15,0.06,droite,droite,2,1,761,761,0,0.767,matched,1
760,25.333,1780168768,T008,1,194.11,706.67,0.38,-0.36,droite,droite,1,1,777,459,0,0.765,matched,1
760,25.333,1780168768,T014,10,388.76,317.08,0.74,1.85,gauche,gauche,10,1,164,163,0,0.746,matched,1
760,25.333,1780168768,T016,54,431.4,371.59,-7.91,-11.23,gauche,gauche,54,1,166,84,0,0.57,matched,1
760,25.333,1780168768,T017,1,226.52,129.32,1.48,0.77,gauche,gauche,1,1,33,30,0,0.768,matched,1
761,25.367,1780168768,T004,34,137.27,282.66,-0.45,0.52,gauche,gauche,34,1,778,453,0,0.769,matched,1
761,25.367,1780168768,T007,2,368.7,673.46,0.7,0.01,droite,droite,2,1,762,762,0,0.762,matched,1
761,25.367,1780168768,T008,1,194.11,706.67,0.32,-0.56,droite,droite,1,1,778,460,0,0.767,matched,1
761,25.367,1780168768,T014,10,389.28,320.71,0.29,3.58,gauche,gauche,10,1,165,164,0,0.741,matched,1
761,25.367,1780168768,T015,49,91.56,278.09,2.29,0.33,gauche,gauche,49,1,180,146,0,0.611,reattached,1
761,25.367,1780168768,T016,54,430.23,369.97,-5.97,-8.41,gauche,gauche,54,1,167,85,0,0.75,matched,1
761,25.367,1780168768,T017,1,228.63,130.56,1.61,1.28,gauche,gauche,1,1,34,31,0,0.76,matched,1
762,25.400,1780168768,T004,34,136.43,283.14,-0.71,0.22,gauche,gauche,34,1,779,454,0,0.764,matched,1
762,25.400,1780168768,T007,2,369.28,672.57,0.58,-0.69,droite,droite,2,1,763,763,0,0.76,matched,1
762,25.400,1780168768,T008,1,194.11,706.67,0.22,-0.51,droite,droite,1,1,779,461,0,0.769,matched,1
762,25.400,1780168768,T014,10,389.72,325.45,0.22,4.62,gauche,gauche,10,1,166,165,0,0.749,matched,1
762,25.400,1780168768,T016,54,429.1,368.4,-3.36,-4.71,gauche,gauche,54,1,168,86,0,0.738,matched,1
762,25.400,1780168768,T017,1,230.9,131.98,1.8,1.36,gauche,gauche,1,1,35,32,0,0.764,matched,1
763,25.433,1780168768,T004,34,135.61,283.43,-0.65,0.05,gauche,gauche,34,1,780,455,0,0.768,matched,1
763,25.433,1780168768,T007,2,369.77,671.59,0.4,-0.81,droite,droite,2,1,764,764,0,0.767,matched,1
763,25.433,1780168768,T008,1,194.11,706.67,0.14,-0.37,droite,droite,1,1,780,462,0,0.768,matched,1
763,25.433,1780168768,T014,10,390.06,330.02,0.14,3.97,gauche,gauche,10,1,167,166,0,0.767,matched,1
763,25.433,1780168768,T016,54,428.34,367.37,-1.67,-2.33,gauche,gauche,54,1,169,87,0,0.745,matched,1
763,25.433,1780168768,T017,1,232.94,133.27,1.47,1.08,gauche,gauche,1,1,36,33,0,0.767,matched,1
764,25.467,1780168768,T004,34,134.65,283.75,-0.82,0.15,gauche,gauche,34,1,781,456,0,0.766,matched,1
764,25.467,1780168768,T007,2,370.41,670.83,0.58,-0.5,droite,droite,2,1,765,765,0,0.765,matched,1
764,25.467,1780168768,T008,1,194.11,706.67,0.07,-0.41,droite,droite,1,1,781,463,0,0.769,matched,1
764,25.467,1780168768,T014,10,390.31,334.51,0.08,3.67,gauche,gauche,10,1,168,167,0,0.768,matched,1
764,25.467,1780168768,T017,1,235.13,134.32,1.68,0.73,gauche,gauche,1,1,37,34,0,0.764,matched,1
765,25.500,1780168768,T007,2,370.62,667.95,0.01,-3.16,droite,droite,2,1,766,766,0,0.729,matched,1
765,25.500,1780168768,T008,1,194.11,706.67,-0.14,-0.33,droite,droite,1,1,782,464,0,0.767,matched,1
765,25.500,1780168768,T012,54,521.78,503.15,-0.0,-0.16,gauche,gauche,54,1,752,491,0,0.767,matched,1
765,25.500,1780168768,T014,10,390.91,338.89,0.55,3.4,gauche,gauche,10,1,169,168,0,0.763,matched,1
765,25.500,1780168768,T015,49,112.4,281.83,-0.42,0.49,gauche,gauche,49,1,184,149,0,0.761,matched,1
765,25.500,1780168768,T017,1,237.65,135.24,2.07,0.6,gauche,gauche,1,1,38,35,0,0.762,matched,1
766,25.533,1780168768,T007,2,370.88,663.95,0.13,-4.14,droite,droite,2,1,767,767,0,0.751,matched,1
766,25.533,1780168768,T008,1,194.11,706.67,-0.53,-0.05,droite,droite,1,1,783,465,0,0.763,matched,1
766,25.533,1780168768,T012,54,521.78,503.15,-0.0,0.43,gauche,gauche,54,1,753,492,0,0.765,matched,1
766,25.533,1780168768,T014,10,391.72,342.6,0.77,2.52,gauche,gauche,10,1,170,169,0,0.761,matched,1
766,25.533,1780168768,T015,49,116.07,283.16,-0.22,0.78,gauche,gauche,49,1,185,150,0,0.765,matched,1
766,25.533,1780168768,T017,1,240.51,135.84,2.42,0.24,gauche,gauche,1,1,39,36,0,0.761,matched,1
767,25.567,1780168768,T007,2,371.27,659.48,0.31,-4.26,droite,droite,2,1,768,768,0,0.762,matched,1
767,25.567,1780168768,T008,1,194.11,706.67,-0.73,0.07,droite,droite,1,1,784,466,0,0.766,matched,1
767,25.567,1780168768,T012,54,521.78,503.15,-0.0,1.02,gauche,gauche,54,1,754,493,0,0.764,matched,1
767,25.567,1780168768,T014,10,392.38,345.5,0.52,1.61,gauche,gauche,10,1,171,170,0,0.76,matched,1
767,25.567,1780168768,T015,49,118.6,284.62,-0.46,1.04,gauche,gauche,49,1,186,151,0,0.764,matched,1
767,25.567,1780168768,T017,1,243.54,136.36,2.52,0.22,gauche,gauche,1,1,40,37,0,0.765,matched,1
768,25.600,1780168768,T004,34,133.06,288.02,-0.78,2.76,gauche,gauche,34,1,785,457,0,0.723,matched,1
768,25.600,1780168768,T007,2,371.94,655.47,0.65,-3.34,droite,droite,2,1,769,769,0,0.761,matched,1
768,25.600,1780168768,T008,1,193.46,706.35,-0.81,-0.07,droite,droite,1,1,785,467,0,0.767,matched,1
768,25.600,1780168768,T014,10,393.14,347.63,0.64,0.89,gauche,gauche,10,1,172,171,0,0.761,matched,1
768,25.600,1780168768,T017,1,246.5,136.91,2.33,0.33,gauche,gauche,1,1,41,38,0,0.768,matched,1
769,25.633,1780168768,T004,34,131.78,291.89,-0.57,2.43,gauche,gauche,34,1,786,458,0,0.768,matched,1
769,25.633,1780168768,T007,2,372.65,652.24,0.64,-2.23,droite,droite,2,1,770,770,0,0.759,matched,1
769,25.633,1780168768,T008,1,193.46,706.35,-0.66,-0.11,droite,droite,1,1,786,468,0,0.769,matched,1
769,25.633,1780168768,T014,10,393.85,349.16,0.54,0.41,gauche,gauche,10,1,173,172,0,0.764,matched,1
769,25.633,1780168768,T017,1,249.0,137.41,1.72,0.3,gauche,gauche,1,1,42,39,0,0.765,matched,1
770,25.667,1780168768,T007,2,373.26,649.83,0.49,-1.29,droite,droite,2,1,771,771,0,0.759,matched,1
770,25.667,1780168768,T008,1,192.78,705.89,-0.45,-0.27,droite,droite,1,1,787,469,0,0.767,matched,1
770,25.667,1780168768,T012,54,521.78,503.15,-0.19,0.48,gauche,gauche,54,1,757,494,0,0.764,matched,1
770,25.667,1780168768,T013,18,69.81,613.46,0.08,-0.64,droite,droite,18,1,464,350,0,0.764,matched,1
770,25.667,1780168768,T014,10,394.57,350.5,0.55,0.48,gauche,gauche,10,1,174,173,0,0.768,matched,1
770,25.667,1780168768,T015,49,121.19,286.69,-0.7,0.76,gauche,gauche,49,1,189,154,0,0.756,matched,1
770,25.667,1780168768,T017,1,251.5,139.06,1.78,1.75,gauche,gauche,1,1,43,40,0,0.748,matched,1
771,25.700,1780168768,T007,2,373.75,648.12,0.32,-0.64,droite,droite,2,1,772,772,0,0.762,matched,1
771,25.700,1780168768,T008,1,192.13,705.32,-0.44,-0.44,droite,droite,1,1,788,470,0,0.767,matched,1
771,25.700,1780168768,T013,18,72.18,616.72,0.34,-1.55,droite,droite,18,1,465,351,0,0.761,matched,1
771,25.700,1780168768,T014,10,395.05,353.25,0.26,2.43,gauche,gauche,10,1,175,174,0,0.74,matched,1
771,25.700,1780168768,T015,49,121.66,288.5,-0.28,1.8,gauche,gauche,49,1,190,155,0,0.753,matched,1
771,25.700,1780168768,T017,1,254.08,141.82,1.91,2.93,gauche,gauche,1,1,44,41,0,0.75,matched,1
772,25.733,1780168768,T004,34,129.99,295.27,-0.87,1.04,gauche,gauche,34,1,789,459,0,0.753,matched,1
772,25.733,1780168768,T007,2,374.39,646.93,0.52,-0.24,droite,droite,2,1,773,773,0,0.764,matched,1
772,25.733,1780168768,T008,1,191.58,704.63,-0.33,-0.58,droite,droite,1,1,789,471,0,0.767,matched,1
772,25.733,1780168768,T011,44,373.8,683.74,0.44,-2.06,droite,droite,44,1,749,596,0,0.757,matched,1
772,25.733,1780168768,T012,54,521.78,503.15,-0.12,0.2,gauche,gauche,54,1,759,495,0,0.767,matched,1
772,25.733,1780168768,T013,18,74.23,618.42,0.58,-2.12,droite,droite,18,1,466,352,0,0.763,matched,1
772,25.733,1780168768,T014,10,395.23,357.51,-0.08,4.16,gauche,gauche,10,1,176,175,0,0.741,matched,1
772,25.733,1780168768,T017,1,256.75,144.7,2.03,2.72,gauche,gauche,1,1,45,42,0,0.765,matched,1
773,25.767,1780168768,T004,34,128.04,297.17,-1.23,-0.17,gauche,gauche,34,1,790,460,0,0.754,matched,1
773,25.767,1780168768,T007,2,375.01,645.43,0.48,-0.88,droite,droite,2,1,774,774,0,0.76,matched,1
773,25.767,1780168768,T008,1,191.15,703.44,-0.22,-1.18,droite,droite,1,1,790,472,0,0.76,matched,1
773,25.767,1780168768,T012,54,521.78,503.15,0.11,0.09,gauche,gauche,54,1,760,496,0,0.767,matched,1
773,25.767,1780168768,T013,18,76.03,619.09,0.69,-2.07,droite,droite,18,1,467,353,0,0.768,matched,1
773,25.767,1780168768,T014,10,395.25,362.83,-0.19,5.07,gauche,gauche,10,1,177,176,0,0.75,matched,1
773,25.767,1780168768,T017,1,259.92,147.32,2.64,2.19,gauche,gauche,1,1,46,43,0,0.758,matched,1
774,25.800,1780168768,T003,10,204.49,864.36,-0.04,-0.02,droite,droite,10,1,807,625,0,0.664,reattached,1
774,25.800,1780168768,T004,34,126.47,300.16,-0.85,1.94,gauche,gauche,34,1,791,461,0,0.742,matched,1
774,25.800,1780168768,T007,2,375.53,642.59,0.36,-2.63,droite,droite,2,1,775,775,0,0.743,matched,1
774,25.800,1780168768,T008,1,190.56,702.04,-0.46,-1.31,droite,droite,1,1,791,473,0,0.765,matched,1
774,25.800,1780168768,T012,54,521.78,503.15,0.16,0.03,gauche,gauche,54,1,761,497,0,0.769,matched,1
774,25.800,1780168768,T013,18,77.65,618.94,0.74,-2.1,droite,droite,18,1,468,354,0,0.767,matched,1
774,25.800,1780168768,T014,10,395.47,368.4,0.15,4.95,gauche,gauche,10,1,178,177,0,0.763,matched,1
774,25.800,1780168768,T017,1,263.43,149.46,2.95,1.49,gauche,gauche,1,1,47,44,0,0.759,matched,1
775,25.833,1780168768,T003,10,204.49,864.36,-0.01,-0.02,droite,droite,10,1,808,626,0,0.77,matched,1
775,25.833,1780168768,T004,34,125.26,303.24,-0.51,2.21,gauche,gauche,34,1,792,462,0,0.763,matched,1
775,25.833,1780168768,T007,2,375.8,639.26,0.06,-3.05,droite,droite,2,1,776,776,0,0.759,matched,1
775,25.833,1780168768,T008,1,189.97,700.76,-0.45,-1.07,droite,droite,1,1,792,474,0,0.768,matched,1
775,25.833,1780168768,T012,54,521.78,503.15,0.14,0.0,gauche,gauche,54,1,762,498,0,0.77,matched,1
775,25.833,1780168768,T013,18,78.99,618.55,0.57,-1.58,droite,droite,18,1,469,355,0,0.766,matched,1
775,25.833,1780168768,T014,10,395.77,373.27,0.24,3.78,gauche,gauche,10,1,179,178,0,0.76,matched,1
775,25.833,1780168768,T017,1,266.6,151.07,2.4,0.88,gauche,gauche,1,1,48,45,0,0.762,matched,1
776,25.867,1780168768,T003,10,203.89,863.69,-0.0,-1.29,droite,droite,10,1,809,627,0,0.763,matched,1
776,25.867,1780168768,T004,34,123.95,305.94,-0.8,1.77,gauche,gauche,34,1,793,463,0,0.764,matched,1
776,25.867,1780168768,T007,2,376.2,635.08,0.27,-3.87,droite,droite,2,1,777,777,0,0.753,matched,1
776,25.867,1780168768,T008,1,189.18,699.58,-0.69,-0.9,droite,droite,1,1,793,475,0,0.766,matched,1
776,25.867,1780168768,T011,44,375.96,675.19,0.78,-2.17,droite,droite,44,1,753,597,0,0.763,matched,1
776,25.867,1780168768,T012,54,521.78,503.15,0.1,-0.01,gauche,gauche,54,1,763,499,0,0.77,matched,1
776,25.867,1780168768,T013,18,80.03,618.05,0.37,-1.21,droite,droite,18,1,470,356,0,0.766,matched,1
776,25.867,1780168768,T014,10,396.2,377.4,0.4,2.81,gauche,gauche,10,1,180,179,0,0.761,matched,1
776,25.867,1780168768,T017,1,269.58,152.77,2.16,1.13,gauche,gauche,1,1,49,46,0,0.765,matched,1
777,25.900,1780168768,T003,10,203.09,862.82,-0.57,-1.23,droite,droite,10,1,810,628,0,0.765,matched,1
777,25.900,1780168768,T004,34,122.48,308.11,-1.07,1.19,gauche,gauche,34,1,794,464,0,0.762,matched,1
777,25.900,1780168768,T007,2,376.6,630.57,0.29,-3.99,droite,droite,2,1,778,778,0,0.763,matched,1
777,25.900,1780168768,T008,1,188.01,698.62,-1.13,-0.63,droite,droite,1,1,794,476,0,0.762,matched,1
777,25.900,1780168768,T011,44,377.86,667.56,0.78,-2.74,droite,droite,44,1,754,598,0,0.76,matched,1
777,25.900,1780168768,T012,54,521.78,503.15,0.06,-0.01,gauche,gauche,54,1,764,500,0,0.77,matched,1
777,25.900,1780168768,T013,18,80.68,617.49,0.05,-0.96,droite,droite,18,1,471,357,0,0.765,matched,1
777,25.900,1780168768,T014,10,396.76,380.63,0.54,1.8,gauche,gauche,10,1,181,180,0,0.759,matched,1
777,25.900,1780168768,T017,1,272.48,155.67,2.08,2.66,gauche,gauche,1,1,50,47,0,0.746,matched,1
778,25.933,1780168768,T003,10,202.35,861.42,-0.51,-1.73,droite,droite,10,1,811,629,0,0.763,matched,1
778,25.933,1780168768,T004,34,120.87,309.74,-1.27,0.71,gauche,gauche,34,1,795,465,0,0.763,matched,1
778,25.933,1780168768,T007,2,377.23,626.14,0.57,-3.64,droite,droite,2,1,779,779,0,0.765,matched,1
778,25.933,1780168768,T008,1,186.27,697.88,-1.72,-0.38,droite,droite,1,1,795,477,0,0.759,matched,1
778,25.933,1780168768,T012,54,521.78,503.15,0.03,-0.01,gauche,gauche,54,1,765,501,0,0.77,matched,1
778,25.933,1780168768,T013,18,80.68,617.49,-0.6,-0.65,droite,droite,18,1,472,358,0,0.76,matched,1
778,25.933,1780168768,T014,10,397.45,383.01,0.64,1.0,gauche,gauche,10,1,182,181,0,0.761,matched,1
778,25.933,1780168768,T017,1,275.35,159.81,2.09,4.01,gauche,gauche,1,1,51,48,0,0.746,matched,1
779,25.967,1780168768,T003,10,201.74,860.05,-0.36,-1.42,droite,droite,10,1,812,630,0,0.768,matched,1
779,25.967,1780168768,T004,34,119.13,311.2,-1.39,0.7,gauche,gauche,34,1,796,466,0,0.766,matched,1
779,25.967,1780168768,T007,2,378.01,622.39,0.72,-2.68,droite,droite,2,1,780,780,0,0.761,matched,1
779,25.967,1780168768,T008,1,183.99,697.34,-2.24,-0.2,droite,droite,1,1,796,478,0,0.76,matched,1
779,25.967,1780168768,T012,54,521.78,503.15,0.01,-0.01,gauche,gauche,54,1,766,502,0,0.77,matched,1
779,25.967,1780168768,T013,18,80.68,617.49,-0.71,-0.38,droite,droite,18,1,473,359,0,0.766,matched,1
779,25.967,1780168768,T014,10,398.09,385.12,0.53,0.97,gauche,gauche,10,1,183,182,0,0.769,matched,1
779,25.967,1780168768,T017,1,278.37,164.75,2.3,4.64,gauche,gauche,1,1,52,49,0,0.754,matched,1
780,26.000,1780168769,T003,10,201.27,858.91,-0.23,-0.98,droite,droite,10,1,813,631,0,0.766,matched,1
780,26.000,1780168769,T004,34,117.85,314.06,-0.78,2.58,gauche,gauche,34,1,797,467,0,0.741,matched,1
780,26.000,1780168769,T007,2,378.89,619.46,0.78,-1.7,droite,droite,2,1,781,781,0,0.759,matched,1
780,26.000,1780168769,T008,1,181.37,696.96,-2.44,-0.09,droite,droite,1,1,797,479,0,0.764,matched,1
780,26.000,1780168769,T012,54,521.78,503.15,0.0,-0.0,gauche,gauche,54,1,767,503,0,0.77,matched,1
780,26.000,1780168769,T013,18,80.11,617.04,-0.76,-0.19,droite,droite,18,1,474,360,0,0.767,matched,1
780,26.000,1780168769,T014,10,398.75,387.4,0.54,1.42,gauche,gauche,10,1,184,183,0,0.762,matched,1
780,26.000,1780168769,T017,1,281.33,169.62,2.2,4.17,gauche,gauche,1,1,53,50,0,0.768,matched,1
781,26.033,1780168769,T003,10,200.92,858.04,-0.13,-0.59,droite,droite,10,1,814,632,0,0.766,matched,1
781,26.033,1780168769,T004,34,116.97,317.17,-0.37,2.72,gauche,gauche,34,1,798,468,0,0.762,matched,1
781,26.033,1780168769,T007,2,379.68,617.31,0.63,-0.94,droite,droite,2,1,782,782,0,0.761,matched,1
781,26.033,1780168769,T008,1,178.98,696.7,-1.96,-0.02,droite,droite,1,1,798,480,0,0.766,matched,1
781,26.033,1780168769,T012,54,521.78,503.15,-0.0,-0.0,gauche,gauche,54,1,768,504,0,0.77,matched,1
781,26.033,1780168769,T013,18,80.11,617.04,-0.61,-0.08,droite,droite,18,1,475,361,0,0.768,matched,1
781,26.033,1780168769,T014,10,399.33,389.47,0.42,1.27,gauche,gauche,10,1,185,184,0,0.769,matched,1
781,26.033,1780168769,T017,1,283.84,173.74,1.66,3.04,gauche,gauche,1,1,54,51,0,0.759,matched,1
782,26.067,1780168769,T003,10,200.52,857.42,-0.23,-0.31,droite,droite,10,1,815,633,0,0.766,matched,1
782,26.067,1780168769,T004,34,116.51,321.31,0.04,3.85,gauche,gauche,34,1,799,469,0,0.749,matched,1
782,26.067,1780168769,T007,2,380.46,615.38,0.6,-0.94,droite,droite,2,1,783,783,0,0.769,matched,1
782,26.067,1780168769,T008,1,176.77,696.24,-1.67,-0.33,droite,droite,1,1,799,481,0,0.765,matched,1
782,26.067,1780168769,T012,54,521.78,503.15,-0.0,-0.0,gauche,gauche,54,1,769,505,0,0.77,matched,1
782,26.067,1780168769,T013,18,80.11,617.04,-0.41,-0.01,droite,droite,18,1,476,362,0,0.768,matched,1
782,26.067,1780168769,T014,10,399.65,393.64,0.11,3.99,gauche,gauche,10,1,186,185,0,0.728,matched,1
782,26.067,1780168769,T017,1,286.22,176.94,1.58,1.91,gauche,gauche,1,1,55,52,0,0.758,matched,1
783,26.100,1780168769,T003,10,200.52,857.42,-0.22,-0.3,droite,droite,10,1,816,634,0,0.77,matched,1
783,26.100,1780168769,T004,34,116.16,326.17,0.02,4.44,gauche,gauche,34,1,800,470,0,0.756,matched,1
783,26.100,1780168769,T007,2,380.98,612.95,0.28,-1.75,droite,droite,2,1,784,784,0,0.756,matched,1
783,26.100,1780168769,T008,1,174.67,695.47,-1.52,-0.72,droite,droite,1,1,800,482,0,0.764,matched,1
783,26.100,1780168769,T012,54,521.78,503.15,-0.0,-0.0,gauche,gauche,54,1,770,506,0,0.77,matched,1
783,26.100,1780168769,T013,18,79.66,616.36,-0.07,-0.5,droite,droite,18,1,477,363,0,0.762,matched,1
783,26.100,1780168769,T014,10,399.95,399.16,0.13,5.32,gauche,gauche,10,1,187,186,0,0.745,matched,1
783,26.100,1780168769,T017,1,288.64,179.42,1.71,1.22,gauche,gauche,1,1,56,53,0,0.761,matched,1
784,26.133,1780168769,T003,10,200.52,857.42,-0.16,-0.23,droite,droite,10,1,817,635,0,0.769,matched,1
784,26.133,1780168769,T004,34,115.75,331.07,-0.16,4.16,gauche,gauche,34,1,801,471,0,0.766,matched,1
784,26.133,1780168769,T007,2,381.32,609.38,0.09,-3.19,droite,droite,2,1,785,785,0,0.746,matched,1
784,26.133,1780168769,T008,1,172.51,694.81,-1.63,-0.53,droite,droite,1,1,801,483,0,0.766,matched,1
784,26.133,1780168769,T011,44,379.62,654.57,0.24,-3.67,droite,droite,44,1,761,599,0,0.74,matched,1
784,26.133,1780168769,T012,54,521.78,503.15,-0.0,0.0,gauche,gauche,54,1,771,507,0,0.77,matched,1
784,26.133,1780168769,T013,18,79.56,614.67,0.25,-1.76,droite,droite,18,1,478,364,0,0.75,matched,1
784,26.133,1780168769,T014,10,400.35,405.19,0.28,5.47,gauche,gauche,10,1,188,187,0,0.76,matched,1
784,26.133,1780168769,T017,1,291.44,181.26,2.22,0.67,gauche,gauche,1,1,57,54,0,0.758,matched,1
785,26.167,1780168769,T003,10,200.52,857.42,-0.27,0.02,droite,droite,10,1,818,636,0,0.766,matched,1
785,26.167,1780168769,T004,34,115.22,335.28,-0.36,3.11,gauche,gauche,34,1,802,472,0,0.76,matched,1
785,26.167,1780168769,T007,2,381.4,604.13,-0.17,-5.06,droite,droite,2,1,786,786,0,0.738,matched,1
785,26.167,1780168769,T008,1,170.6,693.88,-1.3,-0.85,droite,droite,1,1,802,484,0,0.764,matched,1
785,26.167,1780168769,T012,54,521.78,503.15,-0.0,0.0,gauche,gauche,54,1,772,508,0,0.77,matched,1
785,26.167,1780168769,T013,18,80.16,611.1,0.99,-3.89,droite,droite,18,1,479,365,0,0.734,matched,1
785,26.167,1780168769,T014,10,401.14,410.7,0.79,4.46,gauche,gauche,10,1,189,188,0,0.76,matched,1
785,26.167,1780168769,T017,1,294.43,182.71,2.42,0.48,gauche,gauche,1,1,58,55,0,0.763,matched,1
786,26.200,1780168769,T003,10,199.92,857.02,-0.26,0.11,droite,droite,10,1,819,637,0,0.769,matched,1
786,26.200,1780168769,T004,34,114.43,338.44,-0.7,1.83,gauche,gauche,34,1,803,473,0,0.755,matched,1
786,26.200,1780168769,T007,2,381.49,598.18,-0.06,-5.48,droite,droite,2,1,787,787,0,0.756,matched,1
786,26.200,1780168769,T008,1,168.81,692.68,-1.22,-1.12,droite,droite,1,1,803,485,0,0.765,matched,1
786,26.200,1780168769,T012,54,521.78,503.15,-0.0,0.17,gauche,gauche,54,1,773,509,0,0.767,matched,1
786,26.200,1780168769,T013,18,81.26,606.37,1.39,-4.84,droite,droite,18,1,480,366,0,0.749,matched,1
786,26.200,1780168769,T014,10,402.42,415.33,1.31,3.22,gauche,gauche,10,1,190,189,0,0.755,matched,1
786,26.200,1780168769,T017,1,297.38,185.74,2.29,2.68,gauche,gauche,1,1,59,56,0,0.737,matched,1
787,26.233,1780168769,T003,10,199.92,857.02,-0.19,0.12,droite,droite,10,1,820,638,0,0.769,matched,1
787,26.233,1780168769,T004,34,113.63,340.69,-0.67,0.92,gauche,gauche,34,1,804,474,0,0.759,matched,1
787,26.233,1780168769,T007,2,381.58,592.78,-0.01,-4.4,droite,droite,2,1,788,788,0,0.762,matched,1
787,26.233,1780168769,T008,1,167.3,691.54,-0.91,-0.97,droite,droite,1,1,804,486,0,0.767,matched,1
787,26.233,1780168769,T012,54,521.78,503.15,-0.0,0.2,gauche,gauche,54,1,774,510,0,0.769,matched,1
787,26.233,1780168769,T013,18,82.41,601.81,1.23,-4.11,droite,droite,18,1,481,367,0,0.766,matched,1
787,26.233,1780168769,T014,10,403.74,418.91,1.22,2.02,gauche,gauche,10,1,191,190,0,0.757,matched,1
787,26.233,1780168769,T017,1,299.9,189.1,1.72,2.91,gauche,gauche,1,1,60,57,0,0.761,matched,1
788,26.267,1780168769,T003,10,199.92,857.02,-0.29,0.1,droite,droite,10,1,821,639,0,0.768,matched,1
788,26.267,1780168769,T004,34,112.94,342.93,-0.51,1.21,gauche,gauche,34,1,805,475,0,0.764,matched,1
788,26.267,1780168769,T007,2,381.81,587.99,0.19,-3.49,droite,droite,2,1,789,789,0,0.763,matched,1
788,26.267,1780168769,T008,1,165.99,690.44,-0.75,-0.86,droite,droite,1,1,805,487,0,0.769,matched,1
788,26.267,1780168769,T012,54,521.78,503.15,-0.0,-0.01,gauche,gauche,54,1,775,511,0,0.767,matched,1
788,26.267,1780168769,T013,18,83.26,597.87,0.72,-3.07,droite,droite,18,1,482,368,0,0.759,matched,1
788,26.267,1780168769,T014,10,405.15,421.53,1.24,1.09,gauche,gauche,10,1,192,191,0,0.759,matched,1
788,26.267,1780168769,T017,1,302.28,193.22,1.62,3.7,gauche,gauche,1,1,61,58,0,0.754,matched,1
789,26.300,1780168769,T003,10,199.09,856.65,-0.43,-0.1,droite,droite,10,1,822,640,0,0.766,matched,1
789,26.300,1780168769,T004,34,112.26,344.76,-0.5,0.88,gauche,gauche,34,1,806,476,0,0.767,matched,1
789,26.300,1780168769,T007,2,382.06,584.15,0.22,-2.35,droite,droite,2,1,790,790,0,0.758,matched,1
789,26.300,1780168769,T008,1,164.8,689.52,-0.69,-0.62,droite,droite,1,1,806,488,0,0.768,matched,1
789,26.300,1780168769,T012,54,521.78,503.15,-0.0,-0.08,gauche,gauche,54,1,776,512,0,0.769,matched,1
789,26.300,1780168769,T013,18,83.86,594.78,0.36,-1.97,droite,droite,18,1,483,369,0,0.758,matched,1
789,26.300,1780168769,T014,10,406.54,424.34,1.14,1.68,gauche,gauche,10,1,193,192,0,0.76,matched,1
789,26.300,1780168769,T015,58,130.86,388.33,0.34,4.49,gauche,gauche,58,1,224,156,0,0.611,reattached,1
789,26.300,1780168769,T017,1,304.69,197.93,1.72,4.19,gauche,gauche,1,1,62,59,0,0.757,matched,1
790,26.333,1780168769,T004,34,111.82,347.81,-0.21,2.59,gauche,gauche,34,1,807,477,0,0.743,matched,1
790,26.333,1780168769,T007,2,382.43,581.13,0.35,-1.55,droite,droite,2,1,791,791,0,0.761,matched,1
790,26.333,1780168769,T012,54,521.78,503.15,0.0,-0.1,gauche,gauche,54,1,777,513,0,0.77,matched,1
790,26.333,1780168769,T013,18,84.11,592.51,-0.03,-1.1,droite,droite,18,1,484,370,0,0.759,matched,1
790,26.333,1780168769,T014,10,407.59,428.67,0.67,3.73,gauche,gauche,10,1,194,193,0,0.737,matched,1
790,26.333,1780168769,T015,4,120.54,395.24,-21.97,16.53,gauche,gauche,4,1,225,157,0,0.6,matched,1
790,26.333,1780168769,T017,1,307.21,202.51,1.88,3.76,gauche,gauche,1,1,63,60,0,0.765,matched,1
790,26.333,1780168769,T018,24,161.43,697.77,-0.66,-1.82,droite,droite,24,1,18,6,0,0.762,matched,1
791,26.367,1780168769,T003,10,198.32,853.85,-0.32,-2.57,droite,droite,10,1,824,641,0,0.734,matched,1
791,26.367,1780168769,T004,34,111.54,352.25,-0.05,4.19,gauche,gauche,34,1,808,478,0,0.743,matched,1
791,26.367,1780168769,T007,2,382.94,578.74,0.49,-1.05,droite,droite,2,1,792,792,0,0.764,matched,1
791,26.367,1780168769,T012,54,521.78,503.15,0.0,-0.08,gauche,gauche,54,1,778,514,0,0.77,matched,1
791,26.367,1780168769,T013,18,84.03,590.76,-0.35,-0.68,droite,droite,18,1,485,371,0,0.764,matched,1
791,26.367,1780168769,T014,10,408.33,434.22,0.34,5.04,gauche,gauche,10,1,195,194,0,0.745,matched,1
791,26.367,1780168769,T015,4,108.31,403.99,-18.05,13.99,gauche,gauche,4,1,226,158,0,0.756,matched,1
791,26.367,1780168769,T017,1,309.84,206.38,2.02,2.74,gauche,gauche,1,1,64,61,0,0.759,matched,1
791,26.367,1780168769,T018,24,160.18,694.93,-0.72,-1.08,droite,droite,24,1,19,7,0,0.763,matched,1
792,26.400,1780168769,T003,10,197.72,849.74,-0.21,-3.91,droite,droite,10,1,825,642,0,0.746,matched,1
792,26.400,1780168769,T004,34,110.96,356.42,-0.49,3.52,gauche,gauche,34,1,809,479,0,0.762,matched,1
792,26.400,1780168769,T007,2,383.44,575.96,0.44,-1.82,droite,droite,2,1,793,793,0,0.757,matched,1
792,26.400,1780168769,T012,54,521.78,503.15,0.0,-0.05,gauche,gauche,54,1,779,515,0,0.77,matched,1
792,26.400,1780168769,T013,18,83.83,589.06,-0.39,-0.88,droite,droite,18,1,486,372,0,0.766,matched,1
792,26.400,1780168769,T014,10,408.97,440.35,0.3,5.42,gauche,gauche,10,1,196,195,0,0.757,matched,1
792,26.400,1780168769,T015,4,97.7,412.1,-11.51,9.58,gauche,gauche,4,1,227,159,0,0.715,matched,1
792,26.400,1780168769,T017,1,312.43,209.24,1.96,1.56,gauche,gauche,1,1,65,62,0,0.756,matched,1
792,26.400,1780168769,T018,24,158.12,692.82,-1.87,-0.57,droite,droite,24,1,20,8,0,0.753,matched,1
793,26.433,1780168769,T003,10,197.27,845.7,-0.12,-3.48,droite,droite,10,1,826,643,0,0.769,matched,1
793,26.433,1780168769,T004,34,110.31,359.87,-0.55,2.46,gauche,gauche,34,1,810,480,0,0.759,matched,1
793,26.433,1780168769,T007,2,383.86,573.37,0.31,-1.7,droite,droite,2,1,794,794,0,0.769,matched,1
793,26.433,1780168769,T009,57,519.85,509.59,0.89,-1.72,gauche,gauche,57,1,823,431,0,0.766,matched,1
793,26.433,1780168769,T013,18,83.61,587.58,-0.32,-0.75,droite,droite,18,1,487,373,0,0.769,matched,1
793,26.433,1780168769,T014,10,409.49,445.88,0.22,4.33,gauche,gauche,10,1,197,196,0,0.762,matched,1
793,26.433,1780168769,T015,4,89.52,418.52,-6.73,5.85,gauche,gauche,4,1,228,160,0,0.715,matched,1
793,26.433,1780168769,T017,1,314.65,211.26,1.49,0.75,gauche,gauche,1,1,66,63,0,0.76,matched,1
793,26.433,1780168769,T018,24,156.0,691.29,-1.82,-0.26,droite,droite,24,1,21,9,0,0.766,matched,1
794,26.467,1780168769,T003,10,196.94,842.15,-0.06,-2.68,droite,droite,10,1,827,644,0,0.764,matched,1
794,26.467,1780168769,T004,34,109.45,362.91,-0.78,2.0,gauche,gauche,34,1,811,481,0,0.765,matched,1
794,26.467,1780168769,T007,2,384.32,570.38,0.37,-2.29,droite,droite,2,1,795,795,0,0.759,matched,1
794,26.467,1780168769,T009,57,520.67,507.89,0.69,-1.35,gauche,gauche,57,1,824,432,0,0.767,matched,1
794,26.467,1780168769,T011,44,381.63,634.77,0.25,-3.7,droite,droite,44,1,771,600,0,0.758,matched,1
794,26.467,1780168769,T013,18,83.7,585.57,0.12,-1.55,droite,droite,18,1,488,374,0,0.756,matched,1
794,26.467,1780168769,T014,10,410.16,451.02,0.48,3.78,gauche,gauche,10,1,198,197,0,0.766,matched,1
794,26.467,1780168769,T015,4,83.44,423.26,-3.82,3.28,gauche,gauche,4,1,229,161,0,0.73,matched,1
794,26.467,1780168769,T017,1,316.68,214.56,1.31,2.64,gauche,gauche,1,1,67,64,0,0.741,matched,1
794,26.467,1780168769,T018,24,153.89,690.03,-1.72,-0.26,droite,droite,24,1,22,10,0,0.769,matched,1
795,26.500,1780168769,T003,10,196.97,839.33,0.33,-1.76,droite,droite,10,1,828,645,0,0.759,matched,1
795,26.500,1780168769,T004,34,108.21,365.9,-1.21,2.05,gauche,gauche,34,1,812,482,0,0.762,matched,1
795,26.500,1780168769,T007,2,384.74,565.55,0.3,-4.54,droite,droite,2,1,796,796,0,0.733,matched,1
795,26.500,1780168769,T009,57,521.33,506.53,0.46,-0.9,gauche,gauche,57,1,825,433,0,0.765,matched,1
795,26.500,1780168769,T013,18,83.92,582.76,0.26,-2.53,droite,droite,18,1,489,375,0,0.753,matched,1
795,26.500,1780168769,T014,10,411.09,455.41,0.81,2.88,gauche,gauche,10,1,199,198,0,0.761,matched,1
795,26.500,1780168769,T015,4,78.97,426.59,-2.11,1.64,gauche,gauche,4,1,230,162,0,0.743,matched,1
795,26.500,1780168769,T017,1,318.47,219.54,1.11,4.65,gauche,gauche,1,1,68,65,0,0.737,matched,1
795,26.500,1780168769,T018,24,151.95,689.18,-1.46,-0.03,droite,droite,24,1,23,11,0,0.767,matched,1
796,26.533,1780168769,T003,10,197.29,837.23,0.57,-1.01,droite,droite,10,1,829,646,0,0.761,matched,1
796,26.533,1780168769,T004,34,106.55,368.47,-1.61,1.6,gauche,gauche,34,1,813,483,0,0.762,matched,1
796,26.533,1780168769,T007,2,385.22,559.6,0.38,-5.57,droite,droite,2,1,797,797,0,0.748,matched,1
796,26.533,1780168769,T008,43,82.47,573.58,-8.48,-12.14,droite,droite,43,1,813,489,0,0.57,matched,1
796,26.533,1780168769,T009,57,521.82,505.51,0.27,-0.53,gauche,gauche,57,1,826,434,0,0.765,matched,1
796,26.533,1780168769,T014,10,412.15,458.86,0.92,1.88,gauche,gauche,10,1,200,199,0,0.759,matched,1
796,26.533,1780168769,T015,4,75.8,429.13,-0.99,1.0,gauche,gauche,4,1,231,163,0,0.755,matched,1
796,26.533,1780168769,T017,1,320.21,225.68,1.12,5.72,gauche,gauche,1,1,69,66,0,0.747,matched,1
796,26.533,1780168769,T018,24,150.21,688.47,-1.2,-0.11,droite,droite,24,1,24,12,0,0.768,matched,1
797,26.567,1780168769,T003,10,197.69,835.73,0.53,-0.49,droite,droite,10,1,830,647,0,0.764,matched,1
797,26.567,1780168769,T004,34,105.36,372.29,-0.89,3.28,gauche,gauche,34,1,814,484,0,0.742,matched,1
797,26.567,1780168769,T007,2,385.8,553.85,0.49,-4.87,droite,droite,2,1,798,798,0,0.767,matched,1
797,26.567,1780168769,T009,57,522.17,504.78,0.13,-0.26,gauche,gauche,57,1,827,435,0,0.766,matched,1
797,26.567,1780168769,T011,44,383.83,615.54,0.73,-4.9,droite,droite,44,1,774,601,0,0.752,matched,1
797,26.567,1780168769,T013,18,84.25,575.77,0.03,-3.19,droite,droite,18,1,491,377,0,0.762,matched,1
797,26.567,1780168769,T014,10,413.26,461.57,0.93,1.23,gauche,gauche,10,1,201,200,0,0.763,matched,1
797,26.567,1780168769,T015,4,74.15,432.79,0.34,2.74,gauche,gauche,4,1,232,164,0,0.737,matched,1
797,26.567,1780168769,T017,1,321.95,232.01,1.21,5.52,gauche,gauche,1,1,70,67,0,0.764,matched,1
797,26.567,1780168769,T018,24,148.81,686.65,-0.83,-1.64,droite,droite,24,1,25,13,0,0.747,matched,1
798,26.600,1780168769,T003,10,198.06,833.85,0.39,-1.2,droite,droite,10,1,831,648,0,0.759,matched,1
798,26.600,1780168769,T004,34,104.83,377.53,-0.07,4.88,gauche,gauche,34,1,815,485,0,0.74,matched,1
798,26.600,1780168769,T007,2,386.47,548.75,0.59,-3.84,droite,droite,2,1,799,799,0,0.762,matched,1
798,26.600,1780168769,T009,57,522.17,504.78,0.05,-0.1,gauche,gauche,57,1,828,436,0,0.768,matched,1
798,26.600,1780168769,T013,18,84.11,572.09,-0.24,-3.05,droite,droite,18,1,492,378,0,0.765,matched,1
798,26.600,1780168769,T014,10,414.36,464.28,0.89,1.56,gauche,gauche,10,1,202,201,0,0.763,matched,1
798,26.600,1780168769,T015,4,73.62,437.86,1.11,4.49,gauche,gauche,4,1,233,165,0,0.738,matched,1
798,26.600,1780168769,T017,1,323.75,237.66,1.31,4.35,gauche,gauche,1,1,71,68,0,0.76,matched,1
798,26.600,1780168769,T018,24,147.74,683.47,-0.49,-3.22,droite,droite,24,1,26,14,0,0.744,matched,1
799,26.633,1780168769,T003,10,198.34,832.04,0.25,-1.2,droite,droite,10,1,832,649,0,0.768,matched,1
799,26.633,1780168769,T004,34,104.68,382.82,0.26,4.56,gauche,gauche,34,1,816,486,0,0.765,matched,1
799,26.633,1780168769,T007,2,387.1,544.67,0.5,-2.56,droite,droite,2,1,800,800,0,0.757,matched,1
799,26.633,1780168769,T009,57,522.17,504.78,0.01,-0.01,gauche,gauche,57,1,829,437,0,0.769,matched,1
799,26.633,1780168769,T013,18,83.89,568.92,-0.29,-2.3,droite,droite,18,1,493,379,0,0.763,matched,1
799,26.633,1780168769,T014,10,415.31,466.66,0.67,1.33,gauche,gauche,10,1,203,202,0,0.768,matched,1
799,26.633,1780168769,T015,4,73.62,442.87,1.16,4.14,gauche,gauche,4,1,234,166,0,0.767,matched,1
799,26.633,1780168769,T017,1,325.33,242.19,1.05,2.92,gauche,gauche,1,1,72,69,0,0.755,matched,1
799,26.633,1780168769,T018,24,146.97,680.11,-0.25,-3.1,droite,droite,24,1,27,15,0,0.766,matched,1
800,26.667,1780168769,T003,10,198.42,829.81,-0.03,-1.78,droite,droite,10,1,833,650,0,0.759,matched,1
800,26.667,1780168769,T004,34,104.7,387.92,0.33,4.08,gauche,gauche,34,1,817,487,0,0.769,matched,1
800,26.667,1780168769,T007,2,387.76,541.62,0.52,-1.49,droite,droite,2,1,801,801,0,0.758,matched,1
800,26.667,1780168769,T012,54,521.78,503.15,0.0,0.09,gauche,gauche,54,1,787,516,0,0.766,matched,1
800,26.667,1780168769,T013,18,83.39,566.43,-0.58,-1.49,droite,droite,18,1,494,380,0,0.76,matched,1
800,26.667,1780168769,T014,10,415.92,469.68,0.27,2.3,gauche,gauche,10,1,204,203,0,0.753,matched,1
800,26.667,1780168769,T015,4,73.93,447.97,1.08,4.09,gauche,gauche,4,1,235,167,0,0.765,matched,1
800,26.667,1780168769,T017,1,326.87,245.72,1.05,1.87,gauche,gauche,1,1,73,70,0,0.759,matched,1
800,26.667,1780168769,T018,24,146.28,676.36,-0.27,-3.37,droite,droite,24,1,28,16,0,0.761,matched,1
801,26.700,1780168769,T003,10,198.52,826.46,0.04,-3.13,droite,droite,10,1,834,651,0,0.748,matched,1
801,26.700,1780168769,T004,34,104.51,392.75,-0.06,3.65,gauche,gauche,34,1,818,488,0,0.765,matched,1
801,26.700,1780168769,T007,2,388.47,539.15,0.58,-1.08,droite,droite,2,1,802,802,0,0.766,matched,1
801,26.700,1780168769,T011,44,386.26,597.09,0.7,-3.79,droite,droite,44,1,778,602,0,0.76,matched,1
801,26.700,1780168769,T012,54,521.78,503.15,0.0,0.07,gauche,gauche,54,1,788,517,0,0.77,matched,1
801,26.700,1780168769,T013,18,82.29,564.58,-1.24,-0.84,droite,droite,18,1,495,381,0,0.757,matched,1
801,26.700,1780168769,T014,10,416.16,474.09,-0.12,4.02,gauche,gauche,10,1,205,204,0,0.741,matched,1
801,26.700,1780168769,T015,4,74.15,452.79,0.64,3.65,gauche,gauche,4,1,236,168,0,0.765,matched,1
801,26.700,1780168769,T017,1,328.59,248.33,1.32,1.04,gauche,gauche,1,1,74,71,0,0.759,matched,1
801,26.700,1780168769,T018,24,145.17,672.68,-0.9,-3.04,droite,droite,24,1,29,17,0,0.76,matched,1
802,26.733,1780168769,T003,10,198.62,821.69,0.06,-4.64,droite,droite,10,1,835,652,0,0.743,matched,1
802,26.733,1780168769,T004,34,104.09,397.07,-0.36,2.99,gauche,gauche,34,1,819,489,0,0.764,matched,1
802,26.733,1780168769,T007,2,389.11,536.3,0.47,-1.87,droite,droite,2,1,803,803,0,0.757,matched,1
802,26.733,1780168769,T012,54,521.78,503.15,-0.0,-0.21,gauche,gauche,54,1,789,518,0,0.767,matched,1
802,26.733,1780168769,T013,18,80.94,563.27,-1.38,-0.4,droite,droite,18,1,496,382,0,0.763,matched,1
802,26.733,1780168769,T014,10,416.34,479.36,-0.07,4.79,gauche,gauche,10,1,206,205,0,0.753,matched,1
802,26.733,1780168769,T015,4,74.13,456.82,0.15,2.65,gauche,gauche,4,1,237,169,0,0.759,matched,1
802,26.733,1780168769,T017,1,330.44,251.03,1.47,1.51,gauche,gauche,1,1,75,72,0,0.761,matched,1
802,26.733,1780168769,T018,24,143.59,669.57,-1.45,-2.23,droite,droite,24,1,30,18,0,0.758,matched,1
803,26.767,1780168769,T003,10,198.85,816.69,0.22,-4.51,droite,droite,10,1,836,653,0,0.765,matched,1
803,26.767,1780168769,T004,34,103.22,400.55,-0.91,2.06,gauche,gauche,34,1,820,490,0,0.757,matched,1
803,26.767,1780168769,T012,54,521.78,503.15,-0.0,-0.23,gauche,gauche,54,1,790,519,0,0.77,matched,1
803,26.767,1780168769,T013,18,79.82,561.39,-0.95,-1.33,droite,droite,18,1,497,383,0,0.755,matched,1
803,26.767,1780168769,T014,10,414.77,485.64,-2.16,5.7,droite+gauche,"droite,gauche","10,2",2,207,206,0,0.733,merged,1
803,26.767,1780168769,T015,4,73.71,459.94,-0.41,1.66,gauche,gauche,4,1,238,170,0,0.757,matched,1
803,26.767,1780168769,T017,1,332.23,255.63,1.36,4.06,gauche,gauche,1,1,76,73,0,0.73,matched,1
803,26.767,1780168769,T018,24,141.62,667.01,-1.84,-1.58,droite,droite,24,1,31,19,0,0.76,matched,1
804,26.800,1780168769,T003,10,199.1,812.3,0.23,-3.43,droite,droite,10,1,837,654,0,0.761,matched,1
804,26.800,1780168769,T004,34,102.13,403.2,-1.08,1.23,gauche,gauche,34,1,821,491,0,0.76,matched,1
804,26.800,1780168769,T007,56,391.02,532.27,1.62,-2.64,gauche,gauche,56,1,805,804,0,0.748,matched,1
804,26.800,1780168769,T008,43,79.88,570.1,-1.64,-2.25,droite,droite,43,1,821,490,0,0.57,matched,1
804,26.800,1780168769,T011,59,390.05,578.42,1.88,-5.09,gauche,gauche,59,1,781,603,0,0.741,matched,1
804,26.800,1780168769,T012,54,521.78,503.15,-0.0,-0.17,gauche,gauche,54,1,791,520,0,0.77,matched,1
804,26.800,1780168769,T014,10,412.69,490.85,-2.39,3.99,droite+gauche,"droite,gauche","10,2",2,208,207,0,0.752,merged,1
804,26.800,1780168769,T015,4,73.02,462.51,-0.7,1.24,gauche,gauche,4,1,239,171,0,0.764,matched,1
804,26.800,1780168769,T017,1,333.88,260.75,1.18,4.47,gauche,gauche,1,1,77,74,0,0.758,matched,1
804,26.800,1780168769,T018,24,139.46,664.92,-1.91,-1.14,droite,droite,24,1,32,20,0,0.764,matched,1
805,26.833,1780168769,T003,10,199.33,808.84,0.19,-2.24,droite,droite,10,1,838,655,0,0.757,matched,1
805,26.833,1780168769,T004,34,101.1,405.12,-0.9,0.63,gauche,gauche,34,1,822,492,0,0.763,matched,1
805,26.833,1780168769,T007,56,392.91,528.74,1.51,-2.18,gauche,gauche,56,1,806,805,0,0.767,matched,1
805,26.833,1780168769,T008,43,77.99,567.59,-0.76,-1.02,droite,droite,43,1,822,491,0,0.757,matched,1
805,26.833,1780168769,T012,54,521.78,503.15,-0.0,-0.11,gauche,gauche,54,1,792,521,0,0.769,matched,1
805,26.833,1780168769,T014,10,410.71,494.83,-1.94,2.42,droite+gauche,"droite,gauche","10,2",2,209,208,0,0.753,merged,1
805,26.833,1780168769,T015,4,72.31,464.5,-0.66,0.8,gauche,gauche,4,1,240,172,0,0.765,matched,1
805,26.833,1780168769,T017,1,335.24,265.51,0.84,3.78,gauche,gauche,1,1,78,75,0,0.765,matched,1
805,26.833,1780168769,T018,24,137.54,663.31,-1.51,-0.71,droite,droite,24,1,33,21,0,0.764,matched,1
806,26.867,1780168769,T003,10,199.52,806.27,0.12,-1.27,droite,droite,10,1,839,656,0,0.759,matched,1
806,26.867,1780168769,T004,34,100.24,406.61,-0.63,0.43,gauche,gauche,34,1,823,493,0,0.767,matched,1
806,26.867,1780168769,T007,10,397.86,524.08,5.33,-3.79,gauche,gauche,10,1,807,806,0,0.708,matched,1
806,26.867,1780168769,T008,43,76.5,565.5,-0.49,-0.82,droite,droite,43,1,823,492,0,0.768,matched,1
806,26.867,1780168769,T012,54,521.78,503.15,-0.0,-0.06,gauche,gauche,54,1,793,522,0,0.769,matched,1
806,26.867,1780168769,T015,4,71.97,467.08,-0.15,1.81,gauche,gauche,4,1,241,173,0,0.753,matched,1
806,26.867,1780168769,T017,1,336.84,271.64,1.2,5.37,gauche,gauche,1,1,79,76,0,0.74,matched,1
806,26.867,1780168769,T018,24,136.28,660.47,-0.67,-2.42,droite,droite,24,1,34,22,0,0.742,matched,1
807,26.900,1780168769,T003,10,199.8,804.3,0.24,-0.78,droite,droite,10,1,840,657,0,0.764,matched,1
807,26.900,1780168769,T004,34,99.59,408.3,-0.38,0.93,gauche,gauche,34,1,824,494,0,0.762,matched,1
807,26.900,1780168769,T007,10,403.76,519.98,5.88,-2.98,gauche,gauche,10,1,808,807,0,0.754,matched,1
807,26.900,1780168769,T012,54,521.78,503.15,-0.0,-0.03,gauche,gauche,54,1,794,523,0,0.77,matched,1
807,26.900,1780168769,T013,18,78.66,548.93,-0.14,-2.45,droite,droite,18,1,501,387,0,0.765,matched,1
807,26.900,1780168769,T015,4,72.12,470.98,0.42,3.49,gauche,gauche,4,1,242,174,0,0.741,matched,1
807,26.900,1780168769,T017,1,338.19,277.94,0.9,5.28,gauche,gauche,1,1,80,77,0,0.763,matched,1
807,26.900,1780168769,T018,24,135.35,656.36,-0.36,-3.89,droite,droite,24,1,35,23,0,0.745,matched,1
808,26.933,1780168769,T003,10,200.08,802.72,0.23,-0.58,droite,droite,10,1,841,658,0,0.768,matched,1
808,26.933,1780168769,T004,34,99.67,412.06,0.48,3.64,gauche,gauche,34,1,825,495,0,0.727,matched,1
808,26.933,1780168769,T007,10,409.05,517.53,4.54,-0.94,gauche,gauche,10,1,809,808,0,0.743,matched,1
808,26.933,1780168769,T008,60,74.79,559.59,-0.82,-5.12,droite+gauche,"droite,gauche","18,41,43,60",4,825,493,0,0.718,merged,1
808,26.933,1780168769,T012,54,521.78,503.15,-0.0,-0.01,gauche,gauche,54,1,795,524,0,0.77,matched,1
808,26.933,1780168769,T015,4,72.75,475.9,0.88,4.53,gauche,gauche,4,1,243,175,0,0.748,matched,1
808,26.933,1780168769,T017,1,339.52,283.56,0.92,4.21,gauche,gauche,1,1,81,78,0,0.762,matched,1
808,26.933,1780168769,T018,24,134.55,651.55,-0.33,-4.43,droite,droite,24,1,36,24,0,0.756,matched,1
809,26.967,1780168769,T003,10,200.73,799.57,0.69,-2.75,droite,droite,10,1,842,659,0,0.736,matched,1
809,26.967,1780168769,T004,34,100.07,417.08,0.7,4.87,gauche,gauche,34,1,826,496,0,0.746,matched,1
809,26.967,1780168769,T007,10,411.49,515.26,0.75,-1.07,droite+gauche,"droite,gauche","10,44",2,810,809,0,0.721,merged,1
809,26.967,1780168769,T008,60,73.13,554.18,-0.93,-4.25,droite+gauche,"droite,gauche","18,41,43,60",4,826,494,0,0.764,merged,1
809,26.967,1780168769,T012,54,521.78,503.15,-0.0,-0.0,gauche,gauche,54,1,796,525,0,0.77,matched,1
809,26.967,1780168769,T015,4,73.62,481.28,1.03,4.75,gauche,gauche,4,1,244,176,0,0.759,matched,1
809,26.967,1780168769,T017,1,341.07,288.08,1.22,2.84,gauche,gauche,1,1,82,79,0,0.755,matched,1
809,26.967,1780168769,T018,24,133.9,646.57,-0.25,-4.31,droite,droite,24,1,37,25,0,0.765,matched,1
810,27.000,1780168770,T003,10,201.6,795.03,0.88,-4.33,droite,droite,10,1,843,660,0,0.743,matched,1
810,27.000,1780168770,T004,34,100.67,422.77,0.8,5.26,gauche,gauche,34,1,827,497,0,0.757,matched,1
810,27.000,1780168770,T007,10,414.36,514.79,1.71,0.92,gauche,gauche,10,1,811,810,0,0.739,matched,1
810,27.000,1780168770,T008,4,72.65,547.15,0.43,-6.21,droite+gauche,"droite,gauche","18,4",2,827,495,0,0.732,merged,1
810,27.000,1780168770,T012,54,521.78,503.15,-0.17,0.17,gauche,gauche,54,1,797,526,0,0.766,matched,1
810,27.000,1780168770,T015,60,72.56,488.28,-1.53,6.48,gauche,gauche,60,1,245,177,0,0.722,matched,1
810,27.000,1780168770,T017,1,342.65,292.16,1.24,2.52,gauche,gauche,1,1,83,80,0,0.768,matched,1
810,27.000,1780168770,T018,24,133.13,642.23,-0.5,-3.28,droite,droite,24,1,38,26,0,0.76,matched,1
811,27.033,1780168770,T003,10,202.44,790.5,0.75,-3.95,droite,droite,10,1,844,661,0,0.769,matched,1
811,27.033,1780168770,T004,34,101.27,428.07,0.66,4.39,gauche,gauche,34,1,828,498,0,0.765,matched,1
811,27.033,1780168770,T007,10,417.06,515.17,1.68,1.47,gauche,gauche,10,1,812,811,0,0.76,matched,1
811,27.033,1780168770,T008,4,72.73,540.43,0.82,-5.44,droite+gauche,"droite,gauche","18,4",2,828,496,0,0.764,merged,1
811,27.033,1780168770,T012,54,521.78,503.15,-0.2,0.2,gauche,gauche,54,1,798,527,0,0.769,matched,1
811,27.033,1780168770,T015,60,70.74,495.03,-2.16,5.67,gauche,gauche,60,1,246,178,0,0.758,matched,1
811,27.033,1780168770,T017,1,344.03,295.51,0.96,1.82,gauche,gauche,1,1,84,81,0,0.763,matched,1
811,27.033,1780168770,T018,24,132.4,638.81,-0.48,-2.14,droite,droite,24,1,39,27,0,0.758,matched,1
812,27.067,1780168770,T003,10,203.41,785.53,0.87,-4.27,droite,droite,10,1,845,662,0,0.759,matched,1
812,27.067,1780168770,T004,34,101.77,432.71,0.45,3.39,gauche,gauche,34,1,829,499,0,0.762,matched,1
812,27.067,1780168770,T007,10,419.62,515.84,1.63,1.35,gauche,gauche,10,1,813,812,0,0.768,matched,1
812,27.067,1780168770,T008,4,72.88,534.82,0.6,-3.89,droite+gauche,"droite,gauche","18,4",2,829,497,0,0.755,merged,1
812,27.067,1780168770,T012,54,521.78,503.15,-0.16,0.17,gauche,gauche,54,1,799,528,0,0.77,matched,1
812,27.067,1780168770,T017,1,345.26,300.29,0.8,3.86,gauche,gauche,1,1,85,82,0,0.737,matched,1
812,27.067,1780168770,T018,24,131.51,636.26,-0.7,-1.21,droite,droite,24,1,40,28,0,0.759,matched,1
813,27.100,1780168770,T003,10,204.59,780.79,1.06,-3.76,droite,droite,10,1,846,663,0,0.766,matched,1
813,27.100,1780168770,T004,34,102.01,436.39,0.1,2.24,gauche,gauche,34,1,830,500,0,0.757,matched,1
813,27.100,1780168770,T008,4,72.82,528.54,0.15,-4.85,droite+gauche,"droite,gauche","18,4,45",3,830,498,0,0.75,merged,1
813,27.100,1780168770,T011,59,410.96,532.64,4.24,0.11,gauche,gauche,59,1,790,608,0,0.768,matched,1
813,27.100,1780168770,T012,54,521.78,503.15,-0.11,0.11,gauche,gauche,54,1,800,529,0,0.769,matched,1
813,27.100,1780168770,T017,1,346.25,306.59,0.56,5.64,gauche,gauche,1,1,86,83,0,0.738,matched,1
813,27.100,1780168770,T018,24,130.53,634.31,-0.8,-0.75,droite,droite,24,1,41,29,0,0.764,matched,1
814,27.133,1780168770,T003,10,205.82,776.56,1.06,-3.05,droite,droite,10,1,847,664,0,0.765,matched,1
814,27.133,1780168770,T004,34,101.96,439.28,-0.23,1.46,gauche,gauche,34,1,831,501,0,0.761,matched,1
814,27.133,1780168770,T007,10,418.01,511.68,-2.86,-4.09,gauche,gauche,10,1,815,813,0,0.671,matched,1
814,27.133,1780168770,T008,4,72.87,521.64,0.21,-5.57,droite+gauche,"droite,gauche","18,4,45,47",4,831,499,0,0.752,merged,1
814,27.133,1780168770,T012,54,521.78,503.15,-0.07,0.07,gauche,gauche,54,1,801,530,0,0.769,matched,1
814,27.133,1780168770,T017,1,347.29,312.71,0.68,5.04,gauche,gauche,1,1,87,84,0,0.767,matched,1
814,27.133,1780168770,T018,24,129.37,632.74,-1.0,-0.57,droite,droite,24,1,42,30,0,0.766,matched,1
815,27.167,1780168770,T003,10,207.04,773.28,0.99,-1.91,droite,droite,10,1,848,665,0,0.758,matched,1
815,27.167,1780168770,T004,34,101.79,441.7,-0.3,1.16,gauche,gauche,34,1,832,502,0,0.767,matched,1
815,27.167,1780168770,T007,59,416.53,505.3,-2.07,-6.31,gauche,gauche,59,1,816,814,0,0.731,matched,1
815,27.167,1780168770,T008,4,73.39,516.17,0.71,-3.63,droite+gauche,"droite,gauche","18,4,47",3,832,500,0,0.748,merged,1
815,27.167,1780168770,T012,54,521.78,503.15,-0.2,0.21,gauche,gauche,54,1,802,531,0,0.767,matched,1
815,27.167,1780168770,T017,1,348.2,319.92,0.57,6.22,gauche,gauche,1,1,88,85,0,0.745,matched,1
815,27.167,1780168770,T018,24,128.56,630.0,-0.51,-2.24,droite,droite,24,1,43,31,0,0.744,matched,1
816,27.200,1780168770,T003,10,208.36,770.75,1.08,-1.21,droite,droite,10,1,849,666,0,0.762,matched,1
816,27.200,1780168770,T004,34,100.36,446.28,-1.79,4.1,droite+gauche,"droite,gauche","34,47",2,833,503,0,0.72,merged,1
816,27.200,1780168770,T007,59,415.36,498.27,-1.3,-6.52,gauche,gauche,59,1,817,815,0,0.756,matched,1
816,27.200,1780168770,T008,4,74.06,514.06,0.77,0.35,droite+gauche,"droite,gauche","18,4",2,833,501,0,0.717,merged,1
816,27.200,1780168770,T012,54,521.78,503.15,-0.04,0.04,gauche,gauche,54,1,803,532,0,0.767,matched,1
816,27.200,1780168770,T017,1,349.22,326.9,0.74,5.6,gauche,gauche,1,1,89,86,0,0.767,matched,1
816,27.200,1780168770,T018,24,128.17,625.59,-0.03,-4.25,droite,droite,24,1,44,32,0,0.737,matched,1
817,27.233,1780168770,T003,10,209.54,768.87,0.87,-0.66,droite,droite,10,1,850,667,0,0.764,matched,1
817,27.233,1780168770,T004,34,98.56,451.25,-1.96,4.3,droite+gauche,"droite,gauche","34,47",2,834,504,0,0.76,merged,1
817,27.233,1780168770,T007,59,414.53,491.99,-0.7,-5.07,gauche,gauche,59,1,818,816,0,0.757,matched,1
817,27.233,1780168770,T008,4,74.06,514.06,0.62,1.81,droite+gauche,"droite,gauche","18,4",2,834,502,0,0.748,merged,1
817,27.233,1780168770,T012,54,521.78,503.15,0.03,-0.03,gauche,gauche,54,1,804,533,0,0.769,matched,1
817,27.233,1780168770,T017,1,350.14,332.78,0.64,4.09,gauche,gauche,1,1,90,87,0,0.756,matched,1
817,27.233,1780168770,T018,24,128.02,620.89,0.16,-4.23,droite,droite,24,1,45,33,0,0.763,matched,1
818,27.267,1780168770,T003,10,210.76,767.52,0.93,-0.3,droite,droite,10,1,851,668,0,0.765,matched,1
818,27.267,1780168770,T004,61,93.58,460.13,-5.66,8.93,gauche,gauche,61,1,835,505,0,0.676,matched,1
818,27.267,1780168770,T008,4,74.06,514.06,-0.4,2.32,droite+gauche,"droite,gauche","18,4,45",3,835,503,0,0.753,merged,1
818,27.267,1780168770,T012,54,521.78,503.15,0.05,-0.05,gauche,gauche,54,1,805,534,0,0.77,matched,1
818,27.267,1780168770,T014,10,409.67,490.23,2.38,-0.74,droite+gauche,"droite,gauche","10,48",2,222,221,0,0.768,merged,1
818,27.267,1780168770,T017,1,351.18,337.2,0.79,2.41,gauche,gauche,1,1,91,88,0,0.751,matched,1
818,27.267,1780168770,T018,24,128.26,615.79,0.54,-4.45,droite,droite,24,1,46,34,0,0.759,matched,1
819,27.300,1780168770,T003,10,211.97,765.75,0.91,-1.12,droite,droite,10,1,852,669,0,0.758,matched,1
819,27.300,1780168770,T008,4,74.06,514.06,-0.56,1.37,droite+gauche,"droite,gauche","18,4",2,836,504,0,0.759,merged,1
819,27.300,1780168770,T014,59,412.31,488.61,2.08,-1.24,droite+gauche,"droite,gauche","48,59",2,223,222,0,0.762,merged,1
819,27.300,1780168770,T017,1,352.39,340.64,1.01,1.55,gauche,gauche,1,1,92,89,0,0.76,matched,1
819,27.300,1780168770,T018,24,128.63,610.54,0.56,-4.37,droite,droite,24,1,47,35,0,0.764,matched,1
820,27.333,1780168770,T003,10,213.15,762.76,0.87,-2.7,droite,droite,10,1,853,670,0,0.745,matched,1
820,27.333,1780168770,T004,61,86.82,470.45,-5.35,7.32,gauche,gauche,61,1,837,506,0,0.759,matched,1
820,27.333,1780168770,T008,4,72.83,514.66,-1.55,0.75,droite+gauche,"droite,gauche","18,4,45",3,837,505,0,0.753,merged,1
820,27.333,1780168770,T012,54,521.78,503.15,0.04,-0.04,gauche,gauche,54,1,807,535,0,0.77,matched,1
820,27.333,1780168770,T014,59,414.57,486.7,1.58,-1.58,droite+gauche,"droite,gauche","48,59",2,224,223,0,0.762,merged,1
820,27.333,1780168770,T017,1,353.66,344.58,1.04,2.57,gauche,gauche,1,1,93,90,0,0.753,matched,1
820,27.333,1780168770,T018,24,129.13,605.43,0.61,-4.03,droite,droite,24,1,48,36,0,0.768,matched,1
821,27.367,1780168770,T003,10,214.56,758.38,1.16,-4.23,droite,droite,10,1,854,671,0,0.743,matched,1
821,27.367,1780168770,T004,61,82.13,478.83,-2.78,5.15,gauche,gauche,61,1,838,507,0,0.733,matched,1
821,27.367,1780168770,T008,4,71.54,515.39,-1.37,0.79,droite+gauche,"droite,gauche","4,45",2,838,506,0,0.768,merged,1
821,27.367,1780168770,T012,54,521.78,503.15,0.03,-0.03,gauche,gauche,54,1,808,536,0,0.77,matched,1
821,27.367,1780168770,T014,59,416.35,484.72,1.03,-1.6,droite+gauche,"droite,gauche","48,59",2,225,224,0,0.764,merged,1
821,27.367,1780168770,T017,1,354.64,350.71,0.64,5.44,gauche,gauche,1,1,94,91,0,0.724,matched,1
821,27.367,1780168770,T018,24,129.62,601.1,0.49,-2.98,droite,droite,24,1,49,37,0,0.76,matched,1
822,27.400,1780168770,T003,10,216.02,753.31,1.18,-4.71,droite,droite,10,1,855,672,0,0.757,matched,1
822,27.400,1780168770,T008,4,71.18,516.48,-0.06,1.14,gauche,gauche,4,1,839,507,0,0.752,matched,1
822,27.400,1780168770,T014,59,417.88,483.54,0.84,-0.57,droite+gauche,"droite,gauche","48,59",2,226,225,0,0.757,merged,1
822,27.400,1780168770,T017,1,355.35,358.52,0.34,7.18,gauche,gauche,1,1,95,92,0,0.736,matched,1
822,27.400,1780168770,T018,24,129.6,597.72,-0.18,-1.9,droite,droite,24,1,50,38,0,0.755,matched,1
823,27.433,1780168770,T003,10,217.31,748.67,0.92,-3.82,droite,droite,10,1,856,673,0,0.764,matched,1
823,27.433,1780168770,T008,4,71.31,517.57,0.46,1.01,gauche,gauche,4,1,840,508,0,0.762,matched,1
823,27.433,1780168770,T014,59,419.1,482.89,0.57,-0.04,droite+gauche,"droite,gauche","48,59",2,227,226,0,0.763,merged,1
823,27.433,1780168770,T017,1,355.84,365.98,0.15,6.22,gauche,gauche,1,1,96,93,0,0.766,matched,1
823,27.433,1780168770,T018,24,129.5,595.23,-0.22,-1.05,droite,droite,24,1,51,39,0,0.76,matched,1
824,27.467,1780168770,T003,10,218.74,743.93,1.12,-3.8,droite,droite,10,1,857,674,0,0.763,matched,1
824,27.467,1780168770,T007,59,415.44,483.55,0.58,-2.4,gauche,gauche,59,1,825,817,0,0.709,matched,1
824,27.467,1780168770,T012,54,521.78,503.15,0.01,-0.01,gauche,gauche,54,1,811,537,0,0.77,matched,1
824,27.467,1780168770,T013,34,92.22,488.84,-0.2,0.6,droite+gauche,"droite,gauche","34,47",2,518,396,0,0.769,merged,1
824,27.467,1780168770,T017,1,356.31,373.17,0.21,5.63,gauche,gauche,1,1,97,94,0,0.769,matched,1
824,27.467,1780168770,T018,24,129.51,593.32,-0.02,-0.66,droite,droite,24,1,52,40,0,0.765,matched,1
825,27.500,1780168770,T003,10,220.31,739.4,1.28,-3.44,droite,droite,10,1,858,675,0,0.766,matched,1
825,27.500,1780168770,T007,59,416.29,477.59,0.54,-0.68,gauche,gauche,59,1,826,818,0,0.754,matched,1
825,27.500,1780168770,T012,54,521.78,503.15,0.18,-0.18,gauche,gauche,54,1,812,538,0,0.767,matched,1
825,27.500,1780168770,T013,34,90.95,489.12,-1.96,1.94,droite+gauche,"droite,gauche","18,27,34,47",4,519,397,0,0.737,merged,1
825,27.500,1780168770,T017,1,356.86,379.77,0.36,4.8,gauche,gauche,1,1,98,95,0,0.765,matched,1
825,27.500,1780168770,T018,24,129.85,590.39,0.4,-2.22,droite,droite,24,1,53,41,0,0.745,matched,1
826,27.533,1780168770,T003,10,221.88,735.45,1.22,-2.69,droite,droite,10,1,859,676,0,0.764,matched,1
826,27.533,1780168770,T007,59,417.14,472.28,0.61,-1.61,gauche,gauche,59,1,827,819,0,0.76,matched,1
826,27.533,1780168770,T013,34,90.2,490.91,-0.9,3.11,droite+gauche,"droite,gauche","27,34,47",3,520,398,0,0.746,merged,1
826,27.533,1780168770,T017,1,357.64,385.32,0.67,3.56,gauche,gauche,1,1,99,96,0,0.758,matched,1
826,27.533,1780168770,T018,24,130.57,586.0,0.81,-4.02,droite,droite,24,1,54,42,0,0.74,matched,1
826,27.533,1780168770,T019,60,55.45,481.34,-0.08,-2.24,gauche,gauche,60,1,52,6,0,0.768,matched,1
827,27.567,1780168770,T003,10,223.49,732.32,1.26,-1.79,droite,droite,10,1,860,677,0,0.76,matched,1
827,27.567,1780168770,T007,59,418.32,466.66,1.11,-3.18,gauche,gauche,59,1,828,820,0,0.749,matched,1
827,27.567,1780168770,T013,34,90.18,494.5,0.13,4.64,droite+gauche,"droite,gauche","27,34",2,521,399,0,0.74,merged,1
827,27.567,1780168770,T017,1,358.7,389.65,0.98,2.27,gauche,gauche,1,1,100,97,0,0.755,matched,1
827,27.567,1780168770,T018,24,131.5,580.73,0.96,-4.82,droite,droite,24,1,55,43,0,0.752,matched,1
828,27.600,1780168770,T003,10,225.31,729.84,1.5,-1.21,droite,droite,10,1,861,678,0,0.762,matched,1
828,27.600,1780168770,T007,59,419.75,460.36,1.36,-4.56,gauche,gauche,59,1,829,821,0,0.748,matched,1
828,27.600,1780168770,T013,34,90.16,498.27,0.08,4.09,droite+gauche,"droite,gauche","27,34,47",3,522,400,0,0.769,merged,1
828,27.600,1780168770,T014,48,430.54,501.22,1.44,3.4,droite,droite,48,1,232,231,0,0.769,matched,1
828,27.600,1780168770,T017,1,359.87,393.94,1.05,2.62,gauche,gauche,1,1,101,98,0,0.761,matched,1
828,27.600,1780168770,T018,24,132.52,575.12,0.97,-4.89,droite,droite,24,1,56,44,0,0.762,matched,1
828,27.600,1780168770,T019,60,56.23,477.41,1.02,-1.97,gauche,gauche,60,1,54,7,0,0.757,matched,1
829,27.633,1780168770,T003,10,226.98,727.97,1.25,-0.71,droite,droite,10,1,862,679,0,0.764,matched,1
829,27.633,1780168770,T007,59,421.07,454.64,1.11,-3.89,gauche,gauche,59,1,830,822,0,0.767,matched,1
829,27.633,1780168770,T013,34,90.14,501.53,0.04,2.95,droite+gauche,"droite,gauche","27,34,47",3,523,401,0,0.759,merged,1
829,27.633,1780168770,T014,48,432.24,504.62,1.05,2.5,droite,droite,48,1,233,232,0,0.761,matched,1
829,27.633,1780168770,T017,1,360.93,397.68,0.83,2.16,gauche,gauche,1,1,102,99,0,0.767,matched,1
829,27.633,1780168770,T018,24,133.43,570.17,0.75,-3.8,droite,droite,24,1,57,45,0,0.761,matched,1
829,27.633,1780168770,T019,60,56.96,473.8,0.78,-1.96,gauche,gauche,60,1,55,8,0,0.767,matched,1
830,27.667,1780168770,T003,10,228.75,725.37,1.38,-1.88,droite,droite,10,1,863,680,0,0.751,matched,1
830,27.667,1780168770,T007,59,422.57,448.85,1.28,-4.13,gauche,gauche,59,1,831,823,0,0.76,matched,1
830,27.667,1780168770,T013,34,90.08,504.6,-0.04,2.52,droite+gauche,"droite,gauche","27,34,47",3,524,402,0,0.768,merged,1
830,27.667,1780168770,T014,48,433.96,508.65,1.17,3.29,droite,droite,48,1,234,233,0,0.754,matched,1
830,27.667,1780168770,T017,1,361.78,402.59,0.56,3.87,gauche,gauche,1,1,103,100,0,0.742,matched,1
830,27.667,1780168770,T018,24,134.29,565.54,0.67,-3.37,droite,droite,24,1,58,46,0,0.769,matched,1
831,27.700,1780168770,T003,10,230.74,721.4,1.63,-3.61,droite,droite,10,1,864,681,0,0.741,matched,1
831,27.700,1780168770,T007,59,423.94,443.82,1.05,-3.27,gauche,gauche,59,1,832,824,0,0.763,matched,1
831,27.700,1780168770,T008,60,85.14,521.46,5.53,1.36,droite+gauche,"droite,gauche","24,60",2,848,509,0,0.629,merged,1
831,27.700,1780168770,T012,54,521.78,503.15,-0.04,0.04,gauche,gauche,54,1,818,539,0,0.764,matched,1
831,27.700,1780168770,T014,48,435.61,513.22,1.12,3.86,droite,droite,48,1,235,234,0,0.757,matched,1
831,27.700,1780168770,T015,56,64.46,485.69,-0.21,-2.06,droite+gauche,"droite,gauche","45,56",2,266,193,0,0.762,merged,1
831,27.700,1780168770,T017,1,362.28,409.31,0.16,6.03,gauche,gauche,1,1,104,101,0,0.732,matched,1
831,27.700,1780168770,T018,47,133.78,564.43,-1.05,0.96,droite,droite,47,1,59,47,0,0.706,matched,1
832,27.733,1780168770,T003,10,232.96,716.25,1.86,-4.82,droite,droite,10,1,865,682,0,0.746,matched,1
832,27.733,1780168770,T007,59,425.32,439.4,1.06,-2.71,gauche,gauche,59,1,833,825,0,0.766,matched,1
832,27.733,1780168770,T012,54,521.78,503.15,-0.05,0.05,gauche,gauche,54,1,819,540,0,0.77,matched,1
832,27.733,1780168770,T013,34,90.82,509.68,0.5,1.7,droite+gauche,"droite,gauche","27,34",2,526,404,0,0.768,merged,1
832,27.733,1780168770,T014,48,437.28,518.65,1.19,4.74,droite,droite,48,1,236,235,0,0.751,matched,1
832,27.733,1780168770,T015,56,64.63,482.73,0.14,-2.57,droite+gauche,"droite,gauche","18,56",2,267,194,0,0.758,merged,1
832,27.733,1780168770,T017,1,362.56,417.15,-0.03,7.02,gauche,gauche,1,1,105,102,0,0.746,matched,1
832,27.733,1780168770,T018,24,134.08,561.78,0.23,-1.67,droite,droite,24,1,60,48,0,0.729,matched,1
833,27.767,1780168770,T003,10,235.39,710.48,2.04,-5.21,droite,droite,10,1,866,683,0,0.756,matched,1
833,27.767,1780168770,T007,59,426.66,435.3,1.0,-2.56,gauche,gauche,59,1,834,826,0,0.768,matched,1
833,27.767,1780168770,T008,56,89.89,521.94,-5.7,-2.75,droite+gauche,"droite,gauche","27,56",2,850,510,0,0.655,merged,1
833,27.767,1780168770,T014,48,438.86,524.52,1.11,5.02,droite,droite,48,1,237,236,0,0.759,matched,1
833,27.767,1780168770,T015,60,64.76,479.2,0.07,-3.13,droite+gauche,"droite,gauche","18,60",2,268,195,0,0.758,merged,1
833,27.767,1780168770,T017,1,362.71,425.21,-0.1,6.83,gauche,gauche,1,1,106,103,0,0.762,matched,1
833,27.767,1780168770,T018,24,134.74,558.72,0.67,-2.3,droite,droite,24,1,61,49,0,0.756,matched,1
834,27.800,1780168770,T003,10,237.85,704.84,1.99,-4.68,droite,droite,10,1,867,684,0,0.768,matched,1
834,27.800,1780168770,T007,59,427.93,431.32,0.91,-2.6,gauche,gauche,59,1,835,827,0,0.766,matched,1
834,27.800,1780168770,T008,34,91.46,521.77,-6.07,-2.3,droite+gauche,"droite,gauche","27,34",2,851,511,0,0.759,merged,1
834,27.800,1780168770,T012,54,521.78,503.15,-0.03,0.03,gauche,gauche,54,1,821,541,0,0.77,matched,1
834,27.800,1780168770,T014,48,440.06,529.75,0.66,3.99,droite,droite,48,1,238,237,0,0.761,matched,1
834,27.800,1780168770,T015,60,64.84,475.71,0.03,-2.88,droite+gauche,"droite,gauche","18,60",2,269,196,0,0.769,merged,1
834,27.800,1780168770,T017,1,362.92,432.34,0.07,5.37,gauche,gauche,1,1,107,104,0,0.758,matched,1
834,27.800,1780168770,T018,24,135.47,555.88,0.69,-2.02,droite,droite,24,1,62,50,0,0.769,matched,1
835,27.833,1780168770,T003,10,239.97,700.08,1.51,-3.42,droite,droite,10,1,868,685,0,0.758,matched,1
835,27.833,1780168770,T007,59,429.0,427.94,0.68,-2.02,gauche,gauche,59,1,836,828,0,0.765,matched,1
835,27.833,1780168770,T008,34,91.46,521.77,-4.52,-1.54,droite+gauche,"droite,gauche","27,34",2,852,512,0,0.757,merged,1
835,27.833,1780168770,T012,54,521.78,503.15,-0.02,0.02,gauche,gauche,54,1,822,542,0,0.77,matched,1
835,27.833,1780168770,T014,48,440.92,533.96,0.34,2.68,droite,droite,48,1,239,238,0,0.756,matched,1
835,27.833,1780168770,T015,60,64.89,472.74,0.01,-2.13,droite+gauche,"droite,gauche","18,60",2,270,197,0,0.763,merged,1
835,27.833,1780168770,T017,1,363.15,438.05,0.12,3.59,gauche,gauche,1,1,108,105,0,0.752,matched,1
835,27.833,1780168770,T018,24,136.13,553.53,0.54,-1.46,droite,droite,24,1,63,51,0,0.765,matched,1
836,27.867,1780168770,T003,10,241.92,695.7,1.33,-3.0,droite,droite,10,1,869,686,0,0.769,matched,1
836,27.867,1780168770,T007,59,430.1,424.44,0.77,-2.36,gauche,gauche,59,1,837,829,0,0.762,matched,1
836,27.867,1780168770,T008,34,91.46,521.77,-2.88,-0.63,droite+gauche,"droite,gauche","27,34",2,853,513,0,0.751,merged,1
836,27.867,1780168770,T012,54,521.78,503.15,-0.01,0.01,gauche,gauche,54,1,823,543,0,0.77,matched,1
836,27.867,1780168770,T014,48,441.66,537.81,0.31,2.42,droite,droite,48,1,240,239,0,0.77,matched,1
836,27.867,1780168770,T015,60,64.99,470.43,0.08,-1.36,droite+gauche,"droite,gauche","18,60",2,271,198,0,0.762,merged,1
836,27.867,1780168770,T017,1,363.49,442.33,0.28,2.09,gauche,gauche,1,1,109,106,0,0.753,matched,1
836,27.867,1780168770,T018,24,136.52,551.72,0.19,-0.91,droite,droite,24,1,64,52,0,0.763,matched,1
837,27.900,1780168770,T003,10,243.8,692.08,1.29,-2.16,droite,droite,10,1,870,687,0,0.762,matched,1
837,27.900,1780168770,T007,59,431.35,420.39,0.97,-3.15,gauche,gauche,59,1,838,830,0,0.754,matched,1
837,27.900,1780168770,T008,34,91.46,521.77,-1.8,0.19,droite+gauche,"droite,gauche","27,34",2,854,514,0,0.755,merged,1
837,27.900,1780168770,T012,54,521.78,503.15,-0.0,0.0,gauche,gauche,54,1,824,544,0,0.77,matched,1
837,27.900,1780168770,T014,48,442.39,541.53,0.39,2.45,droite,droite,48,1,241,240,0,0.766,matched,1
837,27.900,1780168770,T015,60,65.31,466.59,0.35,-3.39,gauche,gauche,60,1,272,199,0,0.738,matched,1
837,27.900,1780168770,T017,1,363.97,445.95,0.45,1.72,gauche,gauche,1,1,110,107,0,0.766,matched,1
837,27.900,1780168770,T018,24,136.45,550.11,-0.33,-0.83,droite,droite,24,1,65,53,0,0.763,matched,1
838,27.933,1780168770,T003,10,245.67,689.3,1.33,-1.35,droite,droite,10,1,871,688,0,0.761,matched,1
838,27.933,1780168770,T007,59,432.63,415.4,1.0,-4.26,gauche,gauche,59,1,839,831,0,0.749,matched,1
838,27.933,1780168770,T008,34,91.57,522.67,-1.17,0.79,droite+gauche,"droite,gauche","27,34",2,855,515,0,0.759,merged,1
838,27.933,1780168770,T011,49,414.68,531.5,0.2,1.05,droite,droite,49,1,831,610,0,0.57,reattached,1
838,27.933,1780168770,T012,54,521.78,503.15,-0.0,0.0,gauche,gauche,54,1,825,545,0,0.77,matched,1
838,27.933,1780168770,T015,60,65.95,462.31,0.71,-3.74,gauche,gauche,60,1,273,200,0,0.758,matched,1
838,27.933,1780168770,T017,1,364.45,450.06,0.41,2.71,gauche,gauche,1,1,111,108,0,0.753,matched,1
839,27.967,1780168770,T003,10,247.42,687.25,1.21,-0.73,droite,droite,10,1,872,689,0,0.763,matched,1
839,27.967,1780168770,T007,59,434.02,409.17,1.12,-5.6,gauche,gauche,59,1,840,832,0,0.744,matched,1
839,27.967,1780168770,T008,27,90.3,525.29,-2.38,2.89,droite,droite,27,1,856,516,0,0.733,matched,1
839,27.967,1780168770,T014,48,444.13,549.17,0.78,2.9,droite,droite,48,1,243,242,0,0.76,matched,1
839,27.967,1780168770,T015,60,66.79,458.15,0.86,-3.37,gauche,gauche,60,1,274,201,0,0.767,matched,1
839,27.967,1780168770,T017,1,364.73,455.37,0.13,4.35,gauche,gauche,1,1,112,109,0,0.742,matched,1
840,28.000,1780168771,T003,10,249.15,684.97,1.23,-1.34,droite,droite,10,1,873,690,0,0.76,matched,1
840,28.000,1780168771,T004,18,121.61,510.06,1.74,-5.48,droite,droite,18,1,857,511,0,0.763,matched,1
840,28.000,1780168771,T007,59,435.41,402.84,1.08,-5.35,gauche,gauche,59,1,841,833,0,0.765,matched,1
840,28.000,1780168771,T008,27,88.37,529.29,-2.64,4.22,droite,droite,27,1,857,517,0,0.745,matched,1
840,28.000,1780168771,T014,48,445.06,553.6,0.7,3.55,droite,droite,48,1,244,243,0,0.756,matched,1
840,28.000,1780168771,T015,60,67.59,453.83,0.72,-3.48,gauche,gauche,60,1,275,202,0,0.763,matched,1
840,28.000,1780168771,T017,1,364.87,462.3,-0.0,6.2,gauche,gauche,1,1,113,110,0,0.736,matched,1
841,28.033,1780168771,T003,10,250.65,682.86,0.96,-1.27,droite,droite,10,1,874,691,0,0.768,matched,1
841,28.033,1780168771,T004,18,126.95,511.06,1.09,-3.93,droite,droite,18,1,858,512,0,0.757,matched,1
841,28.033,1780168771,T007,59,436.61,397.37,0.82,-4.04,gauche,gauche,59,1,842,834,0,0.758,matched,1
841,28.033,1780168771,T008,27,86.46,533.31,-2.14,3.77,droite,droite,27,1,858,518,0,0.766,matched,1
841,28.033,1780168771,T014,48,445.83,557.65,0.52,3.0,droite,droite,48,1,245,244,0,0.767,matched,1
841,28.033,1780168771,T015,60,68.26,450.03,0.5,-2.73,gauche,gauche,60,1,276,203,0,0.764,matched,1
841,28.033,1780168771,T017,1,364.93,468.99,-0.06,5.51,gauche,gauche,1,1,114,111,0,0.769,matched,1
842,28.067,1780168771,T003,10,252.24,679.45,1.14,-3.0,droite,droite,10,1,875,692,0,0.742,matched,1
842,28.067,1780168771,T004,56,130.19,511.77,-0.39,-2.4,droite+gauche,"droite,gauche","18,56",2,859,513,0,0.746,merged,1
842,28.067,1780168771,T007,59,437.68,392.79,0.71,-2.96,gauche,gauche,59,1,843,835,0,0.76,matched,1
842,28.067,1780168771,T008,27,84.73,537.71,-1.63,3.93,droite,droite,27,1,859,519,0,0.761,matched,1
842,28.067,1780168771,T014,48,446.71,562.07,0.67,3.46,droite,droite,48,1,246,245,0,0.758,matched,1
842,28.067,1780168771,T015,60,68.76,446.31,0.31,-2.67,gauche,gauche,60,1,277,204,0,0.766,matched,1
842,28.067,1780168771,T017,1,365.09,475.72,0.11,5.35,gauche,gauche,1,1,115,112,0,0.764,matched,1
843,28.100,1780168771,T003,10,253.94,675.09,1.3,-4.0,droite,droite,10,1,876,693,0,0.75,matched,1
843,28.100,1780168771,T004,56,132.34,512.35,-0.62,-1.39,droite+gauche,"droite,gauche","18,56",2,860,514,0,0.758,merged,1
843,28.100,1780168771,T007,59,438.7,388.97,0.67,-2.21,gauche,gauche,59,1,844,836,0,0.763,matched,1
843,28.100,1780168771,T008,27,83.21,541.92,-1.23,3.44,droite,droite,27,1,860,520,0,0.766,matched,1
843,28.100,1780168771,T014,48,447.93,567.29,1.08,4.38,droite,droite,48,1,247,246,0,0.75,matched,1
843,28.100,1780168771,T015,60,68.86,442.18,-0.18,-3.23,gauche,gauche,60,1,278,205,0,0.756,matched,1
843,28.100,1780168771,T016,6,163.06,126.02,-2.94,-2.67,gauche,gauche,6,1,265,88,0,0.57,reattached,1
843,28.100,1780168771,T017,1,365.28,482.34,0.15,5.09,gauche,gauche,1,1,116,113,0,0.766,matched,1
844,28.133,1780168771,T003,10,255.87,669.41,1.57,-5.35,droite,droite,10,1,877,694,0,0.744,matched,1
844,28.133,1780168771,T004,56,133.89,512.9,-0.48,-0.71,droite+gauche,"droite,gauche","18,56",2,861,515,0,0.762,merged,1
844,28.133,1780168771,T007,59,439.55,385.58,0.5,-1.93,gauche,gauche,59,1,845,837,0,0.768,matched,1
844,28.133,1780168771,T008,27,82.15,545.44,-0.63,2.47,droite,droite,27,1,861,521,0,0.758,matched,1
844,28.133,1780168771,T012,54,521.78,503.15,0.0,-0.0,gauche,gauche,54,1,831,546,0,0.77,matched,1
844,28.133,1780168771,T014,48,449.27,573.1,1.17,4.93,droite,droite,48,1,248,247,0,0.755,matched,1
844,28.133,1780168771,T015,60,68.61,437.46,-0.5,-3.9,gauche,gauche,60,1,279,206,0,0.755,matched,1
844,28.133,1780168771,T016,6,163.06,126.02,-2.05,-0.6,gauche,gauche,6,1,266,89,0,0.763,matched,1
844,28.133,1780168771,T017,1,365.46,487.71,0.13,3.5,gauche,gauche,1,1,117,114,0,0.754,matched,1
845,28.167,1780168771,T003,10,258.05,663.24,1.83,-5.5,droite,droite,10,1,878,695,0,0.758,matched,1
845,28.167,1780168771,T004,56,133.89,512.9,-1.74,-1.36,droite+gauche,"droite,gauche","18,45,56",3,862,516,0,0.748,merged,1
845,28.167,1780168771,T007,59,440.35,382.28,0.5,-2.06,gauche,gauche,59,1,846,838,0,0.765,matched,1
845,28.167,1780168771,T008,27,81.45,548.42,-0.25,1.87,droite,droite,27,1,862,522,0,0.763,matched,1
845,28.167,1780168771,T014,48,450.61,578.64,1.1,4.37,droite,droite,48,1,249,248,0,0.769,matched,1
845,28.167,1780168771,T015,60,68.26,432.85,-0.51,-3.62,gauche,gauche,60,1,280,207,0,0.768,matched,1
845,28.167,1780168771,T016,6,163.06,126.02,-0.94,0.68,gauche,gauche,6,1,267,90,0,0.761,matched,1
845,28.167,1780168771,T017,1,365.74,492.19,0.26,2.6,gauche,gauche,1,1,118,115,0,0.762,matched,1
845,28.167,1780168771,T018,24,121.89,555.91,-5.82,2.68,droite,droite,24,1,73,54,0,0.592,matched,1
846,28.200,1780168771,T003,10,260.18,657.07,1.68,-5.16,droite,droite,10,1,879,696,0,0.767,matched,1
846,28.200,1780168771,T004,56,133.41,512.22,-1.65,-1.25,droite+gauche,"droite,gauche","18,45,56",3,863,517,0,0.769,merged,1
846,28.200,1780168771,T007,59,441.17,378.76,0.55,-2.49,gauche,gauche,59,1,847,839,0,0.76,matched,1
846,28.200,1780168771,T008,27,81.13,551.18,0.12,1.73,droite,droite,27,1,863,523,0,0.765,matched,1
846,28.200,1780168771,T011,57,403.82,526.89,-5.98,-3.44,gauche,gauche,57,1,839,611,0,0.598,matched,1
846,28.200,1780168771,T012,54,521.78,503.15,0.45,-0.45,gauche,gauche,54,1,833,547,0,0.763,matched,1
846,28.200,1780168771,T014,48,451.76,583.69,0.83,3.66,droite,droite,48,1,250,249,0,0.765,matched,1
846,28.200,1780168771,T015,60,68.33,428.94,0.12,-2.68,gauche,gauche,60,1,281,208,0,0.758,matched,1
846,28.200,1780168771,T016,6,162.47,127.02,-0.46,1.42,gauche,gauche,6,1,268,91,0,0.762,matched,1
846,28.200,1780168771,T017,1,366.58,495.95,0.93,2.0,gauche,gauche,1,1,119,116,0,0.759,matched,1
847,28.233,1780168771,T003,10,261.98,651.78,1.25,-3.86,droite,droite,10,1,880,697,0,0.758,matched,1
847,28.233,1780168771,T004,56,132.85,511.52,-1.24,-0.98,droite+gauche,"droite,gauche","18,45,56",3,864,518,0,0.766,merged,1
847,28.233,1780168771,T007,59,441.88,375.6,0.45,-2.1,gauche,gauche,59,1,848,840,0,0.768,matched,1
847,28.233,1780168771,T008,27,81.02,553.46,0.23,1.28,droite,droite,27,1,864,524,0,0.766,matched,1
847,28.233,1780168771,T011,57,395.03,523.07,-4.03,-2.33,gauche,gauche,57,1,840,612,0,0.754,matched,1
847,28.233,1780168771,T012,54,521.78,503.15,0.4,-0.4,gauche,gauche,54,1,834,548,0,0.77,matched,1
847,28.233,1780168771,T014,48,452.67,587.81,0.54,2.56,droite,droite,48,1,251,250,0,0.759,matched,1
847,28.233,1780168771,T015,60,68.6,425.89,0.33,-1.71,gauche,gauche,60,1,282,209,0,0.759,matched,1
847,28.233,1780168771,T016,6,162.05,128.03,-0.23,1.15,gauche,gauche,6,1,269,92,0,0.767,matched,1
847,28.233,1780168771,T017,1,367.55,498.76,0.98,1.15,gauche,gauche,1,1,120,117,0,0.76,matched,1
848,28.267,1780168771,T003,10,263.66,647.49,1.13,-2.65,droite,droite,10,1,881,698,0,0.758,matched,1
848,28.267,1780168771,T004,56,132.66,510.57,-0.45,-1.1,droite+gauche,"droite,gauche","18,45,47,56",4,865,519,0,0.76,merged,1
848,28.267,1780168771,T007,59,442.72,372.22,0.64,-2.49,gauche,gauche,59,1,849,841,0,0.76,matched,1
848,28.267,1780168771,T011,57,388.15,521.09,-2.37,0.32,gauche,gauche,57,1,841,613,0,0.744,matched,1
848,28.267,1780168771,T012,54,521.78,503.15,0.27,-0.27,gauche,gauche,54,1,835,549,0,0.769,matched,1
848,28.267,1780168771,T014,48,454.02,592.87,1.15,3.93,droite,droite,48,1,252,251,0,0.744,matched,1
848,28.267,1780168771,T015,60,69.6,423.64,1.19,-0.95,gauche,gauche,60,1,283,210,0,0.754,matched,1
848,28.267,1780168771,T016,6,161.89,129.16,0.07,1.15,gauche,gauche,6,1,270,93,0,0.766,matched,1
848,28.267,1780168771,T018,24,93.58,571.5,-1.34,2.84,droite,droite,24,1,76,57,0,0.758,matched,1
849,28.300,1780168771,T003,10,265.33,644.25,1.17,-1.58,droite,droite,10,1,882,699,0,0.758,matched,1
849,28.300,1780168771,T004,56,132.77,509.18,0.04,-1.5,droite+gauche,"droite,gauche","18,45,47,56",4,866,520,0,0.76,merged,1
849,28.300,1780168771,T007,59,443.78,368.09,0.91,-3.43,gauche,gauche,59,1,850,842,0,0.752,matched,1
849,28.300,1780168771,T008,27,81.03,556.98,0.19,2.32,droite,droite,27,1,866,525,0,0.753,matched,1
849,28.300,1780168771,T011,57,383.12,520.1,-1.0,0.94,gauche,gauche,57,1,842,614,0,0.756,matched,1
849,28.300,1780168771,T012,54,521.78,503.15,0.17,-0.17,gauche,gauche,54,1,836,550,0,0.768,matched,1
849,28.300,1780168771,T014,48,455.13,597.0,0.79,2.72,droite,droite,48,1,253,252,0,0.757,matched,1
849,28.300,1780168771,T015,60,70.92,421.76,1.42,-0.78,gauche,gauche,60,1,284,211,0,0.765,matched,1
849,28.300,1780168771,T016,6,161.73,130.31,-0.02,1.06,gauche,gauche,6,1,271,94,0,0.769,matched,1
850,28.333,1780168771,T003,10,267.18,641.9,1.43,-0.81,droite,droite,10,1,883,700,0,0.759,matched,1
850,28.333,1780168771,T004,56,132.98,508.13,0.18,-0.88,droite+gauche,"droite,gauche","24,45,47,56",4,867,521,0,0.763,merged,1
850,28.333,1780168771,T007,59,445.21,363.09,1.32,-4.38,gauche,gauche,59,1,851,843,0,0.75,matched,1
850,28.333,1780168771,T008,27,80.9,561.02,-0.04,3.03,droite,droite,27,1,867,526,0,0.756,matched,1
850,28.333,1780168771,T011,57,379.76,519.59,0.05,0.87,gauche,gauche,57,1,843,615,0,0.758,matched,1
850,28.333,1780168771,T012,54,521.78,503.15,0.09,-0.09,gauche,gauche,54,1,837,551,0,0.769,matched,1
850,28.333,1780168771,T014,48,456.1,600.68,0.64,2.31,droite,droite,48,1,254,253,0,0.768,matched,1
850,28.333,1780168771,T015,60,72.61,420.14,1.69,-0.71,gauche,gauche,60,1,285,212,0,0.764,matched,1
850,28.333,1780168771,T016,6,161.57,131.44,-0.04,0.95,gauche,gauche,6,1,272,95,0,0.77,matched,1
850,28.333,1780168771,T019,49,100.71,472.13,4.54,2.57,droite,droite,49,1,76,14,0,0.57,matched,1
851,28.367,1780168771,T003,10,269.14,639.69,1.55,-1.01,droite,droite,10,1,884,701,0,0.764,matched,1
851,28.367,1780168771,T004,34,132.89,506.36,-0.2,-1.75,droite+gauche,"droite,gauche","34,45,49",3,868,522,0,0.755,merged,1
851,28.367,1780168771,T007,59,446.75,357.43,1.35,-4.94,gauche,gauche,59,1,852,844,0,0.755,matched,1
851,28.367,1780168771,T008,27,80.45,565.68,-0.47,3.81,droite,droite,27,1,868,527,0,0.753,matched,1
851,28.367,1780168771,T012,54,521.78,503.15,0.04,-0.04,gauche,gauche,54,1,838,552,0,0.769,matched,1
851,28.367,1780168771,T014,48,456.74,604.63,0.26,2.82,droite,droite,48,1,255,254,0,0.758,matched,1
851,28.367,1780168771,T015,60,74.21,418.01,1.42,-1.54,gauche,gauche,60,1,286,213,0,0.757,matched,1
851,28.367,1780168771,T016,6,161.16,132.39,-0.39,0.69,gauche,gauche,6,1,273,96,0,0.764,matched,1
852,28.400,1780168771,T003,10,271.29,637.27,1.75,-1.54,droite,droite,10,1,885,702,0,0.759,matched,1
852,28.400,1780168771,T004,34,134.29,502.84,1.71,-3.74,droite+gauche,"droite,gauche","18,34,47,49",4,869,523,0,0.728,merged,1
852,28.400,1780168771,T007,59,448.24,352.0,1.22,-4.37,gauche,gauche,59,1,853,845,0,0.769,matched,1
852,28.400,1780168771,T008,27,79.78,570.65,-0.69,4.1,droite,droite,27,1,869,528,0,0.76,matched,1
852,28.400,1780168771,T012,54,521.78,503.15,0.01,-0.01,gauche,gauche,54,1,839,553,0,0.77,matched,1
852,28.400,1780168771,T014,48,457.56,609.69,0.57,4.25,droite,droite,48,1,256,255,0,0.744,matched,1
852,28.400,1780168771,T015,60,75.39,415.1,0.82,-2.53,gauche,gauche,60,1,287,214,0,0.752,matched,1
852,28.400,1780168771,T016,6,160.83,133.13,-0.26,0.43,gauche,gauche,6,1,274,97,0,0.767,matched,1
853,28.433,1780168771,T003,10,273.23,635.05,1.43,-1.39,droite,droite,10,1,886,703,0,0.768,matched,1
853,28.433,1780168771,T004,34,136.19,499.04,2.05,-3.66,droite+gauche,"droite,gauche","18,34,47,49",4,870,524,0,0.761,merged,1
853,28.433,1780168771,T007,59,449.51,347.45,0.9,-3.16,gauche,gauche,59,1,854,846,0,0.758,matched,1
853,28.433,1780168771,T008,27,79.24,575.07,-0.44,3.25,droite,droite,27,1,870,529,0,0.763,matched,1
853,28.433,1780168771,T012,54,521.78,503.15,-0.0,0.0,gauche,gauche,54,1,840,554,0,0.77,matched,1
853,28.433,1780168771,T014,48,458.36,614.69,0.56,4.0,droite,droite,48,1,257,256,0,0.767,matched,1
853,28.433,1780168771,T015,60,76.22,412.23,0.4,-2.34,gauche,gauche,60,1,288,215,0,0.765,matched,1
853,28.433,1780168771,T016,6,160.83,133.13,-0.15,0.24,gauche,gauche,6,1,275,98,0,0.767,matched,1
854,28.467,1780168771,T003,10,275.35,630.61,1.66,-4.25,droite,droite,10,1,887,704,0,0.726,matched,1
854,28.467,1780168771,T004,34,138.29,496.25,2.06,-2.07,droite+gauche,"droite,gauche","34,49",2,871,525,0,0.752,merged,1
854,28.467,1780168771,T007,59,450.63,343.53,0.74,-2.49,gauche,gauche,59,1,855,847,0,0.765,matched,1
854,28.467,1780168771,T008,27,79.13,578.75,0.1,2.35,droite,droite,27,1,871,530,0,0.759,matched,1
854,28.467,1780168771,T012,54,521.78,503.15,-0.01,0.01,gauche,gauche,54,1,841,555,0,0.77,matched,1
854,28.467,1780168771,T014,48,458.9,619.38,0.26,3.51,droite,droite,48,1,258,257,0,0.766,matched,1
854,28.467,1780168771,T016,6,160.83,133.13,-0.08,0.11,gauche,gauche,6,1,276,99,0,0.768,matched,1
854,28.467,1780168771,T018,24,102.48,550.02,3.01,-3.36,droite,droite,24,1,82,60,0,0.735,matched,1
855,28.500,1780168771,T003,10,277.39,624.66,1.54,-5.75,droite,droite,10,1,888,705,0,0.742,matched,1
855,28.500,1780168771,T004,34,140.32,493.93,1.77,-1.5,droite+gauche,"droite,gauche","34,49",2,872,526,0,0.764,merged,1
855,28.500,1780168771,T007,59,451.81,339.86,0.85,-2.34,gauche,gauche,59,1,856,848,0,0.767,matched,1
855,28.500,1780168771,T008,27,79.36,581.87,0.45,1.82,droite,droite,27,1,872,531,0,0.763,matched,1
855,28.500,1780168771,T012,54,521.78,503.15,-0.01,0.01,gauche,gauche,54,1,842,556,0,0.77,matched,1
855,28.500,1780168771,T014,48,459.12,623.69,-0.09,3.03,droite,droite,48,1,259,258,0,0.765,matched,1
855,28.500,1780168771,T016,6,160.83,133.13,-0.03,0.03,gauche,gauche,6,1,277,100,0,0.769,matched,1
856,28.533,1780168771,T003,10,279.4,618.2,1.49,-5.87,droite,droite,10,1,889,706,0,0.76,matched,1
856,28.533,1780168771,T004,34,142.28,492.0,1.59,-1.11,droite+gauche,"droite,gauche","34,49",2,873,527,0,0.766,merged,1
856,28.533,1780168771,T007,59,452.85,336.39,0.7,-2.26,gauche,gauche,59,1,857,849,0,0.768,matched,1
856,28.533,1780168771,T008,27,79.85,584.88,0.65,1.88,droite,droite,27,1,873,532,0,0.765,matched,1
856,28.533,1780168771,T012,54,521.78,503.15,-0.01,0.01,gauche,gauche,54,1,843,557,0,0.77,matched,1
856,28.533,1780168771,T014,48,459.03,627.64,-0.37,2.67,droite,droite,48,1,260,259,0,0.766,matched,1
856,28.533,1780168771,T015,60,76.74,406.39,0.04,-3.71,gauche,gauche,60,1,291,216,0,0.744,matched,1
856,28.533,1780168771,T016,6,160.83,133.13,-0.17,-0.0,gauche,gauche,6,1,278,101,0,0.768,matched,1
857,28.567,1780168771,T003,10,281.39,611.77,1.47,-5.43,droite,droite,10,1,890,707,0,0.767,matched,1
857,28.567,1780168771,T004,34,145.1,491.12,2.61,0.06,gauche,gauche,34,1,874,528,0,0.747,matched,1
857,28.567,1780168771,T007,59,454.38,331.0,1.33,-4.78,gauche,gauche,59,1,858,850,0,0.728,matched,1
857,28.567,1780168771,T008,27,80.37,587.71,0.58,1.82,droite,droite,27,1,874,533,0,0.768,matched,1
857,28.567,1780168771,T011,18,377.41,511.55,0.1,-3.27,droite,droite,18,1,850,616,0,0.67,matched,1
857,28.567,1780168771,T012,54,521.78,503.15,-0.0,0.0,gauche,gauche,54,1,844,558,0,0.77,matched,1
857,28.567,1780168771,T014,48,458.68,631.31,-0.57,2.43,droite,droite,48,1,261,260,0,0.767,matched,1
857,28.567,1780168771,T015,60,77.38,400.59,0.31,-3.89,gauche,gauche,60,1,292,217,0,0.761,matched,1
857,28.567,1780168771,T016,6,160.27,133.72,-0.36,0.15,gauche,gauche,6,1,279,102,0,0.766,matched,1
857,28.567,1780168771,T019,45,113.45,514.19,0.46,2.69,droite,droite,45,1,83,20,0,0.76,matched,1
858,28.600,1780168771,T003,10,283.23,605.99,1.3,-4.37,droite,droite,10,1,891,708,0,0.762,matched,1
858,28.600,1780168771,T004,34,148.33,490.41,2.92,-0.01,gauche,gauche,34,1,875,529,0,0.762,matched,1
858,28.600,1780168771,T007,59,456.06,325.04,1.44,-5.17,gauche,gauche,59,1,859,851,0,0.757,matched,1
858,28.600,1780168771,T008,27,80.96,590.78,0.59,2.23,droite,droite,27,1,875,534,0,0.761,matched,1
858,28.600,1780168771,T011,18,375.8,504.84,0.3,-2.68,droite,droite,18,1,851,617,0,0.766,matched,1
858,28.600,1780168771,T012,54,521.78,503.15,-0.0,0.0,gauche,gauche,54,1,845,559,0,0.77,matched,1
858,28.600,1780168771,T014,48,458.28,634.77,-0.51,2.3,droite,droite,48,1,262,261,0,0.768,matched,1
858,28.600,1780168771,T015,60,78.41,395.34,0.9,-3.37,gauche,gauche,60,1,293,218,0,0.762,matched,1
858,28.600,1780168771,T016,6,159.74,134.66,-0.35,0.69,gauche,gauche,6,1,280,103,0,0.762,matched,1
858,28.600,1780168771,T019,45,115.17,518.71,0.97,2.8,droite,droite,45,1,84,21,0,0.76,matched,1
859,28.633,1780168771,T003,10,284.75,601.33,0.94,-2.97,droite,droite,10,1,892,709,0,0.755,matched,1
859,28.633,1780168771,T004,34,151.29,489.85,2.37,-0.04,gauche,gauche,34,1,876,530,0,0.766,matched,1
859,28.633,1780168771,T007,59,457.57,319.69,1.16,-4.15,gauche,gauche,59,1,860,852,0,0.762,matched,1
859,28.633,1780168771,T008,27,81.49,593.55,0.46,1.88,droite,droite,27,1,876,535,0,0.768,matched,1
859,28.633,1780168771,T011,18,374.65,499.57,0.27,-1.65,droite,droite,18,1,852,618,0,0.762,matched,1
859,28.633,1780168771,T012,54,521.78,503.15,-0.0,0.0,gauche,gauche,54,1,846,560,0,0.77,matched,1
859,28.633,1780168771,T014,48,457.92,637.67,-0.38,1.73,droite,droite,48,1,263,262,0,0.765,matched,1
859,28.633,1780168771,T015,60,79.47,391.06,0.89,-2.36,gauche,gauche,60,1,294,219,0,0.761,matched,1
859,28.633,1780168771,T016,6,159.3,135.63,-0.27,0.74,gauche,gauche,6,1,281,104,0,0.768,matched,1
859,28.633,1780168771,T019,45,116.77,522.71,0.95,2.38,droite,droite,45,1,85,22,0,0.768,matched,1
860,28.667,1780168771,T003,10,286.34,597.81,1.09,-1.75,droite,droite,10,1,893,710,0,0.756,matched,1
860,28.667,1780168771,T004,34,153.96,488.72,1.96,-0.89,gauche,gauche,34,1,877,531,0,0.757,matched,1
860,28.667,1780168771,T007,59,458.52,316.05,0.45,-1.96,gauche,gauche,59,1,861,853,0,0.742,matched,1
860,28.667,1780168771,T008,27,81.78,596.63,0.14,2.34,droite,droite,27,1,877,536,0,0.76,matched,1
860,28.667,1780168771,T011,18,373.79,495.59,0.19,-0.88,droite,droite,18,1,853,619,0,0.763,matched,1
860,28.667,1780168771,T012,54,521.78,503.15,-0.0,0.0,gauche,gauche,54,1,847,561,0,0.77,matched,1
860,28.667,1780168771,T014,48,457.78,640.48,-0.07,1.79,droite,droite,48,1,264,263,0,0.765,matched,1
860,28.667,1780168771,T015,60,80.67,387.08,1.03,-2.33,gauche,gauche,60,1,295,220,0,0.766,matched,1
860,28.667,1780168771,T016,6,158.94,136.76,-0.17,0.93,gauche,gauche,6,1,282,105,0,0.766,matched,1
860,28.667,1780168771,T019,45,117.83,526.49,0.38,2.35,droite,droite,45,1,86,23,0,0.762,matched,1
861,28.700,1780168771,T003,10,288.16,595.28,1.42,-0.89,droite,droite,10,1,894,711,0,0.758,matched,1
861,28.700,1780168771,T004,34,156.27,486.66,1.53,-2.04,gauche,gauche,34,1,878,532,0,0.752,matched,1
861,28.700,1780168771,T007,59,459.21,312.87,0.24,-1.69,gauche,gauche,59,1,862,854,0,0.767,matched,1
861,28.700,1780168771,T008,27,81.78,600.25,-0.19,3.01,droite,droite,27,1,878,537,0,0.756,matched,1
861,28.700,1780168771,T011,18,373.15,492.63,0.11,-0.42,droite,droite,18,1,854,620,0,0.765,matched,1
861,28.700,1780168771,T012,54,521.78,503.15,-0.0,0.0,gauche,gauche,54,1,848,562,0,0.77,matched,1
861,28.700,1780168771,T014,48,457.75,643.58,0.07,2.26,droite,droite,48,1,265,264,0,0.76,matched,1
861,28.700,1780168771,T015,60,81.9,383.06,1.02,-2.64,gauche,gauche,60,1,296,221,0,0.762,matched,1
861,28.700,1780168771,T016,6,158.55,138.08,-0.27,1.13,gauche,gauche,6,1,283,106,0,0.765,matched,1
861,28.700,1780168771,T019,45,118.51,530.37,0.08,2.66,droite,droite,45,1,87,24,0,0.761,matched,1
862,28.733,1780168771,T003,10,290.11,593.23,1.56,-0.69,droite,droite,10,1,895,712,0,0.766,matched,1
862,28.733,1780168771,T004,34,158.24,483.35,1.19,-3.38,gauche,gauche,34,1,879,533,0,0.747,matched,1
862,28.733,1780168771,T007,59,459.84,309.35,0.28,-2.4,gauche,gauche,59,1,863,855,0,0.757,matched,1
862,28.733,1780168771,T008,27,81.52,604.59,-0.44,3.77,droite,droite,27,1,879,538,0,0.754,matched,1
862,28.733,1780168771,T011,18,372.51,490.59,-0.12,0.01,droite,droite,18,1,855,621,0,0.764,matched,1
862,28.733,1780168771,T012,54,521.78,503.15,0.0,-0.0,gauche,gauche,54,1,849,563,0,0.77,matched,1
862,28.733,1780168771,T014,48,457.92,647.48,0.27,3.29,droite,droite,48,1,266,265,0,0.751,matched,1
862,28.733,1780168771,T015,60,82.96,378.44,0.78,-3.53,gauche,gauche,60,1,297,222,0,0.753,matched,1
862,28.733,1780168771,T016,6,158.31,139.3,-0.07,0.95,gauche,gauche,6,1,284,107,0,0.767,matched,1
862,28.733,1780168771,T019,45,119.22,534.05,0.28,2.51,droite,droite,45,1,88,25,0,0.766,matched,1
863,28.767,1780168771,T003,10,292.26,592.46,1.77,0.56,droite,droite,10,1,896,713,0,0.752,matched,1
863,28.767,1780168771,T004,34,160.21,479.0,1.29,-4.31,gauche,gauche,34,1,880,534,0,0.751,matched,1
863,28.767,1780168771,T007,59,460.37,305.71,0.23,-2.63,gauche,gauche,59,1,864,856,0,0.763,matched,1
863,28.767,1780168771,T008,27,81.18,608.91,-0.44,3.55,droite,droite,27,1,880,539,0,0.768,matched,1
863,28.767,1780168771,T011,18,372.51,490.59,0.17,1.72,droite,droite,18,1,856,622,0,0.745,matched,1
863,28.767,1780168771,T012,54,521.78,503.15,0.0,-0.0,gauche,gauche,54,1,850,564,0,0.77,matched,1
863,28.767,1780168771,T014,48,458.43,652.18,0.63,4.13,droite,droite,48,1,267,266,0,0.752,matched,1
863,28.767,1780168771,T015,60,83.94,374.05,0.68,-3.23,gauche,gauche,60,1,298,223,0,0.769,matched,1
863,28.767,1780168771,T016,6,158.05,140.58,-0.15,1.01,gauche,gauche,6,1,285,108,0,0.767,matched,1
863,28.767,1780168771,T018,4,113.77,407.94,0.54,-11.29,gauche,gauche,4,1,91,61,0,0.57,matched,1
864,28.800,1780168771,T004,34,162.46,474.94,1.72,-3.53,gauche,gauche,34,1,881,535,0,0.76,matched,1
864,28.800,1780168771,T007,59,460.93,302.1,0.33,-2.63,gauche,gauche,59,1,865,857,0,0.766,matched,1
864,28.800,1780168771,T008,27,80.86,612.76,-0.34,2.83,droite,droite,27,1,881,540,0,0.765,matched,1
864,28.800,1780168771,T011,18,372.34,491.44,0.24,2.3,droite,droite,18,1,857,623,0,0.759,matched,1
864,28.800,1780168771,T012,56,521.78,503.15,-0.17,0.17,gauche,gauche,56,1,851,565,0,0.766,matched,1
864,28.800,1780168771,T014,48,459.01,657.54,0.63,4.7,droite,droite,48,1,268,267,0,0.755,matched,1
864,28.800,1780168771,T015,60,84.89,370.22,0.66,-2.55,gauche,gauche,60,1,299,224,0,0.765,matched,1
864,28.800,1780168771,T016,6,157.8,141.84,-0.15,0.97,gauche,gauche,6,1,286,109,0,0.769,matched,1
864,28.800,1780168771,T017,47,299.21,573.45,-7.22,6.23,droite,droite,47,1,137,120,0,0.71,matched,1
864,28.800,1780168771,T018,4,113.85,405.93,0.41,-9.05,gauche,gauche,4,1,92,62,0,0.759,matched,1
865,28.833,1780168771,T004,34,164.54,471.62,1.5,-2.42,gauche,gauche,34,1,882,536,0,0.759,matched,1
865,28.833,1780168771,T007,59,461.43,299.0,0.29,-2.04,gauche,gauche,59,1,866,858,0,0.765,matched,1
865,28.833,1780168771,T008,27,80.61,615.84,-0.22,1.91,droite,droite,27,1,882,541,0,0.761,matched,1
865,28.833,1780168771,T011,18,372.26,492.58,0.21,2.0,droite,droite,18,1,858,624,0,0.769,matched,1
865,28.833,1780168771,T012,56,521.78,503.15,-0.2,0.2,gauche,gauche,56,1,852,566,0,0.769,matched,1
865,28.833,1780168771,T014,48,459.54,662.44,0.48,3.86,droite,droite,48,1,269,268,0,0.764,matched,1
865,28.833,1780168771,T015,60,85.69,367.17,0.5,-1.71,gauche,gauche,60,1,300,225,0,0.761,matched,1
865,28.833,1780168771,T016,6,157.6,142.92,-0.11,0.73,gauche,gauche,6,1,287,110,0,0.768,matched,1
865,28.833,1780168771,T017,47,298.27,572.38,-4.1,2.38,droite,droite,47,1,138,121,0,0.727,matched,1
865,28.833,1780168771,T018,4,113.93,403.91,0.23,-5.32,gauche,gauche,4,1,93,63,0,0.744,matched,1
866,28.867,1780168771,T004,34,166.81,469.11,1.75,-1.45,gauche,gauche,34,1,883,537,0,0.758,matched,1
866,28.867,1780168771,T007,59,461.7,296.4,0.04,-1.51,gauche,gauche,59,1,867,859,0,0.764,matched,1
866,28.867,1780168771,T008,27,80.42,618.43,-0.13,1.46,droite,droite,27,1,883,542,0,0.766,matched,1
866,28.867,1780168771,T011,18,372.08,494.03,-0.02,1.94,droite,droite,18,1,859,625,0,0.766,matched,1
866,28.867,1780168771,T012,56,521.78,503.15,-0.16,0.16,gauche,gauche,56,1,853,567,0,0.77,matched,1
866,28.867,1780168771,T014,48,460.1,666.7,0.49,2.99,droite,droite,48,1,270,269,0,0.763,matched,1
866,28.867,1780168771,T015,60,86.46,364.75,0.5,-1.17,gauche,gauche,60,1,301,226,0,0.765,matched,1
866,28.867,1780168771,T016,6,157.58,143.77,0.1,0.48,gauche,gauche,6,1,288,111,0,0.766,matched,1
866,28.867,1780168771,T017,47,298.04,569.68,-1.59,-1.36,droite,droite,47,1,139,122,0,0.722,matched,1
866,28.867,1780168771,T019,45,123.51,543.91,1.03,0.77,droite,droite,45,1,92,29,0,0.766,matched,1
867,28.900,1780168771,T004,34,169.26,467.03,1.96,-1.08,gauche,gauche,34,1,884,538,0,0.763,matched,1
867,28.900,1780168771,T007,59,461.83,293.98,-0.06,-1.48,gauche,gauche,59,1,868,860,0,0.768,matched,1
867,28.900,1780168771,T008,27,80.56,620.88,0.28,1.46,droite,droite,27,1,884,543,0,0.764,matched,1
867,28.900,1780168771,T011,18,372.01,496.08,0.07,2.33,droite,droite,18,1,860,626,0,0.761,matched,1
867,28.900,1780168771,T012,56,521.78,503.15,-0.11,0.11,gauche,gauche,56,1,854,568,0,0.769,matched,1
867,28.900,1780168771,T014,48,460.73,670.36,0.55,2.32,droite,droite,48,1,271,270,0,0.764,matched,1
867,28.900,1780168771,T015,60,87.38,362.91,0.72,-0.69,gauche,gauche,60,1,302,227,0,0.763,matched,1
867,28.900,1780168771,T016,6,157.58,143.77,0.16,0.27,gauche,gauche,6,1,289,112,0,0.767,matched,1
867,28.900,1780168771,T017,47,298.55,565.88,-0.03,-3.11,droite,droite,47,1,140,123,0,0.74,matched,1
867,28.900,1780168771,T018,4,113.59,400.6,-0.36,-3.9,gauche,gauche,4,1,95,64,0,0.758,matched,1
868,28.933,1780168771,T004,34,172.01,464.87,2.27,-1.37,gauche,gauche,34,1,885,539,0,0.76,matched,1
868,28.933,1780168771,T007,59,462.03,291.53,0.08,-1.64,gauche,gauche,59,1,869,861,0,0.765,matched,1
868,28.933,1780168771,T008,27,80.97,623.35,0.54,1.64,droite,droite,27,1,885,544,0,0.764,matched,1
868,28.933,1780168771,T011,18,372.27,498.75,0.43,2.8,droite,droite,18,1,861,627,0,0.758,matched,1
868,28.933,1780168771,T012,56,521.78,503.15,-0.07,0.07,gauche,gauche,56,1,855,569,0,0.769,matched,1
868,28.933,1780168771,T014,48,461.3,673.66,0.45,2.04,droite,droite,48,1,272,271,0,0.769,matched,1
868,28.933,1780168771,T015,60,88.39,361.43,0.81,-0.52,gauche,gauche,60,1,303,228,0,0.767,matched,1
868,28.933,1780168771,T016,6,157.58,143.77,0.14,0.13,gauche,gauche,6,1,290,113,0,0.768,matched,1
868,28.933,1780168771,T017,47,299.76,561.58,1.03,-3.65,droite,droite,47,1,141,124,0,0.751,matched,1
868,28.933,1780168771,T019,45,126.46,547.03,1.31,0.83,droite,droite,45,1,94,31,0,0.766,matched,1
869,28.967,1780168771,T004,34,175.06,462.25,2.56,-2.03,gauche,gauche,34,1,886,540,0,0.756,matched,1
869,28.967,1780168771,T007,59,462.37,288.84,0.29,-2.01,gauche,gauche,59,1,870,862,0,0.762,matched,1
869,28.967,1780168771,T008,27,81.57,626.06,0.69,2.02,droite,droite,27,1,886,545,0,0.762,matched,1
869,28.967,1780168771,T011,18,372.63,502.14,0.47,3.36,droite,droite,18,1,862,628,0,0.758,matched,1
869,28.967,1780168771,T012,57,521.78,503.15,-0.2,0.03,gauche,gauche,57,1,856,570,0,0.768,matched,1
869,28.967,1780168771,T014,48,462.59,678.83,1.33,4.53,droite,droite,48,1,273,272,0,0.728,matched,1
869,28.967,1780168771,T015,60,89.43,360.29,0.84,-0.34,gauche,gauche,60,1,304,229,0,0.768,matched,1
869,28.967,1780168771,T016,6,157.58,143.77,0.11,0.04,gauche,gauche,6,1,291,114,0,0.769,matched,1
869,28.967,1780168771,T017,47,301.53,557.66,1.69,-2.99,droite,droite,47,1,142,125,0,0.758,matched,1
869,28.967,1780168771,T018,4,113.2,396.71,-0.29,-3.02,gauche,gauche,4,1,97,65,0,0.763,matched,1
870,29.000,1780168772,T004,34,177.95,459.1,2.26,-2.67,gauche,gauche,34,1,887,541,0,0.758,matched,1
870,29.000,1780168772,T007,59,463.01,285.73,0.64,-2.54,gauche,gauche,59,1,871,863,0,0.758,matched,1
870,29.000,1780168772,T008,27,82.31,629.06,0.76,2.39,droite,droite,27,1,887,546,0,0.761,matched,1
870,29.000,1780168772,T011,18,372.99,506.31,0.38,4.01,droite,droite,18,1,863,629,0,0.756,matched,1
870,29.000,1780168772,T012,57,521.78,503.15,-0.21,0.01,gauche,gauche,57,1,857,571,0,0.77,matched,1
870,29.000,1780168772,T013,4,138.86,478.17,1.82,-2.97,gauche,gauche,4,1,580,417,0,0.57,reattached,1
870,29.000,1780168772,T014,48,463.75,683.2,1.02,3.27,droite,droite,48,1,274,273,0,0.758,matched,1
870,29.000,1780168772,T015,60,90.49,359.43,0.82,-0.19,gauche,gauche,60,1,305,230,0,0.768,matched,1
870,29.000,1780168772,T016,6,157.58,143.77,0.07,0.0,gauche,gauche,6,1,292,115,0,0.769,matched,1
870,29.000,1780168772,T017,47,303.72,554.49,2.06,-2.06,droite,droite,47,1,143,126,0,0.758,matched,1
871,29.033,1780168772,T004,34,180.37,456.14,1.63,-2.31,gauche,gauche,34,1,888,542,0,0.764,matched,1
871,29.033,1780168772,T007,59,463.7,282.84,0.63,-2.17,gauche,gauche,59,1,872,864,0,0.768,matched,1
871,29.033,1780168772,T008,27,83.0,631.79,0.61,1.98,droite,droite,27,1,888,547,0,0.767,matched,1
871,29.033,1780168772,T011,18,373.28,510.24,0.26,3.34,droite,droite,18,1,864,630,0,0.766,matched,1
871,29.033,1780168772,T012,57,521.78,503.15,-0.17,0.0,gauche,gauche,57,1,858,572,0,0.77,matched,1
871,29.033,1780168772,T014,48,464.68,686.72,0.68,2.21,droite,droite,48,1,275,274,0,0.759,matched,1
871,29.033,1780168772,T015,60,91.4,358.8,0.63,-0.09,gauche,gauche,60,1,306,231,0,0.768,matched,1
871,29.033,1780168772,T016,6,157.58,143.77,0.04,-0.01,gauche,gauche,6,1,293,116,0,0.77,matched,1
871,29.033,1780168772,T017,47,305.78,552.08,1.73,-1.23,droite,droite,47,1,144,127,0,0.761,matched,1
871,29.033,1780168772,T019,45,130.17,552.11,0.63,1.13,droite,droite,45,1,97,34,0,0.767,matched,1
872,29.067,1780168772,T004,4,182.64,452.59,1.53,-3.01,gauche,gauche,4,1,889,543,0,0.756,matched,1
872,29.067,1780168772,T007,59,464.44,279.78,0.66,-2.39,gauche,gauche,59,1,873,865,0,0.764,matched,1
872,29.067,1780168772,T008,27,83.15,634.96,-0.09,2.57,droite,droite,27,1,889,548,0,0.755,matched,1
872,29.067,1780168772,T011,18,373.64,514.84,0.32,4.03,droite,droite,18,1,865,631,0,0.755,matched,1
872,29.067,1780168772,T012,57,521.78,503.15,-0.11,-0.0,gauche,gauche,57,1,859,573,0,0.769,matched,1
872,29.067,1780168772,T014,48,465.1,689.64,0.05,1.64,droite,droite,48,1,276,275,0,0.76,matched,1
872,29.067,1780168772,T015,60,92.25,358.34,0.58,-0.03,gauche,gauche,60,1,307,232,0,0.769,matched,1
872,29.067,1780168772,T016,6,157.58,143.77,0.02,0.15,gauche,gauche,6,1,294,117,0,0.768,matched,1
872,29.067,1780168772,T017,47,307.76,549.65,1.55,-1.49,droite,droite,47,1,145,128,0,0.764,matched,1
872,29.067,1780168772,T019,45,131.1,554.11,0.55,1.63,droite,droite,45,1,98,35,0,0.761,matched,1
873,29.100,1780168772,T004,4,185.1,448.44,1.82,-3.61,gauche,gauche,4,1,890,544,0,0.755,matched,1
873,29.100,1780168772,T007,59,465.1,276.24,0.52,-2.95,gauche,gauche,59,1,874,866,0,0.758,matched,1
873,29.100,1780168772,T008,27,83.03,639.42,-0.34,4.08,droite,droite,27,1,890,549,0,0.744,matched,1
873,29.100,1780168772,T009,1,521.68,505.04,-0.17,-0.0,gauche,gauche,1,1,903,485,0,0.768,matched,1
873,29.100,1780168772,T011,18,373.98,520.21,0.27,4.74,droite,droite,18,1,866,632,0,0.754,matched,1
873,29.100,1780168772,T014,48,465.36,692.73,-0.04,2.07,droite,droite,48,1,277,276,0,0.761,matched,1
873,29.100,1780168772,T015,60,92.97,357.73,0.43,-0.34,gauche,gauche,60,1,308,233,0,0.765,matched,1
873,29.100,1780168772,T016,6,157.68,144.52,0.01,0.18,gauche,gauche,6,1,295,118,0,0.769,matched,1
873,29.100,1780168772,T017,47,309.69,546.69,1.47,-2.27,droite,droite,47,1,146,129,0,0.756,matched,1
873,29.100,1780168772,T019,45,131.72,556.84,0.23,2.48,droite,droite,45,1,99,36,0,0.755,matched,1
874,29.133,1780168772,T004,4,188.13,444.18,2.54,-3.53,gauche,gauche,4,1,891,545,0,0.756,matched,1
874,29.133,1780168772,T007,59,465.76,272.41,0.51,-3.17,gauche,gauche,59,1,875,867,0,0.762,matched,1
874,29.133,1780168772,T008,6,82.4,645.76,-0.87,6.12,droite,droite,6,1,891,550,0,0.733,matched,1
874,29.133,1780168772,T009,1,521.68,505.04,-0.19,-0.0,gauche,gauche,1,1,904,486,0,0.769,matched,1
874,29.133,1780168772,T011,18,374.25,525.57,0.19,4.45,droite,droite,18,1,867,633,0,0.767,matched,1
874,29.133,1780168772,T014,48,465.53,696.31,-0.06,2.78,droite,droite,48,1,278,277,0,0.756,matched,1
874,29.133,1780168772,T015,60,93.52,356.98,0.28,-0.55,gauche,gauche,60,1,309,234,0,0.766,matched,1
874,29.133,1780168772,T016,6,157.68,144.52,-0.0,0.15,gauche,gauche,6,1,296,119,0,0.77,matched,1
874,29.133,1780168772,T017,47,311.75,542.11,1.61,-4.26,droite,droite,47,1,147,130,0,0.737,matched,1
874,29.133,1780168772,T019,45,132.12,560.33,0.05,3.26,droite,droite,45,1,100,37,0,0.755,matched,1
875,29.167,1780168772,T004,4,191.83,440.22,3.26,-3.04,gauche,gauche,4,1,892,546,0,0.756,matched,1
875,29.167,1780168772,T007,59,466.34,268.87,0.4,-2.71,gauche,gauche,59,1,876,868,0,0.768,matched,1
875,29.167,1780168772,T008,27,82.47,650.55,0.14,3.64,droite,droite,27,1,892,551,0,0.739,matched,1
875,29.167,1780168772,T009,1,521.68,505.04,-0.16,-0.0,gauche,gauche,1,1,905,487,0,0.77,matched,1
875,29.167,1780168772,T011,18,374.47,530.44,0.12,3.66,droite,droite,18,1,868,634,0,0.765,matched,1
875,29.167,1780168772,T014,48,465.64,700.06,-0.06,2.94,droite,droite,48,1,279,278,0,0.764,matched,1
875,29.167,1780168772,T015,60,93.94,356.0,0.15,-0.85,gauche,gauche,60,1,310,235,0,0.765,matched,1
875,29.167,1780168772,T016,6,157.9,145.27,0.17,0.28,gauche,gauche,6,1,297,120,0,0.767,matched,1
875,29.167,1780168772,T017,47,313.58,536.19,1.3,-5.59,droite,droite,47,1,148,131,0,0.744,matched,1
875,29.167,1780168772,T019,45,132.65,563.82,0.31,2.99,droite,droite,45,1,101,38,0,0.766,matched,1
876,29.200,1780168772,T004,4,195.86,436.52,3.48,-2.67,gauche,gauche,4,1,893,547,0,0.762,matched,1
876,29.200,1780168772,T007,59,466.93,265.94,0.43,-1.92,gauche,gauche,59,1,877,869,0,0.762,matched,1
876,29.200,1780168772,T008,27,83.12,654.19,0.84,2.2,droite,droite,27,1,893,552,0,0.751,matched,1
876,29.200,1780168772,T009,1,521.68,505.04,-0.11,-0.0,gauche,gauche,1,1,906,488,0,0.77,matched,1
876,29.200,1780168772,T011,18,374.62,534.81,0.06,3.04,droite,droite,18,1,869,635,0,0.766,matched,1
876,29.200,1780168772,T014,48,465.59,703.35,-0.21,2.33,droite,droite,48,1,280,279,0,0.765,matched,1
876,29.200,1780168772,T015,60,94.23,354.36,0.07,-1.62,gauche,gauche,60,1,311,236,0,0.757,matched,1
876,29.200,1780168772,T016,6,158.14,146.33,0.19,0.77,gauche,gauche,6,1,298,121,0,0.762,matched,1
876,29.200,1780168772,T017,47,315.47,529.68,1.4,-5.86,droite,droite,47,1,149,132,0,0.757,matched,1
876,29.200,1780168772,T019,45,133.31,566.79,0.51,2.21,droite,droite,45,1,102,39,0,0.762,matched,1
877,29.233,1780168772,T004,4,199.47,433.47,2.77,-1.92,gauche,gauche,4,1,894,548,0,0.761,matched,1
877,29.233,1780168772,T007,59,467.45,263.7,0.35,-1.17,gauche,gauche,59,1,878,870,0,0.762,matched,1
877,29.233,1780168772,T008,27,83.96,656.81,0.92,1.14,droite,droite,27,1,894,553,0,0.757,matched,1
877,29.233,1780168772,T009,1,521.68,505.04,-0.07,-0.0,gauche,gauche,1,1,907,489,0,0.77,matched,1
877,29.233,1780168772,T011,18,374.73,538.35,0.03,2.11,droite,droite,18,1,870,636,0,0.761,matched,1
877,29.233,1780168772,T014,48,465.47,705.99,-0.22,1.57,droite,droite,48,1,281,280,0,0.762,matched,1
877,29.233,1780168772,T015,60,94.3,352.65,-0.15,-1.55,gauche,gauche,60,1,312,237,0,0.767,matched,1
877,29.233,1780168772,T016,6,158.35,147.39,0.16,0.79,gauche,gauche,6,1,299,122,0,0.769,matched,1
877,29.233,1780168772,T017,47,317.12,523.85,1.12,-4.63,droite,droite,47,1,150,133,0,0.76,matched,1
877,29.233,1780168772,T019,45,133.95,569.12,0.47,1.4,droite,droite,45,1,103,40,0,0.761,matched,1
878,29.267,1780168772,T004,4,202.79,430.43,2.38,-2.05,gauche,gauche,4,1,895,549,0,0.765,matched,1
878,29.267,1780168772,T007,59,468.15,261.52,0.58,-1.3,gauche,gauche,59,1,879,871,0,0.765,matched,1
878,29.267,1780168772,T008,27,85.01,659.04,1.08,0.99,droite,droite,27,1,895,554,0,0.766,matched,1
878,29.267,1780168772,T009,1,521.68,505.04,-0.03,-0.0,gauche,gauche,1,1,908,490,0,0.77,matched,1
878,29.267,1780168772,T011,18,374.67,541.87,-0.16,2.29,droite,droite,18,1,871,637,0,0.764,matched,1
878,29.267,1780168772,T014,48,465.2,708.11,-0.35,1.09,droite,droite,48,1,282,281,0,0.765,matched,1
878,29.267,1780168772,T015,60,94.41,350.61,-0.03,-1.85,gauche,gauche,60,1,313,238,0,0.763,matched,1
878,29.267,1780168772,T016,6,158.53,148.59,0.11,0.95,gauche,gauche,6,1,300,123,0,0.766,matched,1
878,29.267,1780168772,T017,47,318.72,518.61,1.09,-3.78,droite,droite,47,1,151,134,0,0.764,matched,1
878,29.267,1780168772,T019,45,135.04,571.1,1.03,1.12,droite,droite,45,1,104,41,0,0.761,matched,1
879,29.300,1780168772,T004,4,205.92,427.11,2.2,-2.48,gauche,gauche,4,1,896,550,0,0.761,matched,1
879,29.300,1780168772,T007,59,468.82,259.78,0.53,-0.89,gauche,gauche,59,1,880,872,0,0.766,matched,1
879,29.300,1780168772,T008,27,86.02,661.23,0.9,1.21,droite,droite,27,1,896,555,0,0.765,matched,1
879,29.300,1780168772,T011,18,374.68,545.74,-0.03,2.86,droite,droite,18,1,872,638,0,0.758,matched,1
879,29.300,1780168772,T014,48,464.92,709.99,-0.32,0.99,droite,droite,48,1,283,282,0,0.77,matched,1
879,29.300,1780168772,T015,60,94.66,348.16,0.19,-2.23,gauche,gauche,60,1,314,239,0,0.761,matched,1
879,29.300,1780168772,T016,6,158.66,149.96,0.07,1.14,gauche,gauche,6,1,301,124,0,0.766,matched,1
879,29.300,1780168772,T017,47,320.62,513.97,1.52,-3.11,droite,droite,47,1,152,135,0,0.761,matched,1
879,29.300,1780168772,T019,45,136.45,572.94,1.35,1.09,droite,droite,45,1,105,42,0,0.764,matched,1
880,29.333,1780168772,T004,4,208.83,423.43,1.97,-2.93,gauche,gauche,4,1,897,551,0,0.76,matched,1
880,29.333,1780168772,T007,59,469.4,257.92,0.4,-1.2,gauche,gauche,59,1,881,873,0,0.764,matched,1
880,29.333,1780168772,T008,27,86.84,663.69,0.62,1.7,droite,droite,27,1,897,556,0,0.761,matched,1
880,29.333,1780168772,T011,18,374.72,550.35,0.03,3.79,droite,droite,18,1,873,639,0,0.752,matched,1
880,29.333,1780168772,T014,48,464.66,711.81,-0.23,1.07,droite,droite,48,1,284,283,0,0.767,matched,1
880,29.333,1780168772,T015,60,95.08,345.33,0.41,-2.54,gauche,gauche,60,1,315,240,0,0.761,matched,1
880,29.333,1780168772,T016,6,158.76,151.21,0.03,0.95,gauche,gauche,6,1,302,125,0,0.769,matched,1
880,29.333,1780168772,T017,57,323.71,511.45,2.95,-0.61,droite+gauche,"droite,gauche","47,57",2,153,136,0,0.73,merged,1
880,29.333,1780168772,T019,45,138.22,574.76,1.68,1.17,droite,droite,45,1,106,43,0,0.763,matched,1
881,29.367,1780168772,T004,4,211.37,419.54,1.6,-3.12,gauche,gauche,4,1,898,552,0,0.762,matched,1
881,29.367,1780168772,T007,59,469.84,256.11,0.25,-1.22,gauche,gauche,59,1,882,874,0,0.767,matched,1
881,29.367,1780168772,T008,27,87.34,666.63,0.21,2.36,droite,droite,27,1,898,557,0,0.757,matched,1
881,29.367,1780168772,T011,18,374.91,555.89,0.21,4.82,droite,droite,18,1,874,640,0,0.749,matched,1
881,29.367,1780168772,T014,48,464.61,713.63,0.02,1.2,droite,droite,48,1,285,284,0,0.765,matched,1
881,29.367,1780168772,T015,60,95.25,341.91,0.06,-3.11,gauche,gauche,60,1,316,241,0,0.757,matched,1
881,29.367,1780168772,T016,6,158.83,152.38,0.01,0.84,gauche,gauche,6,1,303,126,0,0.77,matched,1
881,29.367,1780168772,T017,57,327.05,510.17,3.0,0.4,droite+gauche,"droite,gauche","47,57",2,154,137,0,0.755,merged,1
881,29.367,1780168772,T019,45,140.04,576.74,1.59,1.45,droite,droite,45,1,107,44,0,0.764,matched,1
882,29.400,1780168772,T004,4,213.82,415.82,1.61,-2.83,gauche,gauche,4,1,899,553,0,0.768,matched,1
882,29.400,1780168772,T007,59,470.17,254.28,0.14,-1.29,gauche,gauche,59,1,883,875,0,0.767,matched,1
882,29.400,1780168772,T008,27,87.61,669.8,-0.0,2.58,droite,droite,27,1,899,558,0,0.763,matched,1
882,29.400,1780168772,T009,1,521.68,505.04,0.14,-0.0,gauche,gauche,1,1,912,491,0,0.767,matched,1
882,29.400,1780168772,T011,18,375.15,561.64,0.24,4.8,droite,droite,18,1,875,641,0,0.763,matched,1
882,29.400,1780168772,T014,48,464.64,715.63,0.12,1.49,droite,droite,48,1,286,285,0,0.764,matched,1
882,29.400,1780168772,T015,60,95.27,338.56,-0.09,-2.79,gauche,gauche,60,1,317,242,0,0.768,matched,1
882,29.400,1780168772,T016,6,158.74,153.34,-0.17,0.6,gauche,gauche,6,1,304,127,0,0.767,matched,1
882,29.400,1780168772,T017,57,330.09,509.15,2.43,0.19,droite+gauche,"droite,gauche","47,57",2,155,138,0,0.765,merged,1
882,29.400,1780168772,T019,45,141.75,579.08,1.37,1.91,droite,droite,45,1,108,45,0,0.761,matched,1
883,29.433,1780168772,T004,4,215.91,412.69,1.24,-2.07,gauche,gauche,4,1,900,554,0,0.762,matched,1
883,29.433,1780168772,T007,59,470.41,252.69,0.06,-1.03,gauche,gauche,59,1,884,876,0,0.768,matched,1
883,29.433,1780168772,T008,27,87.75,672.63,-0.08,2.08,droite,droite,27,1,900,559,0,0.766,matched,1
883,29.433,1780168772,T009,1,521.68,505.04,0.13,0.0,gauche,gauche,1,1,913,492,0,0.77,matched,1
883,29.433,1780168772,T011,18,375.37,566.66,0.19,3.7,droite,droite,18,1,876,642,0,0.761,matched,1
883,29.433,1780168772,T014,48,464.72,717.45,0.13,1.26,droite,droite,48,1,287,286,0,0.769,matched,1
883,29.433,1780168772,T015,60,95.24,335.74,-0.13,-2.03,gauche,gauche,60,1,318,243,0,0.763,matched,1
883,29.433,1780168772,T016,6,158.59,154.08,-0.2,0.37,gauche,gauche,6,1,305,128,0,0.767,matched,1
883,29.433,1780168772,T017,57,332.55,508.34,1.65,0.07,droite+gauche,"droite,gauche","47,57",2,156,139,0,0.762,merged,1
883,29.433,1780168772,T019,45,143.17,581.26,0.97,1.65,droite,droite,45,1,109,46,0,0.766,matched,1
884,29.467,1780168772,T004,4,217.82,410.0,1.16,-1.65,gauche,gauche,4,1,901,555,0,0.767,matched,1
884,29.467,1780168772,T007,59,470.57,251.15,0.02,-1.03,gauche,gauche,59,1,885,877,0,0.768,matched,1
884,29.467,1780168772,T008,27,87.82,674.78,-0.09,1.25,droite,droite,27,1,901,560,0,0.761,matched,1
884,29.467,1780168772,T009,1,521.68,505.04,0.09,0.0,gauche,gauche,1,1,914,493,0,0.77,matched,1
884,29.467,1780168772,T011,18,375.54,570.64,0.13,2.44,droite,droite,18,1,877,643,0,0.757,matched,1
884,29.467,1780168772,T014,48,465.07,719.48,0.44,1.57,droite,droite,48,1,288,287,0,0.762,matched,1
884,29.467,1780168772,T015,60,95.18,333.55,-0.11,-1.28,gauche,gauche,60,1,319,244,0,0.762,matched,1
884,29.467,1780168772,T016,6,158.59,154.08,0.0,0.37,gauche,gauche,6,1,306,129,0,0.767,matched,1
884,29.467,1780168772,T017,57,334.5,507.26,1.09,-0.53,droite+gauche,"droite,gauche","47,57,6",3,157,140,0,0.759,merged,1
884,29.467,1780168772,T019,45,144.12,584.16,0.43,2.54,droite,droite,45,1,110,47,0,0.753,matched,1
885,29.500,1780168772,T004,4,219.42,407.17,0.87,-1.96,gauche,gauche,4,1,902,556,0,0.762,matched,1
885,29.500,1780168772,T007,59,470.69,249.56,-0.0,-1.14,gauche,gauche,59,1,886,878,0,0.767,matched,1
885,29.500,1780168772,T008,27,88.0,676.46,0.09,0.81,droite,droite,27,1,902,561,0,0.765,matched,1
885,29.500,1780168772,T009,1,521.68,505.04,0.05,0.2,gauche,gauche,1,1,915,494,0,0.767,matched,1
885,29.500,1780168772,T011,18,375.54,574.02,-0.09,1.91,droite,droite,18,1,878,644,0,0.765,matched,1
885,29.500,1780168772,T013,6,334.71,481.98,9.53,3.32,droite,droite,6,1,595,420,0,0.57,matched,1
885,29.500,1780168772,T014,48,465.63,722.16,0.63,2.35,droite,droite,48,1,289,288,0,0.756,matched,1
885,29.500,1780168772,T015,60,95.4,331.94,0.26,-0.7,gauche,gauche,60,1,320,245,0,0.761,matched,1
885,29.500,1780168772,T016,6,158.5,154.81,-0.09,0.29,gauche,gauche,6,1,307,130,0,0.768,matched,1
885,29.500,1780168772,T019,45,144.87,587.54,0.29,2.98,droite,droite,45,1,111,48,0,0.76,matched,1
886,29.533,1780168772,T004,4,221.06,404.51,1.07,-1.81,gauche,gauche,4,1,903,557,0,0.766,matched,1
886,29.533,1780168772,T007,59,470.77,247.75,-0.01,-1.43,gauche,gauche,59,1,887,879,0,0.764,matched,1
886,29.533,1780168772,T008,27,88.34,677.71,0.31,0.46,droite,droite,27,1,903,562,0,0.765,matched,1
886,29.533,1780168772,T009,1,521.68,505.04,0.03,0.03,gauche,gauche,1,1,916,495,0,0.768,matched,1
886,29.533,1780168772,T011,18,375.46,576.96,-0.16,1.61,droite,droite,18,1,879,645,0,0.768,matched,1
886,29.533,1780168772,T013,6,335.95,482.39,6.62,2.27,droite,droite,6,1,596,421,0,0.753,matched,1
886,29.533,1780168772,T014,48,466.34,725.58,0.73,3.14,droite,droite,48,1,290,289,0,0.755,matched,1
886,29.533,1780168772,T015,60,95.99,330.81,0.68,-0.32,gauche,gauche,60,1,321,246,0,0.762,matched,1
886,29.533,1780168772,T016,6,158.5,154.81,-0.1,0.19,gauche,gauche,6,1,308,131,0,0.769,matched,1
886,29.533,1780168772,T019,45,145.71,591.2,0.51,3.16,droite,droite,45,1,112,49,0,0.762,matched,1
887,29.567,1780168772,T004,4,223.07,401.75,1.58,-2.02,gauche,gauche,4,1,904,558,0,0.759,matched,1
887,29.567,1780168772,T007,59,470.82,245.68,-0.01,-1.73,gauche,gauche,59,1,888,880,0,0.764,matched,1
887,29.567,1780168772,T008,27,88.85,678.62,0.5,0.22,droite,droite,27,1,904,563,0,0.766,matched,1
887,29.567,1780168772,T009,1,521.68,505.04,0.01,0.14,gauche,gauche,1,1,917,496,0,0.768,matched,1
887,29.567,1780168772,T011,18,375.35,579.87,-0.15,1.81,droite,droite,18,1,880,646,0,0.765,matched,1
887,29.567,1780168772,T012,47,344.69,483.32,-9.7,-1.14,droite,droite,47,1,874,574,0,0.57,matched,1
887,29.567,1780168772,T014,48,467.15,729.41,0.77,3.41,droite,droite,48,1,291,290,0,0.761,matched,1
887,29.567,1780168772,T015,60,96.94,330.16,1.03,0.07,gauche,gauche,60,1,322,247,0,0.762,matched,1
887,29.567,1780168772,T016,6,158.5,154.81,-0.09,0.11,gauche,gauche,6,1,309,132,0,0.769,matched,1
887,29.567,1780168772,T019,45,146.9,594.89,0.99,3.02,droite,droite,45,1,113,50,0,0.762,matched,1
888,29.600,1780168772,T004,4,225.53,398.89,2.1,-2.15,gauche,gauche,4,1,905,559,0,0.759,matched,1
888,29.600,1780168772,T007,59,471.0,243.36,0.16,-1.96,gauche,gauche,59,1,889,881,0,0.764,matched,1
888,29.600,1780168772,T008,27,89.5,679.4,0.63,0.25,droite,droite,27,1,905,564,0,0.767,matched,1
888,29.600,1780168772,T009,1,521.68,505.04,0.0,-0.02,gauche,gauche,1,1,918,497,0,0.768,matched,1
888,29.600,1780168772,T011,18,375.39,583.08,0.06,2.32,droite,droite,18,1,881,647,0,0.759,matched,1
888,29.600,1780168772,T014,48,468.02,732.87,0.78,2.74,droite,droite,48,1,292,291,0,0.765,matched,1
888,29.600,1780168772,T015,60,98.05,329.79,1.1,0.21,gauche,gauche,60,1,323,248,0,0.767,matched,1
888,29.600,1780168772,T016,6,158.5,154.81,-0.06,0.05,gauche,gauche,6,1,310,133,0,0.769,matched,1
888,29.600,1780168772,T017,57,343.54,510.74,0.92,0.99,droite+gauche,"droite,gauche","47,57,6",3,161,144,0,0.745,merged,1
888,29.600,1780168772,T019,45,148.5,598.47,1.46,2.79,droite,droite,45,1,114,51,0,0.762,matched,1
889,29.633,1780168772,T004,4,227.84,396.38,1.82,-1.71,gauche,gauche,4,1,906,560,0,0.767,matched,1
889,29.633,1780168772,T007,59,471.21,241.26,0.19,-1.6,gauche,gauche,59,1,890,882,0,0.768,matched,1
889,29.633,1780168772,T008,27,90.12,680.04,0.53,0.2,droite,droite,27,1,906,565,0,0.769,matched,1
889,29.633,1780168772,T009,1,521.68,505.04,-0.0,-0.08,gauche,gauche,1,1,919,498,0,0.769,matched,1
889,29.633,1780168772,T011,18,375.49,586.0,0.13,2.0,droite,droite,18,1,882,648,0,0.768,matched,1
889,29.633,1780168772,T014,48,468.79,735.67,0.61,1.86,droite,droite,48,1,293,292,0,0.761,matched,1
889,29.633,1780168772,T015,60,99.07,329.59,0.88,0.21,gauche,gauche,60,1,324,249,0,0.768,matched,1
889,29.633,1780168772,T016,6,158.5,154.81,-0.04,0.02,gauche,gauche,6,1,311,134,0,0.77,matched,1
889,29.633,1780168772,T017,57,344.54,511.22,0.15,0.2,droite+gauche,"droite,gauche","47,57,6",3,162,145,0,0.756,merged,1
889,29.633,1780168772,T019,45,150.06,601.64,1.31,2.24,droite,droite,45,1,115,52,0,0.766,matched,1
890,29.667,1780168772,T004,4,230.45,394.24,2.15,-1.32,gauche,gauche,4,1,907,561,0,0.762,matched,1
890,29.667,1780168772,T007,59,471.41,239.0,0.16,-1.78,gauche,gauche,59,1,891,883,0,0.765,matched,1
890,29.667,1780168772,T008,27,90.63,680.67,0.38,0.31,droite,droite,27,1,907,566,0,0.768,matched,1
890,29.667,1780168772,T009,1,521.68,505.04,-0.0,-0.08,gauche,gauche,1,1,920,499,0,0.77,matched,1
890,29.667,1780168772,T011,18,375.61,589.35,0.12,2.61,droite,droite,18,1,883,649,0,0.758,matched,1
890,29.667,1780168772,T013,6,339.05,494.78,1.52,10.8,droite,droite,6,1,600,423,0,0.638,matched,1
890,29.667,1780168772,T014,48,469.41,737.77,0.4,1.1,droite,droite,48,1,294,293,0,0.761,matched,1
890,29.667,1780168772,T015,60,100.03,329.46,0.76,0.16,gauche,gauche,60,1,325,250,0,0.769,matched,1
890,29.667,1780168772,T016,6,158.5,154.81,-0.02,0.0,gauche,gauche,6,1,312,135,0,0.77,matched,1
890,29.667,1780168772,T019,45,151.79,604.46,1.46,1.86,droite,droite,45,1,116,53,0,0.765,matched,1
891,29.700,1780168772,T004,4,233.1,392.41,2.13,-1.04,gauche,gauche,4,1,908,562,0,0.766,matched,1
891,29.700,1780168772,T007,59,471.57,236.85,0.11,-1.62,gauche,gauche,59,1,892,884,0,0.769,matched,1
891,29.700,1780168772,T008,27,91.16,681.5,0.4,0.62,droite,droite,27,1,908,567,0,0.765,matched,1
891,29.700,1780168772,T011,18,375.71,593.68,0.09,3.78,droite,droite,18,1,884,650,0,0.749,matched,1
891,29.700,1780168772,T014,48,470.01,739.29,0.4,0.55,droite,droite,48,1,295,294,0,0.764,matched,1
891,29.700,1780168772,T015,60,101.1,329.38,0.88,0.11,gauche,gauche,60,1,326,251,0,0.767,matched,1
891,29.700,1780168772,T016,6,158.5,154.81,-0.01,-0.01,gauche,gauche,6,1,313,136,0,0.77,matched,1
891,29.700,1780168772,T017,57,349.73,508.66,2.77,-2.6,gauche,gauche,57,1,164,147,0,0.74,matched,1
891,29.700,1780168772,T019,45,153.91,606.74,1.87,1.29,droite,droite,45,1,117,54,0,0.76,matched,1
892,29.733,1780168772,T004,4,235.82,390.97,2.15,-0.7,gauche,gauche,4,1,909,563,0,0.765,matched,1
892,29.733,1780168772,T007,59,471.69,235.04,0.07,-1.19,gauche,gauche,59,1,893,885,0,0.766,matched,1
892,29.733,1780168772,T008,27,91.63,682.59,0.32,0.94,droite,droite,27,1,909,568,0,0.764,matched,1
892,29.733,1780168772,T011,18,375.66,598.13,-0.11,3.71,droite,droite,18,1,885,651,0,0.765,matched,1
892,29.733,1780168772,T014,48,470.52,740.49,0.31,0.39,droite,droite,48,1,296,295,0,0.768,matched,1
892,29.733,1780168772,T015,60,102.21,329.17,0.9,-0.11,gauche,gauche,60,1,327,252,0,0.767,matched,1
892,29.733,1780168772,T016,6,158.5,154.81,-0.0,-0.01,gauche,gauche,6,1,314,137,0,0.77,matched,1
892,29.733,1780168772,T017,57,353.09,504.9,3.01,-4.32,gauche,gauche,57,1,165,148,0,0.74,matched,1
892,29.733,1780168772,T019,45,156.31,608.48,2.11,0.78,droite,droite,45,1,118,55,0,0.762,matched,1
893,29.767,1780168772,T004,4,238.46,389.74,2.01,-0.58,gauche,gauche,4,1,910,564,0,0.769,matched,1
893,29.767,1780168772,T007,59,471.78,233.64,0.03,-0.75,gauche,gauche,59,1,894,886,0,0.765,matched,1
893,29.767,1780168772,T008,27,92.0,684.33,0.21,1.7,droite,droite,27,1,910,569,0,0.757,matched,1
893,29.767,1780168772,T011,18,375.26,602.14,-0.5,3.01,droite,droite,18,1,886,652,0,0.762,matched,1
893,29.767,1780168772,T014,48,470.92,741.67,0.21,0.58,droite,droite,48,1,297,296,0,0.766,matched,1
893,29.767,1780168772,T015,60,103.32,328.79,0.87,-0.34,gauche,gauche,60,1,328,253,0,0.766,matched,1
893,29.767,1780168772,T016,6,158.5,154.81,-0.17,0.16,gauche,gauche,6,1,315,138,0,0.766,matched,1
893,29.767,1780168772,T017,57,356.4,500.23,2.75,-4.86,gauche,gauche,57,1,166,149,0,0.756,matched,1
893,29.767,1780168772,T019,45,158.78,609.88,2.07,0.57,droite,droite,45,1,119,56,0,0.767,matched,1
894,29.800,1780168772,T004,4,240.83,388.36,1.67,-0.91,gauche,gauche,4,1,911,565,0,0.764,matched,1
894,29.800,1780168772,T007,59,471.71,232.74,-0.16,-0.24,gauche,gauche,59,1,895,887,0,0.763,matched,1
894,29.800,1780168772,T008,27,92.42,686.4,0.3,1.95,droite,droite,27,1,911,570,0,0.764,matched,1
894,29.800,1780168772,T011,18,374.64,605.79,-0.71,2.57,droite,droite,18,1,887,653,0,0.766,matched,1
894,29.800,1780168772,T014,48,471.36,742.99,0.29,0.86,droite,droite,48,1,298,297,0,0.765,matched,1
894,29.800,1780168772,T015,60,104.28,327.98,0.66,-0.86,gauche,gauche,60,1,329,254,0,0.762,matched,1
894,29.800,1780168772,T016,6,158.17,155.55,-0.2,0.19,gauche,gauche,6,1,316,139,0,0.769,matched,1
894,29.800,1780168772,T017,57,359.35,495.85,2.2,-3.96,gauche,gauche,57,1,167,150,0,0.763,matched,1
894,29.800,1780168772,T019,45,161.19,611.1,1.92,0.53,droite,droite,45,1,120,57,0,0.769,matched,1
895,29.833,1780168772,T004,4,242.76,387.08,1.16,-0.83,gauche,gauche,4,1,912,566,0,0.765,matched,1
895,29.833,1780168772,T007,59,471.71,232.74,-0.19,0.01,gauche,gauche,59,1,896,888,0,0.767,matched,1
895,29.833,1780168772,T008,27,92.8,688.32,0.26,1.6,droite,droite,27,1,912,571,0,0.768,matched,1
895,29.833,1780168772,T011,18,374.0,608.78,-0.63,1.81,droite,droite,18,1,888,654,0,0.763,matched,1
895,29.833,1780168772,T014,48,471.75,744.19,0.25,0.77,droite,droite,48,1,299,298,0,0.77,matched,1
895,29.833,1780168772,T015,60,105.03,327.08,0.43,-0.86,gauche,gauche,60,1,330,255,0,0.767,matched,1
895,29.833,1780168772,T016,6,158.17,155.55,-0.16,0.16,gauche,gauche,6,1,317,140,0,0.77,matched,1
895,29.833,1780168772,T017,57,361.72,492.25,1.49,-2.71,gauche,gauche,57,1,168,151,0,0.756,matched,1
895,29.833,1780168772,T019,45,163.25,612.08,1.43,0.4,droite,droite,45,1,121,58,0,0.765,matched,1
896,29.867,1780168772,T004,4,244.36,385.61,0.87,-1.12,gauche,gauche,4,1,913,567,0,0.764,matched,1
896,29.867,1780168772,T007,59,471.71,232.74,-0.33,0.1,gauche,gauche,59,1,897,889,0,0.767,matched,1
896,29.867,1780168772,T008,27,93.26,690.3,0.36,1.61,droite,droite,27,1,913,572,0,0.767,matched,1
896,29.867,1780168772,T011,18,373.31,611.48,-0.62,1.62,droite,droite,18,1,889,655,0,0.769,matched,1
896,29.867,1780168772,T014,48,472.08,745.32,0.18,0.73,droite,droite,48,1,300,299,0,0.769,matched,1
896,29.867,1780168772,T015,60,105.45,325.86,0.07,-1.18,gauche,gauche,60,1,331,256,0,0.762,matched,1
896,29.867,1780168772,T016,6,158.17,155.55,-0.11,0.11,gauche,gauche,6,1,318,141,0,0.769,matched,1
896,29.867,1780168772,T017,57,364.06,488.98,1.55,-2.3,gauche,gauche,57,1,169,152,0,0.766,matched,1
896,29.867,1780168772,T019,45,164.85,613.26,0.91,0.77,droite,droite,45,1,122,59,0,0.762,matched,1
897,29.900,1780168772,T002,6,36.01,513.0,-3.94,-2.74,droite,droite,6,1,978,633,0,0.57,reattached,1
897,29.900,1780168772,T004,4,245.61,384.11,0.56,-1.15,gauche,gauche,4,1,914,568,0,0.766,matched,1
897,29.900,1780168772,T007,59,471.17,232.17,-0.48,-0.05,gauche,gauche,59,1,898,890,0,0.767,matched,1
897,29.900,1780168772,T008,27,93.95,692.3,0.65,1.59,droite,droite,27,1,914,573,0,0.765,matched,1
897,29.900,1780168772,T011,18,372.57,614.24,-0.65,1.86,droite,droite,18,1,890,656,0,0.764,matched,1
897,29.900,1780168772,T012,1,353.39,476.79,3.0,-2.42,gauche,gauche,1,1,884,575,0,0.57,matched,1
897,29.900,1780168772,T014,48,472.33,746.54,0.11,0.89,droite,droite,48,1,301,300,0,0.767,matched,1
897,29.900,1780168772,T015,60,105.4,323.44,-0.42,-2.56,gauche,gauche,60,1,332,257,0,0.747,matched,1
897,29.900,1780168772,T016,6,158.17,155.55,-0.07,0.07,gauche,gauche,6,1,319,142,0,0.769,matched,1
897,29.900,1780168772,T019,45,166.18,614.51,0.68,0.9,droite,droite,45,1,123,60,0,0.766,matched,1
898,29.933,1780168772,T002,6,35.25,513.71,-2.99,1.59,droite,droite,6,1,979,634,0,0.753,matched,1
898,29.933,1780168772,T004,4,246.81,382.39,0.65,-1.41,gauche,gauche,4,1,915,569,0,0.764,matched,1
898,29.933,1780168772,T007,59,471.17,232.17,-0.43,0.07,gauche,gauche,59,1,899,891,0,0.768,matched,1
898,29.933,1780168772,T008,27,94.8,694.17,0.79,1.39,droite,droite,27,1,915,574,0,0.767,matched,1
898,29.933,1780168772,T011,18,372.32,617.36,-0.0,2.38,droite,droite,18,1,891,657,0,0.757,matched,1
898,29.933,1780168772,T014,48,472.52,748.06,0.06,1.26,droite,droite,48,1,302,301,0,0.763,matched,1
898,29.933,1780168772,T015,60,105.28,320.96,-0.35,-2.34,gauche,gauche,60,1,333,258,0,0.769,matched,1
898,29.933,1780168772,T016,6,158.17,155.55,-0.03,0.03,gauche,gauche,6,1,320,143,0,0.769,matched,1
898,29.933,1780168772,T017,57,368.62,482.5,1.41,-2.6,gauche,gauche,57,1,171,154,0,0.76,matched,1
898,29.933,1780168772,T019,45,167.48,615.9,0.77,1.09,droite,droite,45,1,124,61,0,0.765,matched,1
899,29.967,1780168772,T004,4,248.53,380.39,1.39,-1.7,gauche,gauche,4,1,916,570,0,0.757,matched,1
899,29.967,1780168772,T007,59,470.47,231.73,-0.48,-0.07,gauche,gauche,59,1,900,892,0,0.768,matched,1
899,29.967,1780168772,T008,27,95.74,695.86,0.83,1.17,droite,droite,27,1,916,575,0,0.768,matched,1
899,29.967,1780168772,T012,56,361.86,469.21,3.24,-4.14,gauche,gauche,56,1,886,576,0,0.751,matched,1
899,29.967,1780168772,T013,53,370.3,632.98,2.58,8.03,droite,droite,53,1,609,425,0,0.751,matched,1
899,29.967,1780168772,T014,48,472.65,749.91,0.03,1.63,droite,droite,48,1,303,302,0,0.763,matched,1
899,29.967,1780168772,T015,60,105.17,318.68,-0.24,-1.9,gauche,gauche,60,1,334,259,0,0.767,matched,1
899,29.967,1780168772,T016,6,158.17,155.55,-0.01,0.01,gauche,gauche,6,1,321,144,0,0.77,matched,1
899,29.967,1780168772,T019,45,168.87,617.3,0.97,1.09,droite,droite,45,1,125,62,0,0.766,matched,1
900,30.000,1780168773,T002,52,35.25,513.71,-0.51,-0.76,droite,droite,52,1,981,635,0,0.745,matched,1
900,30.000,1780168773,T003,58,522.57,503.29,5.3,-2.02,gauche,gauche,58,1,949,714,0,0.57,reattached,1
900,30.000,1780168773,T004,4,250.67,378.42,1.87,-1.59,gauche,gauche,4,1,917,571,0,0.761,matched,1
900,30.000,1780168773,T007,59,469.71,231.34,-0.56,-0.11,gauche,gauche,59,1,901,893,0,0.768,matched,1
900,30.000,1780168773,T008,27,96.57,697.37,0.66,0.99,droite,droite,27,1,917,576,0,0.768,matched,1
900,30.000,1780168773,T011,18,372.91,622.78,0.77,4.05,droite,droite,18,1,893,658,0,0.74,matched,1
900,30.000,1780168773,T012,56,368.76,462.12,2.48,-4.2,gauche,gauche,56,1,887,577,0,0.763,matched,1
900,30.000,1780168773,T014,48,472.88,752.06,0.18,1.91,droite,droite,48,1,304,303,0,0.763,matched,1
900,30.000,1780168773,T015,60,105.36,316.55,0.2,-1.63,gauche,gauche,60,1,335,260,0,0.764,matched,1
900,30.000,1780168773,T016,6,158.17,155.55,-0.0,0.0,gauche,gauche,6,1,322,145,0,0.77,matched,1
901,30.033,1780168773,T002,52,35.25,513.71,-0.2,-0.66,droite,droite,52,1,982,636,0,0.767,matched,1
901,30.033,1780168773,T003,58,522.57,503.29,2.18,-1.43,gauche,gauche,58,1,950,715,0,0.758,matched,1
901,30.033,1780168773,T004,4,252.7,376.73,1.63,-1.19,gauche,gauche,4,1,918,572,0,0.766,matched,1
901,30.033,1780168773,T007,59,469.04,231.02,-0.47,-0.1,gauche,gauche,59,1,902,894,0,0.769,matched,1
901,30.033,1780168773,T008,27,97.25,698.6,0.44,0.69,droite,droite,27,1,918,577,0,0.766,matched,1
901,30.033,1780168773,T011,18,373.6,627.73,0.77,3.48,droite,droite,18,1,894,659,0,0.767,matched,1
901,30.033,1780168773,T012,56,374.14,456.26,1.58,-3.04,gauche,gauche,56,1,888,578,0,0.758,matched,1
901,30.033,1780168773,T014,48,473.13,754.05,0.2,1.58,droite,droite,48,1,305,304,0,0.768,matched,1
901,30.033,1780168773,T015,60,105.67,314.79,0.32,-1.16,gauche,gauche,60,1,336,261,0,0.765,matched,1
901,30.033,1780168773,T016,6,158.17,155.55,0.0,-0.0,gauche,gauche,6,1,323,146,0,0.77,matched,1
902,30.067,1780168773,T002,52,34.6,514.28,-0.46,0.89,droite,droite,52,1,983,637,0,0.75,matched,1
902,30.067,1780168773,T003,58,522.57,503.29,0.76,-0.68,gauche,gauche,58,1,951,716,0,0.761,matched,1
902,30.067,1780168773,T004,4,254.81,375.41,1.68,-0.77,gauche,gauche,4,1,919,573,0,0.765,matched,1
902,30.067,1780168773,T007,59,469.04,231.02,-0.15,-0.07,gauche,gauche,59,1,903,895,0,0.766,matched,1
902,30.067,1780168773,T008,27,97.75,699.68,0.26,0.59,droite,droite,27,1,919,578,0,0.768,matched,1
902,30.067,1780168773,T012,56,377.91,452.14,0.52,-1.33,gauche,gauche,56,1,889,579,0,0.748,matched,1
902,30.067,1780168773,T013,53,370.77,640.36,-0.45,3.64,droite,droite,53,1,612,428,0,0.759,matched,1
902,30.067,1780168773,T014,48,473.35,755.95,0.16,1.44,droite,droite,48,1,306,305,0,0.77,matched,1
902,30.067,1780168773,T015,60,106.26,313.17,0.64,-1.06,gauche,gauche,60,1,337,262,0,0.765,matched,1
902,30.067,1780168773,T016,6,158.17,155.55,0.0,-0.0,gauche,gauche,6,1,324,147,0,0.77,matched,1
903,30.100,1780168773,T002,52,33.99,514.93,-0.43,0.81,droite,droite,52,1,984,638,0,0.77,matched,1
903,30.100,1780168773,T003,58,522.57,503.29,0.29,-0.33,gauche,gauche,58,1,952,717,0,0.766,matched,1
903,30.100,1780168773,T004,4,257.34,374.43,2.16,-0.43,gauche,gauche,4,1,920,574,0,0.76,matched,1
903,30.100,1780168773,T007,59,469.04,231.02,-0.17,-0.22,gauche,gauche,59,1,904,896,0,0.768,matched,1
903,30.100,1780168773,T008,27,98.25,700.54,0.3,0.42,droite,droite,27,1,920,579,0,0.768,matched,1
903,30.100,1780168773,T012,56,380.43,449.0,-0.14,-0.8,gauche,gauche,56,1,890,580,0,0.76,matched,1
903,30.100,1780168773,T013,53,370.23,643.2,-0.63,3.18,droite,droite,53,1,613,429,0,0.767,matched,1
903,30.100,1780168773,T014,48,473.53,757.96,0.11,1.57,droite,droite,48,1,307,306,0,0.766,matched,1
903,30.100,1780168773,T015,60,106.89,311.55,0.61,-1.11,gauche,gauche,60,1,338,263,0,0.768,matched,1
903,30.100,1780168773,T016,6,158.17,155.55,0.0,-0.0,gauche,gauche,6,1,325,148,0,0.77,matched,1
904,30.133,1780168773,T003,58,522.57,503.29,0.1,-0.16,gauche,gauche,58,1,953,718,0,0.768,matched,1
904,30.133,1780168773,T004,4,260.12,373.6,2.37,-0.37,gauche,gauche,4,1,921,575,0,0.764,matched,1
904,30.133,1780168773,T007,59,468.54,230.28,-0.13,-0.56,gauche,gauche,59,1,905,897,0,0.765,matched,1
904,30.133,1780168773,T008,27,98.68,701.62,0.25,0.77,droite,droite,27,1,921,580,0,0.764,matched,1
904,30.133,1780168773,T012,56,382.27,446.53,-0.17,-0.59,gauche,gauche,56,1,891,581,0,0.768,matched,1
904,30.133,1780168773,T013,53,369.68,646.07,-0.55,2.8,droite,droite,53,1,614,430,0,0.769,matched,1
904,30.133,1780168773,T014,48,473.52,759.87,-0.11,1.43,droite,droite,48,1,308,307,0,0.767,matched,1
904,30.133,1780168773,T015,60,107.72,310.14,0.8,-0.88,gauche,gauche,60,1,339,264,0,0.766,matched,1
904,30.133,1780168773,T016,6,158.17,155.55,0.0,-0.0,gauche,gauche,6,1,326,149,0,0.77,matched,1
904,30.133,1780168773,T018,6,39.98,499.57,-2.78,5.75,droite,droite,6,1,148,68,0,0.746,matched,1
