frame,timestamp_s,timestamp_unix,player_id,X,Y,status,on_terrain
0,0.000,1780168743,G1,214,375,ok,1
0,0.000,1780168743,G2,373,367,ok,1
0,0.000,1780168743,G3,177,230,ok,1
0,0.000,1780168743,G4,427,274,ok,1
0,0.000,1780168743,G5,60,488,merged,0
0,0.000,1780168743,G6,169,95,ok,0
0,0.000,1780168743,G7,249,100,ok,0
0,0.000,1780168743,G8,198,120,ok,0
0,0.000,1780168743,G9,228,96,ok,0
0,0.000,1780168743,G10,386,136,ok,1
0,0.000,1780168743,G11,262,125,ok,0
0,0.000,1780168743,G12,276,81,ok,0
0,0.000,1780168743,G13,126,76,ok,0
0,0.000,1780168743,G14,516,517,ok,0
0,0.000,1780168743,D1,112,699,ok,1
0,0.000,1780168743,D2,208,638,ok,1
0,0.000,1780168743,D3,359,759,ok,1
0,0.000,1780168743,D5,0,590,ok,0
0,0.000,1780168743,D6,-1,590,ok,0
0,0.000,1780168743,D7,-2,590,ok,0
0,0.000,1780168743,D8,-1,590,ok,0
1,0.033,1780168743,G1,214,375,ok,1
1,0.033,1780168743,G2,373,367,ok,1
1,0.033,1780168743,G3,177,230,ok,1
1,0.033,1780168743,G4,427,275,ok,1
1,0.033,1780168743,G5,59,488,merged,0
1,0.033,1780168743,G6,169,95,ok,0
1,0.033,1780168743,G7,249,100,ok,0
1,0.033,1780168743,G8,198,120,ok,0
1,0.033,1780168743,G9,228,96,ok,0
1,0.033,1780168743,G10,386,136,ok,1
1,0.033,1780168743,G11,262,125,ok,0
1,0.033,1780168743,G12,276,81,ok,0
1,0.033,1780168743,G13,126,76,ok,0
1,0.033,1780168743,G14,516,517,ok,0
1,0.033,1780168743,D1,112,699,ok,1
1,0.033,1780168743,D2,207,638,ok,1
1,0.033,1780168743,D3,359,759,ok,1
1,0.033,1780168743,D8,-1,591,ok,0
1,0.033,1780168743,D5,0,589,ok,0
1,0.033,1780168743,D6,-1,590,ok,0
1,0.033,1780168743,D7,-2,590,interpolated,0
2,0.067,1780168743,G1,214,375,ok,1
2,0.067,1780168743,G2,374,367,ok,1
2,0.067,1780168743,G3,177,230,ok,1
2,0.067,1780168743,G4,426,276,ok,1
2,0.067,1780168743,G8,198,120,ok,0
2,0.067,1780168743,G7,249,100,ok,0
2,0.067,1780168743,G10,387,136,ok,1
2,0.067,1780168743,G6,169,95,ok,0
2,0.067,1780168743,G9,229,96,ok,0
2,0.067,1780168743,G12,275,81,ok,0
2,0.067,1780168743,G11,261,125,ok,0
2,0.067,1780168743,G5,60,488,merged,0
2,0.067,1780168743,G13,126,77,ok,0
2,0.067,1780168743,G15,519,511,ok,0
2,0.067,1780168743,G14,516,517,ok,0
2,0.067,1780168743,D1,112,699,ok,1
2,0.067,1780168743,D2,210,638,ok,1
2,0.067,1780168743,D3,358,760,ok,1
2,0.067,1780168743,D5,0,590,ok,0
2,0.067,1780168743,D6,-1,590,ok,0
2,0.067,1780168743,D7,-2,590,ok,0
2,0.067,1780168743,D8,-1,591,interpolated,0
3,0.100,1780168743,G2,375,367,ok,1
3,0.100,1780168743,G1,215,375,ok,1
3,0.100,1780168743,G3,177,230,ok,1
3,0.100,1780168743,G4,427,277,ok,1
3,0.100,1780168743,G8,198,120,ok,0
3,0.100,1780168743,G7,249,99,ok,0
3,0.100,1780168743,G10,387,136,ok,1
3,0.100,1780168743,G6,170,93,ok,0
3,0.100,1780168743,G5,60,488,merged,0
3,0.100,1780168743,G9,228,96,ok,0
3,0.100,1780168743,G12,275,81,ok,0
3,0.100,1780168743,G11,260,126,ok,1
3,0.100,1780168743,G13,125,77,ok,0
3,0.100,1780168743,G15,519,510,ok,0
3,0.100,1780168743,G14,516,517,ok,0
3,0.100,1780168743,D1,113,699,ok,1
3,0.100,1780168743,D2,211,638,ok,1
3,0.100,1780168743,D3,357,766,ok,1
3,0.100,1780168743,D5,0,590,ok,0
3,0.100,1780168743,D6,-1,590,ok,0
3,0.100,1780168743,D7,-2,590,ok,0
3,0.100,1780168743,D8,-1,591,interpolated,0
4,0.133,1780168743,G2,376,367,ok,1
4,0.133,1780168743,G1,216,374,ok,1
4,0.133,1780168743,G3,178,230,ok,1
4,0.133,1780168743,G4,427,273,ok,1
4,0.133,1780168743,G8,198,120,ok,0
4,0.133,1780168743,G5,60,488,merged,0
4,0.133,1780168743,G7,249,99,ok,0
4,0.133,1780168743,G10,388,136,ok,1
4,0.133,1780168743,G9,229,96,ok,0
4,0.133,1780168743,G6,170,93,ok,0
4,0.133,1780168743,G12,274,81,ok,0
4,0.133,1780168743,G11,259,126,ok,1
4,0.133,1780168743,G13,124,77,ok,0
4,0.133,1780168743,G15,519,510,ok,0
4,0.133,1780168743,D2,212,638,ok,1
4,0.133,1780168743,D1,113,699,ok,1
4,0.133,1780168743,D9,361,771,ok,1
4,0.133,1780168743,D3,357,771,ok,1
4,0.133,1780168743,D5,0,590,ok,0
4,0.133,1780168743,D10,457,777,ok,1
4,0.133,1780168743,D6,-1,590,ok,0
4,0.133,1780168743,G14,516,517,interpolated,0
4,0.133,1780168743,D7,-2,590,interpolated,0
4,0.133,1780168743,D8,-1,591,interpolated,0
5,0.167,1780168743,G1,217,374,ok,1
5,0.167,1780168743,G2,377,365,ok,1
5,0.167,1780168743,G5,60,488,merged,0
5,0.167,1780168743,G3,178,230,ok,1
5,0.167,1780168743,G4,428,270,ok,1
5,0.167,1780168743,G8,198,121,ok,0
5,0.167,1780168743,G7,249,100,ok,0
5,0.167,1780168743,G9,229,96,ok,0
5,0.167,1780168743,G6,169,94,ok,0
5,0.167,1780168743,G10,389,136,ok,1
5,0.167,1780168743,G12,274,81,ok,0
5,0.167,1780168743,G11,258,126,ok,1
5,0.167,1780168743,G16,179,110,ok,0
5,0.167,1780168743,G13,123,78,ok,0
5,0.167,1780168743,G15,519,511,ok,0
5,0.167,1780168743,D2,212,637,ok,1
5,0.167,1780168743,D1,114,699,ok,1
5,0.167,1780168743,D3,356,777,ok,1
5,0.167,1780168743,D10,456,772,ok,1
5,0.167,1780168743,D5,0,590,ok,0
5,0.167,1780168743,D6,-1,590,ok,0
5,0.167,1780168743,G14,516,517,interpolated,0
5,0.167,1780168743,D7,-2,590,interpolated,0
5,0.167,1780168743,D8,-1,591,interpolated,0
5,0.167,1780168743,D9,361,771,interpolated,1
6,0.200,1780168743,G5,60,489,merged,0
6,0.200,1780168743,G1,219,374,ok,1
6,0.200,1780168743,G3,177,229,ok,1
6,0.200,1780168743,G2,379,364,ok,1
6,0.200,1780168743,G8,198,120,ok,0
6,0.200,1780168743,G4,428,268,ok,1
6,0.200,1780168743,G9,229,96,ok,0
6,0.200,1780168743,G7,249,99,ok,0
6,0.200,1780168743,G6,170,93,ok,0
6,0.200,1780168743,G10,389,136,ok,1
6,0.200,1780168743,G12,273,81,ok,0
6,0.200,1780168743,G16,179,112,ok,0
6,0.200,1780168743,G11,258,126,ok,1
6,0.200,1780168743,G15,518,512,ok,0
6,0.200,1780168743,D1,114,700,ok,1
6,0.200,1780168743,D2,213,637,ok,1
6,0.200,1780168743,D3,360,784,ok,1
6,0.200,1780168743,D10,457,769,ok,1
6,0.200,1780168743,D5,0,590,ok,0
6,0.200,1780168743,D6,-1,590,ok,0
6,0.200,1780168743,D7,-2,590,ok,0
6,0.200,1780168743,G13,123,78,interpolated,0
6,0.200,1780168743,G14,516,517,interpolated,0
6,0.200,1780168743,D8,-1,591,interpolated,0
6,0.200,1780168743,D9,361,771,interpolated,1
7,0.233,1780168743,G5,60,489,merged,0
7,0.233,1780168743,G1,219,374,ok,1
7,0.233,1780168743,G3,178,230,ok,1
7,0.233,1780168743,G2,379,364,ok,1
7,0.233,1780168743,G8,198,120,ok,0
7,0.233,1780168743,G4,428,268,ok,1
7,0.233,1780168743,G9,229,96,ok,0
7,0.233,1780168743,G7,249,99,ok,0
7,0.233,1780168743,G6,170,93,ok,0
7,0.233,1780168743,G10,389,136,ok,1
7,0.233,1780168743,G12,273,81,ok,0
7,0.233,1780168743,G16,179,112,ok,0
7,0.233,1780168743,G11,258,126,ok,1
7,0.233,1780168743,G14,516,517,ok,0
7,0.233,1780168743,D1,114,700,ok,1
7,0.233,1780168743,D2,213,637,ok,1
7,0.233,1780168743,D3,360,784,ok,1
7,0.233,1780168743,D10,457,769,ok,1
7,0.233,1780168743,D5,0,590,ok,0
7,0.233,1780168743,D6,-1,590,ok,0
7,0.233,1780168743,D7,-2,590,ok,0
7,0.233,1780168743,G13,123,78,interpolated,0
7,0.233,1780168743,D8,-1,591,interpolated,0
7,0.233,1780168743,G15,518,512,interpolated,0
7,0.233,1780168743,D9,361,771,interpolated,1
8,0.267,1780168743,G5,60,489,merged,0
8,0.267,1780168743,G2,381,362,ok,1
8,0.267,1780168743,G1,220,374,ok,1
8,0.267,1780168743,G3,178,229,ok,1
8,0.267,1780168743,G4,429,263,ok,1
8,0.267,1780168743,G8,198,120,ok,0
8,0.267,1780168743,G9,229,96,ok,0
8,0.267,1780168743,G10,390,137,ok,1
8,0.267,1780168743,G12,273,81,ok,0
8,0.267,1780168743,G6,169,91,ok,0
8,0.267,1780168743,G11,256,126,ok,1
8,0.267,1780168743,G16,178,114,ok,0
8,0.267,1780168743,G7,249,98,ok,0
8,0.267,1780168743,G14,516,517,ok,0
8,0.267,1780168743,D1,114,700,ok,1
8,0.267,1780168743,D2,214,638,ok,1
8,0.267,1780168743,D3,358,789,ok,1
8,0.267,1780168743,D10,457,769,ok,1
8,0.267,1780168743,D5,0,590,ok,0
8,0.267,1780168743,D6,-1,590,ok,0
8,0.267,1780168743,D7,-2,590,ok,0
8,0.267,1780168743,D8,-2,882,ok,0
8,0.267,1780168743,G13,123,78,interpolated,0
8,0.267,1780168743,G15,518,512,interpolated,0
8,0.267,1780168743,D9,361,771,interpolated,1
9,0.300,1780168743,G1,221,374,ok,1
9,0.300,1780168743,G3,179,227,ok,1
9,0.300,1780168743,G2,384,358,ok,1
9,0.300,1780168743,G5,60,489,merged,0
9,0.300,1780168743,G4,429,262,ok,1
9,0.300,1780168743,G8,198,120,ok,0
9,0.300,1780168743,G9,228,96,ok,0
9,0.300,1780168743,G12,273,80,ok,0
9,0.300,1780168743,G16,177,117,ok,0
9,0.300,1780168743,G10,391,137,ok,1
9,0.300,1780168743,G11,254,127,ok,1
9,0.300,1780168743,G6,169,92,ok,0
9,0.300,1780168743,G13,120,78,ok,0
9,0.300,1780168743,G7,249,99,ok,0
9,0.300,1780168743,G17,-5,365,ok,0
9,0.300,1780168743,G14,516,517,ok,0
9,0.300,1780168743,D2,216,640,ok,1
9,0.300,1780168743,D1,114,700,ok,1
9,0.300,1780168743,D3,355,791,ok,1
9,0.300,1780168743,D10,456,769,ok,1
9,0.300,1780168743,D5,0,590,ok,0
9,0.300,1780168743,D6,-1,590,ok,0
9,0.300,1780168743,D7,-2,590,ok,0
9,0.300,1780168743,D8,-2,882,interpolated,0
9,0.300,1780168743,G15,518,512,interpolated,0
9,0.300,1780168743,D9,361,771,interpolated,1
10,0.333,1780168743,G1,221,374,ok,1
10,0.333,1780168743,G5,60,489,merged,0
10,0.333,1780168743,G3,179,226,ok,1
10,0.333,1780168743,G2,385,354,ok,1
10,0.333,1780168743,G4,430,259,ok,1
10,0.333,1780168743,G8,198,120,ok,0
10,0.333,1780168743,G9,228,96,ok,0
10,0.333,1780168743,G12,273,80,ok,0
10,0.333,1780168743,G11,253,126,ok,1
10,0.333,1780168743,G16,176,118,ok,0
10,0.333,1780168743,G10,392,137,ok,1
10,0.333,1780168743,G6,169,89,ok,0
10,0.333,1780168743,G13,120,78,ok,0
10,0.333,1780168743,G17,-5,365,ok,0
10,0.333,1780168743,G14,516,517,ok,0
10,0.333,1780168743,G7,249,98,ok,0
10,0.333,1780168743,D1,114,699,ok,1
10,0.333,1780168743,D2,219,644,ok,1
10,0.333,1780168743,D3,351,791,ok,1
10,0.333,1780168743,D10,456,768,ok,1
10,0.333,1780168743,D5,0,590,ok,0
10,0.333,1780168743,D6,-1,590,ok,0
10,0.333,1780168743,D7,-2,590,ok,0
10,0.333,1780168743,D8,-2,882,interpolated,0
10,0.333,1780168743,G15,518,512,interpolated,0
10,0.333,1780168743,D9,361,771,interpolated,1
11,0.367,1780168743,G2,385,352,ok,1
11,0.367,1780168743,G1,221,374,ok,1
11,0.367,1780168743,G5,60,489,merged,0
11,0.367,1780168743,G3,179,224,ok,1
11,0.367,1780168743,G4,430,258,ok,1
11,0.367,1780168743,G8,198,120,ok,0
11,0.367,1780168743,G9,228,96,ok,0
11,0.367,1780168743,G12,273,81,ok,0
11,0.367,1780168743,G11,251,124,ok,0
11,0.367,1780168743,G10,394,137,ok,1
11,0.367,1780168743,G16,176,118,ok,0
11,0.367,1780168743,G15,213,374,ok,1
11,0.367,1780168743,G14,516,517,ok,0
11,0.367,1780168743,G13,120,78,ok,0
11,0.367,1780168743,D1,114,699,ok,1
11,0.367,1780168743,D2,224,645,ok,1
11,0.367,1780168743,D10,453,761,ok,1
11,0.367,1780168743,D3,347,792,ok,1
11,0.367,1780168743,D5,0,589,ok,0
11,0.367,1780168743,D6,-1,591,ok,0
11,0.367,1780168743,D7,-2,590,ok,0
11,0.367,1780168743,G6,169,89,interpolated,0
11,0.367,1780168743,G7,249,98,interpolated,0
11,0.367,1780168743,D8,-2,882,interpolated,0
11,0.367,1780168743,D9,361,771,interpolated,1
11,0.367,1780168743,G17,-5,365,interpolated,0
12,0.400,1780168743,G2,385,352,ok,1
12,0.400,1780168743,G3,178,222,ok,1
12,0.400,1780168743,G4,430,258,ok,1
12,0.400,1780168743,G5,60,489,merged,0
12,0.400,1780168743,G8,198,121,ok,0
12,0.400,1780168743,G9,228,96,ok,0
12,0.400,1780168743,G1,221,373,ok,1
12,0.400,1780168743,G12,273,81,ok,0
12,0.400,1780168743,G15,212,373,ok,1
12,0.400,1780168743,G16,175,118,ok,0
12,0.400,1780168743,G13,87,68,ok,0
12,0.400,1780168743,G11,249,125,ok,0
12,0.400,1780168743,G10,395,137,ok,1
12,0.400,1780168743,G17,-6,364,ok,0
12,0.400,1780168743,G18,-16,313,ok,0
12,0.400,1780168743,G14,516,517,ok,0
12,0.400,1780168743,D2,226,646,ok,1
12,0.400,1780168743,D1,114,699,ok,1
12,0.400,1780168743,D10,452,752,ok,1
12,0.400,1780168743,D3,345,793,ok,1
12,0.400,1780168743,D5,0,590,ok,0
12,0.400,1780168743,D6,-1,590,ok,0
12,0.400,1780168743,D7,-2,590,ok,0
12,0.400,1780168743,G6,169,89,interpolated,0
12,0.400,1780168743,G7,249,98,interpolated,0
12,0.400,1780168743,D8,-2,882,interpolated,0
12,0.400,1780168743,D9,361,771,interpolated,1
13,0.433,1780168743,G2,385,352,ok,1
13,0.433,1780168743,G3,178,222,ok,1
13,0.433,1780168743,G4,430,258,ok,1
13,0.433,1780168743,G5,60,489,merged,0
13,0.433,1780168743,G8,198,121,ok,0
13,0.433,1780168743,G9,228,96,ok,0
13,0.433,1780168743,G1,221,373,ok,1
13,0.433,1780168743,G12,273,81,ok,0
13,0.433,1780168743,G15,212,373,ok,1
13,0.433,1780168743,G16,175,118,ok,0
13,0.433,1780168743,G11,249,125,ok,0
13,0.433,1780168743,G13,87,68,ok,0
13,0.433,1780168743,G10,395,137,ok,1
13,0.433,1780168743,G18,-16,313,ok,0
13,0.433,1780168743,G17,-6,364,ok,0
13,0.433,1780168743,G14,516,517,ok,0
13,0.433,1780168743,D2,226,646,ok,1
13,0.433,1780168743,D1,114,699,ok,1
13,0.433,1780168743,D10,452,752,ok,1
13,0.433,1780168743,D3,345,793,ok,1
13,0.433,1780168743,D5,0,590,ok,0
13,0.433,1780168743,D6,-1,590,ok,0
13,0.433,1780168743,D7,-2,590,ok,0
13,0.433,1780168743,G6,169,89,interpolated,0
13,0.433,1780168743,G7,249,98,interpolated,0
13,0.433,1780168743,D8,-2,882,interpolated,0
13,0.433,1780168743,D9,361,771,interpolated,1
14,0.467,1780168743,G1,222,373,ok,1
14,0.467,1780168743,G2,384,352,ok,1
14,0.467,1780168743,G4,431,258,ok,1
14,0.467,1780168743,G3,178,221,ok,1
14,0.467,1780168743,G8,198,121,ok,0
14,0.467,1780168743,G9,228,96,ok,0
14,0.467,1780168743,G5,60,490,merged,0
14,0.467,1780168743,G12,273,80,ok,0
14,0.467,1780168743,G16,173,118,ok,0
14,0.467,1780168743,G10,398,136,ok,1
14,0.467,1780168743,G11,247,126,ok,1
14,0.467,1780168743,G15,213,373,ok,1
14,0.467,1780168743,G7,249,86,ok,0
14,0.467,1780168743,G13,120,77,ok,0
14,0.467,1780168743,G14,516,517,ok,0
14,0.467,1780168743,G6,166,68,ok,0
14,0.467,1780168743,D2,228,647,ok,1
14,0.467,1780168743,D10,450,747,ok,1
14,0.467,1780168743,D1,114,698,ok,1
14,0.467,1780168743,D3,342,813,ok,1
14,0.467,1780168743,D5,0,590,ok,0
14,0.467,1780168743,D6,-1,590,ok,0
14,0.467,1780168743,D7,-2,590,ok,0
14,0.467,1780168743,D8,-2,882,interpolated,0
14,0.467,1780168743,D9,361,771,interpolated,1
14,0.467,1780168743,G17,-6,364,interpolated,0
14,0.467,1780168743,G18,-16,313,interpolated,0
15,0.500,1780168743,G2,385,351,ok,1
15,0.500,1780168743,G1,224,374,ok,1
15,0.500,1780168743,G4,431,258,ok,1
15,0.500,1780168743,G3,178,221,ok,1
15,0.500,1780168743,G8,198,121,ok,0
15,0.500,1780168743,G9,228,96,ok,0
15,0.500,1780168743,G5,61,493,merged,0
15,0.500,1780168743,G16,171,118,ok,0
15,0.500,1780168743,G12,273,80,ok,0
15,0.500,1780168743,G11,246,126,ok,1
15,0.500,1780168743,G10,399,136,ok,1
15,0.500,1780168743,G6,168,84,ok,0
15,0.500,1780168743,G7,250,89,ok,0
15,0.500,1780168743,G13,119,75,ok,0
15,0.500,1780168743,G14,516,517,ok,0
15,0.500,1780168743,D2,230,647,ok,1
15,0.500,1780168743,D1,114,699,ok,1
15,0.500,1780168743,D10,449,742,ok,1
15,0.500,1780168743,D3,341,815,ok,1
15,0.500,1780168743,D5,0,590,ok,0
15,0.500,1780168743,D6,-1,590,ok,0
15,0.500,1780168743,D9,345,815,ok,1
15,0.500,1780168743,D7,-2,590,ok,0
15,0.500,1780168743,D8,-2,882,interpolated,0
15,0.500,1780168743,G15,213,373,interpolated,1
15,0.500,1780168743,G17,-6,364,interpolated,0
15,0.500,1780168743,G18,-16,313,interpolated,0
16,0.533,1780168743,G2,386,349,ok,1
16,0.533,1780168743,G1,224,374,ok,1
16,0.533,1780168743,G5,61,495,merged,0
16,0.533,1780168743,G4,432,258,ok,1
16,0.533,1780168743,G3,178,221,ok,1
16,0.533,1780168743,G8,198,121,ok,0
16,0.533,1780168743,G9,228,96,ok,0
16,0.533,1780168743,G12,273,81,ok,0
16,0.533,1780168743,G16,171,119,ok,0
16,0.533,1780168743,G11,244,128,ok,1
16,0.533,1780168743,G7,250,94,ok,0
16,0.533,1780168743,G18,85,68,ok,0
16,0.533,1780168743,G10,400,136,ok,1
16,0.533,1780168743,G6,168,83,ok,0
16,0.533,1780168743,G13,119,75,ok,0
16,0.533,1780168743,G14,516,517,ok,0
16,0.533,1780168743,D10,447,737,ok,1
16,0.533,1780168743,D2,232,647,ok,1
16,0.533,1780168743,D1,115,698,ok,1
16,0.533,1780168743,D9,339,818,ok,1
16,0.533,1780168743,D5,0,589,ok,0
16,0.533,1780168743,D6,-1,591,ok,0
16,0.533,1780168743,D3,342,817,ok,1
16,0.533,1780168743,D7,-2,590,interpolated,0
16,0.533,1780168743,D8,-2,882,interpolated,0
16,0.533,1780168743,G15,213,373,interpolated,1
16,0.533,1780168743,G17,-6,364,interpolated,0
17,0.567,1780168743,G1,225,375,ok,1
17,0.567,1780168743,G2,388,344,ok,1
17,0.567,1780168743,G5,61,498,merged,0
17,0.567,1780168743,G4,432,258,ok,1
17,0.567,1780168743,G3,178,221,ok,1
17,0.567,1780168743,G8,198,121,ok,0
17,0.567,1780168743,G9,228,96,ok,0
17,0.567,1780168743,G16,170,118,ok,0
17,0.567,1780168743,G12,273,80,ok,0
17,0.567,1780168743,G11,242,130,ok,1
17,0.567,1780168743,G7,250,95,ok,0
17,0.567,1780168743,G6,169,93,ok,0
17,0.567,1780168743,G10,401,136,ok,1
17,0.567,1780168743,G18,85,68,ok,0
17,0.567,1780168743,G13,119,73,ok,0
17,0.567,1780168743,G14,516,517,ok,0
17,0.567,1780168743,D2,233,647,ok,1
17,0.567,1780168743,D1,114,700,ok,1
17,0.567,1780168743,D10,447,734,ok,1
17,0.567,1780168743,D9,338,819,ok,1
17,0.567,1780168743,D6,-1,590,ok,0
17,0.567,1780168743,D5,0,589,ok,0
17,0.567,1780168743,D3,342,817,interpolated,1
17,0.567,1780168743,D7,-2,590,interpolated,0
17,0.567,1780168743,D8,-2,882,interpolated,0
17,0.567,1780168743,G15,213,373,interpolated,1
17,0.567,1780168743,G17,-6,364,interpolated,0
18,0.600,1780168743,G1,225,375,ok,1
18,0.600,1780168743,G2,393,339,ok,1
18,0.600,1780168743,G4,433,258,ok,1
18,0.600,1780168743,G3,177,221,ok,1
18,0.600,1780168743,G8,198,120,ok,0
18,0.600,1780168743,G5,61,499,merged,0
18,0.600,1780168743,G9,228,96,ok,0
18,0.600,1780168743,G11,240,133,ok,1
18,0.600,1780168743,G12,273,81,ok,0
18,0.600,1780168743,G7,249,98,ok,0
18,0.600,1780168743,G16,168,118,ok,0
18,0.600,1780168743,G6,169,89,ok,0
18,0.600,1780168743,G10,402,137,ok,1
18,0.600,1780168743,G18,84,67,ok,0
18,0.600,1780168743,G14,522,504,ok,0
18,0.600,1780168743,G13,119,73,ok,0
18,0.600,1780168743,D2,233,647,ok,1
18,0.600,1780168743,D1,116,696,ok,1
18,0.600,1780168743,D10,444,735,ok,1
18,0.600,1780168743,D9,335,819,ok,1
18,0.600,1780168743,D6,-1,590,ok,0
18,0.600,1780168743,D5,0,589,ok,0
18,0.600,1780168743,D7,-18,621,ok,0
18,0.600,1780168743,D3,342,817,interpolated,1
18,0.600,1780168743,D8,-2,882,interpolated,0
18,0.600,1780168743,G15,213,373,interpolated,1
18,0.600,1780168743,G17,-6,364,interpolated,0
19,0.633,1780168743,G1,225,375,ok,1
19,0.633,1780168743,G2,393,339,ok,1
19,0.633,1780168743,G4,433,258,ok,1
19,0.633,1780168743,G3,177,221,ok,1
19,0.633,1780168743,G8,198,120,ok,0
19,0.633,1780168743,G5,61,499,merged,0
19,0.633,1780168743,G9,228,96,ok,0
19,0.633,1780168743,G11,240,133,ok,1
19,0.633,1780168743,G12,273,81,ok,0
19,0.633,1780168743,G7,249,98,ok,0
19,0.633,1780168743,G6,169,89,ok,0
19,0.633,1780168743,G16,168,118,ok,0
19,0.633,1780168743,G10,402,137,ok,1
19,0.633,1780168743,G18,84,67,ok,0
19,0.633,1780168743,G13,119,73,ok,0
19,0.633,1780168743,G14,522,504,ok,0
19,0.633,1780168743,D2,233,647,ok,1
19,0.633,1780168743,D1,116,696,ok,1
19,0.633,1780168743,D10,445,735,ok,1
19,0.633,1780168743,D9,335,819,ok,1
19,0.633,1780168743,D6,-1,590,ok,0
19,0.633,1780168743,D5,0,590,ok,0
19,0.633,1780168743,D7,-18,621,ok,0
19,0.633,1780168743,D3,342,817,interpolated,1
19,0.633,1780168743,G15,213,373,interpolated,1
19,0.633,1780168743,G17,-6,364,interpolated,0
20,0.667,1780168743,G1,225,375,ok,1
20,0.667,1780168743,G2,390,331,ok,1
20,0.667,1780168743,G5,61,500,merged,0
20,0.667,1780168743,G4,433,257,ok,1
20,0.667,1780168743,G3,177,220,ok,1
20,0.667,1780168743,G8,198,120,ok,0
20,0.667,1780168743,G9,228,96,ok,0
20,0.667,1780168743,G11,239,134,ok,1
20,0.667,1780168743,G7,249,98,ok,0
20,0.667,1780168743,G6,169,90,ok,0
20,0.667,1780168743,G10,404,137,ok,1
20,0.667,1780168743,G12,273,80,ok,0
20,0.667,1780168743,G16,167,118,ok,0
20,0.667,1780168743,G18,83,67,ok,0
20,0.667,1780168743,G13,120,76,ok,0
20,0.667,1780168743,G14,522,504,ok,0
20,0.667,1780168743,G15,522,503,ok,0
20,0.667,1780168743,D2,234,647,ok,1
20,0.667,1780168743,D1,116,694,ok,1
20,0.667,1780168743,D10,442,733,ok,1
20,0.667,1780168743,D9,333,819,ok,1
20,0.667,1780168743,D6,-1,590,ok,0
20,0.667,1780168743,D5,0,590,ok,0
20,0.667,1780168743,D7,-18,621,ok,0
20,0.667,1780168743,D3,342,817,interpolated,1
20,0.667,1780168743,G17,-6,364,interpolated,0
21,0.700,1780168743,G2,390,329,ok,1
21,0.700,1780168743,G1,225,375,ok,1
21,0.700,1780168743,G3,176,218,ok,1
21,0.700,1780168743,G4,433,256,ok,1
21,0.700,1780168743,G5,61,500,merged,0
21,0.700,1780168743,G8,197,120,ok,0
21,0.700,1780168743,G9,228,95,ok,0
21,0.700,1780168743,G7,249,99,ok,0
21,0.700,1780168743,G6,168,90,ok,0
21,0.700,1780168743,G11,239,136,ok,1
21,0.700,1780168743,G16,166,118,ok,0
21,0.700,1780168743,G10,404,137,ok,1
21,0.700,1780168743,G12,273,81,ok,0
21,0.700,1780168743,G18,83,68,ok,0
21,0.700,1780168743,G14,522,504,ok,0
21,0.700,1780168743,G13,120,76,ok,0
21,0.700,1780168743,D2,235,647,ok,1
21,0.700,1780168743,D1,117,693,ok,1
21,0.700,1780168743,D10,441,733,ok,1
21,0.700,1780168743,D9,330,820,ok,1
21,0.700,1780168743,D6,-1,590,ok,0
21,0.700,1780168743,D5,0,590,ok,0
21,0.700,1780168743,D7,-18,621,ok,0
21,0.700,1780168743,D8,0,589,ok,0
21,0.700,1780168743,D3,342,817,interpolated,1
21,0.700,1780168743,G15,522,503,interpolated,0
21,0.700,1780168743,G17,-6,364,interpolated,0
22,0.733,1780168743,G1,225,375,ok,1
22,0.733,1780168743,G2,388,328,ok,1
22,0.733,1780168743,G3,175,216,ok,1
22,0.733,1780168743,G5,62,501,merged,0
22,0.733,1780168743,G8,197,120,ok,0
22,0.733,1780168743,G4,434,254,ok,1
22,0.733,1780168743,G6,168,91,ok,0
22,0.733,1780168743,G7,249,99,ok,0
22,0.733,1780168743,G9,228,94,ok,0
22,0.733,1780168743,G11,239,139,ok,1
22,0.733,1780168743,G12,273,80,ok,0
22,0.733,1780168743,G10,404,137,ok,1
22,0.733,1780168743,G16,164,119,ok,0
22,0.733,1780168743,G14,522,504,ok,0
22,0.733,1780168743,G13,122,77,ok,0
22,0.733,1780168743,G15,521,503,ok,0
22,0.733,1780168743,D2,234,650,ok,1
22,0.733,1780168743,D1,117,691,ok,1
22,0.733,1780168743,D10,439,730,ok,1
22,0.733,1780168743,D9,328,821,ok,1
22,0.733,1780168743,D6,-1,590,ok,0
22,0.733,1780168743,D5,0,590,ok,0
22,0.733,1780168743,D7,-18,621,ok,0
22,0.733,1780168743,D3,342,817,interpolated,1
22,0.733,1780168743,G17,-6,364,interpolated,0
22,0.733,1780168743,G18,83,68,interpolated,0
22,0.733,1780168743,D8,0,589,interpolated,0
23,0.767,1780168743,G1,225,375,ok,1
23,0.767,1780168743,G2,388,327,ok,1
23,0.767,1780168743,G5,61,501,merged,0
23,0.767,1780168743,G3,174,215,ok,1
23,0.767,1780168743,G8,197,120,ok,0
23,0.767,1780168743,G4,435,253,ok,1
23,0.767,1780168743,G6,169,92,ok,0
23,0.767,1780168743,G7,249,99,ok,0
23,0.767,1780168743,G11,238,140,ok,1
23,0.767,1780168743,G9,228,94,ok,0
23,0.767,1780168743,G12,273,80,ok,0
23,0.767,1780168743,G10,405,137,ok,1
23,0.767,1780168743,G16,164,118,ok,0
23,0.767,1780168743,G13,122,78,ok,0
23,0.767,1780168743,G14,522,504,ok,0
23,0.767,1780168743,D1,118,691,ok,1
23,0.767,1780168743,D2,236,653,ok,1
23,0.767,1780168743,D10,437,727,ok,1
23,0.767,1780168743,D9,327,823,ok,1
23,0.767,1780168743,D3,332,823,ok,1
23,0.767,1780168743,D6,-1,590,ok,0
23,0.767,1780168743,D5,0,590,ok,0
23,0.767,1780168743,D7,-19,622,ok,0
23,0.767,1780168743,D8,0,589,ok,0
23,0.767,1780168743,G15,521,503,interpolated,0
23,0.767,1780168743,G17,-6,364,interpolated,0
23,0.767,1780168743,G18,83,68,interpolated,0
24,0.800,1780168743,G1,225,375,ok,1
24,0.800,1780168743,G5,61,501,merged,0
24,0.800,1780168743,G3,173,215,ok,1
24,0.800,1780168743,G2,388,326,ok,1
24,0.800,1780168743,G4,437,250,ok,1
24,0.800,1780168743,G8,197,120,ok,0
24,0.800,1780168743,G6,169,93,ok,0
24,0.800,1780168743,G7,249,99,ok,0
24,0.800,1780168743,G11,237,140,ok,1
24,0.800,1780168743,G12,274,80,ok,0
24,0.800,1780168743,G10,405,137,ok,1
24,0.800,1780168743,G9,227,76,ok,0
24,0.800,1780168743,G16,162,117,ok,0
24,0.800,1780168743,G13,122,78,ok,0
24,0.800,1780168743,G14,522,504,ok,0
24,0.800,1780168743,G15,521,503,ok,0
24,0.800,1780168743,D1,119,690,ok,1
24,0.800,1780168743,D2,237,656,ok,1
24,0.800,1780168743,D10,435,725,ok,1
24,0.800,1780168743,D9,327,824,ok,1
24,0.800,1780168743,D6,-1,590,ok,0
24,0.800,1780168743,D8,0,589,ok,0
24,0.800,1780168743,D7,-19,622,ok,0
24,0.800,1780168743,D3,332,823,interpolated,1
24,0.800,1780168743,D5,0,590,interpolated,0
24,0.800,1780168743,G18,83,68,interpolated,0
25,0.833,1780168743,G1,225,375,ok,1
25,0.833,1780168743,G5,61,501,merged,0
25,0.833,1780168743,G3,173,215,ok,1
25,0.833,1780168743,G2,388,326,ok,1
25,0.833,1780168743,G4,437,250,ok,1
25,0.833,1780168743,G8,197,120,ok,0
25,0.833,1780168743,G6,169,93,ok,0
25,0.833,1780168743,G7,249,99,ok,0
25,0.833,1780168743,G11,237,140,ok,1
25,0.833,1780168743,G12,274,80,ok,0
25,0.833,1780168743,G10,405,137,ok,1
25,0.833,1780168743,G9,227,76,ok,0
25,0.833,1780168743,G16,162,117,ok,0
25,0.833,1780168743,G13,122,78,ok,0
25,0.833,1780168743,G14,522,504,ok,0
25,0.833,1780168743,G15,521,503,ok,0
25,0.833,1780168743,D1,119,690,ok,1
25,0.833,1780168743,D2,237,656,ok,1
25,0.833,1780168743,D10,435,725,ok,1
25,0.833,1780168743,D9,327,824,ok,1
25,0.833,1780168743,D6,-1,590,ok,0
25,0.833,1780168743,D8,0,589,ok,0
25,0.833,1780168743,D7,-19,622,ok,0
25,0.833,1780168743,D3,332,823,interpolated,1
25,0.833,1780168743,D5,0,590,interpolated,0
25,0.833,1780168743,G18,83,68,interpolated,0
26,0.867,1780168743,G5,61,501,merged,0
26,0.867,1780168743,G1,225,375,ok,1
26,0.867,1780168743,G3,171,215,ok,1
26,0.867,1780168743,G2,389,322,ok,1
26,0.867,1780168743,G4,439,248,ok,1
26,0.867,1780168743,G8,197,120,ok,0
26,0.867,1780168743,G6,169,93,ok,0
26,0.867,1780168743,G7,249,99,ok,0
26,0.867,1780168743,G11,236,139,ok,1
26,0.867,1780168743,G12,274,81,ok,0
26,0.867,1780168743,G10,406,137,ok,1
26,0.867,1780168743,G16,162,119,ok,0
26,0.867,1780168743,G14,522,504,ok,0
26,0.867,1780168743,G13,122,78,ok,0
26,0.867,1780168743,G9,226,66,ok,0
26,0.867,1780168743,G15,521,503,ok,0
26,0.867,1780168743,D2,239,656,ok,1
26,0.867,1780168743,D1,119,689,ok,1
26,0.867,1780168743,D10,432,719,ok,1
26,0.867,1780168743,D9,328,829,ok,1
26,0.867,1780168743,D6,-1,590,ok,0
26,0.867,1780168743,D8,0,589,ok,0
26,0.867,1780168743,D7,-19,622,ok,0
26,0.867,1780168743,D5,-1,881,ok,0
26,0.867,1780168743,D3,332,823,interpolated,1
26,0.867,1780168743,G18,83,68,interpolated,0
27,0.900,1780168743,G1,225,375,ok,1
27,0.900,1780168743,G5,62,501,merged,0
27,0.900,1780168743,G3,169,215,ok,1
27,0.900,1780168743,G2,390,317,ok,1
27,0.900,1780168743,G6,169,93,ok,0
27,0.900,1780168743,G8,198,120,ok,0
27,0.900,1780168743,G4,440,247,ok,1
27,0.900,1780168743,G11,234,139,ok,1
27,0.900,1780168743,G7,249,99,ok,0
27,0.900,1780168743,G12,274,81,ok,0
27,0.900,1780168743,G10,407,137,ok,1
27,0.900,1780168743,G16,161,121,ok,0
27,0.900,1780168743,G9,226,68,ok,0
27,0.900,1780168743,G13,122,78,ok,0
27,0.900,1780168743,G14,522,504,ok,0
27,0.900,1780168743,G15,521,503,ok,0
27,0.900,1780168743,D1,119,688,ok,1
27,0.900,1780168743,D2,242,659,ok,1
27,0.900,1780168743,D10,431,720,ok,1
27,0.900,1780168743,D9,327,832,ok,1
27,0.900,1780168743,D6,-1,590,ok,0
27,0.900,1780168743,D7,-19,622,ok,0
27,0.900,1780168743,D8,0,589,ok,0
27,0.900,1780168743,D3,332,823,interpolated,1
27,0.900,1780168743,D5,-1,881,interpolated,0
27,0.900,1780168743,G18,83,68,interpolated,0
28,0.933,1780168743,G5,62,501,merged,0
28,0.933,1780168743,G1,225,375,ok,1
28,0.933,1780168743,G3,167,215,ok,1
28,0.933,1780168743,G2,388,310,ok,1
28,0.933,1780168743,G6,169,93,ok,0
28,0.933,1780168743,G8,198,120,ok,0
28,0.933,1780168743,G4,441,244,ok,1
28,0.933,1780168743,G7,249,99,ok,0
28,0.933,1780168743,G10,407,137,ok,1
28,0.933,1780168743,G11,231,139,ok,1
28,0.933,1780168743,G12,274,80,ok,0
28,0.933,1780168743,G16,161,122,ok,0
28,0.933,1780168743,G13,122,78,ok,0
28,0.933,1780168743,G9,227,73,ok,0
28,0.933,1780168743,G14,522,504,ok,0
28,0.933,1780168743,G15,521,503,ok,0
28,0.933,1780168743,D2,243,660,ok,1
28,0.933,1780168743,D1,120,687,ok,1
28,0.933,1780168743,D10,430,719,ok,1
28,0.933,1780168743,D9,326,836,ok,1
28,0.933,1780168743,D6,-1,590,ok,0
28,0.933,1780168743,D8,0,589,ok,0
28,0.933,1780168743,D7,-19,622,ok,0
28,0.933,1780168743,D3,332,823,interpolated,1
28,0.933,1780168743,D5,-1,881,interpolated,0
28,0.933,1780168743,G18,83,68,interpolated,0
29,0.967,1780168743,G1,225,375,ok,1
29,0.967,1780168743,G5,62,501,merged,0
29,0.967,1780168743,G3,165,215,ok,1
29,0.967,1780168743,G2,388,308,ok,1
29,0.967,1780168743,G6,169,93,ok,0
29,0.967,1780168743,G8,198,120,ok,0
29,0.967,1780168743,G4,441,243,ok,1
29,0.967,1780168743,G7,249,99,ok,0
29,0.967,1780168743,G11,228,140,ok,1
29,0.967,1780168743,G12,274,81,ok,0
29,0.967,1780168743,G13,122,78,ok,0
29,0.967,1780168743,G9,228,79,ok,0
29,0.967,1780168743,G16,160,122,ok,0
29,0.967,1780168743,G14,522,504,ok,0
29,0.967,1780168743,G10,409,136,ok,1
29,0.967,1780168743,G18,279,81,ok,0
29,0.967,1780168743,D2,244,659,ok,1
29,0.967,1780168743,D10,429,716,ok,1
29,0.967,1780168743,D1,120,687,ok,1
29,0.967,1780168743,D9,325,840,ok,1
29,0.967,1780168743,D6,-1,590,ok,0
29,0.967,1780168743,D7,-19,622,ok,0
29,0.967,1780168743,D8,0,589,ok,0
29,0.967,1780168743,D3,332,823,interpolated,1
29,0.967,1780168743,D5,-1,881,interpolated,0
29,0.967,1780168743,G15,521,503,interpolated,0
30,1.000,1780168744,G1,225,375,ok,1
30,1.000,1780168744,G3,165,215,ok,1
30,1.000,1780168744,G6,169,93,ok,0
30,1.000,1780168744,G8,197,120,ok,0
30,1.000,1780168744,G2,389,303,ok,1
30,1.000,1780168744,G4,441,243,ok,1
30,1.000,1780168744,G7,249,99,ok,0
30,1.000,1780168744,G5,61,501,merged,0
30,1.000,1780168744,G12,274,81,ok,0
30,1.000,1780168744,G11,226,143,ok,1
30,1.000,1780168744,G19,60,511,ok,0
30,1.000,1780168744,G9,228,96,ok,0
30,1.000,1780168744,G13,122,78,ok,0
30,1.000,1780168744,G20,60,512,ok,0
30,1.000,1780168744,G14,521,504,ok,0
30,1.000,1780168744,G16,160,123,ok,0
30,1.000,1780168744,G21,160,110,ok,0
30,1.000,1780168744,D2,245,660,ok,1
30,1.000,1780168744,D1,120,687,ok,1
30,1.000,1780168744,D10,428,708,ok,1
30,1.000,1780168744,D9,324,844,ok,1
30,1.000,1780168744,D6,-1,591,ok,0
30,1.000,1780168744,D8,0,589,ok,0
30,1.000,1780168744,D7,-20,624,ok,0
30,1.000,1780168744,G10,409,136,interpolated,1
30,1.000,1780168744,D3,332,823,interpolated,1
30,1.000,1780168744,D5,-1,881,interpolated,0
30,1.000,1780168744,G15,521,503,interpolated,0
30,1.000,1780168744,G18,279,81,interpolated,0
31,1.033,1780168744,G1,225,375,ok,1
31,1.033,1780168744,G3,165,215,ok,1
31,1.033,1780168744,G6,169,93,ok,0
31,1.033,1780168744,G2,389,303,ok,1
31,1.033,1780168744,G8,197,120,ok,0
31,1.033,1780168744,G4,441,243,ok,1
31,1.033,1780168744,G7,249,99,ok,0
31,1.033,1780168744,G5,61,501,merged,0
31,1.033,1780168744,G12,274,81,ok,0
31,1.033,1780168744,G19,60,511,ok,0
31,1.033,1780168744,G11,226,143,ok,1
31,1.033,1780168744,G9,228,96,ok,0
31,1.033,1780168744,G13,122,78,ok,0
31,1.033,1780168744,G20,60,512,ok,0
31,1.033,1780168744,G16,159,123,ok,0
31,1.033,1780168744,G14,521,504,ok,0
31,1.033,1780168744,D2,245,660,ok,1
31,1.033,1780168744,D1,120,687,ok,1
31,1.033,1780168744,D10,428,709,ok,1
31,1.033,1780168744,D9,324,844,ok,1
31,1.033,1780168744,D6,-1,591,ok,0
31,1.033,1780168744,D5,0,590,ok,0
31,1.033,1780168744,D8,0,589,ok,0
31,1.033,1780168744,D7,-20,625,ok,0
31,1.033,1780168744,G10,409,136,interpolated,1
31,1.033,1780168744,D3,332,823,interpolated,1
31,1.033,1780168744,G15,521,503,interpolated,0
31,1.033,1780168744,G18,279,81,interpolated,0
31,1.033,1780168744,G21,160,110,interpolated,0
32,1.067,1780168744,G1,225,375,ok,1
32,1.067,1780168744,G2,386,301,ok,1
32,1.067,1780168744,G3,164,215,ok,1
32,1.067,1780168744,G6,169,94,ok,0
32,1.067,1780168744,G8,197,120,ok,0
32,1.067,1780168744,G4,441,243,ok,1
32,1.067,1780168744,G7,249,99,ok,0
32,1.067,1780168744,G5,62,501,merged,0
32,1.067,1780168744,G19,60,511,ok,0
32,1.067,1780168744,G9,228,95,ok,0
32,1.067,1780168744,G12,274,81,ok,0
32,1.067,1780168744,G11,225,145,ok,1
32,1.067,1780168744,G13,122,78,ok,0
32,1.067,1780168744,G16,159,124,ok,0
32,1.067,1780168744,G20,61,512,ok,0
32,1.067,1780168744,G14,521,504,ok,0
32,1.067,1780168744,D2,246,660,ok,1
32,1.067,1780168744,D1,120,687,ok,1
32,1.067,1780168744,D10,427,704,ok,1
32,1.067,1780168744,D9,320,845,ok,1
32,1.067,1780168744,D6,-1,591,ok,0
32,1.067,1780168744,D8,0,589,ok,0
32,1.067,1780168744,D7,-20,624,ok,0
32,1.067,1780168744,G10,409,136,interpolated,1
32,1.067,1780168744,D3,332,823,interpolated,1
32,1.067,1780168744,D5,0,590,interpolated,0
32,1.067,1780168744,G15,521,503,interpolated,0
32,1.067,1780168744,G18,279,81,interpolated,0
32,1.067,1780168744,G21,160,110,interpolated,0
33,1.100,1780168744,G1,225,375,ok,1
33,1.100,1780168744,G2,385,297,ok,1
33,1.100,1780168744,G6,169,94,ok,0
33,1.100,1780168744,G3,164,215,ok,1
33,1.100,1780168744,G8,197,120,ok,0
33,1.100,1780168744,G4,441,243,ok,1
33,1.100,1780168744,G7,249,99,ok,0
33,1.100,1780168744,G5,61,502,merged,0
33,1.100,1780168744,G11,225,147,ok,1
33,1.100,1780168744,G9,228,96,ok,0
33,1.100,1780168744,G16,158,123,ok,0
33,1.100,1780168744,G12,274,81,ok,0
33,1.100,1780168744,G20,61,512,ok,0
33,1.100,1780168744,G10,414,137,ok,1
33,1.100,1780168744,G13,122,78,ok,0
33,1.100,1780168744,G14,521,504,ok,0
33,1.100,1780168744,G19,61,512,ok,0
33,1.100,1780168744,D10,426,698,ok,1
33,1.100,1780168744,D2,248,660,ok,1
33,1.100,1780168744,D1,121,686,ok,1
33,1.100,1780168744,D9,316,844,ok,1
33,1.100,1780168744,D6,-1,591,ok,0
33,1.100,1780168744,D5,0,590,ok,0
33,1.100,1780168744,D8,0,589,ok,0
33,1.100,1780168744,D7,-20,624,ok,0
33,1.100,1780168744,D3,332,823,interpolated,1
33,1.100,1780168744,G15,521,503,interpolated,0
33,1.100,1780168744,G18,279,81,interpolated,0
33,1.100,1780168744,G21,160,110,interpolated,0
34,1.133,1780168744,G1,225,375,ok,1
34,1.133,1780168744,G2,385,294,ok,1
34,1.133,1780168744,G6,169,94,ok,0
34,1.133,1780168744,G3,163,215,ok,1
34,1.133,1780168744,G8,197,120,ok,0
34,1.133,1780168744,G7,249,99,ok,0
34,1.133,1780168744,G4,441,244,ok,1
34,1.133,1780168744,G11,223,148,ok,1
34,1.133,1780168744,G5,61,502,merged,0
34,1.133,1780168744,G9,228,96,ok,0
34,1.133,1780168744,G16,157,124,ok,0
34,1.133,1780168744,G12,274,81,ok,0
34,1.133,1780168744,G10,415,138,ok,1
34,1.133,1780168744,G13,122,77,ok,0
34,1.133,1780168744,G14,521,504,ok,0
34,1.133,1780168744,G21,101,78,ok,0
34,1.133,1780168744,D2,249,660,ok,1
34,1.133,1780168744,D1,121,686,ok,1
34,1.133,1780168744,D10,424,697,ok,1
34,1.133,1780168744,D9,313,844,ok,1
34,1.133,1780168744,D6,-1,591,ok,0
34,1.133,1780168744,D5,0,590,ok,0
34,1.133,1780168744,D7,-21,627,ok,0
34,1.133,1780168744,G15,521,503,interpolated,0
34,1.133,1780168744,G18,279,81,interpolated,0
34,1.133,1780168744,D8,0,589,interpolated,0
34,1.133,1780168744,G19,61,512,interpolated,0
34,1.133,1780168744,G20,61,512,interpolated,0
35,1.167,1780168744,G1,225,375,ok,1
35,1.167,1780168744,G2,384,289,ok,1
35,1.167,1780168744,G6,169,94,ok,0
35,1.167,1780168744,G3,162,215,ok,1
35,1.167,1780168744,G8,197,121,ok,0
35,1.167,1780168744,G7,249,99,ok,0
35,1.167,1780168744,G4,441,243,ok,1
35,1.167,1780168744,G11,222,148,ok,1
35,1.167,1780168744,G9,228,96,ok,0
35,1.167,1780168744,G10,416,139,ok,1
35,1.167,1780168744,G19,61,504,merged,0
35,1.167,1780168744,G12,274,81,ok,0
35,1.167,1780168744,G16,157,125,ok,0
35,1.167,1780168744,G13,122,78,ok,0
35,1.167,1780168744,G14,521,504,ok,0
35,1.167,1780168744,D2,250,660,ok,1
35,1.167,1780168744,D10,424,691,ok,1
35,1.167,1780168744,D1,121,686,ok,1
35,1.167,1780168744,D9,312,845,ok,1
35,1.167,1780168744,D6,-1,591,ok,0
35,1.167,1780168744,D5,0,590,ok,0
35,1.167,1780168744,D7,-21,627,ok,0
35,1.167,1780168744,G5,61,502,interpolated,0
35,1.167,1780168744,G15,521,503,interpolated,0
35,1.167,1780168744,G18,279,81,interpolated,0
35,1.167,1780168744,D8,0,589,interpolated,0
35,1.167,1780168744,G20,61,512,interpolated,0
35,1.167,1780168744,G21,101,78,interpolated,0
36,1.200,1780168744,G1,225,375,ok,1
36,1.200,1780168744,G2,385,282,ok,1
36,1.200,1780168744,G6,169,94,ok,0
36,1.200,1780168744,G3,162,213,ok,1
36,1.200,1780168744,G8,197,121,ok,0
36,1.200,1780168744,G7,249,99,ok,0
36,1.200,1780168744,G4,441,243,ok,1
36,1.200,1780168744,G19,62,506,merged,0
36,1.200,1780168744,G9,228,96,ok,0
36,1.200,1780168744,G12,274,81,ok,0
36,1.200,1780168744,G11,221,150,ok,1
36,1.200,1780168744,G10,417,139,ok,1
36,1.200,1780168744,G13,123,78,ok,0
36,1.200,1780168744,G14,521,505,ok,0
36,1.200,1780168744,G16,155,125,ok,0
36,1.200,1780168744,D2,251,660,ok,1
36,1.200,1780168744,D1,121,686,ok,1
36,1.200,1780168744,D10,422,685,ok,1
36,1.200,1780168744,D9,311,846,ok,1
36,1.200,1780168744,D5,0,590,ok,0
36,1.200,1780168744,D8,0,590,ok,0
36,1.200,1780168744,D7,-22,628,ok,0
36,1.200,1780168744,G5,61,502,interpolated,0
36,1.200,1780168744,D6,-1,591,interpolated,0
36,1.200,1780168744,G15,521,503,interpolated,0
36,1.200,1780168744,G18,279,81,interpolated,0
36,1.200,1780168744,G20,61,512,interpolated,0
36,1.200,1780168744,G21,101,78,interpolated,0
37,1.233,1780168744,G1,225,375,ok,1
37,1.233,1780168744,G2,384,282,ok,1
37,1.233,1780168744,G6,169,94,ok,0
37,1.233,1780168744,G3,162,214,ok,1
37,1.233,1780168744,G8,197,121,ok,0
37,1.233,1780168744,G7,249,99,ok,0
37,1.233,1780168744,G4,441,243,ok,1
37,1.233,1780168744,G19,62,506,merged,0
37,1.233,1780168744,G9,228,96,ok,0
37,1.233,1780168744,G12,274,81,ok,0
37,1.233,1780168744,G11,221,150,ok,1
37,1.233,1780168744,G10,417,139,ok,1
37,1.233,1780168744,G13,122,78,ok,0
37,1.233,1780168744,G15,521,503,ok,0
37,1.233,1780168744,G16,155,125,ok,0
37,1.233,1780168744,D2,251,660,ok,1
37,1.233,1780168744,D1,121,686,ok,1
37,1.233,1780168744,D10,422,685,ok,1
37,1.233,1780168744,D9,311,846,ok,1
37,1.233,1780168744,D5,0,590,ok,0
37,1.233,1780168744,D8,0,590,ok,0
37,1.233,1780168744,D7,-21,627,ok,0
37,1.233,1780168744,G5,61,502,interpolated,0
37,1.233,1780168744,G14,521,505,interpolated,0
37,1.233,1780168744,D6,-1,591,interpolated,0
37,1.233,1780168744,G18,279,81,interpolated,0
37,1.233,1780168744,G20,61,512,interpolated,0
37,1.233,1780168744,G21,101,78,interpolated,0
38,1.267,1780168744,G1,225,375,ok,1
38,1.267,1780168744,G2,382,277,ok,1
38,1.267,1780168744,G6,169,94,ok,0
38,1.267,1780168744,G3,161,213,ok,1
38,1.267,1780168744,G4,441,243,ok,1
38,1.267,1780168744,G8,197,121,ok,0
38,1.267,1780168744,G7,249,99,ok,0
38,1.267,1780168744,G19,62,508,merged,0
38,1.267,1780168744,G9,228,96,ok,0
38,1.267,1780168744,G10,417,141,ok,1
38,1.267,1780168744,G12,274,81,ok,0
38,1.267,1780168744,G11,221,150,ok,1
38,1.267,1780168744,G14,521,505,ok,0
38,1.267,1780168744,G16,154,125,ok,0
38,1.267,1780168744,G13,123,78,ok,0
38,1.267,1780168744,D2,251,659,ok,1
38,1.267,1780168744,D1,122,686,ok,1
38,1.267,1780168744,D9,310,846,ok,1
38,1.267,1780168744,D10,419,683,ok,1
38,1.267,1780168744,D6,0,589,ok,0
38,1.267,1780168744,D5,0,590,ok,0
38,1.267,1780168744,D7,-21,627,ok,0
38,1.267,1780168744,D8,0,590,ok,0
38,1.267,1780168744,D3,0,881,ok,0
38,1.267,1780168744,G5,61,502,interpolated,0
38,1.267,1780168744,G15,521,503,interpolated,0
38,1.267,1780168744,G18,279,81,interpolated,0
38,1.267,1780168744,G20,61,512,interpolated,0
38,1.267,1780168744,G21,101,78,interpolated,0
39,1.300,1780168744,G1,225,375,ok,1
39,1.300,1780168744,G2,379,276,ok,1
39,1.300,1780168744,G3,159,210,ok,1
39,1.300,1780168744,G6,169,94,ok,0
39,1.300,1780168744,G8,197,121,ok,0
39,1.300,1780168744,G4,442,242,ok,1
39,1.300,1780168744,G7,249,99,ok,0
39,1.300,1780168744,G10,418,139,ok,1
39,1.300,1780168744,G9,228,96,ok,0
39,1.300,1780168744,G19,62,510,merged,0
39,1.300,1780168744,G11,219,151,ok,1
39,1.300,1780168744,G12,274,81,ok,0
39,1.300,1780168744,G14,521,504,ok,0
39,1.300,1780168744,G16,151,124,ok,0
39,1.300,1780168744,G13,123,78,ok,0
39,1.300,1780168744,D2,252,657,ok,1
39,1.300,1780168744,D1,123,686,ok,1
39,1.300,1780168744,D9,309,851,ok,1
39,1.300,1780168744,D10,420,684,ok,1
39,1.300,1780168744,D6,0,589,ok,0
39,1.300,1780168744,D5,0,590,ok,0
39,1.300,1780168744,D8,0,590,ok,0
39,1.300,1780168744,D7,-21,626,ok,0
39,1.300,1780168744,G5,61,502,interpolated,0
39,1.300,1780168744,G15,521,503,interpolated,0
39,1.300,1780168744,G18,279,81,interpolated,0
39,1.300,1780168744,G20,61,512,interpolated,0
39,1.300,1780168744,G21,101,78,interpolated,0
39,1.300,1780168744,D3,0,881,interpolated,0
40,1.333,1780168744,G1,225,375,ok,1
40,1.333,1780168744,G2,376,274,ok,1
40,1.333,1780168744,G3,158,209,ok,1
40,1.333,1780168744,G6,169,94,ok,0
40,1.333,1780168744,G8,197,121,ok,0
40,1.333,1780168744,G4,442,242,ok,1
40,1.333,1780168744,G7,249,99,ok,0
40,1.333,1780168744,G10,419,139,ok,1
40,1.333,1780168744,G9,228,96,ok,0
40,1.333,1780168744,G11,217,150,ok,1
40,1.333,1780168744,G16,149,126,ok,1
40,1.333,1780168744,G19,62,511,merged,0
40,1.333,1780168744,G12,274,81,ok,0
40,1.333,1780168744,G13,124,78,ok,0
40,1.333,1780168744,G14,521,504,ok,0
40,1.333,1780168744,G20,64,520,ok,0
40,1.333,1780168744,G18,279,81,ok,0
40,1.333,1780168744,D1,124,686,ok,1
40,1.333,1780168744,D2,252,656,ok,1
40,1.333,1780168744,D10,418,685,ok,1
40,1.333,1780168744,D9,306,855,ok,1
40,1.333,1780168744,D8,-1,590,ok,0
40,1.333,1780168744,D5,0,590,ok,0
40,1.333,1780168744,D6,0,589,ok,0
40,1.333,1780168744,D7,-20,625,ok,0
40,1.333,1780168744,G5,61,502,interpolated,0
40,1.333,1780168744,G15,521,503,interpolated,0
40,1.333,1780168744,G21,101,78,interpolated,0
40,1.333,1780168744,D3,0,881,interpolated,0
41,1.367,1780168744,G1,225,375,ok,1
41,1.367,1780168744,G2,375,272,ok,1
41,1.367,1780168744,G6,169,94,ok,0
41,1.367,1780168744,G3,156,209,ok,1
41,1.367,1780168744,G8,197,120,ok,0
41,1.367,1780168744,G7,249,99,ok,0
41,1.367,1780168744,G4,442,242,ok,1
41,1.367,1780168744,G10,419,141,ok,1
41,1.367,1780168744,G16,148,128,ok,1
41,1.367,1780168744,G9,228,96,ok,0
41,1.367,1780168744,G11,215,150,ok,1
41,1.367,1780168744,G12,275,81,ok,0
41,1.367,1780168744,G19,62,512,merged,0
41,1.367,1780168744,G20,64,520,ok,0
41,1.367,1780168744,G13,124,78,ok,0
41,1.367,1780168744,G14,521,504,ok,0
41,1.367,1780168744,D1,126,685,ok,1
41,1.367,1780168744,D2,252,654,ok,1
41,1.367,1780168744,D10,417,685,ok,1
41,1.367,1780168744,D9,304,858,ok,1
41,1.367,1780168744,D8,-1,590,ok,0
41,1.367,1780168744,D5,0,590,ok,0
41,1.367,1780168744,D6,0,588,ok,0
41,1.367,1780168744,D7,-20,625,ok,0
41,1.367,1780168744,G5,61,502,interpolated,0
41,1.367,1780168744,G15,521,503,interpolated,0
41,1.367,1780168744,G18,279,81,interpolated,0
41,1.367,1780168744,G21,101,78,interpolated,0
41,1.367,1780168744,D3,0,881,interpolated,0
42,1.400,1780168744,G1,225,375,ok,1
42,1.400,1780168744,G2,373,269,ok,1
42,1.400,1780168744,G3,155,209,ok,1
42,1.400,1780168744,G6,169,94,ok,0
42,1.400,1780168744,G4,443,242,ok,1
42,1.400,1780168744,G7,249,99,ok,0
42,1.400,1780168744,G8,196,120,ok,0
42,1.400,1780168744,G16,147,127,ok,1
42,1.400,1780168744,G9,228,96,ok,0
42,1.400,1780168744,G10,420,141,ok,1
42,1.400,1780168744,G11,213,150,ok,1
42,1.400,1780168744,G12,275,81,ok,0
42,1.400,1780168744,G20,62,513,merged,0
42,1.400,1780168744,G13,123,79,ok,0
42,1.400,1780168744,G19,64,520,ok,0
42,1.400,1780168744,G14,521,504,ok,0
42,1.400,1780168744,D1,128,686,ok,1
42,1.400,1780168744,D2,253,652,ok,1
42,1.400,1780168744,D10,416,683,ok,1
42,1.400,1780168744,D8,-1,590,ok,0
42,1.400,1780168744,D9,301,861,ok,1
42,1.400,1780168744,D5,0,590,ok,0
42,1.400,1780168744,D6,0,589,ok,0
42,1.400,1780168744,G5,61,502,interpolated,0
42,1.400,1780168744,D7,-20,625,interpolated,0
42,1.400,1780168744,G15,521,503,interpolated,0
42,1.400,1780168744,G18,279,81,interpolated,0
42,1.400,1780168744,G21,101,78,interpolated,0
42,1.400,1780168744,D3,0,881,interpolated,0
43,1.433,1780168744,G1,225,375,ok,1
43,1.433,1780168744,G2,373,269,ok,1
43,1.433,1780168744,G3,155,209,ok,1
43,1.433,1780168744,G6,169,94,ok,0
43,1.433,1780168744,G4,443,242,ok,1
43,1.433,1780168744,G7,249,99,ok,0
43,1.433,1780168744,G8,196,120,ok,0
43,1.433,1780168744,G16,146,127,ok,1
43,1.433,1780168744,G9,228,96,ok,0
43,1.433,1780168744,G10,420,141,ok,1
43,1.433,1780168744,G11,213,150,ok,1
43,1.433,1780168744,G12,275,81,ok,0
43,1.433,1780168744,G19,62,513,merged,0
43,1.433,1780168744,G13,123,79,ok,0
43,1.433,1780168744,G20,64,520,ok,0
43,1.433,1780168744,G14,521,505,ok,0
43,1.433,1780168744,D1,128,686,ok,1
43,1.433,1780168744,D2,253,652,ok,1
43,1.433,1780168744,D10,416,683,ok,1
43,1.433,1780168744,D8,-1,590,ok,0
43,1.433,1780168744,D9,301,861,ok,1
43,1.433,1780168744,D5,0,590,ok,0
43,1.433,1780168744,D6,0,589,ok,0
43,1.433,1780168744,G5,61,502,interpolated,0
43,1.433,1780168744,D7,-20,625,interpolated,0
43,1.433,1780168744,G15,521,503,interpolated,0
43,1.433,1780168744,G18,279,81,interpolated,0
43,1.433,1780168744,G21,101,78,interpolated,0
43,1.433,1780168744,D3,0,881,interpolated,0
44,1.467,1780168744,G1,225,375,ok,1
44,1.467,1780168744,G2,372,265,ok,1
44,1.467,1780168744,G3,154,207,ok,1
44,1.467,1780168744,G4,442,242,ok,1
44,1.467,1780168744,G6,169,94,ok,0
44,1.467,1780168744,G7,249,99,ok,0
44,1.467,1780168744,G8,196,120,ok,0
44,1.467,1780168744,G16,146,126,ok,1
44,1.467,1780168744,G9,228,96,ok,0
44,1.467,1780168744,G10,421,141,ok,1
44,1.467,1780168744,G20,62,513,merged,0
44,1.467,1780168744,G11,211,149,ok,1
44,1.467,1780168744,G12,275,81,ok,0
44,1.467,1780168744,G13,124,78,ok,0
44,1.467,1780168744,G19,64,520,ok,0
44,1.467,1780168744,G14,521,505,ok,0
44,1.467,1780168744,D1,129,685,ok,1
44,1.467,1780168744,D10,415,683,ok,1
44,1.467,1780168744,D2,253,650,ok,1
44,1.467,1780168744,D9,298,863,ok,1
44,1.467,1780168744,D8,-1,590,ok,0
44,1.467,1780168744,D6,0,589,ok,0
44,1.467,1780168744,D7,-21,626,ok,0
44,1.467,1780168744,G5,61,502,interpolated,0
44,1.467,1780168744,D5,0,590,interpolated,0
44,1.467,1780168744,G15,521,503,interpolated,0
44,1.467,1780168744,G18,279,81,interpolated,0
44,1.467,1780168744,G21,101,78,interpolated,0
44,1.467,1780168744,D3,0,881,interpolated,0
45,1.500,1780168744,G1,226,375,ok,1
45,1.500,1780168744,G2,371,258,ok,1
45,1.500,1780168744,G4,442,243,ok,1
45,1.500,1780168744,G3,153,206,ok,1
45,1.500,1780168744,G6,169,94,ok,0
45,1.500,1780168744,G7,249,99,ok,0
45,1.500,1780168744,G16,145,126,ok,1
45,1.500,1780168744,G8,196,119,ok,0
45,1.500,1780168744,G9,228,96,ok,0
45,1.500,1780168744,G19,62,513,merged,0
45,1.500,1780168744,G12,275,81,ok,0
45,1.500,1780168744,G10,421,142,ok,1
45,1.500,1780168744,G11,208,150,ok,1
45,1.500,1780168744,G5,64,520,ok,0
45,1.500,1780168744,G13,124,78,ok,0
45,1.500,1780168744,G20,64,521,ok,0
45,1.500,1780168744,G14,521,505,ok,0
45,1.500,1780168744,D1,131,685,ok,1
45,1.500,1780168744,D10,414,683,ok,1
45,1.500,1780168744,D2,253,650,ok,1
45,1.500,1780168744,D9,295,863,ok,1
45,1.500,1780168744,D8,-1,590,ok,0
45,1.500,1780168744,D5,0,590,ok,0
45,1.500,1780168744,D6,0,588,ok,0
45,1.500,1780168744,D7,-21,626,interpolated,0
45,1.500,1780168744,G15,521,503,interpolated,0
45,1.500,1780168744,G18,279,81,interpolated,0
45,1.500,1780168744,D3,0,881,interpolated,0
46,1.533,1780168744,G1,227,375,ok,1
46,1.533,1780168744,G2,370,253,ok,1
46,1.533,1780168744,G6,169,94,ok,0
46,1.533,1780168744,G3,153,205,ok,1
46,1.533,1780168744,G4,443,238,ok,1
46,1.533,1780168744,G7,249,99,ok,0
46,1.533,1780168744,G16,145,126,ok,1
46,1.533,1780168744,G9,228,96,ok,0
46,1.533,1780168744,G8,196,121,ok,0
46,1.533,1780168744,G20,62,514,merged,0
46,1.533,1780168744,G12,275,80,ok,0
46,1.533,1780168744,G11,207,150,ok,1
46,1.533,1780168744,G19,63,521,ok,0
46,1.533,1780168744,G13,125,79,ok,0
46,1.533,1780168744,G10,423,142,ok,1
46,1.533,1780168744,G5,64,521,ok,0
46,1.533,1780168744,G14,521,504,ok,0
46,1.533,1780168744,D10,413,685,ok,1
46,1.533,1780168744,D1,133,684,ok,1
46,1.533,1780168744,D2,254,650,ok,1
46,1.533,1780168744,D9,294,864,ok,1
46,1.533,1780168744,D8,-1,590,ok,0
46,1.533,1780168744,D5,0,590,ok,0
46,1.533,1780168744,D6,0,588,ok,0
46,1.533,1780168744,D3,404,611,ok,1
46,1.533,1780168744,D7,-21,626,interpolated,0
46,1.533,1780168744,G15,521,503,interpolated,0
46,1.533,1780168744,G18,279,81,interpolated,0
47,1.567,1780168744,G1,227,377,ok,1
47,1.567,1780168744,G2,369,248,ok,1
47,1.567,1780168744,G6,169,94,ok,0
47,1.567,1780168744,G7,249,99,ok,0
47,1.567,1780168744,G3,152,204,ok,1
47,1.567,1780168744,G4,443,239,ok,1
47,1.567,1780168744,G5,63,514,merged,0
47,1.567,1780168744,G16,145,127,ok,1
47,1.567,1780168744,G9,228,96,ok,0
47,1.567,1780168744,G11,205,150,ok,1
47,1.567,1780168744,G12,275,80,ok,0
47,1.567,1780168744,G8,196,117,ok,0
47,1.567,1780168744,G13,125,79,ok,0
47,1.567,1780168744,G19,63,521,ok,0
47,1.567,1780168744,G10,423,142,ok,1
47,1.567,1780168744,G14,521,504,ok,0
47,1.567,1780168744,D2,257,650,ok,1
47,1.567,1780168744,D10,412,686,ok,1
47,1.567,1780168744,D1,134,685,ok,1
47,1.567,1780168744,D9,292,864,ok,1
47,1.567,1780168744,D8,-1,590,ok,0
47,1.567,1780168744,D5,0,590,ok,0
47,1.567,1780168744,D6,0,588,ok,0
47,1.567,1780168744,D3,404,611,ok,1
47,1.567,1780168744,D7,-21,626,interpolated,0
47,1.567,1780168744,G15,521,503,interpolated,0
47,1.567,1780168744,G18,279,81,interpolated,0
47,1.567,1780168744,G20,62,514,interpolated,0
48,1.600,1780168744,G1,227,378,ok,1
48,1.600,1780168744,G2,369,244,ok,1
48,1.600,1780168744,G3,151,203,ok,1
48,1.600,1780168744,G6,169,94,ok,0
48,1.600,1780168744,G4,442,247,ok,1
48,1.600,1780168744,G7,249,99,ok,0
48,1.600,1780168744,G11,203,151,ok,1
48,1.600,1780168744,G9,228,96,ok,0
48,1.600,1780168744,G16,144,127,ok,1
48,1.600,1780168744,G19,62,514,merged,0
48,1.600,1780168744,G12,275,80,ok,0
48,1.600,1780168744,G13,125,79,ok,0
48,1.600,1780168744,G8,195,116,ok,0
48,1.600,1780168744,G20,63,520,ok,0
48,1.600,1780168744,G10,424,142,ok,1
48,1.600,1780168744,G5,63,521,ok,0
48,1.600,1780168744,G14,521,504,ok,0
48,1.600,1780168744,D2,257,650,ok,1
48,1.600,1780168744,D10,413,687,ok,1
48,1.600,1780168744,D1,136,683,ok,1
48,1.600,1780168744,D9,290,867,ok,1
48,1.600,1780168744,D8,-1,590,ok,0
48,1.600,1780168744,D5,0,590,ok,0
48,1.600,1780168744,D6,0,588,interpolated,0
48,1.600,1780168744,D7,-21,626,interpolated,0
48,1.600,1780168744,G18,279,81,interpolated,0
48,1.600,1780168744,D3,404,611,interpolated,1
49,1.633,1780168744,G1,227,378,ok,1
49,1.633,1780168744,G2,369,244,ok,1
49,1.633,1780168744,G3,151,203,ok,1
49,1.633,1780168744,G6,169,94,ok,0
49,1.633,1780168744,G4,442,247,ok,1
49,1.633,1780168744,G7,249,99,ok,0
49,1.633,1780168744,G11,203,151,ok,1
49,1.633,1780168744,G9,228,96,ok,0
49,1.633,1780168744,G16,144,127,ok,1
49,1.633,1780168744,G5,62,514,merged,0
49,1.633,1780168744,G12,275,80,ok,0
49,1.633,1780168744,G13,125,79,ok,0
49,1.633,1780168744,G8,196,116,ok,0
49,1.633,1780168744,G20,63,520,ok,0
49,1.633,1780168744,G10,424,142,ok,1
49,1.633,1780168744,G19,63,521,ok,0
49,1.633,1780168744,G14,521,504,ok,0
49,1.633,1780168744,D2,257,650,ok,1
49,1.633,1780168744,D1,136,683,ok,1
49,1.633,1780168744,D10,413,687,ok,1
49,1.633,1780168744,D9,290,867,ok,1
49,1.633,1780168744,D8,-1,590,ok,0
49,1.633,1780168744,D5,0,590,ok,0
49,1.633,1780168744,D3,404,611,ok,1
49,1.633,1780168744,D6,0,588,interpolated,0
49,1.633,1780168744,D7,-21,626,interpolated,0
49,1.633,1780168744,G18,279,81,interpolated,0
50,1.667,1780168744,G1,227,378,ok,1
50,1.667,1780168744,G2,368,241,ok,1
50,1.667,1780168744,G3,150,202,ok,1
50,1.667,1780168744,G6,169,94,ok,0
50,1.667,1780168744,G7,249,99,ok,0
50,1.667,1780168744,G4,442,249,ok,1
50,1.667,1780168744,G5,63,514,merged,0
50,1.667,1780168744,G9,228,96,ok,0
50,1.667,1780168744,G11,201,152,ok,1
50,1.667,1780168744,G16,144,128,ok,1
50,1.667,1780168744,G12,275,80,ok,0
50,1.667,1780168744,G19,64,521,ok,0
50,1.667,1780168744,G10,426,142,ok,1
50,1.667,1780168744,G13,126,79,ok,0
50,1.667,1780168744,G8,196,106,ok,0
50,1.667,1780168744,G14,521,505,ok,0
50,1.667,1780168744,G20,64,521,ok,0
50,1.667,1780168744,D10,412,688,ok,1
50,1.667,1780168744,D2,256,650,ok,1
50,1.667,1780168744,D1,136,682,ok,1
50,1.667,1780168744,D9,287,869,ok,0
50,1.667,1780168744,D6,0,589,ok,0
50,1.667,1780168744,D5,0,590,ok,0
50,1.667,1780168744,D3,404,611,ok,1
50,1.667,1780168744,D8,0,590,ok,0
50,1.667,1780168744,D7,-21,626,interpolated,0
50,1.667,1780168744,G18,279,81,interpolated,0
51,1.700,1780168744,G1,227,378,ok,1
51,1.700,1780168744,G2,366,239,ok,1
51,1.700,1780168744,G3,150,202,ok,1
51,1.700,1780168744,G6,169,94,ok,0
51,1.700,1780168744,G4,442,250,ok,1
51,1.700,1780168744,G7,249,99,ok,0
51,1.700,1780168744,G5,63,514,merged,0
51,1.700,1780168744,G11,201,153,ok,1
51,1.700,1780168744,G9,228,96,ok,0
51,1.700,1780168744,G16,143,128,ok,1
51,1.700,1780168744,G19,64,521,ok,0
51,1.700,1780168744,G12,275,80,ok,0
51,1.700,1780168744,G20,64,521,ok,0
51,1.700,1780168744,G13,126,79,ok,0
51,1.700,1780168744,G14,521,504,ok,0
51,1.700,1780168744,G8,195,99,ok,0
51,1.700,1780168744,G10,427,142,ok,1
51,1.700,1780168744,D2,257,650,ok,1
51,1.700,1780168744,D1,137,682,ok,1
51,1.700,1780168744,D10,411,691,ok,1
51,1.700,1780168744,D9,284,870,ok,0
51,1.700,1780168744,D8,-1,590,ok,0
51,1.700,1780168744,D6,0,589,ok,0
51,1.700,1780168744,D3,404,611,ok,1
51,1.700,1780168744,D5,0,590,ok,0
51,1.700,1780168744,D7,-21,626,interpolated,0
52,1.733,1780168744,G1,227,378,ok,1
52,1.733,1780168744,G2,364,233,ok,1
52,1.733,1780168744,G6,169,94,ok,0
52,1.733,1780168744,G4,442,250,ok,1
52,1.733,1780168744,G3,150,202,ok,1
52,1.733,1780168744,G7,249,99,ok,0
52,1.733,1780168744,G5,64,514,merged,0
52,1.733,1780168744,G11,200,153,ok,1
52,1.733,1780168744,G9,228,96,ok,0
52,1.733,1780168744,G16,144,134,ok,1
52,1.733,1780168744,G12,275,81,ok,0
52,1.733,1780168744,G19,64,521,ok,0
52,1.733,1780168744,G13,126,78,ok,0
52,1.733,1780168744,G20,64,521,ok,0
52,1.733,1780168744,G8,196,100,ok,0
52,1.733,1780168744,G10,428,142,ok,1
52,1.733,1780168744,G15,521,503,ok,0
52,1.733,1780168744,G18,-5,365,ok,0
52,1.733,1780168744,D2,257,650,ok,1
52,1.733,1780168744,D1,137,682,ok,1
52,1.733,1780168744,D10,412,695,ok,1
52,1.733,1780168744,D9,282,870,ok,0
52,1.733,1780168744,D6,0,589,ok,0
52,1.733,1780168744,D5,0,590,ok,0
52,1.733,1780168744,D8,0,590,ok,0
52,1.733,1780168744,G14,521,504,interpolated,0
52,1.733,1780168744,D7,-21,626,interpolated,0
52,1.733,1780168744,D3,404,611,interpolated,1
53,1.767,1780168744,G1,226,377,ok,1
53,1.767,1780168744,G2,363,230,ok,1
53,1.767,1780168744,G6,169,94,ok,0
53,1.767,1780168744,G4,442,250,ok,1
53,1.767,1780168744,G7,249,99,ok,0
53,1.767,1780168744,G3,150,202,ok,1
53,1.767,1780168744,G11,200,155,ok,1
53,1.767,1780168744,G16,144,133,ok,1
53,1.767,1780168744,G9,228,96,ok,0
53,1.767,1780168744,G12,275,81,ok,0
53,1.767,1780168744,G5,64,514,merged,0
53,1.767,1780168744,G8,197,108,ok,0
53,1.767,1780168744,G13,126,78,ok,0
53,1.767,1780168744,G19,64,521,ok,0
53,1.767,1780168744,G10,429,142,ok,1
53,1.767,1780168744,G15,521,503,ok,0
53,1.767,1780168744,D1,138,683,ok,1
53,1.767,1780168744,D10,412,699,ok,1
53,1.767,1780168744,D2,256,650,ok,1
53,1.767,1780168744,D9,280,870,ok,0
53,1.767,1780168744,D6,0,589,ok,0
53,1.767,1780168744,D5,0,590,ok,0
53,1.767,1780168744,D8,0,590,ok,0
53,1.767,1780168744,G14,521,504,interpolated,0
53,1.767,1780168744,D7,-21,626,interpolated,0
53,1.767,1780168744,G20,64,521,interpolated,0
53,1.767,1780168744,D3,404,611,interpolated,1
53,1.767,1780168744,G18,-5,365,interpolated,0
54,1.800,1780168744,G1,226,374,ok,1
54,1.800,1780168744,G2,360,228,ok,1
54,1.800,1780168744,G6,169,94,ok,0
54,1.800,1780168744,G4,442,250,ok,1
54,1.800,1780168744,G7,249,99,ok,0
54,1.800,1780168744,G3,149,202,ok,1
54,1.800,1780168744,G11,199,155,ok,1
54,1.800,1780168744,G8,196,110,ok,0
54,1.800,1780168744,G9,228,96,ok,0
54,1.800,1780168744,G12,275,81,ok,0
54,1.800,1780168744,G16,143,135,ok,1
54,1.800,1780168744,G13,126,78,ok,0
54,1.800,1780168744,G5,63,514,merged,0
54,1.800,1780168744,G15,521,503,ok,0
54,1.800,1780168744,G19,64,521,ok,0
54,1.800,1780168744,G10,429,142,ok,1
54,1.800,1780168744,G22,199,149,ok,1
54,1.800,1780168744,G18,-16,314,ok,0
54,1.800,1780168744,D1,138,683,ok,1
54,1.800,1780168744,D10,412,703,ok,1
54,1.800,1780168744,D2,257,646,ok,1
54,1.800,1780168744,D9,277,870,ok,0
54,1.800,1780168744,D5,0,590,ok,0
54,1.800,1780168744,D7,0,881,ok,0
54,1.800,1780168744,D8,0,590,ok,0
54,1.800,1780168744,G14,521,504,interpolated,0
54,1.800,1780168744,D6,0,589,interpolated,0
54,1.800,1780168744,G20,64,521,interpolated,0
54,1.800,1780168744,D3,404,611,interpolated,1
55,1.833,1780168744,G1,226,374,ok,1
55,1.833,1780168744,G2,360,228,ok,1
55,1.833,1780168744,G6,169,94,ok,0
55,1.833,1780168744,G4,442,250,ok,1
55,1.833,1780168744,G3,149,202,ok,1
55,1.833,1780168744,G7,249,99,ok,0
55,1.833,1780168744,G11,199,155,ok,1
55,1.833,1780168744,G8,196,110,ok,0
55,1.833,1780168744,G9,228,96,ok,0
55,1.833,1780168744,G12,275,81,ok,0
55,1.833,1780168744,G16,143,135,ok,1
55,1.833,1780168744,G13,126,78,ok,0
55,1.833,1780168744,G5,63,514,merged,0
55,1.833,1780168744,G19,64,521,ok,0
55,1.833,1780168744,G15,521,503,ok,0
55,1.833,1780168744,G10,429,142,ok,1
55,1.833,1780168744,G22,198,145,ok,1
55,1.833,1780168744,G18,-16,313,ok,0
55,1.833,1780168744,D1,138,683,ok,1
55,1.833,1780168744,D10,412,703,ok,1
55,1.833,1780168744,D2,257,646,ok,1
55,1.833,1780168744,D9,277,870,ok,0
55,1.833,1780168744,D5,0,590,ok,0
55,1.833,1780168744,D7,0,882,ok,0
55,1.833,1780168744,D6,0,589,ok,0
55,1.833,1780168744,G14,521,504,interpolated,0
55,1.833,1780168744,D8,0,590,interpolated,0
55,1.833,1780168744,G20,64,521,interpolated,0
55,1.833,1780168744,D3,404,611,interpolated,1
56,1.867,1780168744,G1,222,371,ok,1
56,1.867,1780168744,G2,358,229,ok,1
56,1.867,1780168744,G4,441,250,ok,1
56,1.867,1780168744,G6,169,94,ok,0
56,1.867,1780168744,G7,249,99,ok,0
56,1.867,1780168744,G3,148,202,ok,1
56,1.867,1780168744,G11,197,155,ok,1
56,1.867,1780168744,G8,197,113,ok,0
56,1.867,1780168744,G9,227,96,ok,0
56,1.867,1780168744,G12,275,81,ok,0
56,1.867,1780168744,G16,142,135,ok,1
56,1.867,1780168744,G5,63,515,merged,0
56,1.867,1780168744,G13,126,76,ok,0
56,1.867,1780168744,G10,431,142,ok,1
56,1.867,1780168744,G15,521,503,ok,0
56,1.867,1780168744,G19,64,521,ok,0
56,1.867,1780168744,G18,-16,313,ok,0
56,1.867,1780168744,G20,64,521,ok,0
56,1.867,1780168744,G14,530,484,ok,0
56,1.867,1780168744,D10,412,705,ok,1
56,1.867,1780168744,D1,139,682,ok,1
56,1.867,1780168744,D2,256,644,ok,1
56,1.867,1780168744,D9,273,871,ok,0
56,1.867,1780168744,D5,0,590,ok,0
56,1.867,1780168744,D8,-1,590,ok,0
56,1.867,1780168744,D7,0,882,ok,0
56,1.867,1780168744,D6,0,588,ok,0
56,1.867,1780168744,D3,404,611,interpolated,1
56,1.867,1780168744,G22,198,145,interpolated,1
57,1.900,1780168744,G1,221,368,ok,1
57,1.900,1780168744,G2,357,226,ok,1
57,1.900,1780168744,G6,169,94,ok,0
57,1.900,1780168744,G4,441,250,ok,1
57,1.900,1780168744,G7,249,99,ok,0
57,1.900,1780168744,G3,147,202,ok,1
57,1.900,1780168744,G8,197,117,ok,0
57,1.900,1780168744,G11,195,155,ok,1
57,1.900,1780168744,G16,141,135,ok,1
57,1.900,1780168744,G9,228,96,ok,0
57,1.900,1780168744,G12,275,81,ok,0
57,1.900,1780168744,G10,432,142,ok,1
57,1.900,1780168744,G15,522,502,ok,0
57,1.900,1780168744,G5,63,516,merged,0
57,1.900,1780168744,G13,125,71,ok,0
57,1.900,1780168744,G14,531,483,ok,0
57,1.900,1780168744,G19,64,521,ok,0
57,1.900,1780168744,G20,64,521,ok,0
57,1.900,1780168744,G18,-16,313,ok,0
57,1.900,1780168744,D2,258,641,ok,1
57,1.900,1780168744,D10,412,707,ok,1
57,1.900,1780168744,D1,140,681,ok,1
57,1.900,1780168744,D9,269,870,ok,0
57,1.900,1780168744,D8,-1,590,ok,0
57,1.900,1780168744,D7,0,882,ok,0
57,1.900,1780168744,D5,0,589,ok,0
57,1.900,1780168744,D6,0,588,interpolated,0
57,1.900,1780168744,D3,404,611,interpolated,1
57,1.900,1780168744,G22,198,145,interpolated,1
58,1.933,1780168744,G1,218,366,ok,1
58,1.933,1780168744,G2,356,225,ok,1
58,1.933,1780168744,G6,169,94,ok,0
58,1.933,1780168744,G7,249,99,ok,0
58,1.933,1780168744,G8,198,118,ok,0
58,1.933,1780168744,G3,146,203,ok,1
58,1.933,1780168744,G4,441,250,ok,1
58,1.933,1780168744,G11,192,155,ok,1
58,1.933,1780168744,G16,139,136,ok,1
58,1.933,1780168744,G12,275,81,ok,0
58,1.933,1780168744,G9,228,96,ok,0
58,1.933,1780168744,G5,63,517,merged,0
58,1.933,1780168744,G10,432,142,ok,1
58,1.933,1780168744,G15,521,503,ok,0
58,1.933,1780168744,G19,64,521,ok,0
58,1.933,1780168744,G14,531,483,ok,0
58,1.933,1780168744,G18,-5,364,ok,0
58,1.933,1780168744,D10,411,706,ok,1
58,1.933,1780168744,D2,259,639,ok,1
58,1.933,1780168744,D1,141,681,ok,1
58,1.933,1780168744,D9,266,870,ok,0
58,1.933,1780168744,D8,-1,590,ok,0
58,1.933,1780168744,D7,0,882,ok,0
58,1.933,1780168744,D5,0,589,ok,0
58,1.933,1780168744,G13,125,71,interpolated,0
58,1.933,1780168744,D6,0,588,interpolated,0
58,1.933,1780168744,G20,64,521,interpolated,0
58,1.933,1780168744,D3,404,611,interpolated,1
58,1.933,1780168744,G22,198,145,interpolated,1
59,1.967,1780168744,G1,217,366,ok,1
59,1.967,1780168744,G2,353,216,ok,1
59,1.967,1780168744,G6,169,95,ok,0
59,1.967,1780168744,G3,144,202,ok,1
59,1.967,1780168744,G7,249,99,ok,0
59,1.967,1780168744,G8,198,119,ok,0
59,1.967,1780168744,G4,440,252,ok,1
59,1.967,1780168744,G11,189,156,ok,1
59,1.967,1780168744,G16,138,136,ok,1
59,1.967,1780168744,G9,228,96,ok,0
59,1.967,1780168744,G12,275,81,ok,0
59,1.967,1780168744,G10,432,142,ok,1
59,1.967,1780168744,G15,521,504,ok,0
59,1.967,1780168744,G5,62,518,merged,0
59,1.967,1780168744,G19,64,521,ok,0
59,1.967,1780168744,G14,531,483,ok,0
59,1.967,1780168744,D10,409,706,ok,1
59,1.967,1780168744,D1,142,679,ok,1
59,1.967,1780168744,D2,258,639,ok,1
59,1.967,1780168744,D9,263,870,ok,0
59,1.967,1780168744,D8,-1,590,ok,0
59,1.967,1780168744,D7,0,882,ok,0
59,1.967,1780168744,D5,0,589,ok,0
59,1.967,1780168744,G13,125,71,interpolated,0
59,1.967,1780168744,D6,0,588,interpolated,0
59,1.967,1780168744,G20,64,521,interpolated,0
59,1.967,1780168744,D3,404,611,interpolated,1
59,1.967,1780168744,G18,-5,364,interpolated,0
59,1.967,1780168744,G22,198,145,interpolated,1
60,2.000,1780168745,G1,217,365,ok,1
60,2.000,1780168745,G2,351,213,ok,1
60,2.000,1780168745,G3,143,202,ok,1
60,2.000,1780168745,G6,169,95,ok,0
60,2.000,1780168745,G8,198,119,ok,0
60,2.000,1780168745,G7,249,99,ok,0
60,2.000,1780168745,G4,438,258,ok,1
60,2.000,1780168745,G9,228,96,ok,0
60,2.000,1780168745,G11,187,158,ok,1
60,2.000,1780168745,G16,137,135,ok,1
60,2.000,1780168745,G12,275,81,ok,0
60,2.000,1780168745,G10,432,143,ok,1
60,2.000,1780168745,G15,522,502,ok,0
60,2.000,1780168745,G5,62,519,merged,0
60,2.000,1780168745,G19,64,521,ok,0
60,2.000,1780168745,G14,531,483,ok,0
60,2.000,1780168745,D1,145,679,ok,1
60,2.000,1780168745,D2,259,635,ok,1
60,2.000,1780168745,D10,408,705,ok,1
60,2.000,1780168745,D9,260,870,ok,0
60,2.000,1780168745,D8,-1,590,ok,0
60,2.000,1780168745,D7,0,882,ok,0
60,2.000,1780168745,D5,0,590,ok,0
60,2.000,1780168745,G13,125,71,interpolated,0
60,2.000,1780168745,D6,0,588,interpolated,0
60,2.000,1780168745,G20,64,521,interpolated,0
60,2.000,1780168745,D3,404,611,interpolated,1
60,2.000,1780168745,G18,-5,364,interpolated,0
60,2.000,1780168745,G22,198,145,interpolated,1
61,2.033,1780168745,G1,217,365,ok,1
61,2.033,1780168745,G2,351,213,ok,1
61,2.033,1780168745,G3,143,202,ok,1
61,2.033,1780168745,G6,169,95,ok,0
61,2.033,1780168745,G7,249,99,ok,0
61,2.033,1780168745,G8,198,120,ok,0
61,2.033,1780168745,G4,438,258,ok,1
61,2.033,1780168745,G9,228,96,ok,0
61,2.033,1780168745,G11,187,158,ok,1
61,2.033,1780168745,G16,137,135,ok,1
61,2.033,1780168745,G12,275,81,ok,0
61,2.033,1780168745,G10,432,143,ok,1
61,2.033,1780168745,G15,522,502,ok,0
61,2.033,1780168745,G5,62,519,merged,0
61,2.033,1780168745,G19,64,521,ok,0
61,2.033,1780168745,G14,531,483,ok,0
61,2.033,1780168745,D1,145,679,ok,1
61,2.033,1780168745,D2,259,635,ok,1
61,2.033,1780168745,D10,409,705,ok,1
61,2.033,1780168745,D9,260,870,ok,0
61,2.033,1780168745,D8,-1,590,ok,0
61,2.033,1780168745,D7,0,882,ok,0
61,2.033,1780168745,D5,0,590,ok,0
61,2.033,1780168745,G13,125,71,interpolated,0
61,2.033,1780168745,D6,0,588,interpolated,0
61,2.033,1780168745,G20,64,521,interpolated,0
61,2.033,1780168745,D3,404,611,interpolated,1
61,2.033,1780168745,G18,-5,364,interpolated,0
61,2.033,1780168745,G22,198,145,interpolated,1
62,2.067,1780168745,G1,216,365,ok,1
62,2.067,1780168745,G2,349,211,ok,1
62,2.067,1780168745,G6,169,94,ok,0
62,2.067,1780168745,G7,249,99,ok,0
62,2.067,1780168745,G3,140,202,ok,1
62,2.067,1780168745,G8,197,116,ok,0
62,2.067,1780168745,G4,437,262,ok,1
62,2.067,1780168745,G16,136,136,ok,1
62,2.067,1780168745,G9,228,96,ok,0
62,2.067,1780168745,G11,186,163,ok,1
62,2.067,1780168745,G12,274,81,ok,0
62,2.067,1780168745,G5,62,520,merged,0
62,2.067,1780168745,G10,432,143,ok,1
62,2.067,1780168745,G19,64,521,ok,0
62,2.067,1780168745,G15,522,502,ok,0
62,2.067,1780168745,G20,64,521,ok,0
62,2.067,1780168745,G22,354,210,ok,1
62,2.067,1780168745,G14,531,483,ok,0
62,2.067,1780168745,D2,259,634,ok,1
62,2.067,1780168745,D1,146,681,ok,1
62,2.067,1780168745,D10,408,706,ok,1
62,2.067,1780168745,D9,257,873,ok,0
62,2.067,1780168745,D8,-1,590,ok,0
62,2.067,1780168745,D7,0,882,ok,0
62,2.067,1780168745,D5,0,590,ok,0
62,2.067,1780168745,G13,125,71,interpolated,0
62,2.067,1780168745,D6,0,588,interpolated,0
62,2.067,1780168745,G18,-5,364,interpolated,0
63,2.100,1780168745,G2,347,211,ok,1
63,2.100,1780168745,G1,216,365,ok,1
63,2.100,1780168745,G6,169,95,ok,0
63,2.100,1780168745,G4,436,265,ok,1
63,2.100,1780168745,G7,249,99,ok,0
63,2.100,1780168745,G16,136,136,ok,1
63,2.100,1780168745,G8,198,118,ok,0
63,2.100,1780168745,G3,139,201,ok,1
63,2.100,1780168745,G11,185,167,ok,1
63,2.100,1780168745,G9,228,96,ok,0
63,2.100,1780168745,G12,274,81,ok,0
63,2.100,1780168745,G10,433,143,ok,1
63,2.100,1780168745,G5,62,520,merged,0
63,2.100,1780168745,G15,522,502,ok,0
63,2.100,1780168745,G19,64,521,ok,0
63,2.100,1780168745,G20,64,521,ok,0
63,2.100,1780168745,G13,79,68,ok,0
63,2.100,1780168745,G14,531,483,ok,0
63,2.100,1780168745,D10,408,707,ok,1
63,2.100,1780168745,D1,149,682,ok,1
63,2.100,1780168745,D2,260,633,ok,1
63,2.100,1780168745,D9,253,869,ok,0
63,2.100,1780168745,D8,-1,590,ok,0
63,2.100,1780168745,D7,0,882,ok,0
63,2.100,1780168745,D5,0,590,ok,0
63,2.100,1780168745,D6,0,588,interpolated,0
63,2.100,1780168745,G18,-5,364,interpolated,0
63,2.100,1780168745,G22,354,210,interpolated,1
64,2.133,1780168745,G4,434,268,ok,1
64,2.133,1780168745,G2,345,208,ok,1
64,2.133,1780168745,G6,169,95,ok,0
64,2.133,1780168745,G1,215,365,ok,1
64,2.133,1780168745,G8,198,119,ok,0
64,2.133,1780168745,G7,249,99,ok,0
64,2.133,1780168745,G16,136,136,ok,1
64,2.133,1780168745,G3,137,202,ok,1
64,2.133,1780168745,G11,185,169,ok,1
64,2.133,1780168745,G9,228,96,ok,0
64,2.133,1780168745,G12,274,81,ok,0
64,2.133,1780168745,G10,433,143,ok,1
64,2.133,1780168745,G15,521,504,ok,0
64,2.133,1780168745,G5,62,520,merged,0
64,2.133,1780168745,G13,79,68,ok,0
64,2.133,1780168745,G19,64,521,ok,0
64,2.133,1780168745,G18,125,67,ok,0
64,2.133,1780168745,G20,64,521,ok,0
64,2.133,1780168745,D10,408,707,ok,1
64,2.133,1780168745,D2,261,632,ok,1
64,2.133,1780168745,D1,150,683,ok,1
64,2.133,1780168745,D9,249,868,ok,0
64,2.133,1780168745,D5,0,590,ok,0
64,2.133,1780168745,D6,0,589,ok,0
64,2.133,1780168745,D7,0,882,ok,0
64,2.133,1780168745,G14,531,483,interpolated,0
64,2.133,1780168745,D8,-1,590,interpolated,0
64,2.133,1780168745,G22,354,210,interpolated,1
65,2.167,1780168745,G1,216,365,ok,1
65,2.167,1780168745,G4,434,268,ok,1
65,2.167,1780168745,G2,344,209,ok,1
65,2.167,1780168745,G8,198,120,ok,0
65,2.167,1780168745,G6,170,94,ok,0
65,2.167,1780168745,G7,249,99,ok,0
65,2.167,1780168745,G3,137,202,ok,1
65,2.167,1780168745,G11,184,171,ok,1
65,2.167,1780168745,G16,135,136,ok,1
65,2.167,1780168745,G9,228,96,ok,0
65,2.167,1780168745,G12,273,81,ok,0
65,2.167,1780168745,G10,433,143,ok,1
65,2.167,1780168745,G5,62,520,merged,0
65,2.167,1780168745,G19,64,521,ok,0
65,2.167,1780168745,G15,521,504,ok,0
65,2.167,1780168745,G18,125,69,ok,0
65,2.167,1780168745,G20,64,521,ok,0
65,2.167,1780168745,G13,80,67,ok,0
65,2.167,1780168745,G14,531,483,ok,0
65,2.167,1780168745,D2,262,631,ok,1
65,2.167,1780168745,D10,408,709,ok,1
65,2.167,1780168745,D1,152,683,ok,1
65,2.167,1780168745,D9,247,867,ok,1
65,2.167,1780168745,D5,0,590,ok,0
65,2.167,1780168745,D7,0,882,ok,0
65,2.167,1780168745,D6,0,589,ok,0
65,2.167,1780168745,D8,-1,590,interpolated,0
65,2.167,1780168745,G22,354,210,interpolated,1
66,2.200,1780168745,G1,215,365,ok,1
66,2.200,1780168745,G4,433,268,ok,1
66,2.200,1780168745,G2,343,205,ok,1
66,2.200,1780168745,G6,170,95,ok,0
66,2.200,1780168745,G8,198,120,ok,0
66,2.200,1780168745,G7,249,99,ok,0
66,2.200,1780168745,G3,137,202,ok,1
66,2.200,1780168745,G11,183,172,ok,1
66,2.200,1780168745,G16,135,136,ok,1
66,2.200,1780168745,G9,228,96,ok,0
66,2.200,1780168745,G12,273,81,ok,0
66,2.200,1780168745,G15,522,503,ok,0
66,2.200,1780168745,G5,62,520,merged,0
66,2.200,1780168745,G19,64,521,ok,0
66,2.200,1780168745,G10,434,143,ok,1
66,2.200,1780168745,G18,125,71,ok,0
66,2.200,1780168745,G22,-16,313,ok,0
66,2.200,1780168745,G14,531,483,ok,0
66,2.200,1780168745,G20,64,521,ok,0
66,2.200,1780168745,D2,263,631,ok,1
66,2.200,1780168745,D10,408,711,ok,1
66,2.200,1780168745,D1,153,683,ok,1
66,2.200,1780168745,D9,246,867,ok,1
66,2.200,1780168745,D5,0,590,ok,0
66,2.200,1780168745,D7,0,882,ok,0
66,2.200,1780168745,D6,0,589,ok,0
66,2.200,1780168745,G13,80,67,interpolated,0
66,2.200,1780168745,D8,-1,590,interpolated,0
67,2.233,1780168745,G1,215,365,ok,1
67,2.233,1780168745,G4,433,268,ok,1
67,2.233,1780168745,G2,343,205,ok,1
67,2.233,1780168745,G6,170,94,ok,0
67,2.233,1780168745,G8,198,120,ok,0
67,2.233,1780168745,G7,249,99,ok,0
67,2.233,1780168745,G3,137,202,ok,1
67,2.233,1780168745,G11,183,172,ok,1
67,2.233,1780168745,G16,135,136,ok,1
67,2.233,1780168745,G9,228,96,ok,0
67,2.233,1780168745,G12,273,81,ok,0
67,2.233,1780168745,G15,522,503,ok,0
67,2.233,1780168745,G5,62,520,merged,0
67,2.233,1780168745,G19,64,521,ok,0
67,2.233,1780168745,G10,434,143,ok,1
67,2.233,1780168745,G18,125,71,ok,0
67,2.233,1780168745,G22,-16,313,ok,0
67,2.233,1780168745,G14,531,483,ok,0
67,2.233,1780168745,G20,64,521,ok,0
67,2.233,1780168745,D2,263,631,ok,1
67,2.233,1780168745,D10,408,711,ok,1
67,2.233,1780168745,D1,153,683,ok,1
67,2.233,1780168745,D9,246,867,ok,1
67,2.233,1780168745,D5,0,590,ok,0
67,2.233,1780168745,D7,0,882,ok,0
67,2.233,1780168745,D6,0,589,ok,0
67,2.233,1780168745,G13,80,67,interpolated,0
67,2.233,1780168745,D8,-1,590,interpolated,0
68,2.267,1780168745,G4,433,268,ok,1
68,2.267,1780168745,G1,215,363,ok,1
68,2.267,1780168745,G2,343,198,ok,1
68,2.267,1780168745,G6,170,94,ok,0
68,2.267,1780168745,G7,249,99,ok,0
68,2.267,1780168745,G8,198,119,ok,0
68,2.267,1780168745,G16,134,136,ok,1
68,2.267,1780168745,G3,136,202,ok,1
68,2.267,1780168745,G9,228,96,ok,0
68,2.267,1780168745,G11,183,175,ok,1
68,2.267,1780168745,G12,273,81,ok,0
68,2.267,1780168745,G15,521,503,ok,0
68,2.267,1780168745,G5,62,520,merged,0
68,2.267,1780168745,G19,64,521,ok,0
68,2.267,1780168745,G10,435,144,ok,1
68,2.267,1780168745,G20,64,521,ok,0
68,2.267,1780168745,G18,125,70,ok,0
68,2.267,1780168745,G14,531,483,ok,0
68,2.267,1780168745,G22,-16,313,ok,0
68,2.267,1780168745,G23,64,521,ok,0
68,2.267,1780168745,D10,408,713,ok,1
68,2.267,1780168745,D1,154,684,ok,1
68,2.267,1780168745,D2,264,631,ok,1
68,2.267,1780168745,D9,246,867,ok,1
68,2.267,1780168745,D8,263,663,ok,1
68,2.267,1780168745,D5,0,590,ok,0
68,2.267,1780168745,D7,0,882,ok,0
68,2.267,1780168745,D6,0,589,ok,0
68,2.267,1780168745,G13,80,67,interpolated,0
69,2.300,1780168745,G1,214,362,ok,1
69,2.300,1780168745,G4,433,269,ok,1
69,2.300,1780168745,G2,341,191,ok,1
69,2.300,1780168745,G6,170,93,ok,0
69,2.300,1780168745,G8,198,119,ok,0
69,2.300,1780168745,G7,249,99,ok,0
69,2.300,1780168745,G3,136,202,ok,1
69,2.300,1780168745,G16,134,136,ok,1
69,2.300,1780168745,G11,182,176,ok,1
69,2.300,1780168745,G9,228,96,ok,0
69,2.300,1780168745,G12,273,81,ok,0
69,2.300,1780168745,G10,436,143,ok,1
69,2.300,1780168745,G15,522,503,ok,0
69,2.300,1780168745,G22,-16,313,ok,0
69,2.300,1780168745,G13,100,80,ok,0
69,2.300,1780168745,G5,62,520,merged,0
69,2.300,1780168745,G19,64,521,ok,0
69,2.300,1780168745,G20,64,521,ok,0
69,2.300,1780168745,G24,-6,364,ok,0
69,2.300,1780168745,G14,531,483,ok,0
69,2.300,1780168745,G18,125,69,ok,0
69,2.300,1780168745,D10,408,715,ok,1
69,2.300,1780168745,D1,154,684,ok,1
69,2.300,1780168745,D9,246,867,ok,1
69,2.300,1780168745,D8,264,663,ok,1
69,2.300,1780168745,D2,265,630,ok,1
69,2.300,1780168745,D5,0,590,ok,0
69,2.300,1780168745,D11,0,590,ok,0
69,2.300,1780168745,D7,0,882,ok,0
69,2.300,1780168745,D6,0,589,ok,0
69,2.300,1780168745,G23,64,521,interpolated,0
70,2.333,1780168745,G1,213,361,ok,1
70,2.333,1780168745,G2,337,190,ok,1
70,2.333,1780168745,G4,432,270,ok,1
70,2.333,1780168745,G6,169,92,ok,0
70,2.333,1780168745,G3,135,201,ok,1
70,2.333,1780168745,G8,198,119,ok,0
70,2.333,1780168745,G7,249,99,ok,0
70,2.333,1780168745,G11,180,176,ok,1
70,2.333,1780168745,G16,133,136,ok,1
70,2.333,1780168745,G9,228,96,ok,0
70,2.333,1780168745,G12,273,81,ok,0
70,2.333,1780168745,G10,438,143,ok,1
70,2.333,1780168745,G15,522,503,ok,0
70,2.333,1780168745,G22,-16,313,ok,0
70,2.333,1780168745,G24,-6,364,ok,0
70,2.333,1780168745,G14,531,483,ok,0
70,2.333,1780168745,D4,62,519,ok,0
70,2.333,1780168745,D2,266,630,ok,1
70,2.333,1780168745,D1,154,684,ok,1
70,2.333,1780168745,D10,409,717,ok,1
70,2.333,1780168745,D9,245,867,ok,1
70,2.333,1780168745,D5,0,590,ok,0
70,2.333,1780168745,D11,0,590,ok,0
70,2.333,1780168745,D7,0,882,ok,0
70,2.333,1780168745,D6,0,590,ok,0
70,2.333,1780168745,G5,62,520,interpolated,0
70,2.333,1780168745,G13,100,80,interpolated,0
70,2.333,1780168745,D8,264,663,interpolated,1
70,2.333,1780168745,G19,64,521,interpolated,0
70,2.333,1780168745,G20,64,521,interpolated,0
70,2.333,1780168745,G18,125,69,interpolated,0
70,2.333,1780168745,G23,64,521,interpolated,0
71,2.367,1780168745,G1,213,359,ok,1
71,2.367,1780168745,G2,333,189,ok,1
71,2.367,1780168745,G4,431,276,ok,1
71,2.367,1780168745,G6,169,92,ok,0
71,2.367,1780168745,G11,179,176,ok,1
71,2.367,1780168745,G8,198,118,ok,0
71,2.367,1780168745,G7,249,99,ok,0
71,2.367,1780168745,G3,135,200,ok,1
71,2.367,1780168745,G16,132,137,ok,1
71,2.367,1780168745,G9,228,96,ok,0
71,2.367,1780168745,G12,273,81,ok,0
71,2.367,1780168745,G15,522,503,ok,0
71,2.367,1780168745,G10,440,145,ok,1
71,2.367,1780168745,G22,-16,313,ok,0
71,2.367,1780168745,G24,-6,364,ok,0
71,2.367,1780168745,G14,531,483,ok,0
71,2.367,1780168745,D4,62,519,ok,0
71,2.367,1780168745,D2,267,630,ok,1
71,2.367,1780168745,D1,155,685,ok,1
71,2.367,1780168745,D10,410,719,ok,1
71,2.367,1780168745,D9,241,867,ok,1
71,2.367,1780168745,D5,0,590,ok,0
71,2.367,1780168745,D7,0,882,ok,0
71,2.367,1780168745,D6,0,589,ok,0
71,2.367,1780168745,G5,62,520,interpolated,0
71,2.367,1780168745,G13,100,80,interpolated,0
71,2.367,1780168745,D8,264,663,interpolated,1
71,2.367,1780168745,G19,64,521,interpolated,0
71,2.367,1780168745,G20,64,521,interpolated,0
71,2.367,1780168745,G18,125,69,interpolated,0
71,2.367,1780168745,G23,64,521,interpolated,0
71,2.367,1780168745,D11,0,590,interpolated,0
72,2.400,1780168745,G1,212,354,ok,1
72,2.400,1780168745,G4,431,280,ok,1
72,2.400,1780168745,G6,169,92,ok,0
72,2.400,1780168745,G2,330,190,ok,1
72,2.400,1780168745,G7,249,99,ok,0
72,2.400,1780168745,G8,198,118,ok,0
72,2.400,1780168745,G11,178,176,ok,1
72,2.400,1780168745,G3,134,201,ok,1
72,2.400,1780168745,G9,227,96,ok,0
72,2.400,1780168745,G16,132,138,ok,1
72,2.400,1780168745,G12,272,81,ok,0
72,2.400,1780168745,G10,441,146,ok,1
72,2.400,1780168745,G14,531,482,ok,0
72,2.400,1780168745,G15,521,503,ok,0
72,2.400,1780168745,G18,125,66,ok,0
72,2.400,1780168745,G24,-5,365,ok,0
72,2.400,1780168745,D2,268,629,ok,1
72,2.400,1780168745,D4,62,519,ok,0
72,2.400,1780168745,D10,410,719,ok,1
72,2.400,1780168745,D1,156,687,ok,1
72,2.400,1780168745,D9,237,868,ok,0
72,2.400,1780168745,D7,0,882,ok,0
72,2.400,1780168745,D5,0,590,ok,0
72,2.400,1780168745,D11,0,590,ok,0
72,2.400,1780168745,G5,62,520,interpolated,0
72,2.400,1780168745,G13,100,80,interpolated,0
72,2.400,1780168745,D6,0,589,interpolated,0
72,2.400,1780168745,D8,264,663,interpolated,1
72,2.400,1780168745,G19,64,521,interpolated,0
72,2.400,1780168745,G20,64,521,interpolated,0
72,2.400,1780168745,G22,-16,313,interpolated,0
72,2.400,1780168745,G23,64,521,interpolated,0
73,2.433,1780168745,G1,212,354,ok,1
73,2.433,1780168745,G4,431,280,ok,1
73,2.433,1780168745,G6,169,92,ok,0
73,2.433,1780168745,G2,330,190,ok,1
73,2.433,1780168745,G7,249,99,ok,0
73,2.433,1780168745,G8,198,118,ok,0
73,2.433,1780168745,G11,178,176,ok,1
73,2.433,1780168745,G3,134,201,ok,1
73,2.433,1780168745,G9,227,96,ok,0
73,2.433,1780168745,G16,132,138,ok,1
73,2.433,1780168745,G12,272,81,ok,0
73,2.433,1780168745,G10,441,146,ok,1
73,2.433,1780168745,G15,521,503,ok,0
73,2.433,1780168745,G14,531,483,ok,0
73,2.433,1780168745,G18,125,66,ok,0
73,2.433,1780168745,D2,268,629,ok,1
73,2.433,1780168745,D4,62,519,ok,0
73,2.433,1780168745,D10,410,719,ok,1
73,2.433,1780168745,D1,156,687,ok,1
73,2.433,1780168745,D9,237,868,ok,0
73,2.433,1780168745,D7,0,882,ok,0
73,2.433,1780168745,D5,0,590,ok,0
73,2.433,1780168745,D6,-1,591,ok,0
73,2.433,1780168745,D11,0,590,ok,0
73,2.433,1780168745,G5,62,520,interpolated,0
73,2.433,1780168745,G13,100,80,interpolated,0
73,2.433,1780168745,D8,264,663,interpolated,1
73,2.433,1780168745,G19,64,521,interpolated,0
73,2.433,1780168745,G20,64,521,interpolated,0
73,2.433,1780168745,G22,-16,313,interpolated,0
73,2.433,1780168745,G23,64,521,interpolated,0
73,2.433,1780168745,G24,-5,365,interpolated,0
74,2.467,1780168745,G1,210,348,ok,1
74,2.467,1780168745,G4,431,285,ok,1
74,2.467,1780168745,G2,327,190,ok,1
74,2.467,1780168745,G6,169,93,ok,0
74,2.467,1780168745,G8,198,119,ok,0
74,2.467,1780168745,G3,133,202,ok,1
74,2.467,1780168745,G11,176,176,ok,1
74,2.467,1780168745,G7,249,99,ok,0
74,2.467,1780168745,G9,227,96,ok,0
74,2.467,1780168745,G16,132,138,ok,1
74,2.467,1780168745,G12,272,81,ok,0
74,2.467,1780168745,G10,442,146,ok,1
74,2.467,1780168745,G13,92,81,ok,0
74,2.467,1780168745,G18,126,72,ok,0
74,2.467,1780168745,G15,521,504,ok,0
74,2.467,1780168745,D2,269,629,ok,1
74,2.467,1780168745,D4,62,520,ok,0
74,2.467,1780168745,D10,410,720,ok,1
74,2.467,1780168745,D1,157,687,ok,1
74,2.467,1780168745,D9,235,868,ok,0
74,2.467,1780168745,D7,0,882,ok,0
74,2.467,1780168745,D11,0,589,ok,0
74,2.467,1780168745,D5,0,590,ok,0
74,2.467,1780168745,G5,62,520,interpolated,0
74,2.467,1780168745,G14,531,483,interpolated,0
74,2.467,1780168745,D6,-1,591,interpolated,0
74,2.467,1780168745,D8,264,663,interpolated,1
74,2.467,1780168745,G19,64,521,interpolated,0
74,2.467,1780168745,G20,64,521,interpolated,0
74,2.467,1780168745,G22,-16,313,interpolated,0
74,2.467,1780168745,G23,64,521,interpolated,0
74,2.467,1780168745,G24,-5,365,interpolated,0
75,2.500,1780168745,G1,208,343,ok,1
75,2.500,1780168745,G4,431,288,ok,1
75,2.500,1780168745,G2,326,189,ok,1
75,2.500,1780168745,G6,169,93,ok,0
75,2.500,1780168745,G3,133,204,ok,1
75,2.500,1780168745,G8,198,119,ok,0
75,2.500,1780168745,G11,175,176,ok,1
75,2.500,1780168745,G7,249,99,ok,0
75,2.500,1780168745,G16,131,138,ok,1
75,2.500,1780168745,G9,227,96,ok,0
75,2.500,1780168745,G12,272,81,ok,0
75,2.500,1780168745,G10,442,146,ok,1
75,2.500,1780168745,G13,93,81,ok,0
75,2.500,1780168745,G18,128,77,ok,0
75,2.500,1780168745,G24,-6,364,ok,0
75,2.500,1780168745,G15,520,506,ok,0
75,2.500,1780168745,G14,522,502,ok,0
75,2.500,1780168745,D2,269,629,ok,1
75,2.500,1780168745,D10,409,720,ok,1
75,2.500,1780168745,D4,62,521,ok,0
75,2.500,1780168745,D1,158,687,ok,1
75,2.500,1780168745,D9,232,868,ok,0
75,2.500,1780168745,D7,0,882,ok,0
75,2.500,1780168745,D11,0,589,ok,0
75,2.500,1780168745,D5,0,590,ok,0
75,2.500,1780168745,G5,62,520,interpolated,0
75,2.500,1780168745,D6,-1,591,interpolated,0
75,2.500,1780168745,D8,264,663,interpolated,1
75,2.500,1780168745,G19,64,521,interpolated,0
75,2.500,1780168745,G20,64,521,interpolated,0
75,2.500,1780168745,G22,-16,313,interpolated,0
75,2.500,1780168745,G23,64,521,interpolated,0
76,2.533,1780168745,G1,207,342,ok,1
76,2.533,1780168745,G4,431,290,ok,1
76,2.533,1780168745,G6,169,93,ok,0
76,2.533,1780168745,G2,327,188,ok,1
76,2.533,1780168745,G11,174,176,ok,1
76,2.533,1780168745,G3,133,206,ok,1
76,2.533,1780168745,G8,198,119,ok,0
76,2.533,1780168745,G7,249,99,ok,0
76,2.533,1780168745,G16,131,138,ok,1
76,2.533,1780168745,G9,227,96,ok,0
76,2.533,1780168745,G12,272,81,ok,0
76,2.533,1780168745,G10,443,146,ok,1
76,2.533,1780168745,G13,93,81,ok,0
76,2.533,1780168745,G18,128,78,ok,0
76,2.533,1780168745,G15,520,506,ok,0
76,2.533,1780168745,G24,-6,364,ok,0
76,2.533,1780168745,D2,269,629,ok,1
76,2.533,1780168745,D4,61,522,ok,0
76,2.533,1780168745,D10,408,719,ok,1
76,2.533,1780168745,D1,159,687,ok,1
76,2.533,1780168745,D9,230,868,ok,0
76,2.533,1780168745,D7,0,882,ok,0
76,2.533,1780168745,D11,0,589,ok,0
76,2.533,1780168745,D5,-1,590,ok,0
76,2.533,1780168745,G5,62,520,interpolated,0
76,2.533,1780168745,G14,522,502,interpolated,0
76,2.533,1780168745,D6,-1,591,interpolated,0
76,2.533,1780168745,D8,264,663,interpolated,1
76,2.533,1780168745,G19,64,521,interpolated,0
76,2.533,1780168745,G20,64,521,interpolated,0
76,2.533,1780168745,G22,-16,313,interpolated,0
76,2.533,1780168745,G23,64,521,interpolated,0
77,2.567,1780168745,G1,206,341,ok,1
77,2.567,1780168745,G4,430,290,ok,1
77,2.567,1780168745,G2,324,188,ok,1
77,2.567,1780168745,G6,169,93,ok,0
77,2.567,1780168745,G11,173,180,ok,1
77,2.567,1780168745,G3,132,206,ok,1
77,2.567,1780168745,G8,198,119,ok,0
77,2.567,1780168745,G7,249,99,ok,0
77,2.567,1780168745,G9,227,96,ok,0
77,2.567,1780168745,G12,272,81,ok,0
77,2.567,1780168745,G16,131,138,ok,1
77,2.567,1780168745,G10,444,145,ok,1
77,2.567,1780168745,G13,93,81,ok,0
77,2.567,1780168745,G18,129,79,ok,0
77,2.567,1780168745,G24,-6,364,ok,0
77,2.567,1780168745,D2,269,629,ok,1
77,2.567,1780168745,D4,61,523,ok,0
77,2.567,1780168745,D10,408,717,ok,1
77,2.567,1780168745,D1,159,687,ok,1
77,2.567,1780168745,D9,228,867,ok,1
77,2.567,1780168745,D7,0,882,ok,0
77,2.567,1780168745,D11,0,589,ok,0
77,2.567,1780168745,D5,0,590,ok,0
77,2.567,1780168745,G5,62,520,interpolated,0
77,2.567,1780168745,G14,522,502,interpolated,0
77,2.567,1780168745,D6,-1,591,interpolated,0
77,2.567,1780168745,D8,264,663,interpolated,1
77,2.567,1780168745,G19,64,521,interpolated,0
77,2.567,1780168745,G20,64,521,interpolated,0
77,2.567,1780168745,G15,520,506,interpolated,0
77,2.567,1780168745,G22,-16,313,interpolated,0
77,2.567,1780168745,G23,64,521,interpolated,0
78,2.600,1780168745,G1,206,341,ok,1
78,2.600,1780168745,G4,429,289,ok,1
78,2.600,1780168745,G2,323,188,ok,1
78,2.600,1780168745,G6,169,94,ok,0
78,2.600,1780168745,G3,132,208,ok,1
78,2.600,1780168745,G11,173,185,ok,1
78,2.600,1780168745,G8,198,119,ok,0
78,2.600,1780168745,G7,249,99,ok,0
78,2.600,1780168745,G12,272,81,ok,0
78,2.600,1780168745,G16,131,138,ok,1
78,2.600,1780168745,G9,227,96,ok,0
78,2.600,1780168745,G10,444,146,ok,1
78,2.600,1780168745,D2,269,629,ok,1
78,2.600,1780168745,D1,160,687,ok,1
78,2.600,1780168745,D10,407,715,ok,1
78,2.600,1780168745,D4,61,525,ok,0
78,2.600,1780168745,D9,226,869,ok,0
78,2.600,1780168745,D7,0,882,ok,0
78,2.600,1780168745,D11,0,589,ok,0
78,2.600,1780168745,D5,0,590,ok,0
78,2.600,1780168745,D6,0,590,ok,0
78,2.600,1780168745,G5,62,520,interpolated,0
78,2.600,1780168745,G13,93,81,interpolated,0
78,2.600,1780168745,G14,522,502,interpolated,0
78,2.600,1780168745,D8,264,663,interpolated,1
78,2.600,1780168745,G19,64,521,interpolated,0
78,2.600,1780168745,G20,64,521,interpolated,0
78,2.600,1780168745,G15,520,506,interpolated,0
78,2.600,1780168745,G18,129,79,interpolated,0
78,2.600,1780168745,G22,-16,313,interpolated,0
78,2.600,1780168745,G23,64,521,interpolated,0
78,2.600,1780168745,G24,-6,364,interpolated,0
79,2.633,1780168745,G1,206,341,ok,1
79,2.633,1780168745,G4,429,289,ok,1
79,2.633,1780168745,G2,323,188,ok,1
79,2.633,1780168745,G6,169,94,ok,0
79,2.633,1780168745,G3,132,208,ok,1
79,2.633,1780168745,G11,173,185,ok,1
79,2.633,1780168745,G8,198,119,ok,0
79,2.633,1780168745,G7,249,99,ok,0
79,2.633,1780168745,G12,272,81,ok,0
79,2.633,1780168745,G9,227,96,ok,0
79,2.633,1780168745,G16,131,138,ok,1
79,2.633,1780168745,G10,444,146,ok,1
79,2.633,1780168745,D2,269,629,ok,1
79,2.633,1780168745,D1,160,687,ok,1
79,2.633,1780168745,D10,407,715,ok,1
79,2.633,1780168745,D4,61,525,ok,0
79,2.633,1780168745,D9,226,869,ok,0
79,2.633,1780168745,D7,0,882,ok,0
79,2.633,1780168745,D11,0,589,ok,0
79,2.633,1780168745,D5,0,590,ok,0
79,2.633,1780168745,D6,0,590,ok,0
79,2.633,1780168745,G5,62,520,interpolated,0
79,2.633,1780168745,G13,93,81,interpolated,0
79,2.633,1780168745,G14,522,502,interpolated,0
79,2.633,1780168745,D8,264,663,interpolated,1
79,2.633,1780168745,G19,64,521,interpolated,0
79,2.633,1780168745,G20,64,521,interpolated,0
79,2.633,1780168745,G15,520,506,interpolated,0
79,2.633,1780168745,G18,129,79,interpolated,0
79,2.633,1780168745,G22,-16,313,interpolated,0
79,2.633,1780168745,G24,-6,364,interpolated,0
80,2.667,1780168745,G1,206,341,ok,1
80,2.667,1780168745,G4,429,289,ok,1
80,2.667,1780168745,G2,321,183,ok,1
80,2.667,1780168745,G6,169,94,ok,0
80,2.667,1780168745,G8,198,119,ok,0
80,2.667,1780168745,G11,172,187,ok,1
80,2.667,1780168745,G7,249,99,ok,0
80,2.667,1780168745,G16,131,139,ok,1
80,2.667,1780168745,G12,271,81,ok,0
80,2.667,1780168745,G9,227,96,ok,0
80,2.667,1780168745,G3,132,208,ok,1
80,2.667,1780168745,G10,444,146,ok,1
80,2.667,1780168745,G13,104,82,ok,0
80,2.667,1780168745,G14,522,502,ok,0
80,2.667,1780168745,G15,520,506,ok,0
80,2.667,1780168745,D2,271,629,ok,1
80,2.667,1780168745,D4,59,527,ok,0
80,2.667,1780168745,D1,162,687,ok,1
80,2.667,1780168745,D10,405,715,ok,1
80,2.667,1780168745,D9,224,865,ok,1
80,2.667,1780168745,D7,0,882,ok,0
80,2.667,1780168745,D11,0,589,ok,0
80,2.667,1780168745,D5,0,590,ok,0
80,2.667,1780168745,D6,0,590,interpolated,0
80,2.667,1780168745,G18,129,79,interpolated,0
80,2.667,1780168745,G22,-16,313,interpolated,0
80,2.667,1780168745,G24,-6,364,interpolated,0
81,2.700,1780168745,G4,428,289,ok,1
81,2.700,1780168745,G1,205,340,ok,1
81,2.700,1780168745,G2,318,176,ok,1
81,2.700,1780168745,G6,169,94,ok,0
81,2.700,1780168745,G11,171,189,ok,1
81,2.700,1780168745,G8,198,119,ok,0
81,2.700,1780168745,G7,249,99,ok,0
81,2.700,1780168745,G16,130,139,ok,1
81,2.700,1780168745,G3,132,210,ok,1
81,2.700,1780168745,G12,271,81,ok,0
81,2.700,1780168745,G9,227,96,ok,0
81,2.700,1780168745,G10,444,146,ok,1
81,2.700,1780168745,G13,105,82,ok,0
81,2.700,1780168745,G14,522,502,ok,0
81,2.700,1780168745,G15,529,487,ok,0
81,2.700,1780168745,D2,273,628,ok,1
81,2.700,1780168745,D4,59,530,ok,0
81,2.700,1780168745,D1,165,687,ok,1
81,2.700,1780168745,D10,404,715,ok,1
81,2.700,1780168745,D9,221,865,ok,1
81,2.700,1780168745,D7,0,882,ok,0
81,2.700,1780168745,D11,0,589,ok,0
81,2.700,1780168745,D5,0,590,ok,0
81,2.700,1780168745,D6,0,590,ok,0
81,2.700,1780168745,G18,129,79,interpolated,0
81,2.700,1780168745,G22,-16,313,interpolated,0
81,2.700,1780168745,G24,-6,364,interpolated,0
82,2.733,1780168745,G4,427,289,ok,1
82,2.733,1780168745,G1,204,339,ok,1
82,2.733,1780168745,G2,316,169,ok,1
82,2.733,1780168745,G6,169,94,ok,0
82,2.733,1780168745,G16,130,139,ok,1
82,2.733,1780168745,G11,171,191,ok,1
82,2.733,1780168745,G8,198,119,ok,0
82,2.733,1780168745,G7,249,99,ok,0
82,2.733,1780168745,G3,131,211,ok,1
82,2.733,1780168745,G9,227,96,ok,0
82,2.733,1780168745,G12,271,81,ok,0
82,2.733,1780168745,G10,444,147,ok,1
82,2.733,1780168745,G15,530,484,ok,0
82,2.733,1780168745,D1,167,687,ok,1
82,2.733,1780168745,D4,58,532,ok,0
82,2.733,1780168745,D10,404,714,ok,1
82,2.733,1780168745,D2,273,628,ok,1
82,2.733,1780168745,D9,219,861,ok,1
82,2.733,1780168745,D7,0,882,ok,0
82,2.733,1780168745,D8,272,661,ok,1
82,2.733,1780168745,D11,0,589,ok,0
82,2.733,1780168745,D5,-1,590,ok,0
82,2.733,1780168745,D6,-1,590,ok,0
82,2.733,1780168745,G13,105,82,interpolated,0
82,2.733,1780168745,G14,522,502,interpolated,0
82,2.733,1780168745,G18,129,79,interpolated,0
82,2.733,1780168745,G24,-6,364,interpolated,0
83,2.767,1780168745,G4,427,288,ok,1
83,2.767,1780168745,G1,204,336,ok,1
83,2.767,1780168745,G6,169,94,ok,0
83,2.767,1780168745,G16,130,139,ok,1
83,2.767,1780168745,G2,312,167,ok,1
83,2.767,1780168745,G11,172,195,ok,1
83,2.767,1780168745,G8,198,119,ok,0
83,2.767,1780168745,G7,249,99,ok,0
83,2.767,1780168745,G3,131,211,ok,1
83,2.767,1780168745,G12,271,81,ok,0
83,2.767,1780168745,G9,226,96,ok,0
83,2.767,1780168745,G10,444,147,ok,1
83,2.767,1780168745,G15,531,483,ok,0
83,2.767,1780168745,D1,169,688,ok,1
83,2.767,1780168745,D4,58,535,ok,0
83,2.767,1780168745,D10,404,715,ok,1
83,2.767,1780168745,D2,273,629,ok,1
83,2.767,1780168745,D9,218,862,ok,1
83,2.767,1780168745,D7,0,882,ok,0
83,2.767,1780168745,D5,-1,591,ok,0
83,2.767,1780168745,D8,273,661,ok,1
83,2.767,1780168745,D6,0,590,ok,0
83,2.767,1780168745,D11,0,590,ok,0
83,2.767,1780168745,G13,105,82,interpolated,0
83,2.767,1780168745,G14,522,502,interpolated,0
83,2.767,1780168745,G18,129,79,interpolated,0
83,2.767,1780168745,G24,-6,364,interpolated,0
84,2.800,1780168745,G4,426,288,ok,1
84,2.800,1780168745,G11,171,196,ok,1
84,2.800,1780168745,G1,202,333,ok,1
84,2.800,1780168745,G6,169,94,ok,0
84,2.800,1780168745,G16,130,139,ok,1
84,2.800,1780168745,G2,310,162,ok,1
84,2.800,1780168745,G8,198,119,ok,0
84,2.800,1780168745,G7,249,99,ok,0
84,2.800,1780168745,G3,131,211,ok,1
84,2.800,1780168745,G12,271,80,ok,0
84,2.800,1780168745,G9,226,96,ok,0
84,2.800,1780168745,G10,444,147,ok,1
84,2.800,1780168745,G15,530,484,ok,0
84,2.800,1780168745,D4,59,535,ok,0
84,2.800,1780168745,D1,170,688,ok,1
84,2.800,1780168745,D10,404,715,ok,1
84,2.800,1780168745,D2,274,630,ok,1
84,2.800,1780168745,D9,217,863,ok,1
84,2.800,1780168745,D7,0,881,ok,0
84,2.800,1780168745,D5,-1,591,ok,0
84,2.800,1780168745,D6,-1,591,ok,0
84,2.800,1780168745,G13,105,82,interpolated,0
84,2.800,1780168745,G14,522,502,interpolated,0
84,2.800,1780168745,G18,129,79,interpolated,0
84,2.800,1780168745,G24,-6,364,interpolated,0
84,2.800,1780168745,D11,0,590,interpolated,0
84,2.800,1780168745,D8,273,661,interpolated,1
85,2.833,1780168745,G4,426,288,ok,1
85,2.833,1780168745,G11,171,196,ok,1
85,2.833,1780168745,G1,202,333,ok,1
85,2.833,1780168745,G6,169,94,ok,0
85,2.833,1780168745,G16,130,139,ok,1
85,2.833,1780168745,G2,310,162,ok,1
85,2.833,1780168745,G8,198,119,ok,0
85,2.833,1780168745,G7,249,99,ok,0
85,2.833,1780168745,G3,131,211,ok,1
85,2.833,1780168745,G12,271,80,ok,0
85,2.833,1780168745,G9,226,96,ok,0
85,2.833,1780168745,G10,444,147,ok,1
85,2.833,1780168745,G15,530,484,ok,0
85,2.833,1780168745,D4,59,535,ok,0
85,2.833,1780168745,D1,170,688,ok,1
85,2.833,1780168745,D10,404,715,ok,1
85,2.833,1780168745,D2,274,630,ok,1
85,2.833,1780168745,D9,217,863,ok,1
85,2.833,1780168745,D7,0,881,ok,0
85,2.833,1780168745,D5,-1,591,ok,0
85,2.833,1780168745,D6,-1,591,ok,0
85,2.833,1780168745,D8,273,662,ok,1
85,2.833,1780168745,G13,105,82,interpolated,0
85,2.833,1780168745,G14,522,502,interpolated,0
85,2.833,1780168745,G18,129,79,interpolated,0
85,2.833,1780168745,G24,-6,364,interpolated,0
85,2.833,1780168745,D11,0,590,interpolated,0
86,2.867,1780168745,G4,424,292,ok,1
86,2.867,1780168745,G11,170,196,ok,1
86,2.867,1780168745,G1,201,325,ok,1
86,2.867,1780168745,G6,170,94,ok,0
86,2.867,1780168745,G2,307,160,ok,1
86,2.867,1780168745,G16,130,139,ok,1
86,2.867,1780168745,G8,198,119,ok,0
86,2.867,1780168745,G7,249,99,ok,0
86,2.867,1780168745,G3,129,211,ok,1
86,2.867,1780168745,G9,226,96,ok,0
86,2.867,1780168745,G12,271,81,ok,0
86,2.867,1780168745,G10,443,147,ok,1
86,2.867,1780168745,G15,530,484,ok,0
86,2.867,1780168745,D4,60,535,ok,0
86,2.867,1780168745,D2,275,630,ok,1
86,2.867,1780168745,D1,171,688,ok,1
86,2.867,1780168745,D10,404,716,ok,1
86,2.867,1780168745,D9,217,863,ok,1
86,2.867,1780168745,D7,0,882,ok,0
86,2.867,1780168745,D5,-1,591,ok,0
86,2.867,1780168745,D6,-1,591,ok,0
86,2.867,1780168745,D11,0,588,ok,0
86,2.867,1780168745,D12,-16,616,ok,0
86,2.867,1780168745,G13,105,82,interpolated,0
86,2.867,1780168745,G14,522,502,interpolated,0
86,2.867,1780168745,G18,129,79,interpolated,0
86,2.867,1780168745,G24,-6,364,interpolated,0
86,2.867,1780168745,D8,273,662,interpolated,1
87,2.900,1780168745,G4,423,295,ok,1
87,2.900,1780168745,G1,201,325,ok,1
87,2.900,1780168745,G11,169,196,ok,1
87,2.900,1780168745,G6,170,94,ok,0
87,2.900,1780168745,G16,130,139,ok,1
87,2.900,1780168745,G3,129,211,ok,1
87,2.900,1780168745,G8,198,119,ok,0
87,2.900,1780168745,G7,249,99,ok,0
87,2.900,1780168745,G9,227,96,ok,0
87,2.900,1780168745,G2,307,160,ok,1
87,2.900,1780168745,G12,272,81,ok,0
87,2.900,1780168745,G10,443,148,ok,1
87,2.900,1780168745,G18,304,160,ok,1
87,2.900,1780168745,D4,60,535,ok,0
87,2.900,1780168745,D1,171,689,ok,1
87,2.900,1780168745,D2,275,630,ok,1
87,2.900,1780168745,D10,404,716,ok,1
87,2.900,1780168745,D9,217,858,ok,1
87,2.900,1780168745,D7,0,882,ok,0
87,2.900,1780168745,D5,-1,591,ok,0
87,2.900,1780168745,D6,-1,590,ok,0
87,2.900,1780168745,D12,-8,619,ok,0
87,2.900,1780168745,G13,105,82,interpolated,0
87,2.900,1780168745,G14,522,502,interpolated,0
87,2.900,1780168745,G15,530,484,interpolated,0
87,2.900,1780168745,G24,-6,364,interpolated,0
87,2.900,1780168745,D11,0,588,interpolated,0
87,2.900,1780168745,D8,273,662,interpolated,1
88,2.933,1780168745,G4,420,299,ok,1
88,2.933,1780168745,G1,200,321,ok,1
88,2.933,1780168745,G11,167,195,ok,1
88,2.933,1780168745,G3,127,211,ok,1
88,2.933,1780168745,G6,170,94,ok,0
88,2.933,1780168745,G8,198,119,ok,0
88,2.933,1780168745,G16,130,139,ok,1
88,2.933,1780168745,G7,249,99,ok,0
88,2.933,1780168745,G9,227,96,ok,0
88,2.933,1780168745,G12,272,80,ok,0
88,2.933,1780168745,G18,304,157,ok,1
88,2.933,1780168745,G10,443,149,ok,1
88,2.933,1780168745,D4,61,535,ok,0
88,2.933,1780168745,D1,172,690,ok,1
88,2.933,1780168745,D10,404,716,ok,1
88,2.933,1780168745,D2,276,631,ok,1
88,2.933,1780168745,D9,217,861,ok,1
88,2.933,1780168745,D7,0,882,ok,0
88,2.933,1780168745,D5,-1,591,ok,0
88,2.933,1780168745,D6,-1,591,ok,0
88,2.933,1780168745,G2,307,160,interpolated,1
88,2.933,1780168745,G13,105,82,interpolated,0
88,2.933,1780168745,G14,522,502,interpolated,0
88,2.933,1780168745,G15,530,484,interpolated,0
88,2.933,1780168745,D11,0,588,interpolated,0
88,2.933,1780168745,D8,273,662,interpolated,1
88,2.933,1780168745,D12,-8,619,interpolated,0
89,2.967,1780168745,G4,420,300,ok,1
89,2.967,1780168745,G1,200,321,ok,1
89,2.967,1780168745,G11,166,196,ok,1
89,2.967,1780168745,G6,170,94,ok,0
89,2.967,1780168745,G3,126,211,ok,1
89,2.967,1780168745,G16,130,139,ok,1
89,2.967,1780168745,G8,198,119,ok,0
89,2.967,1780168745,G7,249,99,ok,0
89,2.967,1780168745,G9,227,96,ok,0
89,2.967,1780168745,G18,302,155,ok,1
89,2.967,1780168745,G12,272,80,ok,0
89,2.967,1780168745,G10,444,149,ok,1
89,2.967,1780168745,G2,299,156,ok,1
89,2.967,1780168745,D4,61,535,ok,0
89,2.967,1780168745,D10,404,717,ok,1
89,2.967,1780168745,D1,172,691,ok,1
89,2.967,1780168745,D2,277,632,ok,1
89,2.967,1780168745,D9,217,858,ok,1
89,2.967,1780168745,D8,277,667,ok,1
89,2.967,1780168745,D7,0,881,ok,0
89,2.967,1780168745,D6,-1,590,ok,0
89,2.967,1780168745,D5,-1,591,ok,0
89,2.967,1780168745,D11,-1,590,ok,0
89,2.967,1780168745,G13,105,82,interpolated,0
89,2.967,1780168745,G14,522,502,interpolated,0
89,2.967,1780168745,G15,530,484,interpolated,0
89,2.967,1780168745,D12,-8,619,interpolated,0
90,3.000,1780168746,G4,420,300,ok,1
90,3.000,1780168746,G1,200,322,ok,1
90,3.000,1780168746,G11,164,196,ok,1
90,3.000,1780168746,G6,170,94,ok,0
90,3.000,1780168746,G16,131,139,ok,1
90,3.000,1780168746,G3,124,211,ok,1
90,3.000,1780168746,G8,198,120,ok,0
90,3.000,1780168746,G7,249,99,ok,0
90,3.000,1780168746,G9,227,96,ok,0
90,3.000,1780168746,G18,301,156,ok,1
90,3.000,1780168746,G12,272,80,ok,0
90,3.000,1780168746,G2,299,154,ok,1
90,3.000,1780168746,G10,445,149,ok,1
90,3.000,1780168746,G13,131,77,ok,0
90,3.000,1780168746,D4,62,535,ok,0
90,3.000,1780168746,D10,404,718,ok,1
90,3.000,1780168746,D1,173,692,ok,1
90,3.000,1780168746,D2,277,634,ok,1
90,3.000,1780168746,D9,217,858,ok,1
90,3.000,1780168746,D7,0,882,ok,0
90,3.000,1780168746,D6,-1,590,ok,0
90,3.000,1780168746,D5,-1,591,ok,0
90,3.000,1780168746,D12,-18,621,ok,0
90,3.000,1780168746,D8,277,664,ok,1
90,3.000,1780168746,G14,522,502,interpolated,0
90,3.000,1780168746,G15,530,484,interpolated,0
90,3.000,1780168746,D11,-1,590,interpolated,0
91,3.033,1780168746,G4,420,300,ok,1
91,3.033,1780168746,G1,200,322,ok,1
91,3.033,1780168746,G11,164,196,ok,1
91,3.033,1780168746,G6,170,94,ok,0
91,3.033,1780168746,G16,131,139,ok,1
91,3.033,1780168746,G3,124,211,ok,1
91,3.033,1780168746,G8,198,120,ok,0
91,3.033,1780168746,G7,249,99,ok,0
91,3.033,1780168746,G9,227,96,ok,0
91,3.033,1780168746,G18,301,156,ok,1
91,3.033,1780168746,G12,272,80,ok,0
91,3.033,1780168746,G2,299,154,ok,1
91,3.033,1780168746,G10,445,148,ok,1
91,3.033,1780168746,G13,131,77,ok,0
91,3.033,1780168746,D4,61,535,ok,0
91,3.033,1780168746,D10,404,718,ok,1
91,3.033,1780168746,D1,173,692,ok,1
91,3.033,1780168746,D2,277,634,ok,1
91,3.033,1780168746,D9,217,858,ok,1
91,3.033,1780168746,D7,0,882,ok,0
91,3.033,1780168746,D11,0,590,ok,0
91,3.033,1780168746,D6,-1,590,ok,0
91,3.033,1780168746,D8,277,665,ok,1
91,3.033,1780168746,D12,-18,621,ok,0
91,3.033,1780168746,G14,522,502,interpolated,0
91,3.033,1780168746,D5,-1,591,interpolated,0
91,3.033,1780168746,G15,530,484,interpolated,0
92,3.067,1780168746,G1,200,322,ok,1
92,3.067,1780168746,G4,418,300,ok,1
92,3.067,1780168746,G11,163,200,ok,1
92,3.067,1780168746,G16,131,139,ok,1
92,3.067,1780168746,G6,170,94,ok,0
92,3.067,1780168746,G7,249,99,ok,0
92,3.067,1780168746,G8,198,120,ok,0
92,3.067,1780168746,G3,122,211,ok,1
92,3.067,1780168746,G9,228,96,ok,0
92,3.067,1780168746,G2,293,158,ok,1
92,3.067,1780168746,G12,272,79,ok,0
92,3.067,1780168746,G10,445,149,ok,1
92,3.067,1780168746,D2,278,636,ok,1
92,3.067,1780168746,D4,62,535,ok,0
92,3.067,1780168746,D1,174,693,ok,1
92,3.067,1780168746,D10,404,719,ok,1
92,3.067,1780168746,D9,216,859,ok,1
92,3.067,1780168746,D7,0,882,ok,0
92,3.067,1780168746,D11,0,590,ok,0
92,3.067,1780168746,D6,-1,590,ok,0
92,3.067,1780168746,D12,-19,622,ok,0
92,3.067,1780168746,G13,131,77,interpolated,0
92,3.067,1780168746,D5,-1,591,interpolated,0
92,3.067,1780168746,G15,530,484,interpolated,0
92,3.067,1780168746,G18,301,156,interpolated,1
92,3.067,1780168746,D8,277,665,interpolated,1
93,3.100,1780168746,G1,200,323,ok,1
93,3.100,1780168746,G4,417,300,ok,1
93,3.100,1780168746,G11,164,205,ok,1
93,3.100,1780168746,G6,170,94,ok,0
93,3.100,1780168746,G16,130,139,ok,1
93,3.100,1780168746,G8,198,120,ok,0
93,3.100,1780168746,G7,249,99,ok,0
93,3.100,1780168746,G2,291,158,ok,1
93,3.100,1780168746,G3,121,211,ok,1
93,3.100,1780168746,G9,228,96,ok,0
93,3.100,1780168746,G12,272,79,ok,0
93,3.100,1780168746,G10,447,148,ok,1
93,3.100,1780168746,G14,-12,348,ok,0
93,3.100,1780168746,D4,62,535,ok,0
93,3.100,1780168746,D2,279,640,ok,1
93,3.100,1780168746,D10,404,720,ok,1
93,3.100,1780168746,D1,174,695,ok,1
93,3.100,1780168746,D9,215,860,ok,1
93,3.100,1780168746,D7,0,882,ok,0
93,3.100,1780168746,D11,0,590,ok,0
93,3.100,1780168746,D5,-1,591,ok,0
93,3.100,1780168746,D12,-18,621,ok,0
93,3.100,1780168746,G13,131,77,interpolated,0
93,3.100,1780168746,D6,-1,590,interpolated,0
93,3.100,1780168746,G15,530,484,interpolated,0
93,3.100,1780168746,G18,301,156,interpolated,1
93,3.100,1780168746,D8,277,665,interpolated,1
94,3.133,1780168746,G1,201,322,ok,1
94,3.133,1780168746,G4,416,301,ok,1
94,3.133,1780168746,G11,163,209,ok,1
94,3.133,1780168746,G6,170,94,ok,0
94,3.133,1780168746,G16,130,139,ok,1
94,3.133,1780168746,G7,249,99,ok,0
94,3.133,1780168746,G8,198,120,ok,0
94,3.133,1780168746,G3,120,211,ok,1
94,3.133,1780168746,G2,288,156,ok,1
94,3.133,1780168746,G9,229,96,ok,0
94,3.133,1780168746,G12,271,79,ok,0
94,3.133,1780168746,G10,448,148,ok,1
94,3.133,1780168746,G13,131,77,ok,0
94,3.133,1780168746,G14,-12,348,ok,0
94,3.133,1780168746,D4,62,536,ok,0
94,3.133,1780168746,D2,280,644,ok,1
94,3.133,1780168746,D10,404,721,ok,1
94,3.133,1780168746,D1,174,697,ok,1
94,3.133,1780168746,D9,214,860,ok,1
94,3.133,1780168746,D7,0,882,ok,0
94,3.133,1780168746,D11,0,590,ok,0
94,3.133,1780168746,D5,-1,591,ok,0
94,3.133,1780168746,D12,-18,621,ok,0
94,3.133,1780168746,D6,-1,590,interpolated,0
94,3.133,1780168746,G15,530,484,interpolated,0
94,3.133,1780168746,G18,301,156,interpolated,1
94,3.133,1780168746,D8,277,665,interpolated,1
95,3.167,1780168746,G1,202,322,ok,1
95,3.167,1780168746,G4,416,299,ok,1
95,3.167,1780168746,G11,163,211,ok,1
95,3.167,1780168746,G6,170,94,ok,0
95,3.167,1780168746,G16,130,139,ok,1
95,3.167,1780168746,G3,120,211,ok,1
95,3.167,1780168746,G7,248,99,ok,0
95,3.167,1780168746,G8,198,120,ok,0
95,3.167,1780168746,G9,229,96,ok,0
95,3.167,1780168746,G12,271,79,ok,0
95,3.167,1780168746,G2,286,148,ok,1
95,3.167,1780168746,G10,449,148,ok,1
95,3.167,1780168746,D2,281,649,ok,1
95,3.167,1780168746,D4,62,537,ok,0
95,3.167,1780168746,D10,403,722,ok,1
95,3.167,1780168746,D1,175,697,ok,1
95,3.167,1780168746,D9,214,860,ok,1
95,3.167,1780168746,D7,0,882,ok,0
95,3.167,1780168746,D5,-1,591,ok,0
95,3.167,1780168746,D11,0,590,ok,0
95,3.167,1780168746,D12,-18,621,ok,0
95,3.167,1780168746,G13,131,77,interpolated,0
95,3.167,1780168746,D6,-1,590,interpolated,0
95,3.167,1780168746,G15,530,484,interpolated,0
95,3.167,1780168746,G18,301,156,interpolated,1
95,3.167,1780168746,D8,277,665,interpolated,1
95,3.167,1780168746,G14,-12,348,interpolated,0
96,3.200,1780168746,G4,415,301,ok,1
96,3.200,1780168746,G11,163,213,ok,1
96,3.200,1780168746,G1,202,323,ok,1
96,3.200,1780168746,G6,170,94,ok,0
96,3.200,1780168746,G16,130,139,ok,1
96,3.200,1780168746,G3,120,211,ok,1
96,3.200,1780168746,G7,248,99,ok,0
96,3.200,1780168746,G8,198,120,ok,0
96,3.200,1780168746,G9,229,96,ok,0
96,3.200,1780168746,G12,271,79,ok,0
96,3.200,1780168746,G2,286,147,ok,1
96,3.200,1780168746,G10,450,149,ok,1
96,3.200,1780168746,D4,62,538,ok,0
96,3.200,1780168746,D2,283,652,ok,1
96,3.200,1780168746,D10,403,725,ok,1
96,3.200,1780168746,D1,176,697,ok,1
96,3.200,1780168746,D9,213,859,ok,1
96,3.200,1780168746,D7,0,882,ok,0
96,3.200,1780168746,D5,-1,591,ok,0
96,3.200,1780168746,D11,0,590,ok,0
96,3.200,1780168746,D12,-18,621,ok,0
96,3.200,1780168746,G13,131,77,interpolated,0
96,3.200,1780168746,D6,-1,590,interpolated,0
96,3.200,1780168746,G15,530,484,interpolated,0
96,3.200,1780168746,G18,301,156,interpolated,1
96,3.200,1780168746,D8,277,665,interpolated,1
96,3.200,1780168746,G14,-12,348,interpolated,0
97,3.233,1780168746,G4,415,301,ok,1
97,3.233,1780168746,G11,163,213,ok,1
97,3.233,1780168746,G1,202,323,ok,1
97,3.233,1780168746,G6,170,94,ok,0
97,3.233,1780168746,G16,130,139,ok,1
97,3.233,1780168746,G3,120,211,ok,1
97,3.233,1780168746,G7,248,99,ok,0
97,3.233,1780168746,G8,198,120,ok,0
97,3.233,1780168746,G9,229,96,ok,0
97,3.233,1780168746,G12,271,79,ok,0
97,3.233,1780168746,G2,286,147,ok,1
97,3.233,1780168746,G10,450,149,ok,1
97,3.233,1780168746,D4,62,538,ok,0
97,3.233,1780168746,D2,283,652,ok,1
97,3.233,1780168746,D10,403,725,ok,1
97,3.233,1780168746,D1,176,697,ok,1
97,3.233,1780168746,D9,213,859,ok,1
97,3.233,1780168746,D7,0,882,ok,0
97,3.233,1780168746,D5,-1,591,ok,0
97,3.233,1780168746,D11,0,590,ok,0
97,3.233,1780168746,D12,-18,621,ok,0
97,3.233,1780168746,G13,131,77,interpolated,0
97,3.233,1780168746,D6,-1,590,interpolated,0
97,3.233,1780168746,G18,301,156,interpolated,1
97,3.233,1780168746,D8,277,665,interpolated,1
97,3.233,1780168746,G14,-12,348,interpolated,0
98,3.267,1780168746,G1,203,322,ok,1
98,3.267,1780168746,G4,414,304,ok,1
98,3.267,1780168746,G11,164,216,ok,1
98,3.267,1780168746,G6,170,94,ok,0
98,3.267,1780168746,G3,119,213,ok,1
98,3.267,1780168746,G16,130,139,ok,1
98,3.267,1780168746,G7,248,99,ok,0
98,3.267,1780168746,G8,198,120,ok,0
98,3.267,1780168746,G9,229,96,ok,0
98,3.267,1780168746,G2,284,145,ok,1
98,3.267,1780168746,G12,271,79,ok,0
98,3.267,1780168746,G13,86,67,ok,0
98,3.267,1780168746,G10,450,150,ok,1
98,3.267,1780168746,D2,284,653,ok,1
98,3.267,1780168746,D1,179,698,ok,1
98,3.267,1780168746,D4,61,541,ok,0
98,3.267,1780168746,D10,403,727,ok,1
98,3.267,1780168746,D9,212,858,ok,1
98,3.267,1780168746,D7,0,882,ok,0
98,3.267,1780168746,D6,-1,590,ok,0
98,3.267,1780168746,D11,0,590,ok,0
98,3.267,1780168746,D12,-19,622,ok,0
98,3.267,1780168746,D5,-1,591,interpolated,0
98,3.267,1780168746,G18,301,156,interpolated,1
98,3.267,1780168746,D8,277,665,interpolated,1
98,3.267,1780168746,G14,-12,348,interpolated,0
99,3.300,1780168746,G1,203,313,ok,1
99,3.300,1780168746,G4,414,306,ok,1
99,3.300,1780168746,G11,163,217,ok,1
99,3.300,1780168746,G6,170,94,ok,0
99,3.300,1780168746,G3,119,213,ok,1
99,3.300,1780168746,G16,130,139,ok,1
99,3.300,1780168746,G7,248,99,ok,0
99,3.300,1780168746,G8,198,120,ok,0
99,3.300,1780168746,G9,230,96,ok,0
99,3.300,1780168746,G2,281,145,ok,1
99,3.300,1780168746,G12,271,80,ok,0
99,3.300,1780168746,G10,451,150,ok,1
99,3.300,1780168746,D1,181,698,ok,1
99,3.300,1780168746,D4,61,542,ok,0
99,3.300,1780168746,D10,402,727,ok,1
99,3.300,1780168746,D2,284,652,ok,1
99,3.300,1780168746,D9,212,858,ok,1
99,3.300,1780168746,D7,0,882,ok,0
99,3.300,1780168746,D11,0,590,ok,0
99,3.300,1780168746,D6,0,590,ok,0
99,3.300,1780168746,D12,-19,623,ok,0
99,3.300,1780168746,G13,86,67,interpolated,0
99,3.300,1780168746,D5,-1,591,interpolated,0
99,3.300,1780168746,G18,301,156,interpolated,1
99,3.300,1780168746,D8,277,665,interpolated,1
99,3.300,1780168746,G14,-12,348,interpolated,0
100,3.333,1780168746,G4,411,307,ok,1
100,3.333,1780168746,G1,202,311,ok,1
100,3.333,1780168746,G11,163,217,ok,1
100,3.333,1780168746,G3,118,214,ok,1
100,3.333,1780168746,G6,170,94,ok,0
100,3.333,1780168746,G16,131,139,ok,1
100,3.333,1780168746,G7,248,99,ok,0
100,3.333,1780168746,G8,198,120,ok,0
100,3.333,1780168746,G9,229,96,ok,0
100,3.333,1780168746,G2,277,143,ok,1
100,3.333,1780168746,G12,271,78,ok,0
100,3.333,1780168746,G10,451,150,ok,1
100,3.333,1780168746,D2,286,652,ok,1
100,3.333,1780168746,D4,60,544,ok,0
100,3.333,1780168746,D1,184,698,ok,1
100,3.333,1780168746,D10,401,728,ok,1
100,3.333,1780168746,D9,212,858,ok,1
100,3.333,1780168746,D7,0,882,ok,0
100,3.333,1780168746,D6,0,590,ok,0
100,3.333,1780168746,D5,-1,591,ok,0
100,3.333,1780168746,D12,-19,622,ok,0
100,3.333,1780168746,G13,86,67,interpolated,0
100,3.333,1780168746,G18,301,156,interpolated,1
100,3.333,1780168746,D11,0,590,interpolated,0
100,3.333,1780168746,D8,277,665,interpolated,1
100,3.333,1780168746,G14,-12,348,interpolated,0
101,3.367,1780168746,G4,409,307,ok,1
101,3.367,1780168746,G1,201,306,ok,1
101,3.367,1780168746,G11,163,217,ok,1
101,3.367,1780168746,G6,170,94,ok,0
101,3.367,1780168746,G3,119,215,ok,1
101,3.367,1780168746,G16,131,139,ok,1
101,3.367,1780168746,G8,198,120,ok,0
101,3.367,1780168746,G7,248,99,ok,0
101,3.367,1780168746,G9,230,96,ok,0
101,3.367,1780168746,G2,274,143,ok,1
101,3.367,1780168746,G12,271,77,ok,0
101,3.367,1780168746,G10,451,150,ok,1
101,3.367,1780168746,G13,131,77,ok,0
101,3.367,1780168746,D4,59,547,ok,0
101,3.367,1780168746,D1,185,699,ok,1
101,3.367,1780168746,D10,401,727,ok,1
101,3.367,1780168746,D2,287,652,ok,1
101,3.367,1780168746,D9,212,859,ok,1
101,3.367,1780168746,D7,0,882,ok,0
101,3.367,1780168746,D5,-1,591,ok,0
101,3.367,1780168746,D6,0,590,ok,0
101,3.367,1780168746,D12,-19,623,ok,0
101,3.367,1780168746,G18,301,156,interpolated,1
101,3.367,1780168746,D11,0,590,interpolated,0
101,3.367,1780168746,D8,277,665,interpolated,1
101,3.367,1780168746,G14,-12,348,interpolated,0
102,3.400,1780168746,G4,407,306,ok,1
102,3.400,1780168746,G1,200,302,ok,1
102,3.400,1780168746,G11,163,218,ok,1
102,3.400,1780168746,G6,170,94,ok,0
102,3.400,1780168746,G16,130,139,ok,1
102,3.400,1780168746,G8,198,120,ok,0
102,3.400,1780168746,G7,247,99,ok,0
102,3.400,1780168746,G3,119,217,ok,1
102,3.400,1780168746,G9,230,96,ok,0
102,3.400,1780168746,G2,273,145,ok,1
102,3.400,1780168746,G12,272,75,ok,0
102,3.400,1780168746,G18,87,67,ok,0
102,3.400,1780168746,G10,452,150,ok,1
102,3.400,1780168746,G13,131,77,ok,0
102,3.400,1780168746,D4,59,549,ok,0
102,3.400,1780168746,D1,186,699,ok,1
102,3.400,1780168746,D10,399,727,ok,1
102,3.400,1780168746,D2,287,653,ok,1
102,3.400,1780168746,D9,212,858,ok,1
102,3.400,1780168746,D7,0,882,ok,0
102,3.400,1780168746,D5,-1,591,ok,0
102,3.400,1780168746,D6,0,590,ok,0
102,3.400,1780168746,D12,-20,625,ok,0
102,3.400,1780168746,D11,0,590,interpolated,0
102,3.400,1780168746,G14,-12,348,interpolated,0
103,3.433,1780168746,G4,407,306,ok,1
103,3.433,1780168746,G1,200,302,ok,1
103,3.433,1780168746,G11,163,218,ok,1
103,3.433,1780168746,G6,170,94,ok,0
103,3.433,1780168746,G16,130,139,ok,1
103,3.433,1780168746,G8,198,120,ok,0
103,3.433,1780168746,G7,247,99,ok,0
103,3.433,1780168746,G3,119,217,ok,1
103,3.433,1780168746,G9,230,96,ok,0
103,3.433,1780168746,G2,273,145,ok,1
103,3.433,1780168746,G18,87,67,ok,0
103,3.433,1780168746,G12,272,75,ok,0
103,3.433,1780168746,G10,452,150,ok,1
103,3.433,1780168746,G13,131,77,ok,0
103,3.433,1780168746,D4,59,549,ok,0
103,3.433,1780168746,D1,186,699,ok,1
103,3.433,1780168746,D10,399,727,ok,1
103,3.433,1780168746,D2,287,653,ok,1
103,3.433,1780168746,D9,212,858,ok,1
103,3.433,1780168746,D7,0,882,ok,0
103,3.433,1780168746,D11,0,589,ok,0
103,3.433,1780168746,D6,0,590,ok,0
103,3.433,1780168746,D12,-20,625,ok,0
103,3.433,1780168746,D5,-1,591,interpolated,0
103,3.433,1780168746,G14,-12,348,interpolated,0
104,3.467,1780168746,G4,406,306,ok,1
104,3.467,1780168746,G1,200,297,ok,1
104,3.467,1780168746,G11,163,218,ok,1
104,3.467,1780168746,G6,170,94,ok,0
104,3.467,1780168746,G16,130,139,ok,1
104,3.467,1780168746,G7,247,99,ok,0
104,3.467,1780168746,G8,198,120,ok,0
104,3.467,1780168746,G3,118,217,ok,1
104,3.467,1780168746,G9,230,96,ok,0
104,3.467,1780168746,G2,271,144,ok,1
104,3.467,1780168746,G12,272,81,ok,0
104,3.467,1780168746,G10,452,150,ok,1
104,3.467,1780168746,G13,131,77,ok,0
104,3.467,1780168746,D2,289,652,ok,1
104,3.467,1780168746,D1,187,699,ok,1
104,3.467,1780168746,D10,398,727,ok,1
104,3.467,1780168746,D4,59,549,ok,0
104,3.467,1780168746,D9,212,858,ok,1
104,3.467,1780168746,D5,-1,591,ok,0
104,3.467,1780168746,D7,0,882,ok,0
104,3.467,1780168746,D6,0,590,ok,0
104,3.467,1780168746,G18,87,67,interpolated,0
104,3.467,1780168746,D11,0,589,interpolated,0
104,3.467,1780168746,D12,-20,625,interpolated,0
104,3.467,1780168746,G14,-12,348,interpolated,0
105,3.500,1780168746,G4,406,306,ok,1
105,3.500,1780168746,G1,199,294,ok,1
105,3.500,1780168746,G11,163,218,ok,1
105,3.500,1780168746,G6,169,95,ok,0
105,3.500,1780168746,G16,130,139,ok,1
105,3.500,1780168746,G7,247,99,ok,0
105,3.500,1780168746,G8,198,120,ok,0
105,3.500,1780168746,G9,230,96,ok,0
105,3.500,1780168746,G3,118,218,ok,1
105,3.500,1780168746,G2,270,145,ok,1
105,3.500,1780168746,G12,272,78,ok,0
105,3.500,1780168746,G10,452,150,ok,1
105,3.500,1780168746,G18,87,67,ok,0
105,3.500,1780168746,D2,289,652,ok,1
105,3.500,1780168746,D1,187,701,ok,1
105,3.500,1780168746,D10,396,727,ok,1
105,3.500,1780168746,D4,59,549,ok,0
105,3.500,1780168746,D9,212,857,ok,1
105,3.500,1780168746,D5,-1,591,ok,0
105,3.500,1780168746,D7,0,882,ok,0
105,3.500,1780168746,D6,0,590,ok,0
105,3.500,1780168746,G13,131,77,interpolated,0
105,3.500,1780168746,D11,0,589,interpolated,0
105,3.500,1780168746,D12,-20,625,interpolated,0
106,3.533,1780168746,G4,405,306,ok,1
106,3.533,1780168746,G1,199,294,ok,1
106,3.533,1780168746,G11,164,218,ok,1
106,3.533,1780168746,G6,169,94,ok,0
106,3.533,1780168746,G16,130,139,ok,1
106,3.533,1780168746,G7,247,99,ok,0
106,3.533,1780168746,G8,198,120,ok,0
106,3.533,1780168746,G9,231,96,ok,0
106,3.533,1780168746,G3,117,217,ok,1
106,3.533,1780168746,G2,268,144,ok,1
106,3.533,1780168746,G10,453,150,ok,1
106,3.533,1780168746,G12,272,76,ok,0
106,3.533,1780168746,D2,289,653,ok,1
106,3.533,1780168746,D1,187,702,ok,1
106,3.533,1780168746,D10,395,728,ok,1
106,3.533,1780168746,D4,59,549,ok,0
106,3.533,1780168746,D9,212,857,ok,1
106,3.533,1780168746,D5,-1,591,ok,0
106,3.533,1780168746,D7,0,882,ok,0
106,3.533,1780168746,D6,0,590,ok,0
106,3.533,1780168746,G13,131,77,interpolated,0
106,3.533,1780168746,G18,87,67,interpolated,0
106,3.533,1780168746,D11,0,589,interpolated,0
106,3.533,1780168746,D12,-20,625,interpolated,0
107,3.567,1780168746,G1,199,294,ok,1
107,3.567,1780168746,G4,404,306,ok,1
107,3.567,1780168746,G11,164,223,ok,1
107,3.567,1780168746,G16,131,139,ok,1
107,3.567,1780168746,G6,169,95,ok,0
107,3.567,1780168746,G8,198,120,ok,0
107,3.567,1780168746,G7,247,99,ok,0
107,3.567,1780168746,G3,117,218,ok,1
107,3.567,1780168746,G9,231,96,ok,0
107,3.567,1780168746,G10,453,150,ok,1
107,3.567,1780168746,G2,267,144,ok,1
107,3.567,1780168746,G12,272,80,ok,0
107,3.567,1780168746,G18,86,68,ok,0
107,3.567,1780168746,D2,290,659,ok,1
107,3.567,1780168746,D1,187,703,ok,1
107,3.567,1780168746,D10,395,729,ok,1
107,3.567,1780168746,D4,59,549,ok,0
107,3.567,1780168746,D9,212,856,ok,1
107,3.567,1780168746,D7,0,882,ok,0
107,3.567,1780168746,D5,-1,591,ok,0
107,3.567,1780168746,D6,0,590,ok,0
107,3.567,1780168746,G13,131,77,interpolated,0
107,3.567,1780168746,D11,0,589,interpolated,0
107,3.567,1780168746,D12,-20,625,interpolated,0
108,3.600,1780168746,G1,199,294,ok,1
108,3.600,1780168746,G4,403,306,ok,1
108,3.600,1780168746,G11,166,227,ok,1
108,3.600,1780168746,G6,169,95,ok,0
108,3.600,1780168746,G16,131,139,ok,1
108,3.600,1780168746,G8,198,120,ok,0
108,3.600,1780168746,G7,247,99,ok,0
108,3.600,1780168746,G3,115,217,ok,1
108,3.600,1780168746,G9,231,97,ok,0
108,3.600,1780168746,G10,454,150,ok,1
108,3.600,1780168746,G2,265,144,ok,1
108,3.600,1780168746,G12,272,78,ok,0
108,3.600,1780168746,G18,86,67,ok,0
108,3.600,1780168746,D2,291,663,ok,1
108,3.600,1780168746,D1,188,704,ok,1
108,3.600,1780168746,D4,60,549,ok,0
108,3.600,1780168746,D10,395,735,ok,1
108,3.600,1780168746,D9,213,855,ok,1
108,3.600,1780168746,D7,0,882,ok,0
108,3.600,1780168746,D5,-1,591,ok,0
108,3.600,1780168746,D6,0,590,ok,0
108,3.600,1780168746,D11,0,589,ok,0
108,3.600,1780168746,G13,131,77,interpolated,0
108,3.600,1780168746,D12,-20,625,interpolated,0
109,3.633,1780168746,G4,403,306,ok,1
109,3.633,1780168746,G1,199,294,ok,1
109,3.633,1780168746,G11,166,227,ok,1
109,3.633,1780168746,G6,169,95,ok,0
109,3.633,1780168746,G16,130,139,ok,1
109,3.633,1780168746,G8,198,120,ok,0
109,3.633,1780168746,G7,247,99,ok,0
109,3.633,1780168746,G3,116,217,ok,1
109,3.633,1780168746,G9,231,97,ok,0
109,3.633,1780168746,G10,454,150,ok,1
109,3.633,1780168746,G2,265,144,ok,1
109,3.633,1780168746,G12,272,78,ok,0
109,3.633,1780168746,G18,86,67,ok,0
109,3.633,1780168746,G13,125,140,ok,1
109,3.633,1780168746,D2,291,663,ok,1
109,3.633,1780168746,D1,188,704,ok,1
109,3.633,1780168746,D4,60,549,ok,0
109,3.633,1780168746,D10,395,736,ok,1
109,3.633,1780168746,D9,213,855,ok,1
109,3.633,1780168746,D11,0,589,ok,0
109,3.633,1780168746,D7,0,882,ok,0
109,3.633,1780168746,D6,0,590,ok,0
109,3.633,1780168746,D5,-1,591,interpolated,0
109,3.633,1780168746,D12,-20,625,interpolated,0
110,3.667,1780168746,G4,402,306,ok,1
110,3.667,1780168746,G1,199,294,ok,1
110,3.667,1780168746,G6,169,94,ok,0
110,3.667,1780168746,G11,166,230,ok,1
110,3.667,1780168746,G16,130,139,ok,1
110,3.667,1780168746,G8,198,120,ok,0
110,3.667,1780168746,G3,115,217,ok,1
110,3.667,1780168746,G7,247,99,ok,0
110,3.667,1780168746,G10,454,151,ok,1
110,3.667,1780168746,G9,232,97,ok,0
110,3.667,1780168746,G12,272,77,ok,0
110,3.667,1780168746,G2,261,143,ok,1
110,3.667,1780168746,G18,86,66,ok,0
110,3.667,1780168746,D2,291,667,ok,1
110,3.667,1780168746,D1,188,707,ok,1
110,3.667,1780168746,D4,60,549,ok,0
110,3.667,1780168746,D10,395,733,ok,1
110,3.667,1780168746,D9,213,854,ok,1
110,3.667,1780168746,D7,0,882,ok,0
110,3.667,1780168746,D11,0,589,ok,0
110,3.667,1780168746,D6,0,590,ok,0
110,3.667,1780168746,D12,-8,619,ok,0
110,3.667,1780168746,G13,125,140,interpolated,1
110,3.667,1780168746,D5,-1,591,interpolated,0
111,3.700,1780168746,G4,401,306,ok,1
111,3.700,1780168746,G1,199,293,ok,1
111,3.700,1780168746,G16,130,139,ok,1
111,3.700,1780168746,G6,169,95,ok,0
111,3.700,1780168746,G11,167,232,ok,1
111,3.700,1780168746,G3,114,216,ok,1
111,3.700,1780168746,G8,198,120,ok,0
111,3.700,1780168746,G10,455,152,ok,1
111,3.700,1780168746,G7,246,99,ok,0
111,3.700,1780168746,G9,232,94,ok,0
111,3.700,1780168746,G12,273,76,ok,0
111,3.700,1780168746,G2,259,143,ok,1
111,3.700,1780168746,D2,291,673,ok,1
111,3.700,1780168746,D10,395,733,ok,1
111,3.700,1780168746,D1,190,709,ok,1
111,3.700,1780168746,D4,61,549,ok,0
111,3.700,1780168746,D9,214,853,ok,1
111,3.700,1780168746,D11,0,589,ok,0
111,3.700,1780168746,D6,0,590,ok,0
111,3.700,1780168746,D7,0,882,ok,0
111,3.700,1780168746,D12,-8,619,ok,0
111,3.700,1780168746,G13,125,140,interpolated,1
111,3.700,1780168746,D5,-1,591,interpolated,0
111,3.700,1780168746,G18,86,66,interpolated,0
112,3.733,1780168746,G4,400,306,ok,1
112,3.733,1780168746,G6,169,94,ok,0
112,3.733,1780168746,G16,130,139,ok,1
112,3.733,1780168746,G11,167,234,ok,1
112,3.733,1780168746,G1,199,293,ok,1
112,3.733,1780168746,G3,112,217,ok,1
112,3.733,1780168746,G8,198,120,ok,0
112,3.733,1780168746,G10,456,151,ok,1
112,3.733,1780168746,G12,273,77,ok,0
112,3.733,1780168746,G9,232,96,ok,0
112,3.733,1780168746,G7,246,99,ok,0
112,3.733,1780168746,G2,259,143,ok,1
112,3.733,1780168746,G13,197,260,ok,1
112,3.733,1780168746,D2,291,677,ok,1
112,3.733,1780168746,D4,62,549,ok,0
112,3.733,1780168746,D10,394,733,ok,1
112,3.733,1780168746,D1,191,710,ok,1
112,3.733,1780168746,D9,214,851,ok,1
112,3.733,1780168746,D11,0,589,ok,0
112,3.733,1780168746,D7,0,881,ok,0
112,3.733,1780168746,D6,0,590,ok,0
112,3.733,1780168746,D12,-8,619,ok,0
112,3.733,1780168746,D5,-24,633,ok,0
112,3.733,1780168746,G18,86,66,interpolated,0
113,3.767,1780168746,G4,398,306,ok,1
113,3.767,1780168746,G1,200,292,ok,1
113,3.767,1780168746,G6,170,95,ok,0
113,3.767,1780168746,G3,111,218,ok,1
113,3.767,1780168746,G16,130,139,ok,1
113,3.767,1780168746,G11,166,235,ok,1
113,3.767,1780168746,G8,198,120,ok,0
113,3.767,1780168746,G10,457,152,ok,1
113,3.767,1780168746,G7,246,99,ok,0
113,3.767,1780168746,G12,273,77,ok,0
113,3.767,1780168746,G9,233,96,ok,0
113,3.767,1780168746,G2,259,143,ok,1
113,3.767,1780168746,G18,84,68,ok,0
113,3.767,1780168746,D4,62,549,ok,0
113,3.767,1780168746,D2,291,677,ok,1
113,3.767,1780168746,D10,394,736,ok,1
113,3.767,1780168746,D1,192,710,ok,1
113,3.767,1780168746,D9,215,851,ok,1
113,3.767,1780168746,D7,0,881,ok,0
113,3.767,1780168746,D11,0,589,ok,0
113,3.767,1780168746,D6,0,590,ok,0
113,3.767,1780168746,D12,-8,619,ok,0
113,3.767,1780168746,D5,-24,633,ok,0
113,3.767,1780168746,G13,197,260,interpolated,1
114,3.800,1780168746,G4,396,306,ok,1
114,3.800,1780168746,G1,199,289,ok,1
114,3.800,1780168746,G6,170,95,ok,0
114,3.800,1780168746,G16,130,139,ok,1
114,3.800,1780168746,G11,166,237,ok,1
114,3.800,1780168746,G3,110,219,ok,1
114,3.800,1780168746,G10,458,152,ok,1
114,3.800,1780168746,G8,199,120,ok,0
114,3.800,1780168746,G7,246,99,ok,0
114,3.800,1780168746,G9,233,96,ok,0
114,3.800,1780168746,G12,273,77,ok,0
114,3.800,1780168746,G2,259,143,ok,1
114,3.800,1780168746,D4,61,551,ok,0
114,3.800,1780168746,D2,290,677,ok,1
114,3.800,1780168746,D10,393,738,ok,1
114,3.800,1780168746,D1,192,710,ok,1
114,3.800,1780168746,D9,214,851,ok,1
114,3.800,1780168746,D7,0,881,ok,0
114,3.800,1780168746,D11,0,589,ok,0
114,3.800,1780168746,D6,0,590,ok,0
114,3.800,1780168746,D12,-8,619,ok,0
114,3.800,1780168746,D5,-24,633,ok,0
114,3.800,1780168746,G13,197,260,interpolated,1
114,3.800,1780168746,G18,84,68,interpolated,0
115,3.833,1780168746,G4,396,306,ok,1
115,3.833,1780168746,G1,199,289,ok,1
115,3.833,1780168746,G6,170,95,ok,0
115,3.833,1780168746,G16,130,139,ok,1
115,3.833,1780168746,G11,166,237,ok,1
115,3.833,1780168746,G3,110,219,ok,1
115,3.833,1780168746,G10,458,152,ok,1
115,3.833,1780168746,G8,199,120,ok,0
115,3.833,1780168746,G7,246,99,ok,0
115,3.833,1780168746,G9,233,96,ok,0
115,3.833,1780168746,G12,273,77,ok,0
115,3.833,1780168746,G2,259,143,ok,1
115,3.833,1780168746,D4,61,551,ok,0
115,3.833,1780168746,D2,290,677,ok,1
115,3.833,1780168746,D10,393,738,ok,1
115,3.833,1780168746,D1,192,710,ok,1
115,3.833,1780168746,D9,214,851,ok,1
115,3.833,1780168746,D7,0,881,ok,0
115,3.833,1780168746,D11,0,589,ok,0
115,3.833,1780168746,D6,0,590,ok,0
115,3.833,1780168746,D12,-8,619,ok,0
115,3.833,1780168746,D5,-21,627,ok,0
115,3.833,1780168746,G13,197,260,interpolated,1
115,3.833,1780168746,G18,84,68,interpolated,0
116,3.867,1780168746,G4,393,306,ok,1
116,3.867,1780168746,G1,199,287,ok,1
116,3.867,1780168746,G6,170,95,ok,0
116,3.867,1780168746,G11,166,238,ok,1
116,3.867,1780168746,G3,109,220,ok,1
116,3.867,1780168746,G16,130,139,ok,1
116,3.867,1780168746,G10,458,153,ok,1
116,3.867,1780168746,G8,199,120,ok,0
116,3.867,1780168746,G2,259,143,ok,1
116,3.867,1780168746,G7,246,99,ok,0
116,3.867,1780168746,G9,233,96,ok,0
116,3.867,1780168746,G12,274,78,ok,0
116,3.867,1780168746,G13,522,504,ok,0
116,3.867,1780168746,G25,522,504,ok,0
116,3.867,1780168746,D4,62,552,ok,0
116,3.867,1780168746,D2,290,677,ok,1
116,3.867,1780168746,D10,392,738,ok,1
116,3.867,1780168746,D1,193,710,ok,1
116,3.867,1780168746,D9,215,851,ok,1
116,3.867,1780168746,D7,0,881,ok,0
116,3.867,1780168746,D6,0,590,ok,0
116,3.867,1780168746,D11,-1,590,ok,0
116,3.867,1780168746,D12,-8,619,ok,0
116,3.867,1780168746,D13,189,733,ok,1
116,3.867,1780168746,D5,-24,633,ok,0
116,3.867,1780168746,G18,84,68,interpolated,0
117,3.900,1780168746,G4,391,306,ok,1
117,3.900,1780168746,G1,199,282,ok,1
117,3.900,1780168746,G11,165,238,ok,1
117,3.900,1780168746,G6,169,94,ok,0
117,3.900,1780168746,G3,109,223,ok,1
117,3.900,1780168746,G16,130,139,ok,1
117,3.900,1780168746,G2,259,144,ok,1
117,3.900,1780168746,G8,199,120,ok,0
117,3.900,1780168746,G10,458,155,ok,1
117,3.900,1780168746,G7,246,99,ok,0
117,3.900,1780168746,G9,233,96,ok,0
117,3.900,1780168746,G12,275,78,ok,0
117,3.900,1780168746,D4,61,553,ok,0
117,3.900,1780168746,D1,195,710,ok,1
117,3.900,1780168746,D2,291,677,ok,1
117,3.900,1780168746,D10,392,739,ok,1
117,3.900,1780168746,D9,215,851,ok,1
117,3.900,1780168746,D7,0,881,ok,0
117,3.900,1780168746,D11,0,589,ok,0
117,3.900,1780168746,D6,0,590,ok,0
117,3.900,1780168746,G13,522,504,interpolated,0
117,3.900,1780168746,D5,-24,633,interpolated,0
117,3.900,1780168746,G18,84,68,interpolated,0
117,3.900,1780168746,D12,-8,619,interpolated,0
117,3.900,1780168746,G25,522,504,interpolated,0
117,3.900,1780168746,D13,189,733,interpolated,1
118,3.933,1780168746,G4,390,306,ok,1
118,3.933,1780168746,G1,200,278,ok,1
118,3.933,1780168746,G11,165,238,ok,1
118,3.933,1780168746,G6,169,94,ok,0
118,3.933,1780168746,G2,259,143,ok,1
118,3.933,1780168746,G3,109,223,ok,1
118,3.933,1780168746,G8,199,120,ok,0
118,3.933,1780168746,G16,130,139,ok,1
118,3.933,1780168746,G10,458,156,ok,1
118,3.933,1780168746,G7,245,100,ok,0
118,3.933,1780168746,G9,233,96,ok,0
118,3.933,1780168746,G12,275,77,ok,0
118,3.933,1780168746,D2,290,677,ok,1
118,3.933,1780168746,D4,61,554,ok,0
118,3.933,1780168746,D1,198,710,ok,1
118,3.933,1780168746,D10,391,739,ok,1
118,3.933,1780168746,D9,215,851,ok,1
118,3.933,1780168746,D7,0,881,ok,0
118,3.933,1780168746,D11,0,589,ok,0
118,3.933,1780168746,D6,0,590,ok,0
118,3.933,1780168746,G13,522,504,interpolated,0
118,3.933,1780168746,D5,-24,633,interpolated,0
118,3.933,1780168746,G18,84,68,interpolated,0
118,3.933,1780168746,D12,-8,619,interpolated,0
118,3.933,1780168746,G25,522,504,interpolated,0
118,3.933,1780168746,D13,189,733,interpolated,1
119,3.967,1780168746,G1,200,274,ok,1
119,3.967,1780168746,G11,165,238,ok,1
119,3.967,1780168746,G4,390,306,ok,1
119,3.967,1780168746,G6,169,94,ok,0
119,3.967,1780168746,G8,199,120,ok,0
119,3.967,1780168746,G16,130,139,ok,1
119,3.967,1780168746,G3,109,224,ok,1
119,3.967,1780168746,G2,259,143,ok,1
119,3.967,1780168746,G10,457,157,ok,1
119,3.967,1780168746,G7,245,100,ok,0
119,3.967,1780168746,G9,233,96,ok,0
119,3.967,1780168746,G12,275,77,ok,0
119,3.967,1780168746,D2,290,678,ok,1
119,3.967,1780168746,D1,200,710,ok,1
119,3.967,1780168746,D4,59,557,ok,0
119,3.967,1780168746,D10,390,739,ok,1
119,3.967,1780168746,D9,215,851,ok,1
119,3.967,1780168746,D7,0,881,ok,0
119,3.967,1780168746,D11,0,589,ok,0
119,3.967,1780168746,D6,-1,590,ok,0
119,3.967,1780168746,D12,-8,619,ok,0
119,3.967,1780168746,D5,-24,633,ok,0
119,3.967,1780168746,G13,522,504,interpolated,0
119,3.967,1780168746,G18,84,68,interpolated,0
119,3.967,1780168746,G25,522,504,interpolated,0
119,3.967,1780168746,D13,189,733,interpolated,1
120,4.000,1780168747,G11,165,238,ok,1
120,4.000,1780168747,G1,200,271,ok,1
120,4.000,1780168747,G4,389,306,ok,1
120,4.000,1780168747,G6,169,95,ok,0
120,4.000,1780168747,G3,109,225,ok,1
120,4.000,1780168747,G8,199,120,ok,0
120,4.000,1780168747,G2,260,142,ok,1
120,4.000,1780168747,G16,130,139,ok,1
120,4.000,1780168747,G10,457,158,ok,1
120,4.000,1780168747,G7,245,99,ok,0
120,4.000,1780168747,G9,233,95,ok,0
120,4.000,1780168747,G12,275,78,ok,0
120,4.000,1780168747,G18,125,140,ok,1
120,4.000,1780168747,D2,290,678,ok,1
120,4.000,1780168747,D1,202,710,ok,1
120,4.000,1780168747,D10,389,739,ok,1
120,4.000,1780168747,D4,59,559,ok,0
120,4.000,1780168747,D9,216,851,ok,1
120,4.000,1780168747,D11,0,589,ok,0
120,4.000,1780168747,D6,0,590,ok,0
120,4.000,1780168747,D7,-1,881,ok,0
120,4.000,1780168747,G13,522,504,interpolated,0
120,4.000,1780168747,D5,-24,633,interpolated,0
120,4.000,1780168747,D12,-8,619,interpolated,0
120,4.000,1780168747,G25,522,504,interpolated,0
120,4.000,1780168747,D13,189,733,interpolated,1
121,4.033,1780168747,G11,165,238,ok,1
121,4.033,1780168747,G1,200,271,ok,1
121,4.033,1780168747,G4,389,306,ok,1
121,4.033,1780168747,G6,169,95,ok,0
121,4.033,1780168747,G3,109,225,ok,1
121,4.033,1780168747,G8,199,120,ok,0
121,4.033,1780168747,G2,260,142,ok,1
121,4.033,1780168747,G16,130,139,ok,1
121,4.033,1780168747,G10,457,158,ok,1
121,4.033,1780168747,G7,245,99,ok,0
121,4.033,1780168747,G9,233,95,ok,0
121,4.033,1780168747,G12,275,78,ok,0
121,4.033,1780168747,G18,125,140,ok,1
121,4.033,1780168747,D2,290,679,ok,1
121,4.033,1780168747,D1,202,710,ok,1
121,4.033,1780168747,D10,389,739,ok,1
121,4.033,1780168747,D4,59,559,ok,0
121,4.033,1780168747,D9,216,851,ok,1
121,4.033,1780168747,D11,0,589,ok,0
121,4.033,1780168747,D6,0,590,ok,0
121,4.033,1780168747,D7,0,881,ok,0
121,4.033,1780168747,G13,522,504,interpolated,0
121,4.033,1780168747,D5,-24,633,interpolated,0
121,4.033,1780168747,D12,-8,619,interpolated,0
121,4.033,1780168747,G25,522,504,interpolated,0
121,4.033,1780168747,D13,189,733,interpolated,1
122,4.067,1780168747,G11,165,238,ok,1
122,4.067,1780168747,G1,201,271,ok,1
122,4.067,1780168747,G4,388,306,ok,1
122,4.067,1780168747,G6,169,95,ok,0
122,4.067,1780168747,G2,260,144,ok,1
122,4.067,1780168747,G3,109,225,ok,1
122,4.067,1780168747,G8,199,120,ok,0
122,4.067,1780168747,G16,130,139,ok,1
122,4.067,1780168747,G10,458,158,ok,1
122,4.067,1780168747,G9,233,93,ok,0
122,4.067,1780168747,G7,245,100,ok,0
122,4.067,1780168747,G12,275,77,ok,0
122,4.067,1780168747,D2,291,680,ok,1
122,4.067,1780168747,D1,202,710,ok,1
122,4.067,1780168747,D4,58,562,ok,0
122,4.067,1780168747,D10,386,738,ok,1
122,4.067,1780168747,D9,216,851,ok,1
122,4.067,1780168747,D11,0,589,ok,0
122,4.067,1780168747,D6,-1,590,ok,0
122,4.067,1780168747,D7,-1,881,ok,0
122,4.067,1780168747,D12,-8,619,ok,0
122,4.067,1780168747,D5,-24,632,ok,0
122,4.067,1780168747,G13,522,504,interpolated,0
122,4.067,1780168747,G18,125,140,interpolated,1
122,4.067,1780168747,G25,522,504,interpolated,0
122,4.067,1780168747,D13,189,733,interpolated,1
123,4.100,1780168747,G11,165,240,ok,1
123,4.100,1780168747,G4,388,304,ok,1
123,4.100,1780168747,G1,201,271,ok,1
123,4.100,1780168747,G2,259,144,ok,1
123,4.100,1780168747,G6,169,94,ok,0
123,4.100,1780168747,G3,108,225,ok,1
123,4.100,1780168747,G8,199,120,ok,0
123,4.100,1780168747,G18,125,139,ok,1
123,4.100,1780168747,G7,245,100,ok,0
123,4.100,1780168747,G9,233,93,ok,0
123,4.100,1780168747,G10,458,159,ok,1
123,4.100,1780168747,G12,275,77,ok,0
123,4.100,1780168747,D2,291,681,ok,1
123,4.100,1780168747,D4,58,565,ok,0
123,4.100,1780168747,D1,203,712,ok,1
123,4.100,1780168747,D10,385,739,ok,1
123,4.100,1780168747,D9,217,851,ok,1
123,4.100,1780168747,D11,0,590,ok,0
123,4.100,1780168747,D6,-1,590,ok,0
123,4.100,1780168747,D7,-1,881,ok,0
123,4.100,1780168747,D12,-8,619,ok,0
123,4.100,1780168747,D5,-24,632,ok,0
123,4.100,1780168747,G13,522,504,interpolated,0
123,4.100,1780168747,G16,130,139,interpolated,1
123,4.100,1780168747,G25,522,504,interpolated,0
123,4.100,1780168747,D13,189,733,interpolated,1
124,4.133,1780168747,G11,165,243,ok,1
124,4.133,1780168747,G4,387,304,ok,1
124,4.133,1780168747,G1,203,271,ok,1
124,4.133,1780168747,G2,260,145,ok,1
124,4.133,1780168747,G6,169,94,ok,0
124,4.133,1780168747,G3,108,225,ok,1
124,4.133,1780168747,G8,199,120,ok,0
124,4.133,1780168747,G10,457,161,ok,1
124,4.133,1780168747,G18,125,139,ok,1
124,4.133,1780168747,G7,245,100,ok,0
124,4.133,1780168747,G12,275,78,ok,0
124,4.133,1780168747,G9,233,95,ok,0
124,4.133,1780168747,G16,130,75,ok,0
124,4.133,1780168747,D2,292,686,ok,1
124,4.133,1780168747,D4,59,566,ok,0
124,4.133,1780168747,D1,203,713,ok,1
124,4.133,1780168747,D10,383,739,ok,1
124,4.133,1780168747,D9,218,851,ok,1
124,4.133,1780168747,D7,-1,881,ok,0
124,4.133,1780168747,D6,0,589,ok,0
124,4.133,1780168747,D11,0,590,ok,0
124,4.133,1780168747,D12,-8,619,ok,0
124,4.133,1780168747,D5,-21,627,ok,0
124,4.133,1780168747,G13,522,504,interpolated,0
124,4.133,1780168747,G25,522,504,interpolated,0
124,4.133,1780168747,D13,189,733,interpolated,1
125,4.167,1780168747,G11,165,246,ok,1
125,4.167,1780168747,G4,387,303,ok,1
125,4.167,1780168747,G1,204,270,ok,1
125,4.167,1780168747,G6,169,94,ok,0
125,4.167,1780168747,G2,261,145,ok,1
125,4.167,1780168747,G3,108,225,ok,1
125,4.167,1780168747,G8,199,120,ok,0
125,4.167,1780168747,G13,130,139,ok,1
125,4.167,1780168747,G7,245,100,ok,0
125,4.167,1780168747,G12,274,78,ok,0
125,4.167,1780168747,G9,233,95,ok,0
125,4.167,1780168747,G10,458,162,ok,1
125,4.167,1780168747,G18,125,139,ok,1
125,4.167,1780168747,G16,130,75,ok,0
125,4.167,1780168747,D2,292,690,ok,1
125,4.167,1780168747,D4,60,566,ok,0
125,4.167,1780168747,D1,204,713,ok,1
125,4.167,1780168747,D10,382,740,ok,1
125,4.167,1780168747,D9,218,848,ok,1
125,4.167,1780168747,D7,-1,881,ok,0
125,4.167,1780168747,D6,-1,590,ok,0
125,4.167,1780168747,D11,0,590,ok,0
125,4.167,1780168747,D5,-21,627,interpolated,0
125,4.167,1780168747,D12,-8,619,interpolated,0
125,4.167,1780168747,G25,522,504,interpolated,0
125,4.167,1780168747,D13,189,733,interpolated,1
126,4.200,1780168747,G11,165,248,ok,1
126,4.200,1780168747,G4,386,302,ok,1
126,4.200,1780168747,G1,204,270,ok,1
126,4.200,1780168747,G6,168,94,ok,0
126,4.200,1780168747,G2,262,145,ok,1
126,4.200,1780168747,G13,130,139,ok,1
126,4.200,1780168747,G8,199,121,ok,0
126,4.200,1780168747,G3,108,225,ok,1
126,4.200,1780168747,G7,245,99,ok,0
126,4.200,1780168747,G9,233,95,ok,0
126,4.200,1780168747,G12,275,78,ok,0
126,4.200,1780168747,G10,458,162,ok,1
126,4.200,1780168747,G16,130,75,ok,0
126,4.200,1780168747,G25,522,504,ok,0
126,4.200,1780168747,D4,61,566,ok,0
126,4.200,1780168747,D2,293,695,ok,1
126,4.200,1780168747,D1,205,714,ok,1
126,4.200,1780168747,D10,381,741,ok,1
126,4.200,1780168747,D9,219,845,ok,1
126,4.200,1780168747,D7,-1,881,ok,0
126,4.200,1780168747,D11,0,590,ok,0
126,4.200,1780168747,D6,0,590,ok,0
126,4.200,1780168747,D5,-21,627,interpolated,0
126,4.200,1780168747,G18,125,139,interpolated,1
126,4.200,1780168747,D12,-8,619,interpolated,0
126,4.200,1780168747,D13,189,733,interpolated,1
127,4.233,1780168747,G11,165,248,ok,1
127,4.233,1780168747,G4,386,302,ok,1
127,4.233,1780168747,G1,204,270,ok,1
127,4.233,1780168747,G6,168,94,ok,0
127,4.233,1780168747,G2,262,145,ok,1
127,4.233,1780168747,G13,130,139,ok,1
127,4.233,1780168747,G8,199,121,ok,0
127,4.233,1780168747,G3,108,225,ok,1
127,4.233,1780168747,G7,245,99,ok,0
127,4.233,1780168747,G9,233,95,ok,0
127,4.233,1780168747,G12,275,78,ok,0
127,4.233,1780168747,G10,458,162,ok,1
127,4.233,1780168747,G16,130,75,ok,0
127,4.233,1780168747,G18,125,139,ok,1
127,4.233,1780168747,D4,61,566,ok,0
127,4.233,1780168747,D2,293,695,ok,1
127,4.233,1780168747,D1,205,714,ok,1
127,4.233,1780168747,D10,382,741,ok,1
127,4.233,1780168747,D9,219,845,ok,1
127,4.233,1780168747,D7,-1,881,ok,0
127,4.233,1780168747,D6,0,590,ok,0
127,4.233,1780168747,D11,0,590,ok,0
127,4.233,1780168747,D5,-21,627,interpolated,0
127,4.233,1780168747,D12,-8,619,interpolated,0
127,4.233,1780168747,G25,522,504,interpolated,0
128,4.267,1780168747,G11,166,251,ok,1
128,4.267,1780168747,G4,384,301,ok,1
128,4.267,1780168747,G1,205,270,ok,1
128,4.267,1780168747,G6,169,94,ok,0
128,4.267,1780168747,G13,130,139,ok,1
128,4.267,1780168747,G2,263,145,ok,1
128,4.267,1780168747,G3,108,225,ok,1
128,4.267,1780168747,G8,199,120,ok,0
128,4.267,1780168747,G7,245,99,ok,0
128,4.267,1780168747,G9,233,95,ok,0
128,4.267,1780168747,G12,275,78,ok,0
128,4.267,1780168747,G10,457,164,ok,1
128,4.267,1780168747,G25,522,504,ok,0
128,4.267,1780168747,D2,293,700,ok,1
128,4.267,1780168747,D4,62,566,ok,0
128,4.267,1780168747,D10,382,742,ok,1
128,4.267,1780168747,D1,205,716,ok,1
128,4.267,1780168747,D9,220,844,ok,1
128,4.267,1780168747,D7,-1,881,ok,0
128,4.267,1780168747,D6,0,590,ok,0
128,4.267,1780168747,D11,0,590,ok,0
128,4.267,1780168747,D5,-21,627,interpolated,0
128,4.267,1780168747,G16,130,75,interpolated,0
128,4.267,1780168747,G18,125,139,interpolated,1
128,4.267,1780168747,D12,-8,619,interpolated,0
129,4.300,1780168747,G11,166,254,ok,1
129,4.300,1780168747,G4,383,301,ok,1
129,4.300,1780168747,G1,204,269,ok,1
129,4.300,1780168747,G6,169,95,ok,0
129,4.300,1780168747,G13,130,139,ok,1
129,4.300,1780168747,G8,199,121,ok,0
129,4.300,1780168747,G3,108,225,ok,1
129,4.300,1780168747,G2,262,145,ok,1
129,4.300,1780168747,G7,245,99,ok,0
129,4.300,1780168747,G9,233,93,ok,0
129,4.300,1780168747,G10,458,164,ok,1
129,4.300,1780168747,G12,275,78,ok,0
129,4.300,1780168747,D4,63,566,ok,0
129,4.300,1780168747,D2,294,701,ok,1
129,4.300,1780168747,D10,381,743,ok,1
129,4.300,1780168747,D1,207,719,ok,1
129,4.300,1780168747,D9,220,840,ok,1
129,4.300,1780168747,D7,-1,881,ok,0
129,4.300,1780168747,D6,0,590,ok,0
129,4.300,1780168747,D11,0,590,ok,0
129,4.300,1780168747,D5,-21,627,interpolated,0
129,4.300,1780168747,G16,130,75,interpolated,0
129,4.300,1780168747,G18,125,139,interpolated,1
129,4.300,1780168747,D12,-8,619,interpolated,0
129,4.300,1780168747,G25,522,504,interpolated,0
130,4.333,1780168747,G4,381,301,ok,1
130,4.333,1780168747,G11,166,256,ok,1
130,4.333,1780168747,G1,205,266,ok,1
130,4.333,1780168747,G6,169,95,ok,0
130,4.333,1780168747,G13,130,139,ok,1
130,4.333,1780168747,G8,199,121,ok,0
130,4.333,1780168747,G2,263,145,ok,1
130,4.333,1780168747,G3,107,225,ok,1
130,4.333,1780168747,G7,245,99,ok,0
130,4.333,1780168747,G9,233,94,ok,0
130,4.333,1780168747,G10,458,163,ok,1
130,4.333,1780168747,G12,275,78,ok,0
130,4.333,1780168747,G25,522,504,ok,0
130,4.333,1780168747,D4,63,566,ok,0
130,4.333,1780168747,D2,295,701,ok,1
130,4.333,1780168747,D10,381,747,ok,1
130,4.333,1780168747,D1,207,721,ok,1
130,4.333,1780168747,D9,221,840,ok,1
130,4.333,1780168747,D7,-1,881,ok,0
130,4.333,1780168747,D6,0,590,ok,0
130,4.333,1780168747,D5,-21,627,interpolated,0
130,4.333,1780168747,G16,130,75,interpolated,0
130,4.333,1780168747,G18,125,139,interpolated,1
130,4.333,1780168747,D11,0,590,interpolated,0
130,4.333,1780168747,D12,-8,619,interpolated,0
131,4.367,1780168747,G4,379,301,ok,1
131,4.367,1780168747,G11,166,256,ok,1
131,4.367,1780168747,G1,206,264,ok,1
131,4.367,1780168747,G6,169,94,ok,0
131,4.367,1780168747,G13,130,140,ok,1
131,4.367,1780168747,G8,199,121,ok,0
131,4.367,1780168747,G2,262,145,ok,1
131,4.367,1780168747,G3,107,225,ok,1
131,4.367,1780168747,G7,245,99,ok,0
131,4.367,1780168747,G9,233,95,ok,0
131,4.367,1780168747,G10,459,164,ok,1
131,4.367,1780168747,G12,275,78,ok,0
131,4.367,1780168747,G16,128,73,ok,0
131,4.367,1780168747,D4,64,566,ok,0
131,4.367,1780168747,D2,296,701,ok,1
131,4.367,1780168747,D10,380,750,ok,1
131,4.367,1780168747,D1,208,722,ok,1
131,4.367,1780168747,D9,221,838,ok,1
131,4.367,1780168747,D7,-1,881,ok,0
131,4.367,1780168747,D6,0,590,ok,0
131,4.367,1780168747,D11,0,590,ok,0
131,4.367,1780168747,D5,-21,627,interpolated,0
131,4.367,1780168747,G18,125,139,interpolated,1
131,4.367,1780168747,D12,-8,619,interpolated,0
131,4.367,1780168747,G25,522,504,interpolated,0
132,4.400,1780168747,G4,376,301,ok,1
132,4.400,1780168747,G11,165,256,ok,1
132,4.400,1780168747,G1,205,258,ok,1
132,4.400,1780168747,G6,169,94,ok,0
132,4.400,1780168747,G13,130,139,ok,1
132,4.400,1780168747,G2,263,145,ok,1
132,4.400,1780168747,G3,106,225,ok,1
132,4.400,1780168747,G8,198,120,ok,0
132,4.400,1780168747,G7,245,99,ok,0
132,4.400,1780168747,G9,232,95,ok,0
132,4.400,1780168747,G10,459,163,ok,1
132,4.400,1780168747,G12,274,78,ok,0
132,4.400,1780168747,G16,129,75,ok,0
132,4.400,1780168747,G25,522,504,ok,0
132,4.400,1780168747,D4,64,566,ok,0
132,4.400,1780168747,D2,296,701,ok,1
132,4.400,1780168747,D10,380,754,ok,1
132,4.400,1780168747,D1,210,723,ok,1
132,4.400,1780168747,D9,222,840,ok,1
132,4.400,1780168747,D7,-1,881,ok,0
132,4.400,1780168747,D6,0,590,ok,0
132,4.400,1780168747,D11,0,590,ok,0
132,4.400,1780168747,D5,-21,627,interpolated,0
132,4.400,1780168747,G18,125,139,interpolated,1
132,4.400,1780168747,D12,-8,619,interpolated,0
133,4.433,1780168747,G4,376,301,ok,1
133,4.433,1780168747,G11,165,256,ok,1
133,4.433,1780168747,G1,205,258,ok,1
133,4.433,1780168747,G6,169,94,ok,0
133,4.433,1780168747,G13,130,139,ok,1
133,4.433,1780168747,G2,263,145,ok,1
133,4.433,1780168747,G3,106,225,ok,1
133,4.433,1780168747,G8,198,120,ok,0
133,4.433,1780168747,G7,246,99,ok,0
133,4.433,1780168747,G9,232,95,ok,0
133,4.433,1780168747,G10,459,163,ok,1
133,4.433,1780168747,G12,274,78,ok,0
133,4.433,1780168747,G16,129,75,ok,0
133,4.433,1780168747,G25,522,504,ok,0
133,4.433,1780168747,D4,64,566,ok,0
133,4.433,1780168747,D2,296,701,ok,1
133,4.433,1780168747,D10,380,754,ok,1
133,4.433,1780168747,D1,210,723,ok,1
133,4.433,1780168747,D9,222,840,ok,1
133,4.433,1780168747,D7,-1,881,ok,0
133,4.433,1780168747,D6,0,590,ok,0
133,4.433,1780168747,D11,0,590,ok,0
133,4.433,1780168747,D5,-21,627,interpolated,0
133,4.433,1780168747,G18,125,139,interpolated,1
133,4.433,1780168747,D12,-8,619,interpolated,0
134,4.467,1780168747,G4,375,300,ok,1
134,4.467,1780168747,G11,165,256,ok,1
134,4.467,1780168747,G1,205,256,ok,1
134,4.467,1780168747,G2,263,145,ok,1
134,4.467,1780168747,G6,169,94,ok,0
134,4.467,1780168747,G13,130,139,ok,1
134,4.467,1780168747,G8,198,120,ok,0
134,4.467,1780168747,G3,107,225,ok,1
134,4.467,1780168747,G7,245,99,ok,0
134,4.467,1780168747,G9,232,95,ok,0
134,4.467,1780168747,G16,128,74,ok,0
134,4.467,1780168747,G10,459,164,ok,1
134,4.467,1780168747,G12,274,77,ok,0
134,4.467,1780168747,D2,297,701,ok,1
134,4.467,1780168747,D4,64,566,ok,0
134,4.467,1780168747,D10,379,756,ok,1
134,4.467,1780168747,D1,212,723,ok,1
134,4.467,1780168747,D9,222,837,ok,1
134,4.467,1780168747,D7,-2,881,ok,0
134,4.467,1780168747,D6,0,590,ok,0
134,4.467,1780168747,D11,0,590,ok,0
134,4.467,1780168747,D5,-21,627,interpolated,0
134,4.467,1780168747,G18,125,139,interpolated,1
134,4.467,1780168747,D12,-8,619,interpolated,0
134,4.467,1780168747,G25,522,504,interpolated,0
135,4.500,1780168747,G11,164,256,ok,1
135,4.500,1780168747,G4,374,300,ok,1
135,4.500,1780168747,G1,206,253,ok,1
135,4.500,1780168747,G2,263,145,ok,1
135,4.500,1780168747,G6,169,95,ok,0
135,4.500,1780168747,G13,130,140,ok,1
135,4.500,1780168747,G3,106,225,ok,1
135,4.500,1780168747,G8,198,120,ok,0
135,4.500,1780168747,G9,232,96,ok,0
135,4.500,1780168747,G10,460,164,ok,1
135,4.500,1780168747,G7,245,99,ok,0
135,4.500,1780168747,G12,274,78,ok,0
135,4.500,1780168747,G16,128,75,ok,0
135,4.500,1780168747,D4,64,568,ok,0
135,4.500,1780168747,D2,297,702,ok,1
135,4.500,1780168747,D1,215,723,ok,1
135,4.500,1780168747,D10,378,756,ok,1
135,4.500,1780168747,D9,222,837,ok,1
135,4.500,1780168747,D7,-2,881,ok,0
135,4.500,1780168747,D11,0,589,ok,0
135,4.500,1780168747,D6,0,590,ok,0
135,4.500,1780168747,G18,125,139,interpolated,1
135,4.500,1780168747,G25,522,504,interpolated,0
136,4.533,1780168747,G4,373,299,ok,1
136,4.533,1780168747,G11,164,256,ok,1
136,4.533,1780168747,G1,206,251,ok,1
136,4.533,1780168747,G6,169,94,ok,0
136,4.533,1780168747,G13,130,140,ok,1
136,4.533,1780168747,G3,106,225,ok,1
136,4.533,1780168747,G2,265,145,ok,1
136,4.533,1780168747,G8,198,121,ok,0
136,4.533,1780168747,G9,231,96,ok,0
136,4.533,1780168747,G10,460,164,ok,1
136,4.533,1780168747,G7,245,99,ok,0
136,4.533,1780168747,G16,127,75,ok,0
136,4.533,1780168747,G12,273,78,ok,0
136,4.533,1780168747,D4,64,570,ok,0
136,4.533,1780168747,D1,217,723,ok,1
136,4.533,1780168747,D2,298,702,ok,1
136,4.533,1780168747,D10,377,757,ok,1
136,4.533,1780168747,D9,222,837,ok,1
136,4.533,1780168747,D7,-1,881,ok,0
136,4.533,1780168747,D11,0,589,ok,0
136,4.533,1780168747,D6,0,590,interpolated,0
136,4.533,1780168747,G18,125,139,interpolated,1
136,4.533,1780168747,G25,522,504,interpolated,0
137,4.567,1780168747,G4,373,299,ok,1
137,4.567,1780168747,G11,164,256,ok,1
137,4.567,1780168747,G1,206,250,ok,1
137,4.567,1780168747,G3,106,225,ok,1
137,4.567,1780168747,G6,169,94,ok,0
137,4.567,1780168747,G13,130,140,ok,1
137,4.567,1780168747,G8,198,120,ok,0
137,4.567,1780168747,G2,266,144,ok,1
137,4.567,1780168747,G9,231,95,ok,0
137,4.567,1780168747,G7,245,99,ok,0
137,4.567,1780168747,G10,460,164,ok,1
137,4.567,1780168747,G16,127,75,ok,0
137,4.567,1780168747,G12,273,77,ok,0
137,4.567,1780168747,G18,106,80,ok,0
137,4.567,1780168747,D1,219,723,ok,1
137,4.567,1780168747,D4,64,571,ok,0
137,4.567,1780168747,D2,298,705,ok,1
137,4.567,1780168747,D10,375,757,ok,1
137,4.567,1780168747,D9,223,837,ok,1
137,4.567,1780168747,D7,-2,881,ok,0
137,4.567,1780168747,D6,0,590,ok,0
137,4.567,1780168747,D11,0,590,ok,0
137,4.567,1780168747,G25,522,504,interpolated,0
138,4.600,1780168747,G4,373,297,ok,1
138,4.600,1780168747,G11,164,257,ok,1
138,4.600,1780168747,G1,206,250,ok,1
138,4.600,1780168747,G3,106,225,ok,1
138,4.600,1780168747,G13,130,140,ok,1
138,4.600,1780168747,G2,266,145,ok,1
138,4.600,1780168747,G6,169,95,ok,0
138,4.600,1780168747,G7,245,99,ok,0
138,4.600,1780168747,G8,198,120,ok,0
138,4.600,1780168747,G9,231,96,ok,0
138,4.600,1780168747,G10,460,165,ok,1
138,4.600,1780168747,G12,273,77,ok,0
138,4.600,1780168747,G16,127,76,ok,0
138,4.600,1780168747,G18,106,80,ok,0
138,4.600,1780168747,G25,523,503,ok,0
138,4.600,1780168747,D1,220,724,ok,1
138,4.600,1780168747,D4,63,574,ok,0
138,4.600,1780168747,D2,299,707,ok,1
138,4.600,1780168747,D10,372,756,ok,1
138,4.600,1780168747,D9,224,837,ok,1
138,4.600,1780168747,D7,-2,881,ok,0
138,4.600,1780168747,D6,0,590,ok,0
138,4.600,1780168747,D11,0,590,interpolated,0
139,4.633,1780168747,G4,373,297,ok,1
139,4.633,1780168747,G11,164,257,ok,1
139,4.633,1780168747,G1,206,250,ok,1
139,4.633,1780168747,G3,106,225,ok,1
139,4.633,1780168747,G13,130,140,ok,1
139,4.633,1780168747,G2,266,145,ok,1
139,4.633,1780168747,G6,169,95,ok,0
139,4.633,1780168747,G7,244,99,ok,0
139,4.633,1780168747,G8,198,120,ok,0
139,4.633,1780168747,G9,231,96,ok,0
139,4.633,1780168747,G10,460,165,ok,1
139,4.633,1780168747,G12,273,77,ok,0
139,4.633,1780168747,G16,127,76,ok,0
139,4.633,1780168747,G18,106,80,ok,0
139,4.633,1780168747,G25,523,503,ok,0
139,4.633,1780168747,D1,219,724,ok,1
139,4.633,1780168747,D4,63,574,ok,0
139,4.633,1780168747,D2,299,707,ok,1
139,4.633,1780168747,D10,372,756,ok,1
139,4.633,1780168747,D9,224,837,ok,1
139,4.633,1780168747,D7,-2,881,ok,0
139,4.633,1780168747,D11,-1,590,ok,0
139,4.633,1780168747,D6,0,590,ok,0
140,4.667,1780168747,G4,372,296,ok,1
140,4.667,1780168747,G11,164,257,ok,1
140,4.667,1780168747,G1,205,250,ok,1
140,4.667,1780168747,G3,106,226,ok,1
140,4.667,1780168747,G2,267,145,ok,1
140,4.667,1780168747,G13,130,140,ok,1
140,4.667,1780168747,G6,169,95,ok,0
140,4.667,1780168747,G7,244,99,ok,0
140,4.667,1780168747,G8,198,120,ok,0
140,4.667,1780168747,G10,461,167,ok,1
140,4.667,1780168747,G9,231,96,ok,0
140,4.667,1780168747,G16,127,75,ok,0
140,4.667,1780168747,G12,272,77,ok,0
140,4.667,1780168747,G25,523,503,ok,0
140,4.667,1780168747,D10,370,756,ok,1
140,4.667,1780168747,D4,62,576,ok,0
140,4.667,1780168747,D2,299,709,ok,1
140,4.667,1780168747,D1,220,725,ok,1
140,4.667,1780168747,D9,225,836,ok,1
140,4.667,1780168747,D7,-2,881,ok,0
140,4.667,1780168747,D11,-1,590,ok,0
140,4.667,1780168747,D6,0,590,ok,0
140,4.667,1780168747,G18,106,80,interpolated,0
141,4.700,1780168747,G4,372,294,ok,1
141,4.700,1780168747,G11,164,257,ok,1
141,4.700,1780168747,G3,105,225,ok,1
141,4.700,1780168747,G1,206,250,ok,1
141,4.700,1780168747,G13,130,140,ok,1
141,4.700,1780168747,G6,169,95,ok,0
141,4.700,1780168747,G2,267,145,ok,1
141,4.700,1780168747,G7,244,100,ok,0
141,4.700,1780168747,G8,199,125,ok,0
141,4.700,1780168747,G10,460,172,ok,1
141,4.700,1780168747,G9,231,96,ok,0
141,4.700,1780168747,G16,127,76,ok,0
141,4.700,1780168747,G12,272,76,ok,0
141,4.700,1780168747,G25,523,503,ok,0
141,4.700,1780168747,D4,62,578,ok,0
141,4.700,1780168747,D1,220,727,ok,1
141,4.700,1780168747,D10,369,757,ok,1
141,4.700,1780168747,D2,299,715,ok,1
141,4.700,1780168747,D9,226,837,ok,1
141,4.700,1780168747,D7,-2,881,ok,0
141,4.700,1780168747,D11,0,589,ok,0
141,4.700,1780168747,D6,0,590,ok,0
141,4.700,1780168747,G18,106,80,interpolated,0
142,4.733,1780168747,G4,371,294,ok,1
142,4.733,1780168747,G11,165,261,ok,1
142,4.733,1780168747,G3,105,225,ok,1
142,4.733,1780168747,G1,205,250,ok,1
142,4.733,1780168747,G13,130,140,ok,1
142,4.733,1780168747,G6,169,95,ok,0
142,4.733,1780168747,G2,266,145,ok,1
142,4.733,1780168747,G7,244,100,ok,0
142,4.733,1780168747,G8,198,122,ok,0
142,4.733,1780168747,G10,460,174,ok,1
142,4.733,1780168747,G9,230,96,ok,0
142,4.733,1780168747,G12,272,76,ok,0
142,4.733,1780168747,G16,127,76,ok,0
142,4.733,1780168747,G25,523,503,ok,0
142,4.733,1780168747,D4,62,579,ok,0
142,4.733,1780168747,D2,299,719,ok,1
142,4.733,1780168747,D1,220,728,ok,1
142,4.733,1780168747,D10,368,757,ok,1
142,4.733,1780168747,D9,227,836,ok,1
142,4.733,1780168747,D7,-1,881,ok,0
142,4.733,1780168747,D6,0,590,ok,0
142,4.733,1780168747,D11,0,589,ok,0
142,4.733,1780168747,G18,106,80,interpolated,0
143,4.767,1780168747,G4,371,294,ok,1
143,4.767,1780168747,G11,165,264,ok,1
143,4.767,1780168747,G1,206,250,ok,1
143,4.767,1780168747,G3,105,225,ok,1
143,4.767,1780168747,G6,169,95,ok,0
143,4.767,1780168747,G13,130,140,ok,1
143,4.767,1780168747,G7,243,100,ok,0
143,4.767,1780168747,G2,268,145,ok,1
143,4.767,1780168747,G10,459,177,ok,1
143,4.767,1780168747,G8,198,121,ok,0
143,4.767,1780168747,G9,230,96,ok,0
143,4.767,1780168747,G16,127,76,ok,0
143,4.767,1780168747,G12,271,74,ok,0
143,4.767,1780168747,G25,523,503,ok,0
143,4.767,1780168747,D2,299,723,ok,1
143,4.767,1780168747,D4,62,580,ok,0
143,4.767,1780168747,D1,221,731,ok,1
143,4.767,1780168747,D10,368,758,ok,1
143,4.767,1780168747,D9,227,836,ok,1
143,4.767,1780168747,D7,-1,881,ok,0
143,4.767,1780168747,D11,0,589,ok,0
143,4.767,1780168747,D6,0,590,ok,0
143,4.767,1780168747,G18,106,80,interpolated,0
144,4.800,1780168747,G4,370,293,ok,1
144,4.800,1780168747,G11,166,267,ok,1
144,4.800,1780168747,G3,105,226,ok,1
144,4.800,1780168747,G1,206,249,ok,1
144,4.800,1780168747,G6,168,94,ok,0
144,4.800,1780168747,G8,198,120,ok,0
144,4.800,1780168747,G13,130,140,ok,1
144,4.800,1780168747,G7,243,101,ok,0
144,4.800,1780168747,G10,460,177,ok,1
144,4.800,1780168747,G2,266,145,ok,1
144,4.800,1780168747,G9,229,96,ok,0
144,4.800,1780168747,G12,271,76,ok,0
144,4.800,1780168747,G16,126,76,ok,0
144,4.800,1780168747,G25,521,505,ok,0
144,4.800,1780168747,D10,368,760,ok,1
144,4.800,1780168747,D2,300,724,ok,1
144,4.800,1780168747,D4,62,580,ok,0
144,4.800,1780168747,D1,222,733,ok,1
144,4.800,1780168747,D9,228,836,ok,1
144,4.800,1780168747,D7,-1,881,ok,0
144,4.800,1780168747,D6,0,590,ok,0
144,4.800,1780168747,D11,0,590,ok,0
144,4.800,1780168747,G18,106,80,interpolated,0
145,4.833,1780168747,G4,370,293,ok,1
145,4.833,1780168747,G11,166,267,ok,1
145,4.833,1780168747,G3,105,226,ok,1
145,4.833,1780168747,G1,206,249,ok,1
145,4.833,1780168747,G6,168,94,ok,0
145,4.833,1780168747,G8,198,120,ok,0
145,4.833,1780168747,G13,130,140,ok,1
145,4.833,1780168747,G7,243,101,ok,0
145,4.833,1780168747,G10,460,177,ok,1
145,4.833,1780168747,G2,266,145,ok,1
145,4.833,1780168747,G9,229,96,ok,0
145,4.833,1780168747,G12,271,76,ok,0
145,4.833,1780168747,G16,126,76,ok,0
145,4.833,1780168747,G25,521,504,ok,0
145,4.833,1780168747,G18,523,503,ok,0
145,4.833,1780168747,D10,368,761,ok,1
145,4.833,1780168747,D2,300,724,ok,1
145,4.833,1780168747,D4,62,580,ok,0
145,4.833,1780168747,D1,222,733,ok,1
145,4.833,1780168747,D9,228,836,ok,1
145,4.833,1780168747,D7,-1,881,ok,0
145,4.833,1780168747,D6,0,590,ok,0
145,4.833,1780168747,D11,0,590,ok,0
146,4.867,1780168747,G4,369,293,ok,1
146,4.867,1780168747,G11,167,269,ok,1
146,4.867,1780168747,G3,105,225,ok,1
146,4.867,1780168747,G6,168,94,ok,0
146,4.867,1780168747,G1,206,245,ok,1
146,4.867,1780168747,G7,242,102,ok,0
146,4.867,1780168747,G8,198,120,ok,0
146,4.867,1780168747,G13,128,139,ok,1
146,4.867,1780168747,G2,266,145,ok,1
146,4.867,1780168747,G10,460,179,ok,1
146,4.867,1780168747,G9,230,96,ok,0
146,4.867,1780168747,G16,126,76,ok,0
146,4.867,1780168747,G12,271,76,ok,0
146,4.867,1780168747,G25,521,504,ok,0
146,4.867,1780168747,D2,300,724,ok,1
146,4.867,1780168747,D1,223,737,ok,1
146,4.867,1780168747,D10,367,761,ok,1
146,4.867,1780168747,D4,62,579,ok,0
146,4.867,1780168747,D9,229,836,ok,1
146,4.867,1780168747,D7,-1,881,ok,0
146,4.867,1780168747,D6,0,590,ok,0
146,4.867,1780168747,D11,0,590,ok,0
146,4.867,1780168747,G18,523,503,interpolated,0
147,4.900,1780168747,G11,167,271,ok,1
147,4.900,1780168747,G4,367,293,ok,1
147,4.900,1780168747,G3,104,225,ok,1
147,4.900,1780168747,G6,169,94,ok,0
147,4.900,1780168747,G13,129,140,ok,1
147,4.900,1780168747,G7,242,103,ok,0
147,4.900,1780168747,G1,206,246,ok,1
147,4.900,1780168747,G8,198,120,ok,0
147,4.900,1780168747,G2,265,145,ok,1
147,4.900,1780168747,G10,460,181,ok,1
147,4.900,1780168747,G9,229,96,ok,0
147,4.900,1780168747,G16,126,76,ok,0
147,4.900,1780168747,G25,521,504,ok,0
147,4.900,1780168747,G18,523,503,ok,0
147,4.900,1780168747,D2,300,724,ok,1
147,4.900,1780168747,D4,63,579,ok,0
147,4.900,1780168747,D1,224,737,ok,1
147,4.900,1780168747,D10,366,764,ok,1
147,4.900,1780168747,D9,231,836,ok,1
147,4.900,1780168747,D7,-1,881,ok,0
147,4.900,1780168747,D6,0,590,ok,0
147,4.900,1780168747,D11,0,589,ok,0
147,4.900,1780168747,G12,271,76,interpolated,0
148,4.933,1780168747,G4,366,293,ok,1
148,4.933,1780168747,G11,167,271,ok,1
148,4.933,1780168747,G3,104,225,ok,1
148,4.933,1780168747,G6,169,94,ok,0
148,4.933,1780168747,G7,242,104,ok,0
148,4.933,1780168747,G13,128,139,ok,1
148,4.933,1780168747,G1,206,238,ok,1
148,4.933,1780168747,G10,459,182,ok,1
148,4.933,1780168747,G8,197,120,ok,0
148,4.933,1780168747,G2,270,145,ok,1
148,4.933,1780168747,G9,229,96,ok,0
148,4.933,1780168747,G16,126,77,ok,0
148,4.933,1780168747,G26,203,209,ok,1
148,4.933,1780168747,G25,521,504,ok,0
148,4.933,1780168747,G12,199,49,ok,0
148,4.933,1780168747,G18,523,503,ok,0
148,4.933,1780168747,D2,301,724,ok,1
148,4.933,1780168747,D4,63,580,ok,0
148,4.933,1780168747,D1,225,737,ok,1
148,4.933,1780168747,D10,365,767,ok,1
148,4.933,1780168747,D9,231,836,ok,1
148,4.933,1780168747,D7,-1,881,ok,0
148,4.933,1780168747,D6,0,590,ok,0
148,4.933,1780168747,D11,0,589,ok,0
149,4.967,1780168747,G11,168,271,ok,1
149,4.967,1780168747,G4,365,293,ok,1
149,4.967,1780168747,G3,104,225,ok,1
149,4.967,1780168747,G6,169,94,ok,0
149,4.967,1780168747,G1,206,231,ok,1
149,4.967,1780168747,G7,242,105,ok,0
149,4.967,1780168747,G13,128,140,ok,1
149,4.967,1780168747,G10,460,182,ok,1
149,4.967,1780168747,G8,197,121,ok,0
149,4.967,1780168747,G2,266,145,ok,1
149,4.967,1780168747,G9,229,96,ok,0
149,4.967,1780168747,G16,125,76,ok,0
149,4.967,1780168747,G12,98,81,ok,0
149,4.967,1780168747,G25,522,504,ok,0
149,4.967,1780168747,D4,64,580,ok,0
149,4.967,1780168747,D2,301,724,ok,1
149,4.967,1780168747,D10,363,771,ok,1
149,4.967,1780168747,D1,226,737,ok,1
149,4.967,1780168747,D9,232,837,ok,1
149,4.967,1780168747,D7,-1,881,ok,0
149,4.967,1780168747,D6,0,590,ok,0
149,4.967,1780168747,D11,0,589,ok,0
149,4.967,1780168747,G18,523,503,interpolated,0
149,4.967,1780168747,G26,203,209,interpolated,1
150,5.000,1780168748,G11,168,271,ok,1
150,5.000,1780168748,G4,364,292,ok,1
150,5.000,1780168748,G3,103,225,ok,1
150,5.000,1780168748,G1,207,232,ok,1
150,5.000,1780168748,G6,169,94,ok,0
150,5.000,1780168748,G7,242,107,ok,0
150,5.000,1780168748,G10,460,181,ok,1
150,5.000,1780168748,G13,127,140,ok,1
150,5.000,1780168748,G8,197,120,ok,0
150,5.000,1780168748,G2,268,145,ok,1
150,5.000,1780168748,G9,227,96,ok,0
150,5.000,1780168748,G16,125,77,ok,0
150,5.000,1780168748,G12,97,82,ok,0
150,5.000,1780168748,G25,522,504,ok,0
150,5.000,1780168748,G27,103,82,ok,0
150,5.000,1780168748,G26,200,54,ok,0
150,5.000,1780168748,D2,301,724,ok,1
150,5.000,1780168748,D10,362,772,ok,1
150,5.000,1780168748,D4,64,580,ok,0
150,5.000,1780168748,D1,227,737,ok,1
150,5.000,1780168748,D9,232,837,ok,1
150,5.000,1780168748,D7,-1,881,ok,0
150,5.000,1780168748,D11,0,589,ok,0
150,5.000,1780168748,D6,0,590,ok,0
150,5.000,1780168748,D14,0,590,ok,0
150,5.000,1780168748,G18,523,503,interpolated,0
151,5.033,1780168748,G11,168,271,ok,1
151,5.033,1780168748,G4,364,292,ok,1
151,5.033,1780168748,G3,103,224,ok,1
151,5.033,1780168748,G1,206,232,ok,1
151,5.033,1780168748,G6,169,94,ok,0
151,5.033,1780168748,G7,242,107,ok,0
151,5.033,1780168748,G10,460,181,ok,1
151,5.033,1780168748,G13,127,140,ok,1
151,5.033,1780168748,G8,197,120,ok,0
151,5.033,1780168748,G2,268,145,ok,1
151,5.033,1780168748,G9,228,96,ok,0
151,5.033,1780168748,G16,125,77,ok,0
151,5.033,1780168748,G12,97,81,ok,0
151,5.033,1780168748,G25,522,504,ok,0
151,5.033,1780168748,G27,103,82,ok,0
151,5.033,1780168748,G26,200,54,ok,0
151,5.033,1780168748,G18,521,503,ok,0
151,5.033,1780168748,D2,301,725,ok,1
151,5.033,1780168748,D10,362,772,ok,1
151,5.033,1780168748,D1,227,737,ok,1
151,5.033,1780168748,D4,64,580,ok,0
151,5.033,1780168748,D9,232,837,ok,1
151,5.033,1780168748,D7,-1,881,ok,0
151,5.033,1780168748,D11,0,589,ok,0
151,5.033,1780168748,D6,0,590,ok,0
151,5.033,1780168748,D14,0,590,interpolated,0
152,5.067,1780168748,G11,169,271,ok,1
152,5.067,1780168748,G4,363,292,ok,1
152,5.067,1780168748,G1,207,228,ok,1
152,5.067,1780168748,G3,103,224,ok,1
152,5.067,1780168748,G6,169,94,ok,0
152,5.067,1780168748,G10,460,182,ok,1
152,5.067,1780168748,G7,242,107,ok,0
152,5.067,1780168748,G13,126,141,ok,1
152,5.067,1780168748,G8,196,121,ok,0
152,5.067,1780168748,G2,267,145,ok,1
152,5.067,1780168748,G9,228,96,ok,0
152,5.067,1780168748,G16,124,78,ok,0
152,5.067,1780168748,G25,522,504,ok,0
152,5.067,1780168748,G28,522,504,ok,0
152,5.067,1780168748,G18,521,503,ok,0
152,5.067,1780168748,D4,65,580,ok,0
152,5.067,1780168748,D2,301,726,ok,1
152,5.067,1780168748,D1,229,738,ok,1
152,5.067,1780168748,D10,362,772,ok,1
152,5.067,1780168748,D9,232,837,ok,1
152,5.067,1780168748,D7,-1,881,ok,0
152,5.067,1780168748,D11,0,589,ok,0
152,5.067,1780168748,D6,0,590,ok,0
152,5.067,1780168748,D14,0,590,ok,0
152,5.067,1780168748,G12,97,81,interpolated,0
152,5.067,1780168748,G26,200,54,interpolated,0
152,5.067,1780168748,G27,103,82,interpolated,0
153,5.100,1780168748,G4,362,291,ok,1
153,5.100,1780168748,G11,170,271,ok,1
153,5.100,1780168748,G1,207,227,ok,1
153,5.100,1780168748,G3,102,223,ok,1
153,5.100,1780168748,G10,461,182,ok,1
153,5.100,1780168748,G6,169,94,ok,0
153,5.100,1780168748,G7,242,107,ok,0
153,5.100,1780168748,G2,268,144,ok,1
153,5.100,1780168748,G8,196,121,ok,0
153,5.100,1780168748,G13,125,140,ok,1
153,5.100,1780168748,G16,124,78,ok,0
153,5.100,1780168748,G9,229,96,ok,0
153,5.100,1780168748,G25,522,504,ok,0
153,5.100,1780168748,G28,522,504,ok,0
153,5.100,1780168748,G18,521,503,ok,0
153,5.100,1780168748,D4,66,580,ok,0
153,5.100,1780168748,D1,230,738,ok,1
153,5.100,1780168748,D10,361,773,ok,1
153,5.100,1780168748,D2,301,728,ok,1
153,5.100,1780168748,D9,232,837,ok,1
153,5.100,1780168748,D7,-1,881,ok,0
153,5.100,1780168748,D6,0,590,ok,0
153,5.100,1780168748,D14,0,590,ok,0
153,5.100,1780168748,G12,97,81,interpolated,0
153,5.100,1780168748,D11,0,589,interpolated,0
153,5.100,1780168748,G26,200,54,interpolated,0
153,5.100,1780168748,G27,103,82,interpolated,0
154,5.133,1780168748,G4,362,290,ok,1
154,5.133,1780168748,G11,170,271,ok,1
154,5.133,1780168748,G1,208,227,ok,1
154,5.133,1780168748,G3,102,221,ok,1
154,5.133,1780168748,G10,461,182,ok,1
154,5.133,1780168748,G6,169,94,ok,0
154,5.133,1780168748,G2,267,144,ok,1
154,5.133,1780168748,G7,242,107,ok,0
154,5.133,1780168748,G8,196,121,ok,0
154,5.133,1780168748,G13,125,144,ok,1
154,5.133,1780168748,G9,229,96,ok,0
154,5.133,1780168748,G16,124,78,ok,0
154,5.133,1780168748,G25,522,504,ok,0
154,5.133,1780168748,G28,522,504,ok,0
154,5.133,1780168748,D1,231,738,ok,1
154,5.133,1780168748,D4,65,581,ok,0
154,5.133,1780168748,D2,301,730,ok,1
154,5.133,1780168748,D10,361,773,ok,1
154,5.133,1780168748,D9,232,837,ok,1
154,5.133,1780168748,D7,-1,881,ok,0
154,5.133,1780168748,D6,0,590,ok,0
154,5.133,1780168748,D11,0,589,ok,0
154,5.133,1780168748,D14,0,590,ok,0
154,5.133,1780168748,G12,97,81,interpolated,0
154,5.133,1780168748,G18,521,503,interpolated,0
154,5.133,1780168748,G26,200,54,interpolated,0
154,5.133,1780168748,G27,103,82,interpolated,0
155,5.167,1780168748,G11,171,272,ok,1
155,5.167,1780168748,G4,361,289,ok,1
155,5.167,1780168748,G1,209,227,ok,1
155,5.167,1780168748,G3,102,223,ok,1
155,5.167,1780168748,G10,462,182,ok,1
155,5.167,1780168748,G2,267,142,ok,1
155,5.167,1780168748,G6,169,94,ok,0
155,5.167,1780168748,G7,242,107,ok,0
155,5.167,1780168748,G13,126,144,ok,1
155,5.167,1780168748,G8,196,121,ok,0
155,5.167,1780168748,G9,228,96,ok,0
155,5.167,1780168748,G16,123,78,ok,0
155,5.167,1780168748,G25,522,504,ok,0
155,5.167,1780168748,D4,65,582,ok,0
155,5.167,1780168748,D1,233,739,ok,1
155,5.167,1780168748,D2,301,734,ok,1
155,5.167,1780168748,D10,360,774,ok,1
155,5.167,1780168748,D9,232,837,ok,1
155,5.167,1780168748,D7,0,881,ok,0
155,5.167,1780168748,D11,0,589,ok,0
155,5.167,1780168748,D6,0,590,ok,0
155,5.167,1780168748,G12,97,81,interpolated,0
155,5.167,1780168748,G18,521,503,interpolated,0
155,5.167,1780168748,G26,200,54,interpolated,0
155,5.167,1780168748,G27,103,82,interpolated,0
155,5.167,1780168748,D14,0,590,interpolated,0
155,5.167,1780168748,G28,522,504,interpolated,0
156,5.200,1780168748,G11,172,274,ok,1
156,5.200,1780168748,G4,360,288,ok,1
156,5.200,1780168748,G1,208,227,ok,1
156,5.200,1780168748,G3,102,223,ok,1
156,5.200,1780168748,G6,169,94,ok,0
156,5.200,1780168748,G7,242,107,ok,0
156,5.200,1780168748,G10,462,183,ok,1
156,5.200,1780168748,G2,266,141,ok,1
156,5.200,1780168748,G9,227,96,ok,0
156,5.200,1780168748,G13,125,146,ok,1
156,5.200,1780168748,G8,196,121,ok,0
156,5.200,1780168748,G16,123,78,ok,0
156,5.200,1780168748,G18,521,504,ok,0
156,5.200,1780168748,G25,522,503,ok,0
156,5.200,1780168748,D1,234,740,ok,1
156,5.200,1780168748,D4,65,582,ok,0
156,5.200,1780168748,D2,301,739,ok,1
156,5.200,1780168748,D10,358,775,ok,1
156,5.200,1780168748,D9,233,837,ok,1
156,5.200,1780168748,D7,0,881,ok,0
156,5.200,1780168748,D11,0,589,ok,0
156,5.200,1780168748,D6,0,590,ok,0
156,5.200,1780168748,G12,97,81,interpolated,0
156,5.200,1780168748,G26,200,54,interpolated,0
156,5.200,1780168748,G27,103,82,interpolated,0
156,5.200,1780168748,D14,0,590,interpolated,0
156,5.200,1780168748,G28,522,504,interpolated,0
157,5.233,1780168748,G11,172,274,ok,1
157,5.233,1780168748,G4,360,288,ok,1
157,5.233,1780168748,G1,208,227,ok,1
157,5.233,1780168748,G3,102,223,ok,1
157,5.233,1780168748,G6,169,94,ok,0
157,5.233,1780168748,G7,242,107,ok,0
157,5.233,1780168748,G10,462,183,ok,1
157,5.233,1780168748,G2,266,141,ok,1
157,5.233,1780168748,G9,228,96,ok,0
157,5.233,1780168748,G13,125,146,ok,1
157,5.233,1780168748,G8,196,121,ok,0
157,5.233,1780168748,G16,123,78,ok,0
157,5.233,1780168748,G18,521,504,ok,0
157,5.233,1780168748,G25,522,503,ok,0
157,5.233,1780168748,D1,234,740,ok,1
157,5.233,1780168748,D4,65,582,ok,0
157,5.233,1780168748,D2,301,739,ok,1
157,5.233,1780168748,D10,358,775,ok,1
157,5.233,1780168748,D9,233,837,ok,1
157,5.233,1780168748,D7,0,881,ok,0
157,5.233,1780168748,D11,0,589,ok,0
157,5.233,1780168748,D6,0,590,ok,0
157,5.233,1780168748,G12,97,81,interpolated,0
157,5.233,1780168748,G26,200,54,interpolated,0
157,5.233,1780168748,G27,103,82,interpolated,0
157,5.233,1780168748,D14,0,590,interpolated,0
157,5.233,1780168748,G28,522,504,interpolated,0
158,5.267,1780168748,G11,172,277,ok,1
158,5.267,1780168748,G4,360,286,ok,1
158,5.267,1780168748,G1,208,227,ok,1
158,5.267,1780168748,G3,102,223,ok,1
158,5.267,1780168748,G10,463,184,ok,1
158,5.267,1780168748,G2,265,139,ok,1
158,5.267,1780168748,G6,170,94,ok,0
158,5.267,1780168748,G7,242,108,ok,0
158,5.267,1780168748,G13,126,147,ok,1
158,5.267,1780168748,G9,227,96,ok,0
158,5.267,1780168748,G8,196,121,ok,0
158,5.267,1780168748,G16,123,78,ok,0
158,5.267,1780168748,G18,521,504,ok,0
158,5.267,1780168748,D4,65,584,ok,0
158,5.267,1780168748,D1,234,740,ok,1
158,5.267,1780168748,D2,302,743,ok,1
158,5.267,1780168748,D10,357,777,ok,1
158,5.267,1780168748,D9,233,837,ok,1
158,5.267,1780168748,D7,0,881,ok,0
158,5.267,1780168748,D11,0,589,ok,0
158,5.267,1780168748,D6,0,590,ok,0
158,5.267,1780168748,D14,361,815,ok,1
158,5.267,1780168748,G12,97,81,interpolated,0
158,5.267,1780168748,G25,522,503,interpolated,0
158,5.267,1780168748,G26,200,54,interpolated,0
158,5.267,1780168748,G27,103,82,interpolated,0
158,5.267,1780168748,G28,522,504,interpolated,0
159,5.300,1780168748,G11,172,279,ok,1
159,5.300,1780168748,G4,359,282,ok,1
159,5.300,1780168748,G1,209,227,ok,1
159,5.300,1780168748,G3,102,223,ok,1
159,5.300,1780168748,G6,170,94,ok,0
159,5.300,1780168748,G2,265,138,ok,1
159,5.300,1780168748,G10,463,186,ok,1
159,5.300,1780168748,G7,241,107,ok,0
159,5.300,1780168748,G13,126,147,ok,1
159,5.300,1780168748,G9,227,96,ok,0
159,5.300,1780168748,G8,196,121,ok,0
159,5.300,1780168748,G16,123,78,ok,0
159,5.300,1780168748,G18,521,504,ok,0
159,5.300,1780168748,D1,235,740,ok,1
159,5.300,1780168748,D4,64,585,ok,0
159,5.300,1780168748,D2,302,748,ok,1
159,5.300,1780168748,D10,356,782,ok,1
159,5.300,1780168748,D9,234,837,ok,1
159,5.300,1780168748,D7,0,881,ok,0
159,5.300,1780168748,D11,0,589,ok,0
159,5.300,1780168748,D6,0,590,ok,0
159,5.300,1780168748,D15,0,590,ok,0
159,5.300,1780168748,G12,97,81,interpolated,0
159,5.300,1780168748,G25,522,503,interpolated,0
159,5.300,1780168748,G26,200,54,interpolated,0
159,5.300,1780168748,G27,103,82,interpolated,0
159,5.300,1780168748,D14,361,815,interpolated,1
159,5.300,1780168748,G28,522,504,interpolated,0
160,5.333,1780168748,G11,173,282,ok,1
160,5.333,1780168748,G4,358,280,ok,1
160,5.333,1780168748,G1,209,227,ok,1
160,5.333,1780168748,G3,102,223,ok,1
160,5.333,1780168748,G6,170,94,ok,0
160,5.333,1780168748,G2,265,137,ok,1
160,5.333,1780168748,G7,242,108,ok,0
160,5.333,1780168748,G10,463,186,ok,1
160,5.333,1780168748,G9,229,96,ok,0
160,5.333,1780168748,G8,197,121,ok,0
160,5.333,1780168748,G13,125,147,ok,1
160,5.333,1780168748,G16,124,78,ok,0
160,5.333,1780168748,G28,522,504,ok,0
160,5.333,1780168748,G18,521,503,ok,0
160,5.333,1780168748,G26,202,55,ok,0
160,5.333,1780168748,D4,63,588,ok,0
160,5.333,1780168748,D1,236,742,ok,1
160,5.333,1780168748,D10,355,786,ok,1
160,5.333,1780168748,D2,302,748,ok,1
160,5.333,1780168748,D9,235,837,ok,1
160,5.333,1780168748,D14,306,748,ok,1
160,5.333,1780168748,D7,0,881,ok,0
160,5.333,1780168748,D11,0,589,ok,0
160,5.333,1780168748,D6,0,590,ok,0
160,5.333,1780168748,G12,97,81,interpolated,0
160,5.333,1780168748,G25,522,503,interpolated,0
160,5.333,1780168748,G27,103,82,interpolated,0
160,5.333,1780168748,D15,0,590,interpolated,0
161,5.367,1780168748,G11,173,284,ok,1
161,5.367,1780168748,G4,358,277,ok,1
161,5.367,1780168748,G1,209,225,ok,1
161,5.367,1780168748,G3,101,223,ok,1
161,5.367,1780168748,G6,171,95,ok,0
161,5.367,1780168748,G2,264,136,ok,1
161,5.367,1780168748,G7,242,108,ok,0
161,5.367,1780168748,G9,228,96,ok,0
161,5.367,1780168748,G10,463,187,ok,1
161,5.367,1780168748,G13,125,147,ok,1
161,5.367,1780168748,G8,197,121,ok,0
161,5.367,1780168748,G16,124,78,ok,0
161,5.367,1780168748,G28,522,504,ok,0
161,5.367,1780168748,G26,202,55,ok,0
161,5.367,1780168748,D4,63,590,ok,0
161,5.367,1780168748,D1,237,745,ok,1
161,5.367,1780168748,D10,354,789,ok,1
161,5.367,1780168748,D2,303,748,ok,1
161,5.367,1780168748,D9,236,838,ok,1
161,5.367,1780168748,D7,0,881,ok,0
161,5.367,1780168748,D11,0,589,ok,0
161,5.367,1780168748,D6,0,590,ok,0
161,5.367,1780168748,D14,306,749,ok,1
161,5.367,1780168748,D15,0,590,ok,0
161,5.367,1780168748,G12,97,81,interpolated,0
161,5.367,1780168748,G18,521,503,interpolated,0
161,5.367,1780168748,G25,522,503,interpolated,0
161,5.367,1780168748,G27,103,82,interpolated,0
162,5.400,1780168748,G11,173,286,ok,1
162,5.400,1780168748,G4,356,277,ok,1
162,5.400,1780168748,G1,209,225,ok,1
162,5.400,1780168748,G3,101,223,ok,1
162,5.400,1780168748,G6,171,94,ok,0
162,5.400,1780168748,G7,242,108,ok,0
162,5.400,1780168748,G2,264,135,ok,1
162,5.400,1780168748,G10,462,192,ok,1
162,5.400,1780168748,G9,228,96,ok,0
162,5.400,1780168748,G13,125,148,ok,1
162,5.400,1780168748,G16,124,78,ok,0
162,5.400,1780168748,G8,197,121,ok,0
162,5.400,1780168748,G27,265,75,ok,0
162,5.400,1780168748,G18,521,504,ok,0
162,5.400,1780168748,G26,202,55,ok,0
162,5.400,1780168748,D4,62,593,ok,0
162,5.400,1780168748,D1,237,748,ok,1
162,5.400,1780168748,D10,353,791,ok,1
162,5.400,1780168748,D2,303,748,ok,1
162,5.400,1780168748,D9,238,838,ok,1
162,5.400,1780168748,D7,0,881,ok,0
162,5.400,1780168748,D11,0,589,ok,0
162,5.400,1780168748,D6,0,590,interpolated,0
162,5.400,1780168748,G25,522,503,interpolated,0
162,5.400,1780168748,D14,306,749,interpolated,1
162,5.400,1780168748,G28,522,504,interpolated,0
162,5.400,1780168748,D15,0,590,interpolated,0
163,5.433,1780168748,G11,173,286,ok,1
163,5.433,1780168748,G4,356,277,ok,1
163,5.433,1780168748,G1,209,225,ok,1
163,5.433,1780168748,G3,101,223,ok,1
163,5.433,1780168748,G6,171,95,ok,0
163,5.433,1780168748,G7,242,108,ok,0
163,5.433,1780168748,G2,264,135,ok,1
163,5.433,1780168748,G10,462,192,ok,1
163,5.433,1780168748,G9,228,96,ok,0
163,5.433,1780168748,G13,125,148,ok,1
163,5.433,1780168748,G16,124,78,ok,0
163,5.433,1780168748,G8,197,121,ok,0
163,5.433,1780168748,G27,265,75,ok,0
163,5.433,1780168748,G26,202,55,ok,0
163,5.433,1780168748,G18,521,504,ok,0
163,5.433,1780168748,D4,62,593,ok,0
163,5.433,1780168748,D1,237,748,ok,1
163,5.433,1780168748,D10,353,791,ok,1
163,5.433,1780168748,D2,303,748,ok,1
163,5.433,1780168748,D9,238,838,ok,1
163,5.433,1780168748,D7,0,881,ok,0
163,5.433,1780168748,D6,0,590,interpolated,0
163,5.433,1780168748,D11,0,589,interpolated,0
163,5.433,1780168748,G25,522,503,interpolated,0
163,5.433,1780168748,D14,306,749,interpolated,1
163,5.433,1780168748,G28,522,504,interpolated,0
163,5.433,1780168748,D15,0,590,interpolated,0
164,5.467,1780168748,G11,174,286,ok,1
164,5.467,1780168748,G4,355,278,ok,1
164,5.467,1780168748,G1,210,226,ok,1
164,5.467,1780168748,G3,102,223,ok,1
164,5.467,1780168748,G6,171,94,ok,0
164,5.467,1780168748,G10,463,192,ok,1
164,5.467,1780168748,G7,242,108,ok,0
164,5.467,1780168748,G2,264,135,ok,1
164,5.467,1780168748,G9,228,96,ok,0
164,5.467,1780168748,G13,125,148,ok,1
164,5.467,1780168748,G16,124,78,ok,0
164,5.467,1780168748,G8,197,121,ok,0
164,5.467,1780168748,G27,265,77,ok,0
164,5.467,1780168748,G18,521,504,ok,0
164,5.467,1780168748,G26,202,56,ok,0
164,5.467,1780168748,D4,63,595,ok,0
164,5.467,1780168748,D1,238,751,ok,1
164,5.467,1780168748,D10,351,791,ok,1
164,5.467,1780168748,D2,302,748,ok,1
164,5.467,1780168748,D9,240,838,ok,1
164,5.467,1780168748,D7,0,881,ok,0
164,5.467,1780168748,D11,0,589,ok,0
164,5.467,1780168748,D6,0,590,interpolated,0
164,5.467,1780168748,G25,522,503,interpolated,0
164,5.467,1780168748,D14,306,749,interpolated,1
164,5.467,1780168748,G28,522,504,interpolated,0
164,5.467,1780168748,D15,0,590,interpolated,0
165,5.500,1780168748,G11,173,286,ok,1
165,5.500,1780168748,G4,353,277,ok,1
165,5.500,1780168748,G1,211,227,ok,1
165,5.500,1780168748,G3,101,223,ok,1
165,5.500,1780168748,G6,171,94,ok,0
165,5.500,1780168748,G10,463,194,ok,1
165,5.500,1780168748,G7,242,108,ok,0
165,5.500,1780168748,G2,263,135,ok,1
165,5.500,1780168748,G9,228,96,ok,0
165,5.500,1780168748,G13,124,148,ok,1
165,5.500,1780168748,G16,124,78,ok,0
165,5.500,1780168748,G8,197,120,ok,0
165,5.500,1780168748,G27,264,78,ok,0
165,5.500,1780168748,G18,521,504,ok,0
165,5.500,1780168748,G26,202,55,ok,0
165,5.500,1780168748,D4,63,597,ok,0
165,5.500,1780168748,D1,237,753,ok,1
165,5.500,1780168748,D2,302,748,ok,1
165,5.500,1780168748,D10,350,792,ok,1
165,5.500,1780168748,D9,240,839,ok,1
165,5.500,1780168748,D7,0,881,ok,0
165,5.500,1780168748,D6,0,590,interpolated,0
165,5.500,1780168748,D11,0,589,interpolated,0
165,5.500,1780168748,G25,522,503,interpolated,0
165,5.500,1780168748,D14,306,749,interpolated,1
165,5.500,1780168748,G28,522,504,interpolated,0
165,5.500,1780168748,D15,0,590,interpolated,0
166,5.533,1780168748,G11,173,286,ok,1
166,5.533,1780168748,G4,351,277,ok,1
166,5.533,1780168748,G1,212,225,ok,1
166,5.533,1780168748,G3,101,223,ok,1
166,5.533,1780168748,G6,172,94,ok,0
166,5.533,1780168748,G2,262,135,ok,1
166,5.533,1780168748,G7,242,108,ok,0
166,5.533,1780168748,G10,463,196,ok,1
166,5.533,1780168748,G9,228,96,ok,0
166,5.533,1780168748,G13,123,148,ok,1
166,5.533,1780168748,G16,124,78,ok,0
166,5.533,1780168748,G26,202,56,ok,0
166,5.533,1780168748,G18,521,504,ok,0
166,5.533,1780168748,G8,197,121,ok,0
166,5.533,1780168748,D4,64,597,ok,0
166,5.533,1780168748,D1,238,755,ok,1
166,5.533,1780168748,D10,349,793,ok,1
166,5.533,1780168748,D2,303,748,ok,1
166,5.533,1780168748,D9,241,839,ok,1
166,5.533,1780168748,D7,0,881,ok,0
166,5.533,1780168748,D6,0,590,interpolated,0
166,5.533,1780168748,D11,0,589,interpolated,0
166,5.533,1780168748,G25,522,503,interpolated,0
166,5.533,1780168748,G27,264,78,interpolated,0
166,5.533,1780168748,D14,306,749,interpolated,1
166,5.533,1780168748,G28,522,504,interpolated,0
166,5.533,1780168748,D15,0,590,interpolated,0
167,5.567,1780168748,G11,173,286,ok,1
167,5.567,1780168748,G4,349,276,ok,1
167,5.567,1780168748,G3,102,223,ok,1
167,5.567,1780168748,G1,211,211,ok,1
167,5.567,1780168748,G10,463,196,ok,1
167,5.567,1780168748,G6,172,95,ok,0
167,5.567,1780168748,G2,262,135,ok,1
167,5.567,1780168748,G7,242,108,ok,0
167,5.567,1780168748,G9,228,96,ok,0
167,5.567,1780168748,G13,123,148,ok,1
167,5.567,1780168748,G16,124,78,ok,0
167,5.567,1780168748,G8,197,122,ok,0
167,5.567,1780168748,G18,521,504,ok,0
167,5.567,1780168748,G26,202,56,ok,0
167,5.567,1780168748,D4,64,597,ok,0
167,5.567,1780168748,D1,240,755,ok,1
167,5.567,1780168748,D2,303,751,ok,1
167,5.567,1780168748,D10,349,793,ok,1
167,5.567,1780168748,D9,242,841,ok,1
167,5.567,1780168748,D7,0,881,ok,0
167,5.567,1780168748,D6,0,590,interpolated,0
167,5.567,1780168748,D11,0,589,interpolated,0
167,5.567,1780168748,G25,522,503,interpolated,0
167,5.567,1780168748,G27,264,78,interpolated,0
167,5.567,1780168748,D14,306,749,interpolated,1
167,5.567,1780168748,G28,522,504,interpolated,0
167,5.567,1780168748,D15,0,590,interpolated,0
168,5.600,1780168748,G11,173,286,ok,1
168,5.600,1780168748,G4,349,274,ok,1
168,5.600,1780168748,G1,211,208,ok,1
168,5.600,1780168748,G3,102,223,ok,1
168,5.600,1780168748,G10,464,197,ok,1
168,5.600,1780168748,G6,172,94,ok,0
168,5.600,1780168748,G2,262,135,ok,1
168,5.600,1780168748,G7,242,108,ok,0
168,5.600,1780168748,G9,228,96,ok,0
168,5.600,1780168748,G13,123,147,ok,1
168,5.600,1780168748,G16,124,78,ok,0
168,5.600,1780168748,G27,261,79,ok,0
168,5.600,1780168748,G18,521,504,ok,0
168,5.600,1780168748,G8,197,122,ok,0
168,5.600,1780168748,G26,202,56,ok,0
168,5.600,1780168748,D4,65,597,ok,0
168,5.600,1780168748,D1,242,755,ok,1
168,5.600,1780168748,D2,303,752,ok,1
168,5.600,1780168748,D10,348,795,ok,1
168,5.600,1780168748,D9,243,837,ok,1
168,5.600,1780168748,D7,0,881,ok,0
168,5.600,1780168748,D6,0,590,ok,0
168,5.600,1780168748,D11,0,589,ok,0
168,5.600,1780168748,D14,306,749,interpolated,1
168,5.600,1780168748,G28,522,504,interpolated,0
168,5.600,1780168748,D15,0,590,interpolated,0
169,5.633,1780168748,G11,173,286,ok,1
169,5.633,1780168748,G4,349,274,ok,1
169,5.633,1780168748,G1,211,208,ok,1
169,5.633,1780168748,G3,102,223,ok,1
169,5.633,1780168748,G10,464,197,ok,1
169,5.633,1780168748,G6,172,94,ok,0
169,5.633,1780168748,G2,262,135,ok,1
169,5.633,1780168748,G7,242,108,ok,0
169,5.633,1780168748,G9,228,96,ok,0
169,5.633,1780168748,G13,123,147,ok,1
169,5.633,1780168748,G16,124,78,ok,0
169,5.633,1780168748,G27,261,79,ok,0
169,5.633,1780168748,G18,521,504,ok,0
169,5.633,1780168748,G8,197,122,ok,0
169,5.633,1780168748,G26,202,56,ok,0
169,5.633,1780168748,D4,65,597,ok,0
169,5.633,1780168748,D1,242,755,ok,1
169,5.633,1780168748,D2,303,752,ok,1
169,5.633,1780168748,D10,348,795,ok,1
169,5.633,1780168748,D9,243,837,ok,1
169,5.633,1780168748,D7,0,881,ok,0
169,5.633,1780168748,D11,0,589,ok,0
169,5.633,1780168748,D6,0,590,ok,0
169,5.633,1780168748,D14,306,749,interpolated,1
169,5.633,1780168748,G28,522,504,interpolated,0
169,5.633,1780168748,D15,0,590,interpolated,0
170,5.667,1780168748,G11,173,286,ok,1
170,5.667,1780168748,G4,348,274,ok,1
170,5.667,1780168748,G1,211,206,ok,1
170,5.667,1780168748,G3,102,223,ok,1
170,5.667,1780168748,G6,172,94,ok,0
170,5.667,1780168748,G2,262,135,ok,1
170,5.667,1780168748,G10,464,198,ok,1
170,5.667,1780168748,G7,242,108,ok,0
170,5.667,1780168748,G9,228,96,ok,0
170,5.667,1780168748,G13,122,148,ok,1
170,5.667,1780168748,G16,124,78,ok,0
170,5.667,1780168748,G26,202,56,ok,0
170,5.667,1780168748,G28,522,504,ok,0
170,5.667,1780168748,D4,65,597,ok,0
170,5.667,1780168748,D1,243,755,ok,1
170,5.667,1780168748,D10,348,793,ok,1
170,5.667,1780168748,D2,303,754,ok,1
170,5.667,1780168748,D9,243,837,ok,1
170,5.667,1780168748,D7,0,881,ok,0
170,5.667,1780168748,D11,0,589,ok,0
170,5.667,1780168748,D6,0,590,ok,0
170,5.667,1780168748,D15,0,590,ok,0
170,5.667,1780168748,G8,197,122,interpolated,0
170,5.667,1780168748,G18,521,504,interpolated,0
170,5.667,1780168748,G27,261,79,interpolated,0
170,5.667,1780168748,D14,306,749,interpolated,1
171,5.700,1780168748,G11,174,286,ok,1
171,5.700,1780168748,G4,348,272,ok,1
171,5.700,1780168748,G1,211,205,ok,1
171,5.700,1780168748,G3,102,222,ok,1
171,5.700,1780168748,G2,261,135,ok,1
171,5.700,1780168748,G6,172,94,ok,0
171,5.700,1780168748,G10,465,197,ok,1
171,5.700,1780168748,G7,242,108,ok,0
171,5.700,1780168748,G9,228,96,ok,0
171,5.700,1780168748,G13,122,148,ok,1
171,5.700,1780168748,G16,125,78,ok,0
171,5.700,1780168748,G26,202,57,ok,0
171,5.700,1780168748,G18,521,504,ok,0
171,5.700,1780168748,G8,197,121,ok,0
171,5.700,1780168748,D4,66,597,ok,0
171,5.700,1780168748,D1,244,755,ok,1
171,5.700,1780168748,D2,303,757,ok,1
171,5.700,1780168748,D10,348,797,ok,1
171,5.700,1780168748,D9,243,837,ok,1
171,5.700,1780168748,D7,0,881,ok,0
171,5.700,1780168748,D11,0,589,ok,0
171,5.700,1780168748,D6,0,590,ok,0
171,5.700,1780168748,G27,261,79,interpolated,0
171,5.700,1780168748,D14,306,749,interpolated,1
171,5.700,1780168748,G28,522,504,interpolated,0
171,5.700,1780168748,D15,0,590,interpolated,0
172,5.733,1780168748,G11,175,286,ok,1
172,5.733,1780168748,G4,347,270,ok,1
172,5.733,1780168748,G3,102,222,ok,1
172,5.733,1780168748,G1,211,205,ok,1
172,5.733,1780168748,G2,261,135,ok,1
172,5.733,1780168748,G6,172,95,ok,0
172,5.733,1780168748,G10,466,197,ok,1
172,5.733,1780168748,G9,228,96,ok,0
172,5.733,1780168748,G7,242,108,ok,0
172,5.733,1780168748,G16,125,78,ok,0
172,5.733,1780168748,G13,122,148,ok,1
172,5.733,1780168748,G26,202,57,ok,0
172,5.733,1780168748,G18,521,504,ok,0
172,5.733,1780168748,G8,196,119,ok,0
172,5.733,1780168748,G27,97,81,ok,0
172,5.733,1780168748,D4,66,597,ok,0
172,5.733,1780168748,D1,244,756,ok,1
172,5.733,1780168748,D2,303,761,ok,1
172,5.733,1780168748,D10,348,803,ok,1
172,5.733,1780168748,D9,243,837,ok,1
172,5.733,1780168748,D7,0,881,ok,0
172,5.733,1780168748,D11,0,589,ok,0
172,5.733,1780168748,D6,0,590,ok,0
172,5.733,1780168748,G28,522,504,interpolated,0
172,5.733,1780168748,D15,0,590,interpolated,0
173,5.767,1780168748,G11,177,286,ok,1
173,5.767,1780168748,G4,347,269,ok,1
173,5.767,1780168748,G3,102,221,ok,1
173,5.767,1780168748,G10,466,198,ok,1
173,5.767,1780168748,G1,212,205,ok,1
173,5.767,1780168748,G2,261,135,ok,1
173,5.767,1780168748,G6,172,96,ok,0
173,5.767,1780168748,G9,228,96,ok,0
173,5.767,1780168748,G7,241,108,ok,0
173,5.767,1780168748,G16,124,78,ok,0
173,5.767,1780168748,G13,122,147,ok,1
173,5.767,1780168748,G8,196,120,ok,0
173,5.767,1780168748,G26,202,56,ok,0
173,5.767,1780168748,G18,521,504,ok,0
173,5.767,1780168748,G27,97,81,ok,0
173,5.767,1780168748,D4,67,597,ok,0
173,5.767,1780168748,D1,245,757,ok,1
173,5.767,1780168748,D2,303,766,ok,1
173,5.767,1780168748,D10,347,808,ok,1
173,5.767,1780168748,D9,243,838,ok,1
173,5.767,1780168748,D7,0,881,ok,0
173,5.767,1780168748,D11,0,589,ok,0
173,5.767,1780168748,D6,0,590,ok,0
173,5.767,1780168748,D15,0,590,ok,0
173,5.767,1780168748,G28,522,504,interpolated,0
174,5.800,1780168748,G11,178,286,ok,1
174,5.800,1780168748,G4,346,267,ok,1
174,5.800,1780168748,G3,102,220,ok,1
174,5.800,1780168748,G10,466,198,ok,1
174,5.800,1780168748,G6,172,97,ok,0
174,5.800,1780168748,G2,261,135,ok,1
174,5.800,1780168748,G1,212,206,ok,1
174,5.800,1780168748,G9,228,96,ok,0
174,5.800,1780168748,G16,124,78,ok,0
174,5.800,1780168748,G7,241,108,ok,0
174,5.800,1780168748,G13,122,148,ok,1
174,5.800,1780168748,G8,196,118,ok,0
174,5.800,1780168748,G27,97,81,ok,0
174,5.800,1780168748,G26,202,56,ok,0
174,5.800,1780168748,G18,521,504,ok,0
174,5.800,1780168748,D4,67,597,ok,0
174,5.800,1780168748,D1,245,758,ok,1
174,5.800,1780168748,D2,303,769,ok,1
174,5.800,1780168748,D10,346,811,ok,1
174,5.800,1780168748,D9,244,838,ok,1
174,5.800,1780168748,D7,0,881,ok,0
174,5.800,1780168748,D6,0,590,ok,0
174,5.800,1780168748,D15,0,590,ok,0
174,5.800,1780168748,D11,0,589,interpolated,0
174,5.800,1780168748,G28,522,504,interpolated,0
175,5.833,1780168748,G11,178,286,ok,1
175,5.833,1780168748,G4,346,267,ok,1
175,5.833,1780168748,G3,102,220,ok,1
175,5.833,1780168748,G10,466,198,ok,1
175,5.833,1780168748,G6,172,97,ok,0
175,5.833,1780168748,G2,261,135,ok,1
175,5.833,1780168748,G1,212,206,ok,1
175,5.833,1780168748,G9,228,96,ok,0
175,5.833,1780168748,G16,124,78,ok,0
175,5.833,1780168748,G7,241,108,ok,0
175,5.833,1780168748,G13,122,148,ok,1
175,5.833,1780168748,G8,196,118,ok,0
175,5.833,1780168748,G27,97,81,ok,0
175,5.833,1780168748,G26,202,56,ok,0
175,5.833,1780168748,G18,521,504,ok,0
175,5.833,1780168748,D4,67,597,ok,0
175,5.833,1780168748,D1,245,758,ok,1
175,5.833,1780168748,D2,303,769,ok,1
175,5.833,1780168748,D10,346,811,ok,1
175,5.833,1780168748,D9,244,838,ok,1
175,5.833,1780168748,D7,0,881,ok,0
175,5.833,1780168748,D6,0,590,ok,0
175,5.833,1780168748,D15,0,590,ok,0
175,5.833,1780168748,D11,0,589,interpolated,0
175,5.833,1780168748,G28,522,504,interpolated,0
176,5.867,1780168748,G11,178,286,ok,1
176,5.867,1780168748,G4,346,264,ok,1
176,5.867,1780168748,G3,101,216,ok,1
176,5.867,1780168748,G10,466,201,ok,1
176,5.867,1780168748,G6,172,98,ok,0
176,5.867,1780168748,G2,261,135,ok,1
176,5.867,1780168748,G1,212,206,ok,1
176,5.867,1780168748,G9,228,96,ok,0
176,5.867,1780168748,G7,241,108,ok,0
176,5.867,1780168748,G16,124,78,ok,0
176,5.867,1780168748,G13,122,148,ok,1
176,5.867,1780168748,G27,97,81,ok,0
176,5.867,1780168748,G18,521,504,ok,0
176,5.867,1780168748,G8,196,118,ok,0
176,5.867,1780168748,G26,201,57,ok,0
176,5.867,1780168748,D4,67,598,ok,0
176,5.867,1780168748,D1,245,760,ok,1
176,5.867,1780168748,D2,303,770,ok,1
176,5.867,1780168748,D10,344,811,ok,1
176,5.867,1780168748,D9,246,839,ok,1
176,5.867,1780168748,D7,0,881,ok,0
176,5.867,1780168748,D6,0,590,ok,0
176,5.867,1780168748,D15,0,590,ok,0
176,5.867,1780168748,D11,0,589,interpolated,0
176,5.867,1780168748,G28,522,504,interpolated,0
177,5.900,1780168748,G11,179,288,ok,1
177,5.900,1780168748,G4,345,263,ok,1
177,5.900,1780168748,G10,466,206,ok,1
177,5.900,1780168748,G3,101,216,ok,1
177,5.900,1780168748,G2,261,135,ok,1
177,5.900,1780168748,G6,172,98,ok,0
177,5.900,1780168748,G1,212,205,ok,1
177,5.900,1780168748,G9,228,96,ok,0
177,5.900,1780168748,G7,241,108,ok,0
177,5.900,1780168748,G16,124,77,ok,0
177,5.900,1780168748,G13,120,148,ok,1
177,5.900,1780168748,G27,97,80,ok,0
177,5.900,1780168748,G18,521,504,ok,0
177,5.900,1780168748,D4,67,599,ok,0
177,5.900,1780168748,D2,303,771,ok,1
177,5.900,1780168748,D1,246,761,ok,1
177,5.900,1780168748,D10,344,812,ok,1
177,5.900,1780168748,D9,247,844,ok,1
177,5.900,1780168748,D7,0,881,ok,0
177,5.900,1780168748,D6,0,590,ok,0
177,5.900,1780168748,D15,0,590,ok,0
177,5.900,1780168748,G8,196,118,interpolated,0
177,5.900,1780168748,D11,0,589,interpolated,0
177,5.900,1780168748,G26,201,57,interpolated,0
177,5.900,1780168748,G28,522,504,interpolated,0
178,5.933,1780168748,G11,179,288,ok,1
178,5.933,1780168748,G4,345,263,ok,1
178,5.933,1780168748,G3,100,212,ok,1
178,5.933,1780168748,G10,465,210,ok,1
178,5.933,1780168748,G2,261,135,ok,1
178,5.933,1780168748,G6,172,97,ok,0
178,5.933,1780168748,G1,212,205,ok,1
178,5.933,1780168748,G9,228,96,ok,0
178,5.933,1780168748,G7,241,108,ok,0
178,5.933,1780168748,G16,125,77,ok,0
178,5.933,1780168748,G13,119,147,ok,1
178,5.933,1780168748,G27,97,80,ok,0
178,5.933,1780168748,G18,521,504,ok,0
178,5.933,1780168748,G8,197,119,ok,0
178,5.933,1780168748,D4,67,601,ok,0
178,5.933,1780168748,D2,303,771,ok,1
178,5.933,1780168748,D1,246,765,ok,1
178,5.933,1780168748,D10,343,812,ok,1
178,5.933,1780168748,D9,247,842,ok,1
178,5.933,1780168748,D7,0,881,ok,0
178,5.933,1780168748,D6,0,590,ok,0
178,5.933,1780168748,D15,-1,590,ok,0
178,5.933,1780168748,D11,0,589,interpolated,0
178,5.933,1780168748,G26,201,57,interpolated,0
178,5.933,1780168748,G28,522,504,interpolated,0
179,5.967,1780168748,G11,180,289,ok,1
179,5.967,1780168748,G4,344,262,ok,1
179,5.967,1780168748,G3,100,211,ok,1
179,5.967,1780168748,G10,465,212,ok,1
179,5.967,1780168748,G2,261,135,ok,1
179,5.967,1780168748,G1,212,202,ok,1
179,5.967,1780168748,G6,173,97,ok,0
179,5.967,1780168748,G9,228,96,ok,0
179,5.967,1780168748,G7,241,108,ok,0
179,5.967,1780168748,G16,125,77,ok,0
179,5.967,1780168748,G27,97,78,ok,0
179,5.967,1780168748,G28,522,504,ok,0
179,5.967,1780168748,G13,118,148,ok,1
179,5.967,1780168748,D4,67,602,ok,0
179,5.967,1780168748,D2,303,771,ok,1
179,5.967,1780168748,D1,247,768,ok,1
179,5.967,1780168748,D9,248,839,ok,1
179,5.967,1780168748,D10,343,813,ok,1
179,5.967,1780168748,D7,0,881,ok,0
179,5.967,1780168748,D6,0,590,ok,0
179,5.967,1780168748,D15,-1,590,ok,0
179,5.967,1780168748,G8,197,119,interpolated,0
179,5.967,1780168748,G18,521,504,interpolated,0
179,5.967,1780168748,D11,0,589,interpolated,0
179,5.967,1780168748,G26,201,57,interpolated,0
180,6.000,1780168749,G11,180,289,ok,1
180,6.000,1780168749,G4,344,263,ok,1
180,6.000,1780168749,G3,100,210,ok,1
180,6.000,1780168749,G10,465,213,ok,1
180,6.000,1780168749,G2,260,135,ok,1
180,6.000,1780168749,G6,172,97,ok,0
180,6.000,1780168749,G1,213,200,ok,1
180,6.000,1780168749,G9,228,96,ok,0
180,6.000,1780168749,G7,241,107,ok,0
180,6.000,1780168749,G16,125,77,ok,0
180,6.000,1780168749,G27,96,76,ok,0
180,6.000,1780168749,G28,522,504,ok,0
180,6.000,1780168749,G8,346,234,ok,1
180,6.000,1780168749,G13,118,148,ok,1
180,6.000,1780168749,D4,66,604,ok,0
180,6.000,1780168749,D2,303,771,ok,1
180,6.000,1780168749,D10,342,813,ok,1
180,6.000,1780168749,D9,248,843,ok,1
180,6.000,1780168749,D1,247,772,ok,1
180,6.000,1780168749,D7,0,881,ok,0
180,6.000,1780168749,D15,-1,591,ok,0
180,6.000,1780168749,D6,0,590,interpolated,0
180,6.000,1780168749,G18,521,504,interpolated,0
180,6.000,1780168749,D11,0,589,interpolated,0
180,6.000,1780168749,G26,201,57,interpolated,0
181,6.033,1780168749,G11,180,289,ok,1
181,6.033,1780168749,G4,344,264,ok,1
181,6.033,1780168749,G3,100,210,ok,1
181,6.033,1780168749,G10,465,213,ok,1
181,6.033,1780168749,G2,260,135,ok,1
181,6.033,1780168749,G6,172,97,ok,0
181,6.033,1780168749,G1,212,199,ok,1
181,6.033,1780168749,G9,228,96,ok,0
181,6.033,1780168749,G7,241,107,ok,0
181,6.033,1780168749,G16,125,77,ok,0
181,6.033,1780168749,G27,96,77,ok,0
181,6.033,1780168749,G18,521,504,ok,0
181,6.033,1780168749,G8,346,234,ok,1
181,6.033,1780168749,G13,118,147,ok,1
181,6.033,1780168749,D4,66,604,ok,0
181,6.033,1780168749,D2,303,771,ok,1
181,6.033,1780168749,D10,342,813,ok,1
181,6.033,1780168749,D9,248,842,ok,1
181,6.033,1780168749,D1,247,772,ok,1
181,6.033,1780168749,D7,0,881,ok,0
181,6.033,1780168749,D6,0,590,ok,0
181,6.033,1780168749,D11,0,589,interpolated,0
181,6.033,1780168749,G26,201,57,interpolated,0
181,6.033,1780168749,G28,522,504,interpolated,0
181,6.033,1780168749,D15,-1,591,interpolated,0
182,6.067,1780168749,G11,180,289,ok,1
182,6.067,1780168749,G4,344,263,ok,1
182,6.067,1780168749,G10,465,215,ok,1
182,6.067,1780168749,G3,100,208,ok,1
182,6.067,1780168749,G2,260,135,ok,1
182,6.067,1780168749,G6,171,97,ok,0
182,6.067,1780168749,G1,212,199,ok,1
182,6.067,1780168749,G9,228,96,ok,0
182,6.067,1780168749,G7,241,107,ok,0
182,6.067,1780168749,G16,125,77,ok,0
182,6.067,1780168749,G27,97,80,ok,0
182,6.067,1780168749,G18,521,504,ok,0
182,6.067,1780168749,G13,118,148,ok,1
182,6.067,1780168749,D4,66,606,ok,0
182,6.067,1780168749,D2,303,771,ok,1
182,6.067,1780168749,D1,248,773,ok,1
182,6.067,1780168749,D9,249,841,ok,1
182,6.067,1780168749,D10,341,813,ok,1
182,6.067,1780168749,D7,0,881,ok,0
182,6.067,1780168749,D6,0,590,ok,0
182,6.067,1780168749,D11,0,590,ok,0
182,6.067,1780168749,G8,346,234,interpolated,1
182,6.067,1780168749,G26,201,57,interpolated,0
182,6.067,1780168749,G28,522,504,interpolated,0
182,6.067,1780168749,D15,-1,591,interpolated,0
183,6.100,1780168749,G11,181,289,ok,1
183,6.100,1780168749,G4,342,263,ok,1
183,6.100,1780168749,G3,99,208,ok,1
183,6.100,1780168749,G2,260,135,ok,1
183,6.100,1780168749,G10,465,216,ok,1
183,6.100,1780168749,G6,171,97,ok,0
183,6.100,1780168749,G1,212,197,ok,1
183,6.100,1780168749,G9,228,96,ok,0
183,6.100,1780168749,G7,242,107,ok,0
183,6.100,1780168749,G27,97,80,ok,0
183,6.100,1780168749,G16,125,77,ok,0
183,6.100,1780168749,G13,117,148,ok,1
183,6.100,1780168749,G18,521,504,ok,0
183,6.100,1780168749,D4,65,610,ok,0
183,6.100,1780168749,D1,249,773,ok,1
183,6.100,1780168749,D10,341,813,ok,1
183,6.100,1780168749,D2,303,772,ok,1
183,6.100,1780168749,D9,250,845,ok,1
183,6.100,1780168749,D7,0,881,ok,0
183,6.100,1780168749,D6,0,590,ok,0
183,6.100,1780168749,G8,346,234,interpolated,1
183,6.100,1780168749,D11,0,590,interpolated,0
183,6.100,1780168749,G26,201,57,interpolated,0
183,6.100,1780168749,G28,522,504,interpolated,0
183,6.100,1780168749,D15,-1,591,interpolated,0
184,6.133,1780168749,G11,181,289,ok,1
184,6.133,1780168749,G4,340,263,ok,1
184,6.133,1780168749,G3,99,208,ok,1
184,6.133,1780168749,G2,260,135,ok,1
184,6.133,1780168749,G6,172,98,ok,0
184,6.133,1780168749,G10,465,216,ok,1
184,6.133,1780168749,G1,213,195,ok,1
184,6.133,1780168749,G9,227,96,ok,0
184,6.133,1780168749,G16,126,77,ok,0
184,6.133,1780168749,G27,98,80,ok,0
184,6.133,1780168749,G7,241,105,ok,0
184,6.133,1780168749,G13,117,148,ok,1
184,6.133,1780168749,G18,521,504,ok,0
184,6.133,1780168749,D4,64,612,ok,0
184,6.133,1780168749,D10,340,814,ok,1
184,6.133,1780168749,D2,303,774,ok,1
184,6.133,1780168749,D1,249,773,ok,1
184,6.133,1780168749,D9,251,847,ok,1
184,6.133,1780168749,D7,0,882,ok,0
184,6.133,1780168749,D6,0,590,ok,0
184,6.133,1780168749,D11,0,590,ok,0
184,6.133,1780168749,G8,346,234,interpolated,1
184,6.133,1780168749,G26,201,57,interpolated,0
184,6.133,1780168749,G28,522,504,interpolated,0
184,6.133,1780168749,D15,-1,591,interpolated,0
185,6.167,1780168749,G11,181,289,ok,1
185,6.167,1780168749,G4,342,262,ok,1
185,6.167,1780168749,G3,100,207,ok,1
185,6.167,1780168749,G6,172,98,ok,0
185,6.167,1780168749,G2,260,135,ok,1
185,6.167,1780168749,G1,213,189,ok,1
185,6.167,1780168749,G10,465,216,ok,1
185,6.167,1780168749,G9,227,96,ok,0
185,6.167,1780168749,G16,127,77,ok,0
185,6.167,1780168749,G27,98,79,ok,0
185,6.167,1780168749,G7,241,107,ok,0
185,6.167,1780168749,G13,117,148,ok,1
185,6.167,1780168749,G18,521,504,ok,0
185,6.167,1780168749,D4,65,612,ok,0
185,6.167,1780168749,D2,303,775,ok,1
185,6.167,1780168749,D1,249,774,ok,1
185,6.167,1780168749,D10,341,817,ok,1
185,6.167,1780168749,D9,251,848,ok,1
185,6.167,1780168749,D7,0,882,ok,0
185,6.167,1780168749,D6,0,590,ok,0
185,6.167,1780168749,G8,346,234,interpolated,1
185,6.167,1780168749,D11,0,590,interpolated,0
185,6.167,1780168749,G26,201,57,interpolated,0
185,6.167,1780168749,G28,522,504,interpolated,0
185,6.167,1780168749,D15,-1,591,interpolated,0
186,6.200,1780168749,G4,341,261,ok,1
186,6.200,1780168749,G11,181,289,ok,1
186,6.200,1780168749,G3,99,207,ok,1
186,6.200,1780168749,G1,214,187,ok,1
186,6.200,1780168749,G6,172,98,ok,0
186,6.200,1780168749,G10,466,216,ok,1
186,6.200,1780168749,G2,260,135,ok,1
186,6.200,1780168749,G9,227,96,ok,0
186,6.200,1780168749,G16,127,77,ok,0
186,6.200,1780168749,G7,241,108,ok,0
186,6.200,1780168749,G27,100,78,ok,0
186,6.200,1780168749,G13,117,148,ok,1
186,6.200,1780168749,G18,521,504,ok,0
186,6.200,1780168749,D4,65,612,ok,0
186,6.200,1780168749,D1,250,773,ok,1
186,6.200,1780168749,D2,303,778,ok,1
186,6.200,1780168749,D10,340,822,ok,1
186,6.200,1780168749,D9,251,848,ok,1
186,6.200,1780168749,D7,0,882,ok,0
186,6.200,1780168749,D6,0,590,ok,0
186,6.200,1780168749,G8,346,234,interpolated,1
186,6.200,1780168749,D11,0,590,interpolated,0
186,6.200,1780168749,G26,201,57,interpolated,0
186,6.200,1780168749,G28,522,504,interpolated,0
186,6.200,1780168749,D15,-1,591,interpolated,0
187,6.233,1780168749,G4,341,261,ok,1
187,6.233,1780168749,G11,181,289,ok,1
187,6.233,1780168749,G3,99,207,ok,1
187,6.233,1780168749,G1,214,187,ok,1
187,6.233,1780168749,G6,172,98,ok,0
187,6.233,1780168749,G10,466,216,ok,1
187,6.233,1780168749,G2,260,135,ok,1
187,6.233,1780168749,G9,227,96,ok,0
187,6.233,1780168749,G16,127,77,ok,0
187,6.233,1780168749,G7,241,108,ok,0
187,6.233,1780168749,G27,100,77,ok,0
187,6.233,1780168749,G13,117,148,ok,1
187,6.233,1780168749,G18,521,504,ok,0
187,6.233,1780168749,D4,65,612,ok,0
187,6.233,1780168749,D1,250,773,ok,1
187,6.233,1780168749,D2,303,777,ok,1
187,6.233,1780168749,D10,340,822,ok,1
187,6.233,1780168749,D9,251,848,ok,1
187,6.233,1780168749,D7,0,882,ok,0
187,6.233,1780168749,D6,0,590,ok,0
187,6.233,1780168749,G8,346,234,interpolated,1
187,6.233,1780168749,D11,0,590,interpolated,0
187,6.233,1780168749,G28,522,504,interpolated,0
187,6.233,1780168749,D15,-1,591,interpolated,0
188,6.267,1780168749,G11,181,290,ok,1
188,6.267,1780168749,G4,341,260,ok,1
188,6.267,1780168749,G3,99,207,ok,1
188,6.267,1780168749,G1,214,186,ok,1
188,6.267,1780168749,G10,467,216,ok,1
188,6.267,1780168749,G6,172,98,ok,0
188,6.267,1780168749,G2,260,135,ok,1
188,6.267,1780168749,G9,227,96,ok,0
188,6.267,1780168749,G16,128,76,ok,0
188,6.267,1780168749,G7,241,108,ok,0
188,6.267,1780168749,G27,101,78,ok,0
188,6.267,1780168749,G13,117,148,ok,1
188,6.267,1780168749,G18,521,504,ok,0
188,6.267,1780168749,D1,251,773,ok,1
188,6.267,1780168749,D2,303,782,ok,1
188,6.267,1780168749,D4,65,612,ok,0
188,6.267,1780168749,D9,252,848,ok,1
188,6.267,1780168749,D10,341,826,ok,1
188,6.267,1780168749,D7,0,882,ok,0
188,6.267,1780168749,D6,0,590,ok,0
188,6.267,1780168749,G8,346,234,interpolated,1
188,6.267,1780168749,D11,0,590,interpolated,0
188,6.267,1780168749,G28,522,504,interpolated,0
188,6.267,1780168749,D15,-1,591,interpolated,0
189,6.300,1780168749,G4,340,257,ok,1
189,6.300,1780168749,G11,182,291,ok,1
189,6.300,1780168749,G1,215,186,ok,1
189,6.300,1780168749,G3,99,207,ok,1
189,6.300,1780168749,G10,467,216,ok,1
189,6.300,1780168749,G6,175,98,ok,0
189,6.300,1780168749,G2,260,134,ok,1
189,6.300,1780168749,G7,241,108,ok,0
189,6.300,1780168749,G9,227,96,ok,0
189,6.300,1780168749,G16,128,76,ok,0
189,6.300,1780168749,G27,102,76,ok,0
189,6.300,1780168749,G13,116,149,ok,1
189,6.300,1780168749,G28,522,503,ok,0
189,6.300,1780168749,D4,65,612,ok,0
189,6.300,1780168749,D1,251,773,ok,1
189,6.300,1780168749,D2,303,786,ok,1
189,6.300,1780168749,D9,252,848,ok,1
189,6.300,1780168749,D10,341,829,ok,1
189,6.300,1780168749,D7,0,882,ok,0
189,6.300,1780168749,D6,0,590,ok,0
189,6.300,1780168749,G8,346,234,interpolated,1
189,6.300,1780168749,G18,521,504,interpolated,0
189,6.300,1780168749,D11,0,590,interpolated,0
189,6.300,1780168749,D15,-1,591,interpolated,0
190,6.333,1780168749,G4,338,258,ok,1
190,6.333,1780168749,G11,182,291,ok,1
190,6.333,1780168749,G3,99,207,ok,1
190,6.333,1780168749,G1,215,186,ok,1
190,6.333,1780168749,G10,468,216,ok,1
190,6.333,1780168749,G6,174,98,ok,0
190,6.333,1780168749,G2,261,132,ok,1
190,6.333,1780168749,G7,241,108,ok,0
190,6.333,1780168749,G16,128,76,ok,0
190,6.333,1780168749,G9,227,96,ok,0
190,6.333,1780168749,G13,116,149,ok,1
190,6.333,1780168749,G27,103,77,ok,0
190,6.333,1780168749,G18,522,504,ok,0
190,6.333,1780168749,D4,65,613,ok,0
190,6.333,1780168749,D2,303,790,ok,1
190,6.333,1780168749,D1,252,775,ok,1
190,6.333,1780168749,D9,253,848,ok,1
190,6.333,1780168749,D10,341,832,ok,1
190,6.333,1780168749,D7,0,882,ok,0
190,6.333,1780168749,D6,0,590,ok,0
190,6.333,1780168749,G8,346,234,interpolated,1
190,6.333,1780168749,D11,0,590,interpolated,0
190,6.333,1780168749,G28,522,503,interpolated,0
190,6.333,1780168749,D15,-1,591,interpolated,0
191,6.367,1780168749,G4,337,255,ok,1
191,6.367,1780168749,G11,182,292,ok,1
191,6.367,1780168749,G1,216,186,ok,1
191,6.367,1780168749,G3,99,207,ok,1
191,6.367,1780168749,G10,468,217,ok,1
191,6.367,1780168749,G6,174,98,ok,0
191,6.367,1780168749,G2,262,131,ok,1
191,6.367,1780168749,G7,241,108,ok,0
191,6.367,1780168749,G9,227,96,ok,0
191,6.367,1780168749,G16,128,76,ok,0
191,6.367,1780168749,G13,115,148,ok,1
191,6.367,1780168749,G27,103,75,ok,0
191,6.367,1780168749,G18,522,504,ok,0
191,6.367,1780168749,D4,66,613,ok,0
191,6.367,1780168749,D2,303,790,ok,1
191,6.367,1780168749,D1,252,775,ok,1
191,6.367,1780168749,D10,339,834,ok,1
191,6.367,1780168749,D9,254,848,ok,1
191,6.367,1780168749,D7,0,882,ok,0
191,6.367,1780168749,D11,-1,590,ok,0
191,6.367,1780168749,D6,0,590,ok,0
191,6.367,1780168749,G8,346,234,interpolated,1
191,6.367,1780168749,G28,522,503,interpolated,0
192,6.400,1780168749,G4,335,251,ok,1
192,6.400,1780168749,G11,183,292,ok,1
192,6.400,1780168749,G1,217,185,ok,1
192,6.400,1780168749,G3,99,207,ok,1
192,6.400,1780168749,G10,469,217,ok,1
192,6.400,1780168749,G6,175,98,ok,0
192,6.400,1780168749,G2,261,129,ok,1
192,6.400,1780168749,G7,241,108,ok,0
192,6.400,1780168749,G9,227,96,ok,0
192,6.400,1780168749,G16,129,76,ok,0
192,6.400,1780168749,G27,104,76,ok,0
192,6.400,1780168749,G13,115,150,ok,1
192,6.400,1780168749,G18,522,504,ok,0
192,6.400,1780168749,D4,67,612,ok,0
192,6.400,1780168749,D2,303,791,ok,1
192,6.400,1780168749,D1,252,777,ok,1
192,6.400,1780168749,D9,254,848,ok,1
192,6.400,1780168749,D10,338,834,ok,1
192,6.400,1780168749,D7,0,882,ok,0
192,6.400,1780168749,D11,-1,590,ok,0
192,6.400,1780168749,D6,0,590,ok,0
192,6.400,1780168749,G28,522,503,interpolated,0
193,6.433,1780168749,G4,335,251,ok,1
193,6.433,1780168749,G11,183,292,ok,1
193,6.433,1780168749,G1,217,185,ok,1
193,6.433,1780168749,G3,99,207,ok,1
193,6.433,1780168749,G10,469,217,ok,1
193,6.433,1780168749,G6,175,98,ok,0
193,6.433,1780168749,G2,261,129,ok,1
193,6.433,1780168749,G7,241,108,ok,0
193,6.433,1780168749,G9,227,96,ok,0
193,6.433,1780168749,G16,129,76,ok,0
193,6.433,1780168749,G27,104,76,ok,0
193,6.433,1780168749,G13,115,150,ok,1
193,6.433,1780168749,G18,522,504,ok,0
193,6.433,1780168749,D4,67,612,ok,0
193,6.433,1780168749,D2,303,791,ok,1
193,6.433,1780168749,D1,252,777,ok,1
193,6.433,1780168749,D9,254,848,ok,1
193,6.433,1780168749,D10,338,834,ok,1
193,6.433,1780168749,D7,0,882,ok,0
193,6.433,1780168749,D11,-1,590,ok,0
193,6.433,1780168749,D6,0,590,ok,0
193,6.433,1780168749,G28,522,503,interpolated,0
194,6.467,1780168749,G4,335,247,ok,1
194,6.467,1780168749,G11,183,292,ok,1
194,6.467,1780168749,G1,218,185,ok,1
194,6.467,1780168749,G3,99,206,ok,1
194,6.467,1780168749,G10,468,221,ok,1
194,6.467,1780168749,G6,175,98,ok,0
194,6.467,1780168749,G2,261,126,ok,1
194,6.467,1780168749,G9,227,96,ok,0
194,6.467,1780168749,G16,129,75,ok,0
194,6.467,1780168749,G7,241,108,ok,0
194,6.467,1780168749,G13,115,150,ok,1
194,6.467,1780168749,G18,521,504,ok,0
194,6.467,1780168749,G27,105,76,ok,0
194,6.467,1780168749,D4,67,612,ok,0
194,6.467,1780168749,D2,303,791,ok,1
194,6.467,1780168749,D1,253,778,ok,1
194,6.467,1780168749,D9,255,848,ok,1
194,6.467,1780168749,D10,336,835,ok,1
194,6.467,1780168749,D7,0,882,ok,0
194,6.467,1780168749,D6,0,590,ok,0
194,6.467,1780168749,D11,0,590,ok,0
194,6.467,1780168749,G28,522,503,interpolated,0
195,6.500,1780168749,G4,334,246,ok,1
195,6.500,1780168749,G11,184,293,ok,1
195,6.500,1780168749,G3,99,206,ok,1
195,6.500,1780168749,G10,468,225,ok,1
195,6.500,1780168749,G1,218,185,ok,1
195,6.500,1780168749,G6,175,98,ok,0
195,6.500,1780168749,G2,262,123,ok,0
195,6.500,1780168749,G9,227,96,ok,0
195,6.500,1780168749,G7,241,108,ok,0
195,6.500,1780168749,G16,129,75,ok,0
195,6.500,1780168749,G13,115,152,ok,1
195,6.500,1780168749,G18,521,504,ok,0
195,6.500,1780168749,G27,159,68,ok,0
195,6.500,1780168749,G8,195,115,ok,0
195,6.500,1780168749,D4,67,613,ok,0
195,6.500,1780168749,D2,303,791,ok,1
195,6.500,1780168749,D1,253,778,ok,1
195,6.500,1780168749,D10,334,835,ok,1
195,6.500,1780168749,D9,255,848,ok,1
195,6.500,1780168749,D7,0,882,ok,0
195,6.500,1780168749,D11,-1,590,ok,0
195,6.500,1780168749,D6,0,590,ok,0
195,6.500,1780168749,G28,522,503,interpolated,0
196,6.533,1780168749,G4,333,246,ok,1
196,6.533,1780168749,G11,184,293,ok,1
196,6.533,1780168749,G3,99,205,ok,1
196,6.533,1780168749,G10,468,227,ok,1
196,6.533,1780168749,G1,218,184,ok,1
196,6.533,1780168749,G6,176,98,ok,0
196,6.533,1780168749,G2,262,122,ok,0
196,6.533,1780168749,G9,227,95,ok,0
196,6.533,1780168749,G7,241,108,ok,0
196,6.533,1780168749,G16,130,75,ok,0
196,6.533,1780168749,G13,114,153,ok,1
196,6.533,1780168749,G8,195,118,ok,0
196,6.533,1780168749,G28,522,503,ok,0
196,6.533,1780168749,G27,159,68,ok,0
196,6.533,1780168749,D4,67,613,ok,0
196,6.533,1780168749,D2,303,791,ok,1
196,6.533,1780168749,D1,253,780,ok,1
196,6.533,1780168749,D9,255,849,ok,1
196,6.533,1780168749,D10,333,837,ok,1
196,6.533,1780168749,D7,0,881,ok,0
196,6.533,1780168749,D6,0,590,ok,0
196,6.533,1780168749,D11,0,590,ok,0
196,6.533,1780168749,G18,521,504,interpolated,0
197,6.567,1780168749,G11,184,293,ok,1
197,6.567,1780168749,G4,333,246,ok,1
197,6.567,1780168749,G3,98,203,ok,1
197,6.567,1780168749,G10,468,229,ok,1
197,6.567,1780168749,G1,219,184,ok,1
197,6.567,1780168749,G6,176,98,ok,0
197,6.567,1780168749,G2,262,122,ok,0
197,6.567,1780168749,G9,227,95,ok,0
197,6.567,1780168749,G7,241,108,ok,0
197,6.567,1780168749,G16,130,76,ok,0
197,6.567,1780168749,G13,114,153,ok,1
197,6.567,1780168749,G8,195,118,ok,0
197,6.567,1780168749,G28,522,503,ok,0
197,6.567,1780168749,G29,105,72,ok,0
197,6.567,1780168749,G27,159,69,ok,0
197,6.567,1780168749,G30,253,91,ok,0
197,6.567,1780168749,D4,67,613,ok,0
197,6.567,1780168749,D2,303,791,ok,1
197,6.567,1780168749,D10,332,838,ok,1
197,6.567,1780168749,D1,252,785,ok,1
197,6.567,1780168749,D9,255,849,ok,1
197,6.567,1780168749,D7,0,881,ok,0
197,6.567,1780168749,D6,0,590,ok,0
197,6.567,1780168749,D11,0,590,ok,0
197,6.567,1780168749,G18,521,504,interpolated,0
198,6.600,1780168749,G11,184,294,ok,1
198,6.600,1780168749,G4,332,245,ok,1
198,6.600,1780168749,G3,98,202,ok,1
198,6.600,1780168749,G10,468,230,ok,1
198,6.600,1780168749,G1,219,180,ok,1
198,6.600,1780168749,G2,262,121,ok,0
198,6.600,1780168749,G6,173,98,ok,0
198,6.600,1780168749,G9,227,95,ok,0
198,6.600,1780168749,G13,113,153,ok,1
198,6.600,1780168749,G7,240,108,ok,0
198,6.600,1780168749,G8,196,118,ok,0
198,6.600,1780168749,G16,130,76,ok,0
198,6.600,1780168749,G28,531,483,ok,0
198,6.600,1780168749,G27,159,68,ok,0
198,6.600,1780168749,G29,105,72,ok,0
198,6.600,1780168749,G18,522,504,ok,0
198,6.600,1780168749,D4,67,614,ok,0
198,6.600,1780168749,D2,304,792,ok,1
198,6.600,1780168749,D1,253,788,ok,1
198,6.600,1780168749,D10,332,839,ok,1
198,6.600,1780168749,D9,255,849,ok,1
198,6.600,1780168749,D7,1,881,ok,0
198,6.600,1780168749,D16,-14,617,ok,0
198,6.600,1780168749,D11,-1,590,ok,0
198,6.600,1780168749,D6,0,590,ok,0
198,6.600,1780168749,D17,0,589,ok,0
198,6.600,1780168749,G30,253,91,interpolated,0
199,6.633,1780168749,G11,184,294,ok,1
199,6.633,1780168749,G4,332,245,ok,1
199,6.633,1780168749,G3,98,202,ok,1
199,6.633,1780168749,G10,468,230,ok,1
199,6.633,1780168749,G1,219,179,ok,1
199,6.633,1780168749,G2,262,121,ok,0
199,6.633,1780168749,G6,173,98,ok,0
199,6.633,1780168749,G9,227,95,ok,0
199,6.633,1780168749,G13,113,153,ok,1
199,6.633,1780168749,G7,240,108,ok,0
199,6.633,1780168749,G8,196,118,ok,0
199,6.633,1780168749,G16,130,76,ok,0
199,6.633,1780168749,G28,531,483,ok,0
199,6.633,1780168749,G27,159,68,ok,0
199,6.633,1780168749,G29,105,72,ok,0
199,6.633,1780168749,G18,518,513,ok,0
199,6.633,1780168749,D4,67,614,ok,0
199,6.633,1780168749,D2,304,792,ok,1
199,6.633,1780168749,D1,253,788,ok,1
199,6.633,1780168749,D10,332,839,ok,1
199,6.633,1780168749,D9,255,849,ok,1
199,6.633,1780168749,D7,1,881,ok,0
199,6.633,1780168749,D16,-14,616,ok,0
199,6.633,1780168749,D11,-1,590,ok,0
199,6.633,1780168749,D6,0,590,ok,0
199,6.633,1780168749,G30,253,91,interpolated,0
199,6.633,1780168749,D17,0,589,interpolated,0
200,6.667,1780168749,G11,184,294,ok,1
200,6.667,1780168749,G4,330,244,ok,1
200,6.667,1780168749,G3,97,200,ok,1
200,6.667,1780168749,G10,468,231,ok,1
200,6.667,1780168749,G6,172,98,ok,0
200,6.667,1780168749,G2,262,121,ok,0
200,6.667,1780168749,G1,219,176,ok,1
200,6.667,1780168749,G13,113,153,ok,1
200,6.667,1780168749,G9,227,95,ok,0
200,6.667,1780168749,G7,240,108,ok,0
200,6.667,1780168749,G8,196,118,ok,0
200,6.667,1780168749,G28,531,483,ok,0
200,6.667,1780168749,G16,130,76,ok,0
200,6.667,1780168749,G27,159,68,ok,0
200,6.667,1780168749,G29,106,73,ok,0
200,6.667,1780168749,G18,522,504,ok,0
200,6.667,1780168749,G31,523,498,ok,0
200,6.667,1780168749,D4,67,615,ok,0
200,6.667,1780168749,D2,304,792,ok,1
200,6.667,1780168749,D10,332,842,ok,1
200,6.667,1780168749,D1,252,791,ok,1
200,6.667,1780168749,D9,255,850,ok,1
200,6.667,1780168749,D7,1,881,ok,0
200,6.667,1780168749,D16,-14,616,ok,0
200,6.667,1780168749,D11,-1,590,ok,0
200,6.667,1780168749,D6,0,590,ok,0
200,6.667,1780168749,G30,253,91,interpolated,0
200,6.667,1780168749,D17,0,589,interpolated,0
201,6.700,1780168749,G11,184,294,ok,1
201,6.700,1780168749,G4,330,244,ok,1
201,6.700,1780168749,G3,97,199,ok,1
201,6.700,1780168749,G10,468,231,ok,1
201,6.700,1780168749,G6,172,98,ok,0
201,6.700,1780168749,G2,259,121,ok,0
201,6.700,1780168749,G1,219,172,ok,1
201,6.700,1780168749,G13,111,153,ok,1
201,6.700,1780168749,G7,240,108,ok,0
201,6.700,1780168749,G9,226,95,ok,0
201,6.700,1780168749,G8,196,118,ok,0
201,6.700,1780168749,G28,531,483,ok,0
201,6.700,1780168749,G16,131,77,ok,0
201,6.700,1780168749,G27,159,68,ok,0
201,6.700,1780168749,D4,66,616,ok,0
201,6.700,1780168749,D2,304,794,ok,1
201,6.700,1780168749,D10,332,845,ok,1
201,6.700,1780168749,D1,253,791,ok,1
201,6.700,1780168749,D9,255,851,ok,1
201,6.700,1780168749,D7,1,881,ok,0
201,6.700,1780168749,D16,-14,616,ok,0
201,6.700,1780168749,D11,-1,590,ok,0
201,6.700,1780168749,D6,0,590,ok,0
201,6.700,1780168749,G18,522,504,interpolated,0
201,6.700,1780168749,G29,106,73,interpolated,0
201,6.700,1780168749,G30,253,91,interpolated,0
201,6.700,1780168749,D17,0,589,interpolated,0
201,6.700,1780168749,G31,523,498,interpolated,0
202,6.733,1780168749,G11,183,294,ok,1
202,6.733,1780168749,G4,329,243,ok,1
202,6.733,1780168749,G3,97,198,ok,1
202,6.733,1780168749,G10,469,231,ok,1
202,6.733,1780168749,G6,173,98,ok,0
202,6.733,1780168749,G1,219,170,ok,1
202,6.733,1780168749,G13,109,152,ok,1
202,6.733,1780168749,G2,260,121,ok,0
202,6.733,1780168749,G7,240,108,ok,0
202,6.733,1780168749,G8,196,119,ok,0
202,6.733,1780168749,G9,227,95,ok,0
202,6.733,1780168749,G28,531,483,ok,0
202,6.733,1780168749,G16,131,76,ok,0
202,6.733,1780168749,G27,159,68,ok,0
202,6.733,1780168749,G18,522,504,ok,0
202,6.733,1780168749,G31,524,498,ok,0
202,6.733,1780168749,D4,66,616,ok,0
202,6.733,1780168749,D2,303,796,ok,1
202,6.733,1780168749,D1,254,791,ok,1
202,6.733,1780168749,D10,332,846,ok,1
202,6.733,1780168749,D9,255,850,ok,1
202,6.733,1780168749,D7,1,881,ok,0
202,6.733,1780168749,D16,-14,616,ok,0
202,6.733,1780168749,D11,-1,590,ok,0
202,6.733,1780168749,D6,0,590,ok,0
202,6.733,1780168749,D17,0,589,ok,0
202,6.733,1780168749,G29,106,73,interpolated,0
202,6.733,1780168749,G30,253,91,interpolated,0
203,6.767,1780168749,G11,183,294,ok,1
203,6.767,1780168749,G4,329,242,ok,1
203,6.767,1780168749,G3,96,196,ok,1
203,6.767,1780168749,G10,469,231,ok,1
203,6.767,1780168749,G6,173,99,ok,0
203,6.767,1780168749,G13,107,154,ok,1
203,6.767,1780168749,G1,220,169,ok,1
203,6.767,1780168749,G2,258,121,ok,0
203,6.767,1780168749,G8,196,120,ok,0
203,6.767,1780168749,G7,240,108,ok,0
203,6.767,1780168749,G9,226,95,ok,0
203,6.767,1780168749,G16,131,75,ok,0
203,6.767,1780168749,G27,159,68,ok,0
203,6.767,1780168749,G28,531,483,ok,0
203,6.767,1780168749,D4,65,617,ok,0
203,6.767,1780168749,D2,303,798,ok,1
203,6.767,1780168749,D1,255,791,ok,1
203,6.767,1780168749,D10,332,847,ok,1
203,6.767,1780168749,D9,255,851,ok,1
203,6.767,1780168749,D7,1,881,ok,0
203,6.767,1780168749,D16,-14,616,ok,0
203,6.767,1780168749,D11,-1,590,ok,0
203,6.767,1780168749,D6,0,590,ok,0
203,6.767,1780168749,D17,0,589,ok,0
203,6.767,1780168749,G18,522,504,interpolated,0
203,6.767,1780168749,G29,106,73,interpolated,0
203,6.767,1780168749,G30,253,91,interpolated,0
203,6.767,1780168749,G31,524,498,interpolated,0
204,6.800,1780168749,G11,183,294,ok,1
204,6.800,1780168749,G4,328,241,ok,1
204,6.800,1780168749,G3,96,196,ok,1
204,6.800,1780168749,G10,469,232,ok,1
204,6.800,1780168749,G6,173,99,ok,0
204,6.800,1780168749,G2,258,120,ok,0
204,6.800,1780168749,G13,106,155,ok,1
204,6.800,1780168749,G1,220,168,ok,1
204,6.800,1780168749,G8,196,120,ok,0
204,6.800,1780168749,G7,240,108,ok,0
204,6.800,1780168749,G9,226,95,ok,0
204,6.800,1780168749,G16,131,75,ok,0
204,6.800,1780168749,G28,531,483,ok,0
204,6.800,1780168749,G27,159,68,ok,0
204,6.800,1780168749,G18,521,504,ok,0
204,6.800,1780168749,D4,64,617,ok,0
204,6.800,1780168749,D2,303,802,ok,1
204,6.800,1780168749,D1,255,792,ok,1
204,6.800,1780168749,D10,332,847,ok,1
204,6.800,1780168749,D9,256,848,ok,1
204,6.800,1780168749,D7,1,881,ok,0
204,6.800,1780168749,D11,-1,590,ok,0
204,6.800,1780168749,D16,-14,616,ok,0
204,6.800,1780168749,D6,0,590,ok,0
204,6.800,1780168749,D17,0,589,ok,0
204,6.800,1780168749,G29,106,73,interpolated,0
204,6.800,1780168749,G30,253,91,interpolated,0
204,6.800,1780168749,G31,524,498,interpolated,0
205,6.833,1780168749,G11,183,294,ok,1
205,6.833,1780168749,G4,328,241,ok,1
205,6.833,1780168749,G3,96,196,ok,1
205,6.833,1780168749,G10,469,232,ok,1
205,6.833,1780168749,G6,173,99,ok,0
205,6.833,1780168749,G2,258,120,ok,0
205,6.833,1780168749,G1,221,168,ok,1
205,6.833,1780168749,G13,106,155,ok,1
205,6.833,1780168749,G8,196,120,ok,0
205,6.833,1780168749,G7,240,108,ok,0
205,6.833,1780168749,G9,226,95,ok,0
205,6.833,1780168749,G16,131,75,ok,0
205,6.833,1780168749,G28,531,483,ok,0
205,6.833,1780168749,G27,159,68,ok,0
205,6.833,1780168749,G18,521,504,ok,0
205,6.833,1780168749,D4,64,617,ok,0
205,6.833,1780168749,D2,303,802,ok,1
205,6.833,1780168749,D1,255,792,ok,1
205,6.833,1780168749,D10,332,847,ok,1
205,6.833,1780168749,D9,256,848,ok,1
205,6.833,1780168749,D7,1,881,ok,0
205,6.833,1780168749,D11,-1,590,ok,0
205,6.833,1780168749,D16,-14,616,ok,0
205,6.833,1780168749,D6,0,590,ok,0
205,6.833,1780168749,D17,0,589,ok,0
205,6.833,1780168749,G29,106,73,interpolated,0
205,6.833,1780168749,G30,253,91,interpolated,0
205,6.833,1780168749,G31,524,498,interpolated,0
206,6.867,1780168749,G11,183,294,ok,1
206,6.867,1780168749,G4,327,240,ok,1
206,6.867,1780168749,G3,97,196,ok,1
206,6.867,1780168749,G10,470,232,ok,1
206,6.867,1780168749,G1,220,168,ok,1
206,6.867,1780168749,G6,173,99,ok,0
206,6.867,1780168749,G2,258,120,ok,0
206,6.867,1780168749,G13,105,155,ok,1
206,6.867,1780168749,G8,196,120,ok,0
206,6.867,1780168749,G7,240,108,ok,0
206,6.867,1780168749,G9,226,95,ok,0
206,6.867,1780168749,G27,158,67,ok,0
206,6.867,1780168749,G28,531,483,ok,0
206,6.867,1780168749,G16,131,75,ok,0
206,6.867,1780168749,G30,261,121,ok,0
206,6.867,1780168749,D4,64,617,ok,0
206,6.867,1780168749,D2,303,807,ok,1
206,6.867,1780168749,D10,332,847,ok,1
206,6.867,1780168749,D1,256,792,ok,1
206,6.867,1780168749,D9,256,848,ok,1
206,6.867,1780168749,D7,1,881,ok,0
206,6.867,1780168749,D6,0,590,ok,0
206,6.867,1780168749,D16,-14,616,ok,0
206,6.867,1780168749,D11,0,590,ok,0
206,6.867,1780168749,D17,0,589,ok,0
206,6.867,1780168749,G18,521,504,interpolated,0
206,6.867,1780168749,G29,106,73,interpolated,0
206,6.867,1780168749,G31,524,498,interpolated,0
207,6.900,1780168749,G11,183,294,ok,1
207,6.900,1780168749,G4,326,236,ok,1
207,6.900,1780168749,G3,97,195,ok,1
207,6.900,1780168749,G10,470,232,ok,1
207,6.900,1780168749,G1,220,166,ok,1
207,6.900,1780168749,G13,104,155,ok,1
207,6.900,1780168749,G6,173,99,ok,0
207,6.900,1780168749,G2,257,120,ok,0
207,6.900,1780168749,G7,240,108,ok,0
207,6.900,1780168749,G8,196,120,ok,0
207,6.900,1780168749,G9,227,95,ok,0
207,6.900,1780168749,G30,261,119,ok,0
207,6.900,1780168749,G27,158,68,ok,0
207,6.900,1780168749,G28,531,483,ok,0
207,6.900,1780168749,G16,131,75,ok,0
207,6.900,1780168749,D4,64,617,ok,0
207,6.900,1780168749,D2,303,811,ok,1
207,6.900,1780168749,D10,331,847,ok,1
207,6.900,1780168749,D1,256,793,ok,1
207,6.900,1780168749,D7,1,881,ok,0
207,6.900,1780168749,D9,255,853,ok,1
207,6.900,1780168749,D16,-14,616,ok,0
207,6.900,1780168749,D11,-1,590,ok,0
207,6.900,1780168749,D6,0,590,ok,0
207,6.900,1780168749,D17,0,589,ok,0
207,6.900,1780168749,G18,521,504,interpolated,0
207,6.900,1780168749,G29,106,73,interpolated,0
207,6.900,1780168749,G31,524,498,interpolated,0
208,6.933,1780168749,G11,183,294,ok,1
208,6.933,1780168749,G4,326,232,ok,1
208,6.933,1780168749,G3,97,196,ok,1
208,6.933,1780168749,G10,470,232,ok,1
208,6.933,1780168749,G1,220,168,ok,1
208,6.933,1780168749,G6,173,99,ok,0
208,6.933,1780168749,G30,261,121,ok,0
208,6.933,1780168749,G13,103,155,ok,1
208,6.933,1780168749,G7,240,108,ok,0
208,6.933,1780168749,G8,196,120,ok,0
208,6.933,1780168749,G9,227,95,ok,0
208,6.933,1780168749,G28,531,483,ok,0
208,6.933,1780168749,G27,158,68,ok,0
208,6.933,1780168749,G16,131,75,ok,0
208,6.933,1780168749,D4,64,618,ok,0
208,6.933,1780168749,D2,303,810,ok,1
208,6.933,1780168749,D10,331,847,ok,1
208,6.933,1780168749,D1,256,793,ok,1
208,6.933,1780168749,D7,1,881,ok,0
208,6.933,1780168749,D9,255,855,ok,1
208,6.933,1780168749,D11,-1,590,ok,0
208,6.933,1780168749,D16,-14,616,ok,0
208,6.933,1780168749,D6,-1,591,ok,0
208,6.933,1780168749,G2,257,120,interpolated,0
208,6.933,1780168749,G18,521,504,interpolated,0
208,6.933,1780168749,G29,106,73,interpolated,0
208,6.933,1780168749,D17,0,589,interpolated,0
208,6.933,1780168749,G31,524,498,interpolated,0
209,6.967,1780168749,G11,183,294,ok,1
209,6.967,1780168749,G4,326,231,ok,1
209,6.967,1780168749,G10,469,236,ok,1
209,6.967,1780168749,G3,97,196,ok,1
209,6.967,1780168749,G30,260,121,ok,0
209,6.967,1780168749,G1,221,168,ok,1
209,6.967,1780168749,G6,173,99,ok,0
209,6.967,1780168749,G13,103,155,ok,1
209,6.967,1780168749,G7,239,108,ok,0
209,6.967,1780168749,G8,196,120,ok,0
209,6.967,1780168749,G9,227,95,ok,0
209,6.967,1780168749,G28,531,483,ok,0
209,6.967,1780168749,G16,131,75,ok,0
209,6.967,1780168749,G27,158,67,ok,0
209,6.967,1780168749,D4,65,617,ok,0
209,6.967,1780168749,D10,331,847,ok,1
209,6.967,1780168749,D2,303,810,ok,1
209,6.967,1780168749,D1,257,793,ok,1
209,6.967,1780168749,D7,1,881,ok,0
209,6.967,1780168749,D9,253,850,ok,1
209,6.967,1780168749,D11,-1,590,ok,0
209,6.967,1780168749,D16,-14,617,ok,0
209,6.967,1780168749,G2,257,120,interpolated,0
209,6.967,1780168749,D6,-1,591,interpolated,0
209,6.967,1780168749,G18,521,504,interpolated,0
209,6.967,1780168749,G29,106,73,interpolated,0
209,6.967,1780168749,D17,0,589,interpolated,0
209,6.967,1780168749,G31,524,498,interpolated,0
210,7.000,1780168750,G11,183,294,ok,1
210,7.000,1780168750,G4,325,231,ok,1
210,7.000,1780168750,G10,469,240,ok,1
210,7.000,1780168750,G3,97,195,ok,1
210,7.000,1780168750,G30,260,120,ok,0
210,7.000,1780168750,G1,220,168,ok,1
210,7.000,1780168750,G6,173,99,ok,0
210,7.000,1780168750,G13,105,155,ok,1
210,7.000,1780168750,G7,239,108,ok,0
210,7.000,1780168750,G8,196,120,ok,0
210,7.000,1780168750,G9,227,96,ok,0
210,7.000,1780168750,G28,531,483,ok,0
210,7.000,1780168750,G16,131,75,ok,0
210,7.000,1780168750,D4,66,617,ok,0
210,7.000,1780168750,D10,331,847,ok,1
210,7.000,1780168750,D2,303,810,ok,1
210,7.000,1780168750,D1,257,795,ok,1
210,7.000,1780168750,D7,1,881,ok,0
210,7.000,1780168750,D9,254,863,ok,1
210,7.000,1780168750,D11,-1,590,ok,0
210,7.000,1780168750,D16,-14,617,ok,0
210,7.000,1780168750,D6,-1,591,ok,0
210,7.000,1780168750,G2,257,120,interpolated,0
210,7.000,1780168750,G18,521,504,interpolated,0
210,7.000,1780168750,G27,158,67,interpolated,0
210,7.000,1780168750,G29,106,73,interpolated,0
210,7.000,1780168750,D17,0,589,interpolated,0
210,7.000,1780168750,G31,524,498,interpolated,0
211,7.033,1780168750,G11,183,294,ok,1
211,7.033,1780168750,G4,325,231,ok,1
211,7.033,1780168750,G10,469,240,ok,1
211,7.033,1780168750,G3,97,196,ok,1
211,7.033,1780168750,G30,260,120,ok,0
211,7.033,1780168750,G1,220,168,ok,1
211,7.033,1780168750,G6,173,98,ok,0
211,7.033,1780168750,G13,105,155,ok,1
211,7.033,1780168750,G7,240,108,ok,0
211,7.033,1780168750,G8,196,120,ok,0
211,7.033,1780168750,G9,227,95,ok,0
211,7.033,1780168750,G28,531,483,ok,0
211,7.033,1780168750,G16,131,75,ok,0
211,7.033,1780168750,G27,158,67,ok,0
211,7.033,1780168750,D4,66,617,ok,0
211,7.033,1780168750,D10,331,847,ok,1
211,7.033,1780168750,D2,303,810,ok,1
211,7.033,1780168750,D1,257,795,ok,1
211,7.033,1780168750,D9,254,862,ok,1
211,7.033,1780168750,D7,1,881,ok,0
211,7.033,1780168750,D11,-1,590,ok,0
211,7.033,1780168750,D16,-15,618,ok,0
211,7.033,1780168750,G2,257,120,interpolated,0
211,7.033,1780168750,D6,-1,591,interpolated,0
211,7.033,1780168750,G18,521,504,interpolated,0
211,7.033,1780168750,D17,0,589,interpolated,0
211,7.033,1780168750,G31,524,498,interpolated,0
212,7.067,1780168750,G11,183,294,ok,1
212,7.067,1780168750,G4,325,231,ok,1
212,7.067,1780168750,G10,468,243,ok,1
212,7.067,1780168750,G3,97,195,ok,1
212,7.067,1780168750,G1,221,168,ok,1
212,7.067,1780168750,G6,173,98,ok,0
212,7.067,1780168750,G30,259,119,ok,0
212,7.067,1780168750,G13,106,155,ok,1
212,7.067,1780168750,G7,240,108,ok,0
212,7.067,1780168750,G8,196,120,ok,0
212,7.067,1780168750,G9,227,94,ok,0
212,7.067,1780168750,G16,131,74,ok,0
212,7.067,1780168750,G28,531,483,ok,0
212,7.067,1780168750,G27,158,67,ok,0
212,7.067,1780168750,D4,66,617,ok,0
212,7.067,1780168750,D10,332,848,ok,1
212,7.067,1780168750,D2,303,811,ok,1
212,7.067,1780168750,D1,257,796,ok,1
212,7.067,1780168750,D7,1,881,ok,0
212,7.067,1780168750,D9,254,864,ok,1
212,7.067,1780168750,D11,-1,590,ok,0
212,7.067,1780168750,G2,257,120,interpolated,0
212,7.067,1780168750,D6,-1,591,interpolated,0
212,7.067,1780168750,G18,521,504,interpolated,0
212,7.067,1780168750,D16,-15,618,interpolated,0
212,7.067,1780168750,D17,0,589,interpolated,0
212,7.067,1780168750,G31,524,498,interpolated,0
213,7.100,1780168750,G4,325,231,ok,1
213,7.100,1780168750,G11,183,294,ok,1
213,7.100,1780168750,G10,468,244,ok,1
213,7.100,1780168750,G3,97,194,ok,1
213,7.100,1780168750,G6,173,98,ok,0
213,7.100,1780168750,G1,221,168,ok,1
213,7.100,1780168750,G13,106,155,ok,1
213,7.100,1780168750,G30,260,119,ok,0
213,7.100,1780168750,G7,240,108,ok,0
213,7.100,1780168750,G8,196,120,ok,0
213,7.100,1780168750,G9,227,95,ok,0
213,7.100,1780168750,G27,158,67,ok,0
213,7.100,1780168750,G16,130,74,ok,0
213,7.100,1780168750,G28,531,483,ok,0
213,7.100,1780168750,G18,518,514,ok,0
213,7.100,1780168750,D4,66,617,ok,0
213,7.100,1780168750,D10,332,849,ok,1
213,7.100,1780168750,D2,303,811,ok,1
213,7.100,1780168750,D1,258,797,ok,1
213,7.100,1780168750,D7,1,881,ok,0
213,7.100,1780168750,D9,254,867,ok,1
213,7.100,1780168750,D11,-1,590,ok,0
213,7.100,1780168750,G2,257,120,interpolated,0
213,7.100,1780168750,D6,-1,591,interpolated,0
213,7.100,1780168750,D16,-15,618,interpolated,0
213,7.100,1780168750,D17,0,589,interpolated,0
214,7.133,1780168750,G11,183,294,ok,1
214,7.133,1780168750,G4,326,231,ok,1
214,7.133,1780168750,G10,468,245,ok,1
214,7.133,1780168750,G3,96,192,ok,1
214,7.133,1780168750,G6,173,98,ok,0
214,7.133,1780168750,G1,223,167,ok,1
214,7.133,1780168750,G13,106,155,ok,1
214,7.133,1780168750,G7,239,108,ok,0
214,7.133,1780168750,G30,259,118,ok,0
214,7.133,1780168750,G8,196,120,ok,0
214,7.133,1780168750,G9,227,94,ok,0
214,7.133,1780168750,G27,158,67,ok,0
214,7.133,1780168750,G16,130,74,ok,0
214,7.133,1780168750,G28,531,483,ok,0
214,7.133,1780168750,G29,87,67,ok,0
214,7.133,1780168750,G18,518,514,ok,0
214,7.133,1780168750,D4,66,617,ok,0
214,7.133,1780168750,D10,333,850,ok,1
214,7.133,1780168750,D2,303,811,ok,1
214,7.133,1780168750,D1,258,798,ok,1
214,7.133,1780168750,D7,1,881,ok,0
214,7.133,1780168750,D11,0,590,ok,0
214,7.133,1780168750,G2,257,120,interpolated,0
214,7.133,1780168750,D6,-1,591,interpolated,0
214,7.133,1780168750,D9,254,867,interpolated,1
214,7.133,1780168750,D16,-15,618,interpolated,0
214,7.133,1780168750,D17,0,589,interpolated,0
215,7.167,1780168750,G11,183,294,ok,1
215,7.167,1780168750,G4,325,230,ok,1
215,7.167,1780168750,G10,468,245,ok,1
215,7.167,1780168750,G3,96,190,ok,1
215,7.167,1780168750,G6,173,98,ok,0
215,7.167,1780168750,G1,223,166,ok,1
215,7.167,1780168750,G13,106,155,ok,1
215,7.167,1780168750,G30,259,116,ok,0
215,7.167,1780168750,G7,240,108,ok,0
215,7.167,1780168750,G8,196,120,ok,0
215,7.167,1780168750,G9,227,93,ok,0
215,7.167,1780168750,G27,158,67,ok,0
215,7.167,1780168750,G16,130,74,ok,0
215,7.167,1780168750,G28,531,483,ok,0
215,7.167,1780168750,G18,518,514,ok,0
215,7.167,1780168750,D4,66,617,ok,0
215,7.167,1780168750,D2,303,811,ok,1
215,7.167,1780168750,D10,334,851,ok,1
215,7.167,1780168750,D1,259,802,ok,1
215,7.167,1780168750,D7,1,881,ok,0
215,7.167,1780168750,D11,0,590,ok,0
215,7.167,1780168750,G2,257,120,interpolated,0
215,7.167,1780168750,D6,-1,591,interpolated,0
215,7.167,1780168750,D9,254,867,interpolated,1
215,7.167,1780168750,D16,-15,618,interpolated,0
215,7.167,1780168750,D17,0,589,interpolated,0
215,7.167,1780168750,G29,87,67,interpolated,0
216,7.200,1780168750,G11,183,294,ok,1
216,7.200,1780168750,G4,326,230,ok,1
216,7.200,1780168750,G10,467,246,ok,1
216,7.200,1780168750,G3,96,189,ok,1
216,7.200,1780168750,G6,173,98,ok,0
216,7.200,1780168750,G1,224,165,ok,1
216,7.200,1780168750,G13,106,155,ok,1
216,7.200,1780168750,G7,239,108,ok,0
216,7.200,1780168750,G30,258,115,ok,0
216,7.200,1780168750,G8,197,121,ok,0
216,7.200,1780168750,G9,226,91,ok,0
216,7.200,1780168750,G16,130,74,ok,0
216,7.200,1780168750,G27,158,67,ok,0
216,7.200,1780168750,G31,522,505,ok,0
216,7.200,1780168750,D4,66,615,ok,0
216,7.200,1780168750,D2,303,813,ok,1
216,7.200,1780168750,D1,258,807,ok,1
216,7.200,1780168750,D10,335,851,ok,1
216,7.200,1780168750,D7,1,881,ok,0
216,7.200,1780168750,D17,0,589,ok,0
216,7.200,1780168750,D6,-1,590,ok,0
216,7.200,1780168750,D9,252,875,ok,0
216,7.200,1780168750,D16,-22,628,ok,0
216,7.200,1780168750,G2,257,120,interpolated,0
216,7.200,1780168750,G18,518,514,interpolated,0
216,7.200,1780168750,D11,0,590,interpolated,0
216,7.200,1780168750,G28,531,483,interpolated,0
216,7.200,1780168750,G29,87,67,interpolated,0
217,7.233,1780168750,G11,183,294,ok,1
217,7.233,1780168750,G4,326,230,ok,1
217,7.233,1780168750,G10,467,246,ok,1
217,7.233,1780168750,G3,96,189,ok,1
217,7.233,1780168750,G6,173,98,ok,0
217,7.233,1780168750,G1,224,165,ok,1
217,7.233,1780168750,G13,106,155,ok,1
217,7.233,1780168750,G7,239,108,ok,0
217,7.233,1780168750,G30,258,115,ok,0
217,7.233,1780168750,G8,197,121,ok,0
217,7.233,1780168750,G9,226,90,ok,0
217,7.233,1780168750,G16,130,74,ok,0
217,7.233,1780168750,G27,158,67,ok,0
217,7.233,1780168750,G31,522,505,ok,0
217,7.233,1780168750,G29,106,77,ok,0
217,7.233,1780168750,D4,66,615,ok,0
217,7.233,1780168750,D2,303,813,ok,1
217,7.233,1780168750,D1,258,807,ok,1
217,7.233,1780168750,D10,335,851,ok,1
217,7.233,1780168750,D7,1,881,ok,0
217,7.233,1780168750,D17,0,589,ok,0
217,7.233,1780168750,D6,-1,590,ok,0
217,7.233,1780168750,D9,252,875,ok,0
217,7.233,1780168750,D16,-22,628,ok,0
217,7.233,1780168750,G2,257,120,interpolated,0
217,7.233,1780168750,G18,518,514,interpolated,0
217,7.233,1780168750,D11,0,590,interpolated,0
217,7.233,1780168750,G28,531,483,interpolated,0
218,7.267,1780168750,G11,183,294,ok,1
218,7.267,1780168750,G4,326,230,ok,1
218,7.267,1780168750,G10,468,246,ok,1
218,7.267,1780168750,G3,96,188,ok,1
218,7.267,1780168750,G6,173,98,ok,0
218,7.267,1780168750,G1,224,163,ok,1
218,7.267,1780168750,G13,106,155,ok,1
218,7.267,1780168750,G30,258,113,ok,0
218,7.267,1780168750,G7,239,108,ok,0
218,7.267,1780168750,G8,197,121,ok,0
218,7.267,1780168750,G9,226,90,ok,0
218,7.267,1780168750,G16,130,74,ok,0
218,7.267,1780168750,G27,159,67,ok,0
218,7.267,1780168750,G31,522,505,ok,0
218,7.267,1780168750,D4,66,615,ok,0
218,7.267,1780168750,D2,303,815,ok,1
218,7.267,1780168750,D1,259,809,ok,1
218,7.267,1780168750,D10,337,854,ok,1
218,7.267,1780168750,D7,1,881,ok,0
218,7.267,1780168750,D18,253,845,ok,1
218,7.267,1780168750,D6,-1,591,ok,0
218,7.267,1780168750,D11,-1,591,ok,0
218,7.267,1780168750,D17,0,589,ok,0
218,7.267,1780168750,D16,-22,628,ok,0
218,7.267,1780168750,D9,252,875,ok,0
218,7.267,1780168750,G18,518,514,interpolated,0
218,7.267,1780168750,G28,531,483,interpolated,0
218,7.267,1780168750,G29,106,77,interpolated,0
219,7.300,1780168750,G11,183,294,ok,1
219,7.300,1780168750,G10,467,245,ok,1
219,7.300,1780168750,G4,325,228,ok,1
219,7.300,1780168750,G3,96,188,ok,1
219,7.300,1780168750,G6,173,98,ok,0
219,7.300,1780168750,G13,106,155,ok,1
219,7.300,1780168750,G1,224,162,ok,1
219,7.300,1780168750,G30,258,112,ok,0
219,7.300,1780168750,G7,240,108,ok,0
219,7.300,1780168750,G8,197,120,ok,0
219,7.300,1780168750,G9,226,90,ok,0
219,7.300,1780168750,G16,130,74,ok,0
219,7.300,1780168750,G27,159,67,ok,0
219,7.300,1780168750,G31,522,505,ok,0
219,7.300,1780168750,D4,66,615,ok,0
219,7.300,1780168750,D2,303,815,ok,1
219,7.300,1780168750,D1,259,809,ok,1
219,7.300,1780168750,D10,337,854,ok,1
219,7.300,1780168750,D7,1,881,ok,0
219,7.300,1780168750,D18,252,845,ok,1
219,7.300,1780168750,D17,0,589,ok,0
219,7.300,1780168750,D6,-1,590,ok,0
219,7.300,1780168750,D9,252,875,ok,0
219,7.300,1780168750,D16,-21,627,ok,0
219,7.300,1780168750,G18,518,514,interpolated,0
219,7.300,1780168750,D11,-1,591,interpolated,0
219,7.300,1780168750,G28,531,483,interpolated,0
219,7.300,1780168750,G29,106,77,interpolated,0
220,7.333,1780168750,G11,183,294,ok,1
220,7.333,1780168750,G10,468,245,ok,1
220,7.333,1780168750,G4,325,226,ok,1
220,7.333,1780168750,G3,96,188,ok,1
220,7.333,1780168750,G6,173,98,ok,0
220,7.333,1780168750,G13,106,155,ok,1
220,7.333,1780168750,G1,224,156,ok,1
220,7.333,1780168750,G30,257,111,ok,0
220,7.333,1780168750,G7,239,108,ok,0
220,7.333,1780168750,G8,197,121,ok,0
220,7.333,1780168750,G9,226,91,ok,0
220,7.333,1780168750,G16,130,74,ok,0
220,7.333,1780168750,G27,159,67,ok,0
220,7.333,1780168750,G31,522,505,ok,0
220,7.333,1780168750,D4,66,615,ok,0
220,7.333,1780168750,D2,303,820,ok,1
220,7.333,1780168750,D1,258,809,ok,1
220,7.333,1780168750,D10,336,856,ok,1
220,7.333,1780168750,D7,0,881,ok,0
220,7.333,1780168750,D18,252,851,ok,1
220,7.333,1780168750,D17,0,589,ok,0
220,7.333,1780168750,D6,-1,590,ok,0
220,7.333,1780168750,D16,-21,627,ok,0
220,7.333,1780168750,D9,252,875,interpolated,0
220,7.333,1780168750,G18,518,514,interpolated,0
220,7.333,1780168750,D11,-1,591,interpolated,0
220,7.333,1780168750,G28,531,483,interpolated,0
220,7.333,1780168750,G29,106,77,interpolated,0
221,7.367,1780168750,G11,183,294,ok,1
221,7.367,1780168750,G4,324,226,ok,1
221,7.367,1780168750,G10,468,246,ok,1
221,7.367,1780168750,G3,96,188,ok,1
221,7.367,1780168750,G6,173,98,ok,0
221,7.367,1780168750,G13,106,155,ok,1
221,7.367,1780168750,G1,224,154,ok,1
221,7.367,1780168750,G30,257,111,ok,0
221,7.367,1780168750,G7,239,108,ok,0
221,7.367,1780168750,G8,197,121,ok,0
221,7.367,1780168750,G9,226,91,ok,0
221,7.367,1780168750,G16,130,74,ok,0
221,7.367,1780168750,G31,522,505,ok,0
221,7.367,1780168750,G27,159,67,ok,0
221,7.367,1780168750,D4,66,615,ok,0
221,7.367,1780168750,D2,304,822,ok,1
221,7.367,1780168750,D1,260,810,ok,1
221,7.367,1780168750,D10,336,858,ok,1
221,7.367,1780168750,D18,251,853,ok,1
221,7.367,1780168750,D7,0,881,ok,0
221,7.367,1780168750,D17,0,589,ok,0
221,7.367,1780168750,D6,0,590,ok,0
221,7.367,1780168750,D16,-21,627,ok,0
221,7.367,1780168750,D9,252,875,interpolated,0
221,7.367,1780168750,G18,518,514,interpolated,0
221,7.367,1780168750,D11,-1,591,interpolated,0
221,7.367,1780168750,G28,531,483,interpolated,0
221,7.367,1780168750,G29,106,77,interpolated,0
222,7.400,1780168750,G4,323,225,ok,1
222,7.400,1780168750,G11,183,294,ok,1
222,7.400,1780168750,G10,468,246,ok,1
222,7.400,1780168750,G3,96,188,ok,1
222,7.400,1780168750,G6,173,98,ok,0
222,7.400,1780168750,G13,106,155,ok,1
222,7.400,1780168750,G30,257,110,ok,0
222,7.400,1780168750,G1,224,152,ok,1
222,7.400,1780168750,G7,239,108,ok,0
222,7.400,1780168750,G8,197,121,ok,0
222,7.400,1780168750,G16,130,74,ok,0
222,7.400,1780168750,G9,226,91,ok,0
222,7.400,1780168750,G29,87,67,ok,0
222,7.400,1780168750,G31,522,505,ok,0
222,7.400,1780168750,G27,159,67,ok,0
222,7.400,1780168750,D4,66,614,ok,0
222,7.400,1780168750,D2,304,825,ok,1
222,7.400,1780168750,D1,259,809,ok,1
222,7.400,1780168750,D10,336,859,ok,1
222,7.400,1780168750,D18,251,857,ok,1
222,7.400,1780168750,D7,0,881,ok,0
222,7.400,1780168750,D17,0,589,ok,0
222,7.400,1780168750,D6,-1,590,ok,0
222,7.400,1780168750,D16,-21,627,ok,0
222,7.400,1780168750,D9,252,875,interpolated,0
222,7.400,1780168750,G18,518,514,interpolated,0
222,7.400,1780168750,D11,-1,591,interpolated,0
222,7.400,1780168750,G28,531,483,interpolated,0
223,7.433,1780168750,G4,323,225,ok,1
223,7.433,1780168750,G11,183,294,ok,1
223,7.433,1780168750,G10,468,246,ok,1
223,7.433,1780168750,G3,96,188,ok,1
223,7.433,1780168750,G6,173,98,ok,0
223,7.433,1780168750,G13,106,155,ok,1
223,7.433,1780168750,G30,257,110,ok,0
223,7.433,1780168750,G1,224,152,ok,1
223,7.433,1780168750,G7,239,108,ok,0
223,7.433,1780168750,G8,197,121,ok,0
223,7.433,1780168750,G16,130,74,ok,0
223,7.433,1780168750,G9,226,91,ok,0
223,7.433,1780168750,G29,87,67,ok,0
223,7.433,1780168750,G31,522,505,ok,0
223,7.433,1780168750,G27,159,67,ok,0
223,7.433,1780168750,D4,66,615,ok,0
223,7.433,1780168750,D2,304,825,ok,1
223,7.433,1780168750,D1,259,809,ok,1
223,7.433,1780168750,D10,336,859,ok,1
223,7.433,1780168750,D18,251,857,ok,1
223,7.433,1780168750,D7,0,881,ok,0
223,7.433,1780168750,D17,0,589,ok,0
223,7.433,1780168750,D6,-1,590,ok,0
223,7.433,1780168750,D16,-21,627,ok,0
223,7.433,1780168750,D9,252,875,interpolated,0
223,7.433,1780168750,G18,518,514,interpolated,0
223,7.433,1780168750,D11,-1,591,interpolated,0
223,7.433,1780168750,G28,531,483,interpolated,0
224,7.467,1780168750,G4,322,223,ok,1
224,7.467,1780168750,G11,183,294,ok,1
224,7.467,1780168750,G10,468,246,ok,1
224,7.467,1780168750,G3,96,188,ok,1
224,7.467,1780168750,G6,173,98,ok,0
224,7.467,1780168750,G13,106,155,ok,1
224,7.467,1780168750,G1,224,151,ok,1
224,7.467,1780168750,G30,257,110,ok,0
224,7.467,1780168750,G7,239,108,ok,0
224,7.467,1780168750,G8,197,120,ok,0
224,7.467,1780168750,G29,87,68,ok,0
224,7.467,1780168750,G16,130,75,ok,0
224,7.467,1780168750,G9,226,91,ok,0
224,7.467,1780168750,G31,522,504,ok,0
224,7.467,1780168750,D4,66,614,ok,0
224,7.467,1780168750,D1,259,809,ok,1
224,7.467,1780168750,D2,304,827,ok,1
224,7.467,1780168750,D10,336,860,ok,1
224,7.467,1780168750,D18,249,858,ok,1
224,7.467,1780168750,D7,0,881,ok,0
224,7.467,1780168750,D17,0,589,ok,0
224,7.467,1780168750,D6,0,590,ok,0
224,7.467,1780168750,D16,-21,627,ok,0
224,7.467,1780168750,D9,252,875,interpolated,0
224,7.467,1780168750,G18,518,514,interpolated,0
224,7.467,1780168750,D11,-1,591,interpolated,0
224,7.467,1780168750,G27,159,67,interpolated,0
224,7.467,1780168750,G28,531,483,interpolated,0
225,7.500,1780168750,G4,321,219,ok,1
225,7.500,1780168750,G11,183,294,ok,1
225,7.500,1780168750,G10,468,246,ok,1
225,7.500,1780168750,G3,96,188,ok,1
225,7.500,1780168750,G6,173,98,ok,0
225,7.500,1780168750,G13,107,156,ok,1
225,7.500,1780168750,G1,225,151,ok,1
225,7.500,1780168750,G30,257,110,ok,0
225,7.500,1780168750,G7,239,108,ok,0
225,7.500,1780168750,G8,197,121,ok,0
225,7.500,1780168750,G16,130,75,ok,0
225,7.500,1780168750,G29,87,68,ok,0
225,7.500,1780168750,G31,522,504,ok,0
225,7.500,1780168750,G18,522,503,ok,0
225,7.500,1780168750,G9,226,90,ok,0
225,7.500,1780168750,D4,66,614,ok,0
225,7.500,1780168750,D1,259,809,ok,1
225,7.500,1780168750,D2,305,828,ok,1
225,7.500,1780168750,D10,336,860,ok,1
225,7.500,1780168750,D18,249,860,ok,1
225,7.500,1780168750,D7,0,881,ok,0
225,7.500,1780168750,D6,0,590,ok,0
225,7.500,1780168750,D11,-1,591,ok,0
225,7.500,1780168750,D17,0,589,ok,0
225,7.500,1780168750,D16,-21,627,ok,0
225,7.500,1780168750,D9,252,875,interpolated,0
225,7.500,1780168750,G27,159,67,interpolated,0
225,7.500,1780168750,G28,531,483,interpolated,0
226,7.533,1780168750,G11,183,294,ok,1
226,7.533,1780168750,G4,319,215,ok,1
226,7.533,1780168750,G10,468,246,ok,1
226,7.533,1780168750,G3,96,188,ok,1
226,7.533,1780168750,G6,173,98,ok,0
226,7.533,1780168750,G1,226,150,ok,1
226,7.533,1780168750,G13,107,158,ok,1
226,7.533,1780168750,G7,239,108,ok,0
226,7.533,1780168750,G30,257,110,ok,0
226,7.533,1780168750,G8,197,121,ok,0
226,7.533,1780168750,G16,130,75,ok,0
226,7.533,1780168750,G31,522,504,ok,0
226,7.533,1780168750,G29,87,68,ok,0
226,7.533,1780168750,G18,522,504,ok,0
226,7.533,1780168750,G9,226,90,ok,0
226,7.533,1780168750,D4,66,614,ok,0
226,7.533,1780168750,D1,259,808,ok,1
226,7.533,1780168750,D2,306,829,ok,1
226,7.533,1780168750,D10,336,860,ok,1
226,7.533,1780168750,D18,248,862,ok,1
226,7.533,1780168750,D7,1,881,ok,0
226,7.533,1780168750,D11,-1,591,ok,0
226,7.533,1780168750,D17,0,589,ok,0
226,7.533,1780168750,D16,-21,626,ok,0
226,7.533,1780168750,D6,0,590,interpolated,0
226,7.533,1780168750,D9,252,875,interpolated,0
226,7.533,1780168750,G27,159,67,interpolated,0
227,7.567,1780168750,G11,183,294,ok,1
227,7.567,1780168750,G4,318,213,ok,1
227,7.567,1780168750,G10,467,247,ok,1
227,7.567,1780168750,G6,173,98,ok,0
227,7.567,1780168750,G3,96,188,ok,1
227,7.567,1780168750,G1,227,150,ok,1
227,7.567,1780168750,G13,107,159,ok,1
227,7.567,1780168750,G30,257,111,ok,0
227,7.567,1780168750,G7,239,108,ok,0
227,7.567,1780168750,G8,197,121,ok,0
227,7.567,1780168750,G16,130,76,ok,0
227,7.567,1780168750,G18,522,504,ok,0
227,7.567,1780168750,G31,522,504,ok,0
227,7.567,1780168750,G9,226,90,ok,0
227,7.567,1780168750,G29,86,68,ok,0
227,7.567,1780168750,D4,66,614,ok,0
227,7.567,1780168750,D1,259,809,ok,1
227,7.567,1780168750,D2,306,830,ok,1
227,7.567,1780168750,D10,335,859,ok,1
227,7.567,1780168750,D18,247,863,ok,1
227,7.567,1780168750,D7,0,881,ok,0
227,7.567,1780168750,D11,-1,591,ok,0
227,7.567,1780168750,D17,0,589,ok,0
227,7.567,1780168750,D16,-20,625,ok,0
227,7.567,1780168750,D6,0,590,interpolated,0
227,7.567,1780168750,D9,252,875,interpolated,0
227,7.567,1780168750,G27,159,67,interpolated,0
228,7.600,1780168750,G11,183,294,ok,1
228,7.600,1780168750,G4,318,213,ok,1
228,7.600,1780168750,G10,465,251,ok,1
228,7.600,1780168750,G6,173,98,ok,0
228,7.600,1780168750,G3,96,188,ok,1
228,7.600,1780168750,G1,228,150,ok,1
228,7.600,1780168750,G13,107,160,ok,1
228,7.600,1780168750,G7,239,108,ok,0
228,7.600,1780168750,G30,257,111,ok,0
228,7.600,1780168750,G8,197,121,ok,0
228,7.600,1780168750,G16,129,76,ok,0
228,7.600,1780168750,G18,522,504,ok,0
228,7.600,1780168750,G31,522,503,ok,0
228,7.600,1780168750,D4,66,614,ok,0
228,7.600,1780168750,D1,259,810,ok,1
228,7.600,1780168750,D2,307,829,ok,1
228,7.600,1780168750,D10,335,860,ok,1
228,7.600,1780168750,D18,247,864,ok,1
228,7.600,1780168750,D7,0,881,ok,0
228,7.600,1780168750,D11,-1,591,ok,0
228,7.600,1780168750,D17,0,589,ok,0
228,7.600,1780168750,D16,-20,624,ok,0
228,7.600,1780168750,G9,226,90,interpolated,0
228,7.600,1780168750,D6,0,590,interpolated,0
228,7.600,1780168750,D9,252,875,interpolated,0
228,7.600,1780168750,G27,159,67,interpolated,0
228,7.600,1780168750,G29,86,68,interpolated,0
229,7.633,1780168750,G11,183,294,ok,1
229,7.633,1780168750,G4,318,213,ok,1
229,7.633,1780168750,G10,465,251,ok,1
229,7.633,1780168750,G6,173,98,ok,0
229,7.633,1780168750,G3,96,188,ok,1
229,7.633,1780168750,G1,228,150,ok,1
229,7.633,1780168750,G13,107,160,ok,1
229,7.633,1780168750,G7,239,108,ok,0
229,7.633,1780168750,G30,257,111,ok,0
229,7.633,1780168750,G8,197,121,ok,0
229,7.633,1780168750,G16,129,76,ok,0
229,7.633,1780168750,G18,522,504,ok,0
229,7.633,1780168750,G31,522,503,ok,0
229,7.633,1780168750,D4,66,614,ok,0
229,7.633,1780168750,D1,259,810,ok,1
229,7.633,1780168750,D2,307,829,ok,1
229,7.633,1780168750,D10,335,860,ok,1
229,7.633,1780168750,D18,247,864,ok,1
229,7.633,1780168750,D7,0,881,ok,0
229,7.633,1780168750,D11,-1,591,ok,0
229,7.633,1780168750,D17,0,589,ok,0
229,7.633,1780168750,D16,-20,624,ok,0
229,7.633,1780168750,G9,226,90,interpolated,0
229,7.633,1780168750,D6,0,590,interpolated,0
229,7.633,1780168750,D9,252,875,interpolated,0
229,7.633,1780168750,G27,159,67,interpolated,0
229,7.633,1780168750,G29,86,68,interpolated,0
230,7.667,1780168750,G11,183,294,ok,1
230,7.667,1780168750,G10,465,251,ok,1
230,7.667,1780168750,G4,317,213,ok,1
230,7.667,1780168750,G6,173,98,ok,0
230,7.667,1780168750,G3,96,187,ok,1
230,7.667,1780168750,G13,108,161,ok,1
230,7.667,1780168750,G1,229,149,ok,1
230,7.667,1780168750,G7,239,108,ok,0
230,7.667,1780168750,G30,257,111,ok,0
230,7.667,1780168750,G8,197,121,ok,0
230,7.667,1780168750,G16,129,77,ok,0
230,7.667,1780168750,G18,522,504,ok,0
230,7.667,1780168750,G31,522,504,ok,0
230,7.667,1780168750,D4,65,614,ok,0
230,7.667,1780168750,D2,307,829,ok,1
230,7.667,1780168750,D1,259,810,ok,1
230,7.667,1780168750,D10,335,861,ok,1
230,7.667,1780168750,D18,247,866,ok,1
230,7.667,1780168750,D7,0,881,ok,0
230,7.667,1780168750,D11,-1,591,ok,0
230,7.667,1780168750,D6,-1,590,ok,0
230,7.667,1780168750,D17,0,589,ok,0
230,7.667,1780168750,D16,-19,623,ok,0
230,7.667,1780168750,G9,226,90,interpolated,0
230,7.667,1780168750,G27,159,67,interpolated,0
230,7.667,1780168750,G29,86,68,interpolated,0
231,7.700,1780168750,G11,183,294,ok,1
231,7.700,1780168750,G10,464,252,ok,1
231,7.700,1780168750,G4,317,213,ok,1
231,7.700,1780168750,G13,107,162,ok,1
231,7.700,1780168750,G6,173,98,ok,0
231,7.700,1780168750,G3,96,187,ok,1
231,7.700,1780168750,G1,230,149,ok,1
231,7.700,1780168750,G7,239,108,ok,0
231,7.700,1780168750,G30,257,112,ok,0
231,7.700,1780168750,G8,197,121,ok,0
231,7.700,1780168750,G16,129,76,ok,0
231,7.700,1780168750,G18,522,504,ok,0
231,7.700,1780168750,G31,522,503,ok,0
231,7.700,1780168750,D4,65,614,ok,0
231,7.700,1780168750,D2,308,830,ok,1
231,7.700,1780168750,D1,259,812,ok,1
231,7.700,1780168750,D10,335,861,ok,1
231,7.700,1780168750,D18,247,865,ok,1
231,7.700,1780168750,D7,0,881,ok,0
231,7.700,1780168750,D17,0,589,ok,0
231,7.700,1780168750,D6,-1,590,ok,0
231,7.700,1780168750,D11,0,589,ok,0
231,7.700,1780168750,D16,-19,623,ok,0
231,7.700,1780168750,G9,226,90,interpolated,0
231,7.700,1780168750,G27,159,67,interpolated,0
231,7.700,1780168750,G29,86,68,interpolated,0
232,7.733,1780168750,G11,183,294,ok,1
232,7.733,1780168750,G10,464,254,ok,1
232,7.733,1780168750,G4,316,213,ok,1
232,7.733,1780168750,G13,107,162,ok,1
232,7.733,1780168750,G6,173,98,ok,0
232,7.733,1780168750,G3,95,185,ok,1
232,7.733,1780168750,G1,231,149,ok,1
232,7.733,1780168750,G30,257,111,ok,0
232,7.733,1780168750,G7,239,108,ok,0
232,7.733,1780168750,G8,197,121,ok,0
232,7.733,1780168750,G16,129,76,ok,0
232,7.733,1780168750,G18,522,504,ok,0
232,7.733,1780168750,G31,522,503,ok,0
232,7.733,1780168750,D4,65,614,ok,0
232,7.733,1780168750,D2,308,830,ok,1
232,7.733,1780168750,D1,259,812,ok,1
232,7.733,1780168750,D10,334,861,ok,1
232,7.733,1780168750,D18,246,865,ok,1
232,7.733,1780168750,D7,0,881,ok,0
232,7.733,1780168750,D6,-1,591,ok,0
232,7.733,1780168750,D11,0,590,ok,0
232,7.733,1780168750,D16,-20,624,ok,0
232,7.733,1780168750,D17,-15,617,ok,0
232,7.733,1780168750,G9,226,90,interpolated,0
232,7.733,1780168750,G27,159,67,interpolated,0
232,7.733,1780168750,G29,86,68,interpolated,0
233,7.767,1780168750,G11,183,294,ok,1
233,7.767,1780168750,G10,464,254,ok,1
233,7.767,1780168750,G4,316,208,ok,1
233,7.767,1780168750,G13,107,162,ok,1
233,7.767,1780168750,G3,94,182,ok,1
233,7.767,1780168750,G6,173,97,ok,0
233,7.767,1780168750,G30,257,111,ok,0
233,7.767,1780168750,G7,239,108,ok,0
233,7.767,1780168750,G1,231,149,ok,1
233,7.767,1780168750,G8,197,121,ok,0
233,7.767,1780168750,G16,129,77,ok,0
233,7.767,1780168750,G18,522,504,ok,0
233,7.767,1780168750,G31,522,503,ok,0
233,7.767,1780168750,D4,65,613,ok,0
233,7.767,1780168750,D2,308,830,ok,1
233,7.767,1780168750,D1,259,813,ok,1
233,7.767,1780168750,D10,335,863,ok,1
233,7.767,1780168750,D18,246,866,ok,1
233,7.767,1780168750,D7,0,881,ok,0
233,7.767,1780168750,D6,-1,591,ok,0
233,7.767,1780168750,D11,0,589,ok,0
233,7.767,1780168750,D16,-19,622,ok,0
233,7.767,1780168750,G9,226,90,interpolated,0
233,7.767,1780168750,G27,159,67,interpolated,0
233,7.767,1780168750,D17,-15,617,interpolated,0
233,7.767,1780168750,G29,86,68,interpolated,0
234,7.800,1780168750,G11,183,294,ok,1
234,7.800,1780168750,G4,315,211,ok,1
234,7.800,1780168750,G10,463,254,ok,1
234,7.800,1780168750,G3,93,180,ok,1
234,7.800,1780168750,G13,107,162,ok,1
234,7.800,1780168750,G6,173,97,ok,0
234,7.800,1780168750,G30,257,111,ok,0
234,7.800,1780168750,G1,231,148,ok,1
234,7.800,1780168750,G7,240,108,ok,0
234,7.800,1780168750,G8,197,120,ok,0
234,7.800,1780168750,G16,129,77,ok,0
234,7.800,1780168750,G18,522,504,ok,0
234,7.800,1780168750,G31,522,504,ok,0
234,7.800,1780168750,D4,65,613,ok,0
234,7.800,1780168750,D2,308,830,ok,1
234,7.800,1780168750,D1,259,816,ok,1
234,7.800,1780168750,D10,334,864,ok,1
234,7.800,1780168750,D18,245,865,ok,1
234,7.800,1780168750,D7,0,881,ok,0
234,7.800,1780168750,D11,0,589,ok,0
234,7.800,1780168750,D16,-19,623,ok,0
234,7.800,1780168750,G9,226,90,interpolated,0
234,7.800,1780168750,D6,-1,591,interpolated,0
234,7.800,1780168750,D17,-15,617,interpolated,0
234,7.800,1780168750,G29,86,68,interpolated,0
235,7.833,1780168750,G11,183,294,ok,1
235,7.833,1780168750,G4,315,211,ok,1
235,7.833,1780168750,G10,463,254,ok,1
235,7.833,1780168750,G3,93,180,ok,1
235,7.833,1780168750,G13,108,162,ok,1
235,7.833,1780168750,G6,173,97,ok,0
235,7.833,1780168750,G30,257,111,ok,0
235,7.833,1780168750,G1,231,148,ok,1
235,7.833,1780168750,G7,240,108,ok,0
235,7.833,1780168750,G8,197,120,ok,0
235,7.833,1780168750,G16,129,77,ok,0
235,7.833,1780168750,G18,522,504,ok,0
235,7.833,1780168750,G31,522,504,ok,0
235,7.833,1780168750,D4,65,613,ok,0
235,7.833,1780168750,D2,308,830,ok,1
235,7.833,1780168750,D1,259,816,ok,1
235,7.833,1780168750,D10,334,864,ok,1
235,7.833,1780168750,D18,245,865,ok,1
235,7.833,1780168750,D7,0,881,ok,0
235,7.833,1780168750,D11,0,588,ok,0
235,7.833,1780168750,D16,-19,623,ok,0
235,7.833,1780168750,G9,226,90,interpolated,0
235,7.833,1780168750,D6,-1,591,interpolated,0
235,7.833,1780168750,D17,-15,617,interpolated,0
235,7.833,1780168750,G29,86,68,interpolated,0
236,7.867,1780168750,G11,183,294,ok,1
236,7.867,1780168750,G4,315,210,ok,1
236,7.867,1780168750,G10,463,254,ok,1
236,7.867,1780168750,G3,93,180,ok,1
236,7.867,1780168750,G6,173,98,ok,0
236,7.867,1780168750,G13,107,162,ok,1
236,7.867,1780168750,G30,257,110,ok,0
236,7.867,1780168750,G1,231,146,ok,1
236,7.867,1780168750,G7,240,108,ok,0
236,7.867,1780168750,G8,197,120,ok,0
236,7.867,1780168750,G16,128,77,ok,0
236,7.867,1780168750,G18,522,504,ok,0
236,7.867,1780168750,G31,522,504,ok,0
236,7.867,1780168750,D4,64,613,ok,0
236,7.867,1780168750,D2,308,830,ok,1
236,7.867,1780168750,D1,259,819,ok,1
236,7.867,1780168750,D10,334,866,ok,1
236,7.867,1780168750,D18,245,863,ok,1
236,7.867,1780168750,D7,0,881,ok,0
236,7.867,1780168750,D11,0,589,ok,0
236,7.867,1780168750,G9,226,90,interpolated,0
236,7.867,1780168750,D6,-1,591,interpolated,0
236,7.867,1780168750,D16,-19,623,interpolated,0
236,7.867,1780168750,D17,-15,617,interpolated,0
236,7.867,1780168750,G29,86,68,interpolated,0
237,7.900,1780168750,G11,183,294,ok,1
237,7.900,1780168750,G4,314,209,ok,1
237,7.900,1780168750,G10,463,254,ok,1
237,7.900,1780168750,G3,92,178,ok,1
237,7.900,1780168750,G6,173,97,ok,0
237,7.900,1780168750,G13,107,162,ok,1
237,7.900,1780168750,G30,257,110,ok,0
237,7.900,1780168750,G1,232,145,ok,1
237,7.900,1780168750,G7,240,108,ok,0
237,7.900,1780168750,G8,197,120,ok,0
237,7.900,1780168750,G16,128,77,ok,0
237,7.900,1780168750,G18,522,505,ok,0
237,7.900,1780168750,D4,64,613,ok,0
237,7.900,1780168750,D2,309,830,ok,1
237,7.900,1780168750,D1,259,822,ok,1
237,7.900,1780168750,D10,334,865,ok,1
237,7.900,1780168750,D18,245,864,ok,1
237,7.900,1780168750,D7,0,881,ok,0
237,7.900,1780168750,D16,-19,623,ok,0
237,7.900,1780168750,G9,226,90,interpolated,0
237,7.900,1780168750,D6,-1,591,interpolated,0
237,7.900,1780168750,D11,0,589,interpolated,0
237,7.900,1780168750,D17,-15,617,interpolated,0
237,7.900,1780168750,G29,86,68,interpolated,0
237,7.900,1780168750,G31,522,504,interpolated,0
238,7.933,1780168750,G11,183,294,ok,1
238,7.933,1780168750,G10,463,254,ok,1
238,7.933,1780168750,G4,314,208,ok,1
238,7.933,1780168750,G3,92,177,ok,1
238,7.933,1780168750,G6,173,97,ok,0
238,7.933,1780168750,G13,107,162,ok,1
238,7.933,1780168750,G1,232,142,ok,1
238,7.933,1780168750,G30,257,108,ok,0
238,7.933,1780168750,G8,197,120,ok,0
238,7.933,1780168750,G7,240,108,ok,0
238,7.933,1780168750,G16,127,77,ok,0
238,7.933,1780168750,G18,522,505,ok,0
238,7.933,1780168750,D4,63,613,ok,0
238,7.933,1780168750,D2,309,831,ok,1
238,7.933,1780168750,D1,259,824,ok,1
238,7.933,1780168750,D10,333,865,ok,1
238,7.933,1780168750,D18,244,865,ok,1
238,7.933,1780168750,D7,0,881,ok,0
238,7.933,1780168750,D16,-19,622,ok,0
238,7.933,1780168750,D6,-1,591,interpolated,0
238,7.933,1780168750,D11,0,589,interpolated,0
238,7.933,1780168750,D17,-15,617,interpolated,0
238,7.933,1780168750,G31,522,504,interpolated,0
239,7.967,1780168750,G11,183,294,ok,1
239,7.967,1780168750,G4,314,206,ok,1
239,7.967,1780168750,G10,463,254,ok,1
239,7.967,1780168750,G6,173,98,ok,0
239,7.967,1780168750,G3,92,177,ok,1
239,7.967,1780168750,G13,107,162,ok,1
239,7.967,1780168750,G1,232,139,ok,1
239,7.967,1780168750,G30,257,106,ok,0
239,7.967,1780168750,G8,197,120,ok,0
239,7.967,1780168750,G7,240,108,ok,0
239,7.967,1780168750,G16,126,77,ok,0
239,7.967,1780168750,G18,521,505,ok,0
239,7.967,1780168750,G29,80,68,ok,0
239,7.967,1780168750,D4,63,613,ok,0
239,7.967,1780168750,D1,259,824,ok,1
239,7.967,1780168750,D2,311,832,ok,1
239,7.967,1780168750,D10,333,866,ok,1
239,7.967,1780168750,D18,244,865,ok,1
239,7.967,1780168750,D7,0,881,ok,0
239,7.967,1780168750,D11,0,590,ok,0
239,7.967,1780168750,D16,-19,622,ok,0
239,7.967,1780168750,D6,-1,591,interpolated,0
239,7.967,1780168750,D17,-15,617,interpolated,0
239,7.967,1780168750,G31,522,504,interpolated,0
240,8.000,1780168751,G11,183,294,ok,1
240,8.000,1780168751,G4,313,204,ok,1
240,8.000,1780168751,G10,462,255,ok,1
240,8.000,1780168751,G6,173,97,ok,0
240,8.000,1780168751,G3,92,177,ok,1
240,8.000,1780168751,G13,107,162,ok,1
240,8.000,1780168751,G30,257,102,ok,0
240,8.000,1780168751,G1,233,135,ok,1
240,8.000,1780168751,G8,197,120,ok,0
240,8.000,1780168751,G7,240,108,ok,0
240,8.000,1780168751,G16,125,77,ok,0
240,8.000,1780168751,G9,224,83,ok,0
240,8.000,1780168751,G18,522,505,ok,0
240,8.000,1780168751,G29,81,69,ok,0
240,8.000,1780168751,D4,64,610,ok,0
240,8.000,1780168751,D1,259,824,ok,1
240,8.000,1780168751,D2,313,832,ok,1
240,8.000,1780168751,D18,244,867,ok,1
240,8.000,1780168751,D10,332,866,ok,1
240,8.000,1780168751,D7,0,881,ok,0
240,8.000,1780168751,D11,0,590,ok,0
240,8.000,1780168751,D6,-1,591,interpolated,0
240,8.000,1780168751,D16,-19,622,interpolated,0
240,8.000,1780168751,D17,-15,617,interpolated,0
240,8.000,1780168751,G31,522,504,interpolated,0
241,8.033,1780168751,G11,183,294,ok,1
241,8.033,1780168751,G4,313,204,ok,1
241,8.033,1780168751,G10,462,255,ok,1
241,8.033,1780168751,G6,173,97,ok,0
241,8.033,1780168751,G3,92,177,ok,1
241,8.033,1780168751,G13,107,162,ok,1
241,8.033,1780168751,G30,257,102,ok,0
241,8.033,1780168751,G1,233,135,ok,1
241,8.033,1780168751,G8,197,120,ok,0
241,8.033,1780168751,G7,240,108,ok,0
241,8.033,1780168751,G16,125,77,ok,0
241,8.033,1780168751,G9,224,83,ok,0
241,8.033,1780168751,G18,522,505,ok,0
241,8.033,1780168751,G29,81,69,ok,0
241,8.033,1780168751,D4,64,610,ok,0
241,8.033,1780168751,D1,259,824,ok,1
241,8.033,1780168751,D2,313,832,ok,1
241,8.033,1780168751,D18,244,867,ok,1
241,8.033,1780168751,D10,332,866,ok,1
241,8.033,1780168751,D7,0,881,ok,0
241,8.033,1780168751,D11,0,590,ok,0
241,8.033,1780168751,D6,-1,591,interpolated,0
241,8.033,1780168751,D16,-19,622,interpolated,0
241,8.033,1780168751,D17,-15,617,interpolated,0
241,8.033,1780168751,G31,522,504,interpolated,0
242,8.067,1780168751,G11,183,294,ok,1
242,8.067,1780168751,G10,462,255,ok,1
242,8.067,1780168751,G4,312,199,ok,1
242,8.067,1780168751,G3,92,177,ok,1
242,8.067,1780168751,G6,172,97,ok,0
242,8.067,1780168751,G13,107,162,ok,1
242,8.067,1780168751,G30,258,100,ok,0
242,8.067,1780168751,G1,234,134,ok,1
242,8.067,1780168751,G8,197,120,ok,0
242,8.067,1780168751,G7,240,108,ok,0
242,8.067,1780168751,G16,125,77,ok,0
242,8.067,1780168751,G9,225,92,ok,0
242,8.067,1780168751,G18,521,505,ok,0
242,8.067,1780168751,G29,106,75,ok,0
242,8.067,1780168751,D4,63,610,ok,0
242,8.067,1780168751,D1,259,824,ok,1
242,8.067,1780168751,D18,243,867,ok,1
242,8.067,1780168751,D2,315,833,ok,1
242,8.067,1780168751,D10,331,866,ok,1
242,8.067,1780168751,D7,0,881,ok,0
242,8.067,1780168751,D6,-1,591,interpolated,0
242,8.067,1780168751,D11,0,590,interpolated,0
242,8.067,1780168751,D16,-19,622,interpolated,0
242,8.067,1780168751,D17,-15,617,interpolated,0
242,8.067,1780168751,G31,522,504,interpolated,0
243,8.100,1780168751,G11,183,294,ok,1
243,8.100,1780168751,G10,462,255,ok,1
243,8.100,1780168751,G4,312,198,ok,1
243,8.100,1780168751,G3,92,177,ok,1
243,8.100,1780168751,G6,172,98,ok,0
243,8.100,1780168751,G13,107,162,ok,1
243,8.100,1780168751,G30,257,100,ok,0
243,8.100,1780168751,G8,197,120,ok,0
243,8.100,1780168751,G7,240,108,ok,0
243,8.100,1780168751,G16,125,77,ok,0
243,8.100,1780168751,G9,225,94,ok,0
243,8.100,1780168751,G18,521,505,ok,0
243,8.100,1780168751,D4,63,608,ok,0
243,8.100,1780168751,D1,259,824,ok,1
243,8.100,1780168751,D2,315,835,ok,1
243,8.100,1780168751,D18,243,867,ok,1
243,8.100,1780168751,D10,332,866,ok,1
243,8.100,1780168751,D7,0,881,ok,0
243,8.100,1780168751,D16,-19,622,ok,0
243,8.100,1780168751,G1,234,134,interpolated,1
243,8.100,1780168751,D6,-1,591,interpolated,0
243,8.100,1780168751,D11,0,590,interpolated,0
243,8.100,1780168751,G31,522,504,interpolated,0
243,8.100,1780168751,G29,106,75,interpolated,0
244,8.133,1780168751,G11,183,294,ok,1
244,8.133,1780168751,G10,461,258,ok,1
244,8.133,1780168751,G4,312,198,ok,1
244,8.133,1780168751,G3,91,177,ok,1
244,8.133,1780168751,G6,172,98,ok,0
244,8.133,1780168751,G13,107,162,ok,1
244,8.133,1780168751,G30,258,100,ok,0
244,8.133,1780168751,G8,197,120,ok,0
244,8.133,1780168751,G7,240,108,ok,0
244,8.133,1780168751,G16,124,77,ok,0
244,8.133,1780168751,G1,235,134,ok,1
244,8.133,1780168751,G9,225,96,ok,0
244,8.133,1780168751,G18,521,505,ok,0
244,8.133,1780168751,D4,64,604,ok,0
244,8.133,1780168751,D1,259,824,ok,1
244,8.133,1780168751,D18,242,867,ok,1
244,8.133,1780168751,D10,331,865,ok,1
244,8.133,1780168751,D2,317,835,ok,1
244,8.133,1780168751,D7,0,881,ok,0
244,8.133,1780168751,D16,-19,622,ok,0
244,8.133,1780168751,D11,0,590,interpolated,0
244,8.133,1780168751,G31,522,504,interpolated,0
244,8.133,1780168751,G29,106,75,interpolated,0
245,8.167,1780168751,G11,183,294,ok,1
245,8.167,1780168751,G10,460,260,ok,1
245,8.167,1780168751,G4,312,196,ok,1
245,8.167,1780168751,G3,91,177,ok,1
245,8.167,1780168751,G13,107,162,ok,1
245,8.167,1780168751,G6,173,98,ok,0
245,8.167,1780168751,G30,257,100,ok,0
245,8.167,1780168751,G8,197,120,ok,0
245,8.167,1780168751,G1,236,134,ok,1
245,8.167,1780168751,G16,124,76,ok,0
245,8.167,1780168751,G7,240,108,ok,0
245,8.167,1780168751,G9,225,96,ok,0
245,8.167,1780168751,G18,521,506,ok,0
245,8.167,1780168751,D4,64,603,ok,0
245,8.167,1780168751,D1,259,824,ok,1
245,8.167,1780168751,D18,242,867,ok,1
245,8.167,1780168751,D2,318,836,ok,1
245,8.167,1780168751,D10,331,866,ok,1
245,8.167,1780168751,D7,0,882,ok,0
245,8.167,1780168751,D11,0,590,ok,0
245,8.167,1780168751,D16,-19,622,ok,0
245,8.167,1780168751,G31,522,504,interpolated,0
245,8.167,1780168751,G29,106,75,interpolated,0
246,8.200,1780168751,G11,182,294,ok,1
246,8.200,1780168751,G4,312,196,ok,1
246,8.200,1780168751,G10,459,262,ok,1
246,8.200,1780168751,G13,107,163,ok,1
246,8.200,1780168751,G3,91,177,ok,1
246,8.200,1780168751,G6,173,98,ok,0
246,8.200,1780168751,G1,236,133,ok,1
246,8.200,1780168751,G8,197,120,ok,0
246,8.200,1780168751,G30,257,100,ok,0
246,8.200,1780168751,G16,124,77,ok,0
246,8.200,1780168751,G9,225,96,ok,0
246,8.200,1780168751,G7,240,108,ok,0
246,8.200,1780168751,G18,521,505,ok,0
246,8.200,1780168751,G29,105,75,ok,0
246,8.200,1780168751,D4,65,601,ok,0
246,8.200,1780168751,D2,319,835,ok,1
246,8.200,1780168751,D1,259,824,ok,1
246,8.200,1780168751,D18,242,866,ok,1
246,8.200,1780168751,D10,331,866,ok,1
246,8.200,1780168751,D7,0,881,ok,0
246,8.200,1780168751,D11,0,590,ok,0
246,8.200,1780168751,D16,-19,623,ok,0
246,8.200,1780168751,D6,0,589,ok,0
246,8.200,1780168751,G31,522,504,interpolated,0
247,8.233,1780168751,G11,182,294,ok,1
247,8.233,1780168751,G4,312,196,ok,1
247,8.233,1780168751,G10,459,262,ok,1
247,8.233,1780168751,G13,107,163,ok,1
247,8.233,1780168751,G3,91,177,ok,1
247,8.233,1780168751,G6,173,97,ok,0
247,8.233,1780168751,G1,236,133,ok,1
247,8.233,1780168751,G8,197,120,ok,0
247,8.233,1780168751,G30,257,100,ok,0
247,8.233,1780168751,G16,124,77,ok,0
247,8.233,1780168751,G9,225,96,ok,0
247,8.233,1780168751,G7,240,108,ok,0
247,8.233,1780168751,G18,521,505,ok,0
247,8.233,1780168751,G29,105,75,ok,0
247,8.233,1780168751,D4,65,601,ok,0
247,8.233,1780168751,D1,259,824,ok,1
247,8.233,1780168751,D2,319,836,ok,1
247,8.233,1780168751,D18,242,866,ok,1
247,8.233,1780168751,D10,331,866,ok,1
247,8.233,1780168751,D7,0,881,ok,0
247,8.233,1780168751,D6,0,589,ok,0
247,8.233,1780168751,D11,0,589,ok,0
247,8.233,1780168751,D16,-19,623,ok,0
248,8.267,1780168751,G11,182,294,ok,1
248,8.267,1780168751,G4,312,197,ok,1
248,8.267,1780168751,G10,459,263,ok,1
248,8.267,1780168751,G13,107,163,ok,1
248,8.267,1780168751,G3,91,177,ok,1
248,8.267,1780168751,G1,237,133,ok,1
248,8.267,1780168751,G6,173,97,ok,0
248,8.267,1780168751,G30,257,100,ok,0
248,8.267,1780168751,G8,197,120,ok,0
248,8.267,1780168751,G16,124,78,ok,0
248,8.267,1780168751,G9,225,96,ok,0
248,8.267,1780168751,G18,522,505,ok,0
248,8.267,1780168751,G29,105,74,ok,0
248,8.267,1780168751,G7,239,108,ok,0
248,8.267,1780168751,D4,65,600,ok,0
248,8.267,1780168751,D1,259,825,ok,1
248,8.267,1780168751,D2,319,835,ok,1
248,8.267,1780168751,D18,242,866,ok,1
248,8.267,1780168751,D10,332,867,ok,1
248,8.267,1780168751,D7,0,882,ok,0
248,8.267,1780168751,D6,0,589,ok,0
248,8.267,1780168751,D11,0,589,ok,0
248,8.267,1780168751,D16,-19,622,ok,0
249,8.300,1780168751,G11,182,294,ok,1
249,8.300,1780168751,G4,312,197,ok,1
249,8.300,1780168751,G10,459,263,ok,1
249,8.300,1780168751,G13,107,163,ok,1
249,8.300,1780168751,G3,91,177,ok,1
249,8.300,1780168751,G1,239,134,ok,1
249,8.300,1780168751,G6,173,98,ok,0
249,8.300,1780168751,G30,257,100,ok,0
249,8.300,1780168751,G8,197,120,ok,0
249,8.300,1780168751,G16,123,78,ok,0
249,8.300,1780168751,G9,225,96,ok,0
249,8.300,1780168751,G18,522,505,ok,0
249,8.300,1780168751,G29,104,74,ok,0
249,8.300,1780168751,D4,65,600,ok,0
249,8.300,1780168751,D1,259,826,ok,1
249,8.300,1780168751,D2,320,835,ok,1
249,8.300,1780168751,D18,243,865,ok,1
249,8.300,1780168751,D10,333,867,ok,1
249,8.300,1780168751,D7,0,881,ok,0
249,8.300,1780168751,D6,0,589,ok,0
249,8.300,1780168751,D11,0,589,ok,0
249,8.300,1780168751,D16,-19,622,ok,0
249,8.300,1780168751,G7,239,108,interpolated,0
250,8.333,1780168751,G11,182,294,ok,1
250,8.333,1780168751,G4,312,196,ok,1
250,8.333,1780168751,G10,458,263,ok,1
250,8.333,1780168751,G13,107,163,ok,1
250,8.333,1780168751,G3,91,177,ok,1
250,8.333,1780168751,G1,240,133,ok,1
250,8.333,1780168751,G6,173,97,ok,0
250,8.333,1780168751,G30,257,100,ok,0
250,8.333,1780168751,G8,197,120,ok,0
250,8.333,1780168751,G9,225,96,ok,0
250,8.333,1780168751,G16,123,78,ok,0
250,8.333,1780168751,G18,522,505,ok,0
250,8.333,1780168751,G29,103,74,ok,0
250,8.333,1780168751,D4,66,598,ok,0
250,8.333,1780168751,D1,259,828,ok,1
250,8.333,1780168751,D2,321,833,ok,1
250,8.333,1780168751,D18,243,866,ok,1
250,8.333,1780168751,D10,334,867,ok,1
250,8.333,1780168751,D7,0,881,ok,0
250,8.333,1780168751,D11,0,588,ok,0
250,8.333,1780168751,D6,0,589,ok,0
250,8.333,1780168751,D16,-19,622,ok,0
250,8.333,1780168751,G7,239,108,interpolated,0
251,8.367,1780168751,G11,182,294,ok,1
251,8.367,1780168751,G4,312,196,ok,1
251,8.367,1780168751,G10,458,263,ok,1
251,8.367,1780168751,G13,107,163,ok,1
251,8.367,1780168751,G3,91,176,ok,1
251,8.367,1780168751,G1,240,133,ok,1
251,8.367,1780168751,G6,172,97,ok,0
251,8.367,1780168751,G30,257,100,ok,0
251,8.367,1780168751,G8,197,120,ok,0
251,8.367,1780168751,G9,225,95,ok,0
251,8.367,1780168751,G16,124,78,ok,0
251,8.367,1780168751,G18,522,505,ok,0
251,8.367,1780168751,D4,66,598,ok,0
251,8.367,1780168751,D2,321,833,ok,1
251,8.367,1780168751,D1,259,830,ok,1
251,8.367,1780168751,D18,243,866,ok,1
251,8.367,1780168751,D10,335,870,ok,0
251,8.367,1780168751,D7,0,881,ok,0
251,8.367,1780168751,D11,-1,591,ok,0
251,8.367,1780168751,D16,-19,622,ok,0
251,8.367,1780168751,D6,0,590,ok,0
251,8.367,1780168751,G7,239,108,interpolated,0
251,8.367,1780168751,G29,103,74,interpolated,0
252,8.400,1780168751,G11,182,294,ok,1
252,8.400,1780168751,G4,312,196,ok,1
252,8.400,1780168751,G10,458,262,ok,1
252,8.400,1780168751,G13,107,163,ok,1
252,8.400,1780168751,G3,91,174,ok,1
252,8.400,1780168751,G1,240,133,ok,1
252,8.400,1780168751,G6,172,98,ok,0
252,8.400,1780168751,G30,256,100,ok,0
252,8.400,1780168751,G9,225,96,ok,0
252,8.400,1780168751,G8,197,121,ok,0
252,8.400,1780168751,G16,124,79,ok,0
252,8.400,1780168751,G18,521,505,ok,0
252,8.400,1780168751,G29,100,75,ok,0
252,8.400,1780168751,D4,66,598,ok,0
252,8.400,1780168751,D2,321,833,ok,1
252,8.400,1780168751,D1,259,832,ok,1
252,8.400,1780168751,D18,244,866,ok,1
252,8.400,1780168751,D10,335,869,ok,0
252,8.400,1780168751,D7,0,881,ok,0
252,8.400,1780168751,D11,-1,591,ok,0
252,8.400,1780168751,D16,-19,622,ok,0
252,8.400,1780168751,G7,239,108,interpolated,0
252,8.400,1780168751,D6,0,590,interpolated,0
253,8.433,1780168751,G11,182,294,ok,1
253,8.433,1780168751,G4,312,196,ok,1
253,8.433,1780168751,G10,458,262,ok,1
253,8.433,1780168751,G13,107,163,ok,1
253,8.433,1780168751,G3,91,174,ok,1
253,8.433,1780168751,G1,240,133,ok,1
253,8.433,1780168751,G6,172,98,ok,0
253,8.433,1780168751,G30,256,100,ok,0
253,8.433,1780168751,G9,225,95,ok,0
253,8.433,1780168751,G8,197,121,ok,0
253,8.433,1780168751,G16,124,79,ok,0
253,8.433,1780168751,G18,521,505,ok,0
253,8.433,1780168751,G29,100,75,ok,0
253,8.433,1780168751,D4,66,598,ok,0
253,8.433,1780168751,D2,321,833,ok,1
253,8.433,1780168751,D1,259,832,ok,1
253,8.433,1780168751,D18,244,866,ok,1
253,8.433,1780168751,D10,335,869,ok,0
253,8.433,1780168751,D7,0,881,ok,0
253,8.433,1780168751,D11,-1,591,ok,0
253,8.433,1780168751,D16,-19,622,ok,0
253,8.433,1780168751,G7,239,108,interpolated,0
253,8.433,1780168751,D6,0,590,interpolated,0
254,8.467,1780168751,G11,182,294,ok,1
254,8.467,1780168751,G4,312,194,ok,1
254,8.467,1780168751,G10,459,261,ok,1
254,8.467,1780168751,G13,107,163,ok,1
254,8.467,1780168751,G3,91,173,ok,1
254,8.467,1780168751,G6,172,98,ok,0
254,8.467,1780168751,G1,241,133,ok,1
254,8.467,1780168751,G30,256,100,ok,0
254,8.467,1780168751,G9,225,96,ok,0
254,8.467,1780168751,G8,197,121,ok,0
254,8.467,1780168751,G16,125,79,ok,0
254,8.467,1780168751,G18,521,505,ok,0
254,8.467,1780168751,D4,66,598,ok,0
254,8.467,1780168751,D2,321,832,ok,1
254,8.467,1780168751,D1,258,836,ok,1
254,8.467,1780168751,D18,244,866,ok,1
254,8.467,1780168751,D10,336,874,ok,0
254,8.467,1780168751,D7,0,881,ok,0
254,8.467,1780168751,D6,0,589,ok,0
254,8.467,1780168751,D16,-19,622,ok,0
254,8.467,1780168751,G7,239,108,interpolated,0
254,8.467,1780168751,D11,-1,591,interpolated,0
254,8.467,1780168751,G29,100,75,interpolated,0
255,8.500,1780168751,G11,182,294,ok,1
255,8.500,1780168751,G4,311,193,ok,1
255,8.500,1780168751,G10,459,260,ok,1
255,8.500,1780168751,G13,107,163,ok,1
255,8.500,1780168751,G3,90,170,ok,1
255,8.500,1780168751,G6,172,98,ok,0
255,8.500,1780168751,G30,256,100,ok,0
255,8.500,1780168751,G9,225,96,ok,0
255,8.500,1780168751,G8,197,121,ok,0
255,8.500,1780168751,G1,241,132,ok,1
255,8.500,1780168751,G7,243,120,ok,0
255,8.500,1780168751,G16,125,79,ok,0
255,8.500,1780168751,G18,521,505,ok,0
255,8.500,1780168751,D4,66,597,ok,0
255,8.500,1780168751,D2,321,832,ok,1
255,8.500,1780168751,D1,259,840,ok,1
255,8.500,1780168751,D18,244,866,ok,1
255,8.500,1780168751,D10,337,874,ok,0
255,8.500,1780168751,D7,0,881,ok,0
255,8.500,1780168751,D6,0,589,ok,0
255,8.500,1780168751,D11,0,590,ok,0
255,8.500,1780168751,D16,-19,622,interpolated,0
255,8.500,1780168751,G29,100,75,interpolated,0
256,8.533,1780168751,G11,182,294,ok,1
256,8.533,1780168751,G4,311,191,ok,1
256,8.533,1780168751,G10,459,261,ok,1
256,8.533,1780168751,G13,107,163,ok,1
256,8.533,1780168751,G3,90,168,ok,1
256,8.533,1780168751,G6,172,98,ok,0
256,8.533,1780168751,G9,225,96,ok,0
256,8.533,1780168751,G30,256,99,ok,0
256,8.533,1780168751,G8,196,121,ok,0
256,8.533,1780168751,G7,243,119,ok,0
256,8.533,1780168751,G16,125,79,ok,0
256,8.533,1780168751,G29,95,78,ok,0
256,8.533,1780168751,G18,521,505,ok,0
256,8.533,1780168751,D4,66,597,ok,0
256,8.533,1780168751,D18,244,866,ok,1
256,8.533,1780168751,D2,323,832,ok,1
256,8.533,1780168751,D1,259,842,ok,1
256,8.533,1780168751,D7,0,881,ok,0
256,8.533,1780168751,D10,337,875,ok,0
256,8.533,1780168751,D6,-1,591,ok,0
256,8.533,1780168751,D11,-1,590,ok,0
256,8.533,1780168751,G1,241,132,interpolated,1
256,8.533,1780168751,D16,-19,622,interpolated,0
257,8.567,1780168751,G11,182,294,ok,1
257,8.567,1780168751,G4,310,189,ok,1
257,8.567,1780168751,G10,458,263,ok,1
257,8.567,1780168751,G13,107,163,ok,1
257,8.567,1780168751,G3,90,167,ok,1
257,8.567,1780168751,G6,172,98,ok,0
257,8.567,1780168751,G9,225,96,ok,0
257,8.567,1780168751,G7,243,120,ok,0
257,8.567,1780168751,G30,257,97,ok,0
257,8.567,1780168751,G8,196,121,ok,0
257,8.567,1780168751,G16,125,79,ok,0
257,8.567,1780168751,G29,98,79,ok,0
257,8.567,1780168751,G18,521,505,ok,0
257,8.567,1780168751,D4,66,596,ok,0
257,8.567,1780168751,D18,244,867,ok,1
257,8.567,1780168751,D2,324,832,ok,1
257,8.567,1780168751,D1,259,843,ok,1
257,8.567,1780168751,D7,0,881,ok,0
257,8.567,1780168751,D6,-1,591,ok,0
257,8.567,1780168751,D11,0,590,ok,0
257,8.567,1780168751,G1,241,132,interpolated,1
257,8.567,1780168751,D10,337,875,interpolated,0
257,8.567,1780168751,D16,-19,622,interpolated,0
258,8.600,1780168751,G11,182,294,ok,1
258,8.600,1780168751,G4,310,187,ok,1
258,8.600,1780168751,G10,458,262,ok,1
258,8.600,1780168751,G3,89,164,ok,1
258,8.600,1780168751,G13,107,163,ok,1
258,8.600,1780168751,G6,172,98,ok,0
258,8.600,1780168751,G9,225,96,ok,0
258,8.600,1780168751,G8,196,120,ok,0
258,8.600,1780168751,G30,257,96,ok,0
258,8.600,1780168751,G7,244,121,ok,0
258,8.600,1780168751,G16,125,79,ok,0
258,8.600,1780168751,G29,97,81,ok,0
258,8.600,1780168751,G1,238,102,ok,0
258,8.600,1780168751,G18,521,505,ok,0
258,8.600,1780168751,D4,66,597,ok,0
258,8.600,1780168751,D18,244,867,ok,1
258,8.600,1780168751,D1,259,844,ok,1
258,8.600,1780168751,D2,326,832,ok,1
258,8.600,1780168751,D7,0,881,ok,0
258,8.600,1780168751,D6,-1,591,ok,0
258,8.600,1780168751,D11,0,590,ok,0
258,8.600,1780168751,D10,337,875,interpolated,0
258,8.600,1780168751,D16,-19,622,interpolated,0
259,8.633,1780168751,G11,182,294,ok,1
259,8.633,1780168751,G4,310,187,ok,1
259,8.633,1780168751,G10,458,262,ok,1
259,8.633,1780168751,G3,89,164,ok,1
259,8.633,1780168751,G13,107,163,ok,1
259,8.633,1780168751,G6,172,98,ok,0
259,8.633,1780168751,G9,225,95,ok,0
259,8.633,1780168751,G8,196,120,ok,0
259,8.633,1780168751,G30,257,96,ok,0
259,8.633,1780168751,G7,244,122,ok,0
259,8.633,1780168751,G16,125,79,ok,0
259,8.633,1780168751,G29,97,80,ok,0
259,8.633,1780168751,G1,238,102,ok,0
259,8.633,1780168751,G18,521,505,ok,0
259,8.633,1780168751,D4,66,597,ok,0
259,8.633,1780168751,D18,244,867,ok,1
259,8.633,1780168751,D1,259,844,ok,1
259,8.633,1780168751,D2,326,832,ok,1
259,8.633,1780168751,D7,0,881,ok,0
259,8.633,1780168751,D6,-1,591,ok,0
259,8.633,1780168751,D11,0,590,ok,0
259,8.633,1780168751,D10,337,875,interpolated,0
259,8.633,1780168751,D16,-19,622,interpolated,0
260,8.667,1780168751,G11,182,294,ok,1
260,8.667,1780168751,G4,308,185,ok,1
260,8.667,1780168751,G10,458,263,ok,1
260,8.667,1780168751,G3,89,164,ok,1
260,8.667,1780168751,G6,172,98,ok,0
260,8.667,1780168751,G13,107,163,ok,1
260,8.667,1780168751,G9,225,94,ok,0
260,8.667,1780168751,G7,244,121,ok,0
260,8.667,1780168751,G8,196,121,ok,0
260,8.667,1780168751,G30,255,95,ok,0
260,8.667,1780168751,G16,125,79,ok,0
260,8.667,1780168751,G1,238,103,ok,0
260,8.667,1780168751,G29,97,81,ok,0
260,8.667,1780168751,G18,521,505,ok,0
260,8.667,1780168751,D4,66,596,ok,0
260,8.667,1780168751,D1,258,844,ok,1
260,8.667,1780168751,D18,245,867,ok,1
260,8.667,1780168751,D2,328,832,ok,1
260,8.667,1780168751,D7,0,881,ok,0
260,8.667,1780168751,D6,-1,591,ok,0
260,8.667,1780168751,D11,0,590,ok,0
260,8.667,1780168751,D10,337,875,interpolated,0
260,8.667,1780168751,D16,-19,622,interpolated,0
261,8.700,1780168751,G11,182,294,ok,1
261,8.700,1780168751,G4,307,180,ok,1
261,8.700,1780168751,G10,456,264,ok,1
261,8.700,1780168751,G3,89,162,ok,1
261,8.700,1780168751,G6,172,98,ok,0
261,8.700,1780168751,G13,107,163,ok,1
261,8.700,1780168751,G9,225,96,ok,0
261,8.700,1780168751,G8,196,120,ok,0
261,8.700,1780168751,G7,245,120,ok,0
261,8.700,1780168751,G30,254,94,ok,0
261,8.700,1780168751,G16,126,79,ok,0
261,8.700,1780168751,G1,238,103,ok,0
261,8.700,1780168751,G18,522,504,ok,0
261,8.700,1780168751,D4,66,597,ok,0
261,8.700,1780168751,D18,245,867,ok,1
261,8.700,1780168751,D1,258,844,ok,1
261,8.700,1780168751,D2,329,832,ok,1
261,8.700,1780168751,D7,0,881,ok,0
261,8.700,1780168751,D6,-1,591,ok,0
261,8.700,1780168751,D11,0,590,ok,0
261,8.700,1780168751,D10,337,875,interpolated,0
261,8.700,1780168751,D16,-19,622,interpolated,0
261,8.700,1780168751,G29,97,81,interpolated,0
262,8.733,1780168751,G11,182,294,ok,1
262,8.733,1780168751,G4,307,180,ok,1
262,8.733,1780168751,G10,456,264,ok,1
262,8.733,1780168751,G3,89,162,ok,1
262,8.733,1780168751,G6,172,98,ok,0
262,8.733,1780168751,G13,106,159,ok,1
262,8.733,1780168751,G7,246,120,ok,0
262,8.733,1780168751,G8,196,121,ok,0
262,8.733,1780168751,G9,225,96,ok,0
262,8.733,1780168751,G16,126,79,ok,0
262,8.733,1780168751,G30,254,91,ok,0
262,8.733,1780168751,G18,522,504,ok,0
262,8.733,1780168751,G32,523,503,ok,0
262,8.733,1780168751,D4,65,597,ok,0
262,8.733,1780168751,D18,244,867,ok,1
262,8.733,1780168751,D1,259,843,ok,1
262,8.733,1780168751,D2,329,832,ok,1
262,8.733,1780168751,D7,0,881,ok,0
262,8.733,1780168751,D6,-1,591,ok,0
262,8.733,1780168751,D11,0,590,ok,0
262,8.733,1780168751,G1,238,103,interpolated,0
262,8.733,1780168751,D10,337,875,interpolated,0
262,8.733,1780168751,D16,-19,622,interpolated,0
262,8.733,1780168751,G29,97,81,interpolated,0
263,8.767,1780168751,G11,182,294,ok,1
263,8.767,1780168751,G4,306,180,ok,1
263,8.767,1780168751,G10,456,264,ok,1
263,8.767,1780168751,G3,89,162,ok,1
263,8.767,1780168751,G6,172,98,ok,0
263,8.767,1780168751,G13,106,164,ok,1
263,8.767,1780168751,G8,196,120,ok,0
263,8.767,1780168751,G7,247,119,ok,0
263,8.767,1780168751,G9,225,96,ok,0
263,8.767,1780168751,G16,126,79,ok,0
263,8.767,1780168751,G30,254,90,ok,0
263,8.767,1780168751,G18,522,504,ok,0
263,8.767,1780168751,G32,523,503,ok,0
263,8.767,1780168751,D4,65,598,ok,0
263,8.767,1780168751,D2,331,832,ok,1
263,8.767,1780168751,D18,244,867,ok,1
263,8.767,1780168751,D1,259,842,ok,1
263,8.767,1780168751,D7,0,881,ok,0
263,8.767,1780168751,D6,-1,591,ok,0
263,8.767,1780168751,D11,0,590,ok,0
263,8.767,1780168751,G1,238,103,interpolated,0
263,8.767,1780168751,D10,337,875,interpolated,0
263,8.767,1780168751,D16,-19,622,interpolated,0
263,8.767,1780168751,G29,97,81,interpolated,0
264,8.800,1780168751,G11,182,294,ok,1
264,8.800,1780168751,G4,305,178,ok,1
264,8.800,1780168751,G10,456,264,ok,1
264,8.800,1780168751,G6,172,98,ok,0
264,8.800,1780168751,G13,107,166,ok,1
264,8.800,1780168751,G3,89,162,ok,1
264,8.800,1780168751,G8,196,120,ok,0
264,8.800,1780168751,G7,247,118,ok,0
264,8.800,1780168751,G9,225,96,ok,0
264,8.800,1780168751,G16,126,79,ok,0
264,8.800,1780168751,G18,522,504,ok,0
264,8.800,1780168751,G30,254,90,ok,0
264,8.800,1780168751,G32,522,503,ok,0
264,8.800,1780168751,D4,65,598,ok,0
264,8.800,1780168751,D2,332,831,ok,1
264,8.800,1780168751,D18,244,869,ok,0
264,8.800,1780168751,D1,259,842,ok,1
264,8.800,1780168751,D7,0,881,ok,0
264,8.800,1780168751,D11,0,589,ok,0
264,8.800,1780168751,G1,238,103,interpolated,0
264,8.800,1780168751,D10,337,875,interpolated,0
264,8.800,1780168751,D16,-19,622,interpolated,0
264,8.800,1780168751,G29,97,81,interpolated,0
264,8.800,1780168751,D6,-1,591,interpolated,0
265,8.833,1780168751,G11,182,294,ok,1
265,8.833,1780168751,G4,305,178,ok,1
265,8.833,1780168751,G10,456,264,ok,1
265,8.833,1780168751,G6,172,98,ok,0
265,8.833,1780168751,G13,107,166,ok,1
265,8.833,1780168751,G3,89,162,ok,1
265,8.833,1780168751,G8,196,120,ok,0
265,8.833,1780168751,G7,247,118,ok,0
265,8.833,1780168751,G9,225,96,ok,0
265,8.833,1780168751,G16,126,79,ok,0
265,8.833,1780168751,G30,254,90,ok,0
265,8.833,1780168751,G18,522,504,ok,0
265,8.833,1780168751,G32,522,503,ok,0
265,8.833,1780168751,D4,65,598,ok,0
265,8.833,1780168751,D2,332,832,ok,1
265,8.833,1780168751,D18,244,869,ok,0
265,8.833,1780168751,D1,259,842,ok,1
265,8.833,1780168751,D7,0,881,ok,0
265,8.833,1780168751,D6,-1,591,ok,0
265,8.833,1780168751,G1,238,103,interpolated,0
265,8.833,1780168751,D10,337,875,interpolated,0
265,8.833,1780168751,D11,0,589,interpolated,0
265,8.833,1780168751,G29,97,81,interpolated,0
266,8.867,1780168751,G11,182,294,ok,1
266,8.867,1780168751,G4,305,178,ok,1
266,8.867,1780168751,G10,455,264,ok,1
266,8.867,1780168751,G6,172,98,ok,0
266,8.867,1780168751,G13,107,166,ok,1
266,8.867,1780168751,G3,89,162,ok,1
266,8.867,1780168751,G8,196,120,ok,0
266,8.867,1780168751,G7,250,118,ok,0
266,8.867,1780168751,G9,225,96,ok,0
266,8.867,1780168751,G16,126,79,ok,0
266,8.867,1780168751,G30,254,89,ok,0
266,8.867,1780168751,G18,522,504,ok,0
266,8.867,1780168751,G1,238,103,ok,0
266,8.867,1780168751,G29,523,503,ok,0
266,8.867,1780168751,G32,522,503,ok,0
266,8.867,1780168751,D4,66,595,ok,0
266,8.867,1780168751,D2,334,831,ok,1
266,8.867,1780168751,D18,243,871,ok,0
266,8.867,1780168751,D1,259,843,ok,1
266,8.867,1780168751,D10,335,875,ok,0
266,8.867,1780168751,D7,0,881,ok,0
266,8.867,1780168751,D11,0,589,ok,0
266,8.867,1780168751,D6,0,590,ok,0
267,8.900,1780168751,G11,182,294,ok,1
267,8.900,1780168751,G4,304,178,ok,1
267,8.900,1780168751,G10,454,265,ok,1
267,8.900,1780168751,G6,172,98,ok,0
267,8.900,1780168751,G8,196,120,ok,0
267,8.900,1780168751,G13,106,166,ok,1
267,8.900,1780168751,G3,90,162,ok,1
267,8.900,1780168751,G9,225,96,ok,0
267,8.900,1780168751,G7,251,118,ok,0
267,8.900,1780168751,G1,239,104,ok,0
267,8.900,1780168751,G16,126,79,ok,0
267,8.900,1780168751,G32,522,503,ok,0
267,8.900,1780168751,G29,523,503,ok,0
267,8.900,1780168751,G18,522,503,ok,0
267,8.900,1780168751,D4,67,593,ok,0
267,8.900,1780168751,D2,335,830,ok,1
267,8.900,1780168751,D18,243,873,ok,0
267,8.900,1780168751,D1,259,844,ok,1
267,8.900,1780168751,D7,0,881,ok,0
267,8.900,1780168751,D10,334,875,ok,0
267,8.900,1780168751,D6,-1,590,ok,0
267,8.900,1780168751,D11,0,589,ok,0
267,8.900,1780168751,G30,254,89,interpolated,0
268,8.933,1780168751,G11,182,294,ok,1
268,8.933,1780168751,G4,303,180,ok,1
268,8.933,1780168751,G10,453,265,ok,1
268,8.933,1780168751,G6,172,98,ok,0
268,8.933,1780168751,G8,196,120,ok,0
268,8.933,1780168751,G7,252,118,ok,0
268,8.933,1780168751,G3,90,162,ok,1
268,8.933,1780168751,G13,106,166,ok,1
268,8.933,1780168751,G9,225,96,ok,0
268,8.933,1780168751,G1,239,103,ok,0
268,8.933,1780168751,G16,127,79,ok,0
268,8.933,1780168751,G18,522,504,ok,0
268,8.933,1780168751,G32,522,504,ok,0
268,8.933,1780168751,G29,523,503,ok,0
268,8.933,1780168751,D4,67,591,ok,0
268,8.933,1780168751,D2,336,829,ok,1
268,8.933,1780168751,D1,259,845,ok,1
268,8.933,1780168751,D18,243,874,ok,0
268,8.933,1780168751,D7,0,881,ok,0
268,8.933,1780168751,D10,334,875,ok,0
268,8.933,1780168751,D11,0,589,ok,0
268,8.933,1780168751,D6,-1,590,ok,0
268,8.933,1780168751,G30,254,89,interpolated,0
269,8.967,1780168751,G11,182,294,ok,1
269,8.967,1780168751,G4,303,178,ok,1
269,8.967,1780168751,G10,452,267,ok,1
269,8.967,1780168751,G6,172,98,ok,0
269,8.967,1780168751,G8,196,120,ok,0
269,8.967,1780168751,G7,253,118,ok,0
269,8.967,1780168751,G9,226,96,ok,0
269,8.967,1780168751,G13,105,166,ok,1
269,8.967,1780168751,G3,89,162,ok,1
269,8.967,1780168751,G1,239,103,ok,0
269,8.967,1780168751,G16,127,79,ok,0
269,8.967,1780168751,G18,522,504,ok,0
269,8.967,1780168751,G32,522,504,ok,0
269,8.967,1780168751,D4,67,590,ok,0
269,8.967,1780168751,D1,259,846,ok,1
269,8.967,1780168751,D2,337,828,ok,1
269,8.967,1780168751,D18,244,875,ok,0
269,8.967,1780168751,D7,0,881,ok,0
269,8.967,1780168751,D10,334,874,ok,0
269,8.967,1780168751,D11,0,589,ok,0
269,8.967,1780168751,D6,-1,590,ok,0
269,8.967,1780168751,G30,254,89,interpolated,0
269,8.967,1780168751,G29,523,503,interpolated,0
270,9.000,1780168752,G11,183,294,ok,1
270,9.000,1780168752,G4,303,177,ok,1
270,9.000,1780168752,G10,451,268,ok,1
270,9.000,1780168752,G6,172,97,ok,0
270,9.000,1780168752,G7,254,119,ok,0
270,9.000,1780168752,G8,196,120,ok,0
270,9.000,1780168752,G9,225,94,ok,0
270,9.000,1780168752,G13,105,166,ok,1
270,9.000,1780168752,G1,239,104,ok,0
270,9.000,1780168752,G3,89,162,ok,1
270,9.000,1780168752,G16,127,79,ok,0
270,9.000,1780168752,G18,521,504,ok,0
270,9.000,1780168752,G29,523,503,ok,0
270,9.000,1780168752,D4,68,589,ok,0
270,9.000,1780168752,D2,338,828,ok,1
270,9.000,1780168752,D1,259,848,ok,1
270,9.000,1780168752,D18,244,875,ok,0
270,9.000,1780168752,D7,0,881,ok,0
270,9.000,1780168752,D10,334,874,ok,0
270,9.000,1780168752,D6,-1,590,ok,0
270,9.000,1780168752,D11,0,589,interpolated,0
270,9.000,1780168752,G30,254,89,interpolated,0
270,9.000,1780168752,G32,522,504,interpolated,0
271,9.033,1780168752,G11,183,294,ok,1
271,9.033,1780168752,G4,303,177,ok,1
271,9.033,1780168752,G10,451,268,ok,1
271,9.033,1780168752,G6,172,97,ok,0
271,9.033,1780168752,G7,254,119,ok,0
271,9.033,1780168752,G8,196,120,ok,0
271,9.033,1780168752,G9,225,96,ok,0
271,9.033,1780168752,G13,105,166,ok,1
271,9.033,1780168752,G1,239,104,ok,0
271,9.033,1780168752,G3,89,162,ok,1
271,9.033,1780168752,G16,127,79,ok,0
271,9.033,1780168752,G18,521,504,ok,0
271,9.033,1780168752,G29,523,503,ok,0
271,9.033,1780168752,D4,68,589,ok,0
271,9.033,1780168752,D2,338,828,ok,1
271,9.033,1780168752,D1,259,847,ok,1
271,9.033,1780168752,D18,244,875,ok,0
271,9.033,1780168752,D7,0,881,ok,0
271,9.033,1780168752,D10,334,874,ok,0
271,9.033,1780168752,D6,-1,590,ok,0
271,9.033,1780168752,D11,0,589,interpolated,0
271,9.033,1780168752,G30,254,89,interpolated,0
271,9.033,1780168752,G32,522,504,interpolated,0
272,9.067,1780168752,G11,183,294,ok,1
272,9.067,1780168752,G4,302,176,ok,1
272,9.067,1780168752,G10,451,268,ok,1
272,9.067,1780168752,G7,254,119,ok,0
272,9.067,1780168752,G8,196,121,ok,0
272,9.067,1780168752,G6,173,97,ok,0
272,9.067,1780168752,G9,225,96,ok,0
272,9.067,1780168752,G13,105,166,ok,1
272,9.067,1780168752,G1,239,104,ok,0
272,9.067,1780168752,G3,89,162,ok,1
272,9.067,1780168752,G16,127,79,ok,0
272,9.067,1780168752,G18,521,504,ok,0
272,9.067,1780168752,G29,522,503,ok,0
272,9.067,1780168752,D4,68,588,ok,0
272,9.067,1780168752,D2,339,827,ok,1
272,9.067,1780168752,D1,259,848,ok,1
272,9.067,1780168752,D18,244,875,ok,0
272,9.067,1780168752,D10,334,873,ok,0
272,9.067,1780168752,D7,0,881,ok,0
272,9.067,1780168752,D11,0,589,interpolated,0
272,9.067,1780168752,G30,254,89,interpolated,0
272,9.067,1780168752,D6,-1,590,interpolated,0
272,9.067,1780168752,G32,522,504,interpolated,0
273,9.100,1780168752,G11,183,294,ok,1
273,9.100,1780168752,G4,302,175,ok,1
273,9.100,1780168752,G10,450,268,ok,1
273,9.100,1780168752,G7,254,118,ok,0
273,9.100,1780168752,G6,173,97,ok,0
273,9.100,1780168752,G9,225,96,ok,0
273,9.100,1780168752,G8,196,121,ok,0
273,9.100,1780168752,G1,239,104,ok,0
273,9.100,1780168752,G13,104,166,ok,1
273,9.100,1780168752,G3,89,161,ok,1
273,9.100,1780168752,G16,127,79,ok,0
273,9.100,1780168752,G18,521,505,ok,0
273,9.100,1780168752,D4,68,587,ok,0
273,9.100,1780168752,D2,339,827,ok,1
273,9.100,1780168752,D1,259,850,ok,1
273,9.100,1780168752,D18,245,875,ok,0
273,9.100,1780168752,D10,335,871,ok,0
273,9.100,1780168752,D7,0,881,ok,0
273,9.100,1780168752,D6,-1,590,ok,0
273,9.100,1780168752,D11,0,589,interpolated,0
273,9.100,1780168752,G30,254,89,interpolated,0
273,9.100,1780168752,G29,522,503,interpolated,0
273,9.100,1780168752,G32,522,504,interpolated,0
274,9.133,1780168752,G11,183,294,ok,1
274,9.133,1780168752,G4,301,174,ok,1
274,9.133,1780168752,G10,450,268,ok,1
274,9.133,1780168752,G6,172,97,ok,0
274,9.133,1780168752,G13,102,166,ok,1
274,9.133,1780168752,G8,196,121,ok,0
274,9.133,1780168752,G9,225,95,ok,0
274,9.133,1780168752,G1,239,108,ok,0
274,9.133,1780168752,G7,254,112,ok,0
274,9.133,1780168752,G16,127,78,ok,0
274,9.133,1780168752,G18,521,505,ok,0
274,9.133,1780168752,D4,68,586,ok,0
274,9.133,1780168752,D2,340,827,ok,1
274,9.133,1780168752,D1,259,853,ok,1
274,9.133,1780168752,D10,335,870,ok,0
274,9.133,1780168752,D18,246,876,ok,0
274,9.133,1780168752,D7,0,881,ok,0
274,9.133,1780168752,D6,-1,590,ok,0
274,9.133,1780168752,G3,89,161,interpolated,1
274,9.133,1780168752,D11,0,589,interpolated,0
274,9.133,1780168752,G30,254,89,interpolated,0
274,9.133,1780168752,G29,522,503,interpolated,0
274,9.133,1780168752,G32,522,504,interpolated,0
275,9.167,1780168752,G11,183,294,ok,1
275,9.167,1780168752,G4,301,171,ok,1
275,9.167,1780168752,G10,450,268,ok,1
275,9.167,1780168752,G6,173,97,ok,0
275,9.167,1780168752,G8,196,121,ok,0
275,9.167,1780168752,G13,100,166,ok,1
275,9.167,1780168752,G7,256,111,ok,0
275,9.167,1780168752,G9,225,94,ok,0
275,9.167,1780168752,G1,239,107,ok,0
275,9.167,1780168752,G16,127,78,ok,0
275,9.167,1780168752,G18,521,505,ok,0
275,9.167,1780168752,G3,89,159,ok,1
275,9.167,1780168752,D4,68,585,ok,0
275,9.167,1780168752,D1,259,855,ok,1
275,9.167,1780168752,D2,340,827,ok,1
275,9.167,1780168752,D10,336,869,ok,0
275,9.167,1780168752,D18,246,875,ok,0
275,9.167,1780168752,D7,0,881,ok,0
275,9.167,1780168752,D11,0,589,interpolated,0
275,9.167,1780168752,G30,254,89,interpolated,0
275,9.167,1780168752,G29,522,503,interpolated,0
275,9.167,1780168752,D6,-1,590,interpolated,0
275,9.167,1780168752,G32,522,504,interpolated,0
276,9.200,1780168752,G11,183,294,ok,1
276,9.200,1780168752,G4,301,167,ok,1
276,9.200,1780168752,G10,450,268,ok,1
276,9.200,1780168752,G6,173,97,ok,0
276,9.200,1780168752,G13,99,166,ok,1
276,9.200,1780168752,G8,195,120,ok,0
276,9.200,1780168752,G7,257,110,ok,0
276,9.200,1780168752,G9,225,94,ok,0
276,9.200,1780168752,G1,239,108,ok,0
276,9.200,1780168752,G16,127,78,ok,0
276,9.200,1780168752,G18,521,505,ok,0
276,9.200,1780168752,D4,68,584,ok,0
276,9.200,1780168752,D1,259,858,ok,1
276,9.200,1780168752,D2,343,826,ok,1
276,9.200,1780168752,D10,337,870,ok,0
276,9.200,1780168752,D18,246,875,ok,0
276,9.200,1780168752,D7,0,882,ok,0
276,9.200,1780168752,D6,-1,590,ok,0
276,9.200,1780168752,G3,89,159,interpolated,1
276,9.200,1780168752,D11,0,589,interpolated,0
276,9.200,1780168752,G30,254,89,interpolated,0
276,9.200,1780168752,G29,522,503,interpolated,0
276,9.200,1780168752,G32,522,504,interpolated,0
277,9.233,1780168752,G11,183,294,ok,1
277,9.233,1780168752,G4,301,167,ok,1
277,9.233,1780168752,G10,450,268,ok,1
277,9.233,1780168752,G6,173,97,ok,0
277,9.233,1780168752,G13,99,166,ok,1
277,9.233,1780168752,G8,195,120,ok,0
277,9.233,1780168752,G7,257,110,ok,0
277,9.233,1780168752,G9,225,94,ok,0
277,9.233,1780168752,G1,239,108,ok,0
277,9.233,1780168752,G16,127,78,ok,0
277,9.233,1780168752,G18,521,505,ok,0
277,9.233,1780168752,D4,68,584,ok,0
277,9.233,1780168752,D1,259,858,ok,1
277,9.233,1780168752,D2,343,826,ok,1
277,9.233,1780168752,D10,337,870,ok,0
277,9.233,1780168752,D18,246,875,ok,0
277,9.233,1780168752,D7,0,882,ok,0
277,9.233,1780168752,G3,89,159,interpolated,1
277,9.233,1780168752,D11,0,589,interpolated,0
277,9.233,1780168752,G29,522,503,interpolated,0
277,9.233,1780168752,D6,-1,590,interpolated,0
277,9.233,1780168752,G32,522,504,interpolated,0
278,9.267,1780168752,G11,183,294,ok,1
278,9.267,1780168752,G4,301,165,ok,1
278,9.267,1780168752,G10,449,268,ok,1
278,9.267,1780168752,G13,99,166,ok,1
278,9.267,1780168752,G6,172,97,ok,0
278,9.267,1780168752,G7,257,110,ok,0
278,9.267,1780168752,G8,195,120,ok,0
278,9.267,1780168752,G9,225,95,ok,0
278,9.267,1780168752,G1,239,108,ok,0
278,9.267,1780168752,G16,127,78,ok,0
278,9.267,1780168752,G18,521,504,ok,0
278,9.267,1780168752,G29,522,503,ok,0
278,9.267,1780168752,D4,67,585,ok,0
278,9.267,1780168752,D1,260,859,ok,1
278,9.267,1780168752,D2,345,825,ok,1
278,9.267,1780168752,D10,337,869,ok,0
278,9.267,1780168752,D18,246,875,ok,0
278,9.267,1780168752,D7,0,882,ok,0
278,9.267,1780168752,D6,0,590,ok,0
278,9.267,1780168752,G3,89,159,interpolated,1
278,9.267,1780168752,D11,0,589,interpolated,0
278,9.267,1780168752,G32,522,504,interpolated,0
279,9.300,1780168752,G11,183,294,ok,1
279,9.300,1780168752,G4,301,165,ok,1
279,9.300,1780168752,G10,450,268,ok,1
279,9.300,1780168752,G13,99,168,ok,1
279,9.300,1780168752,G6,172,97,ok,0
279,9.300,1780168752,G7,258,110,ok,0
279,9.300,1780168752,G9,225,95,ok,0
279,9.300,1780168752,G1,239,109,ok,0
279,9.300,1780168752,G8,196,120,ok,0
279,9.300,1780168752,G18,521,504,ok,0
279,9.300,1780168752,G16,127,78,ok,0
279,9.300,1780168752,G29,522,503,ok,0
279,9.300,1780168752,G30,199,58,ok,0
279,9.300,1780168752,D4,67,584,ok,0
279,9.300,1780168752,D1,259,861,ok,1
279,9.300,1780168752,D2,348,823,ok,1
279,9.300,1780168752,D10,337,869,ok,0
279,9.300,1780168752,D18,246,875,ok,0
279,9.300,1780168752,D7,0,882,ok,0
279,9.300,1780168752,D6,0,590,ok,0
279,9.300,1780168752,G3,89,159,interpolated,1
279,9.300,1780168752,D11,0,589,interpolated,0
279,9.300,1780168752,G32,522,504,interpolated,0
280,9.333,1780168752,G11,183,294,ok,1
280,9.333,1780168752,G4,302,165,ok,1
280,9.333,1780168752,G10,450,268,ok,1
280,9.333,1780168752,G13,100,174,ok,1
280,9.333,1780168752,G6,172,97,ok,0
280,9.333,1780168752,G9,225,96,ok,0
280,9.333,1780168752,G1,240,109,ok,0
280,9.333,1780168752,G7,258,110,ok,0
280,9.333,1780168752,G8,197,119,ok,0
280,9.333,1780168752,G16,127,79,ok,0
280,9.333,1780168752,G18,521,504,ok,0
280,9.333,1780168752,G29,522,503,ok,0
280,9.333,1780168752,D4,66,584,ok,0
280,9.333,1780168752,D1,259,861,ok,1
280,9.333,1780168752,D2,349,823,ok,1
280,9.333,1780168752,D10,337,870,ok,0
280,9.333,1780168752,D18,246,875,ok,0
280,9.333,1780168752,D7,0,882,ok,0
280,9.333,1780168752,G3,89,159,interpolated,1
280,9.333,1780168752,D6,0,590,interpolated,0
280,9.333,1780168752,G30,199,58,interpolated,0
281,9.367,1780168752,G11,183,294,ok,1
281,9.367,1780168752,G4,302,165,ok,1
281,9.367,1780168752,G10,449,268,ok,1
281,9.367,1780168752,G13,99,176,ok,1
281,9.367,1780168752,G6,173,98,ok,0
281,9.367,1780168752,G1,240,109,ok,0
281,9.367,1780168752,G9,226,96,ok,0
281,9.367,1780168752,G7,258,110,ok,0
281,9.367,1780168752,G8,197,119,ok,0
281,9.367,1780168752,G18,521,504,ok,0
281,9.367,1780168752,G16,127,78,ok,0
281,9.367,1780168752,G29,523,503,ok,0
281,9.367,1780168752,D4,66,584,ok,0
281,9.367,1780168752,D1,259,861,ok,1
281,9.367,1780168752,D2,350,825,ok,1
281,9.367,1780168752,D10,337,872,ok,0
281,9.367,1780168752,D18,246,875,ok,0
281,9.367,1780168752,D7,0,882,ok,0
281,9.367,1780168752,D6,0,590,ok,0
281,9.367,1780168752,G3,89,159,interpolated,1
281,9.367,1780168752,G30,199,58,interpolated,0
282,9.400,1780168752,G11,183,294,ok,1
282,9.400,1780168752,G4,302,165,ok,1
282,9.400,1780168752,G10,449,268,ok,1
282,9.400,1780168752,G6,173,97,ok,0
282,9.400,1780168752,G13,99,177,ok,1
282,9.400,1780168752,G1,240,109,ok,0
282,9.400,1780168752,G7,258,110,ok,0
282,9.400,1780168752,G8,198,120,ok,0
282,9.400,1780168752,G9,226,96,ok,0
282,9.400,1780168752,G18,521,504,ok,0
282,9.400,1780168752,G16,127,78,ok,0
282,9.400,1780168752,G29,523,503,ok,0
282,9.400,1780168752,G30,200,57,ok,0
282,9.400,1780168752,D4,65,584,ok,0
282,9.400,1780168752,D1,259,861,ok,1
282,9.400,1780168752,D2,350,822,ok,1
282,9.400,1780168752,D10,337,872,ok,0
282,9.400,1780168752,D18,247,876,ok,0
282,9.400,1780168752,D7,0,882,ok,0
282,9.400,1780168752,D6,0,590,ok,0
282,9.400,1780168752,D11,0,589,ok,0
282,9.400,1780168752,G3,89,159,interpolated,1
283,9.433,1780168752,G11,183,294,ok,1
283,9.433,1780168752,G4,302,165,ok,1
283,9.433,1780168752,G10,449,268,ok,1
283,9.433,1780168752,G6,173,97,ok,0
283,9.433,1780168752,G13,99,177,ok,1
283,9.433,1780168752,G1,240,109,ok,0
283,9.433,1780168752,G7,258,110,ok,0
283,9.433,1780168752,G8,198,120,ok,0
283,9.433,1780168752,G9,226,96,ok,0
283,9.433,1780168752,G18,521,504,ok,0
283,9.433,1780168752,G16,127,78,ok,0
283,9.433,1780168752,G29,523,503,ok,0
283,9.433,1780168752,G30,200,57,ok,0
283,9.433,1780168752,G32,521,503,ok,0
283,9.433,1780168752,D4,65,584,ok,0
283,9.433,1780168752,D1,259,861,ok,1
283,9.433,1780168752,D2,350,822,ok,1
283,9.433,1780168752,D10,337,872,ok,0
283,9.433,1780168752,D18,247,876,ok,0
283,9.433,1780168752,D7,0,881,ok,0
283,9.433,1780168752,D6,0,590,ok,0
283,9.433,1780168752,D11,0,590,ok,0
283,9.433,1780168752,G3,89,159,interpolated,1
284,9.467,1780168752,G11,182,294,ok,1
284,9.467,1780168752,G4,301,165,ok,1
284,9.467,1780168752,G10,449,268,ok,1
284,9.467,1780168752,G6,172,98,ok,0
284,9.467,1780168752,G13,100,182,ok,1
284,9.467,1780168752,G1,240,108,ok,0
284,9.467,1780168752,G7,258,110,ok,0
284,9.467,1780168752,G8,198,120,ok,0
284,9.467,1780168752,G9,226,96,ok,0
284,9.467,1780168752,G18,521,505,ok,0
284,9.467,1780168752,G30,200,57,ok,0
284,9.467,1780168752,G16,127,78,ok,0
284,9.467,1780168752,D4,65,584,ok,0
284,9.467,1780168752,D1,259,861,ok,1
284,9.467,1780168752,D2,352,823,ok,1
284,9.467,1780168752,D10,337,870,ok,0
284,9.467,1780168752,D7,0,882,ok,0
284,9.467,1780168752,D18,247,876,ok,0
284,9.467,1780168752,D6,0,590,ok,0
284,9.467,1780168752,G3,89,159,interpolated,1
284,9.467,1780168752,G29,523,503,interpolated,0
284,9.467,1780168752,D11,0,590,interpolated,0
284,9.467,1780168752,G32,521,503,interpolated,0
285,9.500,1780168752,G11,182,294,ok,1
285,9.500,1780168752,G4,301,165,ok,1
285,9.500,1780168752,G10,449,268,ok,1
285,9.500,1780168752,G13,100,183,ok,1
285,9.500,1780168752,G6,173,98,ok,0
285,9.500,1780168752,G1,240,108,ok,0
285,9.500,1780168752,G7,259,110,ok,0
285,9.500,1780168752,G8,198,120,ok,0
285,9.500,1780168752,G9,226,96,ok,0
285,9.500,1780168752,G30,200,58,ok,0
285,9.500,1780168752,G16,127,78,ok,0
285,9.500,1780168752,G18,520,505,ok,0
285,9.500,1780168752,D4,64,584,ok,0
285,9.500,1780168752,D2,353,825,ok,1
285,9.500,1780168752,D1,259,861,ok,1
285,9.500,1780168752,D10,337,870,ok,0
285,9.500,1780168752,D7,0,882,ok,0
285,9.500,1780168752,D18,247,878,ok,0
285,9.500,1780168752,D6,0,590,ok,0
285,9.500,1780168752,G3,89,159,interpolated,1
285,9.500,1780168752,G29,523,503,interpolated,0
285,9.500,1780168752,D11,0,590,interpolated,0
285,9.500,1780168752,G32,521,503,interpolated,0
286,9.533,1780168752,G11,182,294,ok,1
286,9.533,1780168752,G4,300,164,ok,1
286,9.533,1780168752,G10,448,269,ok,1
286,9.533,1780168752,G6,173,98,ok,0
286,9.533,1780168752,G13,101,186,ok,1
286,9.533,1780168752,G1,240,108,ok,0
286,9.533,1780168752,G7,259,109,ok,0
286,9.533,1780168752,G9,226,96,ok,0
286,9.533,1780168752,G8,198,120,ok,0
286,9.533,1780168752,G30,200,57,ok,0
286,9.533,1780168752,G16,127,78,ok,0
286,9.533,1780168752,G18,520,505,ok,0
286,9.533,1780168752,D4,63,584,ok,0
286,9.533,1780168752,D1,259,861,ok,1
286,9.533,1780168752,D2,353,823,ok,1
286,9.533,1780168752,D10,337,870,ok,0
286,9.533,1780168752,D7,0,882,ok,0
286,9.533,1780168752,D18,246,879,ok,0
286,9.533,1780168752,D6,0,590,ok,0
286,9.533,1780168752,D11,0,590,ok,0
286,9.533,1780168752,G29,523,503,interpolated,0
286,9.533,1780168752,G32,521,503,interpolated,0
287,9.567,1780168752,G11,182,294,ok,1
287,9.567,1780168752,G4,300,164,ok,1
287,9.567,1780168752,G10,448,272,ok,1
287,9.567,1780168752,G13,102,188,ok,1
287,9.567,1780168752,G6,173,98,ok,0
287,9.567,1780168752,G1,240,108,ok,0
287,9.567,1780168752,G7,260,107,ok,0
287,9.567,1780168752,G9,225,96,ok,0
287,9.567,1780168752,G8,198,119,ok,0
287,9.567,1780168752,G30,200,55,ok,0
287,9.567,1780168752,G32,521,504,ok,0
287,9.567,1780168752,G16,126,75,ok,0
287,9.567,1780168752,G29,523,503,ok,0
287,9.567,1780168752,D4,63,584,ok,0
287,9.567,1780168752,D2,354,821,ok,1
287,9.567,1780168752,D1,259,861,ok,1
287,9.567,1780168752,D10,337,871,ok,0
287,9.567,1780168752,D7,0,882,ok,0
287,9.567,1780168752,D18,247,881,ok,0
287,9.567,1780168752,D6,0,590,ok,0
287,9.567,1780168752,D11,0,590,ok,0
287,9.567,1780168752,G18,520,505,interpolated,0
288,9.600,1780168752,G11,183,294,ok,1
288,9.600,1780168752,G4,300,164,ok,1
288,9.600,1780168752,G10,447,274,ok,1
288,9.600,1780168752,G6,173,98,ok,0
288,9.600,1780168752,G1,240,108,ok,0
288,9.600,1780168752,G13,102,188,ok,1
288,9.600,1780168752,G7,260,107,ok,0
288,9.600,1780168752,G9,225,96,ok,0
288,9.600,1780168752,G8,199,120,ok,0
288,9.600,1780168752,G30,200,54,ok,0
288,9.600,1780168752,G16,127,78,ok,0
288,9.600,1780168752,G3,158,69,ok,0
288,9.600,1780168752,G29,522,503,ok,0
288,9.600,1780168752,D4,62,583,ok,0
288,9.600,1780168752,D2,354,821,ok,1
288,9.600,1780168752,D1,259,861,ok,1
288,9.600,1780168752,D10,338,871,ok,0
288,9.600,1780168752,D18,247,883,ok,0
288,9.600,1780168752,D7,0,881,ok,0
288,9.600,1780168752,G18,520,505,interpolated,0
288,9.600,1780168752,D6,0,590,interpolated,0
288,9.600,1780168752,D11,0,590,interpolated,0
288,9.600,1780168752,G32,521,504,interpolated,0
289,9.633,1780168752,G11,183,294,ok,1
289,9.633,1780168752,G4,300,164,ok,1
289,9.633,1780168752,G10,447,274,ok,1
289,9.633,1780168752,G6,173,98,ok,0
289,9.633,1780168752,G1,240,108,ok,0
289,9.633,1780168752,G13,102,188,ok,1
289,9.633,1780168752,G7,260,107,ok,0
289,9.633,1780168752,G9,225,96,ok,0
289,9.633,1780168752,G8,199,120,ok,0
289,9.633,1780168752,G30,200,54,ok,0
289,9.633,1780168752,G16,127,78,ok,0
289,9.633,1780168752,G3,158,69,ok,0
289,9.633,1780168752,D4,62,583,ok,0
289,9.633,1780168752,D2,354,821,ok,1
289,9.633,1780168752,D1,260,861,ok,1
289,9.633,1780168752,D10,338,871,ok,0
289,9.633,1780168752,D18,247,883,ok,0
289,9.633,1780168752,D7,0,881,ok,0
289,9.633,1780168752,G18,520,505,interpolated,0
289,9.633,1780168752,G29,522,503,interpolated,0
289,9.633,1780168752,D6,0,590,interpolated,0
289,9.633,1780168752,D11,0,590,interpolated,0
289,9.633,1780168752,G32,521,504,interpolated,0
290,9.667,1780168752,G11,183,294,ok,1
290,9.667,1780168752,G4,300,162,ok,1
290,9.667,1780168752,G10,447,276,ok,1
290,9.667,1780168752,G6,173,98,ok,0
290,9.667,1780168752,G1,240,108,ok,0
290,9.667,1780168752,G13,101,190,ok,1
290,9.667,1780168752,G7,260,106,ok,0
290,9.667,1780168752,G9,226,96,ok,0
290,9.667,1780168752,G8,200,126,ok,1
290,9.667,1780168752,G16,127,79,ok,0
290,9.667,1780168752,G3,96,80,ok,0
290,9.667,1780168752,G29,522,504,ok,0
290,9.667,1780168752,G30,200,54,ok,0
290,9.667,1780168752,G33,93,132,ok,1
290,9.667,1780168752,G32,523,503,ok,0
290,9.667,1780168752,D4,62,581,ok,0
290,9.667,1780168752,D1,260,861,ok,1
290,9.667,1780168752,D2,355,821,ok,1
290,9.667,1780168752,D10,338,872,ok,0
290,9.667,1780168752,D18,247,885,ok,0
290,9.667,1780168752,D7,0,881,ok,0
290,9.667,1780168752,G18,520,505,interpolated,0
290,9.667,1780168752,D6,0,590,interpolated,0
290,9.667,1780168752,D11,0,590,interpolated,0
291,9.700,1780168752,G11,183,294,ok,1
291,9.700,1780168752,G4,300,161,ok,1
291,9.700,1780168752,G10,446,277,ok,1
291,9.700,1780168752,G6,173,98,ok,0
291,9.700,1780168752,G1,240,108,ok,0
291,9.700,1780168752,G9,226,96,ok,0
291,9.700,1780168752,G7,259,106,ok,0
291,9.700,1780168752,G33,93,134,ok,1
291,9.700,1780168752,G8,199,120,ok,0
291,9.700,1780168752,G13,100,194,ok,1
291,9.700,1780168752,G16,127,78,ok,0
291,9.700,1780168752,G29,522,504,ok,0
291,9.700,1780168752,G32,523,503,ok,0
291,9.700,1780168752,G30,200,53,ok,0
291,9.700,1780168752,G18,522,504,ok,0
291,9.700,1780168752,D4,63,577,ok,0
291,9.700,1780168752,D2,356,820,ok,1
291,9.700,1780168752,D1,260,862,ok,1
291,9.700,1780168752,D10,338,871,ok,0
291,9.700,1780168752,D18,247,885,ok,0
291,9.700,1780168752,D7,0,881,ok,0
291,9.700,1780168752,D6,0,590,interpolated,0
291,9.700,1780168752,D11,0,590,interpolated,0
291,9.700,1780168752,G3,96,80,interpolated,0
292,9.733,1780168752,G11,183,294,ok,1
292,9.733,1780168752,G4,299,159,ok,1
292,9.733,1780168752,G10,446,278,ok,1
292,9.733,1780168752,G6,173,98,ok,0
292,9.733,1780168752,G1,240,108,ok,0
292,9.733,1780168752,G9,225,96,ok,0
292,9.733,1780168752,G7,259,104,ok,0
292,9.733,1780168752,G33,94,134,ok,1
292,9.733,1780168752,G13,99,194,ok,1
292,9.733,1780168752,G8,199,120,ok,0
292,9.733,1780168752,G18,522,504,ok,0
292,9.733,1780168752,G30,269,79,ok,0
292,9.733,1780168752,G32,523,503,ok,0
292,9.733,1780168752,G3,96,81,ok,0
292,9.733,1780168752,D4,63,575,ok,0
292,9.733,1780168752,D1,261,864,ok,1
292,9.733,1780168752,D2,357,821,ok,1
292,9.733,1780168752,D10,338,871,ok,0
292,9.733,1780168752,D18,248,888,ok,0
292,9.733,1780168752,D7,0,881,ok,0
292,9.733,1780168752,G16,127,78,interpolated,0
292,9.733,1780168752,G29,522,504,interpolated,0
292,9.733,1780168752,D6,0,590,interpolated,0
292,9.733,1780168752,D11,0,590,interpolated,0
293,9.767,1780168752,G11,183,294,ok,1
293,9.767,1780168752,G10,446,277,ok,1
293,9.767,1780168752,G4,298,158,ok,1
293,9.767,1780168752,G6,173,98,ok,0
293,9.767,1780168752,G1,240,108,ok,0
293,9.767,1780168752,G7,259,103,ok,0
293,9.767,1780168752,G9,225,96,ok,0
293,9.767,1780168752,G33,95,139,ok,1
293,9.767,1780168752,G30,270,79,ok,0
293,9.767,1780168752,G13,98,194,ok,1
293,9.767,1780168752,G18,522,504,ok,0
293,9.767,1780168752,G8,200,120,ok,0
293,9.767,1780168752,G3,97,81,ok,0
293,9.767,1780168752,G16,128,78,ok,0
293,9.767,1780168752,G32,523,503,ok,0
293,9.767,1780168752,G29,522,504,ok,0
293,9.767,1780168752,D4,64,573,ok,0
293,9.767,1780168752,D1,261,865,ok,1
293,9.767,1780168752,D2,359,820,ok,1
293,9.767,1780168752,D10,337,869,ok,0
293,9.767,1780168752,D18,248,889,ok,0
293,9.767,1780168752,D7,0,881,ok,0
293,9.767,1780168752,D6,0,590,interpolated,0
293,9.767,1780168752,D11,0,590,interpolated,0
294,9.800,1780168752,G11,183,294,ok,1
294,9.800,1780168752,G10,446,277,ok,1
294,9.800,1780168752,G4,298,155,ok,1
294,9.800,1780168752,G6,173,98,ok,0
294,9.800,1780168752,G7,259,101,ok,0
294,9.800,1780168752,G1,239,108,ok,0
294,9.800,1780168752,G9,225,96,ok,0
294,9.800,1780168752,G33,97,141,ok,1
294,9.800,1780168752,G30,271,79,ok,0
294,9.800,1780168752,G13,96,194,ok,1
294,9.800,1780168752,G18,522,504,ok,0
294,9.800,1780168752,G8,200,120,ok,0
294,9.800,1780168752,G16,128,77,ok,0
294,9.800,1780168752,G29,522,504,ok,0
294,9.800,1780168752,G32,523,503,ok,0
294,9.800,1780168752,D4,64,572,ok,0
294,9.800,1780168752,D1,261,868,ok,0
294,9.800,1780168752,D2,360,821,ok,1
294,9.800,1780168752,D10,337,868,ok,0
294,9.800,1780168752,D18,248,889,ok,0
294,9.800,1780168752,D7,0,881,ok,0
294,9.800,1780168752,D6,0,590,interpolated,0
294,9.800,1780168752,D11,0,590,interpolated,0
294,9.800,1780168752,G3,97,81,interpolated,0
295,9.833,1780168752,G11,183,294,ok,1
295,9.833,1780168752,G10,446,277,ok,1
295,9.833,1780168752,G4,298,155,ok,1
295,9.833,1780168752,G6,173,98,ok,0
295,9.833,1780168752,G7,259,101,ok,0
295,9.833,1780168752,G1,240,108,ok,0
295,9.833,1780168752,G9,225,96,ok,0
295,9.833,1780168752,G33,97,141,ok,1
295,9.833,1780168752,G30,271,79,ok,0
295,9.833,1780168752,G13,96,194,ok,1
295,9.833,1780168752,G18,522,504,ok,0
295,9.833,1780168752,G8,200,120,ok,0
295,9.833,1780168752,G16,128,77,ok,0
295,9.833,1780168752,G29,522,504,ok,0
295,9.833,1780168752,G32,523,503,ok,0
295,9.833,1780168752,D4,64,572,ok,0
295,9.833,1780168752,D1,261,868,ok,0
295,9.833,1780168752,D2,360,821,ok,1
295,9.833,1780168752,D10,337,868,ok,0
295,9.833,1780168752,D18,248,889,ok,0
295,9.833,1780168752,D7,0,881,ok,0
295,9.833,1780168752,D6,0,590,interpolated,0
295,9.833,1780168752,D11,0,590,interpolated,0
295,9.833,1780168752,G3,97,81,interpolated,0
296,9.867,1780168752,G11,183,294,ok,1
296,9.867,1780168752,G4,297,151,ok,1
296,9.867,1780168752,G10,446,277,ok,1
296,9.867,1780168752,G6,173,98,ok,0
296,9.867,1780168752,G1,240,108,ok,0
296,9.867,1780168752,G7,259,101,ok,0
296,9.867,1780168752,G9,225,96,ok,0
296,9.867,1780168752,G8,200,120,ok,0
296,9.867,1780168752,G30,272,78,ok,0
296,9.867,1780168752,G33,97,142,ok,1
296,9.867,1780168752,G13,95,195,ok,1
296,9.867,1780168752,G18,522,504,ok,0
296,9.867,1780168752,G16,129,77,ok,0
296,9.867,1780168752,G3,158,69,ok,0
296,9.867,1780168752,D4,65,571,ok,0
296,9.867,1780168752,D1,261,868,ok,0
296,9.867,1780168752,D10,336,869,ok,0
296,9.867,1780168752,D2,364,821,ok,1
296,9.867,1780168752,D18,247,889,ok,0
296,9.867,1780168752,D7,0,881,ok,0
296,9.867,1780168752,G29,522,504,interpolated,0
296,9.867,1780168752,D6,0,590,interpolated,0
296,9.867,1780168752,D11,0,590,interpolated,0
296,9.867,1780168752,G32,523,503,interpolated,0
297,9.900,1780168752,G11,183,294,ok,1
297,9.900,1780168752,G10,446,277,ok,1
297,9.900,1780168752,G4,297,151,ok,1
297,9.900,1780168752,G6,173,98,ok,0
297,9.900,1780168752,G7,259,101,ok,0
297,9.900,1780168752,G1,240,108,ok,0
297,9.900,1780168752,G9,225,96,ok,0
297,9.900,1780168752,G8,200,120,ok,0
297,9.900,1780168752,G13,93,195,ok,1
297,9.900,1780168752,G33,97,141,ok,1
297,9.900,1780168752,G18,522,504,ok,0
297,9.900,1780168752,G3,158,69,ok,0
297,9.900,1780168752,G16,129,77,ok,0
297,9.900,1780168752,D4,65,570,ok,0
297,9.900,1780168752,D1,261,871,ok,0
297,9.900,1780168752,D18,247,889,ok,0
297,9.900,1780168752,D10,334,869,ok,0
297,9.900,1780168752,D2,366,821,ok,1
297,9.900,1780168752,D7,0,881,ok,0
297,9.900,1780168752,G29,522,504,interpolated,0
297,9.900,1780168752,D6,0,590,interpolated,0
297,9.900,1780168752,G30,272,78,interpolated,0
297,9.900,1780168752,D11,0,590,interpolated,0
297,9.900,1780168752,G32,523,503,interpolated,0
298,9.933,1780168752,G11,183,294,ok,1
298,9.933,1780168752,G10,446,277,ok,1
298,9.933,1780168752,G4,296,150,ok,1
298,9.933,1780168752,G6,173,98,ok,0
298,9.933,1780168752,G7,259,101,ok,0
298,9.933,1780168752,G1,240,108,ok,0
298,9.933,1780168752,G9,225,96,ok,0
298,9.933,1780168752,G8,200,119,ok,0
298,9.933,1780168752,G33,97,138,ok,1
298,9.933,1780168752,G13,92,195,ok,1
298,9.933,1780168752,G16,130,77,ok,0
298,9.933,1780168752,G30,272,78,ok,0
298,9.933,1780168752,G18,522,504,ok,0
298,9.933,1780168752,D4,65,569,ok,0
298,9.933,1780168752,D1,262,872,ok,0
298,9.933,1780168752,D18,247,889,ok,0
298,9.933,1780168752,D2,366,820,ok,1
298,9.933,1780168752,D10,334,868,ok,0
298,9.933,1780168752,D7,0,881,ok,0
298,9.933,1780168752,D6,0,590,ok,0
298,9.933,1780168752,G29,522,504,interpolated,0
298,9.933,1780168752,G32,523,503,interpolated,0
298,9.933,1780168752,G3,158,69,interpolated,0
299,9.967,1780168752,G11,183,294,ok,1
299,9.967,1780168752,G10,446,277,ok,1
299,9.967,1780168752,G4,296,150,ok,1
299,9.967,1780168752,G6,173,98,ok,0
299,9.967,1780168752,G1,240,108,ok,0
299,9.967,1780168752,G7,258,100,ok,0
299,9.967,1780168752,G9,225,96,ok,0
299,9.967,1780168752,G13,92,196,ok,1
299,9.967,1780168752,G8,200,120,ok,0
299,9.967,1780168752,G33,98,138,ok,1
299,9.967,1780168752,G16,130,75,ok,0
299,9.967,1780168752,G18,522,504,ok,0
299,9.967,1780168752,G32,523,503,ok,0
299,9.967,1780168752,G29,522,504,ok,0
299,9.967,1780168752,D4,65,568,ok,0
299,9.967,1780168752,D2,368,820,ok,1
299,9.967,1780168752,D1,262,874,ok,0
299,9.967,1780168752,D18,247,889,ok,0
299,9.967,1780168752,D10,333,868,ok,0
299,9.967,1780168752,D7,0,881,ok,0
299,9.967,1780168752,D6,0,590,ok,0
299,9.967,1780168752,G30,272,78,interpolated,0
299,9.967,1780168752,G3,158,69,interpolated,0
300,10.000,1780168753,G11,183,294,ok,1
300,10.000,1780168753,G10,446,277,ok,1
300,10.000,1780168753,G4,295,149,ok,1
300,10.000,1780168753,G6,173,98,ok,0
300,10.000,1780168753,G1,239,108,ok,0
300,10.000,1780168753,G7,259,101,ok,0
300,10.000,1780168753,G9,225,96,ok,0
300,10.000,1780168753,G13,90,195,ok,1
300,10.000,1780168753,G33,97,135,ok,1
300,10.000,1780168753,G16,130,74,ok,0
300,10.000,1780168753,G8,199,117,ok,0
300,10.000,1780168753,G3,98,79,ok,0
300,10.000,1780168753,G18,521,506,ok,0
300,10.000,1780168753,D4,65,568,ok,0
300,10.000,1780168753,D1,262,874,ok,0
300,10.000,1780168753,D2,369,820,ok,1
300,10.000,1780168753,D10,332,868,ok,0
300,10.000,1780168753,D18,247,890,ok,0
300,10.000,1780168753,D7,0,881,ok,0
300,10.000,1780168753,D11,-1,591,ok,0
300,10.000,1780168753,D6,0,590,ok,0
300,10.000,1780168753,G29,522,504,interpolated,0
300,10.000,1780168753,G30,272,78,interpolated,0
300,10.000,1780168753,G32,523,503,interpolated,0
301,10.033,1780168753,G11,183,294,ok,1
301,10.033,1780168753,G10,446,277,ok,1
301,10.033,1780168753,G4,295,149,ok,1
301,10.033,1780168753,G6,173,98,ok,0
301,10.033,1780168753,G1,239,108,ok,0
301,10.033,1780168753,G7,259,101,ok,0
301,10.033,1780168753,G9,225,96,ok,0
301,10.033,1780168753,G13,91,195,ok,1
301,10.033,1780168753,G33,97,135,ok,1
301,10.033,1780168753,G16,130,74,ok,0
301,10.033,1780168753,G8,199,117,ok,0
301,10.033,1780168753,G3,98,79,ok,0
301,10.033,1780168753,G18,521,505,ok,0
301,10.033,1780168753,D4,65,568,ok,0
301,10.033,1780168753,D1,262,874,ok,0
301,10.033,1780168753,D2,369,820,ok,1
301,10.033,1780168753,D10,332,868,ok,0
301,10.033,1780168753,D18,247,890,ok,0
301,10.033,1780168753,D7,0,881,ok,0
301,10.033,1780168753,D11,0,589,ok,0
301,10.033,1780168753,D6,0,590,ok,0
301,10.033,1780168753,G29,522,504,interpolated,0
301,10.033,1780168753,G30,272,78,interpolated,0
301,10.033,1780168753,G32,523,503,interpolated,0
302,10.067,1780168753,G11,183,294,ok,1
302,10.067,1780168753,G10,446,277,ok,1
302,10.067,1780168753,G4,295,149,ok,1
302,10.067,1780168753,G13,93,211,ok,1
302,10.067,1780168753,G6,173,98,ok,0
302,10.067,1780168753,G1,239,108,ok,0
302,10.067,1780168753,G7,259,101,ok,0
302,10.067,1780168753,G9,225,96,ok,0
302,10.067,1780168753,G8,199,125,ok,0
302,10.067,1780168753,G33,97,134,ok,1
302,10.067,1780168753,G29,522,504,ok,0
302,10.067,1780168753,G16,130,74,ok,0
302,10.067,1780168753,G3,98,80,ok,0
302,10.067,1780168753,G32,523,503,ok,0
302,10.067,1780168753,D4,65,568,ok,0
302,10.067,1780168753,D2,371,819,ok,1
302,10.067,1780168753,D1,263,875,ok,0
302,10.067,1780168753,D10,331,868,ok,0
302,10.067,1780168753,D18,247,889,ok,0
302,10.067,1780168753,D7,0,881,ok,0
302,10.067,1780168753,D11,0,589,ok,0
302,10.067,1780168753,D6,-1,590,ok,0
302,10.067,1780168753,D19,-18,620,ok,0
302,10.067,1780168753,G18,521,505,interpolated,0
302,10.067,1780168753,G30,272,78,interpolated,0
303,10.100,1780168753,G11,183,294,ok,1
303,10.100,1780168753,G10,446,277,ok,1
303,10.100,1780168753,G4,294,148,ok,1
303,10.100,1780168753,G13,93,216,ok,1
303,10.100,1780168753,G6,173,98,ok,0
303,10.100,1780168753,G7,259,101,ok,0
303,10.100,1780168753,G1,239,108,ok,0
303,10.100,1780168753,G9,225,96,ok,0
303,10.100,1780168753,G8,200,129,ok,1
303,10.100,1780168753,G18,521,504,ok,0
303,10.100,1780168753,G3,98,80,ok,0
303,10.100,1780168753,G16,130,74,ok,0
303,10.100,1780168753,G33,97,133,ok,1
303,10.100,1780168753,G29,521,503,ok,0
303,10.100,1780168753,D4,65,568,ok,0
303,10.100,1780168753,D2,371,819,ok,1
303,10.100,1780168753,D1,263,875,ok,0
303,10.100,1780168753,D18,246,890,ok,0
303,10.100,1780168753,D10,331,868,ok,0
303,10.100,1780168753,D7,0,881,ok,0
303,10.100,1780168753,D11,0,589,ok,0
303,10.100,1780168753,D6,-1,590,ok,0
303,10.100,1780168753,D19,-17,619,ok,0
303,10.100,1780168753,G30,272,78,interpolated,0
303,10.100,1780168753,G32,523,503,interpolated,0
304,10.133,1780168753,G11,183,294,ok,1
304,10.133,1780168753,G10,446,277,ok,1
304,10.133,1780168753,G4,294,148,ok,1
304,10.133,1780168753,G6,173,98,ok,0
304,10.133,1780168753,G1,239,108,ok,0
304,10.133,1780168753,G7,259,101,ok,0
304,10.133,1780168753,G13,92,219,ok,1
304,10.133,1780168753,G9,225,96,ok,0
304,10.133,1780168753,G18,522,504,ok,0
304,10.133,1780168753,G29,521,503,ok,0
304,10.133,1780168753,G33,98,134,ok,1
304,10.133,1780168753,D4,64,568,ok,0
304,10.133,1780168753,D1,263,874,ok,0
304,10.133,1780168753,D2,371,819,ok,1
304,10.133,1780168753,D18,246,890,ok,0
304,10.133,1780168753,D10,330,868,ok,0
304,10.133,1780168753,D7,0,881,ok,0
304,10.133,1780168753,D11,0,589,ok,0
304,10.133,1780168753,D6,-1,590,ok,0
304,10.133,1780168753,D19,-18,620,ok,0
304,10.133,1780168753,G16,130,74,interpolated,0
304,10.133,1780168753,G8,200,129,interpolated,1
304,10.133,1780168753,G30,272,78,interpolated,0
304,10.133,1780168753,G32,523,503,interpolated,0
304,10.133,1780168753,G3,98,80,interpolated,0
305,10.167,1780168753,G11,183,294,ok,1
305,10.167,1780168753,G10,446,277,ok,1
305,10.167,1780168753,G4,294,148,ok,1
305,10.167,1780168753,G13,91,220,ok,1
305,10.167,1780168753,G6,173,98,ok,0
305,10.167,1780168753,G7,259,100,ok,0
305,10.167,1780168753,G1,239,108,ok,0
305,10.167,1780168753,G9,225,96,ok,0
305,10.167,1780168753,G18,521,504,ok,0
305,10.167,1780168753,G16,131,73,ok,0
305,10.167,1780168753,D4,64,568,ok,0
305,10.167,1780168753,D2,372,818,ok,1
305,10.167,1780168753,D1,263,874,ok,0
305,10.167,1780168753,D18,245,890,ok,0
305,10.167,1780168753,D10,330,868,ok,0
305,10.167,1780168753,D7,0,881,ok,0
305,10.167,1780168753,D6,-1,590,ok,0
305,10.167,1780168753,D11,0,590,ok,0
305,10.167,1780168753,D19,-18,620,ok,0
305,10.167,1780168753,G8,200,129,interpolated,1
305,10.167,1780168753,G29,521,503,interpolated,0
305,10.167,1780168753,G30,272,78,interpolated,0
305,10.167,1780168753,G32,523,503,interpolated,0
305,10.167,1780168753,G3,98,80,interpolated,0
305,10.167,1780168753,G33,98,134,interpolated,1
306,10.200,1780168753,G11,183,294,ok,1
306,10.200,1780168753,G10,446,277,ok,1
306,10.200,1780168753,G13,89,220,ok,1
306,10.200,1780168753,G4,293,146,ok,1
306,10.200,1780168753,G6,173,98,ok,0
306,10.200,1780168753,G1,240,109,ok,0
306,10.200,1780168753,G7,259,96,ok,0
306,10.200,1780168753,G9,225,96,ok,0
306,10.200,1780168753,G33,99,133,ok,1
306,10.200,1780168753,G29,522,503,ok,0
306,10.200,1780168753,G8,200,133,ok,1
306,10.200,1780168753,G32,522,503,ok,0
306,10.200,1780168753,D4,64,568,ok,0
306,10.200,1780168753,D2,373,818,ok,1
306,10.200,1780168753,D1,263,874,ok,0
306,10.200,1780168753,D10,330,868,ok,0
306,10.200,1780168753,D18,245,890,ok,0
306,10.200,1780168753,D7,0,881,ok,0
306,10.200,1780168753,D11,0,589,ok,0
306,10.200,1780168753,D6,-1,590,ok,0
306,10.200,1780168753,D19,-1,591,ok,0
306,10.200,1780168753,G16,131,73,interpolated,0
306,10.200,1780168753,G18,521,504,interpolated,0
306,10.200,1780168753,G30,272,78,interpolated,0
306,10.200,1780168753,G3,98,80,interpolated,0
307,10.233,1780168753,G11,183,294,ok,1
307,10.233,1780168753,G10,446,277,ok,1
307,10.233,1780168753,G13,89,220,ok,1
307,10.233,1780168753,G4,293,146,ok,1
307,10.233,1780168753,G6,173,98,ok,0
307,10.233,1780168753,G7,259,95,ok,0
307,10.233,1780168753,G1,240,109,ok,0
307,10.233,1780168753,G9,225,96,ok,0
307,10.233,1780168753,G33,99,133,ok,1
307,10.233,1780168753,G29,522,503,ok,0
307,10.233,1780168753,G8,200,133,ok,1
307,10.233,1780168753,G32,522,503,ok,0
307,10.233,1780168753,D4,64,569,ok,0
307,10.233,1780168753,D2,373,818,ok,1
307,10.233,1780168753,D1,263,874,ok,0
307,10.233,1780168753,D10,330,868,ok,0
307,10.233,1780168753,D18,245,890,ok,0
307,10.233,1780168753,D7,0,881,ok,0
307,10.233,1780168753,D6,0,590,ok,0
307,10.233,1780168753,D19,-1,591,ok,0
307,10.233,1780168753,D11,-1,591,ok,0
307,10.233,1780168753,G16,131,73,interpolated,0
307,10.233,1780168753,G18,521,504,interpolated,0
307,10.233,1780168753,G30,272,78,interpolated,0
307,10.233,1780168753,G3,98,80,interpolated,0
308,10.267,1780168753,G11,183,293,ok,1
308,10.267,1780168753,G10,446,277,ok,1
308,10.267,1780168753,G13,87,220,ok,1
308,10.267,1780168753,G4,293,145,ok,1
308,10.267,1780168753,G6,173,98,ok,0
308,10.267,1780168753,G1,240,109,ok,0
308,10.267,1780168753,G7,260,94,ok,0
308,10.267,1780168753,G9,225,96,ok,0
308,10.267,1780168753,G33,101,134,ok,1
308,10.267,1780168753,G29,522,503,ok,0
308,10.267,1780168753,G32,522,503,ok,0
308,10.267,1780168753,D4,63,568,ok,0
308,10.267,1780168753,D2,374,817,ok,1
308,10.267,1780168753,D1,263,874,ok,0
308,10.267,1780168753,D10,330,868,ok,0
308,10.267,1780168753,D18,245,890,ok,0
308,10.267,1780168753,D7,0,881,ok,0
308,10.267,1780168753,D6,0,590,ok,0
308,10.267,1780168753,D11,-1,591,ok,0
308,10.267,1780168753,G16,131,73,interpolated,0
308,10.267,1780168753,G18,521,504,interpolated,0
308,10.267,1780168753,G8,200,133,interpolated,1
308,10.267,1780168753,G30,272,78,interpolated,0
308,10.267,1780168753,G3,98,80,interpolated,0
308,10.267,1780168753,D19,-1,591,interpolated,0
309,10.300,1780168753,G11,183,293,ok,1
309,10.300,1780168753,G10,446,277,ok,1
309,10.300,1780168753,G4,292,144,ok,1
309,10.300,1780168753,G13,85,221,ok,1
309,10.300,1780168753,G6,173,99,ok,0
309,10.300,1780168753,G1,240,108,ok,0
309,10.300,1780168753,G7,260,93,ok,0
309,10.300,1780168753,G33,102,134,ok,1
309,10.300,1780168753,G9,225,96,ok,0
309,10.300,1780168753,G29,522,503,ok,0
309,10.300,1780168753,G32,522,503,ok,0
309,10.300,1780168753,D2,377,815,ok,1
309,10.300,1780168753,D1,263,874,ok,0
309,10.300,1780168753,D4,62,568,ok,0
309,10.300,1780168753,D18,244,890,ok,0
309,10.300,1780168753,D10,330,869,ok,0
309,10.300,1780168753,D7,0,881,ok,0
309,10.300,1780168753,D6,0,589,ok,0
309,10.300,1780168753,D19,-1,590,ok,0
309,10.300,1780168753,D11,-1,591,ok,0
309,10.300,1780168753,G16,131,73,interpolated,0
309,10.300,1780168753,G18,521,504,interpolated,0
309,10.300,1780168753,G8,200,133,interpolated,1
309,10.300,1780168753,G3,98,80,interpolated,0
310,10.333,1780168753,G11,182,292,ok,1
310,10.333,1780168753,G10,446,277,ok,1
310,10.333,1780168753,G4,292,143,ok,1
310,10.333,1780168753,G13,85,223,ok,1
310,10.333,1780168753,G6,173,98,ok,0
310,10.333,1780168753,G1,240,108,ok,0
310,10.333,1780168753,G7,260,93,ok,0
310,10.333,1780168753,G33,103,134,ok,1
310,10.333,1780168753,G9,225,96,ok,0
310,10.333,1780168753,G29,522,503,ok,0
310,10.333,1780168753,G8,197,132,ok,1
310,10.333,1780168753,G16,132,73,ok,0
310,10.333,1780168753,G32,522,503,ok,0
310,10.333,1780168753,D2,378,813,ok,1
310,10.333,1780168753,D1,264,874,ok,0
310,10.333,1780168753,D18,244,890,ok,0
310,10.333,1780168753,D10,330,868,ok,0
310,10.333,1780168753,D4,62,568,ok,0
310,10.333,1780168753,D7,0,881,ok,0
310,10.333,1780168753,D6,0,589,ok,0
310,10.333,1780168753,D19,-1,590,ok,0
310,10.333,1780168753,G18,521,504,interpolated,0
310,10.333,1780168753,G3,98,80,interpolated,0
310,10.333,1780168753,D11,-1,591,interpolated,0
311,10.367,1780168753,G11,183,292,ok,1
311,10.367,1780168753,G10,446,277,ok,1
311,10.367,1780168753,G4,292,139,ok,1
311,10.367,1780168753,G6,173,98,ok,0
311,10.367,1780168753,G1,240,108,ok,0
311,10.367,1780168753,G7,260,91,ok,0
311,10.367,1780168753,G9,225,96,ok,0
311,10.367,1780168753,G33,104,134,ok,1
311,10.367,1780168753,G8,195,134,ok,1
311,10.367,1780168753,G13,83,221,ok,1
311,10.367,1780168753,G18,522,504,ok,0
311,10.367,1780168753,G16,132,73,ok,0
311,10.367,1780168753,D4,62,568,ok,0
311,10.367,1780168753,D2,378,810,ok,1
311,10.367,1780168753,D1,265,875,ok,0
311,10.367,1780168753,D18,243,890,ok,0
311,10.367,1780168753,D10,329,868,ok,0
311,10.367,1780168753,D7,0,881,ok,0
311,10.367,1780168753,D6,0,590,ok,0
311,10.367,1780168753,D11,-1,591,ok,0
311,10.367,1780168753,G29,522,503,interpolated,0
311,10.367,1780168753,G32,522,503,interpolated,0
311,10.367,1780168753,G3,98,80,interpolated,0
311,10.367,1780168753,D19,-1,590,interpolated,0
312,10.400,1780168753,G11,183,292,ok,1
312,10.400,1780168753,G10,446,277,ok,1
312,10.400,1780168753,G4,291,137,ok,1
312,10.400,1780168753,G6,173,98,ok,0
312,10.400,1780168753,G1,240,108,ok,0
312,10.400,1780168753,G33,104,134,ok,1
312,10.400,1780168753,G9,225,96,ok,0
312,10.400,1780168753,G7,261,91,ok,0
312,10.400,1780168753,G13,82,226,ok,1
312,10.400,1780168753,G18,522,504,ok,0
312,10.400,1780168753,G8,196,134,ok,1
312,10.400,1780168753,D4,62,568,ok,0
312,10.400,1780168753,D2,379,809,ok,1
312,10.400,1780168753,D1,265,877,ok,0
312,10.400,1780168753,D10,329,868,ok,0
312,10.400,1780168753,D18,243,890,ok,0
312,10.400,1780168753,D7,0,881,ok,0
312,10.400,1780168753,D6,0,590,ok,0
312,10.400,1780168753,D11,-1,591,ok,0
312,10.400,1780168753,G16,132,73,interpolated,0
312,10.400,1780168753,G29,522,503,interpolated,0
312,10.400,1780168753,G32,522,503,interpolated,0
312,10.400,1780168753,G3,98,80,interpolated,0
312,10.400,1780168753,D19,-1,590,interpolated,0
313,10.433,1780168753,G11,183,292,ok,1
313,10.433,1780168753,G10,446,277,ok,1
313,10.433,1780168753,G4,291,137,ok,1
313,10.433,1780168753,G6,173,98,ok,0
313,10.433,1780168753,G1,240,108,ok,0
313,10.433,1780168753,G33,104,134,ok,1
313,10.433,1780168753,G9,225,96,ok,0
313,10.433,1780168753,G7,261,91,ok,0
313,10.433,1780168753,G13,82,226,ok,1
313,10.433,1780168753,G18,522,504,ok,0
313,10.433,1780168753,D4,62,568,ok,0
313,10.433,1780168753,D2,379,809,ok,1
313,10.433,1780168753,D1,265,877,ok,0
313,10.433,1780168753,D10,329,868,ok,0
313,10.433,1780168753,D18,243,890,ok,0
313,10.433,1780168753,D7,0,881,ok,0
313,10.433,1780168753,D6,0,590,ok,0
313,10.433,1780168753,D11,-1,591,ok,0
313,10.433,1780168753,G16,132,73,interpolated,0
313,10.433,1780168753,G8,196,134,interpolated,1
313,10.433,1780168753,G29,522,503,interpolated,0
313,10.433,1780168753,G32,522,503,interpolated,0
313,10.433,1780168753,G3,98,80,interpolated,0
313,10.433,1780168753,D19,-1,590,interpolated,0
314,10.467,1780168753,G11,183,292,ok,1
314,10.467,1780168753,G10,446,277,ok,1
314,10.467,1780168753,G4,291,136,ok,1
314,10.467,1780168753,G6,173,98,ok,0
314,10.467,1780168753,G1,240,108,ok,0
314,10.467,1780168753,G9,225,96,ok,0
314,10.467,1780168753,G33,104,134,ok,1
314,10.467,1780168753,G7,260,92,ok,0
314,10.467,1780168753,G18,522,504,ok,0
314,10.467,1780168753,G13,78,213,ok,1
314,10.467,1780168753,G8,87,247,ok,1
314,10.467,1780168753,D4,62,568,ok,0
314,10.467,1780168753,D2,380,807,ok,1
314,10.467,1780168753,D10,329,869,ok,0
314,10.467,1780168753,D1,265,877,ok,0
314,10.467,1780168753,D18,242,890,ok,0
314,10.467,1780168753,D7,0,881,ok,0
314,10.467,1780168753,D19,-1,590,ok,0
314,10.467,1780168753,D11,-1,591,ok,0
314,10.467,1780168753,D6,0,590,ok,0
314,10.467,1780168753,G16,132,73,interpolated,0
314,10.467,1780168753,G29,522,503,interpolated,0
314,10.467,1780168753,G32,522,503,interpolated,0
315,10.500,1780168753,G11,183,293,ok,1
315,10.500,1780168753,G10,446,278,ok,1
315,10.500,1780168753,G4,292,136,ok,1
315,10.500,1780168753,G6,173,98,ok,0
315,10.500,1780168753,G33,104,134,ok,1
315,10.500,1780168753,G1,240,108,ok,0
315,10.500,1780168753,G7,260,94,ok,0
315,10.500,1780168753,G9,225,96,ok,0
315,10.500,1780168753,G8,83,239,ok,1
315,10.500,1780168753,G18,522,504,ok,0
315,10.500,1780168753,G16,195,134,ok,1
315,10.500,1780168753,D4,61,568,ok,0
315,10.500,1780168753,D2,380,804,ok,1
315,10.500,1780168753,D10,328,871,ok,0
315,10.500,1780168753,D1,265,878,ok,0
315,10.500,1780168753,D18,242,892,ok,0
315,10.500,1780168753,D7,0,881,ok,0
315,10.500,1780168753,D6,0,590,ok,0
315,10.500,1780168753,D11,-1,591,ok,0
315,10.500,1780168753,G13,78,213,interpolated,1
315,10.500,1780168753,G29,522,503,interpolated,0
315,10.500,1780168753,G32,522,503,interpolated,0
315,10.500,1780168753,D19,-1,590,interpolated,0
316,10.533,1780168753,G11,183,293,ok,1
316,10.533,1780168753,G10,446,278,ok,1
316,10.533,1780168753,G4,292,136,ok,1
316,10.533,1780168753,G6,173,98,ok,0
316,10.533,1780168753,G1,240,108,ok,0
316,10.533,1780168753,G33,104,133,ok,1
316,10.533,1780168753,G8,83,250,ok,1
316,10.533,1780168753,G7,260,94,ok,0
316,10.533,1780168753,G9,225,96,ok,0
316,10.533,1780168753,G18,522,504,ok,0
316,10.533,1780168753,G16,195,136,ok,1
316,10.533,1780168753,D4,61,568,ok,0
316,10.533,1780168753,D2,381,802,ok,1
316,10.533,1780168753,D10,327,871,ok,0
316,10.533,1780168753,D1,265,881,ok,0
316,10.533,1780168753,D18,242,891,ok,0
316,10.533,1780168753,D7,0,881,ok,0
316,10.533,1780168753,D6,0,590,ok,0
316,10.533,1780168753,D11,-1,591,ok,0
316,10.533,1780168753,G13,78,213,interpolated,1
316,10.533,1780168753,G29,522,503,interpolated,0
316,10.533,1780168753,G32,522,503,interpolated,0
316,10.533,1780168753,D19,-1,590,interpolated,0
317,10.567,1780168753,G11,183,293,ok,1
317,10.567,1780168753,G10,446,278,ok,1
317,10.567,1780168753,G4,292,136,ok,1
317,10.567,1780168753,G6,173,97,ok,0
317,10.567,1780168753,G1,240,108,ok,0
317,10.567,1780168753,G33,103,132,ok,1
317,10.567,1780168753,G16,195,148,ok,1
317,10.567,1780168753,G7,260,93,ok,0
317,10.567,1780168753,G8,82,250,ok,1
317,10.567,1780168753,G9,225,96,ok,0
317,10.567,1780168753,G18,522,504,ok,0
317,10.567,1780168753,D4,62,565,ok,0
317,10.567,1780168753,D2,382,802,ok,1
317,10.567,1780168753,D10,325,872,ok,0
317,10.567,1780168753,D18,242,890,ok,0
317,10.567,1780168753,D1,266,883,ok,0
317,10.567,1780168753,D7,0,881,ok,0
317,10.567,1780168753,D6,0,590,ok,0
317,10.567,1780168753,D11,-1,591,ok,0
317,10.567,1780168753,D19,0,590,ok,0
317,10.567,1780168753,D20,-16,618,ok,0
317,10.567,1780168753,G13,78,213,interpolated,1
317,10.567,1780168753,G29,522,503,interpolated,0
317,10.567,1780168753,G32,522,503,interpolated,0
318,10.600,1780168753,G11,182,293,ok,1
318,10.600,1780168753,G10,446,278,ok,1
318,10.600,1780168753,G4,292,136,ok,1
318,10.600,1780168753,G6,173,97,ok,0
318,10.600,1780168753,G1,240,108,ok,0
318,10.600,1780168753,G7,261,93,ok,0
318,10.600,1780168753,G16,193,152,ok,1
318,10.600,1780168753,G9,225,96,ok,0
318,10.600,1780168753,G8,81,250,ok,1
318,10.600,1780168753,G33,103,132,ok,1
318,10.600,1780168753,G18,522,504,ok,0
318,10.600,1780168753,D4,63,563,ok,0
318,10.600,1780168753,D2,382,802,ok,1
318,10.600,1780168753,D10,324,872,ok,0
318,10.600,1780168753,D18,242,890,ok,0
318,10.600,1780168753,D1,266,886,ok,0
318,10.600,1780168753,D7,0,881,ok,0
318,10.600,1780168753,D6,0,590,ok,0
318,10.600,1780168753,D11,-1,591,ok,0
318,10.600,1780168753,D20,-16,617,ok,0
318,10.600,1780168753,G13,78,213,interpolated,1
318,10.600,1780168753,G29,522,503,interpolated,0
318,10.600,1780168753,G32,522,503,interpolated,0
318,10.600,1780168753,D19,0,590,interpolated,0
319,10.633,1780168753,G11,182,293,ok,1
319,10.633,1780168753,G10,446,278,ok,1
319,10.633,1780168753,G4,292,136,ok,1
319,10.633,1780168753,G6,173,97,ok,0
319,10.633,1780168753,G1,240,108,ok,0
319,10.633,1780168753,G7,261,93,ok,0
319,10.633,1780168753,G16,193,152,ok,1
319,10.633,1780168753,G9,225,96,ok,0
319,10.633,1780168753,G8,81,250,ok,1
319,10.633,1780168753,G33,103,132,ok,1
319,10.633,1780168753,G18,522,504,ok,0
319,10.633,1780168753,D4,63,563,ok,0
319,10.633,1780168753,D2,382,802,ok,1
319,10.633,1780168753,D10,324,872,ok,0
319,10.633,1780168753,D18,242,890,ok,0
319,10.633,1780168753,D1,266,886,ok,0
319,10.633,1780168753,D7,0,881,ok,0
319,10.633,1780168753,D6,0,590,ok,0
319,10.633,1780168753,D11,-1,591,ok,0
319,10.633,1780168753,D20,-15,617,ok,0
319,10.633,1780168753,G13,78,213,interpolated,1
319,10.633,1780168753,G29,522,503,interpolated,0
319,10.633,1780168753,G32,522,503,interpolated,0
319,10.633,1780168753,D19,0,590,interpolated,0
320,10.667,1780168753,G11,182,293,ok,1
320,10.667,1780168753,G10,446,278,ok,1
320,10.667,1780168753,G4,292,136,ok,1
320,10.667,1780168753,G6,173,98,ok,0
320,10.667,1780168753,G1,240,108,ok,0
320,10.667,1780168753,G16,193,155,ok,1
320,10.667,1780168753,G7,261,91,ok,0
320,10.667,1780168753,G33,103,130,ok,1
320,10.667,1780168753,G9,225,96,ok,0
320,10.667,1780168753,G8,81,251,ok,1
320,10.667,1780168753,G18,522,504,ok,0
320,10.667,1780168753,D4,64,560,ok,0
320,10.667,1780168753,D2,382,801,ok,1
320,10.667,1780168753,D1,266,885,ok,0
320,10.667,1780168753,D18,243,890,ok,0
320,10.667,1780168753,D10,323,873,ok,0
320,10.667,1780168753,D7,0,881,ok,0
320,10.667,1780168753,D6,-1,590,ok,0
320,10.667,1780168753,D11,-1,590,ok,0
320,10.667,1780168753,G13,78,213,interpolated,1
320,10.667,1780168753,G29,522,503,interpolated,0
320,10.667,1780168753,G32,522,503,interpolated,0
320,10.667,1780168753,D19,0,590,interpolated,0
320,10.667,1780168753,D20,-15,617,interpolated,0
321,10.700,1780168753,G11,182,293,ok,1
321,10.700,1780168753,G10,446,278,ok,1
321,10.700,1780168753,G4,291,136,ok,1
321,10.700,1780168753,G6,173,98,ok,0
321,10.700,1780168753,G1,240,108,ok,0
321,10.700,1780168753,G7,261,90,ok,0
321,10.700,1780168753,G16,192,155,ok,1
321,10.700,1780168753,G33,103,128,ok,1
321,10.700,1780168753,G9,225,96,ok,0
321,10.700,1780168753,G18,522,504,ok,0
321,10.700,1780168753,G8,80,251,ok,1
321,10.700,1780168753,D4,64,559,ok,0
321,10.700,1780168753,D2,383,801,ok,1
321,10.700,1780168753,D10,322,873,ok,0
321,10.700,1780168753,D18,243,891,ok,0
321,10.700,1780168753,D1,266,885,ok,0
321,10.700,1780168753,D7,0,882,ok,0
321,10.700,1780168753,D6,-1,590,ok,0
321,10.700,1780168753,D11,-1,590,ok,0
321,10.700,1780168753,G13,78,213,interpolated,1
321,10.700,1780168753,D19,0,590,interpolated,0
321,10.700,1780168753,D20,-15,617,interpolated,0
322,10.733,1780168753,G11,181,293,ok,1
322,10.733,1780168753,G10,446,279,ok,1
322,10.733,1780168753,G4,291,136,ok,1
322,10.733,1780168753,G6,173,98,ok,0
322,10.733,1780168753,G1,240,108,ok,0
322,10.733,1780168753,G7,260,89,ok,0
322,10.733,1780168753,G8,81,258,ok,1
322,10.733,1780168753,G9,225,96,ok,0
322,10.733,1780168753,G33,102,126,ok,1
322,10.733,1780168753,G16,192,157,ok,1
322,10.733,1780168753,G18,522,504,ok,0
322,10.733,1780168753,D4,64,558,ok,0
322,10.733,1780168753,D2,384,802,ok,1
322,10.733,1780168753,D10,321,874,ok,0
322,10.733,1780168753,D18,243,891,ok,0
322,10.733,1780168753,D1,267,885,ok,0
322,10.733,1780168753,D7,0,882,ok,0
322,10.733,1780168753,D6,-1,590,ok,0
322,10.733,1780168753,D11,-1,590,ok,0
322,10.733,1780168753,G13,78,213,interpolated,1
322,10.733,1780168753,D19,0,590,interpolated,0
322,10.733,1780168753,D20,-15,617,interpolated,0
323,10.767,1780168753,G11,181,293,ok,1
323,10.767,1780168753,G10,447,280,ok,1
323,10.767,1780168753,G4,291,135,ok,1
323,10.767,1780168753,G6,173,98,ok,0
323,10.767,1780168753,G1,240,108,ok,0
323,10.767,1780168753,G7,260,88,ok,0
323,10.767,1780168753,G9,225,96,ok,0
323,10.767,1780168753,G33,101,124,ok,0
323,10.767,1780168753,G16,193,168,ok,1
323,10.767,1780168753,G8,82,269,ok,1
323,10.767,1780168753,G18,522,504,ok,0
323,10.767,1780168753,G13,105,332,ok,1
323,10.767,1780168753,D4,64,558,ok,0
323,10.767,1780168753,D2,385,801,ok,1
323,10.767,1780168753,D10,320,874,ok,0
323,10.767,1780168753,D1,267,885,ok,0
323,10.767,1780168753,D18,242,892,ok,0
323,10.767,1780168753,D7,0,882,ok,0
323,10.767,1780168753,D6,-1,590,ok,0
323,10.767,1780168753,D11,-1,590,ok,0
323,10.767,1780168753,D19,0,590,interpolated,0
323,10.767,1780168753,D20,-15,617,interpolated,0
324,10.800,1780168753,G11,181,296,ok,1
324,10.800,1780168753,G10,447,282,ok,1
324,10.800,1780168753,G4,290,135,ok,1
324,10.800,1780168753,G6,173,98,ok,0
324,10.800,1780168753,G1,240,108,ok,0
324,10.800,1780168753,G8,84,284,ok,1
324,10.800,1780168753,G16,195,174,ok,1
324,10.800,1780168753,G33,102,122,ok,0
324,10.800,1780168753,G9,226,96,ok,0
324,10.800,1780168753,G7,260,89,ok,0
324,10.800,1780168753,G29,522,503,ok,0
324,10.800,1780168753,D4,64,557,ok,0
324,10.800,1780168753,D2,386,801,ok,1
324,10.800,1780168753,D10,318,877,ok,0
324,10.800,1780168753,D18,242,892,ok,0
324,10.800,1780168753,D1,267,886,ok,0
324,10.800,1780168753,D7,0,882,ok,0
324,10.800,1780168753,D19,0,590,ok,0
324,10.800,1780168753,D6,-1,591,ok,0
324,10.800,1780168753,D20,-21,626,ok,0
324,10.800,1780168753,G13,105,332,interpolated,1
324,10.800,1780168753,G18,522,504,interpolated,0
324,10.800,1780168753,D11,-1,590,interpolated,0
325,10.833,1780168753,G11,181,296,ok,1
325,10.833,1780168753,G10,447,282,ok,1
325,10.833,1780168753,G4,290,135,ok,1
325,10.833,1780168753,G6,173,98,ok,0
325,10.833,1780168753,G1,240,108,ok,0
325,10.833,1780168753,G8,84,284,ok,1
325,10.833,1780168753,G16,195,174,ok,1
325,10.833,1780168753,G33,102,122,ok,0
325,10.833,1780168753,G9,226,96,ok,0
325,10.833,1780168753,G7,260,89,ok,0
325,10.833,1780168753,G18,522,504,ok,0
325,10.833,1780168753,D4,64,557,ok,0
325,10.833,1780168753,D2,386,801,ok,1
325,10.833,1780168753,D10,318,877,ok,0
325,10.833,1780168753,D18,242,892,ok,0
325,10.833,1780168753,D1,267,886,ok,0
325,10.833,1780168753,D7,0,882,ok,0
325,10.833,1780168753,D19,0,590,ok,0
325,10.833,1780168753,D6,-1,591,ok,0
325,10.833,1780168753,D11,-1,590,ok,0
325,10.833,1780168753,D20,-21,626,ok,0
325,10.833,1780168753,G13,105,332,interpolated,1
325,10.833,1780168753,G29,522,503,interpolated,0
326,10.867,1780168753,G11,182,298,ok,1
326,10.867,1780168753,G10,448,284,ok,1
326,10.867,1780168753,G4,290,134,ok,1
326,10.867,1780168753,G6,173,98,ok,0
326,10.867,1780168753,G1,240,108,ok,0
326,10.867,1780168753,G16,195,179,ok,1
326,10.867,1780168753,G8,81,281,ok,1
326,10.867,1780168753,G33,102,123,ok,0
326,10.867,1780168753,G9,226,96,ok,0
326,10.867,1780168753,G7,259,89,ok,0
326,10.867,1780168753,G18,522,504,ok,0
326,10.867,1780168753,D4,63,556,ok,0
326,10.867,1780168753,D2,386,801,ok,1
326,10.867,1780168753,D18,243,893,ok,0
326,10.867,1780168753,D10,317,878,ok,0
326,10.867,1780168753,D1,267,886,ok,0
326,10.867,1780168753,D7,0,882,ok,0
326,10.867,1780168753,D19,0,590,ok,0
326,10.867,1780168753,D6,-1,591,ok,0
326,10.867,1780168753,D20,-20,625,ok,0
326,10.867,1780168753,D11,-1,589,ok,0
326,10.867,1780168753,G13,105,332,interpolated,1
326,10.867,1780168753,G29,522,503,interpolated,0
327,10.900,1780168753,G11,182,301,ok,1
327,10.900,1780168753,G10,448,286,ok,1
327,10.900,1780168753,G4,289,132,ok,1
327,10.900,1780168753,G6,173,98,ok,0
327,10.900,1780168753,G33,103,123,ok,0
327,10.900,1780168753,G1,240,108,ok,0
327,10.900,1780168753,G16,194,179,ok,1
327,10.900,1780168753,G9,226,96,ok,0
327,10.900,1780168753,G7,259,89,ok,0
327,10.900,1780168753,G18,522,504,ok,0
327,10.900,1780168753,G8,78,280,ok,1
327,10.900,1780168753,D4,63,556,ok,0
327,10.900,1780168753,D2,386,801,ok,1
327,10.900,1780168753,D10,316,878,ok,0
327,10.900,1780168753,D18,242,896,ok,0
327,10.900,1780168753,D1,267,886,ok,0
327,10.900,1780168753,D7,0,882,ok,0
327,10.900,1780168753,D19,0,590,ok,0
327,10.900,1780168753,D6,-1,591,ok,0
327,10.900,1780168753,D20,-19,623,ok,0
327,10.900,1780168753,G13,105,332,interpolated,1
327,10.900,1780168753,D11,-1,589,interpolated,0
327,10.900,1780168753,G29,522,503,interpolated,0
328,10.933,1780168753,G11,183,304,ok,1
328,10.933,1780168753,G10,449,289,ok,1
328,10.933,1780168753,G8,79,287,ok,1
328,10.933,1780168753,G6,173,98,ok,0
328,10.933,1780168753,G4,288,130,ok,1
328,10.933,1780168753,G16,194,179,ok,1
328,10.933,1780168753,G33,104,123,ok,0
328,10.933,1780168753,G1,240,108,ok,0
328,10.933,1780168753,G7,258,89,ok,0
328,10.933,1780168753,G9,226,96,ok,0
328,10.933,1780168753,G18,522,504,ok,0
328,10.933,1780168753,D4,62,556,ok,0
328,10.933,1780168753,D2,387,801,ok,1
328,10.933,1780168753,D10,315,878,ok,0
328,10.933,1780168753,D18,242,897,ok,0
328,10.933,1780168753,D1,267,886,ok,0
328,10.933,1780168753,D7,0,882,ok,0
328,10.933,1780168753,D19,0,590,ok,0
328,10.933,1780168753,D6,-1,591,ok,0
328,10.933,1780168753,D20,-19,623,ok,0
328,10.933,1780168753,G13,105,332,interpolated,1
328,10.933,1780168753,D11,-1,589,interpolated,0
328,10.933,1780168753,G29,522,503,interpolated,0
329,10.967,1780168753,G10,449,290,ok,1
329,10.967,1780168753,G11,183,306,ok,1
329,10.967,1780168753,G4,288,128,ok,1
329,10.967,1780168753,G8,77,286,ok,1
329,10.967,1780168753,G6,173,98,ok,0
329,10.967,1780168753,G33,106,123,ok,0
329,10.967,1780168753,G1,240,108,ok,0
329,10.967,1780168753,G16,193,180,ok,1
329,10.967,1780168753,G9,226,96,ok,0
329,10.967,1780168753,G7,258,88,ok,0
329,10.967,1780168753,G18,522,504,ok,0
329,10.967,1780168753,D4,62,556,ok,0
329,10.967,1780168753,D2,387,797,ok,1
329,10.967,1780168753,D10,315,878,ok,0
329,10.967,1780168753,D18,242,897,ok,0
329,10.967,1780168753,D1,268,886,ok,0
329,10.967,1780168753,D7,0,882,ok,0
329,10.967,1780168753,D19,0,590,ok,0
329,10.967,1780168753,D6,-1,591,ok,0
329,10.967,1780168753,D20,-20,624,ok,0
329,10.967,1780168753,G13,105,332,interpolated,1
329,10.967,1780168753,D11,-1,589,interpolated,0
329,10.967,1780168753,G29,522,503,interpolated,0
330,11.000,1780168754,G11,182,309,ok,1
330,11.000,1780168754,G10,449,291,ok,1
330,11.000,1780168754,G4,287,126,ok,1
330,11.000,1780168754,G6,173,98,ok,0
330,11.000,1780168754,G8,76,290,ok,0
330,11.000,1780168754,G1,240,108,ok,0
330,11.000,1780168754,G33,109,124,ok,0
330,11.000,1780168754,G9,225,96,ok,0
330,11.000,1780168754,G16,193,180,ok,1
330,11.000,1780168754,G7,257,88,ok,0
330,11.000,1780168754,G18,522,504,ok,0
330,11.000,1780168754,D4,61,556,ok,0
330,11.000,1780168754,D2,387,793,ok,1
330,11.000,1780168754,D10,315,879,ok,0
330,11.000,1780168754,D18,242,897,ok,0
330,11.000,1780168754,D1,268,889,ok,0
330,11.000,1780168754,D7,0,882,ok,0
330,11.000,1780168754,D11,-1,590,ok,0
330,11.000,1780168754,D6,-1,591,ok,0
330,11.000,1780168754,D20,-20,624,ok,0
330,11.000,1780168754,G13,105,332,interpolated,1
330,11.000,1780168754,D19,0,590,interpolated,0
330,11.000,1780168754,G29,522,503,interpolated,0
331,11.033,1780168754,G11,183,309,ok,1
331,11.033,1780168754,G10,449,291,ok,1
331,11.033,1780168754,G4,287,126,ok,1
331,11.033,1780168754,G6,173,98,ok,0
331,11.033,1780168754,G8,76,291,ok,0
331,11.033,1780168754,G1,240,108,ok,0
331,11.033,1780168754,G33,109,124,ok,0
331,11.033,1780168754,G9,225,96,ok,0
331,11.033,1780168754,G16,193,180,ok,1
331,11.033,1780168754,G7,257,88,ok,0
331,11.033,1780168754,G18,522,504,ok,0
331,11.033,1780168754,D4,61,556,ok,0
331,11.033,1780168754,D2,387,793,ok,1
331,11.033,1780168754,D10,315,879,ok,0
331,11.033,1780168754,D18,242,897,ok,0
331,11.033,1780168754,D1,268,889,ok,0
331,11.033,1780168754,D7,0,882,ok,0
331,11.033,1780168754,D11,-1,590,ok,0
331,11.033,1780168754,D6,-1,591,ok,0
331,11.033,1780168754,D20,-20,624,ok,0
331,11.033,1780168754,G13,105,332,interpolated,1
331,11.033,1780168754,D19,0,590,interpolated,0
331,11.033,1780168754,G29,522,503,interpolated,0
332,11.067,1780168754,G11,182,311,ok,1
332,11.067,1780168754,G10,450,291,ok,1
332,11.067,1780168754,G6,173,98,ok,0
332,11.067,1780168754,G4,287,124,ok,0
332,11.067,1780168754,G1,240,108,ok,0
332,11.067,1780168754,G8,81,311,ok,1
332,11.067,1780168754,G9,225,96,ok,0
332,11.067,1780168754,G7,257,88,ok,0
332,11.067,1780168754,G13,116,123,ok,0
332,11.067,1780168754,G16,193,180,ok,1
332,11.067,1780168754,G33,108,124,ok,0
332,11.067,1780168754,G18,522,504,ok,0
332,11.067,1780168754,D4,60,556,ok,0
332,11.067,1780168754,D2,387,789,ok,1
332,11.067,1780168754,D10,314,880,ok,0
332,11.067,1780168754,D18,242,897,ok,0
332,11.067,1780168754,D1,269,888,ok,0
332,11.067,1780168754,D7,0,882,ok,0
332,11.067,1780168754,D11,-1,590,ok,0
332,11.067,1780168754,D6,-1,590,ok,0
332,11.067,1780168754,D20,-20,625,ok,0
332,11.067,1780168754,D19,0,590,interpolated,0
332,11.067,1780168754,G29,522,503,interpolated,0
333,11.100,1780168754,G11,181,312,ok,1
333,11.100,1780168754,G10,450,291,ok,1
333,11.100,1780168754,G8,80,320,ok,1
333,11.100,1780168754,G4,286,124,ok,0
333,11.100,1780168754,G6,173,98,ok,0
333,11.100,1780168754,G1,239,108,ok,0
333,11.100,1780168754,G13,117,123,ok,0
333,11.100,1780168754,G9,226,96,ok,0
333,11.100,1780168754,G16,194,188,ok,1
333,11.100,1780168754,G7,257,88,ok,0
333,11.100,1780168754,G18,522,504,ok,0
333,11.100,1780168754,D4,59,556,ok,0
333,11.100,1780168754,D2,387,787,ok,1
333,11.100,1780168754,D10,314,880,ok,0
333,11.100,1780168754,D18,242,897,ok,0
333,11.100,1780168754,D7,0,882,ok,0
333,11.100,1780168754,D1,268,888,ok,0
333,11.100,1780168754,D6,-1,590,ok,0
333,11.100,1780168754,D11,-1,590,ok,0
333,11.100,1780168754,D20,-20,625,ok,0
333,11.100,1780168754,G33,108,124,interpolated,0
333,11.100,1780168754,D19,0,590,interpolated,0
333,11.100,1780168754,G29,522,503,interpolated,0
334,11.133,1780168754,G11,181,312,ok,1
334,11.133,1780168754,G8,80,326,ok,1
334,11.133,1780168754,G10,451,291,ok,1
334,11.133,1780168754,G6,173,98,ok,0
334,11.133,1780168754,G4,286,124,ok,0
334,11.133,1780168754,G1,239,108,ok,0
334,11.133,1780168754,G13,117,123,ok,0
334,11.133,1780168754,G9,226,96,ok,0
334,11.133,1780168754,G7,257,89,ok,0
334,11.133,1780168754,G16,194,191,ok,1
334,11.133,1780168754,G18,522,504,ok,0
334,11.133,1780168754,D4,59,556,ok,0
334,11.133,1780168754,D2,387,785,ok,1
334,11.133,1780168754,D10,313,881,ok,0
334,11.133,1780168754,D1,268,888,ok,0
334,11.133,1780168754,D18,241,897,ok,0
334,11.133,1780168754,D7,0,882,ok,0
334,11.133,1780168754,D6,-1,590,ok,0
334,11.133,1780168754,D11,-1,591,ok,0
334,11.133,1780168754,D20,-20,624,ok,0
334,11.133,1780168754,G33,108,124,interpolated,0
334,11.133,1780168754,D19,0,590,interpolated,0
334,11.133,1780168754,G29,522,503,interpolated,0
335,11.167,1780168754,G11,179,311,ok,1
335,11.167,1780168754,G10,451,290,ok,1
335,11.167,1780168754,G8,80,327,ok,1
335,11.167,1780168754,G4,285,124,ok,0
335,11.167,1780168754,G16,197,207,ok,1
335,11.167,1780168754,G6,173,98,ok,0
335,11.167,1780168754,G1,240,109,ok,0
335,11.167,1780168754,G13,118,123,ok,0
335,11.167,1780168754,G9,226,96,ok,0
335,11.167,1780168754,G7,257,89,ok,0
335,11.167,1780168754,G33,86,67,ok,0
335,11.167,1780168754,G18,522,504,ok,0
335,11.167,1780168754,D4,57,556,ok,0
335,11.167,1780168754,D2,387,785,ok,1
335,11.167,1780168754,D10,313,881,ok,0
335,11.167,1780168754,D1,269,888,ok,0
335,11.167,1780168754,D7,0,882,ok,0
335,11.167,1780168754,D18,241,896,ok,0
335,11.167,1780168754,D6,-1,590,ok,0
335,11.167,1780168754,D11,-1,591,ok,0
335,11.167,1780168754,D20,-20,624,ok,0
335,11.167,1780168754,D19,0,590,interpolated,0
336,11.200,1780168754,G11,178,310,ok,1
336,11.200,1780168754,G8,79,327,ok,1
336,11.200,1780168754,G4,285,124,ok,0
336,11.200,1780168754,G6,172,98,ok,0
336,11.200,1780168754,G10,452,291,ok,1
336,11.200,1780168754,G16,198,211,ok,1
336,11.200,1780168754,G1,239,108,ok,0
336,11.200,1780168754,G9,226,96,ok,0
336,11.200,1780168754,G13,118,123,ok,0
336,11.200,1780168754,G7,256,89,ok,0
336,11.200,1780168754,G18,522,504,ok,0
336,11.200,1780168754,D4,57,554,ok,0
336,11.200,1780168754,D2,387,785,ok,1
336,11.200,1780168754,D1,269,888,ok,0
336,11.200,1780168754,D18,241,897,ok,0
336,11.200,1780168754,D7,0,882,ok,0
336,11.200,1780168754,D10,311,881,ok,0
336,11.200,1780168754,D6,-1,590,ok,0
336,11.200,1780168754,D11,-1,591,ok,0
336,11.200,1780168754,D20,-19,623,ok,0
336,11.200,1780168754,G33,86,67,interpolated,0
336,11.200,1780168754,D19,0,590,interpolated,0
337,11.233,1780168754,G11,178,310,ok,1
337,11.233,1780168754,G8,79,328,ok,1
337,11.233,1780168754,G4,285,124,ok,0
337,11.233,1780168754,G6,172,98,ok,0
337,11.233,1780168754,G16,198,211,ok,1
337,11.233,1780168754,G10,452,291,ok,1
337,11.233,1780168754,G1,239,108,ok,0
337,11.233,1780168754,G9,226,96,ok,0
337,11.233,1780168754,G13,118,123,ok,0
337,11.233,1780168754,G7,256,89,ok,0
337,11.233,1780168754,G18,522,504,ok,0
337,11.233,1780168754,G29,103,372,ok,1
337,11.233,1780168754,D4,57,554,ok,0
337,11.233,1780168754,D2,387,785,ok,1
337,11.233,1780168754,D1,269,888,ok,0
337,11.233,1780168754,D18,241,897,ok,0
337,11.233,1780168754,D7,0,882,ok,0
337,11.233,1780168754,D10,311,881,ok,0
337,11.233,1780168754,D6,-1,590,ok,0
337,11.233,1780168754,D11,-1,591,ok,0
337,11.233,1780168754,D20,-19,623,ok,0
337,11.233,1780168754,G33,86,67,interpolated,0
337,11.233,1780168754,D19,0,590,interpolated,0
338,11.267,1780168754,G11,175,310,ok,1
338,11.267,1780168754,G8,78,327,ok,1
338,11.267,1780168754,G16,199,213,ok,1
338,11.267,1780168754,G10,452,291,ok,1
338,11.267,1780168754,G4,284,123,ok,0
338,11.267,1780168754,G6,172,98,ok,0
338,11.267,1780168754,G1,240,108,ok,0
338,11.267,1780168754,G9,226,96,ok,0
338,11.267,1780168754,G13,118,122,ok,0
338,11.267,1780168754,G7,256,89,ok,0
338,11.267,1780168754,G18,522,504,ok,0
338,11.267,1780168754,G29,103,378,ok,1
338,11.267,1780168754,D4,58,551,ok,0
338,11.267,1780168754,D2,387,784,ok,1
338,11.267,1780168754,D1,269,888,ok,0
338,11.267,1780168754,D18,241,897,ok,0
338,11.267,1780168754,D7,0,882,ok,0
338,11.267,1780168754,D10,309,881,ok,0
338,11.267,1780168754,D11,-1,591,ok,0
338,11.267,1780168754,D6,-1,590,ok,0
338,11.267,1780168754,D20,-19,623,ok,0
338,11.267,1780168754,G33,86,67,interpolated,0
338,11.267,1780168754,D19,0,590,interpolated,0
339,11.300,1780168754,G11,174,310,ok,1
339,11.300,1780168754,G4,283,123,ok,0
339,11.300,1780168754,G6,172,98,ok,0
339,11.300,1780168754,G8,77,331,ok,1
339,11.300,1780168754,G16,201,213,ok,1
339,11.300,1780168754,G1,239,108,ok,0
339,11.300,1780168754,G10,452,291,ok,1
339,11.300,1780168754,G9,226,96,ok,0
339,11.300,1780168754,G13,118,120,ok,0
339,11.300,1780168754,G18,522,504,ok,0
339,11.300,1780168754,G34,522,504,ok,0
339,11.300,1780168754,D4,58,549,ok,0
339,11.300,1780168754,D2,387,785,ok,1
339,11.300,1780168754,D18,241,897,ok,0
339,11.300,1780168754,D1,269,888,ok,0
339,11.300,1780168754,D7,0,882,ok,0
339,11.300,1780168754,D10,306,881,ok,0
339,11.300,1780168754,D11,-1,591,ok,0
339,11.300,1780168754,D6,-1,590,ok,0
339,11.300,1780168754,D20,-19,623,ok,0
339,11.300,1780168754,G7,256,89,interpolated,0
339,11.300,1780168754,G33,86,67,interpolated,0
339,11.300,1780168754,D19,0,590,interpolated,0
339,11.300,1780168754,G29,103,378,interpolated,1
340,11.333,1780168754,G8,79,339,ok,1
340,11.333,1780168754,G11,171,310,ok,1
340,11.333,1780168754,G4,283,123,ok,0
340,11.333,1780168754,G6,172,98,ok,0
340,11.333,1780168754,G1,239,108,ok,0
340,11.333,1780168754,G9,226,96,ok,0
340,11.333,1780168754,G16,202,213,ok,1
340,11.333,1780168754,G10,451,300,ok,1
340,11.333,1780168754,G13,118,119,ok,0
340,11.333,1780168754,G34,522,503,ok,0
340,11.333,1780168754,G18,522,504,ok,0
340,11.333,1780168754,G33,127,76,ok,0
340,11.333,1780168754,D4,59,546,ok,0
340,11.333,1780168754,D2,386,785,ok,1
340,11.333,1780168754,D18,241,897,ok,0
340,11.333,1780168754,D1,269,888,ok,0
340,11.333,1780168754,D7,0,882,ok,0
340,11.333,1780168754,D10,304,882,ok,0
340,11.333,1780168754,D11,-1,591,ok,0
340,11.333,1780168754,D6,-1,590,ok,0
340,11.333,1780168754,D20,-20,624,ok,0
340,11.333,1780168754,G7,256,89,interpolated,0
340,11.333,1780168754,G29,103,378,interpolated,1
341,11.367,1780168754,G8,80,352,ok,1
341,11.367,1780168754,G11,172,311,ok,1
341,11.367,1780168754,G4,283,124,ok,0
341,11.367,1780168754,G6,172,98,ok,0
341,11.367,1780168754,G10,449,310,ok,1
341,11.367,1780168754,G1,240,109,ok,0
341,11.367,1780168754,G9,226,96,ok,0
341,11.367,1780168754,G13,118,118,ok,0
341,11.367,1780168754,G16,203,212,ok,1
341,11.367,1780168754,G33,127,76,ok,0
341,11.367,1780168754,G34,522,503,ok,0
341,11.367,1780168754,G18,522,504,ok,0
341,11.367,1780168754,D2,385,784,ok,1
341,11.367,1780168754,D4,60,545,ok,0
341,11.367,1780168754,D18,241,897,ok,0
341,11.367,1780168754,D1,270,887,ok,0
341,11.367,1780168754,D7,0,882,ok,0
341,11.367,1780168754,D10,301,882,ok,0
341,11.367,1780168754,D19,0,589,ok,0
341,11.367,1780168754,D6,0,589,ok,0
341,11.367,1780168754,G7,256,89,interpolated,0
341,11.367,1780168754,D11,-1,591,interpolated,0
341,11.367,1780168754,D20,-20,624,interpolated,0
341,11.367,1780168754,G29,103,378,interpolated,1
342,11.400,1780168754,G11,171,316,ok,1
342,11.400,1780168754,G8,80,362,ok,1
342,11.400,1780168754,G10,450,315,ok,1
342,11.400,1780168754,G6,172,98,ok,0
342,11.400,1780168754,G4,283,122,ok,0
342,11.400,1780168754,G1,240,109,ok,0
342,11.400,1780168754,G16,205,226,ok,1
342,11.400,1780168754,G13,118,119,ok,0
342,11.400,1780168754,G9,226,96,ok,0
342,11.400,1780168754,G33,126,76,ok,0
342,11.400,1780168754,G18,522,504,ok,0
342,11.400,1780168754,G29,72,340,ok,0
342,11.400,1780168754,D4,60,544,ok,0
342,11.400,1780168754,D2,385,784,ok,1
342,11.400,1780168754,D1,270,889,ok,0
342,11.400,1780168754,D18,241,897,ok,0
342,11.400,1780168754,D7,0,882,ok,0
342,11.400,1780168754,D10,300,881,ok,0
342,11.400,1780168754,D6,0,589,ok,0
342,11.400,1780168754,D11,-1,590,ok,0
342,11.400,1780168754,G7,256,89,interpolated,0
342,11.400,1780168754,D20,-20,624,interpolated,0
342,11.400,1780168754,G34,522,503,interpolated,0
342,11.400,1780168754,D19,0,589,interpolated,0
343,11.433,1780168754,G11,171,316,ok,1
343,11.433,1780168754,G8,80,361,ok,1
343,11.433,1780168754,G10,450,315,ok,1
343,11.433,1780168754,G6,172,98,ok,0
343,11.433,1780168754,G4,283,122,ok,0
343,11.433,1780168754,G1,240,109,ok,0
343,11.433,1780168754,G16,206,227,ok,1
343,11.433,1780168754,G13,117,118,ok,0
343,11.433,1780168754,G9,226,96,ok,0
343,11.433,1780168754,G33,126,76,ok,0
343,11.433,1780168754,G18,522,504,ok,0
343,11.433,1780168754,G34,522,504,ok,0
343,11.433,1780168754,D4,60,544,ok,0
343,11.433,1780168754,D2,385,784,ok,1
343,11.433,1780168754,D1,270,889,ok,0
343,11.433,1780168754,D18,241,897,ok,0
343,11.433,1780168754,D7,0,882,ok,0
343,11.433,1780168754,D10,300,881,ok,0
343,11.433,1780168754,D6,0,589,ok,0
343,11.433,1780168754,D11,-1,590,ok,0
343,11.433,1780168754,G7,256,89,interpolated,0
343,11.433,1780168754,D20,-20,624,interpolated,0
343,11.433,1780168754,G29,72,340,interpolated,0
343,11.433,1780168754,D19,0,589,interpolated,0
344,11.467,1780168754,G11,171,325,ok,1
344,11.467,1780168754,G8,79,369,ok,1
344,11.467,1780168754,G10,450,317,ok,1
344,11.467,1780168754,G6,172,98,ok,0
344,11.467,1780168754,G4,282,120,ok,0
344,11.467,1780168754,G16,207,228,ok,1
344,11.467,1780168754,G1,240,109,ok,0
344,11.467,1780168754,G13,117,118,ok,0
344,11.467,1780168754,G9,226,95,ok,0
344,11.467,1780168754,G33,126,77,ok,0
344,11.467,1780168754,G18,522,503,ok,0
344,11.467,1780168754,G34,531,483,ok,0
344,11.467,1780168754,D2,384,780,ok,1
344,11.467,1780168754,D4,60,544,ok,0
344,11.467,1780168754,D1,270,889,ok,0
344,11.467,1780168754,D10,299,882,ok,0
344,11.467,1780168754,D7,0,882,ok,0
344,11.467,1780168754,D18,241,897,ok,0
344,11.467,1780168754,D6,0,589,ok,0
344,11.467,1780168754,D11,0,590,ok,0
344,11.467,1780168754,G7,256,89,interpolated,0
344,11.467,1780168754,D20,-20,624,interpolated,0
344,11.467,1780168754,G29,72,340,interpolated,0
344,11.467,1780168754,D19,0,589,interpolated,0
345,11.500,1780168754,G11,170,331,ok,1
345,11.500,1780168754,G8,78,372,ok,1
345,11.500,1780168754,G16,209,242,ok,1
345,11.500,1780168754,G10,450,317,ok,1
345,11.500,1780168754,G6,172,98,ok,0
345,11.500,1780168754,G4,282,118,ok,0
345,11.500,1780168754,G1,240,109,ok,0
345,11.500,1780168754,G13,117,116,ok,0
345,11.500,1780168754,G33,126,77,ok,0
345,11.500,1780168754,G9,225,90,ok,0
345,11.500,1780168754,G18,522,504,ok,0
345,11.500,1780168754,G7,196,53,ok,0
345,11.500,1780168754,D4,60,544,ok,0
345,11.500,1780168754,D2,383,776,ok,1
345,11.500,1780168754,D1,271,890,ok,0
345,11.500,1780168754,D10,297,881,ok,0
345,11.500,1780168754,D7,0,882,ok,0
345,11.500,1780168754,D18,241,897,ok,0
345,11.500,1780168754,D6,0,589,ok,0
345,11.500,1780168754,D11,0,590,ok,0
345,11.500,1780168754,D20,-20,624,interpolated,0
345,11.500,1780168754,G29,72,340,interpolated,0
345,11.500,1780168754,G34,531,483,interpolated,0
345,11.500,1780168754,D19,0,589,interpolated,0
346,11.533,1780168754,G11,172,335,ok,1
346,11.533,1780168754,G8,78,372,ok,1
346,11.533,1780168754,G16,210,248,ok,1
346,11.533,1780168754,G6,172,98,ok,0
346,11.533,1780168754,G4,281,119,ok,0
346,11.533,1780168754,G10,450,318,ok,1
346,11.533,1780168754,G1,239,109,ok,0
346,11.533,1780168754,G9,226,91,ok,0
346,11.533,1780168754,G33,126,78,ok,0
346,11.533,1780168754,G13,117,114,ok,0
346,11.533,1780168754,G18,522,503,ok,0
346,11.533,1780168754,G34,531,483,ok,0
346,11.533,1780168754,D2,383,773,ok,1
346,11.533,1780168754,D4,60,544,ok,0
346,11.533,1780168754,D10,296,881,ok,0
346,11.533,1780168754,D1,271,891,ok,0
346,11.533,1780168754,D7,0,882,ok,0
346,11.533,1780168754,D18,241,897,ok,0
346,11.533,1780168754,D6,0,589,ok,0
346,11.533,1780168754,G7,196,53,interpolated,0
346,11.533,1780168754,D11,0,590,interpolated,0
346,11.533,1780168754,D20,-20,624,interpolated,0
346,11.533,1780168754,G29,72,340,interpolated,0
346,11.533,1780168754,D19,0,589,interpolated,0
347,11.567,1780168754,G11,170,335,ok,1
347,11.567,1780168754,G16,211,249,ok,1
347,11.567,1780168754,G6,172,98,ok,0
347,11.567,1780168754,G8,76,374,ok,0
347,11.567,1780168754,G4,281,116,ok,0
347,11.567,1780168754,G1,238,109,ok,0
347,11.567,1780168754,G9,225,96,ok,0
347,11.567,1780168754,G29,69,364,ok,0
347,11.567,1780168754,G33,126,78,ok,0
347,11.567,1780168754,G13,117,112,ok,0
347,11.567,1780168754,G10,452,318,ok,1
347,11.567,1780168754,G18,522,504,ok,0
347,11.567,1780168754,D2,383,770,ok,1
347,11.567,1780168754,D4,59,544,ok,0
347,11.567,1780168754,D1,271,893,ok,0
347,11.567,1780168754,D10,296,881,ok,0
347,11.567,1780168754,D7,0,882,ok,0
347,11.567,1780168754,D18,241,897,ok,0
347,11.567,1780168754,D6,0,589,ok,0
347,11.567,1780168754,D11,0,590,ok,0
347,11.567,1780168754,G7,196,53,interpolated,0
347,11.567,1780168754,D20,-20,624,interpolated,0
347,11.567,1780168754,G34,531,483,interpolated,0
347,11.567,1780168754,D19,0,589,interpolated,0
348,11.600,1780168754,G16,212,250,ok,1
348,11.600,1780168754,G8,76,380,ok,0
348,11.600,1780168754,G6,172,98,ok,0
348,11.600,1780168754,G4,280,114,ok,0
348,11.600,1780168754,G11,167,336,ok,1
348,11.600,1780168754,G9,225,98,ok,0
348,11.600,1780168754,G1,239,108,ok,0
348,11.600,1780168754,G33,125,77,ok,0
348,11.600,1780168754,G13,117,111,ok,0
348,11.600,1780168754,G18,522,503,ok,0
348,11.600,1780168754,G34,522,503,ok,0
348,11.600,1780168754,G29,71,368,ok,0
348,11.600,1780168754,D2,383,768,ok,1
348,11.600,1780168754,D4,59,544,ok,0
348,11.600,1780168754,D1,272,895,ok,0
348,11.600,1780168754,D10,295,881,ok,0
348,11.600,1780168754,D7,0,882,ok,0
348,11.600,1780168754,D18,241,897,ok,0
348,11.600,1780168754,D6,0,589,ok,0
348,11.600,1780168754,D11,0,590,ok,0
348,11.600,1780168754,G7,196,53,interpolated,0
348,11.600,1780168754,G10,452,318,interpolated,1
348,11.600,1780168754,D20,-20,624,interpolated,0
348,11.600,1780168754,D19,0,589,interpolated,0
349,11.633,1780168754,G16,212,250,ok,1
349,11.633,1780168754,G8,76,380,ok,0
349,11.633,1780168754,G6,172,98,ok,0
349,11.633,1780168754,G4,280,114,ok,0
349,11.633,1780168754,G11,167,336,ok,1
349,11.633,1780168754,G9,225,98,ok,0
349,11.633,1780168754,G1,239,108,ok,0
349,11.633,1780168754,G33,125,77,ok,0
349,11.633,1780168754,G13,117,111,ok,0
349,11.633,1780168754,G18,522,504,ok,0
349,11.633,1780168754,D2,383,768,ok,1
349,11.633,1780168754,D4,59,544,ok,0
349,11.633,1780168754,D1,272,895,ok,0
349,11.633,1780168754,D10,295,881,ok,0
349,11.633,1780168754,D7,0,882,ok,0
349,11.633,1780168754,D18,241,897,ok,0
349,11.633,1780168754,D6,0,589,ok,0
349,11.633,1780168754,D11,0,590,ok,0
349,11.633,1780168754,G7,196,53,interpolated,0
349,11.633,1780168754,G10,452,318,interpolated,1
349,11.633,1780168754,D20,-20,624,interpolated,0
349,11.633,1780168754,G29,71,368,interpolated,0
349,11.633,1780168754,G34,522,503,interpolated,0
349,11.633,1780168754,D19,0,589,interpolated,0
350,11.667,1780168754,G16,213,253,ok,1
350,11.667,1780168754,G8,80,400,ok,1
350,11.667,1780168754,G4,280,113,ok,0
350,11.667,1780168754,G6,172,98,ok,0
350,11.667,1780168754,G11,164,336,ok,1
350,11.667,1780168754,G9,225,98,ok,0
350,11.667,1780168754,G1,239,109,ok,0
350,11.667,1780168754,G33,125,79,ok,0
350,11.667,1780168754,G13,117,112,ok,0
350,11.667,1780168754,G7,196,55,ok,0
350,11.667,1780168754,G18,522,504,ok,0
350,11.667,1780168754,G34,522,504,ok,0
350,11.667,1780168754,G10,251,91,ok,0
350,11.667,1780168754,D2,383,768,ok,1
350,11.667,1780168754,D4,59,544,ok,0
350,11.667,1780168754,D10,294,880,ok,0
350,11.667,1780168754,D1,273,896,ok,0
350,11.667,1780168754,D7,0,881,ok,0
350,11.667,1780168754,D18,241,897,ok,0
350,11.667,1780168754,D6,0,589,ok,0
350,11.667,1780168754,D11,0,590,ok,0
350,11.667,1780168754,D20,-20,624,interpolated,0
350,11.667,1780168754,G29,71,368,interpolated,0
350,11.667,1780168754,D19,0,589,interpolated,0
351,11.700,1780168754,G16,214,256,ok,1
351,11.700,1780168754,G11,162,350,ok,1
351,11.700,1780168754,G8,80,408,ok,1
351,11.700,1780168754,G6,172,98,ok,0
351,11.700,1780168754,G4,280,113,ok,0
351,11.700,1780168754,G35,448,341,ok,1
351,11.700,1780168754,G9,224,98,ok,0
351,11.700,1780168754,G1,239,108,ok,0
351,11.700,1780168754,G13,117,111,ok,0
351,11.700,1780168754,G18,522,504,ok,0
351,11.700,1780168754,G7,197,57,ok,0
351,11.700,1780168754,G33,125,75,ok,0
351,11.700,1780168754,G34,522,503,ok,0
351,11.700,1780168754,D2,382,768,ok,1
351,11.700,1780168754,D4,58,544,ok,0
351,11.700,1780168754,D10,293,880,ok,0
351,11.700,1780168754,D1,273,897,ok,0
351,11.700,1780168754,D7,0,881,ok,0
351,11.700,1780168754,D18,241,897,ok,0
351,11.700,1780168754,D6,0,589,ok,0
351,11.700,1780168754,D11,0,590,ok,0
351,11.700,1780168754,G10,251,91,interpolated,0
351,11.700,1780168754,G29,71,368,interpolated,0
351,11.700,1780168754,D19,0,589,interpolated,0
352,11.733,1780168754,G8,80,415,ok,1
352,11.733,1780168754,G16,217,266,ok,1
352,11.733,1780168754,G11,159,356,ok,1
352,11.733,1780168754,G4,280,113,ok,0
352,11.733,1780168754,G6,172,98,ok,0
352,11.733,1780168754,G1,239,109,ok,0
352,11.733,1780168754,G9,224,98,ok,0
352,11.733,1780168754,G35,448,348,ok,1
352,11.733,1780168754,G7,197,57,ok,0
352,11.733,1780168754,G34,522,503,ok,0
352,11.733,1780168754,G33,125,77,ok,0
352,11.733,1780168754,D2,382,768,ok,1
352,11.733,1780168754,D4,58,543,ok,0
352,11.733,1780168754,D10,291,880,ok,0
352,11.733,1780168754,D1,274,897,ok,0
352,11.733,1780168754,D18,241,897,ok,0
352,11.733,1780168754,D7,0,881,ok,0
352,11.733,1780168754,D11,0,590,ok,0
352,11.733,1780168754,D6,0,590,ok,0
352,11.733,1780168754,G10,251,91,interpolated,0
352,11.733,1780168754,G13,117,111,interpolated,0
352,11.733,1780168754,G18,522,504,interpolated,0
352,11.733,1780168754,G29,71,368,interpolated,0
353,11.767,1780168754,G8,80,418,ok,1
353,11.767,1780168754,G11,157,364,ok,1
353,11.767,1780168754,G16,220,274,ok,1
353,11.767,1780168754,G35,447,352,ok,1
353,11.767,1780168754,G4,280,113,ok,0
353,11.767,1780168754,G6,172,98,ok,0
353,11.767,1780168754,G1,238,109,ok,0
353,11.767,1780168754,G9,224,98,ok,0
353,11.767,1780168754,G7,197,57,ok,0
353,11.767,1780168754,G34,522,503,ok,0
353,11.767,1780168754,G13,125,111,ok,0
353,11.767,1780168754,D2,382,768,ok,1
353,11.767,1780168754,D4,58,543,ok,0
353,11.767,1780168754,D10,290,880,ok,0
353,11.767,1780168754,D1,274,896,ok,0
353,11.767,1780168754,D7,0,881,ok,0
353,11.767,1780168754,D18,241,897,ok,0
353,11.767,1780168754,D6,0,590,ok,0
353,11.767,1780168754,D11,0,590,ok,0
353,11.767,1780168754,G10,251,91,interpolated,0
353,11.767,1780168754,G18,522,504,interpolated,0
353,11.767,1780168754,G33,125,77,interpolated,0
353,11.767,1780168754,G29,71,368,interpolated,0
354,11.800,1780168754,G8,79,418,ok,1
354,11.800,1780168754,G11,156,369,ok,1
354,11.800,1780168754,G35,448,353,ok,1
354,11.800,1780168754,G16,224,284,ok,1
354,11.800,1780168754,G4,280,114,ok,0
354,11.800,1780168754,G6,173,98,ok,0
354,11.800,1780168754,G9,224,98,ok,0
354,11.800,1780168754,G1,238,109,ok,0
354,11.800,1780168754,G7,197,57,ok,0
354,11.800,1780168754,G13,127,112,ok,0
354,11.800,1780168754,G10,250,90,ok,0
354,11.800,1780168754,D4,58,543,ok,0
354,11.800,1780168754,D2,382,768,ok,1
354,11.800,1780168754,D1,274,896,ok,0
354,11.800,1780168754,D10,288,879,ok,0
354,11.800,1780168754,D7,0,881,ok,0
354,11.800,1780168754,D18,241,897,ok,0
354,11.800,1780168754,D6,0,590,ok,0
354,11.800,1780168754,D11,-1,590,ok,0
354,11.800,1780168754,G18,522,504,interpolated,0
354,11.800,1780168754,G33,125,77,interpolated,0
354,11.800,1780168754,G29,71,368,interpolated,0
354,11.800,1780168754,G34,522,503,interpolated,0
355,11.833,1780168754,G8,79,418,ok,1
355,11.833,1780168754,G11,156,369,ok,1
355,11.833,1780168754,G35,448,353,ok,1
355,11.833,1780168754,G16,224,284,ok,1
355,11.833,1780168754,G4,280,114,ok,0
355,11.833,1780168754,G6,173,98,ok,0
355,11.833,1780168754,G9,223,98,ok,0
355,11.833,1780168754,G1,238,109,ok,0
355,11.833,1780168754,G7,197,57,ok,0
355,11.833,1780168754,G13,127,112,ok,0
355,11.833,1780168754,G10,250,90,ok,0
355,11.833,1780168754,D4,57,543,ok,0
355,11.833,1780168754,D2,382,768,ok,1
355,11.833,1780168754,D1,274,896,ok,0
355,11.833,1780168754,D10,288,879,ok,0
355,11.833,1780168754,D7,0,881,ok,0
355,11.833,1780168754,D18,241,897,ok,0
355,11.833,1780168754,D6,0,590,ok,0
355,11.833,1780168754,D11,-1,590,ok,0
355,11.833,1780168754,G18,522,504,interpolated,0
355,11.833,1780168754,G33,125,77,interpolated,0
355,11.833,1780168754,G29,71,368,interpolated,0
355,11.833,1780168754,G34,522,503,interpolated,0
356,11.867,1780168754,G16,226,288,ok,1
356,11.867,1780168754,G8,77,419,ok,1
356,11.867,1780168754,G6,172,98,ok,0
356,11.867,1780168754,G35,449,353,ok,1
356,11.867,1780168754,G4,280,113,ok,0
356,11.867,1780168754,G11,152,370,ok,1
356,11.867,1780168754,G9,223,98,ok,0
356,11.867,1780168754,G1,238,109,ok,0
356,11.867,1780168754,G7,197,57,ok,0
356,11.867,1780168754,G13,127,112,ok,0
356,11.867,1780168754,G10,249,89,ok,0
356,11.867,1780168754,D2,382,768,ok,1
356,11.867,1780168754,D4,57,543,ok,0
356,11.867,1780168754,D1,274,895,ok,0
356,11.867,1780168754,D18,241,897,ok,0
356,11.867,1780168754,D7,0,881,ok,0
356,11.867,1780168754,D10,286,880,ok,0
356,11.867,1780168754,D6,0,590,ok,0
356,11.867,1780168754,D11,0,590,ok,0
356,11.867,1780168754,G18,522,504,interpolated,0
356,11.867,1780168754,G33,125,77,interpolated,0
356,11.867,1780168754,G29,71,368,interpolated,0
356,11.867,1780168754,G34,522,503,interpolated,0
357,11.900,1780168754,G8,78,424,ok,1
357,11.900,1780168754,G16,228,288,ok,1
357,11.900,1780168754,G35,451,353,ok,1
357,11.900,1780168754,G6,172,98,ok,0
357,11.900,1780168754,G4,280,113,ok,0
357,11.900,1780168754,G9,223,98,ok,0
357,11.900,1780168754,G11,150,370,ok,1
357,11.900,1780168754,G1,237,108,ok,0
357,11.900,1780168754,G29,157,370,ok,1
357,11.900,1780168754,G13,128,112,ok,0
357,11.900,1780168754,G7,197,58,ok,0
357,11.900,1780168754,G10,249,88,ok,0
357,11.900,1780168754,D4,57,543,ok,0
357,11.900,1780168754,D2,383,768,ok,1
357,11.900,1780168754,D1,273,896,ok,0
357,11.900,1780168754,D18,241,897,ok,0
357,11.900,1780168754,D10,284,880,ok,0
357,11.900,1780168754,D7,0,881,ok,0
357,11.900,1780168754,D6,0,590,ok,0
357,11.900,1780168754,D11,-1,590,ok,0
357,11.900,1780168754,G18,522,504,interpolated,0
357,11.900,1780168754,G33,125,77,interpolated,0
357,11.900,1780168754,G34,522,503,interpolated,0
358,11.933,1780168754,G8,80,432,ok,1
358,11.933,1780168754,G16,230,289,ok,1
358,11.933,1780168754,G35,452,354,ok,1
358,11.933,1780168754,G6,172,98,ok,0
358,11.933,1780168754,G9,222,98,ok,0
358,11.933,1780168754,G4,279,113,ok,0
358,11.933,1780168754,G1,237,107,ok,0
358,11.933,1780168754,G11,149,370,ok,1
358,11.933,1780168754,G7,197,57,ok,0
358,11.933,1780168754,G13,129,112,ok,0
358,11.933,1780168754,G10,248,86,ok,0
358,11.933,1780168754,D4,58,542,ok,0
358,11.933,1780168754,D2,382,768,ok,1
358,11.933,1780168754,D10,282,878,ok,0
358,11.933,1780168754,D18,241,896,ok,0
358,11.933,1780168754,D1,273,896,ok,0
358,11.933,1780168754,D7,0,881,ok,0
358,11.933,1780168754,D6,0,590,ok,0
358,11.933,1780168754,D11,-1,590,ok,0
358,11.933,1780168754,G18,522,504,interpolated,0
358,11.933,1780168754,G33,125,77,interpolated,0
358,11.933,1780168754,G29,157,370,interpolated,1
358,11.933,1780168754,G34,522,503,interpolated,0
359,11.967,1780168754,G8,81,442,ok,1
359,11.967,1780168754,G16,232,289,ok,1
359,11.967,1780168754,G6,172,98,ok,0
359,11.967,1780168754,G35,451,363,ok,1
359,11.967,1780168754,G9,222,99,ok,0
359,11.967,1780168754,G4,279,113,ok,0
359,11.967,1780168754,G1,237,107,ok,0
359,11.967,1780168754,G11,149,376,ok,1
359,11.967,1780168754,G7,196,57,ok,0
359,11.967,1780168754,G10,248,83,ok,0
359,11.967,1780168754,G13,129,112,ok,0
359,11.967,1780168754,D4,59,539,ok,0
359,11.967,1780168754,D2,382,768,ok,1
359,11.967,1780168754,D10,280,878,ok,0
359,11.967,1780168754,D18,241,896,ok,0
359,11.967,1780168754,D7,0,881,ok,0
359,11.967,1780168754,D1,273,895,ok,0
359,11.967,1780168754,D6,0,590,ok,0
359,11.967,1780168754,D11,-1,591,ok,0
359,11.967,1780168754,G18,522,504,interpolated,0
359,11.967,1780168754,G33,125,77,interpolated,0
359,11.967,1780168754,G29,157,370,interpolated,1
359,11.967,1780168754,G34,522,503,interpolated,0
360,12.000,1780168755,G35,448,376,ok,1
360,12.000,1780168755,G16,233,292,ok,1
360,12.000,1780168755,G6,172,98,ok,0
360,12.000,1780168755,G8,79,451,ok,1
360,12.000,1780168755,G9,222,99,ok,0
360,12.000,1780168755,G4,279,113,ok,0
360,12.000,1780168755,G11,151,389,ok,1
360,12.000,1780168755,G1,237,108,ok,0
360,12.000,1780168755,G10,247,81,ok,0
360,12.000,1780168755,G13,129,110,ok,0
360,12.000,1780168755,G7,196,58,ok,0
360,12.000,1780168755,D4,59,538,ok,0
360,12.000,1780168755,D2,381,768,ok,1
360,12.000,1780168755,D10,278,877,ok,0
360,12.000,1780168755,D18,241,897,ok,0
360,12.000,1780168755,D7,0,881,ok,0
360,12.000,1780168755,D11,-1,590,ok,0
360,12.000,1780168755,D6,0,590,ok,0
360,12.000,1780168755,D1,273,895,interpolated,0
360,12.000,1780168755,G18,522,504,interpolated,0
360,12.000,1780168755,G33,125,77,interpolated,0
360,12.000,1780168755,G29,157,370,interpolated,1
360,12.000,1780168755,G34,522,503,interpolated,0
361,12.033,1780168755,G35,448,376,ok,1
361,12.033,1780168755,G6,172,98,ok,0
361,12.033,1780168755,G16,233,293,ok,1
361,12.033,1780168755,G8,79,451,ok,1
361,12.033,1780168755,G9,222,99,ok,0
361,12.033,1780168755,G4,279,113,ok,0
361,12.033,1780168755,G1,237,108,ok,0
361,12.033,1780168755,G11,151,389,ok,1
361,12.033,1780168755,G10,247,81,ok,0
361,12.033,1780168755,G13,129,110,ok,0
361,12.033,1780168755,G7,196,58,ok,0
361,12.033,1780168755,D4,59,538,ok,0
361,12.033,1780168755,D2,381,768,ok,1
361,12.033,1780168755,D10,278,877,ok,0
361,12.033,1780168755,D18,241,897,ok,0
361,12.033,1780168755,D7,0,881,ok,0
361,12.033,1780168755,D6,0,590,ok,0
361,12.033,1780168755,D11,0,590,ok,0
361,12.033,1780168755,D1,273,895,interpolated,0
361,12.033,1780168755,G18,522,504,interpolated,0
361,12.033,1780168755,G33,125,77,interpolated,0
361,12.033,1780168755,G29,157,370,interpolated,1
361,12.033,1780168755,G34,522,503,interpolated,0
362,12.067,1780168755,G6,172,98,ok,0
362,12.067,1780168755,G8,70,500,merged,1
362,12.067,1780168755,G11,153,400,ok,1
362,12.067,1780168755,G9,221,99,ok,0
362,12.067,1780168755,G16,236,309,ok,1
362,12.067,1780168755,G4,278,113,ok,0
362,12.067,1780168755,G35,448,384,ok,1
362,12.067,1780168755,G1,237,109,ok,0
362,12.067,1780168755,G13,130,109,ok,0
362,12.067,1780168755,G7,196,58,ok,0
362,12.067,1780168755,G10,247,80,ok,0
362,12.067,1780168755,D2,379,768,ok,1
362,12.067,1780168755,D18,241,897,ok,0
362,12.067,1780168755,D10,277,878,ok,0
362,12.067,1780168755,D7,0,881,ok,0
362,12.067,1780168755,D6,0,590,ok,0
362,12.067,1780168755,D1,273,895,interpolated,0
362,12.067,1780168755,D4,59,538,interpolated,0
362,12.067,1780168755,G33,125,77,interpolated,0
362,12.067,1780168755,D11,0,590,interpolated,0
362,12.067,1780168755,G29,157,370,interpolated,1
362,12.067,1780168755,G34,522,503,interpolated,0
363,12.100,1780168755,G8,70,500,merged,1
363,12.100,1780168755,G11,153,406,ok,1
363,12.100,1780168755,G16,239,320,ok,1
363,12.100,1780168755,G35,448,390,ok,1
363,12.100,1780168755,G6,172,98,ok,0
363,12.100,1780168755,G4,278,113,ok,0
363,12.100,1780168755,G9,220,99,ok,0
363,12.100,1780168755,G1,237,110,ok,0
363,12.100,1780168755,G13,130,110,ok,0
363,12.100,1780168755,G10,247,80,ok,0
363,12.100,1780168755,G7,196,58,ok,0
363,12.100,1780168755,D2,378,768,ok,1
363,12.100,1780168755,D10,275,877,ok,0
363,12.100,1780168755,D18,241,896,ok,0
363,12.100,1780168755,D7,0,881,ok,0
363,12.100,1780168755,D6,-1,590,ok,0
363,12.100,1780168755,D11,-1,590,ok,0
363,12.100,1780168755,D1,273,895,interpolated,0
363,12.100,1780168755,D4,59,538,interpolated,0
363,12.100,1780168755,G29,157,370,interpolated,1
363,12.100,1780168755,G34,522,503,interpolated,0
364,12.133,1780168755,G11,153,411,ok,1
364,12.133,1780168755,G16,242,327,ok,1
364,12.133,1780168755,G8,69,500,merged,1
364,12.133,1780168755,G6,173,98,ok,0
364,12.133,1780168755,G4,277,111,ok,0
364,12.133,1780168755,G9,219,99,ok,0
364,12.133,1780168755,G1,237,111,ok,0
364,12.133,1780168755,G10,247,80,ok,0
364,12.133,1780168755,G7,196,58,ok,0
364,12.133,1780168755,G35,450,388,ok,1
364,12.133,1780168755,G13,130,109,ok,0
364,12.133,1780168755,G34,423,442,ok,1
364,12.133,1780168755,D2,378,768,ok,1
364,12.133,1780168755,D10,274,877,ok,0
364,12.133,1780168755,D18,241,897,ok,0
364,12.133,1780168755,D7,0,881,ok,0
364,12.133,1780168755,D6,-1,590,ok,0
364,12.133,1780168755,D1,273,895,interpolated,0
364,12.133,1780168755,D4,59,538,interpolated,0
364,12.133,1780168755,D11,-1,590,interpolated,0
364,12.133,1780168755,G29,157,370,interpolated,1
365,12.167,1780168755,G11,153,412,ok,1
365,12.167,1780168755,G16,244,332,ok,1
365,12.167,1780168755,G8,67,499,merged,0
365,12.167,1780168755,G6,173,98,ok,0
365,12.167,1780168755,G35,449,390,ok,1
365,12.167,1780168755,G4,277,110,ok,0
365,12.167,1780168755,G9,218,99,ok,0
365,12.167,1780168755,G1,237,112,ok,0
365,12.167,1780168755,G34,423,441,ok,1
365,12.167,1780168755,G10,247,80,ok,0
365,12.167,1780168755,G7,196,58,ok,0
365,12.167,1780168755,G13,131,109,ok,0
365,12.167,1780168755,G29,-5,364,ok,0
365,12.167,1780168755,D2,378,768,ok,1
365,12.167,1780168755,D10,274,877,ok,0
365,12.167,1780168755,D18,241,897,ok,0
365,12.167,1780168755,D7,0,881,ok,0
365,12.167,1780168755,D6,-1,590,ok,0
365,12.167,1780168755,D1,273,895,interpolated,0
365,12.167,1780168755,D4,59,538,interpolated,0
365,12.167,1780168755,D11,-1,590,interpolated,0
366,12.200,1780168755,G16,245,332,ok,1
366,12.200,1780168755,G8,68,503,merged,1
366,12.200,1780168755,G35,451,390,ok,1
366,12.200,1780168755,G6,173,98,ok,0
366,12.200,1780168755,G11,152,412,ok,1
366,12.200,1780168755,G4,276,108,ok,0
366,12.200,1780168755,G1,237,112,ok,0
366,12.200,1780168755,G9,217,100,ok,0
366,12.200,1780168755,G33,98,79,ok,0
366,12.200,1780168755,G10,247,80,ok,0
366,12.200,1780168755,G7,196,58,ok,0
366,12.200,1780168755,G29,-5,364,ok,0
366,12.200,1780168755,D2,378,767,ok,1
366,12.200,1780168755,D10,273,877,ok,0
366,12.200,1780168755,D18,241,897,ok,0
366,12.200,1780168755,D7,0,881,ok,0
366,12.200,1780168755,D6,-1,590,ok,0
366,12.200,1780168755,D1,277,920,ok,0
366,12.200,1780168755,G13,131,109,interpolated,0
366,12.200,1780168755,D4,59,538,interpolated,0
366,12.200,1780168755,D11,-1,590,interpolated,0
366,12.200,1780168755,G34,423,441,interpolated,1
367,12.233,1780168755,G16,245,332,ok,1
367,12.233,1780168755,G35,451,390,ok,1
367,12.233,1780168755,G8,68,503,merged,1
367,12.233,1780168755,G6,173,98,ok,0
367,12.233,1780168755,G11,152,412,ok,1
367,12.233,1780168755,G4,276,108,ok,0
367,12.233,1780168755,G1,237,112,ok,0
367,12.233,1780168755,G9,217,100,ok,0
367,12.233,1780168755,G33,98,79,ok,0
367,12.233,1780168755,G10,247,80,ok,0
367,12.233,1780168755,G7,196,58,ok,0
367,12.233,1780168755,G29,-5,364,ok,0
367,12.233,1780168755,D2,378,767,ok,1
367,12.233,1780168755,D10,273,877,ok,0
367,12.233,1780168755,D18,241,897,ok,0
367,12.233,1780168755,D7,0,881,ok,0
367,12.233,1780168755,D6,-1,590,ok,0
367,12.233,1780168755,D1,277,920,ok,0
367,12.233,1780168755,G13,131,109,interpolated,0
367,12.233,1780168755,D4,59,538,interpolated,0
367,12.233,1780168755,D11,-1,590,interpolated,0
367,12.233,1780168755,G34,423,441,interpolated,1
368,12.267,1780168755,G16,248,332,ok,1
368,12.267,1780168755,G35,450,395,ok,1
368,12.267,1780168755,G8,68,506,merged,1
368,12.267,1780168755,G6,173,98,ok,0
368,12.267,1780168755,G4,276,104,ok,0
368,12.267,1780168755,G1,237,112,ok,0
368,12.267,1780168755,G11,150,412,ok,1
368,12.267,1780168755,G9,217,101,ok,0
368,12.267,1780168755,G10,247,80,ok,0
368,12.267,1780168755,G34,88,482,ok,1
368,12.267,1780168755,G7,196,58,ok,0
368,12.267,1780168755,G13,130,102,ok,0
368,12.267,1780168755,D2,377,767,ok,1
368,12.267,1780168755,D10,272,877,ok,0
368,12.267,1780168755,D18,241,897,ok,0
368,12.267,1780168755,D7,0,881,ok,0
368,12.267,1780168755,D1,277,907,ok,0
368,12.267,1780168755,D6,-1,590,ok,0
368,12.267,1780168755,D4,59,538,interpolated,0
368,12.267,1780168755,D11,-1,590,interpolated,0
368,12.267,1780168755,G29,-5,364,interpolated,0
368,12.267,1780168755,G33,98,79,interpolated,0
369,12.300,1780168755,G35,448,408,ok,1
369,12.300,1780168755,G34,72,514,merged,1
369,12.300,1780168755,G16,250,332,ok,1
369,12.300,1780168755,G6,173,98,ok,0
369,12.300,1780168755,G4,276,103,ok,0
369,12.300,1780168755,G1,237,112,ok,0
369,12.300,1780168755,G9,217,104,ok,0
369,12.300,1780168755,G13,130,102,ok,0
369,12.300,1780168755,G10,248,80,ok,0
369,12.300,1780168755,G7,196,58,ok,0
369,12.300,1780168755,D2,377,766,ok,1
369,12.300,1780168755,D10,270,877,ok,0
369,12.300,1780168755,D18,241,897,ok,0
369,12.300,1780168755,D7,0,881,ok,0
369,12.300,1780168755,D1,277,900,ok,0
369,12.300,1780168755,D6,-1,590,ok,0
369,12.300,1780168755,D11,0,590,ok,0
369,12.300,1780168755,G11,150,412,interpolated,1
369,12.300,1780168755,D4,59,538,interpolated,0
369,12.300,1780168755,G8,68,506,interpolated,1
369,12.300,1780168755,G29,-5,364,interpolated,0
369,12.300,1780168755,G33,98,79,interpolated,0
370,12.333,1780168755,G35,447,417,ok,1
370,12.333,1780168755,G34,70,515,merged,1
370,12.333,1780168755,G16,252,345,ok,1
370,12.333,1780168755,G6,173,98,ok,0
370,12.333,1780168755,G4,276,103,ok,0
370,12.333,1780168755,G1,237,112,ok,0
370,12.333,1780168755,G9,217,106,ok,0
370,12.333,1780168755,G11,146,425,ok,1
370,12.333,1780168755,G13,131,102,ok,0
370,12.333,1780168755,G10,248,79,ok,0
370,12.333,1780168755,G7,196,58,ok,0
370,12.333,1780168755,D2,376,765,ok,1
370,12.333,1780168755,D10,268,877,ok,0
370,12.333,1780168755,D18,241,897,ok,0
370,12.333,1780168755,D1,278,896,ok,0
370,12.333,1780168755,D7,0,881,ok,0
370,12.333,1780168755,D6,-1,590,ok,0
370,12.333,1780168755,D11,0,590,ok,0
370,12.333,1780168755,D4,59,538,interpolated,0
370,12.333,1780168755,G8,68,506,interpolated,1
370,12.333,1780168755,G29,-5,364,interpolated,0
370,12.333,1780168755,G33,98,79,interpolated,0
371,12.367,1780168755,G16,255,359,ok,1
371,12.367,1780168755,G35,448,424,ok,1
371,12.367,1780168755,G34,71,519,merged,1
371,12.367,1780168755,G6,173,98,ok,0
371,12.367,1780168755,G11,149,440,ok,1
371,12.367,1780168755,G4,276,103,ok,0
371,12.367,1780168755,G9,217,107,ok,0
371,12.367,1780168755,G1,237,112,ok,0
371,12.367,1780168755,G13,132,101,ok,0
371,12.367,1780168755,G10,248,80,ok,0
371,12.367,1780168755,D2,376,763,ok,1
371,12.367,1780168755,D18,241,897,ok,0
371,12.367,1780168755,D10,267,877,ok,0
371,12.367,1780168755,D1,279,899,ok,0
371,12.367,1780168755,D7,0,881,ok,0
371,12.367,1780168755,D6,0,589,ok,0
371,12.367,1780168755,D21,-14,616,ok,0
371,12.367,1780168755,D11,0,590,ok,0
371,12.367,1780168755,G7,196,58,interpolated,0
371,12.367,1780168755,D4,59,538,interpolated,0
371,12.367,1780168755,G8,68,506,interpolated,1
371,12.367,1780168755,G29,-5,364,interpolated,0
371,12.367,1780168755,G33,98,79,interpolated,0
372,12.400,1780168755,G35,448,428,ok,1
372,12.400,1780168755,G16,258,368,ok,1
372,12.400,1780168755,G11,143,448,ok,1
372,12.400,1780168755,G34,72,521,merged,0
372,12.400,1780168755,G6,173,98,ok,0
372,12.400,1780168755,G4,275,103,ok,0
372,12.400,1780168755,G1,236,112,ok,0
372,12.400,1780168755,G9,216,108,ok,0
372,12.400,1780168755,G13,133,101,ok,0
372,12.400,1780168755,G10,249,80,ok,0
372,12.400,1780168755,D2,375,763,ok,1
372,12.400,1780168755,D18,241,897,ok,0
372,12.400,1780168755,D10,264,877,ok,0
372,12.400,1780168755,D1,279,901,ok,0
372,12.400,1780168755,D7,0,881,ok,0
372,12.400,1780168755,D11,0,590,ok,0
372,12.400,1780168755,D6,0,589,ok,0
372,12.400,1780168755,D21,-14,616,ok,0
372,12.400,1780168755,G7,196,58,interpolated,0
372,12.400,1780168755,G8,68,506,interpolated,1
372,12.400,1780168755,G29,-5,364,interpolated,0
372,12.400,1780168755,G33,98,79,interpolated,0
373,12.433,1780168755,G16,258,368,ok,1
373,12.433,1780168755,G35,448,428,ok,1
373,12.433,1780168755,G11,143,448,ok,1
373,12.433,1780168755,G34,72,521,merged,0
373,12.433,1780168755,G6,173,98,ok,0
373,12.433,1780168755,G4,275,103,ok,0
373,12.433,1780168755,G1,236,112,ok,0
373,12.433,1780168755,G9,216,108,ok,0
373,12.433,1780168755,G13,133,101,ok,0
373,12.433,1780168755,G10,249,80,ok,0
373,12.433,1780168755,D2,375,763,ok,1
373,12.433,1780168755,D18,241,896,ok,0
373,12.433,1780168755,D10,264,878,ok,0
373,12.433,1780168755,D1,279,901,ok,0
373,12.433,1780168755,D7,0,881,ok,0
373,12.433,1780168755,D11,0,590,ok,0
373,12.433,1780168755,D6,0,589,ok,0
373,12.433,1780168755,D21,-14,616,ok,0
373,12.433,1780168755,G7,196,58,interpolated,0
373,12.433,1780168755,G8,68,506,interpolated,1
373,12.433,1780168755,G29,-5,364,interpolated,0
373,12.433,1780168755,G33,98,79,interpolated,0
374,12.467,1780168755,G16,261,375,ok,1
374,12.467,1780168755,G35,450,430,ok,1
374,12.467,1780168755,G34,71,521,merged,0
374,12.467,1780168755,G11,141,452,ok,1
374,12.467,1780168755,G6,173,98,ok,0
374,12.467,1780168755,G4,275,103,ok,0
374,12.467,1780168755,G1,237,112,ok,0
374,12.467,1780168755,G9,216,109,ok,0
374,12.467,1780168755,G13,136,100,ok,0
374,12.467,1780168755,G10,249,80,ok,0
374,12.467,1780168755,D2,375,763,ok,1
374,12.467,1780168755,D18,242,897,ok,0
374,12.467,1780168755,D10,261,876,ok,0
374,12.467,1780168755,D7,0,881,ok,0
374,12.467,1780168755,D1,280,900,ok,0
374,12.467,1780168755,D21,-14,616,ok,0
374,12.467,1780168755,D6,0,589,ok,0
374,12.467,1780168755,D11,0,590,ok,0
374,12.467,1780168755,G7,196,58,interpolated,0
374,12.467,1780168755,G8,68,506,interpolated,1
374,12.467,1780168755,G29,-5,364,interpolated,0
374,12.467,1780168755,G33,98,79,interpolated,0
375,12.500,1780168755,G34,72,521,merged,0
375,12.500,1780168755,G35,451,430,ok,1
375,12.500,1780168755,G16,265,378,ok,1
375,12.500,1780168755,G11,142,453,ok,1
375,12.500,1780168755,G6,173,98,ok,0
375,12.500,1780168755,G4,276,103,ok,0
375,12.500,1780168755,G1,236,113,ok,0
375,12.500,1780168755,G9,215,110,ok,0
375,12.500,1780168755,G13,140,101,ok,0
375,12.500,1780168755,G10,249,80,ok,0
375,12.500,1780168755,G8,520,509,ok,0
375,12.500,1780168755,D2,376,763,ok,1
375,12.500,1780168755,D18,242,897,ok,0
375,12.500,1780168755,D1,281,901,ok,0
375,12.500,1780168755,D10,260,876,ok,0
375,12.500,1780168755,D7,0,881,ok,0
375,12.500,1780168755,D11,-1,590,ok,0
375,12.500,1780168755,D21,-14,616,ok,0
375,12.500,1780168755,D6,0,589,ok,0
375,12.500,1780168755,G7,196,58,interpolated,0
375,12.500,1780168755,G29,-5,364,interpolated,0
375,12.500,1780168755,G33,98,79,interpolated,0
376,12.533,1780168755,G16,267,378,ok,1
376,12.533,1780168755,G34,72,524,merged,0
376,12.533,1780168755,G11,113,465,merged,1
376,12.533,1780168755,G35,453,430,ok,1
376,12.533,1780168755,G6,173,98,ok,0
376,12.533,1780168755,G1,236,113,ok,0
376,12.533,1780168755,G4,275,103,ok,0
376,12.533,1780168755,G9,216,110,ok,0
376,12.533,1780168755,G13,141,101,ok,0
376,12.533,1780168755,G10,249,80,ok,0
376,12.533,1780168755,G29,-6,364,ok,0
376,12.533,1780168755,D2,375,763,ok,1
376,12.533,1780168755,D18,242,896,ok,0
376,12.533,1780168755,D10,258,876,ok,0
376,12.533,1780168755,D7,0,881,ok,0
376,12.533,1780168755,D1,281,902,ok,0
376,12.533,1780168755,D23,82,478,ok,0
376,12.533,1780168755,D11,-1,590,ok,0
376,12.533,1780168755,D6,0,589,ok,0
376,12.533,1780168755,G7,196,58,interpolated,0
376,12.533,1780168755,G8,520,509,interpolated,0
376,12.533,1780168755,G33,98,79,interpolated,0
376,12.533,1780168755,D21,-14,616,interpolated,0
377,12.567,1780168755,G16,269,379,ok,1
377,12.567,1780168755,G34,72,526,merged,0
377,12.567,1780168755,G11,115,468,merged,1
377,12.567,1780168755,G35,453,433,ok,1
377,12.567,1780168755,G6,173,98,ok,0
377,12.567,1780168755,G4,274,103,ok,0
377,12.567,1780168755,G1,236,112,ok,0
377,12.567,1780168755,G9,216,111,ok,0
377,12.567,1780168755,G13,141,101,ok,0
377,12.567,1780168755,G10,249,80,ok,0
377,12.567,1780168755,G8,423,472,ok,1
377,12.567,1780168755,G33,87,497,merged,0
377,12.567,1780168755,G29,-6,364,ok,0
377,12.567,1780168755,D2,375,763,ok,1
377,12.567,1780168755,D10,255,876,ok,0
377,12.567,1780168755,D18,242,897,ok,0
377,12.567,1780168755,D1,282,903,ok,0
377,12.567,1780168755,D7,0,881,ok,0
377,12.567,1780168755,D11,-1,590,ok,0
377,12.567,1780168755,D6,0,588,ok,0
377,12.567,1780168755,G7,196,58,interpolated,0
377,12.567,1780168755,D21,-14,616,interpolated,0
377,12.567,1780168755,D23,82,478,interpolated,0
378,12.600,1780168755,G34,73,529,merged,0
378,12.600,1780168755,G35,452,442,ok,1
378,12.600,1780168755,G11,118,473,merged,1
378,12.600,1780168755,G16,272,380,ok,1
378,12.600,1780168755,G6,173,98,ok,0
378,12.600,1780168755,G4,276,103,ok,0
378,12.600,1780168755,G1,237,112,ok,0
378,12.600,1780168755,G9,214,111,ok,0
378,12.600,1780168755,G13,141,100,ok,0
378,12.600,1780168755,G10,248,81,ok,0
378,12.600,1780168755,G29,-6,364,ok,0
378,12.600,1780168755,G36,-12,348,ok,0
378,12.600,1780168755,G7,121,78,ok,0
378,12.600,1780168755,G37,-6,363,ok,0
378,12.600,1780168755,G8,521,505,ok,0
378,12.600,1780168755,D2,375,763,ok,1
378,12.600,1780168755,D18,241,897,ok,0
378,12.600,1780168755,D1,283,903,ok,0
378,12.600,1780168755,D10,254,877,ok,0
378,12.600,1780168755,D7,0,881,ok,0
378,12.600,1780168755,D11,-1,591,ok,0
378,12.600,1780168755,D6,0,589,ok,0
378,12.600,1780168755,G33,87,497,interpolated,0
378,12.600,1780168755,D21,-14,616,interpolated,0
378,12.600,1780168755,D23,82,478,interpolated,0
379,12.633,1780168755,G34,73,529,merged,0
379,12.633,1780168755,G35,452,442,ok,1
379,12.633,1780168755,G11,118,473,merged,1
379,12.633,1780168755,G16,272,380,ok,1
379,12.633,1780168755,G6,173,98,ok,0
379,12.633,1780168755,G4,276,103,ok,0
379,12.633,1780168755,G1,237,112,ok,0
379,12.633,1780168755,G9,214,111,ok,0
379,12.633,1780168755,G13,141,100,ok,0
379,12.633,1780168755,G36,-13,346,ok,0
379,12.633,1780168755,G10,248,81,ok,0
379,12.633,1780168755,G29,-6,364,ok,0
379,12.633,1780168755,G7,121,78,ok,0
379,12.633,1780168755,G37,-6,362,ok,0
379,12.633,1780168755,G8,521,505,ok,0
379,12.633,1780168755,D2,375,763,ok,1
379,12.633,1780168755,D18,241,897,ok,0
379,12.633,1780168755,D1,283,903,ok,0
379,12.633,1780168755,D10,254,877,ok,0
379,12.633,1780168755,D7,0,881,ok,0
379,12.633,1780168755,D11,-1,591,ok,0
379,12.633,1780168755,D6,0,589,ok,0
379,12.633,1780168755,G33,87,497,interpolated,0
379,12.633,1780168755,D21,-14,616,interpolated,0
379,12.633,1780168755,D23,82,478,interpolated,0
380,12.667,1780168755,G34,72,529,merged,0
380,12.667,1780168755,G16,274,392,ok,1
380,12.667,1780168755,G11,119,481,merged,1
380,12.667,1780168755,G35,450,454,ok,1
380,12.667,1780168755,G6,173,98,ok,0
380,12.667,1780168755,G4,275,103,ok,0
380,12.667,1780168755,G1,237,112,ok,0
380,12.667,1780168755,G9,214,111,ok,0
380,12.667,1780168755,G13,142,100,ok,0
380,12.667,1780168755,G10,248,81,ok,0
380,12.667,1780168755,G7,122,78,ok,0
380,12.667,1780168755,G36,-13,345,ok,0
380,12.667,1780168755,G29,-7,363,ok,0
380,12.667,1780168755,G8,521,505,ok,0
380,12.667,1780168755,D2,375,763,ok,1
380,12.667,1780168755,D10,253,876,ok,0
380,12.667,1780168755,D18,241,897,ok,0
380,12.667,1780168755,D1,283,903,ok,0
380,12.667,1780168755,D7,0,881,ok,0
380,12.667,1780168755,D11,-1,591,ok,0
380,12.667,1780168755,D6,0,590,ok,0
380,12.667,1780168755,G33,87,497,interpolated,0
380,12.667,1780168755,D21,-14,616,interpolated,0
380,12.667,1780168755,D23,82,478,interpolated,0
380,12.667,1780168755,G37,-6,362,interpolated,0
381,12.700,1780168755,G11,119,486,merged,1
381,12.700,1780168755,G16,276,407,ok,1
381,12.700,1780168755,G34,70,529,merged,0
381,12.700,1780168755,G6,173,98,ok,0
381,12.700,1780168755,G4,274,103,ok,0
381,12.700,1780168755,G1,236,113,ok,0
381,12.700,1780168755,G9,214,111,ok,0
381,12.700,1780168755,G35,449,462,ok,1
381,12.700,1780168755,G13,142,100,ok,0
381,12.700,1780168755,G10,248,81,ok,0
381,12.700,1780168755,G7,122,78,ok,0
381,12.700,1780168755,G36,-14,345,ok,0
381,12.700,1780168755,G29,-7,363,ok,0
381,12.700,1780168755,D2,374,763,ok,1
381,12.700,1780168755,D10,252,875,ok,0
381,12.700,1780168755,D1,283,902,ok,0
381,12.700,1780168755,D18,240,900,ok,0
381,12.700,1780168755,D7,0,881,ok,0
381,12.700,1780168755,D11,-1,591,ok,0
381,12.700,1780168755,D6,0,590,ok,0
381,12.700,1780168755,G8,521,505,interpolated,0
381,12.700,1780168755,G33,87,497,interpolated,0
381,12.700,1780168755,D21,-14,616,interpolated,0
381,12.700,1780168755,D23,82,478,interpolated,0
381,12.700,1780168755,G37,-6,362,interpolated,0
382,12.733,1780168755,G16,279,416,ok,1
382,12.733,1780168755,G35,450,466,ok,1
382,12.733,1780168755,G6,173,98,ok,0
382,12.733,1780168755,G4,272,102,ok,0
382,12.733,1780168755,G1,236,113,ok,0
382,12.733,1780168755,G11,120,488,merged,1
382,12.733,1780168755,G9,213,112,ok,0
382,12.733,1780168755,G34,71,529,merged,0
382,12.733,1780168755,G13,142,98,ok,0
382,12.733,1780168755,G10,248,80,ok,0
382,12.733,1780168755,G7,122,78,ok,0
382,12.733,1780168755,D2,374,763,ok,1
382,12.733,1780168755,D10,252,875,ok,0
382,12.733,1780168755,D1,284,902,ok,0
382,12.733,1780168755,D7,0,881,ok,0
382,12.733,1780168755,D18,240,902,ok,0
382,12.733,1780168755,D11,-1,591,ok,0
382,12.733,1780168755,D6,0,590,ok,0
382,12.733,1780168755,G8,521,505,interpolated,0
382,12.733,1780168755,G29,-7,363,interpolated,0
382,12.733,1780168755,G33,87,497,interpolated,0
382,12.733,1780168755,D21,-14,616,interpolated,0
382,12.733,1780168755,D23,82,478,interpolated,0
382,12.733,1780168755,G36,-14,345,interpolated,0
382,12.733,1780168755,G37,-6,362,interpolated,0
383,12.767,1780168755,G16,281,420,ok,1
383,12.767,1780168755,G6,173,98,ok,0
383,12.767,1780168755,G4,272,101,ok,0
383,12.767,1780168755,G1,236,113,ok,0
383,12.767,1780168755,G35,450,470,ok,1
383,12.767,1780168755,G9,213,112,ok,0
383,12.767,1780168755,G11,121,488,merged,1
383,12.767,1780168755,G7,122,78,ok,0
383,12.767,1780168755,G10,248,81,ok,0
383,12.767,1780168755,G29,-6,364,ok,0
383,12.767,1780168755,G36,-11,351,ok,0
383,12.767,1780168755,G8,521,504,ok,0
383,12.767,1780168755,G13,143,96,ok,0
383,12.767,1780168755,D4,57,537,ok,0
383,12.767,1780168755,D2,374,763,ok,1
383,12.767,1780168755,D10,250,876,ok,0
383,12.767,1780168755,D1,285,902,ok,0
383,12.767,1780168755,D7,0,881,ok,0
383,12.767,1780168755,D11,-1,591,ok,0
383,12.767,1780168755,D6,0,590,ok,0
383,12.767,1780168755,D18,240,902,interpolated,0
383,12.767,1780168755,G34,71,529,interpolated,0
383,12.767,1780168755,G33,87,497,interpolated,0
383,12.767,1780168755,D21,-14,616,interpolated,0
383,12.767,1780168755,D23,82,478,interpolated,0
383,12.767,1780168755,G37,-6,362,interpolated,0
384,12.800,1780168755,G16,283,424,ok,1
384,12.800,1780168755,G35,451,471,ok,1
384,12.800,1780168755,G6,173,98,ok,0
384,12.800,1780168755,G4,272,99,ok,0
384,12.800,1780168755,G1,236,113,ok,0
384,12.800,1780168755,G9,213,112,ok,0
384,12.800,1780168755,G7,122,78,ok,0
384,12.800,1780168755,G10,247,80,ok,0
384,12.800,1780168755,G29,-6,364,ok,0
384,12.800,1780168755,G36,-13,346,ok,0
384,12.800,1780168755,G8,521,505,ok,0
384,12.800,1780168755,D4,57,537,ok,0
384,12.800,1780168755,D22,93,486,ok,0
384,12.800,1780168755,D2,374,763,ok,1
384,12.800,1780168755,D10,248,878,ok,0
384,12.800,1780168755,D1,286,902,ok,0
384,12.800,1780168755,D7,0,881,ok,0
384,12.800,1780168755,D6,0,590,ok,0
384,12.800,1780168755,D21,-20,625,ok,0
384,12.800,1780168755,G11,121,488,interpolated,1
384,12.800,1780168755,G13,143,96,interpolated,0
384,12.800,1780168755,D18,240,902,interpolated,0
384,12.800,1780168755,D11,-1,591,interpolated,0
384,12.800,1780168755,G34,71,529,interpolated,0
384,12.800,1780168755,G33,87,497,interpolated,0
384,12.800,1780168755,D23,82,478,interpolated,0
384,12.800,1780168755,G37,-6,362,interpolated,0
385,12.833,1780168755,G16,283,424,ok,1
385,12.833,1780168755,G35,451,471,ok,1
385,12.833,1780168755,G6,173,98,ok,0
385,12.833,1780168755,G4,272,99,ok,0
385,12.833,1780168755,G1,236,113,ok,0
385,12.833,1780168755,G9,213,112,ok,0
385,12.833,1780168755,G7,122,78,ok,0
385,12.833,1780168755,G10,247,80,ok,0
385,12.833,1780168755,G29,-6,364,ok,0
385,12.833,1780168755,G36,-13,346,ok,0
385,12.833,1780168755,G8,521,505,ok,0
385,12.833,1780168755,D4,57,537,ok,0
385,12.833,1780168755,D22,93,486,ok,0
385,12.833,1780168755,D2,374,763,ok,1
385,12.833,1780168755,D10,248,878,ok,0
385,12.833,1780168755,D1,286,902,ok,0
385,12.833,1780168755,D7,0,882,ok,0
385,12.833,1780168755,D6,0,590,ok,0
385,12.833,1780168755,D21,-20,625,ok,0
385,12.833,1780168755,G11,121,488,interpolated,1
385,12.833,1780168755,G13,143,96,interpolated,0
385,12.833,1780168755,D18,240,902,interpolated,0
385,12.833,1780168755,D11,-1,591,interpolated,0
385,12.833,1780168755,G34,71,529,interpolated,0
385,12.833,1780168755,G33,87,497,interpolated,0
385,12.833,1780168755,D23,82,478,interpolated,0
385,12.833,1780168755,G37,-6,362,interpolated,0
386,12.867,1780168755,G16,284,425,ok,1
386,12.867,1780168755,G35,451,471,ok,1
386,12.867,1780168755,G6,173,98,ok,0
386,12.867,1780168755,G4,272,97,ok,0
386,12.867,1780168755,G9,213,112,ok,0
386,12.867,1780168755,G1,236,113,ok,0
386,12.867,1780168755,G10,247,80,ok,0
386,12.867,1780168755,G7,122,78,ok,0
386,12.867,1780168755,G13,144,96,ok,0
386,12.867,1780168755,G36,-13,346,ok,0
386,12.867,1780168755,G29,-6,364,ok,0
386,12.867,1780168755,G8,521,505,ok,0
386,12.867,1780168755,D4,57,537,ok,0
386,12.867,1780168755,D2,374,763,ok,1
386,12.867,1780168755,D10,246,878,ok,0
386,12.867,1780168755,D22,92,489,ok,0
386,12.867,1780168755,D7,0,882,ok,0
386,12.867,1780168755,D1,287,902,ok,0
386,12.867,1780168755,D6,0,590,ok,0
386,12.867,1780168755,D21,-20,625,ok,0
386,12.867,1780168755,G11,121,488,interpolated,1
386,12.867,1780168755,D18,240,902,interpolated,0
386,12.867,1780168755,D11,-1,591,interpolated,0
386,12.867,1780168755,G34,71,529,interpolated,0
386,12.867,1780168755,G33,87,497,interpolated,0
386,12.867,1780168755,D23,82,478,interpolated,0
386,12.867,1780168755,G37,-6,362,interpolated,0
387,12.900,1780168755,G16,286,425,ok,1
387,12.900,1780168755,G35,452,471,ok,1
387,12.900,1780168755,G6,173,98,ok,0
387,12.900,1780168755,G4,272,95,ok,0
387,12.900,1780168755,G9,213,112,ok,0
387,12.900,1780168755,G1,235,113,ok,0
387,12.900,1780168755,G7,122,78,ok,0
387,12.900,1780168755,G10,247,79,ok,0
387,12.900,1780168755,G13,144,95,ok,0
387,12.900,1780168755,G36,-13,346,ok,0
387,12.900,1780168755,G29,-7,363,ok,0
387,12.900,1780168755,G11,123,502,merged,0
387,12.900,1780168755,G8,521,505,ok,0
387,12.900,1780168755,D4,57,537,ok,0
387,12.900,1780168755,D2,374,763,ok,1
387,12.900,1780168755,D10,244,878,ok,0
387,12.900,1780168755,D7,0,882,ok,0
387,12.900,1780168755,D1,288,902,ok,0
387,12.900,1780168755,D6,0,590,ok,0
387,12.900,1780168755,D21,-21,627,ok,0
387,12.900,1780168755,D18,240,902,interpolated,0
387,12.900,1780168755,D11,-1,591,interpolated,0
387,12.900,1780168755,G34,71,529,interpolated,0
387,12.900,1780168755,G33,87,497,interpolated,0
387,12.900,1780168755,G37,-6,362,interpolated,0
387,12.900,1780168755,D22,92,489,interpolated,0
388,12.933,1780168755,G16,289,433,ok,1
388,12.933,1780168755,G35,451,477,ok,1
388,12.933,1780168755,G6,173,98,ok,0
388,12.933,1780168755,G4,272,93,ok,0
388,12.933,1780168755,G9,213,112,ok,0
388,12.933,1780168755,G1,235,113,ok,0
388,12.933,1780168755,G11,124,508,merged,1
388,12.933,1780168755,G34,161,520,ok,0
388,12.933,1780168755,G7,122,78,ok,0
388,12.933,1780168755,G10,247,79,ok,0
388,12.933,1780168755,G36,-12,349,ok,0
388,12.933,1780168755,G29,-7,363,ok,0
388,12.933,1780168755,D4,56,537,ok,0
388,12.933,1780168755,D2,374,763,ok,1
388,12.933,1780168755,D10,242,878,ok,0
388,12.933,1780168755,D7,0,882,ok,0
388,12.933,1780168755,D1,290,903,ok,0
388,12.933,1780168755,D11,0,589,ok,0
388,12.933,1780168755,D6,0,590,ok,0
388,12.933,1780168755,G13,144,95,interpolated,0
388,12.933,1780168755,G8,521,505,interpolated,0
388,12.933,1780168755,D18,240,902,interpolated,0
388,12.933,1780168755,D21,-21,627,interpolated,0
388,12.933,1780168755,G37,-6,362,interpolated,0
388,12.933,1780168755,D22,92,489,interpolated,0
389,12.967,1780168755,G16,291,447,ok,1
389,12.967,1780168755,G35,449,487,ok,1
389,12.967,1780168755,G6,173,98,ok,0
389,12.967,1780168755,G11,124,512,merged,1
389,12.967,1780168755,G4,272,92,ok,0
389,12.967,1780168755,G1,235,113,ok,0
389,12.967,1780168755,G9,213,113,ok,0
389,12.967,1780168755,G10,247,79,ok,0
389,12.967,1780168755,G7,122,78,ok,0
389,12.967,1780168755,G36,-12,349,ok,0
389,12.967,1780168755,D4,57,537,ok,0
389,12.967,1780168755,D2,374,763,ok,1
389,12.967,1780168755,D18,240,878,ok,0
389,12.967,1780168755,D7,0,882,ok,0
389,12.967,1780168755,D1,290,903,ok,0
389,12.967,1780168755,D23,86,520,ok,1
389,12.967,1780168755,D10,242,879,ok,0
389,12.967,1780168755,D6,0,590,ok,0
389,12.967,1780168755,G13,144,95,interpolated,0
389,12.967,1780168755,G8,521,505,interpolated,0
389,12.967,1780168755,D11,0,589,interpolated,0
389,12.967,1780168755,G29,-7,363,interpolated,0
389,12.967,1780168755,G34,161,520,interpolated,0
389,12.967,1780168755,D21,-21,627,interpolated,0
389,12.967,1780168755,G37,-6,362,interpolated,0
389,12.967,1780168755,D22,92,489,interpolated,0
390,13.000,1780168756,G16,294,458,ok,1
390,13.000,1780168756,G6,173,98,ok,0
390,13.000,1780168756,G11,123,518,merged,1
390,13.000,1780168756,G4,272,92,ok,0
390,13.000,1780168756,G1,234,114,ok,0
390,13.000,1780168756,G35,448,497,ok,1
390,13.000,1780168756,G9,211,112,ok,0
390,13.000,1780168756,G7,123,78,ok,0
390,13.000,1780168756,G10,247,78,ok,0
390,13.000,1780168756,G36,-12,348,ok,0
390,13.000,1780168756,G13,78,68,ok,0
390,13.000,1780168756,G29,-6,363,ok,0
390,13.000,1780168756,D4,57,537,ok,0
390,13.000,1780168756,D2,374,763,ok,1
390,13.000,1780168756,D18,239,878,ok,0
390,13.000,1780168756,D1,291,903,ok,0
390,13.000,1780168756,D7,0,882,ok,0
390,13.000,1780168756,D10,240,917,ok,0
390,13.000,1780168756,D6,0,590,ok,0
390,13.000,1780168756,G8,521,505,interpolated,0
390,13.000,1780168756,D11,0,589,interpolated,0
390,13.000,1780168756,G34,161,520,interpolated,0
390,13.000,1780168756,D21,-21,627,interpolated,0
390,13.000,1780168756,D22,92,489,interpolated,0
390,13.000,1780168756,D23,86,520,interpolated,1
391,13.033,1780168756,G16,294,458,ok,1
391,13.033,1780168756,G6,173,98,ok,0
391,13.033,1780168756,G11,123,518,merged,1
391,13.033,1780168756,G4,272,92,ok,0
391,13.033,1780168756,G1,234,114,ok,0
391,13.033,1780168756,G35,448,497,ok,1
391,13.033,1780168756,G9,211,112,ok,0
391,13.033,1780168756,G7,123,78,ok,0
391,13.033,1780168756,G10,247,78,ok,0
391,13.033,1780168756,G36,-12,348,ok,0
391,13.033,1780168756,G13,78,68,ok,0
391,13.033,1780168756,G29,-6,363,ok,0
391,13.033,1780168756,D4,57,537,ok,0
391,13.033,1780168756,D2,374,763,ok,1
391,13.033,1780168756,D18,239,878,ok,0
391,13.033,1780168756,D1,291,903,ok,0
391,13.033,1780168756,D7,0,882,ok,0
391,13.033,1780168756,D10,240,918,ok,0
391,13.033,1780168756,D6,0,590,ok,0
391,13.033,1780168756,G8,521,505,interpolated,0
391,13.033,1780168756,D11,0,589,interpolated,0
391,13.033,1780168756,G34,161,520,interpolated,0
391,13.033,1780168756,D21,-21,627,interpolated,0
391,13.033,1780168756,D22,92,489,interpolated,0
391,13.033,1780168756,D23,86,520,interpolated,1
392,13.067,1780168756,G16,297,465,ok,1
392,13.067,1780168756,G35,448,502,ok,0
392,13.067,1780168756,G6,173,98,ok,0
392,13.067,1780168756,G1,233,114,ok,0
392,13.067,1780168756,G4,272,92,ok,0
392,13.067,1780168756,G9,212,113,ok,0
392,13.067,1780168756,G7,122,78,ok,0
392,13.067,1780168756,G10,246,78,ok,0
392,13.067,1780168756,G34,128,520,merged,1
392,13.067,1780168756,G13,80,69,ok,0
392,13.067,1780168756,G36,-12,349,ok,0
392,13.067,1780168756,D4,57,537,ok,0
392,13.067,1780168756,D2,374,763,ok,1
392,13.067,1780168756,D18,237,878,ok,0
392,13.067,1780168756,D1,292,903,ok,0
392,13.067,1780168756,D7,0,881,ok,0
392,13.067,1780168756,D10,241,914,ok,0
392,13.067,1780168756,D6,0,590,ok,0
392,13.067,1780168756,G11,123,518,interpolated,1
392,13.067,1780168756,G8,521,505,interpolated,0
392,13.067,1780168756,D11,0,589,interpolated,0
392,13.067,1780168756,G29,-6,363,interpolated,0
392,13.067,1780168756,D21,-21,627,interpolated,0
392,13.067,1780168756,D22,92,489,interpolated,0
392,13.067,1780168756,D23,86,520,interpolated,1
393,13.100,1780168756,G16,300,470,ok,1
393,13.100,1780168756,G6,173,98,ok,0
393,13.100,1780168756,G35,449,503,ok,0
393,13.100,1780168756,G1,233,113,ok,0
393,13.100,1780168756,G4,272,91,ok,0
393,13.100,1780168756,G9,210,114,ok,0
393,13.100,1780168756,G7,123,78,ok,0
393,13.100,1780168756,G10,246,78,ok,0
393,13.100,1780168756,G36,-11,350,ok,0
393,13.100,1780168756,G29,-7,363,ok,0
393,13.100,1780168756,G8,521,504,ok,0
393,13.100,1780168756,D4,57,537,ok,0
393,13.100,1780168756,D2,374,763,ok,1
393,13.100,1780168756,D23,90,520,ok,1
393,13.100,1780168756,D18,234,878,ok,0
393,13.100,1780168756,D1,293,903,ok,0
393,13.100,1780168756,D7,0,881,ok,0
393,13.100,1780168756,D10,242,905,ok,0
393,13.100,1780168756,D6,0,590,ok,0
393,13.100,1780168756,D21,-20,625,ok,0
393,13.100,1780168756,G11,123,518,interpolated,1
393,13.100,1780168756,G13,80,69,interpolated,0
393,13.100,1780168756,D11,0,589,interpolated,0
393,13.100,1780168756,G34,128,520,interpolated,1
393,13.100,1780168756,D22,92,489,interpolated,0
394,13.133,1780168756,G16,304,471,ok,1
394,13.133,1780168756,G6,173,98,ok,0
394,13.133,1780168756,G1,232,114,ok,0
394,13.133,1780168756,G35,450,503,ok,0
394,13.133,1780168756,G4,272,91,ok,0
394,13.133,1780168756,G9,210,114,ok,0
394,13.133,1780168756,G7,123,78,ok,0
394,13.133,1780168756,G10,246,80,ok,0
394,13.133,1780168756,G29,-7,363,ok,0
394,13.133,1780168756,G36,-12,349,ok,0
394,13.133,1780168756,G8,521,505,ok,0
394,13.133,1780168756,D4,57,537,ok,0
394,13.133,1780168756,D23,91,522,ok,1
394,13.133,1780168756,D2,374,763,ok,1
394,13.133,1780168756,D18,233,879,ok,0
394,13.133,1780168756,D1,294,902,ok,0
394,13.133,1780168756,D7,0,881,ok,0
394,13.133,1780168756,D10,242,902,ok,0
394,13.133,1780168756,D6,-15,617,ok,0
394,13.133,1780168756,D21,-18,621,ok,0
394,13.133,1780168756,G11,123,518,interpolated,1
394,13.133,1780168756,G13,80,69,interpolated,0
394,13.133,1780168756,D11,0,589,interpolated,0
394,13.133,1780168756,G34,128,520,interpolated,1
394,13.133,1780168756,D22,92,489,interpolated,0
395,13.167,1780168756,G16,306,471,ok,1
395,13.167,1780168756,G6,173,98,ok,0
395,13.167,1780168756,G1,232,114,ok,0
395,13.167,1780168756,G4,271,92,ok,0
395,13.167,1780168756,G9,209,113,ok,0
395,13.167,1780168756,G7,123,78,ok,0
395,13.167,1780168756,G35,452,504,ok,0
395,13.167,1780168756,G36,-12,349,ok,0
395,13.167,1780168756,G10,246,80,ok,0
395,13.167,1780168756,G29,-7,363,ok,0
395,13.167,1780168756,G8,521,505,ok,0
395,13.167,1780168756,D4,57,537,ok,0
395,13.167,1780168756,D23,93,525,ok,1
395,13.167,1780168756,D18,232,879,ok,0
395,13.167,1780168756,D2,374,763,ok,1
395,13.167,1780168756,D1,295,902,ok,0
395,13.167,1780168756,D22,156,480,ok,0
395,13.167,1780168756,D7,0,881,ok,0
395,13.167,1780168756,D10,242,900,ok,0
395,13.167,1780168756,D21,-20,624,ok,0
395,13.167,1780168756,G11,123,518,interpolated,1
395,13.167,1780168756,G13,80,69,interpolated,0
395,13.167,1780168756,D6,-15,617,interpolated,0
395,13.167,1780168756,D11,0,589,interpolated,0
395,13.167,1780168756,G34,128,520,interpolated,1
396,13.200,1780168756,G6,173,98,ok,0
396,13.200,1780168756,G16,308,474,ok,1
396,13.200,1780168756,G1,232,113,ok,0
396,13.200,1780168756,G35,451,506,ok,0
396,13.200,1780168756,G9,209,114,ok,0
396,13.200,1780168756,G4,271,92,ok,0
396,13.200,1780168756,G7,124,78,ok,0
396,13.200,1780168756,G29,-6,363,ok,0
396,13.200,1780168756,G10,246,80,ok,0
396,13.200,1780168756,G36,-16,340,ok,0
396,13.200,1780168756,G13,81,69,ok,0
396,13.200,1780168756,G11,152,94,ok,0
396,13.200,1780168756,G8,520,508,ok,0
396,13.200,1780168756,D4,57,537,ok,0
396,13.200,1780168756,D23,94,529,ok,1
396,13.200,1780168756,D22,160,480,ok,0
396,13.200,1780168756,D2,374,763,ok,1
396,13.200,1780168756,D18,232,878,ok,0
396,13.200,1780168756,D1,296,900,ok,0
396,13.200,1780168756,D10,242,900,ok,0
396,13.200,1780168756,D7,0,881,ok,0
396,13.200,1780168756,D24,-1,591,ok,0
396,13.200,1780168756,D11,0,589,ok,0
396,13.200,1780168756,D6,-16,617,ok,0
396,13.200,1780168756,D21,-18,621,ok,0
396,13.200,1780168756,G34,128,520,interpolated,1
397,13.233,1780168756,G6,173,98,ok,0
397,13.233,1780168756,G1,232,113,ok,0
397,13.233,1780168756,G16,308,474,ok,1
397,13.233,1780168756,G35,451,506,ok,0
397,13.233,1780168756,G4,271,92,ok,0
397,13.233,1780168756,G9,209,114,ok,0
397,13.233,1780168756,G7,124,78,ok,0
397,13.233,1780168756,G29,-6,363,ok,0
397,13.233,1780168756,G36,-13,347,ok,0
397,13.233,1780168756,G10,246,80,ok,0
397,13.233,1780168756,G13,81,69,ok,0
397,13.233,1780168756,G8,520,509,ok,0
397,13.233,1780168756,G11,152,94,ok,0
397,13.233,1780168756,D4,57,537,ok,0
397,13.233,1780168756,D23,94,529,ok,1
397,13.233,1780168756,D22,160,480,ok,0
397,13.233,1780168756,D2,374,763,ok,1
397,13.233,1780168756,D18,232,878,ok,0
397,13.233,1780168756,D1,296,900,ok,0
397,13.233,1780168756,D10,242,900,ok,0
397,13.233,1780168756,D7,0,881,ok,0
397,13.233,1780168756,D24,-1,591,ok,0
397,13.233,1780168756,D11,0,589,ok,0
397,13.233,1780168756,D6,-16,617,ok,0
397,13.233,1780168756,G34,128,520,interpolated,1
397,13.233,1780168756,D21,-18,621,interpolated,0
398,13.267,1780168756,G6,173,98,ok,0
398,13.267,1780168756,G1,231,114,ok,0
398,13.267,1780168756,G9,208,115,ok,0
398,13.267,1780168756,G35,451,511,ok,0
398,13.267,1780168756,G16,309,481,ok,1
398,13.267,1780168756,G4,271,92,ok,0
398,13.267,1780168756,G7,124,77,ok,0
398,13.267,1780168756,G38,431,518,ok,0
398,13.267,1780168756,G29,-6,363,ok,0
398,13.267,1780168756,G10,246,80,ok,0
398,13.267,1780168756,G36,-15,342,ok,0
398,13.267,1780168756,G11,153,94,ok,0
398,13.267,1780168756,G8,520,508,ok,0
398,13.267,1780168756,G34,-7,364,ok,0
398,13.267,1780168756,G39,522,504,ok,0
398,13.267,1780168756,D4,57,537,ok,0
398,13.267,1780168756,D23,95,534,ok,1
398,13.267,1780168756,D22,162,480,ok,0
398,13.267,1780168756,D2,374,763,ok,1
398,13.267,1780168756,D18,231,878,ok,0
398,13.267,1780168756,D1,296,900,ok,0
398,13.267,1780168756,D10,242,897,ok,0
398,13.267,1780168756,D7,0,881,ok,0
398,13.267,1780168756,D24,-1,591,ok,0
398,13.267,1780168756,D11,0,589,ok,0
398,13.267,1780168756,D21,-18,621,ok,0
398,13.267,1780168756,G13,81,69,interpolated,0
398,13.267,1780168756,D6,-16,617,interpolated,0
399,13.300,1780168756,G16,311,489,ok,1
399,13.300,1780168756,G6,173,98,ok,0
399,13.300,1780168756,G1,231,114,ok,0
399,13.300,1780168756,G9,208,114,ok,0
399,13.300,1780168756,G35,450,517,ok,0
399,13.300,1780168756,G7,125,77,ok,0
399,13.300,1780168756,G4,271,92,ok,0
399,13.300,1780168756,G10,245,80,ok,0
399,13.300,1780168756,G11,154,94,ok,0
399,13.300,1780168756,G29,-7,360,ok,0
399,13.300,1780168756,G34,-8,363,ok,0
399,13.300,1780168756,G36,-14,344,ok,0
399,13.300,1780168756,G8,521,508,ok,0
399,13.300,1780168756,G39,522,504,ok,0
399,13.300,1780168756,D4,58,537,ok,0
399,13.300,1780168756,D23,96,540,ok,1
399,13.300,1780168756,D22,163,480,ok,0
399,13.300,1780168756,D2,374,763,ok,1
399,13.300,1780168756,D18,231,879,ok,0
399,13.300,1780168756,D1,296,900,ok,0
399,13.300,1780168756,D10,242,897,ok,0
399,13.300,1780168756,D7,0,881,ok,0
399,13.300,1780168756,D24,-1,591,ok,0
399,13.300,1780168756,D11,0,589,ok,0
399,13.300,1780168756,D21,-19,622,ok,0
399,13.300,1780168756,G13,81,69,interpolated,0
399,13.300,1780168756,D6,-16,617,interpolated,0
399,13.300,1780168756,G38,431,518,interpolated,0
400,13.333,1780168756,G16,312,501,ok,1
400,13.333,1780168756,G6,173,98,ok,0
400,13.333,1780168756,G9,207,114,ok,0
400,13.333,1780168756,G1,231,114,ok,0
400,13.333,1780168756,G4,271,89,ok,0
400,13.333,1780168756,G7,125,77,ok,0
400,13.333,1780168756,G10,245,81,ok,0
400,13.333,1780168756,G29,-7,360,ok,0
400,13.333,1780168756,G34,-8,363,ok,0
400,13.333,1780168756,G36,-14,344,ok,0
400,13.333,1780168756,G11,154,94,ok,0
400,13.333,1780168756,G8,520,509,ok,0
400,13.333,1780168756,G39,522,504,ok,0
400,13.333,1780168756,D4,58,537,ok,0
400,13.333,1780168756,D22,165,483,ok,0
400,13.333,1780168756,D23,94,547,ok,1
400,13.333,1780168756,D2,374,763,ok,1
400,13.333,1780168756,D18,229,880,ok,0
400,13.333,1780168756,D1,296,900,ok,0
400,13.333,1780168756,D10,242,897,ok,0
400,13.333,1780168756,D7,0,881,ok,0
400,13.333,1780168756,D11,0,589,ok,0
400,13.333,1780168756,D24,0,589,ok,0
400,13.333,1780168756,D6,-16,618,ok,0
400,13.333,1780168756,D21,-18,621,ok,0
400,13.333,1780168756,G13,81,69,interpolated,0
400,13.333,1780168756,G35,450,517,interpolated,0
400,13.333,1780168756,G38,431,518,interpolated,0
401,13.367,1780168756,G16,314,509,ok,0
401,13.367,1780168756,G6,173,98,ok,0
401,13.367,1780168756,G9,207,114,ok,0
401,13.367,1780168756,G1,231,114,ok,0
401,13.367,1780168756,G4,272,89,ok,0
401,13.367,1780168756,G7,126,77,ok,0
401,13.367,1780168756,G10,245,82,ok,0
401,13.367,1780168756,G11,154,94,ok,0
401,13.367,1780168756,G34,-8,363,ok,0
401,13.367,1780168756,G29,-10,353,ok,0
401,13.367,1780168756,G8,489,497,merged,0
401,13.367,1780168756,G39,522,504,ok,0
401,13.367,1780168756,D4,58,537,ok,0
401,13.367,1780168756,D23,94,554,ok,1
401,13.367,1780168756,D22,166,487,ok,0
401,13.367,1780168756,D2,374,763,ok,1
401,13.367,1780168756,D18,228,879,ok,0
401,13.367,1780168756,D10,242,897,ok,0
401,13.367,1780168756,D1,297,900,ok,0
401,13.367,1780168756,D7,0,881,ok,0
401,13.367,1780168756,D11,0,590,ok,0
401,13.367,1780168756,D24,-1,590,ok,0
401,13.367,1780168756,D21,-18,621,ok,0
401,13.367,1780168756,D6,-16,618,ok,0
401,13.367,1780168756,G13,81,69,interpolated,0
401,13.367,1780168756,G35,450,517,interpolated,0
401,13.367,1780168756,G36,-14,344,interpolated,0
401,13.367,1780168756,G38,431,518,interpolated,0
402,13.400,1780168756,G16,315,517,ok,0
402,13.400,1780168756,G6,173,98,ok,0
402,13.400,1780168756,G9,207,116,ok,0
402,13.400,1780168756,G1,231,114,ok,0
402,13.400,1780168756,G7,126,78,ok,0
402,13.400,1780168756,G4,272,89,ok,0
402,13.400,1780168756,G10,244,82,ok,0
402,13.400,1780168756,G11,154,93,ok,0
402,13.400,1780168756,G34,-7,364,ok,0
402,13.400,1780168756,G8,488,497,merged,0
402,13.400,1780168756,G39,485,494,merged,0
402,13.400,1780168756,G29,-10,352,ok,0
402,13.400,1780168756,D4,58,537,ok,0
402,13.400,1780168756,D23,95,556,ok,1
402,13.400,1780168756,D2,374,763,ok,1
402,13.400,1780168756,D10,242,897,ok,0
402,13.400,1780168756,D22,168,488,ok,0
402,13.400,1780168756,D18,226,881,ok,0
402,13.400,1780168756,D1,297,900,ok,0
402,13.400,1780168756,D7,0,881,ok,0
402,13.400,1780168756,D11,0,590,ok,0
402,13.400,1780168756,D24,-1,590,ok,0
402,13.400,1780168756,D21,-19,622,ok,0
402,13.400,1780168756,G13,81,69,interpolated,0
402,13.400,1780168756,D6,-16,618,interpolated,0
402,13.400,1780168756,G35,450,517,interpolated,0
402,13.400,1780168756,G36,-14,344,interpolated,0
402,13.400,1780168756,G38,431,518,interpolated,0
403,13.433,1780168756,G16,315,517,ok,0
403,13.433,1780168756,G6,173,98,ok,0
403,13.433,1780168756,G9,207,116,ok,0
403,13.433,1780168756,G1,231,114,ok,0
403,13.433,1780168756,G7,126,78,ok,0
403,13.433,1780168756,G4,272,89,ok,0
403,13.433,1780168756,G10,244,82,ok,0
403,13.433,1780168756,G11,154,93,ok,0
403,13.433,1780168756,G34,-7,364,ok,0
403,13.433,1780168756,G8,488,497,merged,0
403,13.433,1780168756,G39,485,494,merged,0
403,13.433,1780168756,G29,-10,352,ok,0
403,13.433,1780168756,D4,58,537,ok,0
403,13.433,1780168756,D23,95,556,ok,1
403,13.433,1780168756,D2,374,763,ok,1
403,13.433,1780168756,D22,168,488,ok,0
403,13.433,1780168756,D10,242,897,ok,0
403,13.433,1780168756,D18,226,881,ok,0
403,13.433,1780168756,D1,297,900,ok,0
403,13.433,1780168756,D7,0,881,ok,0
403,13.433,1780168756,D11,0,590,ok,0
403,13.433,1780168756,D24,-1,590,ok,0
403,13.433,1780168756,D21,-19,622,ok,0
403,13.433,1780168756,G13,81,69,interpolated,0
403,13.433,1780168756,D6,-16,618,interpolated,0
403,13.433,1780168756,G35,450,517,interpolated,0
403,13.433,1780168756,G36,-14,344,interpolated,0
403,13.433,1780168756,G38,431,518,interpolated,0
404,13.467,1780168756,G16,317,517,ok,0
404,13.467,1780168756,G6,173,98,ok,0
404,13.467,1780168756,G1,230,114,ok,0
404,13.467,1780168756,G9,207,114,ok,0
404,13.467,1780168756,G4,272,89,ok,0
404,13.467,1780168756,G7,126,77,ok,0
404,13.467,1780168756,G10,244,84,ok,0
404,13.467,1780168756,G34,-7,364,ok,0
404,13.467,1780168756,G11,155,94,ok,0
404,13.467,1780168756,G29,-6,361,ok,0
404,13.467,1780168756,G8,487,496,merged,0
404,13.467,1780168756,G36,-13,345,ok,0
404,13.467,1780168756,G39,484,494,merged,0
404,13.467,1780168756,D4,58,537,ok,0
404,13.467,1780168756,D23,95,557,ok,1
404,13.467,1780168756,D22,169,491,ok,0
404,13.467,1780168756,D2,374,763,ok,1
404,13.467,1780168756,D10,242,897,ok,0
404,13.467,1780168756,D1,298,900,ok,0
404,13.467,1780168756,D7,0,882,ok,0
404,13.467,1780168756,D18,224,880,ok,0
404,13.467,1780168756,D11,0,590,ok,0
404,13.467,1780168756,D24,-1,590,ok,0
404,13.467,1780168756,D21,-18,621,ok,0
404,13.467,1780168756,G13,81,69,interpolated,0
404,13.467,1780168756,D6,-16,618,interpolated,0
404,13.467,1780168756,G35,450,517,interpolated,0
404,13.467,1780168756,G38,431,518,interpolated,0
405,13.500,1780168756,G16,319,517,ok,0
405,13.500,1780168756,G6,173,98,ok,0
405,13.500,1780168756,G1,230,114,ok,0
405,13.500,1780168756,G9,207,114,ok,0
405,13.500,1780168756,G4,272,87,ok,0
405,13.500,1780168756,G10,244,86,ok,0
405,13.500,1780168756,G7,127,77,ok,0
405,13.500,1780168756,G11,155,93,ok,0
405,13.500,1780168756,G34,-7,364,ok,0
405,13.500,1780168756,G29,-6,362,ok,0
405,13.500,1780168756,G36,-13,347,ok,0
405,13.500,1780168756,G8,487,496,merged,0
405,13.500,1780168756,G39,522,504,ok,0
405,13.500,1780168756,D4,59,537,ok,0
405,13.500,1780168756,D23,94,563,ok,1
405,13.500,1780168756,D22,172,494,ok,0
405,13.500,1780168756,D2,375,763,ok,1
405,13.500,1780168756,D10,242,897,ok,0
405,13.500,1780168756,D1,299,899,ok,0
405,13.500,1780168756,D7,0,881,ok,0
405,13.500,1780168756,D18,222,880,ok,0
405,13.500,1780168756,D11,0,590,ok,0
405,13.500,1780168756,D24,-1,590,ok,0
405,13.500,1780168756,D21,-18,621,ok,0
405,13.500,1780168756,D6,-16,617,ok,0
405,13.500,1780168756,G13,81,69,interpolated,0
405,13.500,1780168756,G35,450,517,interpolated,0
405,13.500,1780168756,G38,431,518,interpolated,0
406,13.533,1780168756,G16,321,519,ok,0
406,13.533,1780168756,G6,173,98,ok,0
406,13.533,1780168756,G1,230,114,ok,0
406,13.533,1780168756,G9,207,117,ok,0
406,13.533,1780168756,G4,272,86,ok,0
406,13.533,1780168756,G10,244,88,ok,0
406,13.533,1780168756,G7,127,77,ok,0
406,13.533,1780168756,G34,-7,364,ok,0
406,13.533,1780168756,G11,155,93,ok,0
406,13.533,1780168756,G29,-6,361,ok,0
406,13.533,1780168756,G36,-13,345,ok,0
406,13.533,1780168756,G13,98,81,ok,0
406,13.533,1780168756,D4,59,537,ok,0
406,13.533,1780168756,D23,98,563,ok,1
406,13.533,1780168756,D22,174,499,ok,1
406,13.533,1780168756,D2,376,763,ok,1
406,13.533,1780168756,D25,450,485,ok,0
406,13.533,1780168756,D1,300,899,ok,0
406,13.533,1780168756,D10,241,897,ok,0
406,13.533,1780168756,D7,0,881,ok,0
406,13.533,1780168756,D18,219,880,ok,0
406,13.533,1780168756,D24,-1,591,ok,0
406,13.533,1780168756,D6,-16,617,ok,0
406,13.533,1780168756,D21,-18,620,ok,0
406,13.533,1780168756,D11,0,590,ok,0
406,13.533,1780168756,G8,487,496,interpolated,0
406,13.533,1780168756,G35,450,517,interpolated,0
406,13.533,1780168756,G38,431,518,interpolated,0
406,13.533,1780168756,G39,522,504,interpolated,0
407,13.567,1780168756,G6,173,98,ok,0
407,13.567,1780168756,G16,323,519,ok,0
407,13.567,1780168756,G1,229,113,ok,0
407,13.567,1780168756,G9,207,117,ok,0
407,13.567,1780168756,G4,272,86,ok,0
407,13.567,1780168756,G10,243,89,ok,0
407,13.567,1780168756,G7,128,77,ok,0
407,13.567,1780168756,G34,-6,364,ok,0
407,13.567,1780168756,G11,156,92,ok,0
407,13.567,1780168756,G29,-6,362,ok,0
407,13.567,1780168756,D4,59,537,ok,0
407,13.567,1780168756,D23,99,567,ok,1
407,13.567,1780168756,D2,376,763,ok,1
407,13.567,1780168756,D22,175,505,ok,1
407,13.567,1780168756,D25,449,485,ok,0
407,13.567,1780168756,D1,300,898,ok,0
407,13.567,1780168756,D10,241,897,ok,0
407,13.567,1780168756,D18,218,880,ok,0
407,13.567,1780168756,D7,0,881,ok,0
407,13.567,1780168756,D24,-1,591,ok,0
407,13.567,1780168756,D27,-1,591,ok,0
407,13.567,1780168756,D6,-16,617,ok,0
407,13.567,1780168756,D11,0,590,ok,0
407,13.567,1780168756,D21,-18,620,ok,0
407,13.567,1780168756,G13,98,81,interpolated,0
407,13.567,1780168756,G8,487,496,interpolated,0
407,13.567,1780168756,G35,450,517,interpolated,0
407,13.567,1780168756,G36,-13,345,interpolated,0
407,13.567,1780168756,G38,431,518,interpolated,0
407,13.567,1780168756,G39,522,504,interpolated,0
408,13.600,1780168756,G6,173,98,ok,0
408,13.600,1780168756,G1,229,114,ok,0
408,13.600,1780168756,G9,206,116,ok,0
408,13.600,1780168756,G4,272,85,ok,0
408,13.600,1780168756,G10,243,89,ok,0
408,13.600,1780168756,G16,325,518,ok,0
408,13.600,1780168756,G7,129,77,ok,0
408,13.600,1780168756,G34,-6,364,ok,0
408,13.600,1780168756,D4,59,538,ok,0
408,13.600,1780168756,D22,178,513,ok,1
408,13.600,1780168756,D23,99,573,ok,1
408,13.600,1780168756,D2,376,763,ok,1
408,13.600,1780168756,D25,448,486,ok,0
408,13.600,1780168756,D1,300,894,ok,0
408,13.600,1780168756,D18,216,880,ok,0
408,13.600,1780168756,D10,242,897,ok,0
408,13.600,1780168756,D7,0,881,ok,0
408,13.600,1780168756,D24,-1,591,ok,0
408,13.600,1780168756,D27,-1,591,ok,0
408,13.600,1780168756,D6,-15,617,ok,0
408,13.600,1780168756,D11,0,590,ok,0
408,13.600,1780168756,D21,-18,620,ok,0
408,13.600,1780168756,G11,156,92,interpolated,0
408,13.600,1780168756,G13,98,81,interpolated,0
408,13.600,1780168756,G8,487,496,interpolated,0
408,13.600,1780168756,G29,-6,362,interpolated,0
408,13.600,1780168756,G35,450,517,interpolated,0
408,13.600,1780168756,G36,-13,345,interpolated,0
408,13.600,1780168756,G38,431,518,interpolated,0
408,13.600,1780168756,G39,522,504,interpolated,0
409,13.633,1780168756,G6,173,98,ok,0
409,13.633,1780168756,G1,229,114,ok,0
409,13.633,1780168756,G9,206,116,ok,0
409,13.633,1780168756,G4,272,85,ok,0
409,13.633,1780168756,G10,243,89,ok,0
409,13.633,1780168756,G16,325,518,ok,0
409,13.633,1780168756,G7,129,77,ok,0
409,13.633,1780168756,G34,-6,364,ok,0
409,13.633,1780168756,D4,59,538,ok,0
409,13.633,1780168756,D22,177,513,ok,1
409,13.633,1780168756,D23,99,573,ok,1
409,13.633,1780168756,D2,376,763,ok,1
409,13.633,1780168756,D25,448,486,ok,0
409,13.633,1780168756,D1,300,894,ok,0
409,13.633,1780168756,D18,216,880,ok,0
409,13.633,1780168756,D10,242,897,ok,0
409,13.633,1780168756,D7,0,881,ok,0
409,13.633,1780168756,D24,-1,591,ok,0
409,13.633,1780168756,D27,-1,591,ok,0
409,13.633,1780168756,D6,-16,617,ok,0
409,13.633,1780168756,D11,0,590,ok,0
409,13.633,1780168756,D21,-17,618,ok,0
409,13.633,1780168756,G11,156,92,interpolated,0
409,13.633,1780168756,G13,98,81,interpolated,0
409,13.633,1780168756,G8,487,496,interpolated,0
409,13.633,1780168756,G29,-6,362,interpolated,0
409,13.633,1780168756,G35,450,517,interpolated,0
409,13.633,1780168756,G36,-13,345,interpolated,0
409,13.633,1780168756,G39,522,504,interpolated,0
410,13.667,1780168756,G6,173,98,ok,0
410,13.667,1780168756,G1,229,113,ok,0
410,13.667,1780168756,G9,205,118,ok,0
410,13.667,1780168756,G4,272,85,ok,0
410,13.667,1780168756,G10,243,89,ok,0
410,13.667,1780168756,G7,129,77,ok,0
410,13.667,1780168756,G11,156,86,ok,0
410,13.667,1780168756,D4,58,539,ok,0
410,13.667,1780168756,D22,178,522,ok,1
410,13.667,1780168756,D23,97,582,ok,1
410,13.667,1780168756,D2,376,763,ok,1
410,13.667,1780168756,D25,447,490,ok,0
410,13.667,1780168756,D1,300,894,ok,0
410,13.667,1780168756,D18,215,880,ok,0
410,13.667,1780168756,D10,241,897,ok,0
410,13.667,1780168756,D7,0,881,ok,0
410,13.667,1780168756,D24,-1,591,ok,0
410,13.667,1780168756,D27,-1,591,ok,0
410,13.667,1780168756,D6,-16,617,ok,0
410,13.667,1780168756,D11,0,590,ok,0
410,13.667,1780168756,D21,-17,618,ok,0
410,13.667,1780168756,G13,98,81,interpolated,0
410,13.667,1780168756,G16,325,518,interpolated,0
410,13.667,1780168756,G8,487,496,interpolated,0
410,13.667,1780168756,G29,-6,362,interpolated,0
410,13.667,1780168756,G34,-6,364,interpolated,0
410,13.667,1780168756,G36,-13,345,interpolated,0
410,13.667,1780168756,G39,522,504,interpolated,0
411,13.700,1780168756,G6,173,98,ok,0
411,13.700,1780168756,G1,228,113,ok,0
411,13.700,1780168756,G9,205,118,ok,0
411,13.700,1780168756,G4,271,85,ok,0
411,13.700,1780168756,G10,242,89,ok,0
411,13.700,1780168756,G7,129,77,ok,0
411,13.700,1780168756,G11,157,83,ok,0
411,13.700,1780168756,G13,208,89,ok,0
411,13.700,1780168756,G34,-6,364,ok,0
411,13.700,1780168756,D4,57,541,ok,0
411,13.700,1780168756,D2,376,763,ok,1
411,13.700,1780168756,D22,181,531,ok,1
411,13.700,1780168756,D25,448,495,ok,0
411,13.700,1780168756,D23,96,590,ok,1
411,13.700,1780168756,D1,300,895,ok,0
411,13.700,1780168756,D18,214,880,ok,0
411,13.700,1780168756,D10,241,897,ok,0
411,13.700,1780168756,D7,0,881,ok,0
411,13.700,1780168756,D24,-1,591,ok,0
411,13.700,1780168756,D26,281,902,ok,0
411,13.700,1780168756,D6,-16,617,ok,0
411,13.700,1780168756,D21,-18,620,ok,0
411,13.700,1780168756,D11,0,590,ok,0
411,13.700,1780168756,G16,325,518,interpolated,0
411,13.700,1780168756,G8,487,496,interpolated,0
411,13.700,1780168756,G29,-6,362,interpolated,0
411,13.700,1780168756,G36,-13,345,interpolated,0
411,13.700,1780168756,G39,522,504,interpolated,0
411,13.700,1780168756,D27,-1,591,interpolated,0
412,13.733,1780168756,G6,173,98,ok,0
412,13.733,1780168756,G9,205,118,ok,0
412,13.733,1780168756,G1,227,113,ok,0
412,13.733,1780168756,G4,271,85,ok,0
412,13.733,1780168756,G10,242,89,ok,0
412,13.733,1780168756,G7,129,77,ok,0
412,13.733,1780168756,G11,158,85,ok,0
412,13.733,1780168756,G36,97,80,ok,0
412,13.733,1780168756,G13,207,91,ok,0
412,13.733,1780168756,G34,-5,364,ok,0
412,13.733,1780168756,D4,57,542,ok,0
412,13.733,1780168756,D2,376,763,ok,1
412,13.733,1780168756,D25,449,501,ok,1
412,13.733,1780168756,D18,212,880,ok,0
412,13.733,1780168756,D10,241,897,ok,0
412,13.733,1780168756,D22,183,536,ok,1
412,13.733,1780168756,D1,300,895,ok,0
412,13.733,1780168756,D23,97,590,ok,1
412,13.733,1780168756,D7,0,881,ok,0
412,13.733,1780168756,D24,-1,591,ok,0
412,13.733,1780168756,D26,281,902,ok,0
412,13.733,1780168756,D27,-1,591,ok,0
412,13.733,1780168756,D6,-16,617,ok,0
412,13.733,1780168756,D11,0,589,ok,0
412,13.733,1780168756,D21,-18,620,ok,0
412,13.733,1780168756,G16,325,518,interpolated,0
412,13.733,1780168756,G8,487,496,interpolated,0
412,13.733,1780168756,G29,-6,362,interpolated,0
412,13.733,1780168756,G39,522,504,interpolated,0
413,13.767,1780168756,G6,173,98,ok,0
413,13.767,1780168756,G9,204,118,ok,0
413,13.767,1780168756,G1,226,114,ok,0
413,13.767,1780168756,G4,271,85,ok,0
413,13.767,1780168756,G10,242,89,ok,0
413,13.767,1780168756,G13,207,91,ok,0
413,13.767,1780168756,G36,97,81,ok,0
413,13.767,1780168756,G11,158,85,ok,0
413,13.767,1780168756,G7,130,76,ok,0
413,13.767,1780168756,G34,-5,364,ok,0
413,13.767,1780168756,D4,57,544,ok,0
413,13.767,1780168756,D22,184,540,ok,1
413,13.767,1780168756,D2,376,763,ok,1
413,13.767,1780168756,D25,451,509,ok,1
413,13.767,1780168756,D18,212,879,ok,0
413,13.767,1780168756,D10,241,897,ok,0
413,13.767,1780168756,D23,98,594,ok,1
413,13.767,1780168756,D1,300,895,ok,0
413,13.767,1780168756,D7,0,881,ok,0
413,13.767,1780168756,D24,-1,591,ok,0
413,13.767,1780168756,D26,281,902,ok,0
413,13.767,1780168756,D27,-1,591,ok,0
413,13.767,1780168756,D6,-16,617,ok,0
413,13.767,1780168756,D21,-18,620,ok,0
413,13.767,1780168756,D11,0,589,ok,0
413,13.767,1780168756,G16,325,518,interpolated,0
413,13.767,1780168756,G8,487,496,interpolated,0
413,13.767,1780168756,G29,-6,362,interpolated,0
413,13.767,1780168756,G39,522,504,interpolated,0
414,13.800,1780168756,G6,173,98,ok,0
414,13.800,1780168756,G9,204,118,ok,0
414,13.800,1780168756,G1,227,115,ok,0
414,13.800,1780168756,G4,271,85,ok,0
414,13.800,1780168756,G10,242,91,ok,0
414,13.800,1780168756,G13,207,92,ok,0
414,13.800,1780168756,G36,98,80,ok,0
414,13.800,1780168756,G34,-6,364,ok,0
414,13.800,1780168756,G8,485,509,merged,1
414,13.800,1780168756,G7,130,76,ok,0
414,13.800,1780168756,G11,159,85,ok,0
414,13.800,1780168756,D4,57,546,ok,0
414,13.800,1780168756,D22,187,545,ok,1
414,13.800,1780168756,D2,376,763,ok,1
414,13.800,1780168756,D18,211,879,ok,0
414,13.800,1780168756,D10,241,897,ok,0
414,13.800,1780168756,D23,100,595,ok,1
414,13.800,1780168756,D1,299,896,ok,0
414,13.800,1780168756,D7,0,881,ok,0
414,13.800,1780168756,D24,-1,591,ok,0
414,13.800,1780168756,D6,-14,616,ok,0
414,13.800,1780168756,D11,0,589,ok,0
414,13.800,1780168756,G16,325,518,interpolated,0
414,13.800,1780168756,G29,-6,362,interpolated,0
414,13.800,1780168756,D21,-18,620,interpolated,0
414,13.800,1780168756,G39,522,504,interpolated,0
414,13.800,1780168756,D25,451,509,interpolated,1
414,13.800,1780168756,D27,-1,591,interpolated,0
414,13.800,1780168756,D26,281,902,interpolated,0
415,13.833,1780168756,G6,173,98,ok,0
415,13.833,1780168756,G9,204,118,ok,0
415,13.833,1780168756,G1,227,115,ok,0
415,13.833,1780168756,G4,271,85,ok,0
415,13.833,1780168756,G10,242,91,ok,0
415,13.833,1780168756,G13,207,92,ok,0
415,13.833,1780168756,G36,98,80,ok,0
415,13.833,1780168756,G34,-6,364,ok,0
415,13.833,1780168756,G8,484,511,merged,1
415,13.833,1780168756,G39,522,505,ok,0
415,13.833,1780168756,G7,130,76,ok,0
415,13.833,1780168756,G11,158,85,ok,0
415,13.833,1780168756,D4,57,546,ok,0
415,13.833,1780168756,D22,187,545,ok,1
415,13.833,1780168756,D2,376,763,ok,1
415,13.833,1780168756,D18,211,879,ok,0
415,13.833,1780168756,D10,241,897,ok,0
415,13.833,1780168756,D23,100,596,ok,1
415,13.833,1780168756,D1,299,896,ok,0
415,13.833,1780168756,D7,0,881,ok,0
415,13.833,1780168756,D24,-1,591,ok,0
415,13.833,1780168756,D6,-14,616,ok,0
415,13.833,1780168756,D11,0,589,ok,0
415,13.833,1780168756,G16,325,518,interpolated,0
415,13.833,1780168756,G29,-6,362,interpolated,0
415,13.833,1780168756,D21,-18,620,interpolated,0
415,13.833,1780168756,D25,451,509,interpolated,1
415,13.833,1780168756,D27,-1,591,interpolated,0
415,13.833,1780168756,D26,281,902,interpolated,0
416,13.867,1780168756,G6,173,98,ok,0
416,13.867,1780168756,G9,203,118,ok,0
416,13.867,1780168756,G1,226,115,ok,0
416,13.867,1780168756,G4,271,85,ok,0
416,13.867,1780168756,G10,242,91,ok,0
416,13.867,1780168756,G13,207,92,ok,0
416,13.867,1780168756,G36,98,81,ok,0
416,13.867,1780168756,G34,-6,364,ok,0
416,13.867,1780168756,G8,484,512,merged,1
416,13.867,1780168756,G39,522,505,ok,0
416,13.867,1780168756,G7,130,76,ok,0
416,13.867,1780168756,D4,57,548,ok,0
416,13.867,1780168756,D2,376,763,ok,1
416,13.867,1780168756,D22,189,551,ok,1
416,13.867,1780168756,D23,101,603,ok,1
416,13.867,1780168756,D18,209,880,ok,0
416,13.867,1780168756,D10,241,897,ok,0
416,13.867,1780168756,D1,298,896,ok,0
416,13.867,1780168756,D7,0,881,ok,0
416,13.867,1780168756,D24,-1,591,ok,0
416,13.867,1780168756,D6,-14,617,ok,0
416,13.867,1780168756,D11,0,589,ok,0
416,13.867,1780168756,G11,158,85,interpolated,0
416,13.867,1780168756,G16,325,518,interpolated,0
416,13.867,1780168756,G29,-6,362,interpolated,0
416,13.867,1780168756,D21,-18,620,interpolated,0
416,13.867,1780168756,D25,451,509,interpolated,1
416,13.867,1780168756,D27,-1,591,interpolated,0
416,13.867,1780168756,D26,281,902,interpolated,0
417,13.900,1780168756,G6,173,98,ok,0
417,13.900,1780168756,G9,203,117,ok,0
417,13.900,1780168756,G1,226,116,ok,0
417,13.900,1780168756,G4,271,85,ok,0
417,13.900,1780168756,G10,242,92,ok,0
417,13.900,1780168756,G13,207,92,ok,0
417,13.900,1780168756,G36,98,81,ok,0
417,13.900,1780168756,G34,-6,364,ok,0
417,13.900,1780168756,G8,483,512,merged,1
417,13.900,1780168756,G39,522,505,ok,0
417,13.900,1780168756,G7,130,76,ok,0
417,13.900,1780168756,D4,58,549,ok,0
417,13.900,1780168756,D22,191,559,ok,1
417,13.900,1780168756,D2,376,763,ok,1
417,13.900,1780168756,D27,329,483,ok,0
417,13.900,1780168756,D23,102,612,ok,1
417,13.900,1780168756,D18,208,881,ok,0
417,13.900,1780168756,D10,241,897,ok,0
417,13.900,1780168756,D1,298,895,ok,0
417,13.900,1780168756,D7,0,881,ok,0
417,13.900,1780168756,D24,-1,591,ok,0
417,13.900,1780168756,D6,-14,617,ok,0
417,13.900,1780168756,D11,0,589,ok,0
417,13.900,1780168756,G11,158,85,interpolated,0
417,13.900,1780168756,G16,325,518,interpolated,0
417,13.900,1780168756,G29,-6,362,interpolated,0
417,13.900,1780168756,D21,-18,620,interpolated,0
417,13.900,1780168756,D25,451,509,interpolated,1
417,13.900,1780168756,D26,281,902,interpolated,0
418,13.933,1780168756,G6,173,98,ok,0
418,13.933,1780168756,G9,203,117,ok,0
418,13.933,1780168756,G1,225,118,ok,0
418,13.933,1780168756,G4,271,85,ok,0
418,13.933,1780168756,G10,242,93,ok,0
418,13.933,1780168756,G13,207,92,ok,0
418,13.933,1780168756,G36,99,81,ok,0
418,13.933,1780168756,G34,-6,364,ok,0
418,13.933,1780168756,G8,483,513,merged,1
418,13.933,1780168756,G39,522,504,ok,0
418,13.933,1780168756,G7,130,76,ok,0
418,13.933,1780168756,D4,59,548,ok,0
418,13.933,1780168756,D2,376,764,ok,1
418,13.933,1780168756,D27,329,483,ok,0
418,13.933,1780168756,D23,103,614,ok,1
418,13.933,1780168756,D22,192,566,ok,1
418,13.933,1780168756,D10,241,897,ok,0
418,13.933,1780168756,D1,298,896,ok,0
418,13.933,1780168756,D18,206,883,ok,0
418,13.933,1780168756,D7,0,881,ok,0
418,13.933,1780168756,D24,-1,591,ok,0
418,13.933,1780168756,D6,-14,617,ok,0
418,13.933,1780168756,D11,0,589,ok,0
418,13.933,1780168756,G11,158,85,interpolated,0
418,13.933,1780168756,G16,325,518,interpolated,0
418,13.933,1780168756,D21,-18,620,interpolated,0
418,13.933,1780168756,D25,451,509,interpolated,1
418,13.933,1780168756,D26,281,902,interpolated,0
419,13.967,1780168756,G6,173,98,ok,0
419,13.967,1780168756,G9,201,117,ok,0
419,13.967,1780168756,G1,225,118,ok,0
419,13.967,1780168756,G4,271,85,ok,0
419,13.967,1780168756,G10,242,93,ok,0
419,13.967,1780168756,G36,98,81,ok,0
419,13.967,1780168756,G13,206,92,ok,0
419,13.967,1780168756,G7,131,76,ok,0
419,13.967,1780168756,G8,483,512,merged,1
419,13.967,1780168756,G29,-6,363,ok,0
419,13.967,1780168756,G39,522,504,ok,0
419,13.967,1780168756,D4,59,548,ok,0
419,13.967,1780168756,D23,102,621,ok,1
419,13.967,1780168756,D27,330,483,ok,0
419,13.967,1780168756,D2,377,764,ok,1
419,13.967,1780168756,D22,194,575,ok,1
419,13.967,1780168756,D10,241,897,ok,0
419,13.967,1780168756,D1,297,895,ok,0
419,13.967,1780168756,D18,205,883,ok,0
419,13.967,1780168756,D7,0,881,ok,0
419,13.967,1780168756,D21,119,603,ok,1
419,13.967,1780168756,D24,-1,591,ok,0
419,13.967,1780168756,D6,-14,616,ok,0
419,13.967,1780168756,D26,123,590,ok,1
419,13.967,1780168756,D11,0,589,ok,0
419,13.967,1780168756,G11,158,85,interpolated,0
419,13.967,1780168756,G16,325,518,interpolated,0
419,13.967,1780168756,G34,-6,364,interpolated,0
419,13.967,1780168756,D25,451,509,interpolated,1
420,14.000,1780168757,G6,173,98,ok,0
420,14.000,1780168757,G9,201,118,ok,0
420,14.000,1780168757,G4,270,85,ok,0
420,14.000,1780168757,G1,225,119,ok,0
420,14.000,1780168757,G10,242,92,ok,0
420,14.000,1780168757,G36,98,80,ok,0
420,14.000,1780168757,G13,207,93,ok,0
420,14.000,1780168757,G7,131,76,ok,0
420,14.000,1780168757,G8,482,514,merged,1
420,14.000,1780168757,G29,-6,363,ok,0
420,14.000,1780168757,G39,522,504,ok,0
420,14.000,1780168757,D4,60,548,ok,0
420,14.000,1780168757,D27,333,483,ok,0
420,14.000,1780168757,D23,100,629,ok,1
420,14.000,1780168757,D2,377,766,ok,1
420,14.000,1780168757,D22,198,579,ok,1
420,14.000,1780168757,D10,241,897,ok,0
420,14.000,1780168757,D1,297,895,ok,0
420,14.000,1780168757,D7,0,881,ok,0
420,14.000,1780168757,D18,204,883,ok,0
420,14.000,1780168757,D24,-1,591,ok,0
420,14.000,1780168757,D6,-14,616,ok,0
420,14.000,1780168757,G11,158,85,interpolated,0
420,14.000,1780168757,D11,0,589,interpolated,0
420,14.000,1780168757,G34,-6,364,interpolated,0
420,14.000,1780168757,D21,119,603,interpolated,1
420,14.000,1780168757,D25,451,509,interpolated,1
420,14.000,1780168757,D26,123,590,interpolated,1
421,14.033,1780168757,G6,173,98,ok,0
421,14.033,1780168757,G9,201,118,ok,0
421,14.033,1780168757,G4,270,85,ok,0
421,14.033,1780168757,G1,225,119,ok,0
421,14.033,1780168757,G10,242,92,ok,0
421,14.033,1780168757,G36,98,80,ok,0
421,14.033,1780168757,G13,207,93,ok,0
421,14.033,1780168757,G7,131,76,ok,0
421,14.033,1780168757,G8,482,514,merged,1
421,14.033,1780168757,G29,-6,363,ok,0
421,14.033,1780168757,G39,522,504,ok,0
421,14.033,1780168757,D4,60,548,ok,0
421,14.033,1780168757,D27,333,483,ok,0
421,14.033,1780168757,D23,100,629,ok,1
421,14.033,1780168757,D2,378,767,ok,1
421,14.033,1780168757,D22,198,579,ok,1
421,14.033,1780168757,D10,241,897,ok,0
421,14.033,1780168757,D1,297,895,ok,0
421,14.033,1780168757,D7,0,881,ok,0
421,14.033,1780168757,D18,204,883,ok,0
421,14.033,1780168757,D24,-1,591,ok,0
421,14.033,1780168757,D6,-14,616,ok,0
421,14.033,1780168757,G11,158,85,interpolated,0
421,14.033,1780168757,D11,0,589,interpolated,0
421,14.033,1780168757,G34,-6,364,interpolated,0
421,14.033,1780168757,D21,119,603,interpolated,1
421,14.033,1780168757,D25,451,509,interpolated,1
421,14.033,1780168757,D26,123,590,interpolated,1
422,14.067,1780168757,G6,173,98,ok,0
422,14.067,1780168757,G9,201,118,ok,0
422,14.067,1780168757,G4,270,85,ok,0
422,14.067,1780168757,G1,225,119,ok,0
422,14.067,1780168757,G10,242,93,ok,0
422,14.067,1780168757,G36,98,80,ok,0
422,14.067,1780168757,G13,207,93,ok,0
422,14.067,1780168757,G7,131,76,ok,0
422,14.067,1780168757,G8,482,516,merged,1
422,14.067,1780168757,G29,-6,363,ok,0
422,14.067,1780168757,G39,522,504,ok,0
422,14.067,1780168757,D4,60,548,ok,0
422,14.067,1780168757,D27,331,483,ok,0
422,14.067,1780168757,D2,378,768,ok,1
422,14.067,1780168757,D23,100,636,ok,1
422,14.067,1780168757,D22,201,582,ok,1
422,14.067,1780168757,D10,241,897,ok,0
422,14.067,1780168757,D7,0,881,ok,0
422,14.067,1780168757,D1,297,894,ok,0
422,14.067,1780168757,D18,202,883,ok,0
422,14.067,1780168757,D6,-14,616,ok,0
422,14.067,1780168757,D24,-1,591,ok,0
422,14.067,1780168757,G11,158,85,interpolated,0
422,14.067,1780168757,D11,0,589,interpolated,0
422,14.067,1780168757,G34,-6,364,interpolated,0
422,14.067,1780168757,D21,119,603,interpolated,1
422,14.067,1780168757,D25,451,509,interpolated,1
422,14.067,1780168757,D26,123,590,interpolated,1
423,14.100,1780168757,G6,173,98,ok,0
423,14.100,1780168757,G4,269,85,ok,0
423,14.100,1780168757,G9,201,118,ok,0
423,14.100,1780168757,G1,225,118,ok,0
423,14.100,1780168757,G13,207,93,ok,0
423,14.100,1780168757,G10,242,93,ok,0
423,14.100,1780168757,G36,98,79,ok,0
423,14.100,1780168757,G8,522,506,ok,0
423,14.100,1780168757,G7,131,77,ok,0
423,14.100,1780168757,G29,-6,363,ok,0
423,14.100,1780168757,G39,522,504,ok,0
423,14.100,1780168757,D4,60,548,ok,0
423,14.100,1780168757,D27,332,491,ok,0
423,14.100,1780168757,D25,444,531,ok,1
423,14.100,1780168757,D2,379,772,ok,1
423,14.100,1780168757,D22,204,584,ok,1
423,14.100,1780168757,D23,102,637,ok,1
423,14.100,1780168757,D10,241,897,ok,0
423,14.100,1780168757,D7,0,881,ok,0
423,14.100,1780168757,D1,296,893,ok,0
423,14.100,1780168757,D18,200,883,ok,0
423,14.100,1780168757,D6,-14,616,ok,0
423,14.100,1780168757,D24,-1,591,ok,0
423,14.100,1780168757,G11,158,85,interpolated,0
423,14.100,1780168757,D11,0,589,interpolated,0
423,14.100,1780168757,G34,-6,364,interpolated,0
423,14.100,1780168757,D21,119,603,interpolated,1
423,14.100,1780168757,D26,123,590,interpolated,1
424,14.133,1780168757,G6,173,98,ok,0
424,14.133,1780168757,G4,269,84,ok,0
424,14.133,1780168757,G1,225,118,ok,0
424,14.133,1780168757,G9,201,118,ok,0
424,14.133,1780168757,G10,242,93,ok,0
424,14.133,1780168757,G13,206,93,ok,0
424,14.133,1780168757,G36,98,79,ok,0
424,14.133,1780168757,G7,131,77,ok,0
424,14.133,1780168757,G8,522,505,ok,0
424,14.133,1780168757,G29,-6,363,ok,0
424,14.133,1780168757,G39,522,504,ok,0
424,14.133,1780168757,D4,61,548,ok,0
424,14.133,1780168757,D2,380,775,ok,1
424,14.133,1780168757,D27,334,496,ok,1
424,14.133,1780168757,D25,445,538,ok,1
424,14.133,1780168757,D22,209,587,ok,1
424,14.133,1780168757,D10,241,897,ok,0
424,14.133,1780168757,D1,295,893,ok,0
424,14.133,1780168757,D23,101,640,ok,1
424,14.133,1780168757,D21,120,614,ok,1
424,14.133,1780168757,D18,199,883,ok,0
424,14.133,1780168757,D7,0,881,ok,0
424,14.133,1780168757,D24,-1,591,ok,0
424,14.133,1780168757,D6,-14,616,ok,0
424,14.133,1780168757,D26,205,606,ok,1
424,14.133,1780168757,G11,158,85,interpolated,0
424,14.133,1780168757,D11,0,589,interpolated,0
424,14.133,1780168757,G34,-6,364,interpolated,0
425,14.167,1780168757,G6,173,98,ok,0
425,14.167,1780168757,G1,224,118,ok,0
425,14.167,1780168757,G9,200,119,ok,0
425,14.167,1780168757,G36,99,79,ok,0
425,14.167,1780168757,G4,269,82,ok,0
425,14.167,1780168757,G10,242,93,ok,0
425,14.167,1780168757,G13,206,92,ok,0
425,14.167,1780168757,G7,131,77,ok,0
425,14.167,1780168757,G8,522,506,ok,0
425,14.167,1780168757,G29,-6,363,ok,0
425,14.167,1780168757,G39,522,504,ok,0
425,14.167,1780168757,D4,61,548,ok,0
425,14.167,1780168757,D27,335,496,ok,1
425,14.167,1780168757,D23,102,644,ok,1
425,14.167,1780168757,D2,381,777,ok,1
425,14.167,1780168757,D25,444,541,ok,1
425,14.167,1780168757,D22,213,592,ok,1
425,14.167,1780168757,D18,197,884,ok,0
425,14.167,1780168757,D10,241,897,ok,0
425,14.167,1780168757,D1,295,891,ok,0
425,14.167,1780168757,D7,0,881,ok,0
425,14.167,1780168757,D24,-1,591,ok,0
425,14.167,1780168757,D6,-14,616,ok,0
425,14.167,1780168757,D11,0,589,ok,0
425,14.167,1780168757,G11,158,85,interpolated,0
425,14.167,1780168757,G34,-6,364,interpolated,0
425,14.167,1780168757,D21,120,614,interpolated,1
425,14.167,1780168757,D26,205,606,interpolated,1
426,14.200,1780168757,G6,173,98,ok,0
426,14.200,1780168757,G1,224,118,ok,0
426,14.200,1780168757,G36,98,79,ok,0
426,14.200,1780168757,G9,200,119,ok,0
426,14.200,1780168757,G4,269,81,ok,0
426,14.200,1780168757,G11,238,94,ok,0
426,14.200,1780168757,G13,205,92,ok,0
426,14.200,1780168757,G10,243,94,ok,0
426,14.200,1780168757,G7,131,77,ok,0
426,14.200,1780168757,G39,522,504,ok,0
426,14.200,1780168757,G29,-6,363,ok,0
426,14.200,1780168757,D4,61,549,ok,0
426,14.200,1780168757,D23,102,647,ok,1
426,14.200,1780168757,D27,337,500,ok,1
426,14.200,1780168757,D2,381,778,ok,1
426,14.200,1780168757,D22,215,596,ok,1
426,14.200,1780168757,D25,441,542,ok,1
426,14.200,1780168757,D18,195,883,ok,0
426,14.200,1780168757,D10,241,897,ok,0
426,14.200,1780168757,D1,295,891,ok,0
426,14.200,1780168757,D7,0,881,ok,0
426,14.200,1780168757,D24,-1,591,ok,0
426,14.200,1780168757,D6,-14,617,ok,0
426,14.200,1780168757,G8,522,506,interpolated,0
426,14.200,1780168757,D11,0,589,interpolated,0
426,14.200,1780168757,G34,-6,364,interpolated,0
426,14.200,1780168757,D21,120,614,interpolated,1
426,14.200,1780168757,D26,205,606,interpolated,1
427,14.233,1780168757,G6,173,98,ok,0
427,14.233,1780168757,G1,224,118,ok,0
427,14.233,1780168757,G36,98,79,ok,0
427,14.233,1780168757,G9,200,119,ok,0
427,14.233,1780168757,G4,269,81,ok,0
427,14.233,1780168757,G11,238,94,ok,0
427,14.233,1780168757,G13,205,92,ok,0
427,14.233,1780168757,G10,243,94,ok,0
427,14.233,1780168757,G7,131,77,ok,0
427,14.233,1780168757,G39,522,504,ok,0
427,14.233,1780168757,G29,-6,363,ok,0
427,14.233,1780168757,D4,61,549,ok,0
427,14.233,1780168757,D23,102,647,ok,1
427,14.233,1780168757,D27,337,500,ok,1
427,14.233,1780168757,D2,381,778,ok,1
427,14.233,1780168757,D22,215,596,ok,1
427,14.233,1780168757,D25,441,542,ok,1
427,14.233,1780168757,D18,195,883,ok,0
427,14.233,1780168757,D10,241,897,ok,0
427,14.233,1780168757,D1,295,891,ok,0
427,14.233,1780168757,D7,0,881,ok,0
427,14.233,1780168757,D24,-1,591,ok,0
427,14.233,1780168757,D6,-14,617,ok,0
427,14.233,1780168757,G8,522,506,interpolated,0
427,14.233,1780168757,D11,0,589,interpolated,0
427,14.233,1780168757,G34,-6,364,interpolated,0
427,14.233,1780168757,D21,120,614,interpolated,1
427,14.233,1780168757,D26,205,606,interpolated,1
428,14.267,1780168757,G6,173,98,ok,0
428,14.267,1780168757,G11,238,93,ok,0
428,14.267,1780168757,G36,99,81,ok,0
428,14.267,1780168757,G1,224,118,ok,0
428,14.267,1780168757,G4,269,81,ok,0
428,14.267,1780168757,G9,200,120,ok,0
428,14.267,1780168757,G13,205,92,ok,0
428,14.267,1780168757,G7,131,76,ok,0
428,14.267,1780168757,G39,522,504,ok,0
428,14.267,1780168757,G29,-6,363,ok,0
428,14.267,1780168757,G34,93,80,ok,0
428,14.267,1780168757,D4,61,549,ok,0
428,14.267,1780168757,D27,337,504,ok,1
428,14.267,1780168757,D23,103,653,ok,1
428,14.267,1780168757,D2,382,778,ok,1
428,14.267,1780168757,D18,193,884,ok,0
428,14.267,1780168757,D25,439,544,ok,1
428,14.267,1780168757,D22,217,602,ok,1
428,14.267,1780168757,D1,294,891,ok,0
428,14.267,1780168757,D10,241,897,ok,0
428,14.267,1780168757,D7,0,881,ok,0
428,14.267,1780168757,D24,0,590,ok,0
428,14.267,1780168757,D6,-14,616,ok,0
428,14.267,1780168757,D21,-17,619,ok,0
428,14.267,1780168757,D11,0,589,ok,0
428,14.267,1780168757,G10,243,94,interpolated,0
428,14.267,1780168757,G8,522,506,interpolated,0
428,14.267,1780168757,D26,205,606,interpolated,1
429,14.300,1780168757,G6,173,98,ok,0
429,14.300,1780168757,G11,238,94,ok,0
429,14.300,1780168757,G1,223,118,ok,0
429,14.300,1780168757,G36,101,80,ok,0
429,14.300,1780168757,G4,268,80,ok,0
429,14.300,1780168757,G9,200,120,ok,0
429,14.300,1780168757,G13,205,92,ok,0
429,14.300,1780168757,G34,94,79,ok,0
429,14.300,1780168757,G7,131,76,ok,0
429,14.300,1780168757,G8,521,508,ok,0
429,14.300,1780168757,G29,-6,363,ok,0
429,14.300,1780168757,G39,522,504,ok,0
429,14.300,1780168757,D4,62,550,ok,0
429,14.300,1780168757,D27,339,509,ok,1
429,14.300,1780168757,D2,382,778,ok,1
429,14.300,1780168757,D23,105,660,ok,1
429,14.300,1780168757,D25,437,546,ok,1
429,14.300,1780168757,D18,193,884,ok,0
429,14.300,1780168757,D1,294,891,ok,0
429,14.300,1780168757,D22,219,608,ok,1
429,14.300,1780168757,D10,241,897,ok,0
429,14.300,1780168757,D7,0,881,ok,0
429,14.300,1780168757,D24,0,590,ok,0
429,14.300,1780168757,D6,-15,617,ok,0
429,14.300,1780168757,D21,-17,619,ok,0
429,14.300,1780168757,G10,243,94,interpolated,0
429,14.300,1780168757,D11,0,589,interpolated,0
429,14.300,1780168757,D26,205,606,interpolated,1
430,14.333,1780168757,G6,173,98,ok,0
430,14.333,1780168757,G11,239,95,ok,0
430,14.333,1780168757,G1,223,118,ok,0
430,14.333,1780168757,G9,200,120,ok,0
430,14.333,1780168757,G4,269,79,ok,0
430,14.333,1780168757,G36,101,80,ok,0
430,14.333,1780168757,G13,205,92,ok,0
430,14.333,1780168757,G7,131,76,ok,0
430,14.333,1780168757,G8,521,508,ok,0
430,14.333,1780168757,G10,242,95,ok,0
430,14.333,1780168757,G29,-6,363,ok,0
430,14.333,1780168757,G39,522,504,ok,0
430,14.333,1780168757,D4,61,552,ok,0
430,14.333,1780168757,D27,340,515,ok,1
430,14.333,1780168757,D23,105,668,ok,1
430,14.333,1780168757,D25,436,550,ok,1
430,14.333,1780168757,D2,383,778,ok,1
430,14.333,1780168757,D22,223,614,ok,1
430,14.333,1780168757,D18,193,884,ok,0
430,14.333,1780168757,D10,241,897,ok,0
430,14.333,1780168757,D1,294,891,ok,0
430,14.333,1780168757,D7,0,881,ok,0
430,14.333,1780168757,D24,-1,591,ok,0
430,14.333,1780168757,D6,-15,617,ok,0
430,14.333,1780168757,D21,-17,619,ok,0
430,14.333,1780168757,D11,0,589,interpolated,0
430,14.333,1780168757,G34,94,79,interpolated,0
430,14.333,1780168757,D26,205,606,interpolated,1
431,14.367,1780168757,G6,173,97,ok,0
431,14.367,1780168757,G1,223,118,ok,0
431,14.367,1780168757,G9,200,120,ok,0
431,14.367,1780168757,G13,205,92,ok,0
431,14.367,1780168757,G4,269,78,ok,0
431,14.367,1780168757,G10,243,95,ok,0
431,14.367,1780168757,G7,131,76,ok,0
431,14.367,1780168757,G34,94,80,ok,0
431,14.367,1780168757,G39,522,504,ok,0
431,14.367,1780168757,G29,-6,363,ok,0
431,14.367,1780168757,D4,61,553,ok,0
431,14.367,1780168757,D27,342,522,ok,1
431,14.367,1780168757,D2,383,778,ok,1
431,14.367,1780168757,D22,227,619,ok,1
431,14.367,1780168757,D23,105,672,ok,1
431,14.367,1780168757,D25,435,554,ok,1
431,14.367,1780168757,D18,192,883,ok,0
431,14.367,1780168757,D1,293,891,ok,0
431,14.367,1780168757,D10,241,897,ok,0
431,14.367,1780168757,D7,0,881,ok,0
431,14.367,1780168757,D24,-1,591,ok,0
431,14.367,1780168757,D6,-15,617,ok,0
431,14.367,1780168757,D21,-17,619,ok,0
431,14.367,1780168757,G11,239,95,interpolated,0
431,14.367,1780168757,G8,521,508,interpolated,0
431,14.367,1780168757,D11,0,589,interpolated,0
431,14.367,1780168757,G36,101,80,interpolated,0
431,14.367,1780168757,D26,205,606,interpolated,1
432,14.400,1780168757,G6,173,98,ok,0
432,14.400,1780168757,G1,223,118,ok,0
432,14.400,1780168757,G9,200,120,ok,0
432,14.400,1780168757,G34,95,79,ok,0
432,14.400,1780168757,G10,243,93,ok,0
432,14.400,1780168757,G13,206,93,ok,0
432,14.400,1780168757,G4,269,78,ok,0
432,14.400,1780168757,G7,131,75,ok,0
432,14.400,1780168757,G36,101,79,ok,0
432,14.400,1780168757,G39,522,504,ok,0
432,14.400,1780168757,G8,522,504,ok,0
432,14.400,1780168757,G40,521,503,ok,0
432,14.400,1780168757,D4,60,555,ok,0
432,14.400,1780168757,D27,343,531,ok,1
432,14.400,1780168757,D2,383,779,ok,1
432,14.400,1780168757,D22,230,621,ok,1
432,14.400,1780168757,D23,103,675,ok,1
432,14.400,1780168757,D25,435,558,ok,1
432,14.400,1780168757,D1,293,891,ok,0
432,14.400,1780168757,D18,191,883,ok,0
432,14.400,1780168757,D10,241,897,ok,0
432,14.400,1780168757,D7,0,881,ok,0
432,14.400,1780168757,D11,0,589,ok,0
432,14.400,1780168757,D24,0,590,ok,0
432,14.400,1780168757,D6,-15,617,ok,0
432,14.400,1780168757,D21,-18,621,ok,0
432,14.400,1780168757,G11,239,95,interpolated,0
432,14.400,1780168757,D26,205,606,interpolated,1
432,14.400,1780168757,G29,-6,363,interpolated,0
433,14.433,1780168757,G6,173,98,ok,0
433,14.433,1780168757,G1,223,118,ok,0
433,14.433,1780168757,G9,200,120,ok,0
433,14.433,1780168757,G34,95,79,ok,0
433,14.433,1780168757,G13,206,93,ok,0
433,14.433,1780168757,G10,243,93,ok,0
433,14.433,1780168757,G4,269,78,ok,0
433,14.433,1780168757,G7,131,75,ok,0
433,14.433,1780168757,G8,522,504,ok,0
433,14.433,1780168757,D4,60,555,ok,0
433,14.433,1780168757,D27,343,531,ok,1
433,14.433,1780168757,D2,383,779,ok,1
433,14.433,1780168757,D22,230,621,ok,1
433,14.433,1780168757,D23,103,675,ok,1
433,14.433,1780168757,D25,435,558,ok,1
433,14.433,1780168757,D18,191,883,ok,0
433,14.433,1780168757,D1,293,891,ok,0
433,14.433,1780168757,D10,241,897,ok,0
433,14.433,1780168757,D7,0,881,ok,0
433,14.433,1780168757,D11,0,589,ok,0
433,14.433,1780168757,D24,0,590,ok,0
433,14.433,1780168757,D6,-16,618,ok,0
433,14.433,1780168757,D21,-18,621,ok,0
433,14.433,1780168757,G11,239,95,interpolated,0
433,14.433,1780168757,G36,101,79,interpolated,0
433,14.433,1780168757,G39,522,504,interpolated,0
433,14.433,1780168757,D26,205,606,interpolated,1
433,14.433,1780168757,G29,-6,363,interpolated,0
433,14.433,1780168757,G40,521,503,interpolated,0
434,14.467,1780168757,G6,173,98,ok,0
434,14.467,1780168757,G1,223,118,ok,0
434,14.467,1780168757,G10,243,93,ok,0
434,14.467,1780168757,G9,199,121,ok,0
434,14.467,1780168757,G36,103,80,ok,0
434,14.467,1780168757,G13,206,93,ok,0
434,14.467,1780168757,G4,268,79,ok,0
434,14.467,1780168757,G7,131,75,ok,0
434,14.467,1780168757,G34,96,79,ok,0
434,14.467,1780168757,G8,522,504,ok,0
434,14.467,1780168757,D4,60,557,ok,0
434,14.467,1780168757,D22,233,625,ok,1
434,14.467,1780168757,D27,344,538,ok,1
434,14.467,1780168757,D23,105,682,ok,1
434,14.467,1780168757,D2,385,780,ok,1
434,14.467,1780168757,D18,190,883,ok,0
434,14.467,1780168757,D25,435,561,ok,1
434,14.467,1780168757,D1,292,890,ok,0
434,14.467,1780168757,D10,241,897,ok,0
434,14.467,1780168757,D7,0,881,ok,0
434,14.467,1780168757,D11,0,589,ok,0
434,14.467,1780168757,D24,0,590,ok,0
434,14.467,1780168757,D6,-16,618,ok,0
434,14.467,1780168757,D21,-18,621,ok,0
434,14.467,1780168757,G11,239,95,interpolated,0
434,14.467,1780168757,G39,522,504,interpolated,0
434,14.467,1780168757,D26,205,606,interpolated,1
434,14.467,1780168757,G29,-6,363,interpolated,0
434,14.467,1780168757,G40,521,503,interpolated,0
435,14.500,1780168757,G6,173,98,ok,0
435,14.500,1780168757,G1,223,118,ok,0
435,14.500,1780168757,G10,244,94,ok,0
435,14.500,1780168757,G9,199,120,ok,0
435,14.500,1780168757,G13,206,93,ok,0
435,14.500,1780168757,G4,268,77,ok,0
435,14.500,1780168757,G7,131,75,ok,0
435,14.500,1780168757,G36,104,79,ok,0
435,14.500,1780168757,G8,522,504,ok,0
435,14.500,1780168757,D4,60,557,ok,0
435,14.500,1780168757,D27,344,542,ok,1
435,14.500,1780168757,D2,385,782,ok,1
435,14.500,1780168757,D23,106,688,ok,1
435,14.500,1780168757,D22,236,628,ok,1
435,14.500,1780168757,D25,432,561,ok,1
435,14.500,1780168757,D18,188,883,ok,0
435,14.500,1780168757,D1,291,891,ok,0
435,14.500,1780168757,D10,241,897,ok,0
435,14.500,1780168757,D7,0,881,ok,0
435,14.500,1780168757,D11,0,589,ok,0
435,14.500,1780168757,D24,0,590,ok,0
435,14.500,1780168757,D6,-16,618,ok,0
435,14.500,1780168757,D21,-18,621,ok,0
435,14.500,1780168757,G11,239,95,interpolated,0
435,14.500,1780168757,G34,96,79,interpolated,0
435,14.500,1780168757,G39,522,504,interpolated,0
435,14.500,1780168757,G29,-6,363,interpolated,0
435,14.500,1780168757,G40,521,503,interpolated,0
436,14.533,1780168757,G6,173,98,ok,0
436,14.533,1780168757,G1,223,118,ok,0
436,14.533,1780168757,G10,245,93,ok,0
436,14.533,1780168757,G9,199,120,ok,0
436,14.533,1780168757,G13,206,93,ok,0
436,14.533,1780168757,G7,131,75,ok,0
436,14.533,1780168757,G4,267,77,ok,0
436,14.533,1780168757,G8,522,504,ok,0
436,14.533,1780168757,G36,105,80,ok,0
436,14.533,1780168757,D4,60,557,ok,0
436,14.533,1780168757,D22,237,629,ok,1
436,14.533,1780168757,D27,346,544,ok,1
436,14.533,1780168757,D25,430,561,ok,1
436,14.533,1780168757,D23,107,694,ok,1
436,14.533,1780168757,D2,387,784,ok,1
436,14.533,1780168757,D10,241,897,ok,0
436,14.533,1780168757,D18,187,883,ok,0
436,14.533,1780168757,D1,290,891,ok,0
436,14.533,1780168757,D7,0,881,ok,0
436,14.533,1780168757,D24,0,590,ok,0
436,14.533,1780168757,D11,0,589,ok,0
436,14.533,1780168757,D6,-16,618,ok,0
436,14.533,1780168757,D21,-18,621,ok,0
436,14.533,1780168757,G11,239,95,interpolated,0
436,14.533,1780168757,G34,96,79,interpolated,0
436,14.533,1780168757,G39,522,504,interpolated,0
436,14.533,1780168757,G29,-6,363,interpolated,0
436,14.533,1780168757,G40,521,503,interpolated,0
437,14.567,1780168757,G6,173,97,ok,0
437,14.567,1780168757,G1,224,118,ok,0
437,14.567,1780168757,G10,245,93,ok,0
437,14.567,1780168757,G9,199,120,ok,0
437,14.567,1780168757,G13,206,93,ok,0
437,14.567,1780168757,G4,267,77,ok,0
437,14.567,1780168757,G7,131,75,ok,0
437,14.567,1780168757,G36,105,78,ok,0
437,14.567,1780168757,G8,522,504,ok,0
437,14.567,1780168757,G39,522,504,ok,0
437,14.567,1780168757,D27,347,549,ok,1
437,14.567,1780168757,D4,61,557,ok,0
437,14.567,1780168757,D2,387,784,ok,1
437,14.567,1780168757,D22,237,630,ok,1
437,14.567,1780168757,D23,106,701,ok,1
437,14.567,1780168757,D25,428,562,ok,1
437,14.567,1780168757,D10,241,897,ok,0
437,14.567,1780168757,D1,289,891,ok,0
437,14.567,1780168757,D18,186,883,ok,0
437,14.567,1780168757,D7,0,881,ok,0
437,14.567,1780168757,D11,0,589,ok,0
437,14.567,1780168757,D24,0,590,ok,0
437,14.567,1780168757,D6,-16,618,ok,0
437,14.567,1780168757,D21,-18,621,ok,0
437,14.567,1780168757,G11,239,95,interpolated,0
437,14.567,1780168757,G34,96,79,interpolated,0
437,14.567,1780168757,G29,-6,363,interpolated,0
437,14.567,1780168757,G40,521,503,interpolated,0
438,14.600,1780168757,G6,173,97,ok,0
438,14.600,1780168757,G1,224,118,ok,0
438,14.600,1780168757,G10,246,93,ok,0
438,14.600,1780168757,G9,199,120,ok,0
438,14.600,1780168757,G13,206,93,ok,0
438,14.600,1780168757,G7,131,75,ok,0
438,14.600,1780168757,G34,29,65,ok,0
438,14.600,1780168757,G4,267,77,ok,0
438,14.600,1780168757,G8,522,504,ok,0
438,14.600,1780168757,G39,522,504,ok,0
438,14.600,1780168757,G40,523,503,ok,0
438,14.600,1780168757,D27,348,554,ok,1
438,14.600,1780168757,D25,424,563,ok,1
438,14.600,1780168757,D4,60,557,ok,0
438,14.600,1780168757,D22,238,632,ok,1
438,14.600,1780168757,D2,388,787,ok,1
438,14.600,1780168757,D23,106,706,ok,1
438,14.600,1780168757,D10,241,897,ok,0
438,14.600,1780168757,D7,0,881,ok,0
438,14.600,1780168757,D1,287,891,ok,0
438,14.600,1780168757,D18,184,884,ok,0
438,14.600,1780168757,D11,0,589,ok,0
438,14.600,1780168757,D24,0,590,ok,0
438,14.600,1780168757,D21,-18,621,ok,0
438,14.600,1780168757,D6,-16,618,ok,0
438,14.600,1780168757,G11,239,95,interpolated,0
438,14.600,1780168757,G36,105,78,interpolated,0
438,14.600,1780168757,G29,-6,363,interpolated,0
439,14.633,1780168757,G6,173,97,ok,0
439,14.633,1780168757,G1,224,118,ok,0
439,14.633,1780168757,G10,246,93,ok,0
439,14.633,1780168757,G9,199,120,ok,0
439,14.633,1780168757,G13,206,93,ok,0
439,14.633,1780168757,G7,131,75,ok,0
439,14.633,1780168757,G4,267,77,ok,0
439,14.633,1780168757,G34,29,65,ok,0
439,14.633,1780168757,G8,522,504,ok,0
439,14.633,1780168757,G39,522,504,ok,0
439,14.633,1780168757,G40,523,503,ok,0
439,14.633,1780168757,D27,348,554,ok,1
439,14.633,1780168757,D25,424,563,ok,1
439,14.633,1780168757,D4,60,557,ok,0
439,14.633,1780168757,D22,238,632,ok,1
439,14.633,1780168757,D2,388,787,ok,1
439,14.633,1780168757,D23,106,706,ok,1
439,14.633,1780168757,D10,241,897,ok,0
439,14.633,1780168757,D7,0,881,ok,0
439,14.633,1780168757,D1,287,891,ok,0
439,14.633,1780168757,D18,184,884,ok,0
439,14.633,1780168757,D11,0,589,ok,0
439,14.633,1780168757,D24,0,590,ok,0
439,14.633,1780168757,D6,-16,618,ok,0
439,14.633,1780168757,D21,-18,621,ok,0
439,14.633,1780168757,G11,239,95,interpolated,0
439,14.633,1780168757,G36,105,78,interpolated,0
439,14.633,1780168757,G29,-6,363,interpolated,0
440,14.667,1780168757,G6,173,98,ok,0
440,14.667,1780168757,G1,223,117,ok,0
440,14.667,1780168757,G10,246,94,ok,0
440,14.667,1780168757,G9,199,120,ok,0
440,14.667,1780168757,G13,206,93,ok,0
440,14.667,1780168757,G7,131,75,ok,0
440,14.667,1780168757,G8,522,504,ok,0
440,14.667,1780168757,G4,266,77,ok,0
440,14.667,1780168757,G36,105,79,ok,0
440,14.667,1780168757,G34,29,65,ok,0
440,14.667,1780168757,G39,522,504,ok,0
440,14.667,1780168757,G40,523,503,ok,0
440,14.667,1780168757,D27,349,559,ok,1
440,14.667,1780168757,D25,423,564,ok,1
440,14.667,1780168757,D2,390,790,ok,1
440,14.667,1780168757,D4,60,557,ok,0
440,14.667,1780168757,D23,107,706,ok,1
440,14.667,1780168757,D22,238,635,ok,1
440,14.667,1780168757,D10,241,897,ok,0
440,14.667,1780168757,D1,286,890,ok,0
440,14.667,1780168757,D7,0,881,ok,0
440,14.667,1780168757,D18,182,884,ok,0
440,14.667,1780168757,D24,0,590,ok,0
440,14.667,1780168757,D11,0,589,ok,0
440,14.667,1780168757,D21,-18,620,ok,0
440,14.667,1780168757,G11,239,95,interpolated,0
440,14.667,1780168757,D6,-16,618,interpolated,0
440,14.667,1780168757,G29,-6,363,interpolated,0
441,14.700,1780168757,G6,173,98,ok,0
441,14.700,1780168757,G1,223,118,ok,0
441,14.700,1780168757,G9,200,120,ok,0
441,14.700,1780168757,G10,246,97,ok,0
441,14.700,1780168757,G13,206,92,ok,0
441,14.700,1780168757,G4,266,77,ok,0
441,14.700,1780168757,G7,131,75,ok,0
441,14.700,1780168757,G8,522,504,ok,0
441,14.700,1780168757,G36,104,79,ok,0
441,14.700,1780168757,G39,522,504,ok,0
441,14.700,1780168757,D2,391,791,ok,1
441,14.700,1780168757,D25,420,565,ok,1
441,14.700,1780168757,D4,61,557,ok,0
441,14.700,1780168757,D27,350,565,ok,1
441,14.700,1780168757,D23,107,707,ok,1
441,14.700,1780168757,D22,239,638,ok,1
441,14.700,1780168757,D10,241,896,ok,0
441,14.700,1780168757,D1,285,891,ok,0
441,14.700,1780168757,D18,180,884,ok,0
441,14.700,1780168757,D7,0,881,ok,0
441,14.700,1780168757,D24,0,590,ok,0
441,14.700,1780168757,D11,0,589,ok,0
441,14.700,1780168757,D28,234,658,ok,1
441,14.700,1780168757,D21,-18,620,ok,0
441,14.700,1780168757,D6,-16,617,ok,0
441,14.700,1780168757,G34,29,65,interpolated,0
441,14.700,1780168757,G29,-6,363,interpolated,0
441,14.700,1780168757,G40,523,503,interpolated,0
442,14.733,1780168757,G6,173,98,ok,0
442,14.733,1780168757,G1,223,119,ok,0
442,14.733,1780168757,G9,199,120,ok,0
442,14.733,1780168757,G13,206,90,ok,0
442,14.733,1780168757,G10,244,97,ok,0
442,14.733,1780168757,G7,131,75,ok,0
442,14.733,1780168757,G36,107,78,ok,0
442,14.733,1780168757,G4,266,77,ok,0
442,14.733,1780168757,G34,28,65,ok,0
442,14.733,1780168757,G8,521,505,ok,0
442,14.733,1780168757,D25,418,567,ok,1
442,14.733,1780168757,D27,350,573,ok,1
442,14.733,1780168757,D2,393,792,ok,1
442,14.733,1780168757,D4,61,557,ok,0
442,14.733,1780168757,D22,241,640,ok,1
442,14.733,1780168757,D23,110,707,ok,1
442,14.733,1780168757,D10,241,896,ok,0
442,14.733,1780168757,D1,284,890,ok,0
442,14.733,1780168757,D18,178,884,ok,0
442,14.733,1780168757,D7,0,881,ok,0
442,14.733,1780168757,D24,0,590,ok,0
442,14.733,1780168757,D11,0,589,ok,0
442,14.733,1780168757,D29,-1,590,ok,0
442,14.733,1780168757,D6,-15,618,ok,0
442,14.733,1780168757,D21,-18,621,ok,0
442,14.733,1780168757,G39,522,504,interpolated,0
442,14.733,1780168757,G40,523,503,interpolated,0
442,14.733,1780168757,D28,234,658,interpolated,1
443,14.767,1780168757,G1,222,119,ok,0
443,14.767,1780168757,G6,173,98,ok,0
443,14.767,1780168757,G9,200,120,ok,0
443,14.767,1780168757,G10,247,99,ok,0
443,14.767,1780168757,G7,131,75,ok,0
443,14.767,1780168757,G13,206,92,ok,0
443,14.767,1780168757,G8,521,505,ok,0
443,14.767,1780168757,G34,28,65,ok,0
443,14.767,1780168757,D22,243,642,ok,1
443,14.767,1780168757,D27,349,578,ok,1
443,14.767,1780168757,D4,61,557,ok,0
443,14.767,1780168757,D2,394,792,ok,1
443,14.767,1780168757,D25,418,570,ok,1
443,14.767,1780168757,D23,111,706,ok,1
443,14.767,1780168757,D1,284,891,ok,0
443,14.767,1780168757,D10,241,896,ok,0
443,14.767,1780168757,D7,0,881,ok,0
443,14.767,1780168757,D18,178,883,ok,0
443,14.767,1780168757,D24,0,590,ok,0
443,14.767,1780168757,D11,0,589,ok,0
443,14.767,1780168757,D29,-1,590,ok,0
443,14.767,1780168757,D6,-15,618,ok,0
443,14.767,1780168757,D21,-18,621,ok,0
443,14.767,1780168757,G4,266,77,interpolated,0
443,14.767,1780168757,G36,107,78,interpolated,0
443,14.767,1780168757,G39,522,504,interpolated,0
443,14.767,1780168757,G40,523,503,interpolated,0
443,14.767,1780168757,D28,234,658,interpolated,1
444,14.800,1780168757,G1,222,119,ok,0
444,14.800,1780168757,G6,172,98,ok,0
444,14.800,1780168757,G9,200,120,ok,0
444,14.800,1780168757,G10,248,101,ok,0
444,14.800,1780168757,G13,207,93,ok,0
444,14.800,1780168757,G7,130,75,ok,0
444,14.800,1780168757,G34,28,65,ok,0
444,14.800,1780168757,G8,521,505,ok,0
444,14.800,1780168757,D22,245,642,ok,1
444,14.800,1780168757,D25,418,573,ok,1
444,14.800,1780168757,D27,351,580,ok,1
444,14.800,1780168757,D4,61,557,ok,0
444,14.800,1780168757,D2,396,792,ok,1
444,14.800,1780168757,D23,111,708,ok,1
444,14.800,1780168757,D1,283,890,ok,0
444,14.800,1780168757,D10,241,896,ok,0
444,14.800,1780168757,D18,176,884,ok,0
444,14.800,1780168757,D7,0,881,ok,0
444,14.800,1780168757,D24,0,590,ok,0
444,14.800,1780168757,D11,0,589,ok,0
444,14.800,1780168757,D6,-16,618,ok,0
444,14.800,1780168757,D21,-18,621,ok,0
444,14.800,1780168757,G4,266,77,interpolated,0
444,14.800,1780168757,G36,107,78,interpolated,0
444,14.800,1780168757,G39,522,504,interpolated,0
444,14.800,1780168757,G40,523,503,interpolated,0
444,14.800,1780168757,D28,234,658,interpolated,1
444,14.800,1780168757,D29,-1,590,interpolated,0
445,14.833,1780168757,G1,222,119,ok,0
445,14.833,1780168757,G6,172,98,ok,0
445,14.833,1780168757,G9,200,120,ok,0
445,14.833,1780168757,G10,248,101,ok,0
445,14.833,1780168757,G13,207,93,ok,0
445,14.833,1780168757,G7,130,75,ok,0
445,14.833,1780168757,G34,28,65,ok,0
445,14.833,1780168757,G8,521,505,ok,0
445,14.833,1780168757,D22,245,641,ok,1
445,14.833,1780168757,D25,418,573,ok,1
445,14.833,1780168757,D27,351,580,ok,1
445,14.833,1780168757,D4,61,557,ok,0
445,14.833,1780168757,D2,396,792,ok,1
445,14.833,1780168757,D23,111,709,ok,1
445,14.833,1780168757,D1,283,890,ok,0
445,14.833,1780168757,D10,241,896,ok,0
445,14.833,1780168757,D18,176,884,ok,0
445,14.833,1780168757,D7,0,881,ok,0
445,14.833,1780168757,D24,0,590,ok,0
445,14.833,1780168757,D11,0,589,ok,0
445,14.833,1780168757,D29,-1,590,ok,0
445,14.833,1780168757,D21,-18,621,ok,0
445,14.833,1780168757,D6,-16,618,ok,0
445,14.833,1780168757,G4,266,77,interpolated,0
445,14.833,1780168757,G36,107,78,interpolated,0
445,14.833,1780168757,G39,522,504,interpolated,0
445,14.833,1780168757,G40,523,503,interpolated,0
445,14.833,1780168757,D28,234,658,interpolated,1
446,14.867,1780168757,G6,172,98,ok,0
446,14.867,1780168757,G1,221,119,ok,0
446,14.867,1780168757,G9,200,120,ok,0
446,14.867,1780168757,G13,207,93,ok,0
446,14.867,1780168757,G10,249,101,ok,0
446,14.867,1780168757,G7,130,75,ok,0
446,14.867,1780168757,G8,521,505,ok,0
446,14.867,1780168757,G34,28,65,ok,0
446,14.867,1780168757,D22,245,642,ok,1
446,14.867,1780168757,D25,417,577,ok,1
446,14.867,1780168757,D27,352,582,ok,1
446,14.867,1780168757,D4,61,557,ok,0
446,14.867,1780168757,D2,396,798,ok,1
446,14.867,1780168757,D23,111,711,ok,1
446,14.867,1780168757,D10,241,896,ok,0
446,14.867,1780168757,D1,282,891,ok,0
446,14.867,1780168757,D18,175,884,ok,0
446,14.867,1780168757,D7,0,881,ok,0
446,14.867,1780168757,D24,0,590,ok,0
446,14.867,1780168757,D11,0,589,ok,0
446,14.867,1780168757,D29,0,590,ok,0
446,14.867,1780168757,D21,-18,621,ok,0
446,14.867,1780168757,G4,266,77,interpolated,0
446,14.867,1780168757,D6,-16,618,interpolated,0
446,14.867,1780168757,G36,107,78,interpolated,0
446,14.867,1780168757,G39,522,504,interpolated,0
446,14.867,1780168757,G40,523,503,interpolated,0
446,14.867,1780168757,D28,234,658,interpolated,1
447,14.900,1780168757,G1,221,119,ok,0
447,14.900,1780168757,G6,172,98,ok,0
447,14.900,1780168757,G9,200,120,ok,0
447,14.900,1780168757,G13,207,93,ok,0
447,14.900,1780168757,G10,249,99,ok,0
447,14.900,1780168757,G8,521,505,ok,0
447,14.900,1780168757,D27,353,584,ok,1
447,14.900,1780168757,D22,246,644,ok,1
447,14.900,1780168757,D25,415,581,ok,1
447,14.900,1780168757,D4,61,558,ok,0
447,14.900,1780168757,D2,397,792,ok,1
447,14.900,1780168757,D23,110,713,ok,1
447,14.900,1780168757,D10,241,897,ok,0
447,14.900,1780168757,D1,281,891,ok,0
447,14.900,1780168757,D18,174,884,ok,0
447,14.900,1780168757,D7,0,881,ok,0
447,14.900,1780168757,D24,0,590,ok,0
447,14.900,1780168757,D11,0,589,ok,0
447,14.900,1780168757,D29,-1,590,ok,0
447,14.900,1780168757,D21,-18,621,ok,0
447,14.900,1780168757,G4,266,77,interpolated,0
447,14.900,1780168757,G7,130,75,interpolated,0
447,14.900,1780168757,D6,-16,618,interpolated,0
447,14.900,1780168757,G34,28,65,interpolated,0
447,14.900,1780168757,G36,107,78,interpolated,0
447,14.900,1780168757,G39,522,504,interpolated,0
447,14.900,1780168757,G40,523,503,interpolated,0
447,14.900,1780168757,D28,234,658,interpolated,1
448,14.933,1780168757,G1,221,119,ok,0
448,14.933,1780168757,G6,173,98,ok,0
448,14.933,1780168757,G9,201,120,ok,0
448,14.933,1780168757,G10,249,102,ok,0
448,14.933,1780168757,G13,207,93,ok,0
448,14.933,1780168757,G4,267,77,ok,0
448,14.933,1780168757,G7,130,76,ok,0
448,14.933,1780168757,G8,521,505,ok,0
448,14.933,1780168757,D22,246,645,ok,1
448,14.933,1780168757,D25,413,584,ok,1
448,14.933,1780168757,D4,61,558,ok,0
448,14.933,1780168757,D27,355,587,ok,1
448,14.933,1780168757,D2,398,792,ok,1
448,14.933,1780168757,D23,111,722,ok,1
448,14.933,1780168757,D10,241,896,ok,0
448,14.933,1780168757,D1,281,891,ok,0
448,14.933,1780168757,D18,173,884,ok,0
448,14.933,1780168757,D7,0,881,ok,0
448,14.933,1780168757,D24,0,590,ok,0
448,14.933,1780168757,D11,0,589,ok,0
448,14.933,1780168757,D21,-18,621,ok,0
448,14.933,1780168757,D29,0,590,ok,0
448,14.933,1780168757,D6,-15,617,ok,0
448,14.933,1780168757,G34,28,65,interpolated,0
448,14.933,1780168757,G36,107,78,interpolated,0
448,14.933,1780168757,G39,522,504,interpolated,0
448,14.933,1780168757,G40,523,503,interpolated,0
448,14.933,1780168757,D28,234,658,interpolated,1
449,14.967,1780168757,G1,221,119,ok,0
449,14.967,1780168757,G6,173,98,ok,0
449,14.967,1780168757,G9,201,120,ok,0
449,14.967,1780168757,G10,250,104,ok,0
449,14.967,1780168757,G13,207,93,ok,0
449,14.967,1780168757,G7,130,76,ok,0
449,14.967,1780168757,G4,266,77,ok,0
449,14.967,1780168757,G8,521,505,ok,0
449,14.967,1780168757,G39,521,503,ok,0
449,14.967,1780168757,D22,246,645,ok,1
449,14.967,1780168757,D25,409,585,ok,1
449,14.967,1780168757,D27,356,592,ok,1
449,14.967,1780168757,D4,61,558,ok,0
449,14.967,1780168757,D2,399,801,ok,1
449,14.967,1780168757,D23,110,721,ok,1
449,14.967,1780168757,D1,280,893,ok,0
449,14.967,1780168757,D10,241,896,ok,0
449,14.967,1780168757,D18,173,883,ok,0
449,14.967,1780168757,D7,0,881,ok,0
449,14.967,1780168757,D11,0,589,ok,0
449,14.967,1780168757,D24,0,590,ok,0
449,14.967,1780168757,D6,-15,617,ok,0
449,14.967,1780168757,D21,-17,619,ok,0
449,14.967,1780168757,G34,28,65,interpolated,0
449,14.967,1780168757,G36,107,78,interpolated,0
449,14.967,1780168757,G40,523,503,interpolated,0
449,14.967,1780168757,D28,234,658,interpolated,1
449,14.967,1780168757,D29,0,590,interpolated,0
450,15.000,1780168758,G1,221,119,ok,0
450,15.000,1780168758,G6,173,98,ok,0
450,15.000,1780168758,G9,202,120,ok,0
450,15.000,1780168758,G10,250,103,ok,0
450,15.000,1780168758,G13,207,93,ok,0
450,15.000,1780168758,G7,129,76,ok,0
450,15.000,1780168758,G39,521,503,ok,0
450,15.000,1780168758,G34,-6,363,ok,0
450,15.000,1780168758,G8,521,504,ok,0
450,15.000,1780168758,D27,357,596,ok,1
450,15.000,1780168758,D25,407,586,ok,1
450,15.000,1780168758,D22,247,645,ok,1
450,15.000,1780168758,D4,61,558,ok,0
450,15.000,1780168758,D2,398,794,ok,1
450,15.000,1780168758,D23,109,724,ok,1
450,15.000,1780168758,D10,241,896,ok,0
450,15.000,1780168758,D18,173,883,ok,0
450,15.000,1780168758,D1,279,896,ok,0
450,15.000,1780168758,D7,0,882,ok,0
450,15.000,1780168758,D11,0,589,ok,0
450,15.000,1780168758,D24,-1,590,ok,0
450,15.000,1780168758,G4,266,77,interpolated,0
450,15.000,1780168758,D6,-15,617,interpolated,0
450,15.000,1780168758,D21,-17,619,interpolated,0
450,15.000,1780168758,G36,107,78,interpolated,0
450,15.000,1780168758,G40,523,503,interpolated,0
450,15.000,1780168758,D28,234,658,interpolated,1
450,15.000,1780168758,D29,0,590,interpolated,0
451,15.033,1780168758,G1,221,119,ok,0
451,15.033,1780168758,G6,173,98,ok,0
451,15.033,1780168758,G9,202,120,ok,0
451,15.033,1780168758,G10,250,103,ok,0
451,15.033,1780168758,G13,207,93,ok,0
451,15.033,1780168758,G7,129,76,ok,0
451,15.033,1780168758,G39,521,503,ok,0
451,15.033,1780168758,G8,522,504,ok,0
451,15.033,1780168758,G34,-6,363,ok,0
451,15.033,1780168758,D27,357,596,ok,1
451,15.033,1780168758,D25,407,586,ok,1
451,15.033,1780168758,D22,247,645,ok,1
451,15.033,1780168758,D4,61,558,ok,0
451,15.033,1780168758,D2,399,796,ok,1
451,15.033,1780168758,D23,109,724,ok,1
451,15.033,1780168758,D10,241,896,ok,0
451,15.033,1780168758,D1,279,896,ok,0
451,15.033,1780168758,D18,173,883,ok,0
451,15.033,1780168758,D7,0,882,ok,0
451,15.033,1780168758,D11,0,589,ok,0
451,15.033,1780168758,D24,-1,590,ok,0
451,15.033,1780168758,D6,-15,617,ok,0
451,15.033,1780168758,G4,266,77,interpolated,0
451,15.033,1780168758,D21,-17,619,interpolated,0
451,15.033,1780168758,G36,107,78,interpolated,0
451,15.033,1780168758,D28,234,658,interpolated,1
451,15.033,1780168758,D29,0,590,interpolated,0
452,15.067,1780168758,G6,173,98,ok,0
452,15.067,1780168758,G1,221,119,ok,0
452,15.067,1780168758,G9,202,120,ok,0
452,15.067,1780168758,G13,207,92,ok,0
452,15.067,1780168758,G10,250,103,ok,0
452,15.067,1780168758,G7,129,77,ok,0
452,15.067,1780168758,G8,521,504,ok,0
452,15.067,1780168758,G39,521,503,ok,0
452,15.067,1780168758,G34,-6,363,ok,0
452,15.067,1780168758,G40,521,503,ok,0
452,15.067,1780168758,D25,404,587,ok,1
452,15.067,1780168758,D22,247,644,ok,1
452,15.067,1780168758,D27,358,601,ok,1
452,15.067,1780168758,D4,61,558,ok,0
452,15.067,1780168758,D2,400,801,ok,1
452,15.067,1780168758,D23,110,717,ok,1
452,15.067,1780168758,D10,241,897,ok,0
452,15.067,1780168758,D18,172,883,ok,0
452,15.067,1780168758,D1,278,901,ok,0
452,15.067,1780168758,D7,0,882,ok,0
452,15.067,1780168758,D29,-1,591,ok,0
452,15.067,1780168758,D24,-1,590,ok,0
452,15.067,1780168758,D11,0,587,ok,0
452,15.067,1780168758,G4,266,77,interpolated,0
452,15.067,1780168758,D6,-15,617,interpolated,0
452,15.067,1780168758,D21,-17,619,interpolated,0
452,15.067,1780168758,G36,107,78,interpolated,0
453,15.100,1780168758,G6,173,98,ok,0
453,15.100,1780168758,G1,221,119,ok,0
453,15.100,1780168758,G9,202,120,ok,0
453,15.100,1780168758,G10,249,104,ok,0
453,15.100,1780168758,G13,207,92,ok,0
453,15.100,1780168758,G7,129,77,ok,0
453,15.100,1780168758,G8,521,504,ok,0
453,15.100,1780168758,G39,521,503,ok,0
453,15.100,1780168758,G4,266,77,ok,0
453,15.100,1780168758,G34,-6,363,ok,0
453,15.100,1780168758,G40,521,503,ok,0
453,15.100,1780168758,D22,247,643,ok,1
453,15.100,1780168758,D27,358,606,ok,1
453,15.100,1780168758,D25,403,588,ok,1
453,15.100,1780168758,D4,61,559,ok,0
453,15.100,1780168758,D2,399,796,ok,1
453,15.100,1780168758,D23,110,720,ok,1
453,15.100,1780168758,D10,241,897,ok,0
453,15.100,1780168758,D18,173,884,ok,0
453,15.100,1780168758,D1,277,903,ok,0
453,15.100,1780168758,D7,0,882,ok,0
453,15.100,1780168758,D29,0,590,ok,0
453,15.100,1780168758,D24,-1,590,ok,0
453,15.100,1780168758,D6,-15,618,ok,0
453,15.100,1780168758,D11,0,587,interpolated,0
453,15.100,1780168758,D21,-17,619,interpolated,0
454,15.133,1780168758,G6,173,98,ok,0
454,15.133,1780168758,G1,221,119,ok,0
454,15.133,1780168758,G9,201,120,ok,0
454,15.133,1780168758,G10,249,104,ok,0
454,15.133,1780168758,G13,207,92,ok,0
454,15.133,1780168758,G7,129,77,ok,0
454,15.133,1780168758,G8,522,504,ok,0
454,15.133,1780168758,G39,521,503,ok,0
454,15.133,1780168758,G34,-6,362,ok,0
454,15.133,1780168758,D22,247,642,ok,1
454,15.133,1780168758,D4,61,559,ok,0
454,15.133,1780168758,D27,358,612,ok,1
454,15.133,1780168758,D25,403,591,ok,1
454,15.133,1780168758,D2,400,794,ok,1
454,15.133,1780168758,D10,241,897,ok,0
454,15.133,1780168758,D1,276,905,ok,0
454,15.133,1780168758,D23,111,721,ok,1
454,15.133,1780168758,D7,0,882,ok,0
454,15.133,1780168758,D18,170,886,ok,0
454,15.133,1780168758,D29,-1,591,ok,0
454,15.133,1780168758,D24,-1,590,ok,0
454,15.133,1780168758,D6,-15,618,ok,0
454,15.133,1780168758,G4,266,77,interpolated,0
454,15.133,1780168758,D11,0,587,interpolated,0
454,15.133,1780168758,D21,-17,619,interpolated,0
454,15.133,1780168758,G40,521,503,interpolated,0
455,15.167,1780168758,G6,173,98,ok,0
455,15.167,1780168758,G1,221,119,ok,0
455,15.167,1780168758,G9,200,120,ok,0
455,15.167,1780168758,G13,207,92,ok,0
455,15.167,1780168758,G10,249,104,ok,0
455,15.167,1780168758,G7,129,77,ok,0
455,15.167,1780168758,G8,522,504,ok,0
455,15.167,1780168758,G39,521,503,ok,0
455,15.167,1780168758,G4,266,77,ok,0
455,15.167,1780168758,D22,247,642,ok,1
455,15.167,1780168758,D4,61,560,ok,0
455,15.167,1780168758,D25,401,592,ok,1
455,15.167,1780168758,D27,358,616,ok,1
455,15.167,1780168758,D2,400,794,ok,1
455,15.167,1780168758,D10,241,897,ok,0
455,15.167,1780168758,D23,112,721,ok,1
455,15.167,1780168758,D1,275,905,ok,0
455,15.167,1780168758,D7,0,882,ok,0
455,15.167,1780168758,D24,-1,590,ok,0
455,15.167,1780168758,D29,0,590,ok,0
455,15.167,1780168758,D18,169,885,ok,0
455,15.167,1780168758,D6,-15,618,ok,0
455,15.167,1780168758,D11,0,587,interpolated,0
455,15.167,1780168758,G34,-6,362,interpolated,0
455,15.167,1780168758,D21,-17,619,interpolated,0
455,15.167,1780168758,G40,521,503,interpolated,0
456,15.200,1780168758,G6,173,98,ok,0
456,15.200,1780168758,G1,221,119,ok,0
456,15.200,1780168758,G9,200,120,ok,0
456,15.200,1780168758,G10,249,104,ok,0
456,15.200,1780168758,G13,207,93,ok,0
456,15.200,1780168758,G8,522,504,ok,0
456,15.200,1780168758,G39,521,503,ok,0
456,15.200,1780168758,G7,128,77,ok,0
456,15.200,1780168758,D22,247,642,ok,1
456,15.200,1780168758,D4,61,560,ok,0
456,15.200,1780168758,D25,399,592,ok,1
456,15.200,1780168758,D27,359,619,ok,1
456,15.200,1780168758,D2,402,796,ok,1
456,15.200,1780168758,D23,113,721,ok,1
456,15.200,1780168758,D10,241,897,ok,0
456,15.200,1780168758,D1,273,906,ok,0
456,15.200,1780168758,D7,0,882,ok,0
456,15.200,1780168758,D18,168,884,ok,0
456,15.200,1780168758,D29,-1,591,ok,0
456,15.200,1780168758,D24,-1,590,ok,0
456,15.200,1780168758,D6,-15,617,ok,0
456,15.200,1780168758,G4,266,77,interpolated,0
456,15.200,1780168758,D11,0,587,interpolated,0
456,15.200,1780168758,G34,-6,362,interpolated,0
456,15.200,1780168758,D21,-17,619,interpolated,0
456,15.200,1780168758,G40,521,503,interpolated,0
457,15.233,1780168758,G6,173,98,ok,0
457,15.233,1780168758,G1,221,119,ok,0
457,15.233,1780168758,G9,200,120,ok,0
457,15.233,1780168758,G10,249,104,ok,0
457,15.233,1780168758,G13,207,93,ok,0
457,15.233,1780168758,G8,522,504,ok,0
457,15.233,1780168758,G39,521,503,ok,0
457,15.233,1780168758,G7,128,77,ok,0
457,15.233,1780168758,D22,247,642,ok,1
457,15.233,1780168758,D4,61,560,ok,0
457,15.233,1780168758,D25,399,592,ok,1
457,15.233,1780168758,D27,359,619,ok,1
457,15.233,1780168758,D2,402,796,ok,1
457,15.233,1780168758,D23,113,721,ok,1
457,15.233,1780168758,D10,241,897,ok,0
457,15.233,1780168758,D1,273,906,ok,0
457,15.233,1780168758,D7,0,882,ok,0
457,15.233,1780168758,D18,168,884,ok,0
457,15.233,1780168758,D29,-1,591,ok,0
457,15.233,1780168758,D24,-1,590,ok,0
457,15.233,1780168758,D6,-15,617,ok,0
457,15.233,1780168758,G4,266,77,interpolated,0
457,15.233,1780168758,D11,0,587,interpolated,0
457,15.233,1780168758,G34,-6,362,interpolated,0
457,15.233,1780168758,D21,-17,619,interpolated,0
457,15.233,1780168758,G40,521,503,interpolated,0
458,15.267,1780168758,G6,173,98,ok,0
458,15.267,1780168758,G1,221,119,ok,0
458,15.267,1780168758,G9,201,121,ok,0
458,15.267,1780168758,G10,249,104,ok,0
458,15.267,1780168758,G13,207,93,ok,0
458,15.267,1780168758,G8,522,504,ok,0
458,15.267,1780168758,G39,521,503,ok,0
458,15.267,1780168758,G34,-6,362,ok,0
458,15.267,1780168758,D22,247,642,ok,1
458,15.267,1780168758,D25,397,592,ok,1
458,15.267,1780168758,D4,60,560,ok,0
458,15.267,1780168758,D27,360,622,ok,1
458,15.267,1780168758,D2,402,797,ok,1
458,15.267,1780168758,D23,113,722,ok,1
458,15.267,1780168758,D10,241,897,ok,0
458,15.267,1780168758,D1,272,906,ok,0
458,15.267,1780168758,D18,165,884,ok,0
458,15.267,1780168758,D7,0,882,ok,0
458,15.267,1780168758,D24,-1,590,ok,0
458,15.267,1780168758,D29,0,590,ok,0
458,15.267,1780168758,D6,-15,617,ok,0
458,15.267,1780168758,G4,266,77,interpolated,0
458,15.267,1780168758,G7,128,77,interpolated,0
458,15.267,1780168758,D11,0,587,interpolated,0
458,15.267,1780168758,D21,-17,619,interpolated,0
458,15.267,1780168758,G40,521,503,interpolated,0
459,15.300,1780168758,G6,173,98,ok,0
459,15.300,1780168758,G1,221,119,ok,0
459,15.300,1780168758,G9,201,121,ok,0
459,15.300,1780168758,G10,250,105,ok,0
459,15.300,1780168758,G13,207,93,ok,0
459,15.300,1780168758,G39,521,503,ok,0
459,15.300,1780168758,G8,522,504,ok,0
459,15.300,1780168758,G4,266,77,ok,0
459,15.300,1780168758,D25,396,593,ok,1
459,15.300,1780168758,D22,247,642,ok,1
459,15.300,1780168758,D4,60,560,ok,0
459,15.300,1780168758,D27,360,627,ok,1
459,15.300,1780168758,D2,403,798,ok,1
459,15.300,1780168758,D23,113,722,ok,1
459,15.300,1780168758,D10,241,897,ok,0
459,15.300,1780168758,D1,270,906,ok,0
459,15.300,1780168758,D18,162,884,ok,0
459,15.300,1780168758,D7,0,882,ok,0
459,15.300,1780168758,D24,-1,590,ok,0
459,15.300,1780168758,D29,0,590,ok,0
459,15.300,1780168758,G7,128,77,interpolated,0
459,15.300,1780168758,D6,-15,617,interpolated,0
459,15.300,1780168758,D11,0,587,interpolated,0
459,15.300,1780168758,G34,-6,362,interpolated,0
459,15.300,1780168758,D21,-17,619,interpolated,0
459,15.300,1780168758,G40,521,503,interpolated,0
460,15.333,1780168758,G6,173,97,ok,0
460,15.333,1780168758,G9,201,121,ok,0
460,15.333,1780168758,G1,221,119,ok,0
460,15.333,1780168758,G10,251,104,ok,0
460,15.333,1780168758,G13,208,93,ok,0
460,15.333,1780168758,G7,126,77,ok,0
460,15.333,1780168758,G8,522,504,ok,0
460,15.333,1780168758,G39,521,503,ok,0
460,15.333,1780168758,G4,267,77,ok,0
460,15.333,1780168758,D25,395,593,ok,1
460,15.333,1780168758,D22,247,644,ok,1
460,15.333,1780168758,D4,60,561,ok,0
460,15.333,1780168758,D2,403,800,ok,1
460,15.333,1780168758,D27,360,628,ok,1
460,15.333,1780168758,D23,114,721,ok,1
460,15.333,1780168758,D10,241,897,ok,0
460,15.333,1780168758,D1,270,906,ok,0
460,15.333,1780168758,D7,0,882,ok,0
460,15.333,1780168758,D18,163,884,ok,0
460,15.333,1780168758,D29,0,590,ok,0
460,15.333,1780168758,D24,-1,590,ok,0
460,15.333,1780168758,D6,-15,617,ok,0
460,15.333,1780168758,D11,0,587,interpolated,0
460,15.333,1780168758,G34,-6,362,interpolated,0
460,15.333,1780168758,G40,521,503,interpolated,0
461,15.367,1780168758,G6,173,97,ok,0
461,15.367,1780168758,G1,221,119,ok,0
461,15.367,1780168758,G9,201,121,ok,0
461,15.367,1780168758,G10,251,104,ok,0
461,15.367,1780168758,G13,207,93,ok,0
461,15.367,1780168758,G7,125,77,ok,0
461,15.367,1780168758,G39,521,503,ok,0
461,15.367,1780168758,G8,521,504,ok,0
461,15.367,1780168758,G4,267,77,ok,0
461,15.367,1780168758,D25,392,594,ok,1
461,15.367,1780168758,D22,246,644,ok,1
461,15.367,1780168758,D4,61,561,ok,0
461,15.367,1780168758,D2,404,802,ok,1
461,15.367,1780168758,D23,115,721,ok,1
461,15.367,1780168758,D27,361,633,ok,1
461,15.367,1780168758,D18,160,884,ok,0
461,15.367,1780168758,D10,241,896,ok,0
461,15.367,1780168758,D1,270,905,ok,0
461,15.367,1780168758,D7,0,882,ok,0
461,15.367,1780168758,D29,0,590,ok,0
461,15.367,1780168758,D24,-1,590,ok,0
461,15.367,1780168758,D6,-15,617,interpolated,0
461,15.367,1780168758,D11,0,587,interpolated,0
461,15.367,1780168758,G34,-6,362,interpolated,0
461,15.367,1780168758,G40,521,503,interpolated,0
462,15.400,1780168758,G6,172,98,ok,0
462,15.400,1780168758,G1,221,119,ok,0
462,15.400,1780168758,G9,201,121,ok,0
462,15.400,1780168758,G10,251,104,ok,0
462,15.400,1780168758,G13,207,89,ok,0
462,15.400,1780168758,G40,522,503,ok,0
462,15.400,1780168758,G8,522,504,ok,0
462,15.400,1780168758,G39,521,503,ok,0
462,15.400,1780168758,G7,125,78,ok,0
462,15.400,1780168758,G34,-6,363,ok,0
462,15.400,1780168758,G41,523,503,ok,0
462,15.400,1780168758,D25,390,594,ok,1
462,15.400,1780168758,D22,246,644,ok,1
462,15.400,1780168758,D4,60,561,ok,0
462,15.400,1780168758,D2,405,802,ok,1
462,15.400,1780168758,D23,115,722,ok,1
462,15.400,1780168758,D27,360,634,ok,1
462,15.400,1780168758,D18,159,883,ok,0
462,15.400,1780168758,D10,241,896,ok,0
462,15.400,1780168758,D1,268,907,ok,0
462,15.400,1780168758,D7,0,882,ok,0
462,15.400,1780168758,D11,365,634,ok,1
462,15.400,1780168758,D24,-1,590,ok,0
462,15.400,1780168758,D29,0,590,ok,0
462,15.400,1780168758,D6,-15,617,ok,0
462,15.400,1780168758,G4,267,77,interpolated,0
463,15.433,1780168758,G1,221,119,ok,0
463,15.433,1780168758,G6,172,98,ok,0
463,15.433,1780168758,G9,201,121,ok,0
463,15.433,1780168758,G10,251,104,ok,0
463,15.433,1780168758,G13,207,89,ok,0
463,15.433,1780168758,G40,522,503,ok,0
463,15.433,1780168758,G8,522,504,ok,0
463,15.433,1780168758,G39,521,503,ok,0
463,15.433,1780168758,G7,125,78,ok,0
463,15.433,1780168758,G34,-6,363,ok,0
463,15.433,1780168758,G41,523,503,ok,0
463,15.433,1780168758,D25,390,594,ok,1
463,15.433,1780168758,D22,246,644,ok,1
463,15.433,1780168758,D4,60,561,ok,0
463,15.433,1780168758,D2,405,802,ok,1
463,15.433,1780168758,D23,116,722,ok,1
463,15.433,1780168758,D27,360,634,ok,1
463,15.433,1780168758,D18,159,883,ok,0
463,15.433,1780168758,D10,241,896,ok,0
463,15.433,1780168758,D1,268,907,ok,0
463,15.433,1780168758,D7,0,882,ok,0
463,15.433,1780168758,D11,365,634,ok,1
463,15.433,1780168758,D24,-1,590,ok,0
463,15.433,1780168758,D29,0,590,ok,0
463,15.433,1780168758,D6,-15,617,ok,0
463,15.433,1780168758,G4,267,77,interpolated,0
464,15.467,1780168758,G6,172,98,ok,0
464,15.467,1780168758,G1,221,119,ok,0
464,15.467,1780168758,G9,201,121,ok,0
464,15.467,1780168758,G10,252,104,ok,0
464,15.467,1780168758,G13,207,89,ok,0
464,15.467,1780168758,G40,522,503,ok,0
464,15.467,1780168758,G8,522,504,ok,0
464,15.467,1780168758,G39,522,502,ok,0
464,15.467,1780168758,G34,-6,363,ok,0
464,15.467,1780168758,G7,124,78,ok,0
464,15.467,1780168758,D25,389,594,ok,1
464,15.467,1780168758,D22,246,644,ok,1
464,15.467,1780168758,D4,61,561,ok,0
464,15.467,1780168758,D2,406,802,ok,1
464,15.467,1780168758,D23,116,721,ok,1
464,15.467,1780168758,D27,361,640,ok,1
464,15.467,1780168758,D18,158,884,ok,0
464,15.467,1780168758,D10,241,896,ok,0
464,15.467,1780168758,D1,266,911,ok,0
464,15.467,1780168758,D7,0,882,ok,0
464,15.467,1780168758,D24,-1,590,ok,0
464,15.467,1780168758,D29,0,590,ok,0
464,15.467,1780168758,D6,-15,617,ok,0
464,15.467,1780168758,G4,267,77,interpolated,0
464,15.467,1780168758,D11,365,634,interpolated,1
464,15.467,1780168758,G41,523,503,interpolated,0
465,15.500,1780168758,G1,221,119,ok,0
465,15.500,1780168758,G6,173,98,ok,0
465,15.500,1780168758,G9,201,122,ok,0
465,15.500,1780168758,G10,254,104,ok,0
465,15.500,1780168758,G13,207,88,ok,0
465,15.500,1780168758,G40,522,503,ok,0
465,15.500,1780168758,G8,522,504,ok,0
465,15.500,1780168758,G34,-6,363,ok,0
465,15.500,1780168758,G39,522,502,ok,0
465,15.500,1780168758,G7,124,78,ok,0
465,15.500,1780168758,D25,388,596,ok,1
465,15.500,1780168758,D22,245,643,ok,1
465,15.500,1780168758,D4,61,561,ok,0
465,15.500,1780168758,D11,361,634,ok,1
465,15.500,1780168758,D23,116,722,ok,1
465,15.500,1780168758,D2,405,801,ok,1
465,15.500,1780168758,D18,157,884,ok,0
465,15.500,1780168758,D10,241,896,ok,0
465,15.500,1780168758,D1,264,911,ok,0
465,15.500,1780168758,D7,0,882,ok,0
465,15.500,1780168758,D24,-1,590,ok,0
465,15.500,1780168758,D29,0,590,ok,0
465,15.500,1780168758,D6,-15,617,ok,0
465,15.500,1780168758,G4,267,77,interpolated,0
465,15.500,1780168758,D27,361,640,interpolated,1
465,15.500,1780168758,G41,523,503,interpolated,0
466,15.533,1780168758,G1,221,119,ok,0
466,15.533,1780168758,G6,173,98,ok,0
466,15.533,1780168758,G9,201,122,ok,0
466,15.533,1780168758,G10,255,104,ok,0
466,15.533,1780168758,G13,207,87,ok,0
466,15.533,1780168758,G40,522,503,ok,0
466,15.533,1780168758,G8,522,504,ok,0
466,15.533,1780168758,G39,521,503,ok,0
466,15.533,1780168758,G34,-6,363,ok,0
466,15.533,1780168758,G4,267,76,ok,0
466,15.533,1780168758,D25,388,598,ok,1
466,15.533,1780168758,D22,245,642,ok,1
466,15.533,1780168758,D4,60,561,ok,0
466,15.533,1780168758,D11,362,634,ok,1
466,15.533,1780168758,D23,119,720,ok,1
466,15.533,1780168758,D2,406,801,ok,1
466,15.533,1780168758,D10,241,896,ok,0
466,15.533,1780168758,D18,157,883,ok,0
466,15.533,1780168758,D7,0,882,ok,0
466,15.533,1780168758,D1,262,912,ok,0
466,15.533,1780168758,D29,0,590,ok,0
466,15.533,1780168758,D24,-1,590,ok,0
466,15.533,1780168758,D6,-15,618,ok,0
466,15.533,1780168758,G7,124,78,interpolated,0
466,15.533,1780168758,D27,361,640,interpolated,1
466,15.533,1780168758,G41,523,503,interpolated,0
467,15.567,1780168758,G6,173,98,ok,0
467,15.567,1780168758,G1,221,119,ok,0
467,15.567,1780168758,G9,200,121,ok,0
467,15.567,1780168758,G10,255,104,ok,0
467,15.567,1780168758,G13,207,87,ok,0
467,15.567,1780168758,G40,522,503,ok,0
467,15.567,1780168758,G8,522,504,ok,0
467,15.567,1780168758,G39,521,503,ok,0
467,15.567,1780168758,G34,-6,363,ok,0
467,15.567,1780168758,G4,242,68,ok,0
467,15.567,1780168758,D22,245,642,ok,1
467,15.567,1780168758,D4,60,561,ok,0
467,15.567,1780168758,D25,388,600,ok,1
467,15.567,1780168758,D23,120,720,ok,1
467,15.567,1780168758,D11,362,634,ok,1
467,15.567,1780168758,D2,406,801,ok,1
467,15.567,1780168758,D10,241,896,ok,0
467,15.567,1780168758,D18,156,883,ok,0
467,15.567,1780168758,D7,0,882,ok,0
467,15.567,1780168758,D1,259,912,ok,0
467,15.567,1780168758,D24,-1,590,ok,0
467,15.567,1780168758,D29,0,590,ok,0
467,15.567,1780168758,D6,-15,618,ok,0
467,15.567,1780168758,G7,124,78,interpolated,0
467,15.567,1780168758,D27,361,640,interpolated,1
467,15.567,1780168758,G41,523,503,interpolated,0
468,15.600,1780168758,G6,173,97,ok,0
468,15.600,1780168758,G1,221,119,ok,0
468,15.600,1780168758,G9,200,121,ok,0
468,15.600,1780168758,G10,256,104,ok,0
468,15.600,1780168758,G13,207,87,ok,0
468,15.600,1780168758,G4,242,69,ok,0
468,15.600,1780168758,G34,-6,364,ok,0
468,15.600,1780168758,G8,521,505,ok,0
468,15.600,1780168758,D22,245,642,ok,1
468,15.600,1780168758,D4,60,561,ok,0
468,15.600,1780168758,D25,387,601,ok,1
468,15.600,1780168758,D23,121,720,ok,1
468,15.600,1780168758,D2,406,801,ok,1
468,15.600,1780168758,D11,365,634,ok,1
468,15.600,1780168758,D10,241,896,ok,0
468,15.600,1780168758,D18,156,883,ok,0
468,15.600,1780168758,D7,0,881,ok,0
468,15.600,1780168758,D1,259,912,ok,0
468,15.600,1780168758,D29,0,589,ok,0
468,15.600,1780168758,D24,-1,590,ok,0
468,15.600,1780168758,D6,-15,617,ok,0
468,15.600,1780168758,G7,124,78,interpolated,0
468,15.600,1780168758,G39,521,503,interpolated,0
468,15.600,1780168758,D27,361,640,interpolated,1
468,15.600,1780168758,G40,522,503,interpolated,0
468,15.600,1780168758,G41,523,503,interpolated,0
469,15.633,1780168758,G6,173,97,ok,0
469,15.633,1780168758,G1,221,119,ok,0
469,15.633,1780168758,G9,200,121,ok,0
469,15.633,1780168758,G10,256,104,ok,0
469,15.633,1780168758,G13,207,87,ok,0
469,15.633,1780168758,G40,522,504,ok,0
469,15.633,1780168758,G34,-6,364,ok,0
469,15.633,1780168758,G4,242,69,ok,0
469,15.633,1780168758,G8,522,504,ok,0
469,15.633,1780168758,D22,245,642,ok,1
469,15.633,1780168758,D4,60,561,ok,0
469,15.633,1780168758,D25,387,601,ok,1
469,15.633,1780168758,D23,121,720,ok,1
469,15.633,1780168758,D2,406,801,ok,1
469,15.633,1780168758,D11,365,634,ok,1
469,15.633,1780168758,D10,242,896,ok,0
469,15.633,1780168758,D18,156,883,ok,0
469,15.633,1780168758,D7,0,881,ok,0
469,15.633,1780168758,D1,259,912,ok,0
469,15.633,1780168758,D29,0,589,ok,0
469,15.633,1780168758,D24,-1,590,ok,0
469,15.633,1780168758,D6,-15,618,ok,0
469,15.633,1780168758,G7,124,78,interpolated,0
469,15.633,1780168758,G39,521,503,interpolated,0
469,15.633,1780168758,D27,361,640,interpolated,1
469,15.633,1780168758,G41,523,503,interpolated,0
470,15.667,1780168758,G9,200,121,ok,0
470,15.667,1780168758,G6,173,97,ok,0
470,15.667,1780168758,G1,222,119,ok,0
470,15.667,1780168758,G10,256,104,ok,0
470,15.667,1780168758,G13,207,87,ok,0
470,15.667,1780168758,G4,242,69,ok,0
470,15.667,1780168758,G8,522,504,ok,0
470,15.667,1780168758,G39,522,502,ok,0
470,15.667,1780168758,G7,124,78,ok,0
470,15.667,1780168758,G34,-6,364,ok,0
470,15.667,1780168758,D4,60,560,ok,0
470,15.667,1780168758,D22,244,642,ok,1
470,15.667,1780168758,D25,386,604,ok,1
470,15.667,1780168758,D23,121,720,ok,1
470,15.667,1780168758,D2,407,801,ok,1
470,15.667,1780168758,D11,366,636,ok,1
470,15.667,1780168758,D10,241,896,ok,0
470,15.667,1780168758,D18,156,883,ok,0
470,15.667,1780168758,D7,0,881,ok,0
470,15.667,1780168758,D1,257,911,ok,0
470,15.667,1780168758,D29,0,589,ok,0
470,15.667,1780168758,D24,-1,590,ok,0
470,15.667,1780168758,D6,-15,618,ok,0
470,15.667,1780168758,D27,361,640,interpolated,1
470,15.667,1780168758,G40,522,504,interpolated,0
470,15.667,1780168758,G41,523,503,interpolated,0
471,15.700,1780168758,G6,173,97,ok,0
471,15.700,1780168758,G9,200,121,ok,0
471,15.700,1780168758,G1,222,120,ok,0
471,15.700,1780168758,G10,257,104,ok,0
471,15.700,1780168758,G13,207,87,ok,0
471,15.700,1780168758,G4,242,70,ok,0
471,15.700,1780168758,G8,522,504,ok,0
471,15.700,1780168758,G39,522,502,ok,0
471,15.700,1780168758,G7,124,77,ok,0
471,15.700,1780168758,G41,267,77,ok,0
471,15.700,1780168758,D22,244,642,ok,1
471,15.700,1780168758,D25,384,604,ok,1
471,15.700,1780168758,D4,60,561,ok,0
471,15.700,1780168758,D11,365,639,ok,1
471,15.700,1780168758,D23,121,719,ok,1
471,15.700,1780168758,D2,409,801,ok,1
471,15.700,1780168758,D10,241,896,ok,0
471,15.700,1780168758,D18,154,883,ok,0
471,15.700,1780168758,D7,0,881,ok,0
471,15.700,1780168758,D1,256,911,ok,0
471,15.700,1780168758,D29,0,589,ok,0
471,15.700,1780168758,D24,-1,590,ok,0
471,15.700,1780168758,D6,-15,617,ok,0
471,15.700,1780168758,D27,0,590,ok,0
471,15.700,1780168758,D30,-15,615,ok,0
471,15.700,1780168758,G34,-6,364,interpolated,0
471,15.700,1780168758,G40,522,504,interpolated,0
472,15.733,1780168758,G6,173,98,ok,0
472,15.733,1780168758,G9,201,122,ok,0
472,15.733,1780168758,G1,222,120,ok,0
472,15.733,1780168758,G10,257,104,ok,0
472,15.733,1780168758,G4,242,71,ok,0
472,15.733,1780168758,G13,207,87,ok,0
472,15.733,1780168758,G8,522,504,ok,0
472,15.733,1780168758,G39,522,503,ok,0
472,15.733,1780168758,G7,124,78,ok,0
472,15.733,1780168758,D22,244,642,ok,1
472,15.733,1780168758,D25,382,605,ok,1
472,15.733,1780168758,D4,60,561,ok,0
472,15.733,1780168758,D11,367,640,ok,1
472,15.733,1780168758,D23,121,719,ok,1
472,15.733,1780168758,D2,410,801,ok,1
472,15.733,1780168758,D10,242,896,ok,0
472,15.733,1780168758,D1,255,911,ok,0
472,15.733,1780168758,D7,0,881,ok,0
472,15.733,1780168758,D18,152,883,ok,0
472,15.733,1780168758,D29,0,589,ok,0
472,15.733,1780168758,D6,-15,617,ok,0
472,15.733,1780168758,D27,0,590,ok,0
472,15.733,1780168758,D30,-15,615,ok,0
472,15.733,1780168758,G34,-6,364,interpolated,0
472,15.733,1780168758,D24,-1,590,interpolated,0
472,15.733,1780168758,G40,522,504,interpolated,0
472,15.733,1780168758,G41,267,77,interpolated,0
473,15.767,1780168758,G6,173,98,ok,0
473,15.767,1780168758,G9,202,122,ok,0
473,15.767,1780168758,G1,222,120,ok,0
473,15.767,1780168758,G10,257,104,ok,0
473,15.767,1780168758,G8,522,504,ok,0
473,15.767,1780168758,G13,208,88,ok,0
473,15.767,1780168758,G39,521,503,ok,0
473,15.767,1780168758,G7,124,78,ok,0
473,15.767,1780168758,D22,244,642,ok,1
473,15.767,1780168758,D25,380,606,ok,1
473,15.767,1780168758,D11,369,641,ok,1
473,15.767,1780168758,D4,60,561,ok,0
473,15.767,1780168758,D23,121,719,ok,1
473,15.767,1780168758,D2,412,801,ok,1
473,15.767,1780168758,D10,241,896,ok,0
473,15.767,1780168758,D7,0,881,ok,0
473,15.767,1780168758,D1,254,911,ok,0
473,15.767,1780168758,D18,152,883,ok,0
473,15.767,1780168758,D29,0,589,ok,0
473,15.767,1780168758,D24,-1,590,ok,0
473,15.767,1780168758,D6,-15,617,ok,0
473,15.767,1780168758,D27,0,590,ok,0
473,15.767,1780168758,D30,-15,615,ok,0
473,15.767,1780168758,D31,-9,606,ok,0
473,15.767,1780168758,G4,242,71,interpolated,0
473,15.767,1780168758,G34,-6,364,interpolated,0
473,15.767,1780168758,G40,522,504,interpolated,0
473,15.767,1780168758,G41,267,77,interpolated,0
474,15.800,1780168758,G6,173,98,ok,0
474,15.800,1780168758,G1,222,120,ok,0
474,15.800,1780168758,G9,202,122,ok,0
474,15.800,1780168758,G10,257,104,ok,0
474,15.800,1780168758,G8,522,504,ok,0
474,15.800,1780168758,G13,208,88,ok,0
474,15.800,1780168758,G39,521,503,ok,0
474,15.800,1780168758,G7,125,78,ok,0
474,15.800,1780168758,D4,60,561,ok,0
474,15.800,1780168758,D22,244,642,ok,1
474,15.800,1780168758,D25,378,606,ok,1
474,15.800,1780168758,D11,371,643,ok,1
474,15.800,1780168758,D23,120,720,ok,1
474,15.800,1780168758,D2,414,801,ok,1
474,15.800,1780168758,D10,241,896,ok,0
474,15.800,1780168758,D7,0,880,ok,0
474,15.800,1780168758,D18,151,883,ok,0
474,15.800,1780168758,D1,254,910,ok,0
474,15.800,1780168758,D29,0,589,ok,0
474,15.800,1780168758,D6,-15,617,ok,0
474,15.800,1780168758,D27,0,590,ok,0
474,15.800,1780168758,D30,-15,615,ok,0
474,15.800,1780168758,G4,242,71,interpolated,0
474,15.800,1780168758,G34,-6,364,interpolated,0
474,15.800,1780168758,D24,-1,590,interpolated,0
474,15.800,1780168758,G40,522,504,interpolated,0
474,15.800,1780168758,G41,267,77,interpolated,0
474,15.800,1780168758,D31,-9,606,interpolated,0
475,15.833,1780168758,G6,173,98,ok,0
475,15.833,1780168758,G1,222,120,ok,0
475,15.833,1780168758,G9,202,122,ok,0
475,15.833,1780168758,G10,257,104,ok,0
475,15.833,1780168758,G8,522,504,ok,0
475,15.833,1780168758,G13,208,88,ok,0
475,15.833,1780168758,G39,521,503,ok,0
475,15.833,1780168758,G7,125,78,ok,0
475,15.833,1780168758,D4,60,561,ok,0
475,15.833,1780168758,D22,244,642,ok,1
475,15.833,1780168758,D25,378,606,ok,1
475,15.833,1780168758,D11,371,644,ok,1
475,15.833,1780168758,D23,120,720,ok,1
475,15.833,1780168758,D2,414,801,ok,1
475,15.833,1780168758,D10,241,896,ok,0
475,15.833,1780168758,D7,0,880,ok,0
475,15.833,1780168758,D18,151,883,ok,0
475,15.833,1780168758,D1,254,910,ok,0
475,15.833,1780168758,D29,0,589,ok,0
475,15.833,1780168758,D6,-15,617,ok,0
475,15.833,1780168758,D27,0,590,ok,0
475,15.833,1780168758,D30,-15,615,ok,0
475,15.833,1780168758,G4,242,71,interpolated,0
475,15.833,1780168758,G34,-6,364,interpolated,0
475,15.833,1780168758,D24,-1,590,interpolated,0
475,15.833,1780168758,G40,522,504,interpolated,0
475,15.833,1780168758,G41,267,77,interpolated,0
475,15.833,1780168758,D31,-9,606,interpolated,0
476,15.867,1780168758,G6,173,98,ok,0
476,15.867,1780168758,G1,222,120,ok,0
476,15.867,1780168758,G9,201,121,ok,0
476,15.867,1780168758,G10,257,105,ok,0
476,15.867,1780168758,G7,126,79,ok,0
476,15.867,1780168758,G13,208,88,ok,0
476,15.867,1780168758,G8,522,504,ok,0
476,15.867,1780168758,G39,521,503,ok,0
476,15.867,1780168758,G4,241,75,ok,0
476,15.867,1780168758,D4,60,561,ok,0
476,15.867,1780168758,D11,371,644,ok,1
476,15.867,1780168758,D22,244,643,ok,1
476,15.867,1780168758,D25,377,607,ok,1
476,15.867,1780168758,D23,120,719,ok,1
476,15.867,1780168758,D2,415,801,ok,1
476,15.867,1780168758,D10,241,897,ok,0
476,15.867,1780168758,D7,0,881,ok,0
476,15.867,1780168758,D29,0,589,ok,0
476,15.867,1780168758,D1,253,910,ok,0
476,15.867,1780168758,D18,149,883,ok,0
476,15.867,1780168758,D6,-15,617,ok,0
476,15.867,1780168758,D27,0,590,ok,0
476,15.867,1780168758,D30,-15,615,ok,0
476,15.867,1780168758,G34,-6,364,interpolated,0
476,15.867,1780168758,D24,-1,590,interpolated,0
476,15.867,1780168758,G40,522,504,interpolated,0
476,15.867,1780168758,G41,267,77,interpolated,0
476,15.867,1780168758,D31,-9,606,interpolated,0
477,15.900,1780168758,G6,173,98,ok,0
477,15.900,1780168758,G1,222,120,ok,0
477,15.900,1780168758,G9,200,121,ok,0
477,15.900,1780168758,G10,257,104,ok,0
477,15.900,1780168758,G13,208,88,ok,0
477,15.900,1780168758,G8,522,503,ok,0
477,15.900,1780168758,G4,240,76,ok,0
477,15.900,1780168758,G39,521,503,ok,0
477,15.900,1780168758,G7,125,79,ok,0
477,15.900,1780168758,G40,523,503,ok,0
477,15.900,1780168758,D11,371,643,ok,1
477,15.900,1780168758,D4,60,561,ok,0
477,15.900,1780168758,D22,243,644,ok,1
477,15.900,1780168758,D25,377,608,ok,1
477,15.900,1780168758,D23,120,720,ok,1
477,15.900,1780168758,D2,415,801,ok,1
477,15.900,1780168758,D10,240,896,ok,0
477,15.900,1780168758,D7,0,881,ok,0
477,15.900,1780168758,D29,0,589,ok,0
477,15.900,1780168758,D18,148,882,ok,0
477,15.900,1780168758,D6,-15,617,ok,0
477,15.900,1780168758,D27,0,590,ok,0
477,15.900,1780168758,D1,253,910,ok,0
477,15.900,1780168758,D30,-15,615,ok,0
477,15.900,1780168758,G34,-6,364,interpolated,0
477,15.900,1780168758,D24,-1,590,interpolated,0
477,15.900,1780168758,G41,267,77,interpolated,0
477,15.900,1780168758,D31,-9,606,interpolated,0
478,15.933,1780168758,G6,173,98,ok,0
478,15.933,1780168758,G1,222,120,ok,0
478,15.933,1780168758,G9,200,121,ok,0
478,15.933,1780168758,G10,257,103,ok,0
478,15.933,1780168758,G13,210,90,ok,0
478,15.933,1780168758,G8,522,503,ok,0
478,15.933,1780168758,G39,522,503,ok,0
478,15.933,1780168758,G7,126,80,ok,0
478,15.933,1780168758,G40,523,503,ok,0
478,15.933,1780168758,G4,240,76,ok,0
478,15.933,1780168758,D22,243,643,ok,1
478,15.933,1780168758,D4,60,561,ok,0
478,15.933,1780168758,D11,370,643,ok,1
478,15.933,1780168758,D25,377,609,ok,1
478,15.933,1780168758,D23,119,720,ok,1
478,15.933,1780168758,D2,416,802,ok,1
478,15.933,1780168758,D10,240,896,ok,0
478,15.933,1780168758,D18,147,882,ok,0
478,15.933,1780168758,D7,0,881,ok,0
478,15.933,1780168758,D29,0,589,ok,0
478,15.933,1780168758,D6,-15,617,ok,0
478,15.933,1780168758,D27,0,590,ok,0
478,15.933,1780168758,D30,-15,615,ok,0
478,15.933,1780168758,D1,253,910,interpolated,0
478,15.933,1780168758,G34,-6,364,interpolated,0
478,15.933,1780168758,D24,-1,590,interpolated,0
478,15.933,1780168758,G41,267,77,interpolated,0
478,15.933,1780168758,D31,-9,606,interpolated,0
479,15.967,1780168758,G6,173,98,ok,0
479,15.967,1780168758,G1,222,120,ok,0
479,15.967,1780168758,G9,199,121,ok,0
479,15.967,1780168758,G10,256,102,ok,0
479,15.967,1780168758,G13,210,88,ok,0
479,15.967,1780168758,G4,240,77,ok,0
479,15.967,1780168758,G8,522,503,ok,0
479,15.967,1780168758,G39,521,503,ok,0
479,15.967,1780168758,G40,523,503,ok,0
479,15.967,1780168758,D4,60,561,ok,0
479,15.967,1780168758,D11,369,642,ok,1
479,15.967,1780168758,D25,376,609,ok,1
479,15.967,1780168758,D22,244,641,ok,1
479,15.967,1780168758,D23,118,720,ok,1
479,15.967,1780168758,D2,417,801,ok,1
479,15.967,1780168758,D18,144,883,ok,0
479,15.967,1780168758,D10,240,896,ok,0
479,15.967,1780168758,D7,0,881,ok,0
479,15.967,1780168758,D29,0,589,ok,0
479,15.967,1780168758,D1,245,898,ok,0
479,15.967,1780168758,D6,-15,617,ok,0
479,15.967,1780168758,D27,0,590,ok,0
479,15.967,1780168758,D31,-12,614,ok,0
479,15.967,1780168758,D30,-15,615,ok,0
479,15.967,1780168758,G7,126,80,interpolated,0
479,15.967,1780168758,G34,-6,364,interpolated,0
479,15.967,1780168758,D24,-1,590,interpolated,0
479,15.967,1780168758,G41,267,77,interpolated,0
480,16.000,1780168759,G6,173,98,ok,0
480,16.000,1780168759,G1,223,120,ok,0
480,16.000,1780168759,G9,199,121,ok,0
480,16.000,1780168759,G10,256,100,ok,0
480,16.000,1780168759,G13,209,88,ok,0
480,16.000,1780168759,G8,522,503,ok,0
480,16.000,1780168759,G39,521,503,ok,0
480,16.000,1780168759,G4,240,77,ok,0
480,16.000,1780168759,G7,126,79,ok,0
480,16.000,1780168759,G40,523,503,ok,0
480,16.000,1780168759,D4,59,561,ok,0
480,16.000,1780168759,D25,376,610,ok,1
480,16.000,1780168759,D23,117,720,ok,1
480,16.000,1780168759,D11,369,642,ok,1
480,16.000,1780168759,D22,246,639,ok,1
480,16.000,1780168759,D2,417,802,ok,1
480,16.000,1780168759,D1,244,897,ok,0
480,16.000,1780168759,D18,143,883,ok,0
480,16.000,1780168759,D7,0,881,ok,0
480,16.000,1780168759,D24,-1,591,ok,0
480,16.000,1780168759,D6,-15,617,ok,0
480,16.000,1780168759,D27,0,590,ok,0
480,16.000,1780168759,D30,-15,615,ok,0
480,16.000,1780168759,D10,240,896,interpolated,0
480,16.000,1780168759,G34,-6,364,interpolated,0
480,16.000,1780168759,D29,0,589,interpolated,0
480,16.000,1780168759,G41,267,77,interpolated,0
480,16.000,1780168759,D31,-12,614,interpolated,0
481,16.033,1780168759,G6,173,98,ok,0
481,16.033,1780168759,G1,223,120,ok,0
481,16.033,1780168759,G9,199,121,ok,0
481,16.033,1780168759,G10,256,100,ok,0
481,16.033,1780168759,G13,209,88,ok,0
481,16.033,1780168759,G8,522,503,ok,0
481,16.033,1780168759,G39,521,503,ok,0
481,16.033,1780168759,G7,126,79,ok,0
481,16.033,1780168759,G4,240,77,ok,0
481,16.033,1780168759,G40,523,503,ok,0
481,16.033,1780168759,D4,59,561,ok,0
481,16.033,1780168759,D25,376,610,ok,1
481,16.033,1780168759,D23,117,720,ok,1
481,16.033,1780168759,D11,369,642,ok,1
481,16.033,1780168759,D22,247,639,ok,1
481,16.033,1780168759,D2,417,802,ok,1
481,16.033,1780168759,D1,244,897,ok,0
481,16.033,1780168759,D18,143,883,ok,0
481,16.033,1780168759,D7,0,881,ok,0
481,16.033,1780168759,D24,-1,591,ok,0
481,16.033,1780168759,D6,-15,617,ok,0
481,16.033,1780168759,D27,0,590,ok,0
481,16.033,1780168759,D30,-15,615,ok,0
481,16.033,1780168759,D10,240,896,interpolated,0
481,16.033,1780168759,D29,0,589,interpolated,0
481,16.033,1780168759,G41,267,77,interpolated,0
481,16.033,1780168759,D31,-12,614,interpolated,0
482,16.067,1780168759,G6,173,98,ok,0
482,16.067,1780168759,G1,223,119,ok,0
482,16.067,1780168759,G9,199,121,ok,0
482,16.067,1780168759,G13,208,89,ok,0
482,16.067,1780168759,G10,256,99,ok,0
482,16.067,1780168759,G4,240,78,ok,0
482,16.067,1780168759,G8,522,503,ok,0
482,16.067,1780168759,G39,521,503,ok,0
482,16.067,1780168759,G7,126,79,ok,0
482,16.067,1780168759,G40,523,503,ok,0
482,16.067,1780168759,G34,-6,364,ok,0
482,16.067,1780168759,D25,376,609,ok,1
482,16.067,1780168759,D4,60,561,ok,0
482,16.067,1780168759,D11,368,642,ok,1
482,16.067,1780168759,D22,248,637,ok,1
482,16.067,1780168759,D23,115,720,ok,1
482,16.067,1780168759,D2,417,802,ok,1
482,16.067,1780168759,D10,241,896,ok,0
482,16.067,1780168759,D7,0,881,ok,0
482,16.067,1780168759,D18,143,883,ok,0
482,16.067,1780168759,D29,0,589,ok,0
482,16.067,1780168759,D24,-1,590,ok,0
482,16.067,1780168759,D6,-14,617,ok,0
482,16.067,1780168759,D27,0,590,ok,0
482,16.067,1780168759,D30,-15,615,ok,0
482,16.067,1780168759,D1,244,897,interpolated,0
482,16.067,1780168759,D31,-12,614,interpolated,0
483,16.100,1780168759,G6,173,98,ok,0
483,16.100,1780168759,G9,199,121,ok,0
483,16.100,1780168759,G1,223,119,ok,0
483,16.100,1780168759,G13,208,89,ok,0
483,16.100,1780168759,G10,256,98,ok,0
483,16.100,1780168759,G8,522,503,ok,0
483,16.100,1780168759,G4,239,79,ok,0
483,16.100,1780168759,G39,521,503,ok,0
483,16.100,1780168759,G40,523,503,ok,0
483,16.100,1780168759,G7,126,79,ok,0
483,16.100,1780168759,D11,368,643,ok,1
483,16.100,1780168759,D25,375,609,ok,1
483,16.100,1780168759,D22,250,635,ok,1
483,16.100,1780168759,D4,60,561,ok,0
483,16.100,1780168759,D23,114,720,ok,1
483,16.100,1780168759,D2,419,805,ok,1
483,16.100,1780168759,D10,241,896,ok,0
483,16.100,1780168759,D18,142,883,ok,0
483,16.100,1780168759,D7,0,881,ok,0
483,16.100,1780168759,D29,0,589,ok,0
483,16.100,1780168759,D24,-1,590,ok,0
483,16.100,1780168759,D6,-15,617,ok,0
483,16.100,1780168759,D27,0,590,ok,0
483,16.100,1780168759,D31,-9,606,ok,0
483,16.100,1780168759,D30,-15,615,ok,0
483,16.100,1780168759,D1,244,897,interpolated,0
483,16.100,1780168759,G34,-6,364,interpolated,0
484,16.133,1780168759,G6,173,98,ok,0
484,16.133,1780168759,G9,199,121,ok,0
484,16.133,1780168759,G1,223,120,ok,0
484,16.133,1780168759,G13,208,89,ok,0
484,16.133,1780168759,G10,256,98,ok,0
484,16.133,1780168759,G4,240,79,ok,0
484,16.133,1780168759,G7,127,79,ok,0
484,16.133,1780168759,G39,522,504,ok,0
484,16.133,1780168759,G40,523,503,ok,0
484,16.133,1780168759,G8,522,503,ok,0
484,16.133,1780168759,D22,251,634,ok,1
484,16.133,1780168759,D11,367,645,ok,1
484,16.133,1780168759,D25,375,609,ok,1
484,16.133,1780168759,D4,59,561,ok,0
484,16.133,1780168759,D23,112,720,ok,1
484,16.133,1780168759,D2,421,813,ok,1
484,16.133,1780168759,D10,241,896,ok,0
484,16.133,1780168759,D18,141,883,ok,0
484,16.133,1780168759,D7,0,881,ok,0
484,16.133,1780168759,D24,-1,590,ok,0
484,16.133,1780168759,D27,-1,590,ok,0
484,16.133,1780168759,D6,-14,617,ok,0
484,16.133,1780168759,D30,-15,615,ok,0
484,16.133,1780168759,D1,244,897,interpolated,0
484,16.133,1780168759,D29,0,589,interpolated,0
484,16.133,1780168759,D31,-9,606,interpolated,0
484,16.133,1780168759,G34,-6,364,interpolated,0
485,16.167,1780168759,G6,173,98,ok,0
485,16.167,1780168759,G1,223,120,ok,0
485,16.167,1780168759,G9,198,121,ok,0
485,16.167,1780168759,G10,256,98,ok,0
485,16.167,1780168759,G13,208,89,ok,0
485,16.167,1780168759,G7,128,79,ok,0
485,16.167,1780168759,G39,521,506,ok,0
485,16.167,1780168759,D22,251,634,ok,1
485,16.167,1780168759,D25,375,609,ok,1
485,16.167,1780168759,D11,365,650,ok,1
485,16.167,1780168759,D4,59,561,ok,0
485,16.167,1780168759,D23,112,720,ok,1
485,16.167,1780168759,D10,241,897,ok,0
485,16.167,1780168759,D2,422,813,ok,1
485,16.167,1780168759,D7,0,881,ok,0
485,16.167,1780168759,D18,141,882,ok,0
485,16.167,1780168759,D29,0,589,ok,0
485,16.167,1780168759,D24,-1,590,ok,0
485,16.167,1780168759,D6,-14,617,ok,0
485,16.167,1780168759,D30,-15,615,ok,0
485,16.167,1780168759,G4,240,79,interpolated,0
485,16.167,1780168759,D1,244,897,interpolated,0
485,16.167,1780168759,G8,522,503,interpolated,0
485,16.167,1780168759,D27,-1,590,interpolated,0
485,16.167,1780168759,G40,523,503,interpolated,0
485,16.167,1780168759,D31,-9,606,interpolated,0
485,16.167,1780168759,G34,-6,364,interpolated,0
486,16.200,1780168759,G6,173,98,ok,0
486,16.200,1780168759,G1,223,120,ok,0
486,16.200,1780168759,G9,198,121,ok,0
486,16.200,1780168759,G13,208,89,ok,0
486,16.200,1780168759,G7,127,80,ok,0
486,16.200,1780168759,G10,257,98,ok,0
486,16.200,1780168759,G8,522,504,ok,0
486,16.200,1780168759,G4,239,79,ok,0
486,16.200,1780168759,G39,521,504,ok,0
486,16.200,1780168759,D25,375,609,ok,1
486,16.200,1780168759,D11,365,655,ok,1
486,16.200,1780168759,D22,251,635,ok,1
486,16.200,1780168759,D4,59,561,ok,0
486,16.200,1780168759,D23,112,720,ok,1
486,16.200,1780168759,D10,241,897,ok,0
486,16.200,1780168759,D2,421,809,ok,1
486,16.200,1780168759,D18,140,882,ok,0
486,16.200,1780168759,D7,0,881,ok,0
486,16.200,1780168759,D24,0,590,ok,0
486,16.200,1780168759,D29,0,589,ok,0
486,16.200,1780168759,D1,244,897,interpolated,0
486,16.200,1780168759,D6,-14,617,interpolated,0
486,16.200,1780168759,D27,-1,590,interpolated,0
486,16.200,1780168759,G40,523,503,interpolated,0
486,16.200,1780168759,D30,-15,615,interpolated,0
486,16.200,1780168759,D31,-9,606,interpolated,0
486,16.200,1780168759,G34,-6,364,interpolated,0
487,16.233,1780168759,G6,173,98,ok,0
487,16.233,1780168759,G1,223,120,ok,0
487,16.233,1780168759,G9,198,121,ok,0
487,16.233,1780168759,G13,208,89,ok,0
487,16.233,1780168759,G7,127,80,ok,0
487,16.233,1780168759,G10,257,98,ok,0
487,16.233,1780168759,G8,522,504,ok,0
487,16.233,1780168759,G4,239,79,ok,0
487,16.233,1780168759,G39,521,504,ok,0
487,16.233,1780168759,D25,375,609,ok,1
487,16.233,1780168759,D11,365,655,ok,1
487,16.233,1780168759,D22,251,635,ok,1
487,16.233,1780168759,D4,59,561,ok,0
487,16.233,1780168759,D23,112,719,ok,1
487,16.233,1780168759,D10,241,897,ok,0
487,16.233,1780168759,D2,421,809,ok,1
487,16.233,1780168759,D18,140,882,ok,0
487,16.233,1780168759,D7,0,881,ok,0
487,16.233,1780168759,D29,0,589,ok,0
487,16.233,1780168759,D24,0,588,ok,0
487,16.233,1780168759,D1,244,897,interpolated,0
487,16.233,1780168759,D6,-14,617,interpolated,0
487,16.233,1780168759,D27,-1,590,interpolated,0
487,16.233,1780168759,G40,523,503,interpolated,0
487,16.233,1780168759,D30,-15,615,interpolated,0
487,16.233,1780168759,D31,-9,606,interpolated,0
487,16.233,1780168759,G34,-6,364,interpolated,0
488,16.267,1780168759,G6,173,98,ok,0
488,16.267,1780168759,G1,222,120,ok,0
488,16.267,1780168759,G9,198,121,ok,0
488,16.267,1780168759,G7,128,80,ok,0
488,16.267,1780168759,G13,209,89,ok,0
488,16.267,1780168759,G8,522,504,ok,0
488,16.267,1780168759,G10,257,99,ok,0
488,16.267,1780168759,G4,239,79,ok,0
488,16.267,1780168759,G39,521,504,ok,0
488,16.267,1780168759,D25,375,609,ok,1
488,16.267,1780168759,D22,251,636,ok,1
488,16.267,1780168759,D4,59,561,ok,0
488,16.267,1780168759,D11,365,662,ok,1
488,16.267,1780168759,D23,112,721,ok,1
488,16.267,1780168759,D2,420,805,ok,1
488,16.267,1780168759,D10,241,897,ok,0
488,16.267,1780168759,D18,140,882,ok,0
488,16.267,1780168759,D7,0,881,ok,0
488,16.267,1780168759,D29,0,589,ok,0
488,16.267,1780168759,D24,0,588,ok,0
488,16.267,1780168759,D1,244,897,interpolated,0
488,16.267,1780168759,D6,-14,617,interpolated,0
488,16.267,1780168759,D27,-1,590,interpolated,0
488,16.267,1780168759,G40,523,503,interpolated,0
488,16.267,1780168759,D30,-15,615,interpolated,0
488,16.267,1780168759,D31,-9,606,interpolated,0
488,16.267,1780168759,G34,-6,364,interpolated,0
489,16.300,1780168759,G6,173,98,ok,0
489,16.300,1780168759,G1,222,120,ok,0
489,16.300,1780168759,G9,199,121,ok,0
489,16.300,1780168759,G7,128,81,ok,0
489,16.300,1780168759,G4,238,79,ok,0
489,16.300,1780168759,G8,522,504,ok,0
489,16.300,1780168759,G13,209,89,ok,0
489,16.300,1780168759,G39,521,504,ok,0
489,16.300,1780168759,G10,257,99,ok,0
489,16.300,1780168759,D25,376,609,ok,1
489,16.300,1780168759,D22,251,636,ok,1
489,16.300,1780168759,D4,59,561,ok,0
489,16.300,1780168759,D11,365,666,ok,1
489,16.300,1780168759,D23,112,720,ok,1
489,16.300,1780168759,D2,421,805,ok,1
489,16.300,1780168759,D10,241,897,ok,0
489,16.300,1780168759,D18,140,881,ok,0
489,16.300,1780168759,D7,0,881,ok,0
489,16.300,1780168759,D29,0,589,ok,0
489,16.300,1780168759,D24,0,588,ok,0
489,16.300,1780168759,D1,229,910,ok,0
489,16.300,1780168759,D6,-14,617,interpolated,0
489,16.300,1780168759,D27,-1,590,interpolated,0
489,16.300,1780168759,G40,523,503,interpolated,0
489,16.300,1780168759,D30,-15,615,interpolated,0
489,16.300,1780168759,D31,-9,606,interpolated,0
489,16.300,1780168759,G34,-6,364,interpolated,0
490,16.333,1780168759,G6,173,98,ok,0
490,16.333,1780168759,G1,221,119,ok,0
490,16.333,1780168759,G9,198,121,ok,0
490,16.333,1780168759,G4,238,79,ok,0
490,16.333,1780168759,G7,128,81,ok,0
490,16.333,1780168759,G13,209,89,ok,0
490,16.333,1780168759,G8,522,504,ok,0
490,16.333,1780168759,G34,107,77,ok,0
490,16.333,1780168759,G39,522,503,ok,0
490,16.333,1780168759,G40,523,503,ok,0
490,16.333,1780168759,D22,252,636,ok,1
490,16.333,1780168759,D25,376,609,ok,1
490,16.333,1780168759,D4,59,561,ok,0
490,16.333,1780168759,D11,366,667,ok,1
490,16.333,1780168759,D23,112,721,ok,1
490,16.333,1780168759,D2,421,804,ok,1
490,16.333,1780168759,D10,241,897,ok,0
490,16.333,1780168759,D18,139,881,ok,0
490,16.333,1780168759,D7,0,881,ok,0
490,16.333,1780168759,D29,0,589,ok,0
490,16.333,1780168759,D24,0,588,ok,0
490,16.333,1780168759,D1,228,911,ok,0
490,16.333,1780168759,G10,257,99,interpolated,0
490,16.333,1780168759,D6,-14,617,interpolated,0
490,16.333,1780168759,D27,-1,590,interpolated,0
490,16.333,1780168759,D30,-15,615,interpolated,0
490,16.333,1780168759,D31,-9,606,interpolated,0
491,16.367,1780168759,G6,173,97,ok,0
491,16.367,1780168759,G1,221,119,ok,0
491,16.367,1780168759,G9,197,121,ok,0
491,16.367,1780168759,G4,238,79,ok,0
491,16.367,1780168759,G13,209,89,ok,0
491,16.367,1780168759,G7,128,80,ok,0
491,16.367,1780168759,G8,522,504,ok,0
491,16.367,1780168759,G39,521,504,ok,0
491,16.367,1780168759,G34,107,77,ok,0
491,16.367,1780168759,D22,253,636,ok,1
491,16.367,1780168759,D25,376,609,ok,1
491,16.367,1780168759,D4,59,561,ok,0
491,16.367,1780168759,D11,367,669,ok,1
491,16.367,1780168759,D23,111,722,ok,1
491,16.367,1780168759,D10,241,896,ok,0
491,16.367,1780168759,D2,423,808,ok,1
491,16.367,1780168759,D7,0,881,ok,0
491,16.367,1780168759,D18,138,882,ok,0
491,16.367,1780168759,D6,106,737,ok,1
491,16.367,1780168759,D29,0,589,ok,0
491,16.367,1780168759,D24,0,588,ok,0
491,16.367,1780168759,G10,257,99,interpolated,0
491,16.367,1780168759,D1,228,911,interpolated,0
491,16.367,1780168759,D27,-1,590,interpolated,0
491,16.367,1780168759,G40,523,503,interpolated,0
491,16.367,1780168759,D30,-15,615,interpolated,0
491,16.367,1780168759,D31,-9,606,interpolated,0
492,16.400,1780168759,G6,173,98,ok,0
492,16.400,1780168759,G9,196,121,ok,0
492,16.400,1780168759,G1,221,119,ok,0
492,16.400,1780168759,G13,209,89,ok,0
492,16.400,1780168759,G7,128,81,ok,0
492,16.400,1780168759,G4,238,79,ok,0
492,16.400,1780168759,G34,106,78,ok,0
492,16.400,1780168759,G8,522,504,ok,0
492,16.400,1780168759,G39,521,504,ok,0
492,16.400,1780168759,D22,254,636,ok,1
492,16.400,1780168759,D25,376,609,ok,1
492,16.400,1780168759,D4,59,561,ok,0
492,16.400,1780168759,D11,366,671,ok,1
492,16.400,1780168759,D23,111,726,ok,1
492,16.400,1780168759,D2,422,804,ok,1
492,16.400,1780168759,D10,241,896,ok,0
492,16.400,1780168759,D7,0,881,ok,0
492,16.400,1780168759,D1,227,911,ok,0
492,16.400,1780168759,D29,0,589,ok,0
492,16.400,1780168759,D18,137,882,ok,0
492,16.400,1780168759,D6,107,734,ok,1
492,16.400,1780168759,D27,-1,590,ok,0
492,16.400,1780168759,D30,-8,619,ok,0
492,16.400,1780168759,G10,257,99,interpolated,0
492,16.400,1780168759,D24,0,588,interpolated,0
492,16.400,1780168759,G40,523,503,interpolated,0
492,16.400,1780168759,D31,-9,606,interpolated,0
493,16.433,1780168759,G6,173,98,ok,0
493,16.433,1780168759,G9,196,121,ok,0
493,16.433,1780168759,G1,221,119,ok,0
493,16.433,1780168759,G13,209,89,ok,0
493,16.433,1780168759,G7,128,81,ok,0
493,16.433,1780168759,G4,238,79,ok,0
493,16.433,1780168759,G34,106,78,ok,0
493,16.433,1780168759,G8,522,504,ok,0
493,16.433,1780168759,G39,521,504,ok,0
493,16.433,1780168759,D22,254,636,ok,1
493,16.433,1780168759,D25,376,609,ok,1
493,16.433,1780168759,D4,59,561,ok,0
493,16.433,1780168759,D11,366,671,ok,1
493,16.433,1780168759,D23,111,726,ok,1
493,16.433,1780168759,D2,422,804,ok,1
493,16.433,1780168759,D10,241,896,ok,0
493,16.433,1780168759,D7,0,881,ok,0
493,16.433,1780168759,D29,0,589,ok,0
493,16.433,1780168759,D1,227,911,ok,0
493,16.433,1780168759,D18,137,882,ok,0
493,16.433,1780168759,D6,107,734,ok,1
493,16.433,1780168759,D27,-1,590,ok,0
493,16.433,1780168759,D30,-8,619,ok,0
493,16.433,1780168759,G10,257,99,interpolated,0
493,16.433,1780168759,D24,0,588,interpolated,0
493,16.433,1780168759,G40,523,503,interpolated,0
493,16.433,1780168759,D31,-9,606,interpolated,0
494,16.467,1780168759,G6,173,97,ok,0
494,16.467,1780168759,G9,196,121,ok,0
494,16.467,1780168759,G1,221,119,ok,0
494,16.467,1780168759,G4,238,79,ok,0
494,16.467,1780168759,G13,209,90,ok,0
494,16.467,1780168759,G7,128,81,ok,0
494,16.467,1780168759,G34,105,77,ok,0
494,16.467,1780168759,G8,522,504,ok,0
494,16.467,1780168759,G39,521,504,ok,0
494,16.467,1780168759,D22,255,637,ok,1
494,16.467,1780168759,D25,376,609,ok,1
494,16.467,1780168759,D11,366,676,ok,1
494,16.467,1780168759,D4,59,561,ok,0
494,16.467,1780168759,D6,107,733,ok,1
494,16.467,1780168759,D2,423,806,ok,1
494,16.467,1780168759,D10,241,897,ok,0
494,16.467,1780168759,D7,0,881,ok,0
494,16.467,1780168759,D18,135,882,ok,0
494,16.467,1780168759,D1,225,911,ok,0
494,16.467,1780168759,D29,0,589,ok,0
494,16.467,1780168759,D27,-1,590,ok,0
494,16.467,1780168759,D24,0,590,ok,0
494,16.467,1780168759,G10,257,99,interpolated,0
494,16.467,1780168759,D23,111,726,interpolated,1
494,16.467,1780168759,G40,523,503,interpolated,0
494,16.467,1780168759,D30,-8,619,interpolated,0
495,16.500,1780168759,G6,173,98,ok,0
495,16.500,1780168759,G1,221,119,ok,0
495,16.500,1780168759,G9,196,121,ok,0
495,16.500,1780168759,G4,238,79,ok,0
495,16.500,1780168759,G13,209,89,ok,0
495,16.500,1780168759,G7,128,81,ok,0
495,16.500,1780168759,G34,105,78,ok,0
495,16.500,1780168759,G8,522,504,ok,0
495,16.500,1780168759,G39,521,504,ok,0
495,16.500,1780168759,D22,255,638,ok,1
495,16.500,1780168759,D25,376,610,ok,1
495,16.500,1780168759,D4,59,561,ok,0
495,16.500,1780168759,D11,365,681,ok,1
495,16.500,1780168759,D2,423,806,ok,1
495,16.500,1780168759,D6,106,736,ok,1
495,16.500,1780168759,D10,241,897,ok,0
495,16.500,1780168759,D7,0,881,ok,0
495,16.500,1780168759,D18,133,881,ok,0
495,16.500,1780168759,D1,224,911,ok,0
495,16.500,1780168759,D29,0,589,ok,0
495,16.500,1780168759,D27,-1,590,ok,0
495,16.500,1780168759,G10,257,99,interpolated,0
495,16.500,1780168759,D23,111,726,interpolated,1
495,16.500,1780168759,D24,0,590,interpolated,0
495,16.500,1780168759,G40,523,503,interpolated,0
495,16.500,1780168759,D30,-8,619,interpolated,0
496,16.533,1780168759,G6,173,97,ok,0
496,16.533,1780168759,G1,221,119,ok,0
496,16.533,1780168759,G9,196,121,ok,0
496,16.533,1780168759,G4,238,79,ok,0
496,16.533,1780168759,G13,209,89,ok,0
496,16.533,1780168759,G7,128,81,ok,0
496,16.533,1780168759,G8,522,504,ok,0
496,16.533,1780168759,G39,522,504,ok,0
496,16.533,1780168759,G34,105,79,ok,0
496,16.533,1780168759,G10,-6,364,ok,0
496,16.533,1780168759,D22,255,640,ok,1
496,16.533,1780168759,D25,377,611,ok,1
496,16.533,1780168759,D4,59,561,ok,0
496,16.533,1780168759,D11,363,690,ok,1
496,16.533,1780168759,D2,424,807,ok,1
496,16.533,1780168759,D6,105,739,ok,1
496,16.533,1780168759,D10,241,897,ok,0
496,16.533,1780168759,D18,131,880,ok,0
496,16.533,1780168759,D7,0,882,ok,0
496,16.533,1780168759,D1,223,911,ok,0
496,16.533,1780168759,D29,0,589,ok,0
496,16.533,1780168759,D27,-1,590,ok,0
496,16.533,1780168759,D23,111,726,interpolated,1
496,16.533,1780168759,D24,0,590,interpolated,0
496,16.533,1780168759,G40,523,503,interpolated,0
496,16.533,1780168759,D30,-8,619,interpolated,0
497,16.567,1780168759,G6,173,98,ok,0
497,16.567,1780168759,G1,221,119,ok,0
497,16.567,1780168759,G9,196,121,ok,0
497,16.567,1780168759,G4,237,79,ok,0
497,16.567,1780168759,G13,209,89,ok,0
497,16.567,1780168759,G8,522,504,ok,0
497,16.567,1780168759,G7,129,81,ok,0
497,16.567,1780168759,G10,-6,364,ok,0
497,16.567,1780168759,G39,521,504,ok,0
497,16.567,1780168759,D22,257,643,ok,1
497,16.567,1780168759,D25,377,613,ok,1
497,16.567,1780168759,D11,360,698,ok,1
497,16.567,1780168759,D4,59,561,ok,0
497,16.567,1780168759,D2,424,809,ok,1
497,16.567,1780168759,D10,241,897,ok,0
497,16.567,1780168759,D6,103,743,ok,1
497,16.567,1780168759,D18,129,879,ok,0
497,16.567,1780168759,D7,0,882,ok,0
497,16.567,1780168759,D1,221,911,ok,0
497,16.567,1780168759,D29,0,589,ok,0
497,16.567,1780168759,D27,-1,590,ok,0
497,16.567,1780168759,D23,111,726,interpolated,1
497,16.567,1780168759,D24,0,590,interpolated,0
497,16.567,1780168759,G40,523,503,interpolated,0
497,16.567,1780168759,D30,-8,619,interpolated,0
497,16.567,1780168759,G34,105,79,interpolated,0
498,16.600,1780168759,G6,173,98,ok,0
498,16.600,1780168759,G1,221,119,ok,0
498,16.600,1780168759,G9,196,121,ok,0
498,16.600,1780168759,G4,237,79,ok,0
498,16.600,1780168759,G13,209,89,ok,0
498,16.600,1780168759,G7,129,81,ok,0
498,16.600,1780168759,G34,102,79,ok,0
498,16.600,1780168759,G8,522,504,ok,0
498,16.600,1780168759,G39,522,504,ok,0
498,16.600,1780168759,G10,-6,364,ok,0
498,16.600,1780168759,G40,522,503,ok,0
498,16.600,1780168759,D25,378,614,ok,1
498,16.600,1780168759,D22,259,648,ok,1
498,16.600,1780168759,D4,59,561,ok,0
498,16.600,1780168759,D11,360,699,ok,1
498,16.600,1780168759,D2,424,810,ok,1
498,16.600,1780168759,D6,104,745,ok,1
498,16.600,1780168759,D10,241,897,ok,0
498,16.600,1780168759,D18,128,880,ok,0
498,16.600,1780168759,D7,0,882,ok,0
498,16.600,1780168759,D1,221,911,ok,0
498,16.600,1780168759,D29,0,589,ok,0
498,16.600,1780168759,D27,-1,590,ok,0
498,16.600,1780168759,D24,0,590,ok,0
498,16.600,1780168759,D23,111,726,interpolated,1
498,16.600,1780168759,D30,-8,619,interpolated,0
499,16.633,1780168759,G6,173,98,ok,0
499,16.633,1780168759,G1,221,119,ok,0
499,16.633,1780168759,G9,196,121,ok,0
499,16.633,1780168759,G4,237,79,ok,0
499,16.633,1780168759,G13,209,89,ok,0
499,16.633,1780168759,G7,129,82,ok,0
499,16.633,1780168759,G34,102,79,ok,0
499,16.633,1780168759,G8,522,504,ok,0
499,16.633,1780168759,G39,522,504,ok,0
499,16.633,1780168759,G10,-6,364,ok,0
499,16.633,1780168759,G40,522,503,ok,0
499,16.633,1780168759,D25,378,614,ok,1
499,16.633,1780168759,D22,259,648,ok,1
499,16.633,1780168759,D4,59,561,ok,0
499,16.633,1780168759,D11,360,699,ok,1
499,16.633,1780168759,D2,424,810,ok,1
499,16.633,1780168759,D6,104,745,ok,1
499,16.633,1780168759,D10,241,897,ok,0
499,16.633,1780168759,D18,128,879,ok,0
499,16.633,1780168759,D7,0,882,ok,0
499,16.633,1780168759,D1,221,911,ok,0
499,16.633,1780168759,D29,0,589,ok,0
499,16.633,1780168759,D27,-1,590,ok,0
499,16.633,1780168759,D23,111,726,interpolated,1
499,16.633,1780168759,D24,0,590,interpolated,0
499,16.633,1780168759,D30,-8,619,interpolated,0
500,16.667,1780168759,G6,173,98,ok,0
500,16.667,1780168759,G1,221,119,ok,0
500,16.667,1780168759,G9,196,121,ok,0
500,16.667,1780168759,G4,237,79,ok,0
500,16.667,1780168759,G13,209,89,ok,0
500,16.667,1780168759,G7,129,81,ok,0
500,16.667,1780168759,G8,522,504,ok,0
500,16.667,1780168759,G39,522,504,ok,0
500,16.667,1780168759,G10,-6,364,ok,0
500,16.667,1780168759,G34,101,80,ok,0
500,16.667,1780168759,G40,521,503,ok,0
500,16.667,1780168759,D22,262,653,ok,1
500,16.667,1780168759,D25,378,614,ok,1
500,16.667,1780168759,D11,354,699,ok,1
500,16.667,1780168759,D4,59,561,ok,0
500,16.667,1780168759,D2,425,813,ok,1
500,16.667,1780168759,D6,103,746,ok,1
500,16.667,1780168759,D10,241,896,ok,0
500,16.667,1780168759,D18,128,876,ok,0
500,16.667,1780168759,D7,0,882,ok,0
500,16.667,1780168759,D1,220,911,ok,0
500,16.667,1780168759,D29,0,589,ok,0
500,16.667,1780168759,D27,-1,590,ok,0
500,16.667,1780168759,D23,111,726,interpolated,1
500,16.667,1780168759,D24,0,590,interpolated,0
500,16.667,1780168759,D30,-8,619,interpolated,0
501,16.700,1780168759,G6,173,98,ok,0
501,16.700,1780168759,G1,221,119,ok,0
501,16.700,1780168759,G9,197,121,ok,0
501,16.700,1780168759,G4,237,79,ok,0
501,16.700,1780168759,G13,208,90,ok,0
501,16.700,1780168759,G34,100,80,ok,0
501,16.700,1780168759,G7,129,81,ok,0
501,16.700,1780168759,G8,522,504,ok,0
501,16.700,1780168759,G39,522,504,ok,0
501,16.700,1780168759,G40,521,503,ok,0
501,16.700,1780168759,G10,-6,363,ok,0
501,16.700,1780168759,D25,379,614,ok,1
501,16.700,1780168759,D22,266,654,ok,1
501,16.700,1780168759,D4,59,561,ok,0
501,16.700,1780168759,D2,426,813,ok,1
501,16.700,1780168759,D11,353,700,ok,1
501,16.700,1780168759,D6,104,746,ok,1
501,16.700,1780168759,D18,129,873,ok,0
501,16.700,1780168759,D10,241,897,ok,0
501,16.700,1780168759,D7,0,882,ok,0
501,16.700,1780168759,D1,219,909,ok,0
501,16.700,1780168759,D29,0,589,ok,0
501,16.700,1780168759,D24,0,590,ok,0
501,16.700,1780168759,D23,111,726,interpolated,1
501,16.700,1780168759,D27,-1,590,interpolated,0
501,16.700,1780168759,D30,-8,619,interpolated,0
502,16.733,1780168759,G6,173,98,ok,0
502,16.733,1780168759,G1,221,119,ok,0
502,16.733,1780168759,G9,196,121,ok,0
502,16.733,1780168759,G4,237,78,ok,0
502,16.733,1780168759,G13,208,91,ok,0
502,16.733,1780168759,G34,99,81,ok,0
502,16.733,1780168759,G7,129,82,ok,0
502,16.733,1780168759,G8,522,504,ok,0
502,16.733,1780168759,G10,-6,364,ok,0
502,16.733,1780168759,G40,522,503,ok,0
502,16.733,1780168759,G39,522,504,ok,0
502,16.733,1780168759,G42,523,503,ok,0
502,16.733,1780168759,D25,380,616,ok,1
502,16.733,1780168759,D22,269,655,ok,1
502,16.733,1780168759,D4,59,561,ok,0
502,16.733,1780168759,D11,351,702,ok,1
502,16.733,1780168759,D2,426,813,ok,1
502,16.733,1780168759,D6,104,745,ok,1
502,16.733,1780168759,D18,128,874,ok,0
502,16.733,1780168759,D10,241,897,ok,0
502,16.733,1780168759,D7,0,882,ok,0
502,16.733,1780168759,D1,217,909,ok,0
502,16.733,1780168759,D29,0,589,ok,0
502,16.733,1780168759,D24,0,590,ok,0
502,16.733,1780168759,D23,111,726,interpolated,1
502,16.733,1780168759,D27,-1,590,interpolated,0
502,16.733,1780168759,D30,-8,619,interpolated,0
503,16.767,1780168759,G6,173,98,ok,0
503,16.767,1780168759,G1,221,119,ok,0
503,16.767,1780168759,G9,196,121,ok,0
503,16.767,1780168759,G4,237,78,ok,0
503,16.767,1780168759,G13,207,92,ok,0
503,16.767,1780168759,G34,98,81,ok,0
503,16.767,1780168759,G8,522,504,ok,0
503,16.767,1780168759,G7,129,82,ok,0
503,16.767,1780168759,G40,522,503,ok,0
503,16.767,1780168759,G10,-6,364,ok,0
503,16.767,1780168759,G42,523,503,ok,0
503,16.767,1780168759,D25,380,619,ok,1
503,16.767,1780168759,D11,349,707,ok,1
503,16.767,1780168759,D22,270,655,ok,1
503,16.767,1780168759,D4,59,561,ok,0
503,16.767,1780168759,D2,426,813,ok,1
503,16.767,1780168759,D18,128,873,ok,0
503,16.767,1780168759,D6,104,745,ok,1
503,16.767,1780168759,D10,241,896,ok,0
503,16.767,1780168759,D1,215,908,ok,0
503,16.767,1780168759,D7,0,881,ok,0
503,16.767,1780168759,D29,0,589,ok,0
503,16.767,1780168759,D24,0,590,ok,0
503,16.767,1780168759,D23,111,726,interpolated,1
503,16.767,1780168759,G39,522,504,interpolated,0
503,16.767,1780168759,D27,-1,590,interpolated,0
503,16.767,1780168759,D30,-8,619,interpolated,0
504,16.800,1780168759,G6,173,98,ok,0
504,16.800,1780168759,G1,221,119,ok,0
504,16.800,1780168759,G9,197,121,ok,0
504,16.800,1780168759,G4,236,78,ok,0
504,16.800,1780168759,G13,207,92,ok,0
504,16.800,1780168759,G34,97,81,ok,0
504,16.800,1780168759,G7,129,82,ok,0
504,16.800,1780168759,G8,522,504,ok,0
504,16.800,1780168759,G39,521,504,ok,0
504,16.800,1780168759,G10,-6,364,ok,0
504,16.800,1780168759,D25,380,618,ok,1
504,16.800,1780168759,D11,346,714,ok,1
504,16.800,1780168759,D4,59,560,ok,0
504,16.800,1780168759,D22,271,656,ok,1
504,16.800,1780168759,D2,427,813,ok,1
504,16.800,1780168759,D6,104,745,ok,1
504,16.800,1780168759,D10,241,897,ok,0
504,16.800,1780168759,D18,128,873,ok,0
504,16.800,1780168759,D1,215,908,ok,0
504,16.800,1780168759,D7,0,881,ok,0
504,16.800,1780168759,D29,0,589,ok,0
504,16.800,1780168759,D24,0,590,ok,0
504,16.800,1780168759,D27,-1,590,interpolated,0
504,16.800,1780168759,G40,522,503,interpolated,0
504,16.800,1780168759,G42,523,503,interpolated,0
505,16.833,1780168759,G6,173,98,ok,0
505,16.833,1780168759,G1,221,119,ok,0
505,16.833,1780168759,G9,197,121,ok,0
505,16.833,1780168759,G4,236,78,ok,0
505,16.833,1780168759,G13,207,92,ok,0
505,16.833,1780168759,G34,97,81,ok,0
505,16.833,1780168759,G7,129,82,ok,0
505,16.833,1780168759,G8,522,504,ok,0
505,16.833,1780168759,G10,-6,364,ok,0
505,16.833,1780168759,G39,521,504,ok,0
505,16.833,1780168759,D25,380,618,ok,1
505,16.833,1780168759,D11,346,714,ok,1
505,16.833,1780168759,D4,59,560,ok,0
505,16.833,1780168759,D22,271,656,ok,1
505,16.833,1780168759,D2,427,813,ok,1
505,16.833,1780168759,D6,104,745,ok,1
505,16.833,1780168759,D10,241,897,ok,0
505,16.833,1780168759,D18,128,873,ok,0
505,16.833,1780168759,D1,215,908,ok,0
505,16.833,1780168759,D7,0,881,ok,0
505,16.833,1780168759,D29,0,589,ok,0
505,16.833,1780168759,D24,0,590,ok,0
505,16.833,1780168759,D27,-1,590,interpolated,0
505,16.833,1780168759,G40,522,503,interpolated,0
505,16.833,1780168759,G42,523,503,interpolated,0
506,16.867,1780168759,G6,173,97,ok,0
506,16.867,1780168759,G1,222,119,ok,0
506,16.867,1780168759,G9,196,121,ok,0
506,16.867,1780168759,G13,207,92,ok,0
506,16.867,1780168759,G4,236,78,ok,0
506,16.867,1780168759,G34,97,81,ok,0
506,16.867,1780168759,G7,129,82,ok,0
506,16.867,1780168759,G8,521,505,ok,0
506,16.867,1780168759,G39,521,504,ok,0
506,16.867,1780168759,D25,381,617,ok,1
506,16.867,1780168759,D11,344,717,ok,1
506,16.867,1780168759,D22,273,657,ok,1
506,16.867,1780168759,D4,59,560,ok,0
506,16.867,1780168759,D2,427,813,ok,1
506,16.867,1780168759,D6,104,746,ok,1
506,16.867,1780168759,D18,128,873,ok,0
506,16.867,1780168759,D10,241,897,ok,0
506,16.867,1780168759,D1,215,904,ok,0
506,16.867,1780168759,D7,0,881,ok,0
506,16.867,1780168759,D29,0,589,ok,0
506,16.867,1780168759,D27,-1,590,ok,0
506,16.867,1780168759,G10,-6,364,interpolated,0
506,16.867,1780168759,D24,0,590,interpolated,0
506,16.867,1780168759,G40,522,503,interpolated,0
506,16.867,1780168759,G42,523,503,interpolated,0
507,16.900,1780168759,G6,173,97,ok,0
507,16.900,1780168759,G1,222,119,ok,0
507,16.900,1780168759,G9,196,121,ok,0
507,16.900,1780168759,G4,237,78,ok,0
507,16.900,1780168759,G13,207,92,ok,0
507,16.900,1780168759,G7,129,82,ok,0
507,16.900,1780168759,G34,97,81,ok,0
507,16.900,1780168759,G8,521,505,ok,0
507,16.900,1780168759,G39,521,504,ok,0
507,16.900,1780168759,D25,381,615,ok,1
507,16.900,1780168759,D11,343,726,ok,1
507,16.900,1780168759,D4,59,560,ok,0
507,16.900,1780168759,D22,274,660,ok,1
507,16.900,1780168759,D2,428,813,ok,1
507,16.900,1780168759,D6,104,746,ok,1
507,16.900,1780168759,D10,241,897,ok,0
507,16.900,1780168759,D18,127,873,ok,0
507,16.900,1780168759,D1,215,904,ok,0
507,16.900,1780168759,D7,0,881,ok,0
507,16.900,1780168759,D29,0,589,ok,0
507,16.900,1780168759,D27,-1,590,ok,0
507,16.900,1780168759,G10,-6,364,interpolated,0
507,16.900,1780168759,D24,0,590,interpolated,0
507,16.900,1780168759,G40,522,503,interpolated,0
507,16.900,1780168759,G42,523,503,interpolated,0
508,16.933,1780168759,G6,173,97,ok,0
508,16.933,1780168759,G1,222,119,ok,0
508,16.933,1780168759,G9,196,121,ok,0
508,16.933,1780168759,G4,236,78,ok,0
508,16.933,1780168759,G13,207,93,ok,0
508,16.933,1780168759,G34,97,81,ok,0
508,16.933,1780168759,G7,129,82,ok,0
508,16.933,1780168759,G40,522,504,ok,0
508,16.933,1780168759,G39,521,504,ok,0
508,16.933,1780168759,D25,381,615,ok,1
508,16.933,1780168759,D4,59,560,ok,0
508,16.933,1780168759,D11,342,728,ok,1
508,16.933,1780168759,D22,276,664,ok,1
508,16.933,1780168759,D2,428,813,ok,1
508,16.933,1780168759,D6,104,746,ok,1
508,16.933,1780168759,D10,241,896,ok,0
508,16.933,1780168759,D18,126,872,ok,0
508,16.933,1780168759,D7,1,881,ok,0
508,16.933,1780168759,D1,214,904,ok,0
508,16.933,1780168759,D29,0,589,ok,0
508,16.933,1780168759,D27,-1,590,ok,0
508,16.933,1780168759,G10,-6,364,interpolated,0
508,16.933,1780168759,G8,521,505,interpolated,0
508,16.933,1780168759,D24,0,590,interpolated,0
508,16.933,1780168759,G42,523,503,interpolated,0
509,16.967,1780168759,G6,173,97,ok,0
509,16.967,1780168759,G1,222,119,ok,0
509,16.967,1780168759,G9,196,121,ok,0
509,16.967,1780168759,G4,236,77,ok,0
509,16.967,1780168759,G13,207,93,ok,0
509,16.967,1780168759,G34,97,82,ok,0
509,16.967,1780168759,G7,129,81,ok,0
509,16.967,1780168759,G39,521,504,ok,0
509,16.967,1780168759,G40,522,504,ok,0
509,16.967,1780168759,G8,521,503,ok,0
509,16.967,1780168759,D25,382,616,ok,1
509,16.967,1780168759,D22,278,667,ok,1
509,16.967,1780168759,D4,59,560,ok,0
509,16.967,1780168759,D11,341,731,ok,1
509,16.967,1780168759,D2,429,812,ok,1
509,16.967,1780168759,D6,104,746,ok,1
509,16.967,1780168759,D10,241,897,ok,0
509,16.967,1780168759,D18,124,872,ok,0
509,16.967,1780168759,D7,1,881,ok,0
509,16.967,1780168759,D1,213,904,ok,0
509,16.967,1780168759,D29,0,589,ok,0
509,16.967,1780168759,D24,0,590,ok,0
509,16.967,1780168759,G10,-6,364,interpolated,0
509,16.967,1780168759,D27,-1,590,interpolated,0
509,16.967,1780168759,G42,523,503,interpolated,0
510,17.000,1780168760,G6,173,97,ok,0
510,17.000,1780168760,G1,222,119,ok,0
510,17.000,1780168760,G9,196,121,ok,0
510,17.000,1780168760,G4,236,78,ok,0
510,17.000,1780168760,G13,206,96,ok,0
510,17.000,1780168760,G34,96,82,ok,0
510,17.000,1780168760,G7,129,81,ok,0
510,17.000,1780168760,G39,521,504,ok,0
510,17.000,1780168760,G40,522,504,ok,0
510,17.000,1780168760,G8,521,503,ok,0
510,17.000,1780168760,D25,383,617,ok,1
510,17.000,1780168760,D4,59,560,ok,0
510,17.000,1780168760,D11,338,732,ok,1
510,17.000,1780168760,D22,280,672,ok,1
510,17.000,1780168760,D2,430,811,ok,1
510,17.000,1780168760,D10,241,897,ok,0
510,17.000,1780168760,D6,104,746,ok,1
510,17.000,1780168760,D18,123,872,ok,0
510,17.000,1780168760,D1,212,904,ok,0
510,17.000,1780168760,D7,0,881,ok,0
510,17.000,1780168760,D29,0,589,ok,0
510,17.000,1780168760,D27,-1,590,ok,0
510,17.000,1780168760,G10,-6,364,interpolated,0
510,17.000,1780168760,D24,0,590,interpolated,0
510,17.000,1780168760,G42,523,503,interpolated,0
511,17.033,1780168760,G6,173,97,ok,0
511,17.033,1780168760,G1,222,119,ok,0
511,17.033,1780168760,G9,196,121,ok,0
511,17.033,1780168760,G4,236,78,ok,0
511,17.033,1780168760,G13,206,96,ok,0
511,17.033,1780168760,G7,129,81,ok,0
511,17.033,1780168760,G34,96,82,ok,0
511,17.033,1780168760,G39,521,504,ok,0
511,17.033,1780168760,G40,522,504,ok,0
511,17.033,1780168760,G8,521,503,ok,0
511,17.033,1780168760,D25,383,617,ok,1
511,17.033,1780168760,D4,59,560,ok,0
511,17.033,1780168760,D11,338,732,ok,1
511,17.033,1780168760,D22,280,672,ok,1
511,17.033,1780168760,D2,430,811,ok,1
511,17.033,1780168760,D6,104,746,ok,1
511,17.033,1780168760,D10,241,897,ok,0
511,17.033,1780168760,D18,123,872,ok,0
511,17.033,1780168760,D7,0,881,ok,0
511,17.033,1780168760,D1,212,904,ok,0
511,17.033,1780168760,D29,0,589,ok,0
511,17.033,1780168760,D27,-1,590,ok,0
511,17.033,1780168760,G10,-6,364,interpolated,0
511,17.033,1780168760,D24,0,590,interpolated,0
511,17.033,1780168760,G42,523,503,interpolated,0
512,17.067,1780168760,G6,173,98,ok,0
512,17.067,1780168760,G1,222,119,ok,0
512,17.067,1780168760,G9,197,122,ok,0
512,17.067,1780168760,G4,236,77,ok,0
512,17.067,1780168760,G7,128,81,ok,0
512,17.067,1780168760,G13,206,96,ok,0
512,17.067,1780168760,G39,521,504,ok,0
512,17.067,1780168760,G34,97,82,ok,0
512,17.067,1780168760,G40,522,504,ok,0
512,17.067,1780168760,G8,521,503,ok,0
512,17.067,1780168760,D25,384,618,ok,1
512,17.067,1780168760,D4,59,561,ok,0
512,17.067,1780168760,D11,336,736,ok,1
512,17.067,1780168760,D22,283,678,ok,1
512,17.067,1780168760,D2,431,810,ok,1
512,17.067,1780168760,D6,105,747,ok,1
512,17.067,1780168760,D10,241,897,ok,0
512,17.067,1780168760,D18,122,872,ok,0
512,17.067,1780168760,D1,211,904,ok,0
512,17.067,1780168760,D7,0,881,ok,0
512,17.067,1780168760,D24,0,588,ok,0
512,17.067,1780168760,D29,0,589,ok,0
512,17.067,1780168760,G10,-6,364,interpolated,0
512,17.067,1780168760,D27,-1,590,interpolated,0
512,17.067,1780168760,G42,523,503,interpolated,0
513,17.100,1780168760,G6,173,98,ok,0
513,17.100,1780168760,G1,222,119,ok,0
513,17.100,1780168760,G9,197,122,ok,0
513,17.100,1780168760,G4,236,77,ok,0
513,17.100,1780168760,G13,206,93,ok,0
513,17.100,1780168760,G7,128,81,ok,0
513,17.100,1780168760,G34,96,82,ok,0
513,17.100,1780168760,G39,521,504,ok,0
513,17.100,1780168760,G40,522,504,ok,0
513,17.100,1780168760,G8,521,503,ok,0
513,17.100,1780168760,D25,386,621,ok,1
513,17.100,1780168760,D4,59,561,ok,0
513,17.100,1780168760,D22,285,684,ok,1
513,17.100,1780168760,D11,336,741,ok,1
513,17.100,1780168760,D2,432,809,ok,1
513,17.100,1780168760,D6,105,749,ok,1
513,17.100,1780168760,D10,241,897,ok,0
513,17.100,1780168760,D18,121,872,ok,0
513,17.100,1780168760,D1,209,903,ok,0
513,17.100,1780168760,D7,0,881,ok,0
513,17.100,1780168760,D24,0,588,ok,0
513,17.100,1780168760,D29,0,589,ok,0
513,17.100,1780168760,G10,-6,364,interpolated,0
513,17.100,1780168760,D27,-1,590,interpolated,0
513,17.100,1780168760,G42,523,503,interpolated,0
514,17.133,1780168760,G6,173,98,ok,0
514,17.133,1780168760,G1,221,119,ok,0
514,17.133,1780168760,G9,196,121,ok,0
514,17.133,1780168760,G4,235,78,ok,0
514,17.133,1780168760,G34,96,82,ok,0
514,17.133,1780168760,G7,128,80,ok,0
514,17.133,1780168760,G13,205,91,ok,0
514,17.133,1780168760,G39,521,504,ok,0
514,17.133,1780168760,G40,522,504,ok,0
514,17.133,1780168760,G10,259,98,ok,0
514,17.133,1780168760,G8,521,503,ok,0
514,17.133,1780168760,D25,388,624,ok,1
514,17.133,1780168760,D4,59,561,ok,0
514,17.133,1780168760,D22,286,690,ok,1
514,17.133,1780168760,D11,335,748,ok,1
514,17.133,1780168760,D2,433,807,ok,1
514,17.133,1780168760,D6,105,752,ok,1
514,17.133,1780168760,D10,241,897,ok,0
514,17.133,1780168760,D18,119,872,ok,0
514,17.133,1780168760,D7,-1,881,ok,0
514,17.133,1780168760,D1,207,903,ok,0
514,17.133,1780168760,D24,0,588,ok,0
514,17.133,1780168760,D27,0,590,ok,0
514,17.133,1780168760,D29,0,589,interpolated,0
515,17.167,1780168760,G6,173,98,ok,0
515,17.167,1780168760,G1,221,119,ok,0
515,17.167,1780168760,G9,197,122,ok,0
515,17.167,1780168760,G4,235,78,ok,0
515,17.167,1780168760,G13,205,91,ok,0
515,17.167,1780168760,G7,128,80,ok,0
515,17.167,1780168760,G34,96,81,ok,0
515,17.167,1780168760,G40,522,504,ok,0
515,17.167,1780168760,G39,522,504,ok,0
515,17.167,1780168760,G10,260,98,ok,0
515,17.167,1780168760,D25,391,628,ok,1
515,17.167,1780168760,D4,59,561,ok,0
515,17.167,1780168760,D22,288,695,ok,1
515,17.167,1780168760,D11,333,754,ok,1
515,17.167,1780168760,D2,434,806,ok,1
515,17.167,1780168760,D6,104,753,ok,1
515,17.167,1780168760,D10,241,897,ok,0
515,17.167,1780168760,D18,117,871,ok,0
515,17.167,1780168760,D1,205,902,ok,0
515,17.167,1780168760,D27,0,590,ok,0
515,17.167,1780168760,D29,-1,590,ok,0
515,17.167,1780168760,D7,-1,881,ok,0
515,17.167,1780168760,G8,521,503,interpolated,0
515,17.167,1780168760,D24,0,588,interpolated,0
516,17.200,1780168760,G6,173,98,ok,0
516,17.200,1780168760,G1,221,119,ok,0
516,17.200,1780168760,G9,196,121,ok,0
516,17.200,1780168760,G13,205,93,ok,0
516,17.200,1780168760,G4,235,78,ok,0
516,17.200,1780168760,G7,128,80,ok,0
516,17.200,1780168760,G10,260,96,ok,0
516,17.200,1780168760,G39,522,504,ok,0
516,17.200,1780168760,G34,96,82,ok,0
516,17.200,1780168760,G40,522,504,ok,0
516,17.200,1780168760,D25,393,631,ok,1
516,17.200,1780168760,D22,290,698,ok,1
516,17.200,1780168760,D4,59,561,ok,0
516,17.200,1780168760,D11,331,761,ok,1
516,17.200,1780168760,D2,435,806,ok,1
516,17.200,1780168760,D6,104,755,ok,1
516,17.200,1780168760,D10,241,896,ok,0
516,17.200,1780168760,D18,117,870,ok,0
516,17.200,1780168760,D1,204,899,ok,0
516,17.200,1780168760,D24,0,589,ok,0
516,17.200,1780168760,D29,-1,590,ok,0
516,17.200,1780168760,D7,-1,881,interpolated,0
516,17.200,1780168760,G8,521,503,interpolated,0
516,17.200,1780168760,D27,0,590,interpolated,0
517,17.233,1780168760,G6,173,98,ok,0
517,17.233,1780168760,G1,221,119,ok,0
517,17.233,1780168760,G9,196,121,ok,0
517,17.233,1780168760,G4,235,78,ok,0
517,17.233,1780168760,G13,205,93,ok,0
517,17.233,1780168760,G7,128,81,ok,0
517,17.233,1780168760,G10,260,96,ok,0
517,17.233,1780168760,G34,96,82,ok,0
517,17.233,1780168760,G40,521,504,ok,0
517,17.233,1780168760,G39,522,504,ok,0
517,17.233,1780168760,G8,521,503,ok,0
517,17.233,1780168760,G42,521,505,ok,0
517,17.233,1780168760,D25,393,631,ok,1
517,17.233,1780168760,D22,290,698,ok,1
517,17.233,1780168760,D4,59,561,ok,0
517,17.233,1780168760,D11,331,761,ok,1
517,17.233,1780168760,D2,435,806,ok,1
517,17.233,1780168760,D6,104,755,ok,1
517,17.233,1780168760,D10,241,896,ok,0
517,17.233,1780168760,D18,117,870,ok,0
517,17.233,1780168760,D1,204,899,ok,0
517,17.233,1780168760,D24,0,589,ok,0
517,17.233,1780168760,D29,-1,590,ok,0
517,17.233,1780168760,D7,-1,881,interpolated,0
517,17.233,1780168760,D27,0,590,interpolated,0
518,17.267,1780168760,G6,173,98,ok,0
518,17.267,1780168760,G1,221,119,ok,0
518,17.267,1780168760,G9,196,121,ok,0
518,17.267,1780168760,G13,205,92,ok,0
518,17.267,1780168760,G7,128,80,ok,0
518,17.267,1780168760,G4,235,78,ok,0
518,17.267,1780168760,G34,96,81,ok,0
518,17.267,1780168760,G10,260,95,ok,0
518,17.267,1780168760,G40,521,504,ok,0
518,17.267,1780168760,G42,521,505,ok,0
518,17.267,1780168760,G39,521,506,ok,0
518,17.267,1780168760,D25,395,634,ok,1
518,17.267,1780168760,D4,59,561,ok,0
518,17.267,1780168760,D11,328,766,ok,1
518,17.267,1780168760,D22,292,700,ok,1
518,17.267,1780168760,D2,435,804,ok,1
518,17.267,1780168760,D6,104,756,ok,1
518,17.267,1780168760,D10,241,896,ok,0
518,17.267,1780168760,D18,116,870,ok,0
518,17.267,1780168760,D1,204,898,ok,0
518,17.267,1780168760,D24,0,589,ok,0
518,17.267,1780168760,D29,-1,590,ok,0
518,17.267,1780168760,D7,-1,881,interpolated,0
518,17.267,1780168760,G8,521,503,interpolated,0
518,17.267,1780168760,D27,0,590,interpolated,0
519,17.300,1780168760,G6,173,97,ok,0
519,17.300,1780168760,G1,221,119,ok,0
519,17.300,1780168760,G9,196,121,ok,0
519,17.300,1780168760,G13,204,93,ok,0
519,17.300,1780168760,G4,235,79,ok,0
519,17.300,1780168760,G7,127,80,ok,0
519,17.300,1780168760,G10,260,95,ok,0
519,17.300,1780168760,G40,521,504,ok,0
519,17.300,1780168760,G34,96,82,ok,0
519,17.300,1780168760,G42,521,505,ok,0
519,17.300,1780168760,G39,521,507,ok,0
519,17.300,1780168760,G8,521,503,ok,0
519,17.300,1780168760,D25,396,635,ok,1
519,17.300,1780168760,D22,293,702,ok,1
519,17.300,1780168760,D4,59,561,ok,0
519,17.300,1780168760,D11,326,767,ok,1
519,17.300,1780168760,D6,104,756,ok,1
519,17.300,1780168760,D2,436,803,ok,1
519,17.300,1780168760,D10,241,897,ok,0
519,17.300,1780168760,D18,115,870,ok,0
519,17.300,1780168760,D1,203,897,ok,0
519,17.300,1780168760,D24,0,589,ok,0
519,17.300,1780168760,D29,-1,590,ok,0
519,17.300,1780168760,D7,-1,881,interpolated,0
519,17.300,1780168760,D27,0,590,interpolated,0
520,17.333,1780168760,G6,173,97,ok,0
520,17.333,1780168760,G1,221,119,ok,0
520,17.333,1780168760,G9,196,121,ok,0
520,17.333,1780168760,G7,127,80,ok,0
520,17.333,1780168760,G4,234,78,ok,0
520,17.333,1780168760,G13,204,91,ok,0
520,17.333,1780168760,G10,260,99,ok,0
520,17.333,1780168760,G40,521,504,ok,0
520,17.333,1780168760,G42,521,505,ok,0
520,17.333,1780168760,G39,521,506,ok,0
520,17.333,1780168760,D22,295,705,ok,1
520,17.333,1780168760,D4,59,561,ok,0
520,17.333,1780168760,D11,324,769,ok,1
520,17.333,1780168760,D25,398,637,ok,1
520,17.333,1780168760,D6,104,757,ok,1
520,17.333,1780168760,D2,436,802,ok,1
520,17.333,1780168760,D10,241,897,ok,0
520,17.333,1780168760,D1,203,895,ok,0
520,17.333,1780168760,D18,115,869,ok,0
520,17.333,1780168760,D24,0,589,ok,0
520,17.333,1780168760,D29,-1,590,ok,0
520,17.333,1780168760,D27,-8,619,ok,0
520,17.333,1780168760,D7,-1,881,interpolated,0
520,17.333,1780168760,G8,521,503,interpolated,0
520,17.333,1780168760,G34,96,82,interpolated,0
521,17.367,1780168760,G6,173,98,ok,0
521,17.367,1780168760,G1,221,119,ok,0
521,17.367,1780168760,G9,196,121,ok,0
521,17.367,1780168760,G4,234,79,ok,0
521,17.367,1780168760,G13,203,92,ok,0
521,17.367,1780168760,G7,127,80,ok,0
521,17.367,1780168760,G40,521,504,ok,0
521,17.367,1780168760,G8,522,504,ok,0
521,17.367,1780168760,G10,259,98,ok,0
521,17.367,1780168760,D22,297,709,ok,1
521,17.367,1780168760,D11,322,770,ok,1
521,17.367,1780168760,D4,59,561,ok,0
521,17.367,1780168760,D25,400,638,ok,1
521,17.367,1780168760,D6,104,757,ok,1
521,17.367,1780168760,D2,436,801,ok,1
521,17.367,1780168760,D10,241,897,ok,0
521,17.367,1780168760,D1,203,894,ok,0
521,17.367,1780168760,D18,114,869,ok,0
521,17.367,1780168760,D24,0,589,ok,0
521,17.367,1780168760,D29,-1,590,ok,0
521,17.367,1780168760,D7,-1,881,interpolated,0
521,17.367,1780168760,G39,521,506,interpolated,0
521,17.367,1780168760,D27,-8,619,interpolated,0
521,17.367,1780168760,G34,96,82,interpolated,0
521,17.367,1780168760,G42,521,505,interpolated,0
522,17.400,1780168760,G6,173,97,ok,0
522,17.400,1780168760,G1,221,119,ok,0
522,17.400,1780168760,G9,196,121,ok,0
522,17.400,1780168760,G4,234,79,ok,0
522,17.400,1780168760,G7,200,121,ok,0
522,17.400,1780168760,G8,522,504,ok,0
522,17.400,1780168760,G13,202,92,ok,0
522,17.400,1780168760,G10,260,101,ok,0
522,17.400,1780168760,G40,522,503,ok,0
522,17.400,1780168760,D22,299,713,ok,1
522,17.400,1780168760,D4,59,561,ok,0
522,17.400,1780168760,D11,321,772,ok,1
522,17.400,1780168760,D25,401,639,ok,1
522,17.400,1780168760,D6,104,756,ok,1
522,17.400,1780168760,D2,437,800,ok,1
522,17.400,1780168760,D10,241,896,ok,0
522,17.400,1780168760,D1,202,894,ok,0
522,17.400,1780168760,D18,114,868,ok,0
522,17.400,1780168760,D29,-1,590,ok,0
522,17.400,1780168760,D24,0,589,ok,0
522,17.400,1780168760,D27,-8,619,ok,0
522,17.400,1780168760,D7,-1,881,interpolated,0
522,17.400,1780168760,G39,521,506,interpolated,0
522,17.400,1780168760,G34,96,82,interpolated,0
522,17.400,1780168760,G42,521,505,interpolated,0
523,17.433,1780168760,G6,173,97,ok,0
523,17.433,1780168760,G1,221,119,ok,0
523,17.433,1780168760,G9,196,121,ok,0
523,17.433,1780168760,G7,200,121,ok,0
523,17.433,1780168760,G4,234,79,ok,0
523,17.433,1780168760,G8,522,504,ok,0
523,17.433,1780168760,G10,260,101,ok,0
523,17.433,1780168760,G13,202,92,ok,0
523,17.433,1780168760,G34,127,80,ok,0
523,17.433,1780168760,G42,521,504,ok,0
523,17.433,1780168760,D22,299,713,ok,1
523,17.433,1780168760,D4,59,561,ok,0
523,17.433,1780168760,D11,321,772,ok,1
523,17.433,1780168760,D25,401,639,ok,1
523,17.433,1780168760,D6,104,756,ok,1
523,17.433,1780168760,D2,437,800,ok,1
523,17.433,1780168760,D10,241,896,ok,0
523,17.433,1780168760,D1,202,894,ok,0
523,17.433,1780168760,D18,114,868,ok,0
523,17.433,1780168760,D29,-1,590,ok,0
523,17.433,1780168760,D24,0,590,ok,0
523,17.433,1780168760,D27,-7,619,ok,0
523,17.433,1780168760,D7,-1,881,interpolated,0
523,17.433,1780168760,G39,521,506,interpolated,0
523,17.433,1780168760,G40,522,503,interpolated,0
524,17.467,1780168760,G6,173,97,ok,0
524,17.467,1780168760,G1,221,119,ok,0
524,17.467,1780168760,G9,196,121,ok,0
524,17.467,1780168760,G4,233,79,ok,0
524,17.467,1780168760,G8,522,504,ok,0
524,17.467,1780168760,G10,260,101,ok,0
524,17.467,1780168760,G34,127,80,ok,0
524,17.467,1780168760,D22,302,716,ok,1
524,17.467,1780168760,D4,59,561,ok,0
524,17.467,1780168760,D25,402,641,ok,1
524,17.467,1780168760,D6,104,756,ok,1
524,17.467,1780168760,D11,322,777,ok,1
524,17.467,1780168760,D10,241,896,ok,0
524,17.467,1780168760,D2,437,800,ok,1
524,17.467,1780168760,D1,201,895,ok,0
524,17.467,1780168760,D18,114,867,ok,1
524,17.467,1780168760,D29,-1,590,ok,0
524,17.467,1780168760,D24,0,590,ok,0
524,17.467,1780168760,D27,-7,619,ok,0
524,17.467,1780168760,G7,200,121,interpolated,0
524,17.467,1780168760,G13,202,92,interpolated,0
524,17.467,1780168760,D7,-1,881,interpolated,0
524,17.467,1780168760,G39,521,506,interpolated,0
524,17.467,1780168760,G40,522,503,interpolated,0
524,17.467,1780168760,G42,521,504,interpolated,0
525,17.500,1780168760,G6,173,97,ok,0
525,17.500,1780168760,G1,221,119,ok,0
525,17.500,1780168760,G9,196,121,ok,0
525,17.500,1780168760,G4,233,77,ok,0
525,17.500,1780168760,G10,260,101,ok,0
525,17.500,1780168760,G8,522,504,ok,0
525,17.500,1780168760,G34,127,81,ok,0
525,17.500,1780168760,D22,305,717,ok,1
525,17.500,1780168760,D4,59,561,ok,0
525,17.500,1780168760,D25,403,644,ok,1
525,17.500,1780168760,D11,318,783,ok,1
525,17.500,1780168760,D6,104,756,ok,1
525,17.500,1780168760,D10,241,896,ok,0
525,17.500,1780168760,D2,437,800,ok,1
525,17.500,1780168760,D18,113,867,ok,1
525,17.500,1780168760,D1,200,894,ok,0
525,17.500,1780168760,D29,-1,590,ok,0
525,17.500,1780168760,D24,0,590,ok,0
525,17.500,1780168760,D27,-7,619,ok,0
525,17.500,1780168760,G7,200,121,interpolated,0
525,17.500,1780168760,G13,202,92,interpolated,0
525,17.500,1780168760,D7,-1,881,interpolated,0
525,17.500,1780168760,G39,521,506,interpolated,0
525,17.500,1780168760,G40,522,503,interpolated,0
525,17.500,1780168760,G42,521,504,interpolated,0
526,17.533,1780168760,G6,173,97,ok,0
526,17.533,1780168760,G1,221,119,ok,0
526,17.533,1780168760,G9,196,121,ok,0
526,17.533,1780168760,G4,232,79,ok,0
526,17.533,1780168760,G10,260,101,ok,0
526,17.533,1780168760,G34,127,81,ok,0
526,17.533,1780168760,G39,521,505,ok,0
526,17.533,1780168760,D22,308,716,ok,1
526,17.533,1780168760,D4,59,561,ok,0
526,17.533,1780168760,D25,403,647,ok,1
526,17.533,1780168760,D6,105,756,ok,1
526,17.533,1780168760,D10,241,897,ok,0
526,17.533,1780168760,D2,437,800,ok,1
526,17.533,1780168760,D11,317,789,ok,1
526,17.533,1780168760,D18,112,867,ok,1
526,17.533,1780168760,D1,199,894,ok,0
526,17.533,1780168760,D32,321,789,ok,1
526,17.533,1780168760,D29,-1,590,ok,0
526,17.533,1780168760,D24,0,590,ok,0
526,17.533,1780168760,D27,-7,619,ok,0
526,17.533,1780168760,D7,2,923,ok,0
526,17.533,1780168760,G7,200,121,interpolated,0
526,17.533,1780168760,G13,202,92,interpolated,0
526,17.533,1780168760,G8,522,504,interpolated,0
526,17.533,1780168760,G40,522,503,interpolated,0
526,17.533,1780168760,G42,521,504,interpolated,0
527,17.567,1780168760,G6,173,97,ok,0
527,17.567,1780168760,G1,221,119,ok,0
527,17.567,1780168760,G9,196,121,ok,0
527,17.567,1780168760,G4,232,77,ok,0
527,17.567,1780168760,G10,260,101,ok,0
527,17.567,1780168760,G34,127,81,ok,0
527,17.567,1780168760,G8,522,504,ok,0
527,17.567,1780168760,G40,522,504,ok,0
527,17.567,1780168760,D25,406,652,ok,1
527,17.567,1780168760,D4,59,561,ok,0
527,17.567,1780168760,D22,311,717,ok,1
527,17.567,1780168760,D11,316,796,ok,1
527,17.567,1780168760,D2,437,800,ok,1
527,17.567,1780168760,D6,105,756,ok,1
527,17.567,1780168760,D10,241,897,ok,0
527,17.567,1780168760,D18,111,867,ok,1
527,17.567,1780168760,D1,198,894,ok,0
527,17.567,1780168760,D29,-1,590,ok,0
527,17.567,1780168760,D24,0,590,ok,0
527,17.567,1780168760,D7,2,922,ok,0
527,17.567,1780168760,D27,-7,619,ok,0
527,17.567,1780168760,G7,200,121,interpolated,0
527,17.567,1780168760,G13,202,92,interpolated,0
527,17.567,1780168760,G39,521,505,interpolated,0
527,17.567,1780168760,G42,521,504,interpolated,0
527,17.567,1780168760,D32,321,789,interpolated,1
528,17.600,1780168760,G6,173,97,ok,0
528,17.600,1780168760,G1,222,120,ok,0
528,17.600,1780168760,G9,196,121,ok,0
528,17.600,1780168760,G10,260,102,ok,0
528,17.600,1780168760,G34,126,81,ok,0
528,17.600,1780168760,G8,522,504,ok,0
528,17.600,1780168760,G4,232,77,ok,0
528,17.600,1780168760,G40,522,504,ok,0
528,17.600,1780168760,D25,408,657,ok,1
528,17.600,1780168760,D22,312,717,ok,1
528,17.600,1780168760,D4,59,561,ok,0
528,17.600,1780168760,D11,315,798,ok,1
528,17.600,1780168760,D2,437,800,ok,1
528,17.600,1780168760,D6,105,756,ok,1
528,17.600,1780168760,D10,241,897,ok,0
528,17.600,1780168760,D18,110,866,ok,1
528,17.600,1780168760,D1,196,894,ok,0
528,17.600,1780168760,D29,-1,590,ok,0
528,17.600,1780168760,D24,0,590,ok,0
528,17.600,1780168760,D27,-7,619,ok,0
528,17.600,1780168760,D7,2,922,ok,0
528,17.600,1780168760,G7,200,121,interpolated,0
528,17.600,1780168760,G13,202,92,interpolated,0
528,17.600,1780168760,G39,521,505,interpolated,0
528,17.600,1780168760,G42,521,504,interpolated,0
528,17.600,1780168760,D32,321,789,interpolated,1
529,17.633,1780168760,G6,173,97,ok,0
529,17.633,1780168760,G1,222,120,ok,0
529,17.633,1780168760,G9,196,121,ok,0
529,17.633,1780168760,G10,260,102,ok,0
529,17.633,1780168760,G34,126,81,ok,0
529,17.633,1780168760,G8,522,504,ok,0
529,17.633,1780168760,G4,232,77,ok,0
529,17.633,1780168760,G40,522,504,ok,0
529,17.633,1780168760,D25,408,657,ok,1
529,17.633,1780168760,D22,312,717,ok,1
529,17.633,1780168760,D4,59,561,ok,0
529,17.633,1780168760,D11,315,798,ok,1
529,17.633,1780168760,D2,437,800,ok,1
529,17.633,1780168760,D6,105,756,ok,1
529,17.633,1780168760,D10,241,897,ok,0
529,17.633,1780168760,D18,110,866,ok,1
529,17.633,1780168760,D1,196,894,ok,0
529,17.633,1780168760,D29,-1,590,ok,0
529,17.633,1780168760,D24,0,590,ok,0
529,17.633,1780168760,D27,-7,619,ok,0
529,17.633,1780168760,D7,2,922,ok,0
529,17.633,1780168760,G7,200,121,interpolated,0
529,17.633,1780168760,G13,202,92,interpolated,0
529,17.633,1780168760,G39,521,505,interpolated,0
529,17.633,1780168760,G42,521,504,interpolated,0
529,17.633,1780168760,D32,321,789,interpolated,1
530,17.667,1780168760,G6,173,98,ok,0
530,17.667,1780168760,G1,222,120,ok,0
530,17.667,1780168760,G9,196,121,ok,0
530,17.667,1780168760,G10,260,101,ok,0
530,17.667,1780168760,G8,522,504,ok,0
530,17.667,1780168760,G34,126,81,ok,0
530,17.667,1780168760,G42,521,504,ok,0
530,17.667,1780168760,D25,409,658,ok,1
530,17.667,1780168760,D22,314,717,ok,1
530,17.667,1780168760,D4,59,561,ok,0
530,17.667,1780168760,D11,313,803,ok,1
530,17.667,1780168760,D2,436,800,ok,1
530,17.667,1780168760,D6,105,757,ok,1
530,17.667,1780168760,D10,241,897,ok,0
530,17.667,1780168760,D1,195,895,ok,0
530,17.667,1780168760,D18,109,866,ok,1
530,17.667,1780168760,D29,-1,590,ok,0
530,17.667,1780168760,D24,0,590,ok,0
530,17.667,1780168760,D27,-7,619,ok,0
530,17.667,1780168760,G4,232,77,interpolated,0
530,17.667,1780168760,G7,200,121,interpolated,0
530,17.667,1780168760,G13,202,92,interpolated,0
530,17.667,1780168760,D7,2,922,interpolated,0
530,17.667,1780168760,G39,521,505,interpolated,0
530,17.667,1780168760,G40,522,504,interpolated,0
530,17.667,1780168760,D32,321,789,interpolated,1
531,17.700,1780168760,G6,173,98,ok,0
531,17.700,1780168760,G1,222,120,ok,0
531,17.700,1780168760,G9,197,121,ok,0
531,17.700,1780168760,G10,260,101,ok,0
531,17.700,1780168760,G34,126,81,ok,0
531,17.700,1780168760,G8,522,504,ok,0
531,17.700,1780168760,G13,97,81,ok,0
531,17.700,1780168760,G42,521,504,ok,0
531,17.700,1780168760,D22,317,719,ok,1
531,17.700,1780168760,D25,411,661,ok,1
531,17.700,1780168760,D4,59,561,ok,0
531,17.700,1780168760,D2,436,800,ok,1
531,17.700,1780168760,D11,313,807,ok,1
531,17.700,1780168760,D6,106,758,ok,1
531,17.700,1780168760,D10,241,897,ok,0
531,17.700,1780168760,D18,107,866,ok,1
531,17.700,1780168760,D1,195,894,ok,0
531,17.700,1780168760,D29,-1,590,ok,0
531,17.700,1780168760,D24,0,590,ok,0
531,17.700,1780168760,D27,-7,619,ok,0
531,17.700,1780168760,D7,-1,875,ok,0
531,17.700,1780168760,G4,232,77,interpolated,0
531,17.700,1780168760,G7,200,121,interpolated,0
531,17.700,1780168760,G39,521,505,interpolated,0
531,17.700,1780168760,G40,522,504,interpolated,0
531,17.700,1780168760,D32,321,789,interpolated,1
532,17.733,1780168760,G6,173,98,ok,0
532,17.733,1780168760,G1,222,120,ok,0
532,17.733,1780168760,G9,197,121,ok,0
532,17.733,1780168760,G34,125,80,ok,0
532,17.733,1780168760,G10,260,101,ok,0
532,17.733,1780168760,G8,522,504,ok,0
532,17.733,1780168760,G13,97,81,ok,0
532,17.733,1780168760,G42,521,504,ok,0
532,17.733,1780168760,D25,412,662,ok,1
532,17.733,1780168760,D22,319,721,ok,1
532,17.733,1780168760,D4,59,560,ok,0
532,17.733,1780168760,D2,436,798,ok,1
532,17.733,1780168760,D6,107,758,ok,1
532,17.733,1780168760,D11,311,811,ok,1
532,17.733,1780168760,D10,241,897,ok,0
532,17.733,1780168760,D1,194,895,ok,0
532,17.733,1780168760,D18,106,865,ok,1
532,17.733,1780168760,D29,-1,590,ok,0
532,17.733,1780168760,D24,0,590,ok,0
532,17.733,1780168760,D27,-7,619,ok,0
532,17.733,1780168760,G4,232,77,interpolated,0
532,17.733,1780168760,G7,200,121,interpolated,0
532,17.733,1780168760,D7,-1,875,interpolated,0
532,17.733,1780168760,G39,521,505,interpolated,0
532,17.733,1780168760,G40,522,504,interpolated,0
532,17.733,1780168760,D32,321,789,interpolated,1
533,17.767,1780168760,G6,173,98,ok,0
533,17.767,1780168760,G1,222,120,ok,0
533,17.767,1780168760,G9,197,121,ok,0
533,17.767,1780168760,G34,124,80,ok,0
533,17.767,1780168760,G10,260,101,ok,0
533,17.767,1780168760,G8,522,504,ok,0
533,17.767,1780168760,G13,98,81,ok,0
533,17.767,1780168760,G42,521,504,ok,0
533,17.767,1780168760,D25,413,663,ok,1
533,17.767,1780168760,D4,59,561,ok,0
533,17.767,1780168760,D22,322,722,ok,1
533,17.767,1780168760,D2,436,794,ok,1
533,17.767,1780168760,D6,107,760,ok,1
533,17.767,1780168760,D11,310,812,ok,1
533,17.767,1780168760,D10,241,897,ok,0
533,17.767,1780168760,D1,192,894,ok,0
533,17.767,1780168760,D18,105,865,ok,1
533,17.767,1780168760,D29,-1,590,ok,0
533,17.767,1780168760,D24,0,590,ok,0
533,17.767,1780168760,D27,-7,619,ok,0
533,17.767,1780168760,G4,232,77,interpolated,0
533,17.767,1780168760,G7,200,121,interpolated,0
533,17.767,1780168760,D7,-1,875,interpolated,0
533,17.767,1780168760,G39,521,505,interpolated,0
533,17.767,1780168760,G40,522,504,interpolated,0
533,17.767,1780168760,D32,321,789,interpolated,1
534,17.800,1780168760,G6,173,98,ok,0
534,17.800,1780168760,G1,222,120,ok,0
534,17.800,1780168760,G34,124,80,ok,0
534,17.800,1780168760,G9,197,121,ok,0
534,17.800,1780168760,G10,260,101,ok,0
534,17.800,1780168760,G8,522,504,ok,0
534,17.800,1780168760,G42,521,504,ok,0
534,17.800,1780168760,D4,59,561,ok,0
534,17.800,1780168760,D22,325,725,ok,1
534,17.800,1780168760,D25,415,665,ok,1
534,17.800,1780168760,D2,435,791,ok,1
534,17.800,1780168760,D6,107,763,ok,1
534,17.800,1780168760,D10,241,897,ok,0
534,17.800,1780168760,D11,309,812,ok,1
534,17.800,1780168760,D18,105,862,ok,1
534,17.800,1780168760,D1,191,892,ok,0
534,17.800,1780168760,D29,-1,590,ok,0
534,17.800,1780168760,D24,0,590,ok,0
534,17.800,1780168760,D27,-7,619,ok,0
534,17.800,1780168760,G4,232,77,interpolated,0
534,17.800,1780168760,G13,98,81,interpolated,0
534,17.800,1780168760,D7,-1,875,interpolated,0
534,17.800,1780168760,G39,521,505,interpolated,0
534,17.800,1780168760,G40,522,504,interpolated,0
534,17.800,1780168760,D32,321,789,interpolated,1
535,17.833,1780168760,G6,173,98,ok,0
535,17.833,1780168760,G1,222,120,ok,0
535,17.833,1780168760,G34,124,80,ok,0
535,17.833,1780168760,G9,197,121,ok,0
535,17.833,1780168760,G10,260,101,ok,0
535,17.833,1780168760,G8,522,504,ok,0
535,17.833,1780168760,G42,521,504,ok,0
535,17.833,1780168760,D4,59,561,ok,0
535,17.833,1780168760,D22,325,725,ok,1
535,17.833,1780168760,D25,415,665,ok,1
535,17.833,1780168760,D2,435,791,ok,1
535,17.833,1780168760,D6,107,763,ok,1
535,17.833,1780168760,D10,241,897,ok,0
535,17.833,1780168760,D11,309,812,ok,1
535,17.833,1780168760,D18,105,862,ok,1
535,17.833,1780168760,D1,191,892,ok,0
535,17.833,1780168760,D29,-1,590,ok,0
535,17.833,1780168760,D24,0,590,ok,0
535,17.833,1780168760,D27,-7,619,ok,0
535,17.833,1780168760,G4,232,77,interpolated,0
535,17.833,1780168760,G13,98,81,interpolated,0
535,17.833,1780168760,D7,-1,875,interpolated,0
535,17.833,1780168760,G39,521,505,interpolated,0
535,17.833,1780168760,G40,522,504,interpolated,0
535,17.833,1780168760,D32,321,789,interpolated,1
536,17.867,1780168760,G6,173,97,ok,0
536,17.867,1780168760,G1,221,119,ok,0
536,17.867,1780168760,G9,197,121,ok,0
536,17.867,1780168760,G10,260,101,ok,0
536,17.867,1780168760,G34,126,79,ok,0
536,17.867,1780168760,G8,522,504,ok,0
536,17.867,1780168760,G42,521,504,ok,0
536,17.867,1780168760,D4,59,561,ok,0
536,17.867,1780168760,D25,416,668,ok,1
536,17.867,1780168760,D22,327,727,ok,1
536,17.867,1780168760,D2,435,788,ok,1
536,17.867,1780168760,D6,106,766,ok,1
536,17.867,1780168760,D18,105,861,ok,1
536,17.867,1780168760,D10,241,897,ok,0
536,17.867,1780168760,D11,308,812,ok,1
536,17.867,1780168760,D1,191,892,ok,0
536,17.867,1780168760,D29,-1,591,ok,0
536,17.867,1780168760,D24,0,590,ok,0
536,17.867,1780168760,D7,-20,624,ok,0
536,17.867,1780168760,D32,0,589,ok,0
536,17.867,1780168760,D27,-8,619,ok,0
536,17.867,1780168760,G4,232,77,interpolated,0
536,17.867,1780168760,G13,98,81,interpolated,0
536,17.867,1780168760,G39,521,505,interpolated,0
536,17.867,1780168760,G40,522,504,interpolated,0
537,17.900,1780168760,G6,173,97,ok,0
537,17.900,1780168760,G1,221,119,ok,0
537,17.900,1780168760,G9,197,121,ok,0
537,17.900,1780168760,G10,260,101,ok,0
537,17.900,1780168760,G34,126,79,ok,0
537,17.900,1780168760,G8,522,504,ok,0
537,17.900,1780168760,G40,522,504,ok,0
537,17.900,1780168760,D4,59,561,ok,0
537,17.900,1780168760,D25,418,672,ok,1
537,17.900,1780168760,D22,329,730,ok,1
537,17.900,1780168760,D2,435,786,ok,1
537,17.900,1780168760,D18,105,860,ok,1
537,17.900,1780168760,D6,108,766,ok,1
537,17.900,1780168760,D1,191,892,ok,0
537,17.900,1780168760,D10,241,897,ok,0
537,17.900,1780168760,D11,306,812,ok,1
537,17.900,1780168760,D29,-1,591,ok,0
537,17.900,1780168760,D7,-19,623,ok,0
537,17.900,1780168760,D32,0,589,ok,0
537,17.900,1780168760,G4,232,77,interpolated,0
537,17.900,1780168760,G13,98,81,interpolated,0
537,17.900,1780168760,D24,0,590,interpolated,0
537,17.900,1780168760,D27,-8,619,interpolated,0
537,17.900,1780168760,G42,521,504,interpolated,0
538,17.933,1780168760,G6,173,97,ok,0
538,17.933,1780168760,G1,221,119,ok,0
538,17.933,1780168760,G9,197,121,ok,0
538,17.933,1780168760,G10,260,102,ok,0
538,17.933,1780168760,G34,125,79,ok,0
538,17.933,1780168760,G8,522,504,ok,0
538,17.933,1780168760,G42,521,504,ok,0
538,17.933,1780168760,D4,59,561,ok,0
538,17.933,1780168760,D22,331,732,ok,1
538,17.933,1780168760,D25,421,677,ok,1
538,17.933,1780168760,D2,436,785,ok,1
538,17.933,1780168760,D18,104,862,ok,1
538,17.933,1780168760,D6,110,766,ok,1
538,17.933,1780168760,D11,306,813,ok,1
538,17.933,1780168760,D10,241,897,ok,0
538,17.933,1780168760,D1,191,891,ok,0
538,17.933,1780168760,D29,-1,591,ok,0
538,17.933,1780168760,D7,-22,629,ok,0
538,17.933,1780168760,D32,0,589,ok,0
538,17.933,1780168760,G4,232,77,interpolated,0
538,17.933,1780168760,G13,98,81,interpolated,0
538,17.933,1780168760,D24,0,590,interpolated,0
538,17.933,1780168760,D27,-8,619,interpolated,0
538,17.933,1780168760,G40,522,504,interpolated,0
539,17.967,1780168760,G6,173,97,ok,0
539,17.967,1780168760,G1,221,119,ok,0
539,17.967,1780168760,G10,261,102,ok,0
539,17.967,1780168760,G9,197,121,ok,0
539,17.967,1780168760,G34,124,79,ok,0
539,17.967,1780168760,G8,522,504,ok,0
539,17.967,1780168760,G42,521,504,ok,0
539,17.967,1780168760,D4,59,561,ok,0
539,17.967,1780168760,D22,333,734,ok,1
539,17.967,1780168760,D25,422,678,ok,1
539,17.967,1780168760,D6,111,766,ok,1
539,17.967,1780168760,D2,436,783,ok,1
539,17.967,1780168760,D11,305,812,ok,1
539,17.967,1780168760,D18,103,860,ok,1
539,17.967,1780168760,D1,191,891,ok,0
539,17.967,1780168760,D10,240,897,ok,0
539,17.967,1780168760,D29,-1,591,ok,0
539,17.967,1780168760,D7,-19,622,ok,0
539,17.967,1780168760,D32,0,589,ok,0
539,17.967,1780168760,G4,232,77,interpolated,0
539,17.967,1780168760,G13,98,81,interpolated,0
539,17.967,1780168760,D24,0,590,interpolated,0
539,17.967,1780168760,D27,-8,619,interpolated,0
539,17.967,1780168760,G40,522,504,interpolated,0
540,18.000,1780168761,G6,173,97,ok,0
540,18.000,1780168761,G1,222,120,ok,0
540,18.000,1780168761,G9,197,121,ok,0
540,18.000,1780168761,G10,260,101,ok,0
540,18.000,1780168761,G34,124,78,ok,0
540,18.000,1780168761,G13,-17,312,ok,0
540,18.000,1780168761,G8,522,504,ok,0
540,18.000,1780168761,D4,59,561,ok,0
540,18.000,1780168761,D22,336,736,ok,1
540,18.000,1780168761,D25,423,681,ok,1
540,18.000,1780168761,D11,304,812,ok,1
540,18.000,1780168761,D2,436,783,ok,1
540,18.000,1780168761,D6,113,765,ok,1
540,18.000,1780168761,D10,241,897,ok,0
540,18.000,1780168761,D1,191,891,ok,0
540,18.000,1780168761,D18,102,863,ok,1
540,18.000,1780168761,D24,0,590,ok,0
540,18.000,1780168761,D27,2,923,ok,0
540,18.000,1780168761,D7,-19,622,ok,0
540,18.000,1780168761,D32,0,589,ok,0
540,18.000,1780168761,D29,-1,591,interpolated,0
540,18.000,1780168761,G40,522,504,interpolated,0
540,18.000,1780168761,G42,521,504,interpolated,0
541,18.033,1780168761,G6,173,97,ok,0
541,18.033,1780168761,G1,222,120,ok,0
541,18.033,1780168761,G10,260,101,ok,0
541,18.033,1780168761,G9,197,121,ok,0
541,18.033,1780168761,G34,124,78,ok,0
541,18.033,1780168761,G13,-16,312,ok,0
541,18.033,1780168761,G40,522,503,ok,0
541,18.033,1780168761,G8,522,504,ok,0
541,18.033,1780168761,D4,59,561,ok,0
541,18.033,1780168761,D22,336,736,ok,1
541,18.033,1780168761,D25,423,681,ok,1
541,18.033,1780168761,D11,304,812,ok,1
541,18.033,1780168761,D2,436,783,ok,1
541,18.033,1780168761,D6,113,765,ok,1
541,18.033,1780168761,D10,241,897,ok,0
541,18.033,1780168761,D1,191,891,ok,0
541,18.033,1780168761,D18,102,863,ok,1
541,18.033,1780168761,D24,0,590,ok,0
541,18.033,1780168761,D7,-19,622,ok,0
541,18.033,1780168761,D27,2,923,ok,0
541,18.033,1780168761,D29,-1,591,interpolated,0
541,18.033,1780168761,G42,521,504,interpolated,0
541,18.033,1780168761,D32,0,589,interpolated,0
542,18.067,1780168761,G6,172,98,ok,0
542,18.067,1780168761,G1,223,120,ok,0
542,18.067,1780168761,G10,261,101,ok,0
542,18.067,1780168761,G9,198,121,ok,0
542,18.067,1780168761,G34,124,78,ok,0
542,18.067,1780168761,G8,522,504,ok,0
542,18.067,1780168761,D4,59,561,ok,0
542,18.067,1780168761,D22,337,738,ok,1
542,18.067,1780168761,D25,424,682,ok,1
542,18.067,1780168761,D11,304,814,ok,1
542,18.067,1780168761,D2,435,783,ok,1
542,18.067,1780168761,D6,113,766,ok,1
542,18.067,1780168761,D18,103,857,ok,1
542,18.067,1780168761,D1,190,891,ok,0
542,18.067,1780168761,D10,241,897,ok,0
542,18.067,1780168761,D24,0,590,ok,0
542,18.067,1780168761,D29,0,590,ok,0
542,18.067,1780168761,D27,2,923,ok,0
542,18.067,1780168761,D7,-22,629,ok,0
542,18.067,1780168761,D33,-8,619,ok,0
542,18.067,1780168761,D32,0,589,ok,0
542,18.067,1780168761,G13,-16,312,interpolated,0
542,18.067,1780168761,G40,522,503,interpolated,0
542,18.067,1780168761,G42,521,504,interpolated,0
543,18.100,1780168761,G6,173,98,ok,0
543,18.100,1780168761,G1,223,119,ok,0
543,18.100,1780168761,G10,261,102,ok,0
543,18.100,1780168761,G9,198,121,ok,0
543,18.100,1780168761,G34,124,78,ok,0
543,18.100,1780168761,G13,-17,312,ok,0
543,18.100,1780168761,G8,522,504,ok,0
543,18.100,1780168761,D4,59,561,ok,0
543,18.100,1780168761,D22,339,740,ok,1
543,18.100,1780168761,D2,434,783,ok,1
543,18.100,1780168761,D25,425,684,ok,1
543,18.100,1780168761,D11,304,816,ok,1
543,18.100,1780168761,D6,114,766,ok,1
543,18.100,1780168761,D1,190,891,ok,0
543,18.100,1780168761,D18,103,855,ok,1
543,18.100,1780168761,D10,241,897,ok,0
543,18.100,1780168761,D24,0,590,ok,0
543,18.100,1780168761,D29,0,590,ok,0
543,18.100,1780168761,D27,2,924,ok,0
543,18.100,1780168761,D7,-22,629,ok,0
543,18.100,1780168761,D32,0,589,ok,0
543,18.100,1780168761,D33,-8,619,ok,0
543,18.100,1780168761,G40,522,503,interpolated,0
543,18.100,1780168761,G42,521,504,interpolated,0
544,18.133,1780168761,G6,173,98,ok,0
544,18.133,1780168761,G1,222,119,ok,0
544,18.133,1780168761,G9,198,121,ok,0
544,18.133,1780168761,G10,261,101,ok,0
544,18.133,1780168761,G34,124,78,ok,0
544,18.133,1780168761,G4,92,82,ok,0
544,18.133,1780168761,G8,522,504,ok,0
544,18.133,1780168761,G13,-17,312,ok,0
544,18.133,1780168761,D4,59,561,ok,0
544,18.133,1780168761,D22,340,742,ok,1
544,18.133,1780168761,D2,434,783,ok,1
544,18.133,1780168761,D25,425,685,ok,1
544,18.133,1780168761,D6,115,766,ok,1
544,18.133,1780168761,D11,305,820,ok,1
544,18.133,1780168761,D18,103,854,ok,1
544,18.133,1780168761,D10,241,897,ok,0
544,18.133,1780168761,D1,189,891,ok,0
544,18.133,1780168761,D24,0,590,ok,0
544,18.133,1780168761,D29,0,590,ok,0
544,18.133,1780168761,D7,-22,628,ok,0
544,18.133,1780168761,D27,2,924,ok,0
544,18.133,1780168761,G40,522,503,interpolated,0
544,18.133,1780168761,G42,521,504,interpolated,0
544,18.133,1780168761,D32,0,589,interpolated,0
544,18.133,1780168761,D33,-8,619,interpolated,0
545,18.167,1780168761,G6,173,98,ok,0
545,18.167,1780168761,G1,222,119,ok,0
545,18.167,1780168761,G9,199,121,ok,0
545,18.167,1780168761,G10,261,102,ok,0
545,18.167,1780168761,G34,124,78,ok,0
545,18.167,1780168761,G40,522,503,ok,0
545,18.167,1780168761,G13,-17,312,ok,0
545,18.167,1780168761,D4,59,561,ok,0
545,18.167,1780168761,D2,434,783,ok,1
545,18.167,1780168761,D22,341,745,ok,1
545,18.167,1780168761,D6,116,766,ok,1
545,18.167,1780168761,D11,304,823,ok,1
545,18.167,1780168761,D25,426,687,ok,1
545,18.167,1780168761,D18,102,854,ok,1
545,18.167,1780168761,D10,241,897,ok,0
545,18.167,1780168761,D1,187,891,ok,0
545,18.167,1780168761,D24,0,590,ok,0
545,18.167,1780168761,D29,0,590,ok,0
545,18.167,1780168761,D7,-22,628,ok,0
545,18.167,1780168761,D27,2,924,ok,0
545,18.167,1780168761,D32,0,589,ok,0
545,18.167,1780168761,G8,522,504,interpolated,0
545,18.167,1780168761,G42,521,504,interpolated,0
545,18.167,1780168761,D33,-8,619,interpolated,0
545,18.167,1780168761,G4,92,82,interpolated,0
546,18.200,1780168761,G1,222,120,ok,0
546,18.200,1780168761,G6,173,98,ok,0
546,18.200,1780168761,G10,260,102,ok,0
546,18.200,1780168761,G9,199,121,ok,0
546,18.200,1780168761,G34,124,78,ok,0
546,18.200,1780168761,G8,522,504,ok,0
546,18.200,1780168761,D4,59,561,ok,0
546,18.200,1780168761,D2,434,783,ok,1
546,18.200,1780168761,D22,343,748,ok,1
546,18.200,1780168761,D25,426,689,ok,1
546,18.200,1780168761,D6,116,766,ok,1
546,18.200,1780168761,D11,304,827,ok,1
546,18.200,1780168761,D18,101,854,ok,1
546,18.200,1780168761,D10,240,897,ok,0
546,18.200,1780168761,D1,186,891,ok,0
546,18.200,1780168761,D24,0,590,ok,0
546,18.200,1780168761,D29,0,590,ok,0
546,18.200,1780168761,D7,-22,628,ok,0
546,18.200,1780168761,D27,2,924,ok,0
546,18.200,1780168761,D32,0,589,ok,0
546,18.200,1780168761,D33,-8,619,ok,0
546,18.200,1780168761,G13,-17,312,interpolated,0
546,18.200,1780168761,G40,522,503,interpolated,0
546,18.200,1780168761,G42,521,504,interpolated,0
546,18.200,1780168761,G4,92,82,interpolated,0
547,18.233,1780168761,G1,222,120,ok,0
547,18.233,1780168761,G6,173,98,ok,0
547,18.233,1780168761,G10,260,102,ok,0
547,18.233,1780168761,G9,199,121,ok,0
547,18.233,1780168761,G34,124,78,ok,0
547,18.233,1780168761,G8,522,504,ok,0
547,18.233,1780168761,D4,59,561,ok,0
547,18.233,1780168761,D2,434,783,ok,1
547,18.233,1780168761,D22,343,748,ok,1
547,18.233,1780168761,D25,426,689,ok,1
547,18.233,1780168761,D6,116,766,ok,1
547,18.233,1780168761,D11,304,827,ok,1
547,18.233,1780168761,D10,240,897,ok,0
547,18.233,1780168761,D18,101,854,ok,1
547,18.233,1780168761,D1,186,891,ok,0
547,18.233,1780168761,D24,0,590,ok,0
547,18.233,1780168761,D29,0,590,ok,0
547,18.233,1780168761,D7,-22,628,ok,0
547,18.233,1780168761,D27,2,924,ok,0
547,18.233,1780168761,D32,0,589,ok,0
547,18.233,1780168761,D33,-8,619,ok,0
547,18.233,1780168761,G13,-17,312,interpolated,0
547,18.233,1780168761,G40,522,503,interpolated,0
547,18.233,1780168761,G42,521,504,interpolated,0
547,18.233,1780168761,G4,92,82,interpolated,0
548,18.267,1780168761,G1,222,120,ok,0
548,18.267,1780168761,G6,173,99,ok,0
548,18.267,1780168761,G10,261,101,ok,0
548,18.267,1780168761,G9,199,121,ok,0
548,18.267,1780168761,G34,124,79,ok,0
548,18.267,1780168761,G8,522,504,ok,0
548,18.267,1780168761,D4,59,561,ok,0
548,18.267,1780168761,D22,345,752,ok,1
548,18.267,1780168761,D2,434,783,ok,1
548,18.267,1780168761,D25,427,692,ok,1
548,18.267,1780168761,D11,303,833,ok,1
548,18.267,1780168761,D6,116,768,ok,1
548,18.267,1780168761,D18,100,854,ok,1
548,18.267,1780168761,D10,241,897,ok,0
548,18.267,1780168761,D1,185,890,ok,0
548,18.267,1780168761,D24,0,590,ok,0
548,18.267,1780168761,D29,0,590,ok,0
548,18.267,1780168761,D7,-22,628,ok,0
548,18.267,1780168761,D32,0,589,ok,0
548,18.267,1780168761,D27,3,923,ok,0
548,18.267,1780168761,D33,-8,619,ok,0
548,18.267,1780168761,G13,-17,312,interpolated,0
548,18.267,1780168761,G40,522,503,interpolated,0
548,18.267,1780168761,G42,521,504,interpolated,0
548,18.267,1780168761,G4,92,82,interpolated,0
549,18.300,1780168761,G1,222,120,ok,0
549,18.300,1780168761,G6,173,99,ok,0
549,18.300,1780168761,G10,260,102,ok,0
549,18.300,1780168761,G9,199,121,ok,0
549,18.300,1780168761,G34,125,79,ok,0
549,18.300,1780168761,G8,522,504,ok,0
549,18.300,1780168761,D4,59,560,ok,0
549,18.300,1780168761,D22,345,752,ok,1
549,18.300,1780168761,D2,434,783,ok,1
549,18.300,1780168761,D11,304,837,ok,1
549,18.300,1780168761,D25,428,695,ok,1
549,18.300,1780168761,D6,117,772,ok,1
549,18.300,1780168761,D18,99,854,ok,1
549,18.300,1780168761,D10,240,896,ok,0
549,18.300,1780168761,D1,184,890,ok,0
549,18.300,1780168761,D24,0,590,ok,0
549,18.300,1780168761,D29,0,590,ok,0
549,18.300,1780168761,D7,-22,628,ok,0
549,18.300,1780168761,D33,-8,619,ok,0
549,18.300,1780168761,G13,-17,312,interpolated,0
549,18.300,1780168761,D27,3,923,interpolated,0
549,18.300,1780168761,G40,522,503,interpolated,0
549,18.300,1780168761,G42,521,504,interpolated,0
549,18.300,1780168761,D32,0,589,interpolated,0
549,18.300,1780168761,G4,92,82,interpolated,0
550,18.333,1780168761,G1,222,120,ok,0
550,18.333,1780168761,G6,173,99,ok,0
550,18.333,1780168761,G9,199,121,ok,0
550,18.333,1780168761,G10,260,103,ok,0
550,18.333,1780168761,G34,125,79,ok,0
550,18.333,1780168761,G8,522,505,ok,0
550,18.333,1780168761,D4,59,560,ok,0
550,18.333,1780168761,D22,345,754,ok,1
550,18.333,1780168761,D11,304,840,ok,1
550,18.333,1780168761,D2,433,783,ok,1
550,18.333,1780168761,D25,428,695,ok,1
550,18.333,1780168761,D6,119,770,ok,1
550,18.333,1780168761,D10,241,897,ok,0
550,18.333,1780168761,D1,183,889,ok,0
550,18.333,1780168761,D18,95,854,ok,1
550,18.333,1780168761,D24,0,590,ok,0
550,18.333,1780168761,D29,0,590,ok,0
550,18.333,1780168761,D7,-22,628,ok,0
550,18.333,1780168761,D33,-8,619,ok,0
550,18.333,1780168761,G13,-17,312,interpolated,0
550,18.333,1780168761,D27,3,923,interpolated,0
550,18.333,1780168761,G40,522,503,interpolated,0
550,18.333,1780168761,D32,0,589,interpolated,0
550,18.333,1780168761,G4,92,82,interpolated,0
551,18.367,1780168761,G1,222,119,ok,0
551,18.367,1780168761,G6,173,98,ok,0
551,18.367,1780168761,G10,260,104,ok,0
551,18.367,1780168761,G9,199,121,ok,0
551,18.367,1780168761,G34,124,79,ok,0
551,18.367,1780168761,G8,522,505,ok,0
551,18.367,1780168761,G4,95,80,ok,0
551,18.367,1780168761,D4,59,561,ok,0
551,18.367,1780168761,D22,346,756,ok,1
551,18.367,1780168761,D2,432,780,ok,1
551,18.367,1780168761,D11,304,841,ok,1
551,18.367,1780168761,D25,430,697,ok,1
551,18.367,1780168761,D6,119,772,ok,1
551,18.367,1780168761,D10,240,897,ok,0
551,18.367,1780168761,D1,183,885,ok,0
551,18.367,1780168761,D18,96,854,ok,1
551,18.367,1780168761,D24,0,590,ok,0
551,18.367,1780168761,D29,0,590,ok,0
551,18.367,1780168761,D27,2,923,ok,0
551,18.367,1780168761,D7,-22,629,ok,0
551,18.367,1780168761,D32,-7,872,ok,0
551,18.367,1780168761,D33,-8,619,ok,0
551,18.367,1780168761,G13,-17,312,interpolated,0
551,18.367,1780168761,G40,522,503,interpolated,0
552,18.400,1780168761,G1,222,120,ok,0
552,18.400,1780168761,G6,173,99,ok,0
552,18.400,1780168761,G10,259,105,ok,0
552,18.400,1780168761,G9,200,121,ok,0
552,18.400,1780168761,G34,125,79,ok,0
552,18.400,1780168761,G8,522,504,ok,0
552,18.400,1780168761,G13,-17,312,ok,0
552,18.400,1780168761,D4,59,561,ok,0
552,18.400,1780168761,D25,431,698,ok,1
552,18.400,1780168761,D11,304,844,ok,1
552,18.400,1780168761,D22,346,757,ok,1
552,18.400,1780168761,D2,430,776,ok,1
552,18.400,1780168761,D6,120,772,ok,1
552,18.400,1780168761,D10,240,897,ok,0
552,18.400,1780168761,D1,184,884,ok,0
552,18.400,1780168761,D18,95,854,ok,1
552,18.400,1780168761,D24,0,590,ok,0
552,18.400,1780168761,D29,0,590,ok,0
552,18.400,1780168761,D7,-19,623,ok,0
552,18.400,1780168761,D33,-8,619,ok,0
552,18.400,1780168761,D27,2,923,interpolated,0
552,18.400,1780168761,G40,522,503,interpolated,0
552,18.400,1780168761,D32,-7,872,interpolated,0
552,18.400,1780168761,G4,95,80,interpolated,0
553,18.433,1780168761,G1,222,120,ok,0
553,18.433,1780168761,G6,173,99,ok,0
553,18.433,1780168761,G10,259,105,ok,0
553,18.433,1780168761,G9,200,121,ok,0
553,18.433,1780168761,G34,125,79,ok,0
553,18.433,1780168761,G8,522,504,ok,0
553,18.433,1780168761,G13,-17,312,ok,0
553,18.433,1780168761,D4,59,561,ok,0
553,18.433,1780168761,D25,431,698,ok,1
553,18.433,1780168761,D11,304,844,ok,1
553,18.433,1780168761,D22,346,757,ok,1
553,18.433,1780168761,D2,430,776,ok,1
553,18.433,1780168761,D6,120,772,ok,1
553,18.433,1780168761,D10,240,897,ok,0
553,18.433,1780168761,D1,184,885,ok,0
553,18.433,1780168761,D18,95,854,ok,1
553,18.433,1780168761,D24,0,590,ok,0
553,18.433,1780168761,D33,-8,619,ok,0
553,18.433,1780168761,D7,-22,629,ok,0
553,18.433,1780168761,D27,2,923,interpolated,0
553,18.433,1780168761,D29,0,590,interpolated,0
553,18.433,1780168761,G40,522,503,interpolated,0
553,18.433,1780168761,D32,-7,872,interpolated,0
553,18.433,1780168761,G4,95,80,interpolated,0
554,18.467,1780168761,G1,222,120,ok,0
554,18.467,1780168761,G6,173,99,ok,0
554,18.467,1780168761,G10,259,105,ok,0
554,18.467,1780168761,G9,200,121,ok,0
554,18.467,1780168761,G34,125,79,ok,0
554,18.467,1780168761,G8,522,504,ok,0
554,18.467,1780168761,G40,185,105,ok,0
554,18.467,1780168761,G13,-16,312,ok,0
554,18.467,1780168761,G4,89,82,ok,0
554,18.467,1780168761,D4,59,560,ok,0
554,18.467,1780168761,D25,432,697,ok,1
554,18.467,1780168761,D11,303,844,ok,1
554,18.467,1780168761,D22,346,757,ok,1
554,18.467,1780168761,D2,429,774,ok,1
554,18.467,1780168761,D6,120,773,ok,1
554,18.467,1780168761,D10,241,897,ok,0
554,18.467,1780168761,D1,183,883,ok,0
554,18.467,1780168761,D18,94,854,ok,1
554,18.467,1780168761,D24,0,590,ok,0
554,18.467,1780168761,D29,0,590,ok,0
554,18.467,1780168761,D33,-8,619,ok,0
554,18.467,1780168761,D7,-22,629,ok,0
554,18.467,1780168761,D32,-1,871,ok,0
554,18.467,1780168761,D27,0,589,ok,0
555,18.500,1780168761,G1,222,120,ok,0
555,18.500,1780168761,G6,173,99,ok,0
555,18.500,1780168761,G9,200,121,ok,0
555,18.500,1780168761,G10,259,105,ok,0
555,18.500,1780168761,G40,185,105,ok,0
555,18.500,1780168761,G34,125,79,ok,0
555,18.500,1780168761,G8,522,504,ok,0
555,18.500,1780168761,G13,-17,312,ok,0
555,18.500,1780168761,D4,59,560,ok,0
555,18.500,1780168761,D25,433,698,ok,1
555,18.500,1780168761,D11,302,845,ok,1
555,18.500,1780168761,D22,346,760,ok,1
555,18.500,1780168761,D2,428,772,ok,1
555,18.500,1780168761,D6,122,773,ok,1
555,18.500,1780168761,D10,240,896,ok,0
555,18.500,1780168761,D1,183,883,ok,0
555,18.500,1780168761,D18,93,854,ok,1
555,18.500,1780168761,D24,0,590,ok,0
555,18.500,1780168761,D33,-8,619,ok,0
555,18.500,1780168761,D7,-22,629,ok,0
555,18.500,1780168761,D27,0,589,ok,0
555,18.500,1780168761,D29,0,590,interpolated,0
555,18.500,1780168761,D32,-1,871,interpolated,0
555,18.500,1780168761,G4,89,82,interpolated,0
556,18.533,1780168761,G1,222,120,ok,0
556,18.533,1780168761,G6,173,99,ok,0
556,18.533,1780168761,G9,200,121,ok,0
556,18.533,1780168761,G10,259,105,ok,0
556,18.533,1780168761,G40,184,104,ok,0
556,18.533,1780168761,G34,126,79,ok,0
556,18.533,1780168761,G8,522,504,ok,0
556,18.533,1780168761,G13,-17,312,ok,0
556,18.533,1780168761,G4,89,82,ok,0
556,18.533,1780168761,D4,59,560,ok,0
556,18.533,1780168761,D25,434,699,ok,1
556,18.533,1780168761,D22,346,762,ok,1
556,18.533,1780168761,D11,301,846,ok,1
556,18.533,1780168761,D2,428,772,ok,1
556,18.533,1780168761,D6,124,773,ok,1
556,18.533,1780168761,D10,240,896,ok,0
556,18.533,1780168761,D1,183,883,ok,0
556,18.533,1780168761,D18,93,854,ok,1
556,18.533,1780168761,D24,0,590,ok,0
556,18.533,1780168761,D33,-8,619,ok,0
556,18.533,1780168761,D7,-20,624,ok,0
556,18.533,1780168761,D32,-1,871,ok,0
556,18.533,1780168761,D27,0,589,ok,0
556,18.533,1780168761,D29,0,590,interpolated,0
557,18.567,1780168761,G1,222,120,ok,0
557,18.567,1780168761,G9,200,121,ok,0
557,18.567,1780168761,G6,172,99,ok,0
557,18.567,1780168761,G40,184,105,ok,0
557,18.567,1780168761,G10,259,105,ok,0
557,18.567,1780168761,G34,125,79,ok,0
557,18.567,1780168761,G8,522,504,ok,0
557,18.567,1780168761,G13,-17,312,ok,0
557,18.567,1780168761,D4,59,560,ok,0
557,18.567,1780168761,D25,434,699,ok,1
557,18.567,1780168761,D22,347,766,ok,1
557,18.567,1780168761,D2,427,770,ok,1
557,18.567,1780168761,D11,300,846,ok,1
557,18.567,1780168761,D6,127,773,ok,1
557,18.567,1780168761,D10,240,896,ok,0
557,18.567,1780168761,D18,93,854,ok,1
557,18.567,1780168761,D1,183,883,ok,0
557,18.567,1780168761,D32,-2,871,ok,0
557,18.567,1780168761,D24,-1,591,ok,0
557,18.567,1780168761,D27,0,589,ok,0
557,18.567,1780168761,D33,-8,619,ok,0
557,18.567,1780168761,D7,-20,624,interpolated,0
557,18.567,1780168761,D29,0,590,interpolated,0
557,18.567,1780168761,G4,89,82,interpolated,0
558,18.600,1780168761,G1,222,120,ok,0
558,18.600,1780168761,G9,200,121,ok,0
558,18.600,1780168761,G40,182,105,ok,0
558,18.600,1780168761,G10,259,105,ok,0
558,18.600,1780168761,G6,172,99,ok,0
558,18.600,1780168761,G34,125,79,ok,0
558,18.600,1780168761,G4,90,81,ok,0
558,18.600,1780168761,G8,521,505,ok,0
558,18.600,1780168761,D4,59,561,ok,0
558,18.600,1780168761,D25,435,699,ok,1
558,18.600,1780168761,D22,347,769,ok,1
558,18.600,1780168761,D2,426,770,ok,1
558,18.600,1780168761,D11,299,845,ok,1
558,18.600,1780168761,D6,127,774,ok,1
558,18.600,1780168761,D10,241,896,ok,0
558,18.600,1780168761,D1,183,883,ok,0
558,18.600,1780168761,D18,93,851,ok,1
558,18.600,1780168761,D32,-2,871,ok,0
558,18.600,1780168761,D29,0,588,ok,0
558,18.600,1780168761,D27,0,589,ok,0
558,18.600,1780168761,D7,-20,624,ok,0
558,18.600,1780168761,G13,-17,312,interpolated,0
558,18.600,1780168761,D24,-1,591,interpolated,0
558,18.600,1780168761,D33,-8,619,interpolated,0
559,18.633,1780168761,G1,222,120,ok,0
559,18.633,1780168761,G9,200,121,ok,0
559,18.633,1780168761,G40,182,105,ok,0
559,18.633,1780168761,G10,259,105,ok,0
559,18.633,1780168761,G6,172,99,ok,0
559,18.633,1780168761,G34,125,79,ok,0
559,18.633,1780168761,G43,263,519,ok,0
559,18.633,1780168761,G8,521,505,ok,0
559,18.633,1780168761,G4,90,81,ok,0
559,18.633,1780168761,D4,59,561,ok,0
559,18.633,1780168761,D25,435,699,ok,1
559,18.633,1780168761,D22,347,769,ok,1
559,18.633,1780168761,D2,426,770,ok,1
559,18.633,1780168761,D11,299,845,ok,1
559,18.633,1780168761,D6,128,774,ok,1
559,18.633,1780168761,D10,241,896,ok,0
559,18.633,1780168761,D1,183,883,ok,0
559,18.633,1780168761,D18,93,851,ok,1
559,18.633,1780168761,D32,-2,871,ok,0
559,18.633,1780168761,D29,0,588,ok,0
559,18.633,1780168761,D27,0,589,ok,0
559,18.633,1780168761,D7,-20,624,ok,0
559,18.633,1780168761,G13,-17,312,interpolated,0
559,18.633,1780168761,D24,-1,591,interpolated,0
559,18.633,1780168761,D33,-8,619,interpolated,0
560,18.667,1780168761,G1,222,120,ok,0
560,18.667,1780168761,G40,181,106,ok,0
560,18.667,1780168761,G9,200,121,ok,0
560,18.667,1780168761,G10,259,105,ok,0
560,18.667,1780168761,G6,172,99,ok,0
560,18.667,1780168761,G34,126,79,ok,0
560,18.667,1780168761,G43,263,519,ok,0
560,18.667,1780168761,G8,521,505,ok,0
560,18.667,1780168761,D4,59,561,ok,0
560,18.667,1780168761,D25,435,700,ok,1
560,18.667,1780168761,D2,426,770,ok,1
560,18.667,1780168761,D22,347,773,ok,1
560,18.667,1780168761,D11,298,845,ok,1
560,18.667,1780168761,D6,130,773,ok,1
560,18.667,1780168761,D10,241,896,ok,0
560,18.667,1780168761,D1,183,883,ok,0
560,18.667,1780168761,D18,93,848,ok,1
560,18.667,1780168761,D32,-2,871,ok,0
560,18.667,1780168761,D27,0,589,ok,0
560,18.667,1780168761,D24,-1,590,ok,0
560,18.667,1780168761,D7,-19,623,ok,0
560,18.667,1780168761,G13,-17,312,interpolated,0
560,18.667,1780168761,D29,0,588,interpolated,0
560,18.667,1780168761,D33,-8,619,interpolated,0
560,18.667,1780168761,G4,90,81,interpolated,0
561,18.700,1780168761,G1,222,120,ok,0
561,18.700,1780168761,G40,180,106,ok,0
561,18.700,1780168761,G9,200,121,ok,0
561,18.700,1780168761,G10,259,105,ok,0
561,18.700,1780168761,G6,173,106,ok,0
561,18.700,1780168761,G34,126,79,ok,0
561,18.700,1780168761,G8,522,504,ok,0
561,18.700,1780168761,D4,59,561,ok,0
561,18.700,1780168761,D2,425,769,ok,1
561,18.700,1780168761,D22,347,775,ok,1
561,18.700,1780168761,D25,436,701,ok,1
561,18.700,1780168761,D6,131,774,ok,1
561,18.700,1780168761,D11,298,845,ok,1
561,18.700,1780168761,D10,241,896,ok,0
561,18.700,1780168761,D18,93,848,ok,1
561,18.700,1780168761,D1,183,883,ok,0
561,18.700,1780168761,D32,-1,872,ok,0
561,18.700,1780168761,D27,0,589,ok,0
561,18.700,1780168761,D24,-1,590,ok,0
561,18.700,1780168761,D7,-19,623,ok,0
561,18.700,1780168761,G13,-17,312,interpolated,0
561,18.700,1780168761,D29,0,588,interpolated,0
561,18.700,1780168761,D33,-8,619,interpolated,0
561,18.700,1780168761,G4,90,81,interpolated,0
561,18.700,1780168761,G43,263,519,interpolated,0
562,18.733,1780168761,G1,221,119,ok,0
562,18.733,1780168761,G40,179,107,ok,0
562,18.733,1780168761,G9,199,121,ok,0
562,18.733,1780168761,G10,259,105,ok,0
562,18.733,1780168761,G34,125,79,ok,0
562,18.733,1780168761,G6,173,106,ok,0
562,18.733,1780168761,G8,522,504,ok,0
562,18.733,1780168761,D4,59,561,ok,0
562,18.733,1780168761,D22,347,775,ok,1
562,18.733,1780168761,D2,425,769,ok,1
562,18.733,1780168761,D25,437,703,ok,1
562,18.733,1780168761,D6,133,774,ok,1
562,18.733,1780168761,D11,298,846,ok,1
562,18.733,1780168761,D10,241,896,ok,0
562,18.733,1780168761,D1,182,883,ok,0
562,18.733,1780168761,D18,92,848,ok,1
562,18.733,1780168761,D32,-1,872,ok,0
562,18.733,1780168761,D27,0,590,ok,0
562,18.733,1780168761,D24,-1,590,ok,0
562,18.733,1780168761,D7,-19,623,ok,0
562,18.733,1780168761,G13,-17,312,interpolated,0
562,18.733,1780168761,D29,0,588,interpolated,0
562,18.733,1780168761,D33,-8,619,interpolated,0
562,18.733,1780168761,G4,90,81,interpolated,0
562,18.733,1780168761,G43,263,519,interpolated,0
563,18.767,1780168761,G1,221,119,ok,0
563,18.767,1780168761,G9,200,121,ok,0
563,18.767,1780168761,G40,179,107,ok,0
563,18.767,1780168761,G34,124,79,ok,0
563,18.767,1780168761,G10,259,105,ok,0
563,18.767,1780168761,G6,175,106,ok,0
563,18.767,1780168761,G8,522,504,ok,0
563,18.767,1780168761,D4,59,561,ok,0
563,18.767,1780168761,D2,424,769,ok,1
563,18.767,1780168761,D22,347,775,ok,1
563,18.767,1780168761,D6,134,774,ok,1
563,18.767,1780168761,D11,297,846,ok,1
563,18.767,1780168761,D25,439,704,ok,1
563,18.767,1780168761,D10,241,896,ok,0
563,18.767,1780168761,D18,92,847,ok,1
563,18.767,1780168761,D1,183,882,ok,0
563,18.767,1780168761,D32,-1,872,ok,0
563,18.767,1780168761,D29,418,653,ok,1
563,18.767,1780168761,D24,-1,590,ok,0
563,18.767,1780168761,D27,0,590,ok,0
563,18.767,1780168761,D7,-19,622,ok,0
563,18.767,1780168761,G13,-17,312,interpolated,0
563,18.767,1780168761,D33,-8,619,interpolated,0
563,18.767,1780168761,G4,90,81,interpolated,0
563,18.767,1780168761,G43,263,519,interpolated,0
564,18.800,1780168761,G1,221,119,ok,0
564,18.800,1780168761,G9,199,121,ok,0
564,18.800,1780168761,G40,179,109,ok,0
564,18.800,1780168761,G10,259,106,ok,0
564,18.800,1780168761,G34,125,79,ok,0
564,18.800,1780168761,G6,175,107,ok,0
564,18.800,1780168761,G4,95,81,ok,0
564,18.800,1780168761,G8,522,504,ok,0
564,18.800,1780168761,D4,59,560,ok,0
564,18.800,1780168761,D2,423,769,ok,1
564,18.800,1780168761,D22,347,776,ok,1
564,18.800,1780168761,D6,134,776,ok,1
564,18.800,1780168761,D25,442,708,ok,1
564,18.800,1780168761,D11,298,846,ok,1
564,18.800,1780168761,D1,182,882,ok,0
564,18.800,1780168761,D10,241,896,ok,0
564,18.800,1780168761,D18,91,847,ok,1
564,18.800,1780168761,D32,0,871,ok,0
564,18.800,1780168761,D29,419,653,ok,1
564,18.800,1780168761,D27,0,590,ok,0
564,18.800,1780168761,D24,-1,590,ok,0
564,18.800,1780168761,D33,-1,590,ok,0
564,18.800,1780168761,D7,-19,622,ok,0
564,18.800,1780168761,G13,-17,312,interpolated,0
564,18.800,1780168761,G43,263,519,interpolated,0
565,18.833,1780168761,G1,221,119,ok,0
565,18.833,1780168761,G9,199,121,ok,0
565,18.833,1780168761,G40,179,109,ok,0
565,18.833,1780168761,G10,259,106,ok,0
565,18.833,1780168761,G34,125,79,ok,0
565,18.833,1780168761,G6,175,107,ok,0
565,18.833,1780168761,G4,95,81,ok,0
565,18.833,1780168761,D4,59,560,ok,0
565,18.833,1780168761,D2,423,769,ok,1
565,18.833,1780168761,D22,347,776,ok,1
565,18.833,1780168761,D6,134,776,ok,1
565,18.833,1780168761,D25,442,708,ok,1
565,18.833,1780168761,D11,298,846,ok,1
565,18.833,1780168761,D1,182,882,ok,0
565,18.833,1780168761,D10,241,896,ok,0
565,18.833,1780168761,D18,91,847,ok,1
565,18.833,1780168761,D32,0,871,ok,0
565,18.833,1780168761,D29,419,653,ok,1
565,18.833,1780168761,D27,0,590,ok,0
565,18.833,1780168761,D24,-1,590,ok,0
565,18.833,1780168761,D33,-1,590,ok,0
565,18.833,1780168761,D7,-19,622,ok,0
565,18.833,1780168761,G13,-17,312,interpolated,0
565,18.833,1780168761,G8,522,504,interpolated,0
565,18.833,1780168761,G43,263,519,interpolated,0
566,18.867,1780168761,G1,222,119,ok,0
566,18.867,1780168761,G40,179,110,ok,0
566,18.867,1780168761,G10,259,106,ok,0
566,18.867,1780168761,G9,199,121,ok,0
566,18.867,1780168761,G34,124,79,ok,0
566,18.867,1780168761,G4,95,81,ok,0
566,18.867,1780168761,D4,59,560,ok,0
566,18.867,1780168761,D2,422,766,ok,1
566,18.867,1780168761,D22,347,777,ok,1
566,18.867,1780168761,D25,443,708,ok,1
566,18.867,1780168761,D6,134,783,ok,1
566,18.867,1780168761,D11,299,846,ok,1
566,18.867,1780168761,D1,182,882,ok,0
566,18.867,1780168761,D18,90,847,ok,1
566,18.867,1780168761,D10,241,896,ok,0
566,18.867,1780168761,D32,0,871,ok,0
566,18.867,1780168761,D34,281,905,ok,0
566,18.867,1780168761,D27,0,590,ok,0
566,18.867,1780168761,D24,-1,590,ok,0
566,18.867,1780168761,D7,-19,623,ok,0
566,18.867,1780168761,G6,175,107,interpolated,0
566,18.867,1780168761,G13,-17,312,interpolated,0
566,18.867,1780168761,G8,522,504,interpolated,0
566,18.867,1780168761,D29,419,653,interpolated,1
566,18.867,1780168761,D33,-1,590,interpolated,0
566,18.867,1780168761,G43,263,519,interpolated,0
567,18.900,1780168761,G1,222,119,ok,0
567,18.900,1780168761,G40,179,111,ok,0
567,18.900,1780168761,G10,259,106,ok,0
567,18.900,1780168761,G9,199,121,ok,0
567,18.900,1780168761,G34,124,79,ok,0
567,18.900,1780168761,G4,96,81,ok,0
567,18.900,1780168761,D4,59,560,ok,0
567,18.900,1780168761,D2,420,762,ok,1
567,18.900,1780168761,D22,347,778,ok,1
567,18.900,1780168761,D25,445,710,ok,1
567,18.900,1780168761,D6,135,783,ok,1
567,18.900,1780168761,D11,300,846,ok,1
567,18.900,1780168761,D1,181,883,ok,0
567,18.900,1780168761,D10,241,896,ok,0
567,18.900,1780168761,D18,88,847,ok,1
567,18.900,1780168761,D32,0,870,ok,0
567,18.900,1780168761,D27,0,590,ok,0
567,18.900,1780168761,D24,-1,590,ok,0
567,18.900,1780168761,D7,-19,623,ok,0
567,18.900,1780168761,G6,175,107,interpolated,0
567,18.900,1780168761,G13,-17,312,interpolated,0
567,18.900,1780168761,G8,522,504,interpolated,0
567,18.900,1780168761,D29,419,653,interpolated,1
567,18.900,1780168761,D33,-1,590,interpolated,0
567,18.900,1780168761,G43,263,519,interpolated,0
567,18.900,1780168761,D34,281,905,interpolated,0
568,18.933,1780168761,G1,221,119,ok,0
568,18.933,1780168761,G40,179,111,ok,0
568,18.933,1780168761,G10,259,106,ok,0
568,18.933,1780168761,G9,199,121,ok,0
568,18.933,1780168761,G34,124,79,ok,0
568,18.933,1780168761,G4,95,81,ok,0
568,18.933,1780168761,G8,522,504,ok,0
568,18.933,1780168761,D4,59,560,ok,0
568,18.933,1780168761,D2,419,760,ok,1
568,18.933,1780168761,D22,346,778,ok,1
568,18.933,1780168761,D25,445,710,ok,1
568,18.933,1780168761,D11,299,846,ok,1
568,18.933,1780168761,D6,136,783,ok,1
568,18.933,1780168761,D1,181,883,ok,0
568,18.933,1780168761,D10,241,896,ok,0
568,18.933,1780168761,D18,87,847,ok,1
568,18.933,1780168761,D32,0,869,ok,0
568,18.933,1780168761,D27,0,590,ok,0
568,18.933,1780168761,D24,-1,590,ok,0
568,18.933,1780168761,D7,-19,622,ok,0
568,18.933,1780168761,G6,175,107,interpolated,0
568,18.933,1780168761,D29,419,653,interpolated,1
568,18.933,1780168761,D33,-1,590,interpolated,0
568,18.933,1780168761,G43,263,519,interpolated,0
568,18.933,1780168761,D34,281,905,interpolated,0
569,18.967,1780168761,G1,221,119,ok,0
569,18.967,1780168761,G40,178,111,ok,0
569,18.967,1780168761,G9,200,121,ok,0
569,18.967,1780168761,G10,259,106,ok,0
569,18.967,1780168761,G34,124,79,ok,0
569,18.967,1780168761,G4,95,80,ok,0
569,18.967,1780168761,G8,522,504,ok,0
569,18.967,1780168761,D4,59,560,ok,0
569,18.967,1780168761,D2,419,767,ok,1
569,18.967,1780168761,D25,446,710,ok,1
569,18.967,1780168761,D22,346,783,ok,1
569,18.967,1780168761,D11,298,846,ok,1
569,18.967,1780168761,D6,137,783,ok,1
569,18.967,1780168761,D10,241,896,ok,0
569,18.967,1780168761,D1,181,883,ok,0
569,18.967,1780168761,D18,86,845,ok,1
569,18.967,1780168761,D32,1,868,ok,0
569,18.967,1780168761,D27,0,590,ok,0
569,18.967,1780168761,D24,-1,590,ok,0
569,18.967,1780168761,G6,175,107,interpolated,0
569,18.967,1780168761,D7,-19,622,interpolated,0
569,18.967,1780168761,D29,419,653,interpolated,1
569,18.967,1780168761,D33,-1,590,interpolated,0
569,18.967,1780168761,G43,263,519,interpolated,0
569,18.967,1780168761,D34,281,905,interpolated,0
570,19.000,1780168762,G1,221,119,ok,0
570,19.000,1780168762,G40,177,111,ok,0
570,19.000,1780168762,G10,259,106,ok,0
570,19.000,1780168762,G9,200,121,ok,0
570,19.000,1780168762,G34,125,79,ok,0
570,19.000,1780168762,G4,94,81,ok,0
570,19.000,1780168762,G43,521,505,ok,0
570,19.000,1780168762,G8,522,503,ok,0
570,19.000,1780168762,D4,59,560,ok,0
570,19.000,1780168762,D2,416,758,ok,1
570,19.000,1780168762,D25,446,708,ok,1
570,19.000,1780168762,D22,346,782,ok,1
570,19.000,1780168762,D6,139,783,ok,1
570,19.000,1780168762,D11,297,846,ok,1
570,19.000,1780168762,D10,242,896,ok,0
570,19.000,1780168762,D1,180,882,ok,0
570,19.000,1780168762,D18,86,843,ok,1
570,19.000,1780168762,D32,1,867,ok,0
570,19.000,1780168762,D27,0,589,ok,0
570,19.000,1780168762,D24,-1,590,ok,0
570,19.000,1780168762,G6,175,107,interpolated,0
570,19.000,1780168762,D7,-19,622,interpolated,0
570,19.000,1780168762,D29,419,653,interpolated,1
570,19.000,1780168762,D33,-1,590,interpolated,0
570,19.000,1780168762,D34,281,905,interpolated,0
571,19.033,1780168762,G1,221,119,ok,0
571,19.033,1780168762,G40,178,111,ok,0
571,19.033,1780168762,G10,259,106,ok,0
571,19.033,1780168762,G9,200,121,ok,0
571,19.033,1780168762,G34,125,79,ok,0
571,19.033,1780168762,G4,94,81,ok,0
571,19.033,1780168762,G43,521,505,ok,0
571,19.033,1780168762,D4,59,560,ok,0
571,19.033,1780168762,D2,416,758,ok,1
571,19.033,1780168762,D25,446,708,ok,1
571,19.033,1780168762,D22,346,782,ok,1
571,19.033,1780168762,D6,139,783,ok,1
571,19.033,1780168762,D11,297,846,ok,1
571,19.033,1780168762,D10,242,896,ok,0
571,19.033,1780168762,D1,180,882,ok,0
571,19.033,1780168762,D18,86,843,ok,1
571,19.033,1780168762,D32,1,867,ok,0
571,19.033,1780168762,D27,0,589,ok,0
571,19.033,1780168762,D24,-1,590,ok,0
571,19.033,1780168762,G6,175,107,interpolated,0
571,19.033,1780168762,D7,-19,622,interpolated,0
571,19.033,1780168762,G8,522,503,interpolated,0
571,19.033,1780168762,D29,419,653,interpolated,1
571,19.033,1780168762,D33,-1,590,interpolated,0
571,19.033,1780168762,D34,281,905,interpolated,0
572,19.067,1780168762,G1,221,119,ok,0
572,19.067,1780168762,G40,176,111,ok,0
572,19.067,1780168762,G10,260,107,ok,0
572,19.067,1780168762,G9,200,121,ok,0
572,19.067,1780168762,G34,125,79,ok,0
572,19.067,1780168762,G4,94,80,ok,0
572,19.067,1780168762,G43,521,505,ok,0
572,19.067,1780168762,D4,59,560,ok,0
572,19.067,1780168762,D2,415,757,ok,1
572,19.067,1780168762,D22,346,786,ok,1
572,19.067,1780168762,D25,446,707,ok,1
572,19.067,1780168762,D6,140,783,ok,1
572,19.067,1780168762,D11,297,846,ok,1
572,19.067,1780168762,D18,87,839,ok,1
572,19.067,1780168762,D10,242,896,ok,0
572,19.067,1780168762,D1,180,882,ok,0
572,19.067,1780168762,D32,1,867,ok,0
572,19.067,1780168762,D27,0,590,ok,0
572,19.067,1780168762,D24,-1,590,ok,0
572,19.067,1780168762,D33,0,590,ok,0
572,19.067,1780168762,D7,-19,622,ok,0
572,19.067,1780168762,G6,175,107,interpolated,0
572,19.067,1780168762,G8,522,503,interpolated,0
572,19.067,1780168762,D29,419,653,interpolated,1
572,19.067,1780168762,D34,281,905,interpolated,0
573,19.100,1780168762,G1,221,119,ok,0
573,19.100,1780168762,G40,175,111,ok,0
573,19.100,1780168762,G10,260,110,ok,0
573,19.100,1780168762,G9,200,121,ok,0
573,19.100,1780168762,G34,125,79,ok,0
573,19.100,1780168762,G4,95,80,ok,0
573,19.100,1780168762,G43,521,505,ok,0
573,19.100,1780168762,G8,521,504,ok,0
573,19.100,1780168762,D4,59,560,ok,0
573,19.100,1780168762,D2,414,756,ok,1
573,19.100,1780168762,D25,446,707,ok,1
573,19.100,1780168762,D6,143,785,ok,1
573,19.100,1780168762,D22,345,788,ok,1
573,19.100,1780168762,D11,297,846,ok,1
573,19.100,1780168762,D10,242,896,ok,0
573,19.100,1780168762,D1,180,880,ok,0
573,19.100,1780168762,D18,87,837,ok,1
573,19.100,1780168762,D32,1,867,ok,0
573,19.100,1780168762,D27,0,590,ok,0
573,19.100,1780168762,D24,-1,590,ok,0
573,19.100,1780168762,D7,-18,621,ok,0
573,19.100,1780168762,G6,175,107,interpolated,0
573,19.100,1780168762,D29,419,653,interpolated,1
573,19.100,1780168762,D33,0,590,interpolated,0
573,19.100,1780168762,D34,281,905,interpolated,0
574,19.133,1780168762,G1,221,119,ok,0
574,19.133,1780168762,G10,261,111,ok,0
574,19.133,1780168762,G9,200,121,ok,0
574,19.133,1780168762,G40,173,110,ok,0
574,19.133,1780168762,G34,125,79,ok,0
574,19.133,1780168762,G4,93,81,ok,0
574,19.133,1780168762,G6,174,87,ok,0
574,19.133,1780168762,G43,521,505,ok,0
574,19.133,1780168762,G8,521,504,ok,0
574,19.133,1780168762,D4,59,560,ok,0
574,19.133,1780168762,D2,413,755,ok,1
574,19.133,1780168762,D22,344,792,ok,1
574,19.133,1780168762,D25,446,707,ok,1
574,19.133,1780168762,D6,146,785,ok,1
574,19.133,1780168762,D11,297,846,ok,1
574,19.133,1780168762,D10,242,896,ok,0
574,19.133,1780168762,D1,180,880,ok,0
574,19.133,1780168762,D18,87,835,ok,1
574,19.133,1780168762,D32,1,867,ok,0
574,19.133,1780168762,D27,0,590,ok,0
574,19.133,1780168762,D24,-1,590,ok,0
574,19.133,1780168762,D7,-19,622,ok,0
574,19.133,1780168762,D29,419,653,interpolated,1
574,19.133,1780168762,D33,0,590,interpolated,0
574,19.133,1780168762,D34,281,905,interpolated,0
575,19.167,1780168762,G10,261,112,ok,0
575,19.167,1780168762,G1,221,119,ok,0
575,19.167,1780168762,G9,200,121,ok,0
575,19.167,1780168762,G40,172,110,ok,0
575,19.167,1780168762,G34,126,79,ok,0
575,19.167,1780168762,G6,173,90,ok,0
575,19.167,1780168762,G4,94,80,ok,0
575,19.167,1780168762,G43,521,505,ok,0
575,19.167,1780168762,G8,521,504,ok,0
575,19.167,1780168762,D4,59,560,ok,0
575,19.167,1780168762,D2,412,755,ok,1
575,19.167,1780168762,D22,343,796,ok,1
575,19.167,1780168762,D11,295,846,ok,1
575,19.167,1780168762,D6,147,784,ok,1
575,19.167,1780168762,D25,447,708,ok,1
575,19.167,1780168762,D1,180,878,ok,0
575,19.167,1780168762,D10,242,896,ok,0
575,19.167,1780168762,D18,87,834,ok,1
575,19.167,1780168762,D32,1,867,ok,0
575,19.167,1780168762,D27,0,590,ok,0
575,19.167,1780168762,D24,-1,590,ok,0
575,19.167,1780168762,D7,-19,622,ok,0
575,19.167,1780168762,D29,419,653,interpolated,1
575,19.167,1780168762,D33,0,590,interpolated,0
575,19.167,1780168762,D34,281,905,interpolated,0
576,19.200,1780168762,G10,261,113,ok,0
576,19.200,1780168762,G1,221,119,ok,0
576,19.200,1780168762,G9,199,121,ok,0
576,19.200,1780168762,G40,170,114,ok,0
576,19.200,1780168762,G34,125,79,ok,0
576,19.200,1780168762,G6,174,91,ok,0
576,19.200,1780168762,G44,-17,312,ok,0
576,19.200,1780168762,G4,93,80,ok,0
576,19.200,1780168762,G45,-6,364,ok,0
576,19.200,1780168762,G43,521,505,ok,0
576,19.200,1780168762,G8,521,504,ok,0
576,19.200,1780168762,D4,59,561,ok,0
576,19.200,1780168762,D2,410,755,ok,1
576,19.200,1780168762,D22,342,798,ok,1
576,19.200,1780168762,D25,447,708,ok,1
576,19.200,1780168762,D6,149,785,ok,1
576,19.200,1780168762,D1,179,877,ok,0
576,19.200,1780168762,D10,242,896,ok,0
576,19.200,1780168762,D11,294,846,ok,1
576,19.200,1780168762,D18,87,832,ok,1
576,19.200,1780168762,D32,1,866,ok,0
576,19.200,1780168762,D24,-1,591,ok,0
576,19.200,1780168762,D27,0,590,ok,0
576,19.200,1780168762,D7,-19,622,interpolated,0
576,19.200,1780168762,D33,0,590,interpolated,0
576,19.200,1780168762,D34,281,905,interpolated,0
577,19.233,1780168762,G10,261,113,ok,0
577,19.233,1780168762,G1,221,119,ok,0
577,19.233,1780168762,G9,199,121,ok,0
577,19.233,1780168762,G40,170,114,ok,0
577,19.233,1780168762,G6,174,91,ok,0
577,19.233,1780168762,G34,125,79,ok,0
577,19.233,1780168762,G44,-17,312,ok,0
577,19.233,1780168762,G4,93,80,ok,0
577,19.233,1780168762,G45,-6,364,ok,0
577,19.233,1780168762,G43,521,505,ok,0
577,19.233,1780168762,D4,59,561,ok,0
577,19.233,1780168762,D2,410,755,ok,1
577,19.233,1780168762,D22,342,798,ok,1
577,19.233,1780168762,D25,447,708,ok,1
577,19.233,1780168762,D6,149,785,ok,1
577,19.233,1780168762,D1,179,877,ok,0
577,19.233,1780168762,D10,242,896,ok,0
577,19.233,1780168762,D11,294,846,ok,1
577,19.233,1780168762,D18,87,832,ok,1
577,19.233,1780168762,D32,1,866,ok,0
577,19.233,1780168762,D24,-1,591,ok,0
577,19.233,1780168762,D27,-1,590,ok,0
577,19.233,1780168762,D7,-19,622,interpolated,0
577,19.233,1780168762,G8,521,504,interpolated,0
577,19.233,1780168762,D33,0,590,interpolated,0
578,19.267,1780168762,G10,261,113,ok,0
578,19.267,1780168762,G1,220,119,ok,0
578,19.267,1780168762,G9,199,121,ok,0
578,19.267,1780168762,G40,168,116,ok,0
578,19.267,1780168762,G6,173,90,ok,0
578,19.267,1780168762,G34,125,79,ok,0
578,19.267,1780168762,D4,59,561,ok,0
578,19.267,1780168762,D2,410,755,ok,1
578,19.267,1780168762,D22,341,798,ok,1
578,19.267,1780168762,D6,150,785,ok,1
578,19.267,1780168762,D25,448,708,ok,1
578,19.267,1780168762,D1,179,876,ok,0
578,19.267,1780168762,D11,296,846,ok,1
578,19.267,1780168762,D10,242,896,ok,0
578,19.267,1780168762,D18,86,830,ok,1
578,19.267,1780168762,D32,1,866,ok,0
578,19.267,1780168762,D33,0,589,ok,0
578,19.267,1780168762,D27,-1,590,ok,0
578,19.267,1780168762,D7,-19,622,interpolated,0
578,19.267,1780168762,G8,521,504,interpolated,0
578,19.267,1780168762,D24,-1,591,interpolated,0
578,19.267,1780168762,G4,93,80,interpolated,0
578,19.267,1780168762,G43,521,505,interpolated,0
578,19.267,1780168762,G44,-17,312,interpolated,0
578,19.267,1780168762,G45,-6,364,interpolated,0
579,19.300,1780168762,G10,262,113,ok,0
579,19.300,1780168762,G1,220,119,ok,0
579,19.300,1780168762,G9,200,121,ok,0
579,19.300,1780168762,G40,167,118,ok,0
579,19.300,1780168762,G6,173,91,ok,0
579,19.300,1780168762,G34,126,79,ok,0
579,19.300,1780168762,D4,58,561,ok,0
579,19.300,1780168762,D2,409,755,ok,1
579,19.300,1780168762,D6,150,786,ok,1
579,19.300,1780168762,D22,340,799,ok,1
579,19.300,1780168762,D34,292,846,ok,1
579,19.300,1780168762,D25,448,708,ok,1
579,19.300,1780168762,D10,242,896,ok,0
579,19.300,1780168762,D1,179,876,ok,0
579,19.300,1780168762,D32,2,863,ok,0
579,19.300,1780168762,D11,296,846,ok,1
579,19.300,1780168762,D18,86,830,ok,1
579,19.300,1780168762,D33,0,589,ok,0
579,19.300,1780168762,D27,0,589,ok,0
579,19.300,1780168762,D7,-8,619,ok,0
579,19.300,1780168762,D29,2,924,ok,0
579,19.300,1780168762,G8,521,504,interpolated,0
579,19.300,1780168762,D24,-1,591,interpolated,0
579,19.300,1780168762,G4,93,80,interpolated,0
579,19.300,1780168762,G43,521,505,interpolated,0
579,19.300,1780168762,G44,-17,312,interpolated,0
579,19.300,1780168762,G45,-6,364,interpolated,0
580,19.333,1780168762,G10,262,113,ok,0
580,19.333,1780168762,G40,167,119,ok,0
580,19.333,1780168762,G9,200,121,ok,0
580,19.333,1780168762,G1,220,119,ok,0
580,19.333,1780168762,G6,173,91,ok,0
580,19.333,1780168762,G34,126,79,ok,0
580,19.333,1780168762,D4,58,561,ok,0
580,19.333,1780168762,D2,409,755,ok,1
580,19.333,1780168762,D6,151,786,ok,1
580,19.333,1780168762,D22,338,799,ok,1
580,19.333,1780168762,D34,292,846,ok,1
580,19.333,1780168762,D10,242,896,ok,0
580,19.333,1780168762,D25,449,710,ok,1
580,19.333,1780168762,D1,179,876,ok,0
580,19.333,1780168762,D32,3,861,ok,0
580,19.333,1780168762,D18,86,829,ok,1
580,19.333,1780168762,D27,0,589,ok,0
580,19.333,1780168762,D33,0,589,ok,0
580,19.333,1780168762,D29,2,924,ok,0
580,19.333,1780168762,D7,-8,619,interpolated,0
580,19.333,1780168762,G8,521,504,interpolated,0
580,19.333,1780168762,D11,296,846,interpolated,1
580,19.333,1780168762,D24,-1,591,interpolated,0
580,19.333,1780168762,G4,93,80,interpolated,0
580,19.333,1780168762,G43,521,505,interpolated,0
580,19.333,1780168762,G44,-17,312,interpolated,0
580,19.333,1780168762,G45,-6,364,interpolated,0
581,19.367,1780168762,G10,262,114,ok,0
581,19.367,1780168762,G40,166,120,ok,0
581,19.367,1780168762,G6,173,92,ok,0
581,19.367,1780168762,G9,200,121,ok,0
581,19.367,1780168762,G1,221,119,ok,0
581,19.367,1780168762,G34,125,79,ok,0
581,19.367,1780168762,G4,95,81,ok,0
581,19.367,1780168762,G8,521,504,ok,0
581,19.367,1780168762,D4,59,561,ok,0
581,19.367,1780168762,D2,409,755,ok,1
581,19.367,1780168762,D6,151,787,ok,1
581,19.367,1780168762,D22,337,799,ok,1
581,19.367,1780168762,D34,292,847,ok,1
581,19.367,1780168762,D10,241,896,ok,0
581,19.367,1780168762,D25,449,711,ok,1
581,19.367,1780168762,D1,179,876,ok,0
581,19.367,1780168762,D32,4,858,ok,0
581,19.367,1780168762,D18,84,829,ok,1
581,19.367,1780168762,D27,0,589,ok,0
581,19.367,1780168762,D24,-1,590,ok,0
581,19.367,1780168762,D29,2,924,ok,0
581,19.367,1780168762,D7,-8,619,interpolated,0
581,19.367,1780168762,D11,296,846,interpolated,1
581,19.367,1780168762,D33,0,589,interpolated,0
581,19.367,1780168762,G43,521,505,interpolated,0
581,19.367,1780168762,G44,-17,312,interpolated,0
581,19.367,1780168762,G45,-6,364,interpolated,0
582,19.400,1780168762,G40,166,120,ok,0
582,19.400,1780168762,G10,263,113,ok,0
582,19.400,1780168762,G6,173,92,ok,0
582,19.400,1780168762,G9,200,121,ok,0
582,19.400,1780168762,G1,220,119,ok,0
582,19.400,1780168762,G34,125,79,ok,0
582,19.400,1780168762,G4,94,80,ok,0
582,19.400,1780168762,G8,521,504,ok,0
582,19.400,1780168762,D4,58,561,ok,0
582,19.400,1780168762,D2,408,755,ok,1
582,19.400,1780168762,D22,336,800,ok,1
582,19.400,1780168762,D6,152,789,ok,1
582,19.400,1780168762,D10,241,896,ok,0
582,19.400,1780168762,D34,292,848,ok,1
582,19.400,1780168762,D25,450,714,ok,1
582,19.400,1780168762,D1,179,876,ok,0
582,19.400,1780168762,D32,5,856,ok,0
582,19.400,1780168762,D18,84,828,ok,1
582,19.400,1780168762,D27,0,589,ok,0
582,19.400,1780168762,D24,-1,590,ok,0
582,19.400,1780168762,D29,2,924,ok,0
582,19.400,1780168762,D7,-8,619,interpolated,0
582,19.400,1780168762,D11,296,846,interpolated,1
582,19.400,1780168762,D33,0,589,interpolated,0
582,19.400,1780168762,G43,521,505,interpolated,0
582,19.400,1780168762,G44,-17,312,interpolated,0
582,19.400,1780168762,G45,-6,364,interpolated,0
583,19.433,1780168762,G40,166,120,ok,0
583,19.433,1780168762,G10,263,113,ok,0
583,19.433,1780168762,G6,173,92,ok,0
583,19.433,1780168762,G9,200,121,ok,0
583,19.433,1780168762,G1,220,119,ok,0
583,19.433,1780168762,G34,125,79,ok,0
583,19.433,1780168762,G4,94,80,ok,0
583,19.433,1780168762,G8,521,504,ok,0
583,19.433,1780168762,D4,58,561,ok,0
583,19.433,1780168762,D2,408,755,ok,1
583,19.433,1780168762,D22,336,800,ok,1
583,19.433,1780168762,D6,152,789,ok,1
583,19.433,1780168762,D34,292,848,ok,1
583,19.433,1780168762,D10,241,896,ok,0
583,19.433,1780168762,D25,450,714,ok,1
583,19.433,1780168762,D1,179,876,ok,0
583,19.433,1780168762,D32,5,856,ok,0
583,19.433,1780168762,D18,84,828,ok,1
583,19.433,1780168762,D27,0,589,ok,0
583,19.433,1780168762,D24,-1,590,ok,0
583,19.433,1780168762,D29,2,924,ok,0
583,19.433,1780168762,D7,-8,619,interpolated,0
583,19.433,1780168762,D11,296,846,interpolated,1
583,19.433,1780168762,D33,0,589,interpolated,0
583,19.433,1780168762,G43,521,505,interpolated,0
583,19.433,1780168762,G44,-17,312,interpolated,0
583,19.433,1780168762,G45,-6,364,interpolated,0
584,19.467,1780168762,G40,165,121,ok,0
584,19.467,1780168762,G6,173,94,ok,0
584,19.467,1780168762,G10,265,114,ok,0
584,19.467,1780168762,G9,200,121,ok,0
584,19.467,1780168762,G1,220,119,ok,0
584,19.467,1780168762,G34,125,79,ok,0
584,19.467,1780168762,G4,95,80,ok,0
584,19.467,1780168762,G43,521,505,ok,0
584,19.467,1780168762,D4,58,561,ok,0
584,19.467,1780168762,D22,336,801,ok,1
584,19.467,1780168762,D2,405,754,ok,1
584,19.467,1780168762,D6,154,789,ok,1
584,19.467,1780168762,D34,290,848,ok,1
584,19.467,1780168762,D25,451,716,ok,1
584,19.467,1780168762,D10,241,896,ok,0
584,19.467,1780168762,D1,179,876,ok,0
584,19.467,1780168762,D18,82,828,ok,1
584,19.467,1780168762,D32,5,856,ok,0
584,19.467,1780168762,D27,0,589,ok,0
584,19.467,1780168762,D24,0,590,ok,0
584,19.467,1780168762,D7,-8,619,interpolated,0
584,19.467,1780168762,G8,521,504,interpolated,0
584,19.467,1780168762,D11,296,846,interpolated,1
584,19.467,1780168762,D33,0,589,interpolated,0
584,19.467,1780168762,G44,-17,312,interpolated,0
584,19.467,1780168762,G45,-6,364,interpolated,0
584,19.467,1780168762,D29,2,924,interpolated,0
585,19.500,1780168762,G40,165,122,ok,0
585,19.500,1780168762,G6,174,95,ok,0
585,19.500,1780168762,G10,266,114,ok,0
585,19.500,1780168762,G9,200,121,ok,0
585,19.500,1780168762,G1,220,119,ok,0
585,19.500,1780168762,G34,125,79,ok,0
585,19.500,1780168762,G4,95,81,ok,0
585,19.500,1780168762,G8,521,504,ok,0
585,19.500,1780168762,G45,-7,363,ok,0
585,19.500,1780168762,D4,58,560,ok,0
585,19.500,1780168762,D22,336,802,ok,1
585,19.500,1780168762,D2,403,754,ok,1
585,19.500,1780168762,D34,290,846,ok,1
585,19.500,1780168762,D6,155,789,ok,1
585,19.500,1780168762,D25,451,719,ok,1
585,19.500,1780168762,D1,179,876,ok,0
585,19.500,1780168762,D10,241,896,ok,0
585,19.500,1780168762,D32,5,855,ok,0
585,19.500,1780168762,D18,81,828,ok,1
585,19.500,1780168762,D27,0,589,ok,0
585,19.500,1780168762,D24,0,590,ok,0
585,19.500,1780168762,D7,-8,619,interpolated,0
585,19.500,1780168762,D11,296,846,interpolated,1
585,19.500,1780168762,D33,0,589,interpolated,0
585,19.500,1780168762,G43,521,505,interpolated,0
585,19.500,1780168762,G44,-17,312,interpolated,0
585,19.500,1780168762,D29,2,924,interpolated,0
586,19.533,1780168762,G6,174,97,ok,0
586,19.533,1780168762,G40,165,123,ok,0
586,19.533,1780168762,G1,220,119,ok,0
586,19.533,1780168762,G9,200,121,ok,0
586,19.533,1780168762,G10,267,113,ok,0
586,19.533,1780168762,G34,125,79,ok,0
586,19.533,1780168762,D4,58,560,ok,0
586,19.533,1780168762,D22,336,804,ok,1
586,19.533,1780168762,D2,401,752,ok,1
586,19.533,1780168762,D34,290,845,ok,1
586,19.533,1780168762,D6,155,789,ok,1
586,19.533,1780168762,D25,452,721,ok,1
586,19.533,1780168762,D1,178,876,ok,0
586,19.533,1780168762,D10,241,897,ok,0
586,19.533,1780168762,D18,82,827,ok,1
586,19.533,1780168762,D32,6,853,ok,0
586,19.533,1780168762,D27,0,589,ok,0
586,19.533,1780168762,D24,0,590,ok,0
586,19.533,1780168762,D7,-8,619,interpolated,0
586,19.533,1780168762,G8,521,504,interpolated,0
586,19.533,1780168762,D11,296,846,interpolated,1
586,19.533,1780168762,D33,0,589,interpolated,0
586,19.533,1780168762,G4,95,81,interpolated,0
586,19.533,1780168762,G43,521,505,interpolated,0
586,19.533,1780168762,G44,-17,312,interpolated,0
586,19.533,1780168762,G45,-7,363,interpolated,0
586,19.533,1780168762,D29,2,924,interpolated,0
587,19.567,1780168762,G6,174,97,ok,0
587,19.567,1780168762,G10,267,115,ok,0
587,19.567,1780168762,G40,165,124,ok,0
587,19.567,1780168762,G9,200,121,ok,0
587,19.567,1780168762,G1,220,119,ok,0
587,19.567,1780168762,G34,125,79,ok,0
587,19.567,1780168762,G4,96,81,ok,0
587,19.567,1780168762,D4,58,560,ok,0
587,19.567,1780168762,D22,335,808,ok,1
587,19.567,1780168762,D2,398,750,ok,1
587,19.567,1780168762,D6,156,789,ok,1
587,19.567,1780168762,D34,289,843,ok,1
587,19.567,1780168762,D1,178,876,ok,0
587,19.567,1780168762,D25,452,723,ok,1
587,19.567,1780168762,D10,241,897,ok,0
587,19.567,1780168762,D32,6,851,ok,0
587,19.567,1780168762,D18,81,827,ok,1
587,19.567,1780168762,D27,0,589,ok,0
587,19.567,1780168762,D24,0,590,ok,0
587,19.567,1780168762,D7,-8,619,interpolated,0
587,19.567,1780168762,G8,521,504,interpolated,0
587,19.567,1780168762,D11,296,846,interpolated,1
587,19.567,1780168762,D33,0,589,interpolated,0
587,19.567,1780168762,G43,521,505,interpolated,0
587,19.567,1780168762,G44,-17,312,interpolated,0
587,19.567,1780168762,G45,-7,363,interpolated,0
587,19.567,1780168762,D29,2,924,interpolated,0
588,19.600,1780168762,G6,174,98,ok,0
588,19.600,1780168762,G10,268,118,ok,0
588,19.600,1780168762,G40,164,125,ok,0
588,19.600,1780168762,G9,200,121,ok,0
588,19.600,1780168762,G1,220,119,ok,0
588,19.600,1780168762,G34,125,79,ok,0
588,19.600,1780168762,G4,97,81,ok,0
588,19.600,1780168762,D4,59,560,ok,0
588,19.600,1780168762,D2,397,749,ok,1
588,19.600,1780168762,D22,335,812,ok,1
588,19.600,1780168762,D6,158,790,ok,1
588,19.600,1780168762,D1,177,876,ok,0
588,19.600,1780168762,D25,452,724,ok,1
588,19.600,1780168762,D10,241,897,ok,0
588,19.600,1780168762,D34,288,843,ok,1
588,19.600,1780168762,D18,81,824,ok,1
588,19.600,1780168762,D11,293,842,ok,1
588,19.600,1780168762,D32,7,850,ok,0
588,19.600,1780168762,D27,0,589,ok,0
588,19.600,1780168762,D24,0,590,ok,0
588,19.600,1780168762,D7,-8,619,interpolated,0
588,19.600,1780168762,G8,521,504,interpolated,0
588,19.600,1780168762,D33,0,589,interpolated,0
588,19.600,1780168762,G43,521,505,interpolated,0
588,19.600,1780168762,G45,-7,363,interpolated,0
588,19.600,1780168762,D29,2,924,interpolated,0
589,19.633,1780168762,G6,174,98,ok,0
589,19.633,1780168762,G10,268,118,ok,0
589,19.633,1780168762,G40,164,125,ok,0
589,19.633,1780168762,G9,200,121,ok,0
589,19.633,1780168762,G1,220,119,ok,0
589,19.633,1780168762,G34,125,79,ok,0
589,19.633,1780168762,G4,97,81,ok,0
589,19.633,1780168762,D4,59,560,ok,0
589,19.633,1780168762,D2,397,749,ok,1
589,19.633,1780168762,D22,335,812,ok,1
589,19.633,1780168762,D6,158,790,ok,1
589,19.633,1780168762,D1,177,876,ok,0
589,19.633,1780168762,D25,452,724,ok,1
589,19.633,1780168762,D10,241,897,ok,0
589,19.633,1780168762,D34,288,843,ok,1
589,19.633,1780168762,D18,81,824,ok,1
589,19.633,1780168762,D11,293,842,ok,1
589,19.633,1780168762,D32,7,850,ok,0
589,19.633,1780168762,D27,0,589,ok,0
589,19.633,1780168762,D24,0,590,ok,0
589,19.633,1780168762,D7,-8,619,interpolated,0
589,19.633,1780168762,G8,521,504,interpolated,0
589,19.633,1780168762,D33,0,589,interpolated,0
589,19.633,1780168762,G43,521,505,interpolated,0
589,19.633,1780168762,G45,-7,363,interpolated,0
589,19.633,1780168762,D29,2,924,interpolated,0
590,19.667,1780168762,G6,174,97,ok,0
590,19.667,1780168762,G40,162,125,ok,0
590,19.667,1780168762,G10,269,120,ok,0
590,19.667,1780168762,G1,220,119,ok,0
590,19.667,1780168762,G9,200,121,ok,0
590,19.667,1780168762,G34,125,79,ok,0
590,19.667,1780168762,G4,97,81,ok,0
590,19.667,1780168762,G44,262,79,ok,0
590,19.667,1780168762,D4,59,560,ok,0
590,19.667,1780168762,D2,396,747,ok,1
590,19.667,1780168762,D22,333,814,ok,1
590,19.667,1780168762,D6,160,790,ok,1
590,19.667,1780168762,D25,451,725,ok,1
590,19.667,1780168762,D1,176,876,ok,0
590,19.667,1780168762,D34,288,843,ok,1
590,19.667,1780168762,D10,241,897,ok,0
590,19.667,1780168762,D11,292,842,ok,1
590,19.667,1780168762,D18,82,819,ok,1
590,19.667,1780168762,D32,7,850,ok,0
590,19.667,1780168762,D27,0,589,ok,0
590,19.667,1780168762,D24,0,590,ok,0
590,19.667,1780168762,G8,521,504,interpolated,0
590,19.667,1780168762,D33,0,589,interpolated,0
590,19.667,1780168762,G43,521,505,interpolated,0
590,19.667,1780168762,G45,-7,363,interpolated,0
590,19.667,1780168762,D29,2,924,interpolated,0
591,19.700,1780168762,G6,174,97,ok,0
591,19.700,1780168762,G10,270,120,ok,0
591,19.700,1780168762,G40,161,124,ok,0
591,19.700,1780168762,G1,220,119,ok,0
591,19.700,1780168762,G9,200,121,ok,0
591,19.700,1780168762,G44,262,83,ok,0
591,19.700,1780168762,G34,125,79,ok,0
591,19.700,1780168762,G4,97,81,ok,0
591,19.700,1780168762,D4,59,560,ok,0
591,19.700,1780168762,D2,396,746,ok,1
591,19.700,1780168762,D6,163,789,ok,1
591,19.700,1780168762,D22,332,814,ok,1
591,19.700,1780168762,D11,292,843,ok,1
591,19.700,1780168762,D1,176,876,ok,0
591,19.700,1780168762,D10,241,897,ok,0
591,19.700,1780168762,D25,450,724,ok,1
591,19.700,1780168762,D32,7,850,ok,0
591,19.700,1780168762,D18,82,815,ok,1
591,19.700,1780168762,D34,289,843,ok,1
591,19.700,1780168762,D27,0,589,ok,0
591,19.700,1780168762,D33,0,588,ok,0
591,19.700,1780168762,G8,521,504,interpolated,0
591,19.700,1780168762,D24,0,590,interpolated,0
591,19.700,1780168762,G43,521,505,interpolated,0
591,19.700,1780168762,G45,-7,363,interpolated,0
591,19.700,1780168762,D29,2,924,interpolated,0
592,19.733,1780168762,G6,173,98,ok,0
592,19.733,1780168762,G10,271,122,ok,0
592,19.733,1780168762,G1,220,119,ok,0
592,19.733,1780168762,G40,159,125,ok,0
592,19.733,1780168762,G9,200,121,ok,0
592,19.733,1780168762,G44,262,84,ok,0
592,19.733,1780168762,G34,125,79,ok,0
592,19.733,1780168762,G4,96,81,ok,0
592,19.733,1780168762,D4,59,560,ok,0
592,19.733,1780168762,D6,164,789,ok,1
592,19.733,1780168762,D2,395,746,ok,1
592,19.733,1780168762,D25,449,724,ok,1
592,19.733,1780168762,D22,332,814,ok,1
592,19.733,1780168762,D10,241,897,ok,0
592,19.733,1780168762,D1,176,876,ok,0
592,19.733,1780168762,D11,287,843,ok,1
592,19.733,1780168762,D18,82,811,ok,1
592,19.733,1780168762,D32,6,850,ok,0
592,19.733,1780168762,D34,290,843,ok,1
592,19.733,1780168762,D27,0,589,ok,0
592,19.733,1780168762,D33,0,588,ok,0
592,19.733,1780168762,G8,521,504,interpolated,0
592,19.733,1780168762,D24,0,590,interpolated,0
592,19.733,1780168762,G43,521,505,interpolated,0
592,19.733,1780168762,G45,-7,363,interpolated,0
592,19.733,1780168762,D29,2,924,interpolated,0
593,19.767,1780168762,G6,173,98,ok,0
593,19.767,1780168762,G10,272,121,ok,0
593,19.767,1780168762,G1,220,119,ok,0
593,19.767,1780168762,G9,200,121,ok,0
593,19.767,1780168762,G40,157,125,ok,0
593,19.767,1780168762,G44,261,84,ok,0
593,19.767,1780168762,G34,125,79,ok,0
593,19.767,1780168762,G4,96,82,ok,0
593,19.767,1780168762,D4,59,560,ok,0
593,19.767,1780168762,D6,165,790,ok,1
593,19.767,1780168762,D2,394,746,ok,1
593,19.767,1780168762,D25,448,725,ok,1
593,19.767,1780168762,D22,331,814,ok,1
593,19.767,1780168762,D34,291,843,ok,1
593,19.767,1780168762,D10,241,897,ok,0
593,19.767,1780168762,D18,83,808,ok,1
593,19.767,1780168762,D1,175,876,ok,0
593,19.767,1780168762,D32,6,850,ok,0
593,19.767,1780168762,D27,0,589,ok,0
593,19.767,1780168762,D24,0,589,ok,0
593,19.767,1780168762,G8,521,504,interpolated,0
593,19.767,1780168762,D11,287,843,interpolated,1
593,19.767,1780168762,D33,0,588,interpolated,0
593,19.767,1780168762,G43,521,505,interpolated,0
593,19.767,1780168762,G45,-7,363,interpolated,0
593,19.767,1780168762,D29,2,924,interpolated,0
594,19.800,1780168762,G6,174,98,ok,0
594,19.800,1780168762,G9,199,122,ok,0
594,19.800,1780168762,G44,261,87,ok,0
594,19.800,1780168762,G1,220,119,ok,0
594,19.800,1780168762,G10,273,123,ok,0
594,19.800,1780168762,G40,154,125,ok,0
594,19.800,1780168762,G34,126,79,ok,0
594,19.800,1780168762,G4,96,82,ok,0
594,19.800,1780168762,G43,521,505,ok,0
594,19.800,1780168762,D4,59,561,ok,0
594,19.800,1780168762,D2,393,746,ok,1
594,19.800,1780168762,D6,165,790,ok,1
594,19.800,1780168762,D10,241,897,ok,0
594,19.800,1780168762,D25,448,724,ok,1
594,19.800,1780168762,D1,176,875,ok,0
594,19.800,1780168762,D22,331,814,ok,1
594,19.800,1780168762,D18,82,808,ok,1
594,19.800,1780168762,D32,5,850,ok,0
594,19.800,1780168762,D34,290,842,ok,1
594,19.800,1780168762,D11,286,843,ok,1
594,19.800,1780168762,D24,0,589,ok,0
594,19.800,1780168762,D27,-1,590,ok,0
594,19.800,1780168762,G8,521,504,interpolated,0
594,19.800,1780168762,D33,0,588,interpolated,0
594,19.800,1780168762,G45,-7,363,interpolated,0
595,19.833,1780168762,G6,174,98,ok,0
595,19.833,1780168762,G9,200,122,ok,0
595,19.833,1780168762,G1,220,119,ok,0
595,19.833,1780168762,G44,261,87,ok,0
595,19.833,1780168762,G10,273,123,ok,0
595,19.833,1780168762,G40,154,125,ok,0
595,19.833,1780168762,G34,125,79,ok,0
595,19.833,1780168762,G4,96,82,ok,0
595,19.833,1780168762,G43,521,505,ok,0
595,19.833,1780168762,D4,59,561,ok,0
595,19.833,1780168762,D2,393,746,ok,1
595,19.833,1780168762,D6,165,790,ok,1
595,19.833,1780168762,D10,241,897,ok,0
595,19.833,1780168762,D1,176,875,ok,0
595,19.833,1780168762,D25,448,724,ok,1
595,19.833,1780168762,D22,331,814,ok,1
595,19.833,1780168762,D18,82,808,ok,1
595,19.833,1780168762,D32,5,850,ok,0
595,19.833,1780168762,D11,286,843,ok,1
595,19.833,1780168762,D34,290,842,ok,1
595,19.833,1780168762,D24,0,589,ok,0
595,19.833,1780168762,D27,-1,590,ok,0
595,19.833,1780168762,G8,521,504,interpolated,0
595,19.833,1780168762,D33,0,588,interpolated,0
595,19.833,1780168762,G45,-7,363,interpolated,0
596,19.867,1780168762,G6,174,98,ok,0
596,19.867,1780168762,G44,260,89,ok,0
596,19.867,1780168762,G9,200,121,ok,0
596,19.867,1780168762,G10,273,124,ok,0
596,19.867,1780168762,G1,220,119,ok,0
596,19.867,1780168762,G40,153,125,ok,0
596,19.867,1780168762,G34,124,79,ok,0
596,19.867,1780168762,G4,97,81,ok,0
596,19.867,1780168762,G43,521,505,ok,0
596,19.867,1780168762,D4,59,561,ok,0
596,19.867,1780168762,D6,166,790,ok,1
596,19.867,1780168762,D2,393,745,ok,1
596,19.867,1780168762,D22,330,814,ok,1
596,19.867,1780168762,D25,447,725,ok,1
596,19.867,1780168762,D18,81,808,ok,1
596,19.867,1780168762,D10,241,897,ok,0
596,19.867,1780168762,D1,175,874,ok,0
596,19.867,1780168762,D11,285,843,ok,1
596,19.867,1780168762,D32,4,850,ok,0
596,19.867,1780168762,D34,289,843,ok,1
596,19.867,1780168762,D24,0,589,ok,0
596,19.867,1780168762,D27,-1,590,ok,0
596,19.867,1780168762,D33,0,588,interpolated,0
597,19.900,1780168762,G6,174,98,ok,0
597,19.900,1780168762,G44,261,89,ok,0
597,19.900,1780168762,G40,153,125,ok,0
597,19.900,1780168762,G9,200,121,ok,0
597,19.900,1780168762,G1,220,119,ok,0
597,19.900,1780168762,G10,274,126,ok,1
597,19.900,1780168762,G34,126,79,ok,0
597,19.900,1780168762,G4,97,82,ok,0
597,19.900,1780168762,G43,521,505,ok,0
597,19.900,1780168762,D4,59,561,ok,0
597,19.900,1780168762,D6,167,792,ok,1
597,19.900,1780168762,D2,392,742,ok,1
597,19.900,1780168762,D25,446,725,ok,1
597,19.900,1780168762,D22,329,814,ok,1
597,19.900,1780168762,D11,284,844,ok,1
597,19.900,1780168762,D18,80,808,ok,1
597,19.900,1780168762,D1,175,872,ok,0
597,19.900,1780168762,D10,241,897,ok,0
597,19.900,1780168762,D32,4,850,ok,0
597,19.900,1780168762,D34,288,843,ok,1
597,19.900,1780168762,D24,0,589,ok,0
597,19.900,1780168762,D27,-1,590,ok,0
597,19.900,1780168762,D33,0,588,interpolated,0
598,19.933,1780168762,G6,173,98,ok,0
598,19.933,1780168762,G40,152,126,ok,1
598,19.933,1780168762,G44,260,89,ok,0
598,19.933,1780168762,G1,220,119,ok,0
598,19.933,1780168762,G9,200,121,ok,0
598,19.933,1780168762,G10,274,127,ok,1
598,19.933,1780168762,G34,126,79,ok,0
598,19.933,1780168762,G4,97,82,ok,0
598,19.933,1780168762,D4,59,561,ok,0
598,19.933,1780168762,D2,391,745,ok,1
598,19.933,1780168762,D6,168,797,ok,1
598,19.933,1780168762,D25,446,725,ok,1
598,19.933,1780168762,D22,328,814,ok,1
598,19.933,1780168762,D11,284,843,ok,1
598,19.933,1780168762,D10,241,897,ok,0
598,19.933,1780168762,D1,175,872,ok,0
598,19.933,1780168762,D18,78,808,ok,1
598,19.933,1780168762,D32,3,848,ok,0
598,19.933,1780168762,D24,0,589,ok,0
598,19.933,1780168762,D27,-1,590,ok,0
598,19.933,1780168762,D33,0,588,interpolated,0
598,19.933,1780168762,G43,521,505,interpolated,0
598,19.933,1780168762,D34,288,843,interpolated,1
599,19.967,1780168762,G6,173,98,ok,0
599,19.967,1780168762,G40,151,128,ok,1
599,19.967,1780168762,G44,260,89,ok,0
599,19.967,1780168762,G9,200,121,ok,0
599,19.967,1780168762,G1,220,119,ok,0
599,19.967,1780168762,G10,275,127,ok,1
599,19.967,1780168762,G4,96,82,ok,0
599,19.967,1780168762,G34,126,79,ok,0
599,19.967,1780168762,D4,59,561,ok,0
599,19.967,1780168762,D6,169,801,ok,1
599,19.967,1780168762,D25,446,727,ok,1
599,19.967,1780168762,D2,388,737,ok,1
599,19.967,1780168762,D22,327,814,ok,1
599,19.967,1780168762,D11,284,843,ok,1
599,19.967,1780168762,D10,242,897,ok,0
599,19.967,1780168762,D18,76,807,ok,0
599,19.967,1780168762,D1,174,871,ok,0
599,19.967,1780168762,D32,4,844,ok,0
599,19.967,1780168762,D27,-1,590,ok,0
599,19.967,1780168762,D24,0,589,ok,0
599,19.967,1780168762,D35,2,844,ok,0
599,19.967,1780168762,D33,-20,623,ok,0
599,19.967,1780168762,G43,521,505,interpolated,0
599,19.967,1780168762,D34,288,843,interpolated,1
600,20.000,1780168763,G6,173,98,ok,0
600,20.000,1780168763,G40,150,130,ok,1
600,20.000,1780168763,G44,260,90,ok,0
600,20.000,1780168763,G1,220,119,ok,0
600,20.000,1780168763,G10,277,126,ok,1
600,20.000,1780168763,G9,200,121,ok,0
600,20.000,1780168763,G34,125,79,ok,0
600,20.000,1780168763,G4,96,81,ok,0
600,20.000,1780168763,D4,59,561,ok,0
600,20.000,1780168763,D25,445,729,ok,1
600,20.000,1780168763,D2,386,731,ok,1
600,20.000,1780168763,D22,327,817,ok,1
600,20.000,1780168763,D6,169,802,ok,1
600,20.000,1780168763,D11,283,843,ok,1
600,20.000,1780168763,D10,241,896,ok,0
600,20.000,1780168763,D18,75,803,ok,0
600,20.000,1780168763,D1,173,871,ok,0
600,20.000,1780168763,D32,4,843,ok,0
600,20.000,1780168763,D27,0,590,ok,0
600,20.000,1780168763,D24,0,589,ok,0
600,20.000,1780168763,D33,-20,623,interpolated,0
600,20.000,1780168763,G43,521,505,interpolated,0
600,20.000,1780168763,D34,288,843,interpolated,1
600,20.000,1780168763,D35,2,844,interpolated,0
601,20.033,1780168763,G6,173,98,ok,0
601,20.033,1780168763,G40,150,130,ok,1
601,20.033,1780168763,G44,260,90,ok,0
601,20.033,1780168763,G1,220,119,ok,0
601,20.033,1780168763,G10,277,126,ok,1
601,20.033,1780168763,G9,200,121,ok,0
601,20.033,1780168763,G34,125,79,ok,0
601,20.033,1780168763,G4,97,81,ok,0
601,20.033,1780168763,G43,521,504,ok,0
601,20.033,1780168763,D4,59,561,ok,0
601,20.033,1780168763,D25,445,729,ok,1
601,20.033,1780168763,D2,386,731,ok,1
601,20.033,1780168763,D22,327,817,ok,1
601,20.033,1780168763,D6,169,802,ok,1
601,20.033,1780168763,D11,283,843,ok,1
601,20.033,1780168763,D10,241,896,ok,0
601,20.033,1780168763,D18,75,803,ok,0
601,20.033,1780168763,D1,174,871,ok,0
601,20.033,1780168763,D32,4,843,ok,0
601,20.033,1780168763,D27,0,590,ok,0
601,20.033,1780168763,D24,0,590,ok,0
601,20.033,1780168763,D33,-20,623,interpolated,0
601,20.033,1780168763,D34,288,843,interpolated,1
601,20.033,1780168763,D35,2,844,interpolated,0
602,20.067,1780168763,G6,174,98,ok,0
602,20.067,1780168763,G40,150,131,ok,1
602,20.067,1780168763,G1,220,119,ok,0
602,20.067,1780168763,G44,259,91,ok,0
602,20.067,1780168763,G9,200,121,ok,0
602,20.067,1780168763,G10,279,127,ok,1
602,20.067,1780168763,G34,125,79,ok,0
602,20.067,1780168763,G4,97,81,ok,0
602,20.067,1780168763,G43,521,504,ok,0
602,20.067,1780168763,D4,59,561,ok,0
602,20.067,1780168763,D25,445,731,ok,1
602,20.067,1780168763,D22,326,819,ok,1
602,20.067,1780168763,D2,384,733,ok,1
602,20.067,1780168763,D6,170,804,ok,1
602,20.067,1780168763,D10,241,897,ok,0
602,20.067,1780168763,D11,283,843,ok,1
602,20.067,1780168763,D18,76,799,ok,0
602,20.067,1780168763,D1,173,870,ok,0
602,20.067,1780168763,D24,0,590,ok,0
602,20.067,1780168763,D32,5,841,ok,0
602,20.067,1780168763,D27,0,590,ok,0
602,20.067,1780168763,D33,-20,623,interpolated,0
602,20.067,1780168763,D34,288,843,interpolated,1
602,20.067,1780168763,D35,2,844,interpolated,0
603,20.100,1780168763,G6,173,98,ok,0
603,20.100,1780168763,G40,149,133,ok,1
603,20.100,1780168763,G1,220,119,ok,0
603,20.100,1780168763,G9,200,121,ok,0
603,20.100,1780168763,G44,259,91,ok,0
603,20.100,1780168763,G34,125,79,ok,0
603,20.100,1780168763,G10,281,128,ok,1
603,20.100,1780168763,G4,96,82,ok,0
603,20.100,1780168763,G43,521,504,ok,0
603,20.100,1780168763,D4,59,561,ok,0
603,20.100,1780168763,D25,446,732,ok,1
603,20.100,1780168763,D2,384,738,ok,1
603,20.100,1780168763,D22,326,821,ok,1
603,20.100,1780168763,D6,171,803,ok,1
603,20.100,1780168763,D10,241,896,ok,0
603,20.100,1780168763,D11,284,843,ok,1
603,20.100,1780168763,D18,76,796,ok,0
603,20.100,1780168763,D1,173,869,ok,0
603,20.100,1780168763,D24,0,590,ok,0
603,20.100,1780168763,D32,5,840,ok,0
603,20.100,1780168763,D27,0,590,ok,0
603,20.100,1780168763,D33,-20,623,interpolated,0
603,20.100,1780168763,D34,288,843,interpolated,1
603,20.100,1780168763,D35,2,844,interpolated,0
604,20.133,1780168763,G6,173,98,ok,0
604,20.133,1780168763,G40,149,134,ok,1
604,20.133,1780168763,G1,220,119,ok,0
604,20.133,1780168763,G9,200,121,ok,0
604,20.133,1780168763,G44,259,91,ok,0
604,20.133,1780168763,G10,283,126,ok,1
604,20.133,1780168763,G34,125,79,ok,0
604,20.133,1780168763,G4,96,82,ok,0
604,20.133,1780168763,G43,521,504,ok,0
604,20.133,1780168763,D4,59,561,ok,0
604,20.133,1780168763,D25,446,735,ok,1
604,20.133,1780168763,D2,383,734,ok,1
604,20.133,1780168763,D6,172,804,ok,1
604,20.133,1780168763,D22,325,823,ok,1
604,20.133,1780168763,D10,241,896,ok,0
604,20.133,1780168763,D18,77,791,ok,0
604,20.133,1780168763,D11,284,842,ok,1
604,20.133,1780168763,D24,0,590,ok,0
604,20.133,1780168763,D32,5,839,ok,0
604,20.133,1780168763,D27,0,590,ok,0
604,20.133,1780168763,D1,173,869,ok,0
604,20.133,1780168763,D33,-20,623,interpolated,0
604,20.133,1780168763,D34,288,843,interpolated,1
604,20.133,1780168763,D35,2,844,interpolated,0
605,20.167,1780168763,G6,173,98,ok,0
605,20.167,1780168763,G40,149,136,ok,1
605,20.167,1780168763,G1,218,119,ok,0
605,20.167,1780168763,G9,200,121,ok,0
605,20.167,1780168763,G44,258,91,ok,0
605,20.167,1780168763,G10,284,127,ok,1
605,20.167,1780168763,G4,96,82,ok,0
605,20.167,1780168763,G34,124,78,ok,0
605,20.167,1780168763,G43,521,504,ok,0
605,20.167,1780168763,G46,-6,363,ok,0
605,20.167,1780168763,D4,59,561,ok,0
605,20.167,1780168763,D2,381,729,ok,1
605,20.167,1780168763,D6,174,803,ok,1
605,20.167,1780168763,D22,326,826,ok,1
605,20.167,1780168763,D25,446,739,ok,1
605,20.167,1780168763,D18,77,789,ok,0
605,20.167,1780168763,D10,241,896,ok,0
605,20.167,1780168763,D11,284,842,ok,1
605,20.167,1780168763,D1,173,870,ok,0
605,20.167,1780168763,D24,0,590,ok,0
605,20.167,1780168763,D32,6,835,ok,0
605,20.167,1780168763,D27,0,590,ok,0
605,20.167,1780168763,D33,-20,623,interpolated,0
605,20.167,1780168763,D34,288,843,interpolated,1
605,20.167,1780168763,D35,2,844,interpolated,0
606,20.200,1780168763,G6,174,98,ok,0
606,20.200,1780168763,G1,217,119,ok,0
606,20.200,1780168763,G40,149,137,ok,1
606,20.200,1780168763,G9,201,122,ok,0
606,20.200,1780168763,G44,258,91,ok,0
606,20.200,1780168763,G10,285,130,ok,1
606,20.200,1780168763,G4,96,82,ok,0
606,20.200,1780168763,G34,124,78,ok,0
606,20.200,1780168763,G43,521,504,ok,0
606,20.200,1780168763,G46,-6,363,ok,0
606,20.200,1780168763,D4,59,561,ok,0
606,20.200,1780168763,D6,177,803,ok,1
606,20.200,1780168763,D2,381,730,ok,1
606,20.200,1780168763,D22,325,830,ok,1
606,20.200,1780168763,D25,446,742,ok,1
606,20.200,1780168763,D10,241,896,ok,0
606,20.200,1780168763,D11,283,843,ok,1
606,20.200,1780168763,D18,75,789,ok,0
606,20.200,1780168763,D24,0,590,ok,0
606,20.200,1780168763,D27,0,590,ok,0
606,20.200,1780168763,D32,7,835,ok,0
606,20.200,1780168763,D1,170,879,ok,0
606,20.200,1780168763,D33,-20,623,interpolated,0
606,20.200,1780168763,D34,288,843,interpolated,1
606,20.200,1780168763,D35,2,844,interpolated,0
607,20.233,1780168763,G6,174,98,ok,0
607,20.233,1780168763,G1,217,119,ok,0
607,20.233,1780168763,G40,149,137,ok,1
607,20.233,1780168763,G9,201,122,ok,0
607,20.233,1780168763,G44,258,91,ok,0
607,20.233,1780168763,G10,285,130,ok,1
607,20.233,1780168763,G4,96,82,ok,0
607,20.233,1780168763,G34,124,78,ok,0
607,20.233,1780168763,G43,521,504,ok,0
607,20.233,1780168763,G46,-6,363,ok,0
607,20.233,1780168763,D4,59,561,ok,0
607,20.233,1780168763,D6,177,803,ok,1
607,20.233,1780168763,D2,381,731,ok,1
607,20.233,1780168763,D22,325,830,ok,1
607,20.233,1780168763,D25,446,741,ok,1
607,20.233,1780168763,D10,241,896,ok,0
607,20.233,1780168763,D11,283,843,ok,1
607,20.233,1780168763,D18,75,789,ok,0
607,20.233,1780168763,D24,0,590,ok,0
607,20.233,1780168763,D27,0,590,ok,0
607,20.233,1780168763,D32,7,835,ok,0
607,20.233,1780168763,D1,170,880,ok,0
607,20.233,1780168763,D33,-20,623,interpolated,0
607,20.233,1780168763,D34,288,843,interpolated,1
607,20.233,1780168763,D35,2,844,interpolated,0
608,20.267,1780168763,G6,174,98,ok,0
608,20.267,1780168763,G1,217,119,ok,0
608,20.267,1780168763,G40,149,137,ok,1
608,20.267,1780168763,G44,258,91,ok,0
608,20.267,1780168763,G9,201,122,ok,0
608,20.267,1780168763,G10,287,131,ok,1
608,20.267,1780168763,G4,96,82,ok,0
608,20.267,1780168763,G43,521,504,ok,0
608,20.267,1780168763,G46,-6,363,ok,0
608,20.267,1780168763,D4,59,561,ok,0
608,20.267,1780168763,D6,178,804,ok,1
608,20.267,1780168763,D2,380,729,ok,1
608,20.267,1780168763,D25,445,743,ok,1
608,20.267,1780168763,D22,325,833,ok,1
608,20.267,1780168763,D10,241,896,ok,0
608,20.267,1780168763,D11,283,843,ok,1
608,20.267,1780168763,D18,74,788,ok,0
608,20.267,1780168763,D24,0,590,ok,0
608,20.267,1780168763,D27,0,590,ok,0
608,20.267,1780168763,D1,170,880,interpolated,0
608,20.267,1780168763,G34,124,78,interpolated,0
608,20.267,1780168763,D32,7,835,interpolated,0
608,20.267,1780168763,D33,-20,623,interpolated,0
608,20.267,1780168763,D35,2,844,interpolated,0
609,20.300,1780168763,G6,174,98,ok,0
609,20.300,1780168763,G1,217,119,ok,0
609,20.300,1780168763,G40,148,138,ok,1
609,20.300,1780168763,G44,257,91,ok,0
609,20.300,1780168763,G9,201,122,ok,0
609,20.300,1780168763,G10,289,134,ok,1
609,20.300,1780168763,G4,96,82,ok,0
609,20.300,1780168763,G43,521,504,ok,0
609,20.300,1780168763,D4,59,561,ok,0
609,20.300,1780168763,D6,179,804,ok,1
609,20.300,1780168763,D25,444,743,ok,1
609,20.300,1780168763,D2,381,734,ok,1
609,20.300,1780168763,D22,324,833,ok,1
609,20.300,1780168763,D11,283,842,ok,1
609,20.300,1780168763,D10,241,896,ok,0
609,20.300,1780168763,D18,73,787,ok,0
609,20.300,1780168763,D24,0,590,ok,0
609,20.300,1780168763,D1,166,883,ok,0
609,20.300,1780168763,D32,5,835,ok,0
609,20.300,1780168763,D27,0,590,ok,0
609,20.300,1780168763,G34,124,78,interpolated,0
609,20.300,1780168763,D33,-20,623,interpolated,0
609,20.300,1780168763,D35,2,844,interpolated,0
609,20.300,1780168763,G46,-6,363,interpolated,0
610,20.333,1780168763,G6,174,98,ok,0
610,20.333,1780168763,G40,147,138,ok,1
610,20.333,1780168763,G1,218,119,ok,0
610,20.333,1780168763,G44,257,91,ok,0
610,20.333,1780168763,G9,201,124,ok,0
610,20.333,1780168763,G4,95,82,ok,0
610,20.333,1780168763,G10,290,135,ok,1
610,20.333,1780168763,G43,521,504,ok,0
610,20.333,1780168763,D4,59,561,ok,0
610,20.333,1780168763,D2,379,728,ok,1
610,20.333,1780168763,D25,443,742,ok,1
610,20.333,1780168763,D6,180,805,ok,1
610,20.333,1780168763,D22,323,833,ok,1
610,20.333,1780168763,D10,241,896,ok,0
610,20.333,1780168763,D11,282,842,ok,1
610,20.333,1780168763,D18,74,784,ok,0
610,20.333,1780168763,D24,0,590,ok,0
610,20.333,1780168763,D32,5,835,ok,0
610,20.333,1780168763,D27,0,590,ok,0
610,20.333,1780168763,D1,166,883,interpolated,0
610,20.333,1780168763,G34,124,78,interpolated,0
610,20.333,1780168763,G46,-6,363,interpolated,0
611,20.367,1780168763,G6,174,98,ok,0
611,20.367,1780168763,G40,145,137,ok,1
611,20.367,1780168763,G1,218,119,ok,0
611,20.367,1780168763,G9,202,126,ok,1
611,20.367,1780168763,G44,256,91,ok,0
611,20.367,1780168763,G4,96,81,ok,0
611,20.367,1780168763,G10,290,137,ok,1
611,20.367,1780168763,G43,521,504,ok,0
611,20.367,1780168763,G34,72,72,ok,0
611,20.367,1780168763,D4,59,560,ok,0
611,20.367,1780168763,D2,378,728,ok,1
611,20.367,1780168763,D25,443,742,ok,1
611,20.367,1780168763,D11,281,844,ok,1
611,20.367,1780168763,D6,181,805,ok,1
611,20.367,1780168763,D22,322,834,ok,1
611,20.367,1780168763,D10,242,896,ok,0
611,20.367,1780168763,D18,73,787,ok,0
611,20.367,1780168763,D32,5,835,ok,0
611,20.367,1780168763,D24,0,590,ok,0
611,20.367,1780168763,D27,0,590,ok,0
611,20.367,1780168763,D1,166,883,interpolated,0
611,20.367,1780168763,G46,-6,363,interpolated,0
612,20.400,1780168763,G6,174,98,ok,0
612,20.400,1780168763,G40,143,138,ok,1
612,20.400,1780168763,G1,218,119,ok,0
612,20.400,1780168763,G9,202,128,ok,1
612,20.400,1780168763,G44,256,90,ok,0
612,20.400,1780168763,G4,96,81,ok,0
612,20.400,1780168763,G10,290,139,ok,1
612,20.400,1780168763,G46,-6,364,ok,0
612,20.400,1780168763,G47,516,517,ok,0
612,20.400,1780168763,G34,72,72,ok,0
612,20.400,1780168763,G43,521,503,ok,0
612,20.400,1780168763,D4,59,561,ok,0
612,20.400,1780168763,D2,377,728,ok,1
612,20.400,1780168763,D25,441,741,ok,1
612,20.400,1780168763,D6,181,807,ok,1
612,20.400,1780168763,D22,320,834,ok,1
612,20.400,1780168763,D11,279,846,ok,1
612,20.400,1780168763,D10,241,896,ok,0
612,20.400,1780168763,D18,74,781,ok,0
612,20.400,1780168763,D32,4,835,ok,0
612,20.400,1780168763,D27,-1,590,ok,0
612,20.400,1780168763,D24,0,590,ok,0
612,20.400,1780168763,D1,164,863,ok,1
613,20.433,1780168763,G6,174,98,ok,0
613,20.433,1780168763,G40,143,138,ok,1
613,20.433,1780168763,G1,218,119,ok,0
613,20.433,1780168763,G9,202,128,ok,1
613,20.433,1780168763,G44,256,90,ok,0
613,20.433,1780168763,G4,96,81,ok,0
613,20.433,1780168763,G10,290,139,ok,1
613,20.433,1780168763,G46,-6,364,ok,0
613,20.433,1780168763,G34,72,72,ok,0
613,20.433,1780168763,G47,516,517,ok,0
613,20.433,1780168763,D4,59,561,ok,0
613,20.433,1780168763,D2,377,728,ok,1
613,20.433,1780168763,D25,441,741,ok,1
613,20.433,1780168763,D6,181,807,ok,1
613,20.433,1780168763,D22,320,834,ok,1
613,20.433,1780168763,D11,279,846,ok,1
613,20.433,1780168763,D10,241,896,ok,0
613,20.433,1780168763,D18,74,781,ok,0
613,20.433,1780168763,D32,4,835,ok,0
613,20.433,1780168763,D27,-1,590,ok,0
613,20.433,1780168763,D24,-1,590,ok,0
613,20.433,1780168763,D1,164,863,interpolated,1
613,20.433,1780168763,G43,521,503,interpolated,0
614,20.467,1780168763,G6,174,98,ok,0
614,20.467,1780168763,G40,141,138,ok,1
614,20.467,1780168763,G1,218,119,ok,0
614,20.467,1780168763,G9,202,129,ok,1
614,20.467,1780168763,G44,256,91,ok,0
614,20.467,1780168763,G10,291,140,ok,1
614,20.467,1780168763,G46,-17,311,ok,0
614,20.467,1780168763,G4,95,82,ok,0
614,20.467,1780168763,G34,72,72,ok,0
614,20.467,1780168763,G43,522,503,ok,0
614,20.467,1780168763,G47,516,517,ok,0
614,20.467,1780168763,D4,59,561,ok,0
614,20.467,1780168763,D2,377,728,ok,1
614,20.467,1780168763,D6,181,808,ok,1
614,20.467,1780168763,D25,440,741,ok,1
614,20.467,1780168763,D22,319,834,ok,1
614,20.467,1780168763,D11,278,847,ok,1
614,20.467,1780168763,D10,241,896,ok,0
614,20.467,1780168763,D18,75,776,ok,0
614,20.467,1780168763,D32,4,835,ok,0
614,20.467,1780168763,D24,-1,590,ok,0
614,20.467,1780168763,D27,-1,590,ok,0
614,20.467,1780168763,D1,164,863,interpolated,1
615,20.500,1780168763,G6,174,98,ok,0
615,20.500,1780168763,G40,139,138,ok,1
615,20.500,1780168763,G1,218,119,ok,0
615,20.500,1780168763,G9,202,130,ok,1
615,20.500,1780168763,G10,292,141,ok,1
615,20.500,1780168763,G44,256,93,ok,0
615,20.500,1780168763,G4,95,82,ok,0
615,20.500,1780168763,G46,-17,311,ok,0
615,20.500,1780168763,G34,72,72,ok,0
615,20.500,1780168763,G43,522,503,ok,0
615,20.500,1780168763,G47,522,503,ok,0
615,20.500,1780168763,D4,59,561,ok,0
615,20.500,1780168763,D25,440,741,ok,1
615,20.500,1780168763,D2,374,725,ok,1
615,20.500,1780168763,D22,319,835,ok,1
615,20.500,1780168763,D6,182,811,ok,1
615,20.500,1780168763,D11,276,850,ok,1
615,20.500,1780168763,D10,241,896,ok,0
615,20.500,1780168763,D18,76,771,ok,0
615,20.500,1780168763,D32,4,835,ok,0
615,20.500,1780168763,D24,-1,590,ok,0
615,20.500,1780168763,D1,164,866,ok,1
615,20.500,1780168763,D27,-1,590,ok,0
616,20.533,1780168763,G6,174,98,ok,0
616,20.533,1780168763,G40,137,140,ok,1
616,20.533,1780168763,G1,218,119,ok,0
616,20.533,1780168763,G9,202,131,ok,1
616,20.533,1780168763,G44,255,94,ok,0
616,20.533,1780168763,G10,295,141,ok,1
616,20.533,1780168763,G4,95,82,ok,0
616,20.533,1780168763,G46,-17,311,ok,0
616,20.533,1780168763,G43,522,503,ok,0
616,20.533,1780168763,G47,522,503,ok,0
616,20.533,1780168763,G34,100,31,ok,0
616,20.533,1780168763,D4,59,561,ok,0
616,20.533,1780168763,D2,372,720,ok,1
616,20.533,1780168763,D25,439,741,ok,1
616,20.533,1780168763,D22,318,836,ok,1
616,20.533,1780168763,D11,276,848,ok,1
616,20.533,1780168763,D6,183,812,ok,1
616,20.533,1780168763,D10,241,896,ok,0
616,20.533,1780168763,D18,76,769,ok,0
616,20.533,1780168763,D32,5,831,ok,0
616,20.533,1780168763,D24,-1,590,ok,0
616,20.533,1780168763,D27,-1,590,ok,0
616,20.533,1780168763,D1,164,866,interpolated,1
617,20.567,1780168763,G6,174,98,ok,0
617,20.567,1780168763,G40,137,144,ok,1
617,20.567,1780168763,G1,217,119,ok,0
617,20.567,1780168763,G9,202,131,ok,1
617,20.567,1780168763,G44,255,95,ok,0
617,20.567,1780168763,G4,95,82,ok,0
617,20.567,1780168763,G46,-17,311,ok,0
617,20.567,1780168763,G34,100,33,ok,0
617,20.567,1780168763,G48,123,68,ok,0
617,20.567,1780168763,G43,522,503,ok,0
617,20.567,1780168763,G47,516,517,ok,0
617,20.567,1780168763,D4,59,561,ok,0
617,20.567,1780168763,D2,370,717,ok,1
617,20.567,1780168763,D25,439,743,ok,1
617,20.567,1780168763,D11,276,847,ok,1
617,20.567,1780168763,D18,76,766,ok,0
617,20.567,1780168763,D22,318,836,ok,1
617,20.567,1780168763,D10,241,896,ok,0
617,20.567,1780168763,D6,184,813,ok,1
617,20.567,1780168763,D32,6,827,ok,0
617,20.567,1780168763,D1,166,847,ok,1
617,20.567,1780168763,D24,-1,590,ok,0
617,20.567,1780168763,D27,-1,590,ok,0
617,20.567,1780168763,G10,295,141,interpolated,1
618,20.600,1780168763,G6,173,98,ok,0
618,20.600,1780168763,G40,137,146,ok,1
618,20.600,1780168763,G1,219,119,ok,0
618,20.600,1780168763,G9,201,132,ok,1
618,20.600,1780168763,G44,254,99,ok,0
618,20.600,1780168763,G10,301,141,ok,1
618,20.600,1780168763,G4,95,82,ok,0
618,20.600,1780168763,G48,123,69,ok,0
618,20.600,1780168763,G46,-17,311,ok,0
618,20.600,1780168763,G47,522,504,ok,0
618,20.600,1780168763,G34,99,32,ok,0
618,20.600,1780168763,G43,522,503,ok,0
618,20.600,1780168763,G49,522,504,ok,0
618,20.600,1780168763,D4,59,561,ok,0
618,20.600,1780168763,D2,369,715,ok,1
618,20.600,1780168763,D25,438,746,ok,1
618,20.600,1780168763,D11,274,850,ok,1
618,20.600,1780168763,D18,75,766,ok,0
618,20.600,1780168763,D22,318,838,ok,1
618,20.600,1780168763,D10,241,896,ok,0
618,20.600,1780168763,D6,184,812,ok,1
618,20.600,1780168763,D32,7,824,ok,0
618,20.600,1780168763,D1,166,846,ok,1
618,20.600,1780168763,D24,-1,590,ok,0
618,20.600,1780168763,D27,-1,590,ok,0
619,20.633,1780168763,G6,173,98,ok,0
619,20.633,1780168763,G40,137,146,ok,1
619,20.633,1780168763,G1,219,119,ok,0
619,20.633,1780168763,G9,201,132,ok,1
619,20.633,1780168763,G44,254,99,ok,0
619,20.633,1780168763,G10,301,141,ok,1
619,20.633,1780168763,G4,95,82,ok,0
619,20.633,1780168763,G48,124,70,ok,0
619,20.633,1780168763,G47,522,504,ok,0
619,20.633,1780168763,G46,-17,311,ok,0
619,20.633,1780168763,G34,99,32,ok,0
619,20.633,1780168763,G43,522,502,ok,0
619,20.633,1780168763,G49,522,504,ok,0
619,20.633,1780168763,D4,59,561,ok,0
619,20.633,1780168763,D2,369,715,ok,1
619,20.633,1780168763,D25,438,746,ok,1
619,20.633,1780168763,D11,274,850,ok,1
619,20.633,1780168763,D18,75,766,ok,0
619,20.633,1780168763,D22,318,838,ok,1
619,20.633,1780168763,D10,241,896,ok,0
619,20.633,1780168763,D6,184,812,ok,1
619,20.633,1780168763,D32,7,824,ok,0
619,20.633,1780168763,D1,165,846,ok,1
619,20.633,1780168763,D24,-1,590,ok,0
619,20.633,1780168763,D27,-1,590,ok,0
620,20.667,1780168763,G6,174,98,ok,0
620,20.667,1780168763,G40,137,148,ok,1
620,20.667,1780168763,G1,220,119,ok,0
620,20.667,1780168763,G9,202,133,ok,1
620,20.667,1780168763,G44,254,100,ok,0
620,20.667,1780168763,G10,304,142,ok,1
620,20.667,1780168763,G48,124,73,ok,0
620,20.667,1780168763,G47,522,504,ok,0
620,20.667,1780168763,G4,95,82,ok,0
620,20.667,1780168763,G46,-17,311,ok,0
620,20.667,1780168763,G34,98,32,ok,0
620,20.667,1780168763,G43,522,502,ok,0
620,20.667,1780168763,G49,522,504,ok,0
620,20.667,1780168763,D4,59,561,ok,0
620,20.667,1780168763,D11,273,849,ok,1
620,20.667,1780168763,D2,369,716,ok,1
620,20.667,1780168763,D25,438,748,ok,1
620,20.667,1780168763,D18,74,766,ok,0
620,20.667,1780168763,D22,318,840,ok,1
620,20.667,1780168763,D6,185,812,ok,1
620,20.667,1780168763,D10,241,896,ok,0
620,20.667,1780168763,D32,7,823,ok,0
620,20.667,1780168763,D1,165,845,ok,1
620,20.667,1780168763,D24,-1,590,ok,0
620,20.667,1780168763,D27,-1,590,ok,0
621,20.700,1780168763,G6,174,98,ok,0
621,20.700,1780168763,G40,136,149,ok,1
621,20.700,1780168763,G9,202,134,ok,1
621,20.700,1780168763,G1,218,119,ok,0
621,20.700,1780168763,G10,305,145,ok,1
621,20.700,1780168763,G48,125,76,ok,0
621,20.700,1780168763,G44,253,100,ok,0
621,20.700,1780168763,G34,98,31,ok,0
621,20.700,1780168763,G46,-17,311,ok,0
621,20.700,1780168763,G47,522,504,ok,0
621,20.700,1780168763,G4,96,83,ok,0
621,20.700,1780168763,G43,521,503,ok,0
621,20.700,1780168763,G50,195,58,ok,0
621,20.700,1780168763,G49,522,504,ok,0
621,20.700,1780168763,D4,59,561,ok,0
621,20.700,1780168763,D11,272,849,ok,1
621,20.700,1780168763,D2,369,716,ok,1
621,20.700,1780168763,D25,437,749,ok,1
621,20.700,1780168763,D22,317,843,ok,1
621,20.700,1780168763,D6,186,812,ok,1
621,20.700,1780168763,D10,241,896,ok,0
621,20.700,1780168763,D18,71,766,ok,0
621,20.700,1780168763,D32,7,822,ok,0
621,20.700,1780168763,D1,164,845,ok,1
621,20.700,1780168763,D24,-1,590,ok,0
621,20.700,1780168763,D27,-1,590,ok,0
622,20.733,1780168763,G6,174,98,ok,0
622,20.733,1780168763,G40,136,150,ok,1
622,20.733,1780168763,G1,217,119,ok,0
622,20.733,1780168763,G9,202,134,ok,1
622,20.733,1780168763,G10,306,150,ok,1
622,20.733,1780168763,G44,253,100,ok,0
622,20.733,1780168763,G48,125,77,ok,0
622,20.733,1780168763,G47,522,504,ok,0
622,20.733,1780168763,G46,-17,311,ok,0
622,20.733,1780168763,G4,96,83,ok,0
622,20.733,1780168763,G43,522,502,ok,0
622,20.733,1780168763,G34,98,31,ok,0
622,20.733,1780168763,G49,522,504,ok,0
622,20.733,1780168763,D4,59,561,ok,0
622,20.733,1780168763,D11,270,849,ok,1
622,20.733,1780168763,D2,368,716,ok,1
622,20.733,1780168763,D25,438,753,ok,1
622,20.733,1780168763,D22,317,847,ok,1
622,20.733,1780168763,D10,241,896,ok,0
622,20.733,1780168763,D6,187,812,ok,1
622,20.733,1780168763,D18,71,766,ok,0
622,20.733,1780168763,D32,8,820,ok,0
622,20.733,1780168763,D1,164,845,ok,1
622,20.733,1780168763,D24,-1,590,ok,0
622,20.733,1780168763,D27,0,589,ok,0
622,20.733,1780168763,G50,195,58,interpolated,0
623,20.767,1780168763,G6,174,98,ok,0
623,20.767,1780168763,G40,136,151,ok,1
623,20.767,1780168763,G1,217,119,ok,0
623,20.767,1780168763,G9,201,134,ok,1
623,20.767,1780168763,G10,308,155,ok,1
623,20.767,1780168763,G48,125,79,ok,0
623,20.767,1780168763,G44,252,100,ok,0
623,20.767,1780168763,G4,96,83,ok,0
623,20.767,1780168763,G46,-17,311,ok,0
623,20.767,1780168763,G47,522,504,ok,0
623,20.767,1780168763,G43,522,503,ok,0
623,20.767,1780168763,G49,522,504,ok,0
623,20.767,1780168763,G34,97,31,ok,0
623,20.767,1780168763,D4,59,561,ok,0
623,20.767,1780168763,D2,368,716,ok,1
623,20.767,1780168763,D11,269,849,ok,1
623,20.767,1780168763,D22,315,848,ok,1
623,20.767,1780168763,D25,439,757,ok,1
623,20.767,1780168763,D6,189,813,ok,1
623,20.767,1780168763,D10,241,896,ok,0
623,20.767,1780168763,D18,69,763,ok,0
623,20.767,1780168763,D32,8,818,ok,0
623,20.767,1780168763,D1,163,845,ok,1
623,20.767,1780168763,D24,-1,590,ok,0
623,20.767,1780168763,D27,0,589,ok,0
623,20.767,1780168763,G50,195,58,interpolated,0
624,20.800,1780168763,G6,174,98,ok,0
624,20.800,1780168763,G40,135,152,ok,1
624,20.800,1780168763,G1,217,119,ok,0
624,20.800,1780168763,G9,201,135,ok,1
624,20.800,1780168763,G48,125,79,ok,0
624,20.800,1780168763,G10,311,156,ok,1
624,20.800,1780168763,G44,253,100,ok,0
624,20.800,1780168763,G4,95,82,ok,0
624,20.800,1780168763,G46,-17,311,ok,0
624,20.800,1780168763,G47,522,504,ok,0
624,20.800,1780168763,G43,522,503,ok,0
624,20.800,1780168763,G49,522,504,ok,0
624,20.800,1780168763,D4,59,561,ok,0
624,20.800,1780168763,D2,368,716,ok,1
624,20.800,1780168763,D11,269,849,ok,1
624,20.800,1780168763,D22,313,849,ok,1
624,20.800,1780168763,D18,71,756,ok,0
624,20.800,1780168763,D10,241,896,ok,0
624,20.800,1780168763,D6,190,813,ok,1
624,20.800,1780168763,D25,438,761,ok,1
624,20.800,1780168763,D32,8,817,ok,0
624,20.800,1780168763,D1,164,837,ok,1
624,20.800,1780168763,D24,-1,590,ok,0
624,20.800,1780168763,D27,0,589,interpolated,0
624,20.800,1780168763,G34,97,31,interpolated,0
624,20.800,1780168763,G50,195,58,interpolated,0
625,20.833,1780168763,G6,174,98,ok,0
625,20.833,1780168763,G40,135,152,ok,1
625,20.833,1780168763,G1,217,119,ok,0
625,20.833,1780168763,G9,201,135,ok,1
625,20.833,1780168763,G48,125,79,ok,0
625,20.833,1780168763,G10,311,156,ok,1
625,20.833,1780168763,G44,253,100,ok,0
625,20.833,1780168763,G4,95,82,ok,0
625,20.833,1780168763,G47,522,504,ok,0
625,20.833,1780168763,G46,-17,311,ok,0
625,20.833,1780168763,G43,522,503,ok,0
625,20.833,1780168763,G49,522,504,ok,0
625,20.833,1780168763,D4,59,561,ok,0
625,20.833,1780168763,D2,368,716,ok,1
625,20.833,1780168763,D11,269,849,ok,1
625,20.833,1780168763,D22,313,849,ok,1
625,20.833,1780168763,D18,71,756,ok,0
625,20.833,1780168763,D10,241,896,ok,0
625,20.833,1780168763,D6,190,813,ok,1
625,20.833,1780168763,D25,438,761,ok,1
625,20.833,1780168763,D32,8,817,ok,0
625,20.833,1780168763,D1,164,837,ok,1
625,20.833,1780168763,D24,-1,590,ok,0
625,20.833,1780168763,D27,0,589,interpolated,0
625,20.833,1780168763,G34,97,31,interpolated,0
625,20.833,1780168763,G50,195,58,interpolated,0
626,20.867,1780168763,G6,174,98,ok,0
626,20.867,1780168763,G40,134,153,ok,1
626,20.867,1780168763,G1,218,119,ok,0
626,20.867,1780168763,G9,200,135,ok,1
626,20.867,1780168763,G48,125,79,ok,0
626,20.867,1780168763,G4,95,82,ok,0
626,20.867,1780168763,G10,313,159,ok,1
626,20.867,1780168763,G47,522,504,ok,0
626,20.867,1780168763,G46,-17,311,ok,0
626,20.867,1780168763,G43,522,503,ok,0
626,20.867,1780168763,G49,523,503,ok,0
626,20.867,1780168763,G50,197,57,ok,0
626,20.867,1780168763,D4,59,561,ok,0
626,20.867,1780168763,D2,367,716,ok,1
626,20.867,1780168763,D11,269,849,ok,1
626,20.867,1780168763,D22,312,849,ok,1
626,20.867,1780168763,D10,241,896,ok,0
626,20.867,1780168763,D25,438,761,ok,1
626,20.867,1780168763,D32,8,817,ok,0
626,20.867,1780168763,D18,70,758,ok,0
626,20.867,1780168763,D6,190,814,ok,1
626,20.867,1780168763,D1,165,828,ok,1
626,20.867,1780168763,D24,-1,590,ok,0
626,20.867,1780168763,D27,0,589,ok,0
626,20.867,1780168763,G34,97,31,interpolated,0
626,20.867,1780168763,G44,253,100,interpolated,0
627,20.900,1780168763,G6,174,98,ok,0
627,20.900,1780168763,G40,132,153,ok,1
627,20.900,1780168763,G9,200,135,ok,1
627,20.900,1780168763,G1,220,119,ok,0
627,20.900,1780168763,G10,315,160,ok,1
627,20.900,1780168763,G48,125,79,ok,0
627,20.900,1780168763,G4,95,82,ok,0
627,20.900,1780168763,G50,197,58,ok,0
627,20.900,1780168763,G46,-17,311,ok,0
627,20.900,1780168763,G47,522,504,ok,0
627,20.900,1780168763,G43,522,503,ok,0
627,20.900,1780168763,G49,523,503,ok,0
627,20.900,1780168763,D4,59,561,ok,0
627,20.900,1780168763,D2,366,711,ok,1
627,20.900,1780168763,D22,311,849,ok,1
627,20.900,1780168763,D11,269,851,ok,1
627,20.900,1780168763,D10,241,896,ok,0
627,20.900,1780168763,D18,72,749,ok,0
627,20.900,1780168763,D6,191,815,ok,1
627,20.900,1780168763,D25,437,761,ok,1
627,20.900,1780168763,D32,7,817,ok,0
627,20.900,1780168763,D1,166,822,ok,1
627,20.900,1780168763,D24,0,590,ok,0
627,20.900,1780168763,D27,0,589,ok,0
627,20.900,1780168763,G34,97,31,interpolated,0
627,20.900,1780168763,G44,253,100,interpolated,0
628,20.933,1780168763,G6,174,98,ok,0
628,20.933,1780168763,G9,200,135,ok,1
628,20.933,1780168763,G40,131,153,ok,1
628,20.933,1780168763,G1,218,119,ok,0
628,20.933,1780168763,G48,125,79,ok,0
628,20.933,1780168763,G4,95,82,ok,0
628,20.933,1780168763,G10,318,160,ok,1
628,20.933,1780168763,G44,252,100,ok,0
628,20.933,1780168763,G46,-17,311,ok,0
628,20.933,1780168763,G47,522,504,ok,0
628,20.933,1780168763,G43,522,502,ok,0
628,20.933,1780168763,G50,158,68,ok,0
628,20.933,1780168763,G49,522,504,ok,0
628,20.933,1780168763,D4,59,561,ok,0
628,20.933,1780168763,D2,366,707,ok,1
628,20.933,1780168763,D22,310,849,ok,1
628,20.933,1780168763,D11,268,852,ok,1
628,20.933,1780168763,D10,242,896,ok,0
628,20.933,1780168763,D6,192,815,ok,1
628,20.933,1780168763,D32,6,817,ok,0
628,20.933,1780168763,D18,71,749,ok,0
628,20.933,1780168763,D25,435,760,ok,1
628,20.933,1780168763,D1,166,819,ok,1
628,20.933,1780168763,D24,0,590,ok,0
628,20.933,1780168763,D27,0,589,ok,0
628,20.933,1780168763,G34,97,31,interpolated,0
629,20.967,1780168763,G6,174,98,ok,0
629,20.967,1780168763,G40,129,153,ok,1
629,20.967,1780168763,G9,200,135,ok,1
629,20.967,1780168763,G1,218,119,ok,0
629,20.967,1780168763,G48,125,79,ok,0
629,20.967,1780168763,G44,251,100,ok,0
629,20.967,1780168763,G4,95,82,ok,0
629,20.967,1780168763,G10,321,161,ok,1
629,20.967,1780168763,G47,522,504,ok,0
629,20.967,1780168763,G46,-17,311,ok,0
629,20.967,1780168763,G43,522,502,ok,0
629,20.967,1780168763,G49,522,504,ok,0
629,20.967,1780168763,D4,59,561,ok,0
629,20.967,1780168763,D2,365,703,ok,1
629,20.967,1780168763,D22,309,849,ok,1
629,20.967,1780168763,D11,267,853,ok,1
629,20.967,1780168763,D18,71,743,ok,0
629,20.967,1780168763,D25,434,760,ok,1
629,20.967,1780168763,D10,242,896,ok,0
629,20.967,1780168763,D6,192,816,ok,1
629,20.967,1780168763,D32,6,817,ok,0
629,20.967,1780168763,D1,166,819,ok,1
629,20.967,1780168763,D24,-1,590,ok,0
629,20.967,1780168763,D27,0,589,ok,0
629,20.967,1780168763,G34,97,31,interpolated,0
629,20.967,1780168763,G50,158,68,interpolated,0
630,21.000,1780168764,G6,174,98,ok,0
630,21.000,1780168764,G40,128,153,ok,1
630,21.000,1780168764,G9,200,136,ok,1
630,21.000,1780168764,G1,219,119,ok,0
630,21.000,1780168764,G44,250,100,ok,0
630,21.000,1780168764,G48,125,79,ok,0
630,21.000,1780168764,G10,323,161,ok,1
630,21.000,1780168764,G50,207,104,ok,0
630,21.000,1780168764,G43,522,503,ok,0
630,21.000,1780168764,G4,95,81,ok,0
630,21.000,1780168764,D4,59,561,ok,0
630,21.000,1780168764,D2,365,699,ok,1
630,21.000,1780168764,D22,308,849,ok,1
630,21.000,1780168764,D11,266,857,ok,1
630,21.000,1780168764,D6,192,817,ok,1
630,21.000,1780168764,D18,71,741,ok,0
630,21.000,1780168764,D32,5,817,ok,0
630,21.000,1780168764,D10,242,897,ok,0
630,21.000,1780168764,D1,166,819,ok,1
630,21.000,1780168764,D25,432,760,ok,1
630,21.000,1780168764,D24,-1,590,ok,0
630,21.000,1780168764,D27,-8,619,ok,0
630,21.000,1780168764,G34,97,31,interpolated,0
630,21.000,1780168764,G46,-17,311,interpolated,0
630,21.000,1780168764,G47,522,504,interpolated,0
630,21.000,1780168764,G49,522,504,interpolated,0
631,21.033,1780168764,G6,174,98,ok,0
631,21.033,1780168764,G40,128,153,ok,1
631,21.033,1780168764,G9,200,136,ok,1
631,21.033,1780168764,G1,219,119,ok,0
631,21.033,1780168764,G44,250,100,ok,0
631,21.033,1780168764,G48,125,79,ok,0
631,21.033,1780168764,G50,207,104,ok,0
631,21.033,1780168764,G10,323,161,ok,1
631,21.033,1780168764,G43,522,503,ok,0
631,21.033,1780168764,G4,95,81,ok,0
631,21.033,1780168764,D4,59,561,ok,0
631,21.033,1780168764,D2,365,699,ok,1
631,21.033,1780168764,D22,308,849,ok,1
631,21.033,1780168764,D11,266,857,ok,1
631,21.033,1780168764,D6,192,817,ok,1
631,21.033,1780168764,D18,71,741,ok,0
631,21.033,1780168764,D32,5,817,ok,0
631,21.033,1780168764,D10,242,897,ok,0
631,21.033,1780168764,D1,166,819,ok,1
631,21.033,1780168764,D25,432,760,ok,1
631,21.033,1780168764,D24,-1,591,ok,0
631,21.033,1780168764,D27,-8,619,ok,0
631,21.033,1780168764,G34,97,31,interpolated,0
631,21.033,1780168764,G46,-17,311,interpolated,0
631,21.033,1780168764,G47,522,504,interpolated,0
631,21.033,1780168764,G49,522,504,interpolated,0
632,21.067,1780168764,G6,174,98,ok,0
632,21.067,1780168764,G40,126,153,ok,1
632,21.067,1780168764,G9,199,135,ok,1
632,21.067,1780168764,G1,219,119,ok,0
632,21.067,1780168764,G44,249,100,ok,0
632,21.067,1780168764,G48,125,79,ok,0
632,21.067,1780168764,G43,522,503,ok,0
632,21.067,1780168764,G50,206,103,ok,0
632,21.067,1780168764,G10,325,161,ok,1
632,21.067,1780168764,G4,95,81,ok,0
632,21.067,1780168764,G34,196,60,ok,0
632,21.067,1780168764,D4,59,561,ok,0
632,21.067,1780168764,D2,365,699,ok,1
632,21.067,1780168764,D22,308,849,ok,1
632,21.067,1780168764,D11,265,858,ok,1
632,21.067,1780168764,D18,70,741,ok,0
632,21.067,1780168764,D25,431,760,ok,1
632,21.067,1780168764,D10,242,897,ok,0
632,21.067,1780168764,D6,192,819,ok,1
632,21.067,1780168764,D32,4,817,ok,0
632,21.067,1780168764,D1,165,820,ok,1
632,21.067,1780168764,D24,-1,590,ok,0
632,21.067,1780168764,D27,-8,619,ok,0
632,21.067,1780168764,G46,-17,311,interpolated,0
632,21.067,1780168764,G47,522,504,interpolated,0
632,21.067,1780168764,G49,522,504,interpolated,0
633,21.100,1780168764,G6,174,98,ok,0
633,21.100,1780168764,G40,125,153,ok,1
633,21.100,1780168764,G1,218,119,ok,0
633,21.100,1780168764,G9,199,134,ok,1
633,21.100,1780168764,G48,125,79,ok,0
633,21.100,1780168764,G44,249,100,ok,0
633,21.100,1780168764,G10,326,167,ok,1
633,21.100,1780168764,G43,522,503,ok,0
633,21.100,1780168764,G34,197,63,ok,0
633,21.100,1780168764,G50,207,104,ok,0
633,21.100,1780168764,G4,95,81,ok,0
633,21.100,1780168764,D4,59,561,ok,0
633,21.100,1780168764,D2,365,699,ok,1
633,21.100,1780168764,D22,307,849,ok,1
633,21.100,1780168764,D11,264,858,ok,1
633,21.100,1780168764,D25,430,759,ok,1
633,21.100,1780168764,D18,69,741,ok,0
633,21.100,1780168764,D6,193,824,ok,1
633,21.100,1780168764,D10,242,897,ok,0
633,21.100,1780168764,D32,4,814,ok,0
633,21.100,1780168764,D1,165,820,ok,1
633,21.100,1780168764,D24,-1,590,ok,0
633,21.100,1780168764,D27,-8,619,ok,0
633,21.100,1780168764,D36,-1,591,ok,0
633,21.100,1780168764,G46,-17,311,interpolated,0
633,21.100,1780168764,G47,522,504,interpolated,0
633,21.100,1780168764,G49,522,504,interpolated,0
634,21.133,1780168764,G6,174,98,ok,0
634,21.133,1780168764,G40,125,156,ok,1
634,21.133,1780168764,G1,218,119,ok,0
634,21.133,1780168764,G48,125,79,ok,0
634,21.133,1780168764,G44,248,100,ok,0
634,21.133,1780168764,G9,199,136,ok,1
634,21.133,1780168764,G10,327,172,ok,1
634,21.133,1780168764,G43,522,503,ok,0
634,21.133,1780168764,G4,95,81,ok,0
634,21.133,1780168764,G50,206,104,ok,0
634,21.133,1780168764,G34,196,62,ok,0
634,21.133,1780168764,D4,59,562,ok,0
634,21.133,1780168764,D2,365,699,ok,1
634,21.133,1780168764,D22,306,850,ok,1
634,21.133,1780168764,D25,430,760,ok,1
634,21.133,1780168764,D11,264,857,ok,1
634,21.133,1780168764,D1,166,812,ok,1
634,21.133,1780168764,D18,70,737,ok,0
634,21.133,1780168764,D32,4,810,ok,0
634,21.133,1780168764,D10,242,897,ok,0
634,21.133,1780168764,D6,193,830,ok,1
634,21.133,1780168764,D24,-1,590,ok,0
634,21.133,1780168764,D36,-1,590,ok,0
634,21.133,1780168764,D27,-8,619,interpolated,0
634,21.133,1780168764,G46,-17,311,interpolated,0
634,21.133,1780168764,G47,522,504,interpolated,0
634,21.133,1780168764,G49,522,504,interpolated,0
635,21.167,1780168764,G6,174,97,ok,0
635,21.167,1780168764,G40,125,161,ok,1
635,21.167,1780168764,G48,124,79,ok,0
635,21.167,1780168764,G9,199,140,ok,1
635,21.167,1780168764,G1,218,119,ok,0
635,21.167,1780168764,G10,330,175,ok,1
635,21.167,1780168764,G34,250,100,ok,0
635,21.167,1780168764,G50,206,104,ok,0
635,21.167,1780168764,G4,95,80,ok,0
635,21.167,1780168764,G47,522,504,ok,0
635,21.167,1780168764,G44,247,100,ok,0
635,21.167,1780168764,G43,521,503,ok,0
635,21.167,1780168764,D4,58,563,ok,0
635,21.167,1780168764,D2,365,699,ok,1
635,21.167,1780168764,D22,306,852,ok,1
635,21.167,1780168764,D25,429,763,ok,1
635,21.167,1780168764,D11,263,857,ok,1
635,21.167,1780168764,D18,69,740,ok,0
635,21.167,1780168764,D1,167,802,ok,1
635,21.167,1780168764,D10,242,897,ok,0
635,21.167,1780168764,D6,193,831,ok,1
635,21.167,1780168764,D32,5,808,ok,0
635,21.167,1780168764,D24,-1,590,ok,0
635,21.167,1780168764,D27,-8,619,interpolated,0
635,21.167,1780168764,G46,-17,311,interpolated,0
635,21.167,1780168764,G49,522,504,interpolated,0
635,21.167,1780168764,D36,-1,590,interpolated,0
636,21.200,1780168764,G6,174,97,ok,0
636,21.200,1780168764,G40,124,162,ok,1
636,21.200,1780168764,G9,199,145,ok,1
636,21.200,1780168764,G48,124,79,ok,0
636,21.200,1780168764,G10,331,178,ok,1
636,21.200,1780168764,G1,218,119,ok,0
636,21.200,1780168764,G44,247,100,ok,0
636,21.200,1780168764,G50,205,104,ok,0
636,21.200,1780168764,G47,522,504,ok,0
636,21.200,1780168764,G43,522,503,ok,0
636,21.200,1780168764,G4,95,80,ok,0
636,21.200,1780168764,D4,58,564,ok,0
636,21.200,1780168764,D2,365,699,ok,1
636,21.200,1780168764,D22,306,853,ok,1
636,21.200,1780168764,D11,262,857,ok,1
636,21.200,1780168764,D1,168,797,ok,1
636,21.200,1780168764,D18,71,733,ok,0
636,21.200,1780168764,D25,429,764,ok,1
636,21.200,1780168764,D6,192,832,ok,1
636,21.200,1780168764,D10,242,896,ok,0
636,21.200,1780168764,D32,5,807,ok,0
636,21.200,1780168764,D24,-1,590,ok,0
636,21.200,1780168764,D27,-8,619,interpolated,0
636,21.200,1780168764,G34,250,100,interpolated,0
636,21.200,1780168764,G46,-17,311,interpolated,0
636,21.200,1780168764,G49,522,504,interpolated,0
636,21.200,1780168764,D36,-1,590,interpolated,0
637,21.233,1780168764,G6,174,97,ok,0
637,21.233,1780168764,G40,124,162,ok,1
637,21.233,1780168764,G9,199,145,ok,1
637,21.233,1780168764,G48,124,79,ok,0
637,21.233,1780168764,G10,331,178,ok,1
637,21.233,1780168764,G1,218,119,ok,0
637,21.233,1780168764,G44,247,100,ok,0
637,21.233,1780168764,G50,205,104,ok,0
637,21.233,1780168764,G47,522,504,ok,0
637,21.233,1780168764,G43,522,503,ok,0
637,21.233,1780168764,G4,95,80,ok,0
637,21.233,1780168764,D4,58,564,ok,0
637,21.233,1780168764,D2,365,699,ok,1
637,21.233,1780168764,D22,306,853,ok,1
637,21.233,1780168764,D11,262,857,ok,1
637,21.233,1780168764,D18,71,733,ok,0
637,21.233,1780168764,D1,168,797,ok,1
637,21.233,1780168764,D25,429,764,ok,1
637,21.233,1780168764,D6,192,831,ok,1
637,21.233,1780168764,D10,242,896,ok,0
637,21.233,1780168764,D32,5,807,ok,0
637,21.233,1780168764,D24,-1,590,ok,0
637,21.233,1780168764,D27,-8,619,interpolated,0
637,21.233,1780168764,G34,250,100,interpolated,0
637,21.233,1780168764,G46,-17,311,interpolated,0
637,21.233,1780168764,G49,522,504,interpolated,0
637,21.233,1780168764,D36,-1,590,interpolated,0
638,21.267,1780168764,G40,124,164,ok,1
638,21.267,1780168764,G6,174,97,ok,0
638,21.267,1780168764,G9,199,148,ok,1
638,21.267,1780168764,G48,124,79,ok,0
638,21.267,1780168764,G1,218,119,ok,0
638,21.267,1780168764,G50,205,104,ok,0
638,21.267,1780168764,G10,333,181,ok,1
638,21.267,1780168764,G34,249,100,ok,0
638,21.267,1780168764,G43,522,503,ok,0
638,21.267,1780168764,G49,522,502,ok,0
638,21.267,1780168764,G47,523,503,ok,0
638,21.267,1780168764,D4,58,566,ok,0
638,21.267,1780168764,D2,365,699,ok,1
638,21.267,1780168764,D1,168,795,ok,1
638,21.267,1780168764,D22,305,855,ok,1
638,21.267,1780168764,D11,262,857,ok,1
638,21.267,1780168764,D18,71,730,ok,0
638,21.267,1780168764,D6,193,832,ok,1
638,21.267,1780168764,D25,429,766,ok,1
638,21.267,1780168764,D10,242,895,ok,0
638,21.267,1780168764,D32,5,805,ok,0
638,21.267,1780168764,D24,-1,590,ok,0
638,21.267,1780168764,D27,-8,619,interpolated,0
638,21.267,1780168764,G4,95,80,interpolated,0
638,21.267,1780168764,G44,247,100,interpolated,0
638,21.267,1780168764,G46,-17,311,interpolated,0
638,21.267,1780168764,D36,-1,590,interpolated,0
639,21.300,1780168764,G40,123,166,ok,1
639,21.300,1780168764,G6,174,97,ok,0
639,21.300,1780168764,G1,217,119,ok,0
639,21.300,1780168764,G9,198,150,ok,1
639,21.300,1780168764,G48,124,79,ok,0
639,21.300,1780168764,G50,205,104,ok,0
639,21.300,1780168764,G34,248,100,ok,0
639,21.300,1780168764,G10,335,182,ok,1
639,21.300,1780168764,G43,522,503,ok,0
639,21.300,1780168764,G49,522,502,ok,0
639,21.300,1780168764,D4,58,568,ok,0
639,21.300,1780168764,D2,365,699,ok,1
639,21.300,1780168764,D22,305,858,ok,1
639,21.300,1780168764,D11,261,857,ok,1
639,21.300,1780168764,D6,195,832,ok,1
639,21.300,1780168764,D18,72,725,ok,0
639,21.300,1780168764,D1,168,796,ok,1
639,21.300,1780168764,D25,429,769,ok,1
639,21.300,1780168764,D10,242,892,ok,0
639,21.300,1780168764,D32,6,803,ok,0
639,21.300,1780168764,D24,-1,590,ok,0
639,21.300,1780168764,D27,-8,619,interpolated,0
639,21.300,1780168764,G4,95,80,interpolated,0
639,21.300,1780168764,G44,247,100,interpolated,0
639,21.300,1780168764,G46,-17,311,interpolated,0
639,21.300,1780168764,G47,523,503,interpolated,0
639,21.300,1780168764,D36,-1,590,interpolated,0
640,21.333,1780168764,G40,123,167,ok,1
640,21.333,1780168764,G6,174,97,ok,0
640,21.333,1780168764,G50,204,104,ok,0
640,21.333,1780168764,G1,218,119,ok,0
640,21.333,1780168764,G44,247,100,ok,0
640,21.333,1780168764,G48,123,79,ok,0
640,21.333,1780168764,G10,338,182,ok,1
640,21.333,1780168764,G9,199,152,ok,1
640,21.333,1780168764,G43,522,503,ok,0
640,21.333,1780168764,G49,522,503,ok,0
640,21.333,1780168764,G47,523,503,ok,0
640,21.333,1780168764,G34,203,153,ok,1
640,21.333,1780168764,G4,94,81,ok,0
640,21.333,1780168764,D4,58,569,ok,0
640,21.333,1780168764,D2,366,699,ok,1
640,21.333,1780168764,D18,72,723,ok,0
640,21.333,1780168764,D6,197,832,ok,1
640,21.333,1780168764,D11,261,857,ok,1
640,21.333,1780168764,D1,168,796,ok,1
640,21.333,1780168764,D22,305,861,ok,1
640,21.333,1780168764,D25,428,772,ok,1
640,21.333,1780168764,D10,242,892,ok,0
640,21.333,1780168764,D32,7,801,ok,0
640,21.333,1780168764,D24,-1,590,ok,0
640,21.333,1780168764,D27,-8,619,interpolated,0
640,21.333,1780168764,D36,-1,590,interpolated,0
641,21.367,1780168764,G40,123,169,ok,1
641,21.367,1780168764,G6,174,97,ok,0
641,21.367,1780168764,G44,246,101,ok,0
641,21.367,1780168764,G50,204,105,ok,0
641,21.367,1780168764,G48,123,79,ok,0
641,21.367,1780168764,G1,217,119,ok,0
641,21.367,1780168764,G10,341,182,ok,1
641,21.367,1780168764,G9,199,154,ok,1
641,21.367,1780168764,G43,522,503,ok,0
641,21.367,1780168764,G49,522,503,ok,0
641,21.367,1780168764,G4,94,81,ok,0
641,21.367,1780168764,D4,58,570,ok,0
641,21.367,1780168764,D18,73,720,ok,0
641,21.367,1780168764,D2,366,699,ok,1
641,21.367,1780168764,D6,199,832,ok,1
641,21.367,1780168764,D11,260,857,ok,1
641,21.367,1780168764,D22,305,863,ok,1
641,21.367,1780168764,D1,168,796,ok,1
641,21.367,1780168764,D25,428,775,ok,1
641,21.367,1780168764,D10,242,888,ok,0
641,21.367,1780168764,D32,6,801,ok,0
641,21.367,1780168764,D24,-1,590,ok,0
641,21.367,1780168764,D27,-8,619,interpolated,0
641,21.367,1780168764,G34,203,153,interpolated,1
641,21.367,1780168764,G47,523,503,interpolated,0
641,21.367,1780168764,D36,-1,590,interpolated,0
642,21.400,1780168764,G40,123,171,ok,1
642,21.400,1780168764,G6,174,97,ok,0
642,21.400,1780168764,G44,246,103,ok,0
642,21.400,1780168764,G1,219,119,ok,0
642,21.400,1780168764,G50,204,104,ok,0
642,21.400,1780168764,G48,123,79,ok,0
642,21.400,1780168764,G34,203,155,ok,1
642,21.400,1780168764,G10,343,183,ok,1
642,21.400,1780168764,G4,95,82,ok,0
642,21.400,1780168764,G43,522,503,ok,0
642,21.400,1780168764,G49,522,503,ok,0
642,21.400,1780168764,D4,58,570,ok,0
642,21.400,1780168764,D2,366,699,ok,1
642,21.400,1780168764,D18,72,720,ok,0
642,21.400,1780168764,D6,199,833,ok,1
642,21.400,1780168764,D11,261,857,ok,1
642,21.400,1780168764,D1,170,790,ok,1
642,21.400,1780168764,D22,304,864,ok,1
642,21.400,1780168764,D25,428,777,ok,1
642,21.400,1780168764,D10,242,887,ok,0
642,21.400,1780168764,D32,6,801,ok,0
642,21.400,1780168764,D24,-1,590,ok,0
642,21.400,1780168764,G9,199,154,interpolated,1
642,21.400,1780168764,D27,-8,619,interpolated,0
642,21.400,1780168764,G47,523,503,interpolated,0
642,21.400,1780168764,D36,-1,590,interpolated,0
643,21.433,1780168764,G40,123,171,ok,1
643,21.433,1780168764,G6,174,97,ok,0
643,21.433,1780168764,G44,246,103,ok,0
643,21.433,1780168764,G1,218,119,ok,0
643,21.433,1780168764,G50,204,105,ok,0
643,21.433,1780168764,G48,123,79,ok,0
643,21.433,1780168764,G34,202,155,ok,1
643,21.433,1780168764,G10,343,183,ok,1
643,21.433,1780168764,G43,522,504,ok,0
643,21.433,1780168764,G4,94,81,ok,0
643,21.433,1780168764,G49,521,504,ok,0
643,21.433,1780168764,D4,58,570,ok,0
643,21.433,1780168764,D2,366,699,ok,1
643,21.433,1780168764,D18,72,720,ok,0
643,21.433,1780168764,D6,199,833,ok,1
643,21.433,1780168764,D11,261,857,ok,1
643,21.433,1780168764,D1,170,790,ok,1
643,21.433,1780168764,D22,304,864,ok,1
643,21.433,1780168764,D25,428,777,ok,1
643,21.433,1780168764,D10,242,887,ok,0
643,21.433,1780168764,D32,6,801,ok,0
643,21.433,1780168764,D24,-1,590,ok,0
643,21.433,1780168764,G9,199,154,interpolated,1
643,21.433,1780168764,D27,-8,619,interpolated,0
643,21.433,1780168764,G47,523,503,interpolated,0
643,21.433,1780168764,D36,-1,590,interpolated,0
644,21.467,1780168764,G10,345,189,ok,1
644,21.467,1780168764,G40,122,172,ok,1
644,21.467,1780168764,G6,174,97,ok,0
644,21.467,1780168764,G1,218,119,ok,0
644,21.467,1780168764,G50,204,104,ok,0
644,21.467,1780168764,G44,246,103,ok,0
644,21.467,1780168764,G48,123,79,ok,0
644,21.467,1780168764,G34,201,156,ok,1
644,21.467,1780168764,G4,95,80,ok,0
644,21.467,1780168764,G43,522,504,ok,0
644,21.467,1780168764,G49,521,503,ok,0
644,21.467,1780168764,G47,523,503,ok,0
644,21.467,1780168764,D4,59,570,ok,0
644,21.467,1780168764,D2,365,699,ok,1
644,21.467,1780168764,D1,170,782,ok,1
644,21.467,1780168764,D18,72,719,ok,0
644,21.467,1780168764,D11,260,858,ok,1
644,21.467,1780168764,D6,199,833,ok,1
644,21.467,1780168764,D22,303,864,ok,1
644,21.467,1780168764,D25,427,776,ok,1
644,21.467,1780168764,D10,242,886,ok,0
644,21.467,1780168764,D32,5,801,ok,0
644,21.467,1780168764,D36,0,590,ok,0
644,21.467,1780168764,D24,-1,590,ok,0
644,21.467,1780168764,G9,199,154,interpolated,1
645,21.500,1780168764,G10,346,194,ok,1
645,21.500,1780168764,G40,121,172,ok,1
645,21.500,1780168764,G6,173,97,ok,0
645,21.500,1780168764,G1,218,119,ok,0
645,21.500,1780168764,G50,204,106,ok,0
645,21.500,1780168764,G48,123,79,ok,0
645,21.500,1780168764,G44,246,103,ok,0
645,21.500,1780168764,G34,201,156,ok,1
645,21.500,1780168764,G43,522,503,ok,0
645,21.500,1780168764,G4,95,80,ok,0
645,21.500,1780168764,G49,521,504,ok,0
645,21.500,1780168764,D4,59,569,ok,0
645,21.500,1780168764,D2,365,699,ok,1
645,21.500,1780168764,D1,171,775,ok,1
645,21.500,1780168764,D25,426,776,ok,1
645,21.500,1780168764,D22,302,864,ok,1
645,21.500,1780168764,D11,260,858,ok,1
645,21.500,1780168764,D18,70,719,ok,0
645,21.500,1780168764,D6,200,833,ok,1
645,21.500,1780168764,D10,242,886,ok,0
645,21.500,1780168764,D32,5,800,ok,0
645,21.500,1780168764,D36,0,590,ok,0
645,21.500,1780168764,D24,-1,590,ok,0
645,21.500,1780168764,G9,199,154,interpolated,1
645,21.500,1780168764,G47,523,503,interpolated,0
646,21.533,1780168764,G40,120,172,ok,1
646,21.533,1780168764,G10,347,197,ok,1
646,21.533,1780168764,G6,174,97,ok,0
646,21.533,1780168764,G1,218,119,ok,0
646,21.533,1780168764,G48,123,78,ok,0
646,21.533,1780168764,G44,246,103,ok,0
646,21.533,1780168764,G50,204,104,ok,0
646,21.533,1780168764,G34,201,157,ok,1
646,21.533,1780168764,G4,95,80,ok,0
646,21.533,1780168764,G43,522,504,ok,0
646,21.533,1780168764,D4,60,569,ok,0
646,21.533,1780168764,D2,365,699,ok,1
646,21.533,1780168764,D1,172,769,ok,1
646,21.533,1780168764,D18,69,719,ok,0
646,21.533,1780168764,D25,425,775,ok,1
646,21.533,1780168764,D11,259,860,ok,1
646,21.533,1780168764,D22,301,864,ok,1
646,21.533,1780168764,D6,200,835,ok,1
646,21.533,1780168764,D10,242,886,ok,0
646,21.533,1780168764,D32,4,800,ok,0
646,21.533,1780168764,D36,0,589,ok,0
646,21.533,1780168764,D24,-1,590,ok,0
646,21.533,1780168764,G9,199,154,interpolated,1
646,21.533,1780168764,G47,523,503,interpolated,0
646,21.533,1780168764,G49,521,504,interpolated,0
647,21.567,1780168764,G40,117,172,ok,1
647,21.567,1780168764,G6,173,97,ok,0
647,21.567,1780168764,G10,348,200,ok,1
647,21.567,1780168764,G1,218,119,ok,0
647,21.567,1780168764,G44,246,103,ok,0
647,21.567,1780168764,G34,200,157,ok,1
647,21.567,1780168764,G50,204,104,ok,0
647,21.567,1780168764,G48,123,78,ok,0
647,21.567,1780168764,G4,95,80,ok,0
647,21.567,1780168764,G43,522,504,ok,0
647,21.567,1780168764,D4,60,569,ok,0
647,21.567,1780168764,D1,173,767,ok,1
647,21.567,1780168764,D2,365,699,ok,1
647,21.567,1780168764,D18,67,719,ok,0
647,21.567,1780168764,D25,424,775,ok,1
647,21.567,1780168764,D6,200,835,ok,1
647,21.567,1780168764,D22,300,864,ok,1
647,21.567,1780168764,D11,259,861,ok,1
647,21.567,1780168764,D10,242,886,ok,0
647,21.567,1780168764,D32,4,800,ok,0
647,21.567,1780168764,D36,0,589,ok,0
647,21.567,1780168764,D24,-1,590,ok,0
647,21.567,1780168764,G9,199,154,interpolated,1
647,21.567,1780168764,G47,523,503,interpolated,0
647,21.567,1780168764,G49,521,504,interpolated,0
648,21.600,1780168764,G40,116,172,ok,1
648,21.600,1780168764,G6,174,97,ok,0
648,21.600,1780168764,G1,218,119,ok,0
648,21.600,1780168764,G10,350,205,ok,1
648,21.600,1780168764,G48,122,78,ok,0
648,21.600,1780168764,G44,246,103,ok,0
648,21.600,1780168764,G50,204,103,ok,0
648,21.600,1780168764,G34,199,157,ok,1
648,21.600,1780168764,G43,522,503,ok,0
648,21.600,1780168764,G4,95,80,ok,0
648,21.600,1780168764,G9,353,174,ok,1
648,21.600,1780168764,G49,521,504,ok,0
648,21.600,1780168764,D4,61,569,ok,0
648,21.600,1780168764,D2,365,699,ok,1
648,21.600,1780168764,D1,173,768,ok,1
648,21.600,1780168764,D18,68,713,ok,0
648,21.600,1780168764,D25,423,776,ok,1
648,21.600,1780168764,D6,200,838,ok,1
648,21.600,1780168764,D11,259,864,ok,1
648,21.600,1780168764,D10,242,886,ok,0
648,21.600,1780168764,D22,299,865,ok,1
648,21.600,1780168764,D32,4,800,ok,0
648,21.600,1780168764,D24,-1,590,ok,0
648,21.600,1780168764,D27,-15,617,ok,0
648,21.600,1780168764,D36,0,590,ok,0
648,21.600,1780168764,G47,523,503,interpolated,0
649,21.633,1780168764,G40,116,172,ok,1
649,21.633,1780168764,G6,174,97,ok,0
649,21.633,1780168764,G1,218,119,ok,0
649,21.633,1780168764,G10,350,205,ok,1
649,21.633,1780168764,G48,122,78,ok,0
649,21.633,1780168764,G44,246,103,ok,0
649,21.633,1780168764,G50,204,103,ok,0
649,21.633,1780168764,G34,199,157,ok,1
649,21.633,1780168764,G43,522,503,ok,0
649,21.633,1780168764,G4,95,80,ok,0
649,21.633,1780168764,G49,522,503,ok,0
649,21.633,1780168764,G9,353,174,ok,1
649,21.633,1780168764,G47,523,503,ok,0
649,21.633,1780168764,D4,60,570,ok,0
649,21.633,1780168764,D2,365,699,ok,1
649,21.633,1780168764,D1,173,768,ok,1
649,21.633,1780168764,D25,423,776,ok,1
649,21.633,1780168764,D18,68,713,ok,0
649,21.633,1780168764,D6,200,838,ok,1
649,21.633,1780168764,D22,299,865,ok,1
649,21.633,1780168764,D11,259,864,ok,1
649,21.633,1780168764,D10,242,886,ok,0
649,21.633,1780168764,D32,4,800,ok,0
649,21.633,1780168764,D24,-1,591,ok,0
649,21.633,1780168764,D27,-15,618,ok,0
649,21.633,1780168764,D36,0,590,ok,0
649,21.633,1780168764,D37,-17,618,ok,0
650,21.667,1780168764,G40,115,172,ok,1
650,21.667,1780168764,G6,173,97,ok,0
650,21.667,1780168764,G1,218,119,ok,0
650,21.667,1780168764,G10,351,207,ok,1
650,21.667,1780168764,G48,121,78,ok,0
650,21.667,1780168764,G44,246,104,ok,0
650,21.667,1780168764,G34,199,158,ok,1
650,21.667,1780168764,G50,204,103,ok,0
650,21.667,1780168764,G43,522,503,ok,0
650,21.667,1780168764,G4,95,80,ok,0
650,21.667,1780168764,G49,522,503,ok,0
650,21.667,1780168764,G47,523,503,ok,0
650,21.667,1780168764,D4,61,570,ok,0
650,21.667,1780168764,D25,423,776,ok,1
650,21.667,1780168764,D2,365,699,ok,1
650,21.667,1780168764,D1,174,767,ok,1
650,21.667,1780168764,D6,201,838,ok,1
650,21.667,1780168764,D18,69,708,ok,0
650,21.667,1780168764,D11,259,865,ok,1
650,21.667,1780168764,D10,241,886,ok,0
650,21.667,1780168764,D22,298,865,ok,1
650,21.667,1780168764,D32,6,795,ok,0
650,21.667,1780168764,D24,-1,591,ok,0
650,21.667,1780168764,D27,-15,618,ok,0
650,21.667,1780168764,D36,0,590,ok,0
650,21.667,1780168764,D37,-17,619,ok,0
650,21.667,1780168764,G9,353,174,interpolated,1
651,21.700,1780168764,G10,354,207,ok,1
651,21.700,1780168764,G40,113,174,ok,1
651,21.700,1780168764,G6,173,97,ok,0
651,21.700,1780168764,G1,218,119,ok,0
651,21.700,1780168764,G44,245,104,ok,0
651,21.700,1780168764,G34,199,157,ok,1
651,21.700,1780168764,G48,121,78,ok,0
651,21.700,1780168764,G50,204,104,ok,0
651,21.700,1780168764,G43,522,503,ok,0
651,21.700,1780168764,G4,95,80,ok,0
651,21.700,1780168764,G49,522,503,ok,0
651,21.700,1780168764,D4,61,570,ok,0
651,21.700,1780168764,D25,422,777,ok,1
651,21.700,1780168764,D1,176,767,ok,1
651,21.700,1780168764,D2,365,699,ok,1
651,21.700,1780168764,D18,69,705,ok,0
651,21.700,1780168764,D6,201,843,ok,1
651,21.700,1780168764,D10,241,885,ok,0
651,21.700,1780168764,D11,258,868,ok,0
651,21.700,1780168764,D22,298,866,ok,1
651,21.700,1780168764,D32,7,791,ok,0
651,21.700,1780168764,D24,-1,591,ok,0
651,21.700,1780168764,D27,-15,618,ok,0
651,21.700,1780168764,D37,-17,619,ok,0
651,21.700,1780168764,D36,0,590,ok,0
651,21.700,1780168764,G9,353,174,interpolated,1
651,21.700,1780168764,G47,523,503,interpolated,0
652,21.733,1780168764,G40,113,179,ok,1
652,21.733,1780168764,G6,173,97,ok,0
652,21.733,1780168764,G10,356,208,ok,1
652,21.733,1780168764,G1,218,119,ok,0
652,21.733,1780168764,G44,245,103,ok,0
652,21.733,1780168764,G34,199,159,ok,1
652,21.733,1780168764,G48,121,78,ok,0
652,21.733,1780168764,G50,204,103,ok,0
652,21.733,1780168764,G43,522,503,ok,0
652,21.733,1780168764,G4,95,80,ok,0
652,21.733,1780168764,G49,522,503,ok,0
652,21.733,1780168764,G47,523,503,ok,0
652,21.733,1780168764,D4,62,570,ok,0
652,21.733,1780168764,D25,421,777,ok,1
652,21.733,1780168764,D1,177,768,ok,1
652,21.733,1780168764,D2,365,699,ok,1
652,21.733,1780168764,D6,201,845,ok,1
652,21.733,1780168764,D10,241,885,ok,0
652,21.733,1780168764,D11,258,871,ok,0
652,21.733,1780168764,D18,69,703,ok,0
652,21.733,1780168764,D32,7,789,ok,0
652,21.733,1780168764,D22,298,868,ok,0
652,21.733,1780168764,D24,-1,591,ok,0
652,21.733,1780168764,D27,-15,618,ok,0
652,21.733,1780168764,D37,-17,619,ok,0
652,21.733,1780168764,D36,0,590,ok,0
652,21.733,1780168764,G9,353,174,interpolated,1
653,21.767,1780168764,G40,113,183,ok,1
653,21.767,1780168764,G6,173,97,ok,0
653,21.767,1780168764,G10,358,208,ok,1
653,21.767,1780168764,G1,218,119,ok,0
653,21.767,1780168764,G44,244,103,ok,0
653,21.767,1780168764,G34,199,168,ok,1
653,21.767,1780168764,G50,204,102,ok,0
653,21.767,1780168764,G48,120,78,ok,0
653,21.767,1780168764,G4,95,80,ok,0
653,21.767,1780168764,G49,522,504,ok,0
653,21.767,1780168764,G43,522,503,ok,0
653,21.767,1780168764,G47,523,503,ok,0
653,21.767,1780168764,D4,62,570,ok,0
653,21.767,1780168764,D25,421,781,ok,1
653,21.767,1780168764,D1,178,766,ok,1
653,21.767,1780168764,D2,365,699,ok,1
653,21.767,1780168764,D6,202,845,ok,1
653,21.767,1780168764,D10,240,886,ok,0
653,21.767,1780168764,D11,258,872,ok,0
653,21.767,1780168764,D18,69,699,ok,0
653,21.767,1780168764,D32,7,789,ok,0
653,21.767,1780168764,D22,298,868,ok,0
653,21.767,1780168764,D24,-1,591,ok,0
653,21.767,1780168764,D38,389,800,ok,1
653,21.767,1780168764,D27,-15,618,ok,0
653,21.767,1780168764,D37,-17,619,ok,0
653,21.767,1780168764,D36,0,590,ok,0
653,21.767,1780168764,G9,353,174,interpolated,1
654,21.800,1780168764,G40,113,184,ok,1
654,21.800,1780168764,G10,360,207,ok,1
654,21.800,1780168764,G6,173,97,ok,0
654,21.800,1780168764,G1,219,119,ok,0
654,21.800,1780168764,G34,200,173,ok,1
654,21.800,1780168764,G44,243,104,ok,0
654,21.800,1780168764,G50,204,103,ok,0
654,21.800,1780168764,G48,120,78,ok,0
654,21.800,1780168764,G4,95,80,ok,0
654,21.800,1780168764,G43,522,503,ok,0
654,21.800,1780168764,G49,521,503,ok,0
654,21.800,1780168764,G47,523,503,ok,0
654,21.800,1780168764,G9,523,503,ok,0
654,21.800,1780168764,D4,62,570,ok,0
654,21.800,1780168764,D25,420,782,ok,1
654,21.800,1780168764,D6,202,846,ok,1
654,21.800,1780168764,D1,180,759,ok,1
654,21.800,1780168764,D2,365,699,ok,1
654,21.800,1780168764,D18,68,700,ok,0
654,21.800,1780168764,D10,240,886,ok,0
654,21.800,1780168764,D32,7,787,ok,0
654,21.800,1780168764,D11,258,872,ok,0
654,21.800,1780168764,D22,298,872,ok,0
654,21.800,1780168764,D24,-1,591,ok,0
654,21.800,1780168764,D27,-15,618,ok,0
654,21.800,1780168764,D37,-17,619,ok,0
654,21.800,1780168764,D36,0,590,ok,0
654,21.800,1780168764,D38,389,800,interpolated,1
655,21.833,1780168764,G40,113,184,ok,1
655,21.833,1780168764,G10,360,207,ok,1
655,21.833,1780168764,G6,173,97,ok,0
655,21.833,1780168764,G1,219,119,ok,0
655,21.833,1780168764,G34,200,173,ok,1
655,21.833,1780168764,G44,243,104,ok,0
655,21.833,1780168764,G50,204,103,ok,0
655,21.833,1780168764,G48,120,78,ok,0
655,21.833,1780168764,G4,95,80,ok,0
655,21.833,1780168764,G43,522,503,ok,0
655,21.833,1780168764,G51,522,503,ok,0
655,21.833,1780168764,G49,521,503,ok,0
655,21.833,1780168764,G9,523,503,ok,0
655,21.833,1780168764,G47,523,503,ok,0
655,21.833,1780168764,D4,62,570,ok,0
655,21.833,1780168764,D25,420,782,ok,1
655,21.833,1780168764,D6,202,846,ok,1
655,21.833,1780168764,D1,180,759,ok,1
655,21.833,1780168764,D2,365,699,ok,1
655,21.833,1780168764,D18,68,700,ok,0
655,21.833,1780168764,D32,7,787,ok,0
655,21.833,1780168764,D10,240,886,ok,0
655,21.833,1780168764,D11,258,872,ok,0
655,21.833,1780168764,D22,298,872,ok,0
655,21.833,1780168764,D24,-1,591,ok,0
655,21.833,1780168764,D27,-15,618,ok,0
655,21.833,1780168764,D37,-17,619,ok,0
655,21.833,1780168764,D36,0,590,ok,0
655,21.833,1780168764,D38,389,800,interpolated,1
656,21.867,1780168764,G40,113,187,ok,1
656,21.867,1780168764,G6,173,97,ok,0
656,21.867,1780168764,G10,361,211,ok,1
656,21.867,1780168764,G1,219,119,ok,0
656,21.867,1780168764,G34,200,177,ok,1
656,21.867,1780168764,G44,242,104,ok,0
656,21.867,1780168764,G50,204,103,ok,0
656,21.867,1780168764,G48,120,78,ok,0
656,21.867,1780168764,G4,95,80,ok,0
656,21.867,1780168764,G43,522,503,ok,0
656,21.867,1780168764,G51,522,503,ok,0
656,21.867,1780168764,G9,523,503,ok,0
656,21.867,1780168764,G49,521,503,ok,0
656,21.867,1780168764,G47,523,503,ok,0
656,21.867,1780168764,D4,62,571,ok,0
656,21.867,1780168764,D1,181,752,ok,1
656,21.867,1780168764,D25,420,785,ok,1
656,21.867,1780168764,D2,365,699,ok,1
656,21.867,1780168764,D6,203,846,ok,1
656,21.867,1780168764,D18,67,699,ok,0
656,21.867,1780168764,D10,239,887,ok,0
656,21.867,1780168764,D32,8,784,ok,0
656,21.867,1780168764,D11,258,872,ok,0
656,21.867,1780168764,D22,297,876,ok,0
656,21.867,1780168764,D24,-1,591,ok,0
656,21.867,1780168764,D27,-15,618,ok,0
656,21.867,1780168764,D36,0,590,ok,0
656,21.867,1780168764,D37,-17,619,ok,0
656,21.867,1780168764,D38,389,800,interpolated,1
657,21.900,1780168764,G10,362,217,ok,1
657,21.900,1780168764,G6,173,97,ok,0
657,21.900,1780168764,G40,113,188,ok,1
657,21.900,1780168764,G34,200,180,ok,1
657,21.900,1780168764,G1,220,119,ok,0
657,21.900,1780168764,G44,242,104,ok,0
657,21.900,1780168764,G50,204,103,ok,0
657,21.900,1780168764,G48,120,78,ok,0
657,21.900,1780168764,G4,95,81,ok,0
657,21.900,1780168764,G51,522,505,ok,0
657,21.900,1780168764,G43,522,504,ok,0
657,21.900,1780168764,D4,62,571,ok,0
657,21.900,1780168764,D1,182,748,ok,1
657,21.900,1780168764,D2,365,699,ok,1
657,21.900,1780168764,D25,420,791,ok,1
657,21.900,1780168764,D6,203,846,ok,1
657,21.900,1780168764,D18,67,699,ok,0
657,21.900,1780168764,D22,296,878,ok,0
657,21.900,1780168764,D10,239,886,ok,0
657,21.900,1780168764,D11,258,872,ok,0
657,21.900,1780168764,D32,8,782,ok,0
657,21.900,1780168764,D24,-1,591,ok,0
657,21.900,1780168764,D27,-15,618,ok,0
657,21.900,1780168764,D36,0,590,ok,0
657,21.900,1780168764,D37,-17,619,ok,0
657,21.900,1780168764,G9,523,503,interpolated,0
657,21.900,1780168764,G47,523,503,interpolated,0
657,21.900,1780168764,G49,521,503,interpolated,0
657,21.900,1780168764,D38,389,800,interpolated,1
658,21.933,1780168764,G10,362,221,ok,1
658,21.933,1780168764,G40,113,193,ok,1
658,21.933,1780168764,G6,173,97,ok,0
658,21.933,1780168764,G34,199,180,ok,1
658,21.933,1780168764,G1,220,119,ok,0
658,21.933,1780168764,G44,243,104,ok,0
658,21.933,1780168764,G50,204,104,ok,0
658,21.933,1780168764,G4,95,81,ok,0
658,21.933,1780168764,G48,120,78,ok,0
658,21.933,1780168764,G51,522,505,ok,0
658,21.933,1780168764,G43,522,504,ok,0
658,21.933,1780168764,D4,61,573,ok,0
658,21.933,1780168764,D1,182,748,ok,1
658,21.933,1780168764,D2,365,699,ok,1
658,21.933,1780168764,D6,204,846,ok,1
658,21.933,1780168764,D18,66,699,ok,0
658,21.933,1780168764,D25,420,795,ok,1
658,21.933,1780168764,D22,295,879,ok,0
658,21.933,1780168764,D10,238,886,ok,0
658,21.933,1780168764,D11,257,872,ok,0
658,21.933,1780168764,D32,8,782,ok,0
658,21.933,1780168764,D24,-1,590,ok,0
658,21.933,1780168764,D27,-15,618,ok,0
658,21.933,1780168764,D36,-1,590,ok,0
658,21.933,1780168764,D37,-17,618,ok,0
658,21.933,1780168764,G9,523,503,interpolated,0
658,21.933,1780168764,G47,523,503,interpolated,0
658,21.933,1780168764,G49,521,503,interpolated,0
658,21.933,1780168764,D38,389,800,interpolated,1
659,21.967,1780168764,G10,362,225,ok,1
659,21.967,1780168764,G6,173,98,ok,0
659,21.967,1780168764,G40,112,193,ok,1
659,21.967,1780168764,G44,242,104,ok,0
659,21.967,1780168764,G34,199,180,ok,1
659,21.967,1780168764,G1,220,119,ok,0
659,21.967,1780168764,G50,204,104,ok,0
659,21.967,1780168764,G4,95,80,ok,0
659,21.967,1780168764,G48,119,78,ok,0
659,21.967,1780168764,G51,522,505,ok,0
659,21.967,1780168764,G43,522,504,ok,0
659,21.967,1780168764,D4,61,574,ok,0
659,21.967,1780168764,D1,183,748,ok,1
659,21.967,1780168764,D18,66,699,ok,0
659,21.967,1780168764,D2,365,699,ok,1
659,21.967,1780168764,D6,204,846,ok,1
659,21.967,1780168764,D25,419,796,ok,1
659,21.967,1780168764,D22,293,879,ok,0
659,21.967,1780168764,D11,257,872,ok,0
659,21.967,1780168764,D10,237,885,ok,0
659,21.967,1780168764,D32,7,782,ok,0
659,21.967,1780168764,D24,-1,591,ok,0
659,21.967,1780168764,D27,-15,617,ok,0
659,21.967,1780168764,D36,0,590,ok,0
659,21.967,1780168764,D37,-17,618,ok,0
659,21.967,1780168764,G9,523,503,interpolated,0
659,21.967,1780168764,G47,523,503,interpolated,0
659,21.967,1780168764,G49,521,503,interpolated,0
659,21.967,1780168764,D38,389,800,interpolated,1
660,22.000,1780168765,G10,363,230,ok,1
660,22.000,1780168765,G6,173,97,ok,0
660,22.000,1780168765,G34,199,180,ok,1
660,22.000,1780168765,G44,242,103,ok,0
660,22.000,1780168765,G40,110,193,ok,1
660,22.000,1780168765,G1,220,119,ok,0
660,22.000,1780168765,G50,204,104,ok,0
660,22.000,1780168765,G4,95,80,ok,0
660,22.000,1780168765,G48,119,78,ok,0
660,22.000,1780168765,G51,522,505,ok,0
660,22.000,1780168765,G43,522,504,ok,0
660,22.000,1780168765,D4,61,576,ok,0
660,22.000,1780168765,D1,184,748,ok,1
660,22.000,1780168765,D18,68,694,ok,0
660,22.000,1780168765,D6,203,847,ok,1
660,22.000,1780168765,D2,365,699,ok,1
660,22.000,1780168765,D25,418,795,ok,1
660,22.000,1780168765,D10,237,884,ok,0
660,22.000,1780168765,D22,292,879,ok,0
660,22.000,1780168765,D11,257,872,ok,0
660,22.000,1780168765,D32,7,782,ok,0
660,22.000,1780168765,D24,-1,591,ok,0
660,22.000,1780168765,D27,-15,617,ok,0
660,22.000,1780168765,D36,0,590,ok,0
660,22.000,1780168765,D37,-17,618,ok,0
660,22.000,1780168765,G9,523,503,interpolated,0
660,22.000,1780168765,G47,523,503,interpolated,0
660,22.000,1780168765,G49,521,503,interpolated,0
660,22.000,1780168765,D38,389,800,interpolated,1
661,22.033,1780168765,G10,363,230,ok,1
661,22.033,1780168765,G6,173,97,ok,0
661,22.033,1780168765,G34,199,180,ok,1
661,22.033,1780168765,G44,242,103,ok,0
661,22.033,1780168765,G1,220,119,ok,0
661,22.033,1780168765,G40,110,193,ok,1
661,22.033,1780168765,G50,204,104,ok,0
661,22.033,1780168765,G4,95,80,ok,0
661,22.033,1780168765,G48,119,78,ok,0
661,22.033,1780168765,G51,522,505,ok,0
661,22.033,1780168765,G43,522,504,ok,0
661,22.033,1780168765,D4,61,576,ok,0
661,22.033,1780168765,D1,184,748,ok,1
661,22.033,1780168765,D18,68,694,ok,0
661,22.033,1780168765,D6,203,847,ok,1
661,22.033,1780168765,D2,365,699,ok,1
661,22.033,1780168765,D25,418,795,ok,1
661,22.033,1780168765,D10,237,884,ok,0
661,22.033,1780168765,D22,292,879,ok,0
661,22.033,1780168765,D11,257,872,ok,0
661,22.033,1780168765,D32,7,782,ok,0
661,22.033,1780168765,D24,-1,591,ok,0
661,22.033,1780168765,D27,-15,617,ok,0
661,22.033,1780168765,D36,0,590,ok,0
661,22.033,1780168765,D37,-17,618,ok,0
661,22.033,1780168765,G9,523,503,interpolated,0
661,22.033,1780168765,G47,523,503,interpolated,0
661,22.033,1780168765,G49,521,503,interpolated,0
661,22.033,1780168765,D38,389,800,interpolated,1
662,22.067,1780168765,G10,365,230,ok,1
662,22.067,1780168765,G6,173,97,ok,0
662,22.067,1780168765,G40,108,193,ok,1
662,22.067,1780168765,G1,220,119,ok,0
662,22.067,1780168765,G34,199,180,ok,1
662,22.067,1780168765,G44,242,103,ok,0
662,22.067,1780168765,G50,204,104,ok,0
662,22.067,1780168765,G4,95,80,ok,0
662,22.067,1780168765,G48,119,77,ok,0
662,22.067,1780168765,G43,522,503,ok,0
662,22.067,1780168765,G9,523,503,ok,0
662,22.067,1780168765,G49,521,503,ok,0
662,22.067,1780168765,D4,60,577,ok,0
662,22.067,1780168765,D18,69,688,ok,0
662,22.067,1780168765,D1,185,748,ok,1
662,22.067,1780168765,D2,365,699,ok,1
662,22.067,1780168765,D25,417,795,ok,1
662,22.067,1780168765,D6,203,847,ok,1
662,22.067,1780168765,D11,256,872,ok,0
662,22.067,1780168765,D22,291,879,ok,0
662,22.067,1780168765,D10,237,883,ok,0
662,22.067,1780168765,D32,6,782,ok,0
662,22.067,1780168765,D24,-1,591,ok,0
662,22.067,1780168765,D27,-15,617,ok,0
662,22.067,1780168765,D36,0,590,ok,0
662,22.067,1780168765,D37,-17,618,ok,0
662,22.067,1780168765,G47,523,503,interpolated,0
662,22.067,1780168765,D38,389,800,interpolated,1
662,22.067,1780168765,G51,522,505,interpolated,0
663,22.100,1780168765,G10,365,230,ok,1
663,22.100,1780168765,G6,173,97,ok,0
663,22.100,1780168765,G34,200,185,ok,1
663,22.100,1780168765,G40,107,193,ok,1
663,22.100,1780168765,G1,220,119,ok,0
663,22.100,1780168765,G44,242,103,ok,0
663,22.100,1780168765,G50,204,104,ok,0
663,22.100,1780168765,G4,95,80,ok,0
663,22.100,1780168765,G48,119,77,ok,0
663,22.100,1780168765,G9,523,503,ok,0
663,22.100,1780168765,G43,522,503,ok,0
663,22.100,1780168765,D4,60,579,ok,0
663,22.100,1780168765,D25,415,795,ok,1
663,22.100,1780168765,D18,70,685,ok,0
663,22.100,1780168765,D2,365,699,ok,1
663,22.100,1780168765,D1,187,744,ok,1
663,22.100,1780168765,D11,256,873,ok,0
663,22.100,1780168765,D10,237,883,ok,0
663,22.100,1780168765,D6,203,849,ok,1
663,22.100,1780168765,D22,290,879,ok,0
663,22.100,1780168765,D32,5,781,ok,0
663,22.100,1780168765,D24,-1,591,ok,0
663,22.100,1780168765,D27,-15,617,ok,0
663,22.100,1780168765,D36,0,590,ok,0
663,22.100,1780168765,D37,-17,618,ok,0
663,22.100,1780168765,G47,523,503,interpolated,0
663,22.100,1780168765,G49,521,503,interpolated,0
663,22.100,1780168765,D38,389,800,interpolated,1
663,22.100,1780168765,G51,522,505,interpolated,0
664,22.133,1780168765,G10,367,230,ok,1
664,22.133,1780168765,G6,173,97,ok,0
664,22.133,1780168765,G34,200,191,ok,1
664,22.133,1780168765,G40,105,193,ok,1
664,22.133,1780168765,G44,242,103,ok,0
664,22.133,1780168765,G1,220,119,ok,0
664,22.133,1780168765,G50,204,104,ok,0
664,22.133,1780168765,G4,95,80,ok,0
664,22.133,1780168765,G48,118,77,ok,0
664,22.133,1780168765,G9,523,503,ok,0
664,22.133,1780168765,G43,522,503,ok,0
664,22.133,1780168765,D4,59,581,ok,0
664,22.133,1780168765,D18,70,682,ok,0
664,22.133,1780168765,D25,413,794,ok,1
664,22.133,1780168765,D2,365,699,ok,1
664,22.133,1780168765,D11,255,876,ok,0
664,22.133,1780168765,D1,189,738,ok,1
664,22.133,1780168765,D22,290,879,ok,0
664,22.133,1780168765,D10,237,883,ok,0
664,22.133,1780168765,D6,203,850,ok,1
664,22.133,1780168765,D32,4,782,ok,0
664,22.133,1780168765,D24,-1,591,ok,0
664,22.133,1780168765,D27,-15,617,ok,0
664,22.133,1780168765,D36,0,590,ok,0
664,22.133,1780168765,D37,-17,618,ok,0
664,22.133,1780168765,G47,523,503,interpolated,0
664,22.133,1780168765,G49,521,503,interpolated,0
664,22.133,1780168765,G51,522,505,interpolated,0
665,22.167,1780168765,G10,368,230,ok,1
665,22.167,1780168765,G6,173,97,ok,0
665,22.167,1780168765,G34,200,196,ok,1
665,22.167,1780168765,G40,104,192,ok,1
665,22.167,1780168765,G44,242,103,ok,0
665,22.167,1780168765,G1,220,119,ok,0
665,22.167,1780168765,G50,204,104,ok,0
665,22.167,1780168765,G4,95,80,ok,0
665,22.167,1780168765,G48,119,78,ok,0
665,22.167,1780168765,G9,523,503,ok,0
665,22.167,1780168765,G43,522,503,ok,0
665,22.167,1780168765,D4,59,581,ok,0
665,22.167,1780168765,D18,70,680,ok,0
665,22.167,1780168765,D2,365,699,ok,1
665,22.167,1780168765,D25,412,794,ok,1
665,22.167,1780168765,D11,255,878,ok,0
665,22.167,1780168765,D6,203,851,ok,1
665,22.167,1780168765,D22,289,879,ok,0
665,22.167,1780168765,D10,236,884,ok,0
665,22.167,1780168765,D1,190,733,ok,1
665,22.167,1780168765,D32,3,782,ok,0
665,22.167,1780168765,D24,-1,591,ok,0
665,22.167,1780168765,D36,-1,590,ok,0
665,22.167,1780168765,D27,-15,617,ok,0
665,22.167,1780168765,D37,-18,620,ok,0
665,22.167,1780168765,G47,523,503,interpolated,0
665,22.167,1780168765,G49,521,503,interpolated,0
665,22.167,1780168765,G51,522,505,interpolated,0
666,22.200,1780168765,G10,369,230,ok,1
666,22.200,1780168765,G40,104,193,ok,1
666,22.200,1780168765,G6,173,97,ok,0
666,22.200,1780168765,G34,200,198,ok,1
666,22.200,1780168765,G44,243,103,ok,0
666,22.200,1780168765,G1,221,119,ok,0
666,22.200,1780168765,G50,204,104,ok,0
666,22.200,1780168765,G4,95,81,ok,0
666,22.200,1780168765,G48,118,77,ok,0
666,22.200,1780168765,G49,521,503,ok,0
666,22.200,1780168765,G43,522,504,ok,0
666,22.200,1780168765,G9,523,503,ok,0
666,22.200,1780168765,D4,59,581,ok,0
666,22.200,1780168765,D18,70,680,ok,0
666,22.200,1780168765,D2,366,699,ok,1
666,22.200,1780168765,D1,190,728,ok,1
666,22.200,1780168765,D25,410,794,ok,1
666,22.200,1780168765,D6,204,853,ok,1
666,22.200,1780168765,D11,254,880,ok,0
666,22.200,1780168765,D22,288,879,ok,0
666,22.200,1780168765,D10,235,884,ok,0
666,22.200,1780168765,D32,3,779,ok,0
666,22.200,1780168765,D24,-1,591,ok,0
666,22.200,1780168765,D27,-15,618,ok,0
666,22.200,1780168765,D37,-17,619,ok,0
666,22.200,1780168765,G47,523,503,interpolated,0
666,22.200,1780168765,D36,-1,590,interpolated,0
666,22.200,1780168765,G51,522,505,interpolated,0
667,22.233,1780168765,G10,369,230,ok,1
667,22.233,1780168765,G40,104,193,ok,1
667,22.233,1780168765,G6,173,97,ok,0
667,22.233,1780168765,G34,200,198,ok,1
667,22.233,1780168765,G44,243,103,ok,0
667,22.233,1780168765,G1,221,119,ok,0
667,22.233,1780168765,G50,204,104,ok,0
667,22.233,1780168765,G4,95,81,ok,0
667,22.233,1780168765,G48,118,78,ok,0
667,22.233,1780168765,G49,521,503,ok,0
667,22.233,1780168765,G9,523,503,ok,0
667,22.233,1780168765,G43,522,504,ok,0
667,22.233,1780168765,D4,59,581,ok,0
667,22.233,1780168765,D18,70,680,ok,0
667,22.233,1780168765,D2,365,699,ok,1
667,22.233,1780168765,D1,190,728,ok,1
667,22.233,1780168765,D25,410,794,ok,1
667,22.233,1780168765,D6,204,853,ok,1
667,22.233,1780168765,D11,254,880,ok,0
667,22.233,1780168765,D22,288,879,ok,0
667,22.233,1780168765,D10,235,884,ok,0
667,22.233,1780168765,D32,3,779,ok,0
667,22.233,1780168765,D24,-1,591,ok,0
667,22.233,1780168765,D27,-15,618,ok,0
667,22.233,1780168765,D37,-17,618,ok,0
667,22.233,1780168765,D36,-1,590,interpolated,0
667,22.233,1780168765,G51,522,505,interpolated,0
668,22.267,1780168765,G10,369,233,ok,1
668,22.267,1780168765,G6,173,97,ok,0
668,22.267,1780168765,G34,200,202,ok,1
668,22.267,1780168765,G44,243,103,ok,0
668,22.267,1780168765,G40,104,196,ok,1
668,22.267,1780168765,G1,220,119,ok,0
668,22.267,1780168765,G50,204,104,ok,0
668,22.267,1780168765,G4,95,81,ok,0
668,22.267,1780168765,G49,521,503,ok,0
668,22.267,1780168765,G48,117,77,ok,0
668,22.267,1780168765,G9,523,503,ok,0
668,22.267,1780168765,D1,193,724,ok,1
668,22.267,1780168765,D4,59,581,ok,0
668,22.267,1780168765,D18,69,680,ok,0
668,22.267,1780168765,D6,204,856,ok,1
668,22.267,1780168765,D2,366,699,ok,1
668,22.267,1780168765,D25,410,795,ok,1
668,22.267,1780168765,D22,288,879,ok,0
668,22.267,1780168765,D11,254,884,ok,0
668,22.267,1780168765,D32,4,774,ok,0
668,22.267,1780168765,D10,233,884,ok,0
668,22.267,1780168765,D24,-1,591,ok,0
668,22.267,1780168765,D27,-15,618,ok,0
668,22.267,1780168765,D37,-17,619,ok,0
668,22.267,1780168765,G43,522,504,interpolated,0
668,22.267,1780168765,D36,-1,590,interpolated,0
668,22.267,1780168765,G51,522,505,interpolated,0
669,22.300,1780168765,G10,369,239,ok,1
669,22.300,1780168765,G40,104,201,ok,1
669,22.300,1780168765,G34,201,203,ok,1
669,22.300,1780168765,G6,173,97,ok,0
669,22.300,1780168765,G44,243,103,ok,0
669,22.300,1780168765,G1,221,119,ok,0
669,22.300,1780168765,G50,204,104,ok,0
669,22.300,1780168765,G4,95,81,ok,0
669,22.300,1780168765,G48,116,72,ok,0
669,22.300,1780168765,G49,521,503,ok,0
669,22.300,1780168765,G9,523,503,ok,0
669,22.300,1780168765,D4,60,581,ok,0
669,22.300,1780168765,D18,68,680,ok,0
669,22.300,1780168765,D2,366,699,ok,1
669,22.300,1780168765,D6,204,861,ok,1
669,22.300,1780168765,D22,287,880,ok,0
669,22.300,1780168765,D1,194,722,ok,1
669,22.300,1780168765,D11,253,885,ok,0
669,22.300,1780168765,D25,409,798,ok,1
669,22.300,1780168765,D10,232,884,ok,0
669,22.300,1780168765,D32,4,774,ok,0
669,22.300,1780168765,D36,188,748,ok,1
669,22.300,1780168765,D24,-1,591,ok,0
669,22.300,1780168765,D27,-15,618,ok,0
669,22.300,1780168765,D37,-17,619,ok,0
669,22.300,1780168765,G43,522,504,interpolated,0
669,22.300,1780168765,G51,522,505,interpolated,0
670,22.333,1780168765,G10,368,243,ok,1
670,22.333,1780168765,G40,104,203,ok,1
670,22.333,1780168765,G6,173,97,ok,0
670,22.333,1780168765,G34,201,204,ok,1
670,22.333,1780168765,G44,243,104,ok,0
670,22.333,1780168765,G1,221,119,ok,0
670,22.333,1780168765,G50,204,104,ok,0
670,22.333,1780168765,G4,95,81,ok,0
670,22.333,1780168765,G48,116,71,ok,0
670,22.333,1780168765,G49,521,503,ok,0
670,22.333,1780168765,G9,523,503,ok,0
670,22.333,1780168765,D4,60,581,ok,0
670,22.333,1780168765,D6,205,862,ok,1
670,22.333,1780168765,D18,68,679,ok,0
670,22.333,1780168765,D1,194,721,ok,1
670,22.333,1780168765,D2,365,699,ok,1
670,22.333,1780168765,D25,409,800,ok,1
670,22.333,1780168765,D22,287,881,ok,0
670,22.333,1780168765,D11,253,886,ok,0
670,22.333,1780168765,D10,230,884,ok,0
670,22.333,1780168765,D32,4,772,ok,0
670,22.333,1780168765,D36,189,748,ok,1
670,22.333,1780168765,D24,-1,591,ok,0
670,22.333,1780168765,D27,-15,618,ok,0
670,22.333,1780168765,D37,-17,619,ok,0
670,22.333,1780168765,G43,522,504,interpolated,0
670,22.333,1780168765,G51,522,505,interpolated,0
671,22.367,1780168765,G10,369,245,ok,1
671,22.367,1780168765,G40,104,206,ok,1
671,22.367,1780168765,G34,201,204,ok,1
671,22.367,1780168765,G6,173,97,ok,0
671,22.367,1780168765,G44,243,104,ok,0
671,22.367,1780168765,G1,221,119,ok,0
671,22.367,1780168765,G50,204,104,ok,0
671,22.367,1780168765,G4,95,81,ok,0
671,22.367,1780168765,G49,521,503,ok,0
671,22.367,1780168765,G9,523,503,ok,0
671,22.367,1780168765,G48,115,70,ok,0
671,22.367,1780168765,D4,60,581,ok,0
671,22.367,1780168765,D1,195,718,ok,1
671,22.367,1780168765,D6,204,863,ok,1
671,22.367,1780168765,D18,68,679,ok,0
671,22.367,1780168765,D2,366,699,ok,1
671,22.367,1780168765,D25,409,802,ok,1
671,22.367,1780168765,D22,287,883,ok,0
671,22.367,1780168765,D32,5,771,ok,0
671,22.367,1780168765,D11,253,886,ok,0
671,22.367,1780168765,D10,229,885,ok,0
671,22.367,1780168765,D24,-1,591,ok,0
671,22.367,1780168765,D27,-15,618,ok,0
671,22.367,1780168765,D37,-17,619,ok,0
671,22.367,1780168765,G43,522,504,interpolated,0
671,22.367,1780168765,D36,189,748,interpolated,1
671,22.367,1780168765,G51,522,505,interpolated,0
672,22.400,1780168765,G10,369,246,ok,1
672,22.400,1780168765,G40,104,207,ok,1
672,22.400,1780168765,G34,201,207,ok,1
672,22.400,1780168765,G6,173,97,ok,0
672,22.400,1780168765,G44,243,103,ok,0
672,22.400,1780168765,G1,220,119,ok,0
672,22.400,1780168765,G50,204,104,ok,0
672,22.400,1780168765,G4,95,81,ok,0
672,22.400,1780168765,G49,521,503,ok,0
672,22.400,1780168765,G9,523,503,ok,0
672,22.400,1780168765,G43,522,504,ok,0
672,22.400,1780168765,G48,154,60,ok,0
672,22.400,1780168765,D4,60,581,ok,0
672,22.400,1780168765,D1,195,718,ok,1
672,22.400,1780168765,D6,205,863,ok,1
672,22.400,1780168765,D18,68,679,ok,0
672,22.400,1780168765,D2,366,699,ok,1
672,22.400,1780168765,D25,409,807,ok,1
672,22.400,1780168765,D22,287,883,ok,0
672,22.400,1780168765,D32,6,767,ok,0
672,22.400,1780168765,D11,253,886,ok,0
672,22.400,1780168765,D10,229,882,ok,0
672,22.400,1780168765,D24,-1,591,ok,0
672,22.400,1780168765,D27,-15,618,ok,0
672,22.400,1780168765,D37,-17,619,ok,0
672,22.400,1780168765,D36,189,748,interpolated,1
673,22.433,1780168765,G10,369,246,ok,1
673,22.433,1780168765,G40,104,207,ok,1
673,22.433,1780168765,G34,201,207,ok,1
673,22.433,1780168765,G6,173,97,ok,0
673,22.433,1780168765,G44,243,103,ok,0
673,22.433,1780168765,G1,221,119,ok,0
673,22.433,1780168765,G50,204,104,ok,0
673,22.433,1780168765,G4,95,81,ok,0
673,22.433,1780168765,G9,523,503,ok,0
673,22.433,1780168765,G49,521,503,ok,0
673,22.433,1780168765,G43,522,504,ok,0
673,22.433,1780168765,D4,60,581,ok,0
673,22.433,1780168765,D1,195,718,ok,1
673,22.433,1780168765,D6,205,863,ok,1
673,22.433,1780168765,D18,68,679,ok,0
673,22.433,1780168765,D2,366,699,ok,1
673,22.433,1780168765,D25,409,808,ok,1
673,22.433,1780168765,D22,287,883,ok,0
673,22.433,1780168765,D32,6,767,ok,0
673,22.433,1780168765,D11,253,886,ok,0
673,22.433,1780168765,D10,229,882,ok,0
673,22.433,1780168765,D24,-1,591,ok,0
673,22.433,1780168765,D27,-15,618,ok,0
673,22.433,1780168765,D37,-17,619,ok,0
673,22.433,1780168765,G48,154,60,interpolated,0
673,22.433,1780168765,D36,189,748,interpolated,1
674,22.467,1780168765,G10,370,246,ok,1
674,22.467,1780168765,G34,202,213,ok,1
674,22.467,1780168765,G40,103,209,ok,1
674,22.467,1780168765,G6,173,97,ok,0
674,22.467,1780168765,G44,243,103,ok,0
674,22.467,1780168765,G1,221,119,ok,0
674,22.467,1780168765,G50,204,104,ok,0
674,22.467,1780168765,G4,95,81,ok,0
674,22.467,1780168765,G51,115,71,ok,0
674,22.467,1780168765,G9,523,503,ok,0
674,22.467,1780168765,G48,154,61,ok,0
674,22.467,1780168765,D4,60,581,ok,0
674,22.467,1780168765,D1,196,718,ok,1
674,22.467,1780168765,D2,366,699,ok,1
674,22.467,1780168765,D6,205,863,ok,1
674,22.467,1780168765,D18,67,677,ok,0
674,22.467,1780168765,D25,409,810,ok,1
674,22.467,1780168765,D10,228,879,ok,0
674,22.467,1780168765,D32,6,766,ok,0
674,22.467,1780168765,D22,287,887,ok,0
674,22.467,1780168765,D11,252,886,ok,0
674,22.467,1780168765,D24,-1,591,ok,0
674,22.467,1780168765,D27,-15,618,ok,0
674,22.467,1780168765,D37,-17,619,ok,0
674,22.467,1780168765,G43,522,504,interpolated,0
674,22.467,1780168765,G49,521,503,interpolated,0
674,22.467,1780168765,D36,189,748,interpolated,1
675,22.500,1780168765,G10,370,246,ok,1
675,22.500,1780168765,G34,202,219,ok,1
675,22.500,1780168765,G40,103,211,ok,1
675,22.500,1780168765,G6,173,97,ok,0
675,22.500,1780168765,G44,243,103,ok,0
675,22.500,1780168765,G1,221,119,ok,0
675,22.500,1780168765,G50,204,104,ok,0
675,22.500,1780168765,G4,95,81,ok,0
675,22.500,1780168765,G9,523,503,ok,0
675,22.500,1780168765,G48,154,63,ok,0
675,22.500,1780168765,G51,114,71,ok,0
675,22.500,1780168765,D4,60,581,ok,0
675,22.500,1780168765,D1,196,718,ok,1
675,22.500,1780168765,D18,68,673,ok,0
675,22.500,1780168765,D2,366,699,ok,1
675,22.500,1780168765,D6,205,863,ok,1
675,22.500,1780168765,D32,6,766,ok,0
675,22.500,1780168765,D25,409,810,ok,1
675,22.500,1780168765,D10,228,879,ok,0
675,22.500,1780168765,D11,252,885,ok,0
675,22.500,1780168765,D22,287,888,ok,0
675,22.500,1780168765,D24,-1,591,ok,0
675,22.500,1780168765,D27,-15,618,ok,0
675,22.500,1780168765,D37,-17,619,ok,0
675,22.500,1780168765,G43,522,504,interpolated,0
675,22.500,1780168765,G49,521,503,interpolated,0
675,22.500,1780168765,D36,189,748,interpolated,1
676,22.533,1780168765,G10,371,246,ok,1
676,22.533,1780168765,G34,202,225,ok,1
676,22.533,1780168765,G40,103,211,ok,1
676,22.533,1780168765,G6,173,97,ok,0
676,22.533,1780168765,G44,243,103,ok,0
676,22.533,1780168765,G1,221,119,ok,0
676,22.533,1780168765,G50,204,104,ok,0
676,22.533,1780168765,G4,95,81,ok,0
676,22.533,1780168765,G51,114,71,ok,0
676,22.533,1780168765,G9,523,503,ok,0
676,22.533,1780168765,G48,154,63,ok,0
676,22.533,1780168765,D4,60,582,ok,0
676,22.533,1780168765,D1,196,718,ok,1
676,22.533,1780168765,D18,69,670,ok,0
676,22.533,1780168765,D2,366,699,ok,1
676,22.533,1780168765,D6,206,864,ok,1
676,22.533,1780168765,D25,408,811,ok,1
676,22.533,1780168765,D11,252,886,ok,0
676,22.533,1780168765,D10,227,877,ok,0
676,22.533,1780168765,D32,5,766,ok,0
676,22.533,1780168765,D22,286,891,ok,0
676,22.533,1780168765,D24,-1,591,ok,0
676,22.533,1780168765,D27,-15,618,ok,0
676,22.533,1780168765,D37,-17,619,ok,0
676,22.533,1780168765,G43,522,504,interpolated,0
676,22.533,1780168765,G49,521,503,interpolated,0
676,22.533,1780168765,D36,189,748,interpolated,1
677,22.567,1780168765,G10,371,246,ok,1
677,22.567,1780168765,G34,202,229,ok,1
677,22.567,1780168765,G40,102,211,ok,1
677,22.567,1780168765,G6,173,97,ok,0
677,22.567,1780168765,G44,243,103,ok,0
677,22.567,1780168765,G1,221,119,ok,0
677,22.567,1780168765,G50,204,104,ok,0
677,22.567,1780168765,G4,95,81,ok,0
677,22.567,1780168765,G51,114,71,ok,0
677,22.567,1780168765,G48,154,63,ok,0
677,22.567,1780168765,G9,523,503,ok,0
677,22.567,1780168765,D1,196,718,ok,1
677,22.567,1780168765,D4,60,583,ok,0
677,22.567,1780168765,D2,366,699,ok,1
677,22.567,1780168765,D18,69,668,ok,0
677,22.567,1780168765,D25,406,811,ok,1
677,22.567,1780168765,D10,227,877,ok,0
677,22.567,1780168765,D11,252,886,ok,0
677,22.567,1780168765,D6,206,865,ok,1
677,22.567,1780168765,D22,285,892,ok,0
677,22.567,1780168765,D32,4,766,ok,0
677,22.567,1780168765,D24,-1,591,ok,0
677,22.567,1780168765,D27,-15,618,ok,0
677,22.567,1780168765,D37,-17,619,ok,0
677,22.567,1780168765,G43,522,504,interpolated,0
677,22.567,1780168765,G49,521,503,interpolated,0
677,22.567,1780168765,D36,189,748,interpolated,1
678,22.600,1780168765,G10,373,246,ok,1
678,22.600,1780168765,G34,202,230,ok,1
678,22.600,1780168765,G40,100,211,ok,1
678,22.600,1780168765,G6,173,97,ok,0
678,22.600,1780168765,G44,243,103,ok,0
678,22.600,1780168765,G1,221,119,ok,0
678,22.600,1780168765,G50,204,104,ok,0
678,22.600,1780168765,G4,95,80,ok,0
678,22.600,1780168765,G51,114,73,ok,0
678,22.600,1780168765,G9,523,503,ok,0
678,22.600,1780168765,G48,153,63,ok,0
678,22.600,1780168765,D1,195,718,ok,1
678,22.600,1780168765,D4,60,584,ok,0
678,22.600,1780168765,D2,365,699,ok,1
678,22.600,1780168765,D18,69,667,ok,0
678,22.600,1780168765,D25,405,811,ok,1
678,22.600,1780168765,D10,226,877,ok,0
678,22.600,1780168765,D11,251,886,ok,0
678,22.600,1780168765,D22,284,892,ok,0
678,22.600,1780168765,D6,205,866,ok,1
678,22.600,1780168765,D32,4,766,ok,0
678,22.600,1780168765,D24,-1,591,ok,0
678,22.600,1780168765,D27,-16,618,ok,0
678,22.600,1780168765,D37,-18,620,ok,0
678,22.600,1780168765,D39,0,590,ok,0
678,22.600,1780168765,D36,-7,620,ok,0
678,22.600,1780168765,G43,522,504,interpolated,0
678,22.600,1780168765,G49,521,503,interpolated,0
679,22.633,1780168765,G10,373,246,ok,1
679,22.633,1780168765,G34,202,230,ok,1
679,22.633,1780168765,G40,100,211,ok,1
679,22.633,1780168765,G6,173,97,ok,0
679,22.633,1780168765,G44,243,103,ok,0
679,22.633,1780168765,G1,221,119,ok,0
679,22.633,1780168765,G50,204,104,ok,0
679,22.633,1780168765,G4,95,81,ok,0
679,22.633,1780168765,G51,114,73,ok,0
679,22.633,1780168765,G9,523,503,ok,0
679,22.633,1780168765,G48,153,63,ok,0
679,22.633,1780168765,D1,195,718,ok,1
679,22.633,1780168765,D4,60,584,ok,0
679,22.633,1780168765,D2,365,699,ok,1
679,22.633,1780168765,D18,69,667,ok,0
679,22.633,1780168765,D25,405,811,ok,1
679,22.633,1780168765,D10,226,877,ok,0
679,22.633,1780168765,D11,251,886,ok,0
679,22.633,1780168765,D22,284,892,ok,0
679,22.633,1780168765,D6,205,866,ok,1
679,22.633,1780168765,D32,4,766,ok,0
679,22.633,1780168765,D24,-1,591,ok,0
679,22.633,1780168765,D27,-16,618,ok,0
679,22.633,1780168765,D37,-18,620,ok,0
679,22.633,1780168765,D39,0,590,ok,0
679,22.633,1780168765,G43,522,504,interpolated,0
679,22.633,1780168765,G49,521,503,interpolated,0
679,22.633,1780168765,D36,-7,620,interpolated,0
680,22.667,1780168765,G34,202,230,ok,1
680,22.667,1780168765,G10,374,246,ok,1
680,22.667,1780168765,G40,99,211,ok,1
680,22.667,1780168765,G6,173,97,ok,0
680,22.667,1780168765,G44,243,103,ok,0
680,22.667,1780168765,G1,221,119,ok,0
680,22.667,1780168765,G50,205,104,ok,0
680,22.667,1780168765,G4,95,81,ok,0
680,22.667,1780168765,G51,113,72,ok,0
680,22.667,1780168765,G9,523,503,ok,0
680,22.667,1780168765,G48,153,62,ok,0
680,22.667,1780168765,D1,195,718,ok,1
680,22.667,1780168765,D4,59,585,ok,0
680,22.667,1780168765,D18,70,667,ok,0
680,22.667,1780168765,D2,365,699,ok,1
680,22.667,1780168765,D25,405,811,ok,1
680,22.667,1780168765,D10,226,877,ok,0
680,22.667,1780168765,D22,284,892,ok,0
680,22.667,1780168765,D32,3,765,ok,0
680,22.667,1780168765,D11,251,886,ok,0
680,22.667,1780168765,D6,206,867,ok,1
680,22.667,1780168765,D24,-1,591,ok,0
680,22.667,1780168765,D27,-16,618,ok,0
680,22.667,1780168765,D37,-17,619,ok,0
680,22.667,1780168765,D39,0,590,ok,0
680,22.667,1780168765,D36,-7,620,ok,0
680,22.667,1780168765,G43,522,504,interpolated,0
680,22.667,1780168765,G49,521,503,interpolated,0
681,22.700,1780168765,G40,97,211,ok,1
681,22.700,1780168765,G34,202,230,ok,1
681,22.700,1780168765,G10,374,249,ok,1
681,22.700,1780168765,G6,173,97,ok,0
681,22.700,1780168765,G44,243,104,ok,0
681,22.700,1780168765,G1,221,119,ok,0
681,22.700,1780168765,G50,205,104,ok,0
681,22.700,1780168765,G4,95,81,ok,0
681,22.700,1780168765,G9,523,503,ok,0
681,22.700,1780168765,G48,153,61,ok,0
681,22.700,1780168765,G51,113,72,ok,0
681,22.700,1780168765,D1,195,718,ok,1
681,22.700,1780168765,D4,58,586,ok,0
681,22.700,1780168765,D2,365,699,ok,1
681,22.700,1780168765,D18,70,667,ok,0
681,22.700,1780168765,D25,404,811,ok,1
681,22.700,1780168765,D10,226,877,ok,0
681,22.700,1780168765,D22,282,892,ok,0
681,22.700,1780168765,D32,3,765,ok,0
681,22.700,1780168765,D11,251,887,ok,0
681,22.700,1780168765,D6,206,867,ok,1
681,22.700,1780168765,D24,-1,591,ok,0
681,22.700,1780168765,D27,-16,618,ok,0
681,22.700,1780168765,D39,0,590,ok,0
681,22.700,1780168765,D37,-17,619,ok,0
681,22.700,1780168765,D36,-7,619,ok,0
681,22.700,1780168765,G43,522,504,interpolated,0
681,22.700,1780168765,G49,521,503,interpolated,0
682,22.733,1780168765,G10,374,253,ok,1
682,22.733,1780168765,G34,203,230,ok,1
682,22.733,1780168765,G40,95,211,ok,1
682,22.733,1780168765,G6,173,97,ok,0
682,22.733,1780168765,G44,244,103,ok,0
682,22.733,1780168765,G1,221,119,ok,0
682,22.733,1780168765,G50,205,104,ok,0
682,22.733,1780168765,G4,95,81,ok,0
682,22.733,1780168765,G9,523,503,ok,0
682,22.733,1780168765,G51,113,72,ok,0
682,22.733,1780168765,G48,152,61,ok,0
682,22.733,1780168765,G43,522,503,ok,0
682,22.733,1780168765,D1,195,718,ok,1
682,22.733,1780168765,D4,58,588,ok,0
682,22.733,1780168765,D25,403,812,ok,1
682,22.733,1780168765,D2,365,699,ok,1
682,22.733,1780168765,D18,69,667,ok,0
682,22.733,1780168765,D10,226,877,ok,0
682,22.733,1780168765,D32,3,765,ok,0
682,22.733,1780168765,D11,250,888,ok,0
682,22.733,1780168765,D6,206,869,ok,0
682,22.733,1780168765,D22,281,892,ok,0
682,22.733,1780168765,D24,-1,591,ok,0
682,22.733,1780168765,D27,-15,618,ok,0
682,22.733,1780168765,D39,0,590,ok,0
682,22.733,1780168765,D37,-17,619,ok,0
682,22.733,1780168765,D36,-13,616,ok,0
682,22.733,1780168765,D40,-15,615,ok,0
682,22.733,1780168765,G49,521,503,interpolated,0
683,22.767,1780168765,G10,373,257,ok,1
683,22.767,1780168765,G34,204,233,ok,1
683,22.767,1780168765,G6,173,97,ok,0
683,22.767,1780168765,G40,94,212,ok,1
683,22.767,1780168765,G44,245,104,ok,0
683,22.767,1780168765,G1,221,119,ok,0
683,22.767,1780168765,G50,205,105,ok,0
683,22.767,1780168765,G4,95,81,ok,0
683,22.767,1780168765,G9,523,503,ok,0
683,22.767,1780168765,G51,112,71,ok,0
683,22.767,1780168765,G48,151,59,ok,0
683,22.767,1780168765,D4,58,591,ok,0
683,22.767,1780168765,D1,195,716,ok,1
683,22.767,1780168765,D25,403,812,ok,1
683,22.767,1780168765,D18,69,666,ok,0
683,22.767,1780168765,D2,366,699,ok,1
683,22.767,1780168765,D10,225,877,ok,0
683,22.767,1780168765,D32,5,761,ok,0
683,22.767,1780168765,D11,250,890,ok,0
683,22.767,1780168765,D22,281,892,ok,0
683,22.767,1780168765,D6,206,875,ok,0
683,22.767,1780168765,D24,-1,591,ok,0
683,22.767,1780168765,D27,-14,617,ok,0
683,22.767,1780168765,D39,0,590,ok,0
683,22.767,1780168765,D37,-17,619,ok,0
683,22.767,1780168765,D40,-15,615,ok,0
683,22.767,1780168765,G43,522,503,interpolated,0
683,22.767,1780168765,G49,521,503,interpolated,0
683,22.767,1780168765,D36,-13,616,interpolated,0
684,22.800,1780168765,G10,374,257,ok,1
684,22.800,1780168765,G40,94,217,ok,1
684,22.800,1780168765,G6,173,97,ok,0
684,22.800,1780168765,G34,205,239,ok,1
684,22.800,1780168765,G44,246,104,ok,0
684,22.800,1780168765,G1,221,119,ok,0
684,22.800,1780168765,G50,204,105,ok,0
684,22.800,1780168765,G4,95,80,ok,0
684,22.800,1780168765,G48,151,61,ok,0
684,22.800,1780168765,G51,111,70,ok,0
684,22.800,1780168765,G43,522,504,ok,0
684,22.800,1780168765,D4,57,593,ok,0
684,22.800,1780168765,D1,195,714,ok,1
684,22.800,1780168765,D25,402,814,ok,1
684,22.800,1780168765,D18,69,667,ok,0
684,22.800,1780168765,D2,366,699,ok,1
684,22.800,1780168765,D10,224,877,ok,0
684,22.800,1780168765,D32,6,756,ok,0
684,22.800,1780168765,D11,249,892,ok,0
684,22.800,1780168765,D22,281,892,ok,0
684,22.800,1780168765,D6,206,879,ok,0
684,22.800,1780168765,D39,0,590,ok,0
684,22.800,1780168765,D24,-1,590,ok,0
684,22.800,1780168765,D27,-15,618,ok,0
684,22.800,1780168765,D40,-14,615,ok,0
684,22.800,1780168765,G9,523,503,interpolated,0
684,22.800,1780168765,D36,-13,616,interpolated,0
684,22.800,1780168765,D37,-17,619,interpolated,0
685,22.833,1780168765,G10,374,257,ok,1
685,22.833,1780168765,G40,94,217,ok,1
685,22.833,1780168765,G6,173,97,ok,0
685,22.833,1780168765,G34,204,239,ok,1
685,22.833,1780168765,G44,246,104,ok,0
685,22.833,1780168765,G1,221,119,ok,0
685,22.833,1780168765,G50,204,105,ok,0
685,22.833,1780168765,G4,95,80,ok,0
685,22.833,1780168765,G51,111,70,ok,0
685,22.833,1780168765,G48,151,61,ok,0
685,22.833,1780168765,G49,521,503,ok,0
685,22.833,1780168765,D4,57,593,ok,0
685,22.833,1780168765,D1,195,714,ok,1
685,22.833,1780168765,D25,402,814,ok,1
685,22.833,1780168765,D18,69,667,ok,0
685,22.833,1780168765,D2,366,699,ok,1
685,22.833,1780168765,D10,224,877,ok,0
685,22.833,1780168765,D32,6,756,ok,0
685,22.833,1780168765,D11,249,892,ok,0
685,22.833,1780168765,D22,281,892,ok,0
685,22.833,1780168765,D6,206,879,ok,0
685,22.833,1780168765,D39,0,590,ok,0
685,22.833,1780168765,D24,-1,590,ok,0
685,22.833,1780168765,D27,-15,618,ok,0
685,22.833,1780168765,D40,-15,615,ok,0
685,22.833,1780168765,D37,-17,619,ok,0
685,22.833,1780168765,G9,523,503,interpolated,0
685,22.833,1780168765,G43,522,504,interpolated,0
685,22.833,1780168765,D36,-13,616,interpolated,0
686,22.867,1780168765,G10,374,259,ok,1
686,22.867,1780168765,G34,207,245,ok,1
686,22.867,1780168765,G40,94,221,ok,1
686,22.867,1780168765,G6,173,97,ok,0
686,22.867,1780168765,G44,246,104,ok,0
686,22.867,1780168765,G1,221,119,ok,0
686,22.867,1780168765,G50,204,105,ok,0
686,22.867,1780168765,G4,95,80,ok,0
686,22.867,1780168765,G51,111,70,ok,0
686,22.867,1780168765,G48,151,60,ok,0
686,22.867,1780168765,G43,522,504,ok,0
686,22.867,1780168765,D4,57,596,ok,0
686,22.867,1780168765,D1,195,711,ok,1
686,22.867,1780168765,D25,401,814,ok,1
686,22.867,1780168765,D18,69,667,ok,0
686,22.867,1780168765,D2,366,699,ok,1
686,22.867,1780168765,D32,6,754,ok,0
686,22.867,1780168765,D10,223,877,ok,0
686,22.867,1780168765,D11,249,896,ok,0
686,22.867,1780168765,D22,281,893,ok,0
686,22.867,1780168765,D6,206,879,ok,0
686,22.867,1780168765,D39,0,590,ok,0
686,22.867,1780168765,D27,-14,618,ok,0
686,22.867,1780168765,D24,-1,590,ok,0
686,22.867,1780168765,D40,-14,615,ok,0
686,22.867,1780168765,G9,523,503,interpolated,0
686,22.867,1780168765,D36,-13,616,interpolated,0
686,22.867,1780168765,D37,-17,619,interpolated,0
686,22.867,1780168765,G49,521,503,interpolated,0
687,22.900,1780168765,G10,375,260,ok,1
687,22.900,1780168765,G34,208,251,ok,1
687,22.900,1780168765,G40,94,225,ok,1
687,22.900,1780168765,G6,173,97,ok,0
687,22.900,1780168765,G44,246,104,ok,0
687,22.900,1780168765,G1,221,119,ok,0
687,22.900,1780168765,G50,204,105,ok,0
687,22.900,1780168765,G4,95,80,ok,0
687,22.900,1780168765,G51,111,70,ok,0
687,22.900,1780168765,G48,150,60,ok,0
687,22.900,1780168765,G49,521,503,ok,0
687,22.900,1780168765,D4,57,597,ok,0
687,22.900,1780168765,D1,194,710,ok,1
687,22.900,1780168765,D25,400,816,ok,1
687,22.900,1780168765,D18,69,666,ok,0
687,22.900,1780168765,D2,366,699,ok,1
687,22.900,1780168765,D32,7,753,ok,0
687,22.900,1780168765,D10,223,878,ok,0
687,22.900,1780168765,D11,248,897,ok,0
687,22.900,1780168765,D22,281,895,ok,0
687,22.900,1780168765,D6,207,880,ok,0
687,22.900,1780168765,D27,-15,618,ok,0
687,22.900,1780168765,D24,-1,590,ok,0
687,22.900,1780168765,D39,-1,590,ok,0
687,22.900,1780168765,D40,-15,615,ok,0
687,22.900,1780168765,D36,-13,618,ok,0
687,22.900,1780168765,D37,-17,620,ok,0
687,22.900,1780168765,G9,523,503,interpolated,0
687,22.900,1780168765,G43,522,504,interpolated,0
688,22.933,1780168765,G10,375,260,ok,1
688,22.933,1780168765,G40,95,226,ok,1
688,22.933,1780168765,G34,208,256,ok,1
688,22.933,1780168765,G6,173,97,ok,0
688,22.933,1780168765,G44,247,104,ok,0
688,22.933,1780168765,G1,220,119,ok,0
688,22.933,1780168765,G50,205,105,ok,0
688,22.933,1780168765,G4,95,80,ok,0
688,22.933,1780168765,G51,111,70,ok,0
688,22.933,1780168765,G48,150,60,ok,0
688,22.933,1780168765,G43,522,504,ok,0
688,22.933,1780168765,G49,521,503,ok,0
688,22.933,1780168765,D1,194,710,ok,1
688,22.933,1780168765,D4,57,598,ok,0
688,22.933,1780168765,D18,70,663,ok,0
688,22.933,1780168765,D25,399,820,ok,1
688,22.933,1780168765,D2,366,699,ok,1
688,22.933,1780168765,D32,7,752,ok,0
688,22.933,1780168765,D10,222,877,ok,0
688,22.933,1780168765,D11,248,898,ok,0
688,22.933,1780168765,D22,281,896,ok,0
688,22.933,1780168765,D6,206,880,ok,0
688,22.933,1780168765,D27,-15,618,ok,0
688,22.933,1780168765,D24,-1,590,ok,0
688,22.933,1780168765,D40,-15,616,ok,0
688,22.933,1780168765,D37,-17,620,ok,0
688,22.933,1780168765,D39,0,590,ok,0
688,22.933,1780168765,G9,523,503,interpolated,0
688,22.933,1780168765,D36,-13,618,interpolated,0
689,22.967,1780168765,G10,376,260,ok,1
689,22.967,1780168765,G34,207,255,ok,1
689,22.967,1780168765,G40,94,228,ok,1
689,22.967,1780168765,G6,173,97,ok,0
689,22.967,1780168765,G44,247,103,ok,0
689,22.967,1780168765,G1,220,119,ok,0
689,22.967,1780168765,G50,205,105,ok,0
689,22.967,1780168765,G4,95,80,ok,0
689,22.967,1780168765,G51,110,71,ok,0
689,22.967,1780168765,G48,149,60,ok,0
689,22.967,1780168765,G43,522,504,ok,0
689,22.967,1780168765,D1,194,710,ok,1
689,22.967,1780168765,D4,58,598,ok,0
689,22.967,1780168765,D18,71,660,ok,0
689,22.967,1780168765,D2,366,699,ok,1
689,22.967,1780168765,D25,398,823,ok,1
689,22.967,1780168765,D32,8,749,ok,0
689,22.967,1780168765,D10,221,877,ok,0
689,22.967,1780168765,D11,247,897,ok,0
689,22.967,1780168765,D22,280,897,ok,0
689,22.967,1780168765,D6,206,880,ok,0
689,22.967,1780168765,D27,-14,617,ok,0
689,22.967,1780168765,D24,-1,590,ok,0
689,22.967,1780168765,D36,-13,617,ok,0
689,22.967,1780168765,G9,523,503,interpolated,0
689,22.967,1780168765,D37,-17,620,interpolated,0
689,22.967,1780168765,D39,0,590,interpolated,0
689,22.967,1780168765,D40,-15,616,interpolated,0
689,22.967,1780168765,G49,521,503,interpolated,0
690,23.000,1780168766,G10,376,260,ok,1
690,23.000,1780168766,G34,207,255,ok,1
690,23.000,1780168766,G40,94,230,ok,1
690,23.000,1780168766,G6,173,97,ok,0
690,23.000,1780168766,G44,247,103,ok,0
690,23.000,1780168766,G1,220,119,ok,0
690,23.000,1780168766,G50,205,105,ok,0
690,23.000,1780168766,G4,95,80,ok,0
690,23.000,1780168766,G51,110,70,ok,0
690,23.000,1780168766,G43,521,504,ok,0
690,23.000,1780168766,G48,149,60,ok,0
690,23.000,1780168766,D1,193,711,ok,1
690,23.000,1780168766,D4,58,598,ok,0
690,23.000,1780168766,D18,72,657,ok,0
690,23.000,1780168766,D2,366,699,ok,1
690,23.000,1780168766,D25,399,828,ok,1
690,23.000,1780168766,D32,8,747,ok,0
690,23.000,1780168766,D11,246,898,ok,0
690,23.000,1780168766,D10,220,878,ok,0
690,23.000,1780168766,D6,207,880,ok,0
690,23.000,1780168766,D22,280,898,ok,0
690,23.000,1780168766,D27,-14,617,ok,0
690,23.000,1780168766,D24,-1,590,ok,0
690,23.000,1780168766,G9,523,503,interpolated,0
690,23.000,1780168766,D36,-13,617,interpolated,0
690,23.000,1780168766,D37,-17,620,interpolated,0
690,23.000,1780168766,D39,0,590,interpolated,0
690,23.000,1780168766,D40,-15,616,interpolated,0
690,23.000,1780168766,G49,521,503,interpolated,0
691,23.033,1780168766,G10,376,260,ok,1
691,23.033,1780168766,G40,94,230,ok,1
691,23.033,1780168766,G34,207,255,ok,1
691,23.033,1780168766,G6,173,97,ok,0
691,23.033,1780168766,G44,247,103,ok,0
691,23.033,1780168766,G1,220,119,ok,0
691,23.033,1780168766,G50,205,105,ok,0
691,23.033,1780168766,G4,95,80,ok,0
691,23.033,1780168766,G51,110,70,ok,0
691,23.033,1780168766,G43,521,504,ok,0
691,23.033,1780168766,G48,149,60,ok,0
691,23.033,1780168766,D4,58,598,ok,0
691,23.033,1780168766,D1,193,711,ok,1
691,23.033,1780168766,D18,72,657,ok,0
691,23.033,1780168766,D2,366,699,ok,1
691,23.033,1780168766,D25,399,828,ok,1
691,23.033,1780168766,D32,8,747,ok,0
691,23.033,1780168766,D11,246,898,ok,0
691,23.033,1780168766,D10,220,878,ok,0
691,23.033,1780168766,D6,207,880,ok,0
691,23.033,1780168766,D22,280,898,ok,0
691,23.033,1780168766,D27,-14,617,ok,0
691,23.033,1780168766,D24,-1,591,ok,0
691,23.033,1780168766,G9,523,503,interpolated,0
691,23.033,1780168766,D36,-13,617,interpolated,0
691,23.033,1780168766,D37,-17,620,interpolated,0
691,23.033,1780168766,D39,0,590,interpolated,0
691,23.033,1780168766,D40,-15,616,interpolated,0
691,23.033,1780168766,G49,521,503,interpolated,0
692,23.067,1780168766,G40,94,232,ok,1
692,23.067,1780168766,G10,377,261,ok,1
692,23.067,1780168766,G34,207,255,ok,1
692,23.067,1780168766,G6,173,98,ok,0
692,23.067,1780168766,G44,247,103,ok,0
692,23.067,1780168766,G1,220,119,ok,0
692,23.067,1780168766,G50,205,105,ok,0
692,23.067,1780168766,G4,95,80,ok,0
692,23.067,1780168766,G51,110,70,ok,0
692,23.067,1780168766,G48,149,60,ok,0
692,23.067,1780168766,G43,522,504,ok,0
692,23.067,1780168766,D4,59,598,ok,0
692,23.067,1780168766,D1,192,711,ok,1
692,23.067,1780168766,D18,72,656,ok,0
692,23.067,1780168766,D2,366,699,ok,1
692,23.067,1780168766,D32,8,747,ok,0
692,23.067,1780168766,D25,398,829,ok,1
692,23.067,1780168766,D11,246,898,ok,0
692,23.067,1780168766,D10,220,878,ok,0
692,23.067,1780168766,D22,280,898,ok,0
692,23.067,1780168766,D6,207,879,ok,0
692,23.067,1780168766,D27,-14,617,ok,0
692,23.067,1780168766,D24,-1,590,ok,0
692,23.067,1780168766,D36,-13,617,ok,0
692,23.067,1780168766,G9,523,503,interpolated,0
692,23.067,1780168766,D37,-17,620,interpolated,0
692,23.067,1780168766,D39,0,590,interpolated,0
692,23.067,1780168766,D40,-15,616,interpolated,0
692,23.067,1780168766,G49,521,503,interpolated,0
693,23.100,1780168766,G40,92,231,ok,1
693,23.100,1780168766,G10,378,261,ok,1
693,23.100,1780168766,G34,208,258,ok,1
693,23.100,1780168766,G6,173,98,ok,0
693,23.100,1780168766,G44,247,103,ok,0
693,23.100,1780168766,G1,219,119,ok,0
693,23.100,1780168766,G50,205,105,ok,0
693,23.100,1780168766,G4,95,80,ok,0
693,23.100,1780168766,G51,109,69,ok,0
693,23.100,1780168766,G48,149,60,ok,0
693,23.100,1780168766,G43,522,504,ok,0
693,23.100,1780168766,G9,522,502,ok,0
693,23.100,1780168766,D4,59,598,ok,0
693,23.100,1780168766,D1,192,711,ok,1
693,23.100,1780168766,D18,72,656,ok,0
693,23.100,1780168766,D2,366,699,ok,1
693,23.100,1780168766,D32,8,747,ok,0
693,23.100,1780168766,D25,397,828,ok,1
693,23.100,1780168766,D11,247,897,ok,0
693,23.100,1780168766,D10,220,877,ok,0
693,23.100,1780168766,D22,279,899,ok,0
693,23.100,1780168766,D6,207,879,ok,0
693,23.100,1780168766,D27,-14,617,ok,0
693,23.100,1780168766,D24,-1,590,ok,0
693,23.100,1780168766,D36,-13,617,interpolated,0
693,23.100,1780168766,D37,-17,620,interpolated,0
693,23.100,1780168766,D39,0,590,interpolated,0
693,23.100,1780168766,D40,-15,616,interpolated,0
693,23.100,1780168766,G49,521,503,interpolated,0
694,23.133,1780168766,G40,91,231,ok,1
694,23.133,1780168766,G10,378,261,ok,1
694,23.133,1780168766,G6,173,98,ok,0
694,23.133,1780168766,G34,209,262,ok,1
694,23.133,1780168766,G44,247,103,ok,0
694,23.133,1780168766,G1,219,119,ok,0
694,23.133,1780168766,G50,205,105,ok,0
694,23.133,1780168766,G4,95,80,ok,0
694,23.133,1780168766,G51,109,69,ok,0
694,23.133,1780168766,G48,148,60,ok,0
694,23.133,1780168766,G43,522,504,ok,0
694,23.133,1780168766,G49,521,503,ok,0
694,23.133,1780168766,D4,59,598,ok,0
694,23.133,1780168766,D1,192,710,ok,1
694,23.133,1780168766,D18,72,656,ok,0
694,23.133,1780168766,D2,366,699,ok,1
694,23.133,1780168766,D25,395,828,ok,1
694,23.133,1780168766,D11,247,897,ok,0
694,23.133,1780168766,D32,7,747,ok,0
694,23.133,1780168766,D10,219,878,ok,0
694,23.133,1780168766,D22,278,899,ok,0
694,23.133,1780168766,D6,207,879,ok,0
694,23.133,1780168766,D27,-14,617,ok,0
694,23.133,1780168766,D24,-1,590,ok,0
694,23.133,1780168766,G9,522,502,interpolated,0
694,23.133,1780168766,D36,-13,617,interpolated,0
694,23.133,1780168766,D37,-17,620,interpolated,0
694,23.133,1780168766,D39,0,590,interpolated,0
694,23.133,1780168766,D40,-15,616,interpolated,0
695,23.167,1780168766,G10,379,261,ok,1
695,23.167,1780168766,G6,173,98,ok,0
695,23.167,1780168766,G34,209,268,ok,1
695,23.167,1780168766,G40,90,231,ok,1
695,23.167,1780168766,G44,248,103,ok,0
695,23.167,1780168766,G1,219,119,ok,0
695,23.167,1780168766,G50,205,105,ok,0
695,23.167,1780168766,G51,108,68,ok,0
695,23.167,1780168766,G4,95,80,ok,0
695,23.167,1780168766,G43,521,504,ok,0
695,23.167,1780168766,G48,148,60,ok,0
695,23.167,1780168766,D4,60,598,ok,0
695,23.167,1780168766,D1,192,711,ok,1
695,23.167,1780168766,D18,72,655,ok,0
695,23.167,1780168766,D2,366,699,ok,1
695,23.167,1780168766,D25,393,828,ok,1
695,23.167,1780168766,D11,247,897,ok,0
695,23.167,1780168766,D32,6,747,ok,0
695,23.167,1780168766,D10,219,878,ok,0
695,23.167,1780168766,D22,277,900,ok,0
695,23.167,1780168766,D6,207,879,ok,0
695,23.167,1780168766,D27,-14,617,ok,0
695,23.167,1780168766,D24,-1,590,ok,0
695,23.167,1780168766,G9,522,502,interpolated,0
695,23.167,1780168766,D36,-13,617,interpolated,0
695,23.167,1780168766,D37,-17,620,interpolated,0
695,23.167,1780168766,D39,0,590,interpolated,0
695,23.167,1780168766,D40,-15,616,interpolated,0
695,23.167,1780168766,G49,521,503,interpolated,0
696,23.200,1780168766,G34,209,271,ok,1
696,23.200,1780168766,G10,379,263,ok,1
696,23.200,1780168766,G6,173,97,ok,0
696,23.200,1780168766,G40,89,232,ok,1
696,23.200,1780168766,G44,248,103,ok,0
696,23.200,1780168766,G1,219,119,ok,0
696,23.200,1780168766,G50,205,105,ok,0
696,23.200,1780168766,G51,107,68,ok,0
696,23.200,1780168766,G4,95,80,ok,0
696,23.200,1780168766,G43,522,504,ok,0
696,23.200,1780168766,G9,522,502,ok,0
696,23.200,1780168766,G49,522,503,ok,0
696,23.200,1780168766,D4,60,598,ok,0
696,23.200,1780168766,D1,193,710,ok,1
696,23.200,1780168766,D18,72,655,ok,0
696,23.200,1780168766,D2,366,699,ok,1
696,23.200,1780168766,D32,5,747,ok,0
696,23.200,1780168766,D25,391,828,ok,1
696,23.200,1780168766,D11,246,898,ok,0
696,23.200,1780168766,D10,218,878,ok,0
696,23.200,1780168766,D22,277,899,ok,0
696,23.200,1780168766,D6,206,879,ok,0
696,23.200,1780168766,D27,-14,617,ok,0
696,23.200,1780168766,D39,0,590,ok,0
696,23.200,1780168766,D24,-1,590,interpolated,0
696,23.200,1780168766,G48,148,60,interpolated,0
696,23.200,1780168766,D36,-13,617,interpolated,0
696,23.200,1780168766,D37,-17,620,interpolated,0
696,23.200,1780168766,D40,-15,616,interpolated,0
697,23.233,1780168766,G10,379,263,ok,1
697,23.233,1780168766,G34,209,271,ok,1
697,23.233,1780168766,G6,173,97,ok,0
697,23.233,1780168766,G40,89,232,ok,1
697,23.233,1780168766,G44,248,103,ok,0
697,23.233,1780168766,G1,219,119,ok,0
697,23.233,1780168766,G50,205,105,ok,0
697,23.233,1780168766,G4,95,80,ok,0
697,23.233,1780168766,G51,107,68,ok,0
697,23.233,1780168766,G43,522,504,ok,0
697,23.233,1780168766,G9,522,502,ok,0
697,23.233,1780168766,G49,522,503,ok,0
697,23.233,1780168766,G52,523,503,ok,0
697,23.233,1780168766,D4,60,598,ok,0
697,23.233,1780168766,D1,193,711,ok,1
697,23.233,1780168766,D18,72,655,ok,0
697,23.233,1780168766,D2,366,699,ok,1
697,23.233,1780168766,D32,5,747,ok,0
697,23.233,1780168766,D25,391,828,ok,1
697,23.233,1780168766,D11,246,898,ok,0
697,23.233,1780168766,D10,218,878,ok,0
697,23.233,1780168766,D22,277,899,ok,0
697,23.233,1780168766,D6,207,879,ok,0
697,23.233,1780168766,D27,-14,617,ok,0
697,23.233,1780168766,D39,0,590,ok,0
697,23.233,1780168766,D24,-1,590,interpolated,0
697,23.233,1780168766,G48,148,60,interpolated,0
697,23.233,1780168766,D36,-13,617,interpolated,0
697,23.233,1780168766,D37,-17,620,interpolated,0
697,23.233,1780168766,D40,-15,616,interpolated,0
698,23.267,1780168766,G10,379,268,ok,1
698,23.267,1780168766,G6,173,97,ok,0
698,23.267,1780168766,G40,88,233,ok,1
698,23.267,1780168766,G34,209,273,ok,1
698,23.267,1780168766,G44,248,103,ok,0
698,23.267,1780168766,G1,219,119,ok,0
698,23.267,1780168766,G50,204,105,ok,0
698,23.267,1780168766,G4,95,80,ok,0
698,23.267,1780168766,G43,522,504,ok,0
698,23.267,1780168766,G51,107,68,ok,0
698,23.267,1780168766,G49,522,503,ok,0
698,23.267,1780168766,D4,60,599,ok,0
698,23.267,1780168766,D1,193,710,ok,1
698,23.267,1780168766,D18,72,655,ok,0
698,23.267,1780168766,D2,366,699,ok,1
698,23.267,1780168766,D25,389,828,ok,1
698,23.267,1780168766,D32,5,746,ok,0
698,23.267,1780168766,D11,245,897,ok,0
698,23.267,1780168766,D22,276,898,ok,0
698,23.267,1780168766,D10,217,878,ok,0
698,23.267,1780168766,D27,-14,617,ok,0
698,23.267,1780168766,D6,206,879,ok,0
698,23.267,1780168766,D24,-1,590,ok,0
698,23.267,1780168766,G9,522,502,interpolated,0
698,23.267,1780168766,G48,148,60,interpolated,0
698,23.267,1780168766,D36,-13,617,interpolated,0
698,23.267,1780168766,D37,-17,620,interpolated,0
698,23.267,1780168766,D39,0,590,interpolated,0
698,23.267,1780168766,D40,-15,616,interpolated,0
698,23.267,1780168766,G52,523,503,interpolated,0
699,23.300,1780168766,G10,379,270,ok,1
699,23.300,1780168766,G6,173,97,ok,0
699,23.300,1780168766,G40,87,232,ok,1
699,23.300,1780168766,G34,210,276,ok,1
699,23.300,1780168766,G44,248,103,ok,0
699,23.300,1780168766,G1,219,119,ok,0
699,23.300,1780168766,G50,204,105,ok,0
699,23.300,1780168766,G4,95,80,ok,0
699,23.300,1780168766,G49,521,504,ok,0
699,23.300,1780168766,G43,522,504,ok,0
699,23.300,1780168766,D4,60,599,ok,0
699,23.300,1780168766,D1,193,709,ok,1
699,23.300,1780168766,D18,72,655,ok,0
699,23.300,1780168766,D2,366,699,ok,1
699,23.300,1780168766,D25,388,828,ok,1
699,23.300,1780168766,D11,245,898,ok,0
699,23.300,1780168766,D32,3,746,ok,0
699,23.300,1780168766,D22,276,898,ok,0
699,23.300,1780168766,D10,218,877,ok,0
699,23.300,1780168766,D6,205,881,ok,0
699,23.300,1780168766,D27,-14,617,ok,0
699,23.300,1780168766,D24,-1,590,ok,0
699,23.300,1780168766,D40,-15,616,ok,0
699,23.300,1780168766,D36,-13,617,ok,0
699,23.300,1780168766,G9,522,502,interpolated,0
699,23.300,1780168766,G48,148,60,interpolated,0
699,23.300,1780168766,G51,107,68,interpolated,0
699,23.300,1780168766,D39,0,590,interpolated,0
699,23.300,1780168766,G52,523,503,interpolated,0
700,23.333,1780168766,G10,379,271,ok,1
700,23.333,1780168766,G40,87,235,ok,1
700,23.333,1780168766,G34,210,277,ok,1
700,23.333,1780168766,G6,173,97,ok,0
700,23.333,1780168766,G44,249,103,ok,0
700,23.333,1780168766,G1,219,119,ok,0
700,23.333,1780168766,G50,205,105,ok,0
700,23.333,1780168766,G4,95,80,ok,0
700,23.333,1780168766,G51,105,68,ok,0
700,23.333,1780168766,G9,522,502,ok,0
700,23.333,1780168766,G52,523,503,ok,0
700,23.333,1780168766,G43,522,503,ok,0
700,23.333,1780168766,G49,522,503,ok,0
700,23.333,1780168766,D4,59,601,ok,0
700,23.333,1780168766,D1,192,708,ok,1
700,23.333,1780168766,D18,72,654,ok,0
700,23.333,1780168766,D2,366,699,ok,1
700,23.333,1780168766,D25,387,828,ok,1
700,23.333,1780168766,D11,245,898,ok,0
700,23.333,1780168766,D32,4,743,ok,0
700,23.333,1780168766,D22,276,898,ok,0
700,23.333,1780168766,D10,217,879,ok,0
700,23.333,1780168766,D27,-14,617,ok,0
700,23.333,1780168766,D6,205,883,ok,0
700,23.333,1780168766,D24,-1,590,ok,0
700,23.333,1780168766,D36,-13,617,ok,0
700,23.333,1780168766,G48,148,60,interpolated,0
700,23.333,1780168766,D39,0,590,interpolated,0
700,23.333,1780168766,D40,-15,616,interpolated,0
701,23.367,1780168766,G40,88,240,ok,1
701,23.367,1780168766,G10,379,271,ok,1
701,23.367,1780168766,G6,173,97,ok,0
701,23.367,1780168766,G34,210,278,ok,1
701,23.367,1780168766,G44,249,103,ok,0
701,23.367,1780168766,G1,219,119,ok,0
701,23.367,1780168766,G50,205,105,ok,0
701,23.367,1780168766,G4,95,80,ok,0
701,23.367,1780168766,G52,523,503,ok,0
701,23.367,1780168766,G51,105,68,ok,0
701,23.367,1780168766,G43,522,503,ok,0
701,23.367,1780168766,D4,59,603,ok,0
701,23.367,1780168766,D1,193,707,ok,1
701,23.367,1780168766,D18,73,654,ok,0
701,23.367,1780168766,D2,366,699,ok,1
701,23.367,1780168766,D25,387,829,ok,1
701,23.367,1780168766,D11,244,898,ok,0
701,23.367,1780168766,D22,276,898,ok,0
701,23.367,1780168766,D32,5,739,ok,0
701,23.367,1780168766,D10,215,877,ok,0
701,23.367,1780168766,D27,-14,617,ok,0
701,23.367,1780168766,D24,-1,590,ok,0
701,23.367,1780168766,D6,204,884,ok,0
701,23.367,1780168766,D40,-14,615,ok,0
701,23.367,1780168766,G9,522,502,interpolated,0
701,23.367,1780168766,G48,148,60,interpolated,0
701,23.367,1780168766,D36,-13,617,interpolated,0
701,23.367,1780168766,D39,0,590,interpolated,0
701,23.367,1780168766,G49,522,503,interpolated,0
702,23.400,1780168766,G40,88,242,ok,1
702,23.400,1780168766,G10,378,271,ok,1
702,23.400,1780168766,G34,209,278,ok,1
702,23.400,1780168766,G6,173,97,ok,0
702,23.400,1780168766,G44,249,103,ok,0
702,23.400,1780168766,G1,219,119,ok,0
702,23.400,1780168766,G50,204,105,ok,0
702,23.400,1780168766,G4,95,80,ok,0
702,23.400,1780168766,G51,103,67,ok,0
702,23.400,1780168766,G43,522,504,ok,0
702,23.400,1780168766,D4,59,604,ok,0
702,23.400,1780168766,D1,193,706,ok,1
702,23.400,1780168766,D18,73,654,ok,0
702,23.400,1780168766,D2,366,699,ok,1
702,23.400,1780168766,D25,387,830,ok,1
702,23.400,1780168766,D32,5,738,ok,0
702,23.400,1780168766,D11,244,899,ok,0
702,23.400,1780168766,D22,276,898,ok,0
702,23.400,1780168766,D10,215,877,ok,0
702,23.400,1780168766,D27,-14,616,ok,0
702,23.400,1780168766,D24,-1,591,ok,0
702,23.400,1780168766,D39,0,590,ok,0
702,23.400,1780168766,D6,204,886,ok,0
702,23.400,1780168766,D37,-17,619,ok,0
702,23.400,1780168766,G9,522,502,interpolated,0
702,23.400,1780168766,G48,148,60,interpolated,0
702,23.400,1780168766,D36,-13,617,interpolated,0
702,23.400,1780168766,D40,-14,615,interpolated,0
702,23.400,1780168766,G49,522,503,interpolated,0
702,23.400,1780168766,G52,523,503,interpolated,0
703,23.433,1780168766,G40,88,243,ok,1
703,23.433,1780168766,G10,378,271,ok,1
703,23.433,1780168766,G34,209,278,ok,1
703,23.433,1780168766,G6,173,97,ok,0
703,23.433,1780168766,G44,249,103,ok,0
703,23.433,1780168766,G1,219,119,ok,0
703,23.433,1780168766,G50,204,105,ok,0
703,23.433,1780168766,G4,95,80,ok,0
703,23.433,1780168766,G51,103,67,ok,0
703,23.433,1780168766,G49,522,503,ok,0
703,23.433,1780168766,D4,59,604,ok,0
703,23.433,1780168766,D1,193,706,ok,1
703,23.433,1780168766,D18,73,654,ok,0
703,23.433,1780168766,D2,366,699,ok,1
703,23.433,1780168766,D25,387,830,ok,1
703,23.433,1780168766,D32,5,738,ok,0
703,23.433,1780168766,D11,244,899,ok,0
703,23.433,1780168766,D22,276,898,ok,0
703,23.433,1780168766,D10,215,877,ok,0
703,23.433,1780168766,D27,-14,617,ok,0
703,23.433,1780168766,D24,-1,591,ok,0
703,23.433,1780168766,D39,-1,590,ok,0
703,23.433,1780168766,D37,-17,619,ok,0
703,23.433,1780168766,D40,-15,616,ok,0
703,23.433,1780168766,G9,522,502,interpolated,0
703,23.433,1780168766,D6,204,886,interpolated,0
703,23.433,1780168766,G43,522,504,interpolated,0
703,23.433,1780168766,G48,148,60,interpolated,0
703,23.433,1780168766,D36,-13,617,interpolated,0
703,23.433,1780168766,G52,523,503,interpolated,0
704,23.467,1780168766,G40,88,245,ok,1
704,23.467,1780168766,G10,378,271,ok,1
704,23.467,1780168766,G34,209,279,ok,1
704,23.467,1780168766,G6,173,97,ok,0
704,23.467,1780168766,G44,249,103,ok,0
704,23.467,1780168766,G1,219,119,ok,0
704,23.467,1780168766,G50,204,105,ok,0
704,23.467,1780168766,G4,95,80,ok,0
704,23.467,1780168766,G51,103,66,ok,0
704,23.467,1780168766,G49,522,503,ok,0
704,23.467,1780168766,D4,58,606,ok,0
704,23.467,1780168766,D1,193,704,ok,1
704,23.467,1780168766,D18,74,654,ok,0
704,23.467,1780168766,D2,366,699,ok,1
704,23.467,1780168766,D25,387,832,ok,1
704,23.467,1780168766,D32,6,737,ok,0
704,23.467,1780168766,D11,243,899,ok,0
704,23.467,1780168766,D22,276,898,ok,0
704,23.467,1780168766,D10,215,876,ok,0
704,23.467,1780168766,D27,-14,616,ok,0
704,23.467,1780168766,D24,-1,591,ok,0
704,23.467,1780168766,D37,-17,619,ok,0
704,23.467,1780168766,G9,522,502,interpolated,0
704,23.467,1780168766,D6,204,886,interpolated,0
704,23.467,1780168766,G43,522,504,interpolated,0
704,23.467,1780168766,G48,148,60,interpolated,0
704,23.467,1780168766,D36,-13,617,interpolated,0
704,23.467,1780168766,D39,-1,590,interpolated,0
704,23.467,1780168766,D40,-15,616,interpolated,0
704,23.467,1780168766,G52,523,503,interpolated,0
705,23.500,1780168766,G40,88,247,ok,1
705,23.500,1780168766,G10,378,271,ok,1
705,23.500,1780168766,G34,209,278,ok,1
705,23.500,1780168766,G6,173,97,ok,0
705,23.500,1780168766,G44,249,103,ok,0
705,23.500,1780168766,G1,219,119,ok,0
705,23.500,1780168766,G50,204,105,ok,0
705,23.500,1780168766,G4,95,80,ok,0
705,23.500,1780168766,G51,103,67,ok,0
705,23.500,1780168766,G52,523,503,ok,0
705,23.500,1780168766,D1,193,704,ok,1
705,23.500,1780168766,D4,57,610,ok,0
705,23.500,1780168766,D18,74,654,ok,0
705,23.500,1780168766,D2,365,699,ok,1
705,23.500,1780168766,D32,6,734,ok,0
705,23.500,1780168766,D11,243,899,ok,0
705,23.500,1780168766,D25,386,835,ok,1
705,23.500,1780168766,D22,276,898,ok,0
705,23.500,1780168766,D10,215,877,ok,0
705,23.500,1780168766,D24,-1,591,ok,0
705,23.500,1780168766,D27,-14,616,ok,0
705,23.500,1780168766,D39,-1,590,ok,0
705,23.500,1780168766,D6,202,888,ok,0
705,23.500,1780168766,D37,-17,619,ok,0
705,23.500,1780168766,G9,522,502,interpolated,0
705,23.500,1780168766,G43,522,504,interpolated,0
705,23.500,1780168766,G48,148,60,interpolated,0
705,23.500,1780168766,D36,-13,617,interpolated,0
705,23.500,1780168766,D40,-15,616,interpolated,0
705,23.500,1780168766,G49,522,503,interpolated,0
706,23.533,1780168766,G40,88,248,ok,1
706,23.533,1780168766,G10,378,271,ok,1
706,23.533,1780168766,G34,209,278,ok,1
706,23.533,1780168766,G6,173,97,ok,0
706,23.533,1780168766,G44,248,103,ok,0
706,23.533,1780168766,G1,219,119,ok,0
706,23.533,1780168766,G50,204,105,ok,0
706,23.533,1780168766,G4,95,80,ok,0
706,23.533,1780168766,G51,102,67,ok,0
706,23.533,1780168766,D1,194,703,ok,1
706,23.533,1780168766,D4,56,611,ok,0
706,23.533,1780168766,D18,74,654,ok,0
706,23.533,1780168766,D2,365,699,ok,1
706,23.533,1780168766,D32,7,732,ok,0
706,23.533,1780168766,D11,242,899,ok,0
706,23.533,1780168766,D25,386,839,ok,1
706,23.533,1780168766,D22,276,898,ok,0
706,23.533,1780168766,D10,214,878,ok,0
706,23.533,1780168766,D24,-1,591,ok,0
706,23.533,1780168766,D27,-14,616,ok,0
706,23.533,1780168766,D6,202,890,ok,0
706,23.533,1780168766,D37,-17,619,ok,0
706,23.533,1780168766,G9,522,502,interpolated,0
706,23.533,1780168766,G43,522,504,interpolated,0
706,23.533,1780168766,D36,-13,617,interpolated,0
706,23.533,1780168766,D39,-1,590,interpolated,0
706,23.533,1780168766,D40,-15,616,interpolated,0
706,23.533,1780168766,G49,522,503,interpolated,0
706,23.533,1780168766,G52,523,503,interpolated,0
707,23.567,1780168766,G40,88,250,ok,1
707,23.567,1780168766,G10,379,271,ok,1
707,23.567,1780168766,G34,209,278,ok,1
707,23.567,1780168766,G6,173,97,ok,0
707,23.567,1780168766,G44,248,102,ok,0
707,23.567,1780168766,G1,218,119,ok,0
707,23.567,1780168766,G50,204,105,ok,0
707,23.567,1780168766,G4,95,80,ok,0
707,23.567,1780168766,D1,194,703,ok,1
707,23.567,1780168766,D4,56,613,ok,0
707,23.567,1780168766,D18,74,654,ok,0
707,23.567,1780168766,D2,365,699,ok,1
707,23.567,1780168766,D32,7,731,ok,0
707,23.567,1780168766,D11,242,900,ok,0
707,23.567,1780168766,D22,276,898,ok,0
707,23.567,1780168766,D10,213,877,ok,0
707,23.567,1780168766,D25,385,841,ok,1
707,23.567,1780168766,D27,-14,616,ok,0
707,23.567,1780168766,D24,-1,591,ok,0
707,23.567,1780168766,D37,-17,619,ok,0
707,23.567,1780168766,D40,-14,616,ok,0
707,23.567,1780168766,G9,522,502,interpolated,0
707,23.567,1780168766,D6,202,890,interpolated,0
707,23.567,1780168766,G43,522,504,interpolated,0
707,23.567,1780168766,D36,-13,617,interpolated,0
707,23.567,1780168766,G51,102,67,interpolated,0
707,23.567,1780168766,D39,-1,590,interpolated,0
707,23.567,1780168766,G49,522,503,interpolated,0
707,23.567,1780168766,G52,523,503,interpolated,0
708,23.600,1780168766,G40,88,253,ok,1
708,23.600,1780168766,G34,210,278,ok,1
708,23.600,1780168766,G10,379,272,ok,1
708,23.600,1780168766,G6,173,97,ok,0
708,23.600,1780168766,G44,248,102,ok,0
708,23.600,1780168766,G1,219,119,ok,0
708,23.600,1780168766,G50,204,105,ok,0
708,23.600,1780168766,G49,522,503,ok,0
708,23.600,1780168766,D1,195,703,ok,1
708,23.600,1780168766,D4,56,614,ok,0
708,23.600,1780168766,D18,74,655,ok,0
708,23.600,1780168766,D2,366,699,ok,1
708,23.600,1780168766,D32,7,730,ok,0
708,23.600,1780168766,D11,241,900,ok,0
708,23.600,1780168766,D25,384,841,ok,1
708,23.600,1780168766,D10,213,877,ok,0
708,23.600,1780168766,D22,276,898,ok,0
708,23.600,1780168766,D27,-14,616,ok,0
708,23.600,1780168766,D24,-1,591,ok,0
708,23.600,1780168766,D39,0,590,ok,0
708,23.600,1780168766,D37,-18,620,ok,0
708,23.600,1780168766,G9,522,502,interpolated,0
708,23.600,1780168766,D6,202,890,interpolated,0
708,23.600,1780168766,G4,95,80,interpolated,0
708,23.600,1780168766,G43,522,504,interpolated,0
708,23.600,1780168766,D36,-13,617,interpolated,0
708,23.600,1780168766,G51,102,67,interpolated,0
708,23.600,1780168766,D40,-14,616,interpolated,0
708,23.600,1780168766,G52,523,503,interpolated,0
709,23.633,1780168766,G40,88,253,ok,1
709,23.633,1780168766,G34,210,278,ok,1
709,23.633,1780168766,G10,379,272,ok,1
709,23.633,1780168766,G6,173,97,ok,0
709,23.633,1780168766,G44,248,102,ok,0
709,23.633,1780168766,G1,219,119,ok,0
709,23.633,1780168766,G50,204,105,ok,0
709,23.633,1780168766,G49,522,503,ok,0
709,23.633,1780168766,D1,195,703,ok,1
709,23.633,1780168766,D4,56,614,ok,0
709,23.633,1780168766,D18,74,655,ok,0
709,23.633,1780168766,D2,366,699,ok,1
709,23.633,1780168766,D32,7,730,ok,0
709,23.633,1780168766,D11,241,900,ok,0
709,23.633,1780168766,D25,384,841,ok,1
709,23.633,1780168766,D10,213,877,ok,0
709,23.633,1780168766,D22,276,899,ok,0
709,23.633,1780168766,D27,-14,617,ok,0
709,23.633,1780168766,D24,-1,591,ok,0
709,23.633,1780168766,D39,0,590,ok,0
709,23.633,1780168766,D37,-18,620,ok,0
709,23.633,1780168766,G9,522,502,interpolated,0
709,23.633,1780168766,D6,202,890,interpolated,0
709,23.633,1780168766,G4,95,80,interpolated,0
709,23.633,1780168766,G43,522,504,interpolated,0
709,23.633,1780168766,D36,-13,617,interpolated,0
709,23.633,1780168766,G51,102,67,interpolated,0
709,23.633,1780168766,D40,-14,616,interpolated,0
709,23.633,1780168766,G52,523,503,interpolated,0
710,23.667,1780168766,G34,211,279,ok,1
710,23.667,1780168766,G40,88,254,ok,1
710,23.667,1780168766,G10,379,276,ok,1
710,23.667,1780168766,G6,173,97,ok,0
710,23.667,1780168766,G44,248,102,ok,0
710,23.667,1780168766,G1,218,119,ok,0
710,23.667,1780168766,G50,204,105,ok,0
710,23.667,1780168766,G51,72,73,ok,0
710,23.667,1780168766,G49,522,503,ok,0
710,23.667,1780168766,G4,94,80,ok,0
710,23.667,1780168766,D4,56,613,ok,0
710,23.667,1780168766,D1,195,703,ok,1
710,23.667,1780168766,D18,74,655,ok,0
710,23.667,1780168766,D2,366,699,ok,1
710,23.667,1780168766,D11,241,900,ok,0
710,23.667,1780168766,D32,7,730,ok,0
710,23.667,1780168766,D10,212,878,ok,0
710,23.667,1780168766,D22,276,899,ok,0
710,23.667,1780168766,D25,383,841,ok,1
710,23.667,1780168766,D27,-14,617,ok,0
710,23.667,1780168766,D24,-1,591,ok,0
710,23.667,1780168766,D39,0,590,ok,0
710,23.667,1780168766,D37,-18,620,ok,0
710,23.667,1780168766,G9,522,502,interpolated,0
710,23.667,1780168766,D6,202,890,interpolated,0
710,23.667,1780168766,G43,522,504,interpolated,0
710,23.667,1780168766,D36,-13,617,interpolated,0
710,23.667,1780168766,D40,-14,616,interpolated,0
710,23.667,1780168766,G52,523,503,interpolated,0
711,23.700,1780168766,G34,210,281,ok,1
711,23.700,1780168766,G40,86,254,ok,1
711,23.700,1780168766,G10,378,280,ok,1
711,23.700,1780168766,G6,173,97,ok,0
711,23.700,1780168766,G44,248,102,ok,0
711,23.700,1780168766,G1,218,119,ok,0
711,23.700,1780168766,G50,204,105,ok,0
711,23.700,1780168766,G51,72,74,ok,0
711,23.700,1780168766,G4,95,80,ok,0
711,23.700,1780168766,D4,56,614,ok,0
711,23.700,1780168766,D1,195,703,ok,1
711,23.700,1780168766,D2,366,699,ok,1
711,23.700,1780168766,D18,74,655,ok,0
711,23.700,1780168766,D32,6,730,ok,0
711,23.700,1780168766,D25,382,842,ok,1
711,23.700,1780168766,D11,240,900,ok,0
711,23.700,1780168766,D10,212,877,ok,0
711,23.700,1780168766,D22,276,898,ok,0
711,23.700,1780168766,D27,-14,617,ok,0
711,23.700,1780168766,D24,-1,591,ok,0
711,23.700,1780168766,D39,0,590,ok,0
711,23.700,1780168766,D37,-18,620,ok,0
711,23.700,1780168766,D6,199,896,ok,0
711,23.700,1780168766,G43,522,504,interpolated,0
711,23.700,1780168766,D40,-14,616,interpolated,0
711,23.700,1780168766,G49,522,503,interpolated,0
711,23.700,1780168766,G52,523,503,interpolated,0
712,23.733,1780168766,G34,210,283,ok,1
712,23.733,1780168766,G40,86,254,ok,1
712,23.733,1780168766,G10,378,283,ok,1
712,23.733,1780168766,G6,173,97,ok,0
712,23.733,1780168766,G44,248,102,ok,0
712,23.733,1780168766,G1,219,119,ok,0
712,23.733,1780168766,G50,204,105,ok,0
712,23.733,1780168766,G4,94,80,ok,0
712,23.733,1780168766,G51,72,74,ok,0
712,23.733,1780168766,D4,56,614,ok,0
712,23.733,1780168766,D1,195,703,ok,1
712,23.733,1780168766,D2,366,699,ok,1
712,23.733,1780168766,D18,74,655,ok,0
712,23.733,1780168766,D32,5,730,ok,0
712,23.733,1780168766,D25,380,842,ok,1
712,23.733,1780168766,D11,240,900,ok,0
712,23.733,1780168766,D10,211,877,ok,0
712,23.733,1780168766,D22,276,900,ok,0
712,23.733,1780168766,D24,-1,591,ok,0
712,23.733,1780168766,D27,-14,617,ok,0
712,23.733,1780168766,D6,198,894,ok,0
712,23.733,1780168766,D39,-1,590,ok,0
712,23.733,1780168766,D37,-18,620,ok,0
712,23.733,1780168766,G43,522,504,interpolated,0
712,23.733,1780168766,D40,-14,616,interpolated,0
712,23.733,1780168766,G49,522,503,interpolated,0
712,23.733,1780168766,G52,523,503,interpolated,0
713,23.767,1780168766,G34,208,284,ok,1
713,23.767,1780168766,G40,85,254,ok,1
713,23.767,1780168766,G10,377,284,ok,1
713,23.767,1780168766,G6,173,97,ok,0
713,23.767,1780168766,G44,248,102,ok,0
713,23.767,1780168766,G1,219,119,ok,0
713,23.767,1780168766,G50,204,105,ok,0
713,23.767,1780168766,G4,95,80,ok,0
713,23.767,1780168766,G51,72,74,ok,0
713,23.767,1780168766,G49,522,503,ok,0
713,23.767,1780168766,D4,56,614,ok,0
713,23.767,1780168766,D1,195,703,ok,1
713,23.767,1780168766,D2,366,699,ok,1
713,23.767,1780168766,D18,74,655,ok,0
713,23.767,1780168766,D25,378,841,ok,1
713,23.767,1780168766,D32,5,730,ok,0
713,23.767,1780168766,D10,211,877,ok,0
713,23.767,1780168766,D22,276,901,ok,0
713,23.767,1780168766,D11,240,901,ok,0
713,23.767,1780168766,D24,-1,591,ok,0
713,23.767,1780168766,D6,198,897,ok,0
713,23.767,1780168766,D27,-14,617,ok,0
713,23.767,1780168766,D39,0,590,ok,0
713,23.767,1780168766,D37,-18,620,ok,0
713,23.767,1780168766,D40,-14,616,interpolated,0
713,23.767,1780168766,G52,523,503,interpolated,0
714,23.800,1780168766,G34,208,284,ok,1
714,23.800,1780168766,G40,83,254,ok,1
714,23.800,1780168766,G10,377,284,ok,1
714,23.800,1780168766,G6,173,97,ok,0
714,23.800,1780168766,G1,219,119,ok,0
714,23.800,1780168766,G44,249,102,ok,0
714,23.800,1780168766,G50,204,105,ok,0
714,23.800,1780168766,G4,95,80,ok,0
714,23.800,1780168766,G51,72,74,ok,0
714,23.800,1780168766,G9,136,58,ok,0
714,23.800,1780168766,G49,522,503,ok,0
714,23.800,1780168766,D1,195,703,ok,1
714,23.800,1780168766,D4,56,614,ok,0
714,23.800,1780168766,D2,366,699,ok,1
714,23.800,1780168766,D18,74,655,ok,0
714,23.800,1780168766,D32,5,730,ok,0
714,23.800,1780168766,D25,377,841,ok,1
714,23.800,1780168766,D22,276,902,ok,0
714,23.800,1780168766,D10,210,877,ok,0
714,23.800,1780168766,D11,239,902,ok,0
714,23.800,1780168766,D24,-1,591,ok,0
714,23.800,1780168766,D6,198,897,ok,0
714,23.800,1780168766,D27,-14,617,ok,0
714,23.800,1780168766,D39,-1,590,ok,0
714,23.800,1780168766,D37,-18,620,ok,0
714,23.800,1780168766,D40,-14,616,interpolated,0
714,23.800,1780168766,G52,523,503,interpolated,0
715,23.833,1780168766,G34,208,284,ok,1
715,23.833,1780168766,G40,83,254,ok,1
715,23.833,1780168766,G10,377,284,ok,1
715,23.833,1780168766,G6,173,97,ok,0
715,23.833,1780168766,G1,219,119,ok,0
715,23.833,1780168766,G44,249,102,ok,0
715,23.833,1780168766,G50,204,105,ok,0
715,23.833,1780168766,G4,95,80,ok,0
715,23.833,1780168766,G51,72,74,ok,0
715,23.833,1780168766,G9,136,58,ok,0
715,23.833,1780168766,G49,522,503,ok,0
715,23.833,1780168766,D1,195,703,ok,1
715,23.833,1780168766,D4,56,614,ok,0
715,23.833,1780168766,D2,366,699,ok,1
715,23.833,1780168766,D18,74,655,ok,0
715,23.833,1780168766,D32,5,730,ok,0
715,23.833,1780168766,D25,377,841,ok,1
715,23.833,1780168766,D22,276,902,ok,0
715,23.833,1780168766,D10,210,877,ok,0
715,23.833,1780168766,D11,239,902,ok,0
715,23.833,1780168766,D24,-1,591,ok,0
715,23.833,1780168766,D6,199,897,ok,0
715,23.833,1780168766,D27,-14,617,ok,0
715,23.833,1780168766,D39,-1,590,ok,0
715,23.833,1780168766,D37,-18,620,ok,0
715,23.833,1780168766,D40,-14,616,interpolated,0
715,23.833,1780168766,G52,523,503,interpolated,0
716,23.867,1780168766,G34,207,283,ok,1
716,23.867,1780168766,G40,82,254,ok,1
716,23.867,1780168766,G10,378,285,ok,1
716,23.867,1780168766,G6,173,97,ok,0
716,23.867,1780168766,G1,219,119,ok,0
716,23.867,1780168766,G44,249,102,ok,0
716,23.867,1780168766,G50,204,105,ok,0
716,23.867,1780168766,G4,95,80,ok,0
716,23.867,1780168766,G51,72,74,ok,0
716,23.867,1780168766,G49,522,503,ok,0
716,23.867,1780168766,D1,195,703,ok,1
716,23.867,1780168766,D4,56,614,ok,0
716,23.867,1780168766,D2,366,699,ok,1
716,23.867,1780168766,D18,74,655,ok,0
716,23.867,1780168766,D25,376,841,ok,1
716,23.867,1780168766,D32,5,730,ok,0
716,23.867,1780168766,D22,276,904,ok,0
716,23.867,1780168766,D10,210,876,ok,0
716,23.867,1780168766,D11,238,902,ok,0
716,23.867,1780168766,D24,-1,591,ok,0
716,23.867,1780168766,D6,198,897,ok,0
716,23.867,1780168766,D27,-14,617,ok,0
716,23.867,1780168766,D39,-1,590,ok,0
716,23.867,1780168766,D37,-18,620,ok,0
716,23.867,1780168766,D40,-14,616,interpolated,0
716,23.867,1780168766,G9,136,58,interpolated,0
717,23.900,1780168766,G34,209,284,ok,1
717,23.900,1780168766,G10,378,285,ok,1
717,23.900,1780168766,G40,81,254,ok,1
717,23.900,1780168766,G6,173,97,ok,0
717,23.900,1780168766,G1,219,119,ok,0
717,23.900,1780168766,G44,248,102,ok,0
717,23.900,1780168766,G50,204,105,ok,0
717,23.900,1780168766,G9,136,58,ok,0
717,23.900,1780168766,G4,95,81,ok,0
717,23.900,1780168766,G51,72,74,ok,0
717,23.900,1780168766,D1,195,703,ok,1
717,23.900,1780168766,D4,57,614,ok,0
717,23.900,1780168766,D2,366,699,ok,1
717,23.900,1780168766,D18,74,655,ok,0
717,23.900,1780168766,D25,375,841,ok,1
717,23.900,1780168766,D32,6,725,ok,0
717,23.900,1780168766,D22,276,905,ok,0
717,23.900,1780168766,D11,237,904,ok,0
717,23.900,1780168766,D10,210,876,ok,0
717,23.900,1780168766,D24,-1,591,ok,0
717,23.900,1780168766,D6,197,897,ok,0
717,23.900,1780168766,D27,-14,617,ok,0
717,23.900,1780168766,D39,-1,590,ok,0
717,23.900,1780168766,D37,-18,620,ok,0
717,23.900,1780168766,D40,-14,616,interpolated,0
717,23.900,1780168766,G49,522,503,interpolated,0
718,23.933,1780168766,G34,207,283,ok,1
718,23.933,1780168766,G10,378,285,ok,1
718,23.933,1780168766,G40,81,258,ok,1
718,23.933,1780168766,G6,173,97,ok,0
718,23.933,1780168766,G1,219,119,ok,0
718,23.933,1780168766,G44,248,103,ok,0
718,23.933,1780168766,G50,204,105,ok,0
718,23.933,1780168766,G9,135,58,ok,0
718,23.933,1780168766,G4,95,80,ok,0
718,23.933,1780168766,G51,72,74,ok,0
718,23.933,1780168766,G52,523,503,ok,0
718,23.933,1780168766,D1,195,703,ok,1
718,23.933,1780168766,D4,56,614,ok,0
718,23.933,1780168766,D2,366,699,ok,1
718,23.933,1780168766,D18,74,655,ok,0
718,23.933,1780168766,D25,375,842,ok,1
718,23.933,1780168766,D32,7,721,ok,0
718,23.933,1780168766,D11,236,904,ok,0
718,23.933,1780168766,D22,275,905,ok,0
718,23.933,1780168766,D10,210,876,ok,0
718,23.933,1780168766,D6,196,897,ok,0
718,23.933,1780168766,D24,-1,591,ok,0
718,23.933,1780168766,D27,-14,617,ok,0
718,23.933,1780168766,D39,-1,590,ok,0
718,23.933,1780168766,D37,-18,620,ok,0
718,23.933,1780168766,D40,-15,616,ok,0
718,23.933,1780168766,G49,522,503,interpolated,0
719,23.967,1780168766,G34,204,284,ok,1
719,23.967,1780168766,G10,378,285,ok,1
719,23.967,1780168766,G6,173,97,ok,0
719,23.967,1780168766,G40,81,262,ok,1
719,23.967,1780168766,G1,219,119,ok,0
719,23.967,1780168766,G44,247,102,ok,0
719,23.967,1780168766,G50,204,105,ok,0
719,23.967,1780168766,G4,95,80,ok,0
719,23.967,1780168766,G51,72,74,ok,0
719,23.967,1780168766,G52,523,503,ok,0
719,23.967,1780168766,G9,135,58,ok,0
719,23.967,1780168766,G49,523,503,ok,0
719,23.967,1780168766,D1,195,703,ok,1
719,23.967,1780168766,D4,56,615,ok,0
719,23.967,1780168766,D18,74,655,ok,0
719,23.967,1780168766,D2,366,699,ok,1
719,23.967,1780168766,D25,373,843,ok,1
719,23.967,1780168766,D32,8,719,ok,0
719,23.967,1780168766,D11,236,904,ok,0
719,23.967,1780168766,D22,273,905,ok,0
719,23.967,1780168766,D10,208,876,ok,0
719,23.967,1780168766,D6,196,897,ok,0
719,23.967,1780168766,D24,-1,591,ok,0
719,23.967,1780168766,D27,-14,617,ok,0
719,23.967,1780168766,D39,-1,590,ok,0
719,23.967,1780168766,D37,-18,620,ok,0
719,23.967,1780168766,D40,-15,616,ok,0
720,24.000,1780168767,G34,202,284,ok,1
720,24.000,1780168767,G6,173,98,ok,0
720,24.000,1780168767,G40,81,265,ok,1
720,24.000,1780168767,G10,379,285,ok,1
720,24.000,1780168767,G1,219,119,ok,0
720,24.000,1780168767,G44,247,102,ok,0
720,24.000,1780168767,G50,204,105,ok,0
720,24.000,1780168767,G4,95,81,ok,0
720,24.000,1780168767,G9,135,58,ok,0
720,24.000,1780168767,G51,72,74,ok,0
720,24.000,1780168767,G49,523,502,ok,0
720,24.000,1780168767,G52,523,502,ok,0
720,24.000,1780168767,G53,523,502,ok,0
720,24.000,1780168767,G54,522,503,ok,0
720,24.000,1780168767,D4,56,616,ok,0
720,24.000,1780168767,D1,195,702,ok,1
720,24.000,1780168767,D18,74,655,ok,0
720,24.000,1780168767,D2,366,699,ok,1
720,24.000,1780168767,D32,9,718,ok,0
720,24.000,1780168767,D25,373,846,ok,1
720,24.000,1780168767,D11,235,904,ok,0
720,24.000,1780168767,D6,195,896,ok,0
720,24.000,1780168767,D22,273,905,ok,0
720,24.000,1780168767,D10,208,876,ok,0
720,24.000,1780168767,D39,-1,590,ok,0
720,24.000,1780168767,D24,0,590,ok,0
720,24.000,1780168767,D27,-14,617,ok,0
720,24.000,1780168767,D40,-15,616,interpolated,0
720,24.000,1780168767,D37,-18,620,interpolated,0
721,24.033,1780168767,G34,202,284,ok,1
721,24.033,1780168767,G6,173,98,ok,0
721,24.033,1780168767,G40,81,265,ok,1
721,24.033,1780168767,G10,379,285,ok,1
721,24.033,1780168767,G1,219,119,ok,0
721,24.033,1780168767,G44,247,102,ok,0
721,24.033,1780168767,G50,204,105,ok,0
721,24.033,1780168767,G4,95,81,ok,0
721,24.033,1780168767,G9,135,58,ok,0
721,24.033,1780168767,G51,72,74,ok,0
721,24.033,1780168767,G49,523,502,ok,0
721,24.033,1780168767,G52,523,502,ok,0
721,24.033,1780168767,G53,523,502,ok,0
721,24.033,1780168767,G54,521,504,ok,0
721,24.033,1780168767,D4,56,616,ok,0
721,24.033,1780168767,D1,195,702,ok,1
721,24.033,1780168767,D18,74,655,ok,0
721,24.033,1780168767,D2,366,699,ok,1
721,24.033,1780168767,D32,9,718,ok,0
721,24.033,1780168767,D25,373,846,ok,1
721,24.033,1780168767,D11,235,904,ok,0
721,24.033,1780168767,D6,195,896,ok,0
721,24.033,1780168767,D22,273,905,ok,0
721,24.033,1780168767,D10,208,875,ok,0
721,24.033,1780168767,D24,0,590,ok,0
721,24.033,1780168767,D39,-1,590,ok,0
721,24.033,1780168767,D27,-15,618,ok,0
721,24.033,1780168767,D40,-15,616,interpolated,0
721,24.033,1780168767,D37,-18,620,interpolated,0
722,24.067,1780168767,G34,198,284,ok,1
722,24.067,1780168767,G10,379,285,ok,1
722,24.067,1780168767,G40,82,268,ok,1
722,24.067,1780168767,G6,173,98,ok,0
722,24.067,1780168767,G1,219,120,ok,0
722,24.067,1780168767,G44,246,102,ok,0
722,24.067,1780168767,G50,204,105,ok,0
722,24.067,1780168767,G4,95,82,ok,0
722,24.067,1780168767,G9,133,57,ok,0
722,24.067,1780168767,G49,523,502,ok,0
722,24.067,1780168767,G52,523,503,ok,0
722,24.067,1780168767,D4,56,617,ok,0
722,24.067,1780168767,D1,196,702,ok,1
722,24.067,1780168767,D18,74,655,ok,0
722,24.067,1780168767,D2,366,699,ok,1
722,24.067,1780168767,D32,9,717,ok,0
722,24.067,1780168767,D25,373,848,ok,1
722,24.067,1780168767,D11,235,904,ok,0
722,24.067,1780168767,D10,208,875,ok,0
722,24.067,1780168767,D22,272,905,ok,0
722,24.067,1780168767,D6,195,896,ok,0
722,24.067,1780168767,D24,0,590,ok,0
722,24.067,1780168767,D39,-1,590,ok,0
722,24.067,1780168767,D27,-15,618,interpolated,0
722,24.067,1780168767,G51,72,74,interpolated,0
722,24.067,1780168767,D40,-15,616,interpolated,0
722,24.067,1780168767,D37,-18,620,interpolated,0
722,24.067,1780168767,G53,523,502,interpolated,0
722,24.067,1780168767,G54,521,504,interpolated,0
723,24.100,1780168767,G34,193,284,ok,1
723,24.100,1780168767,G10,380,285,ok,1
723,24.100,1780168767,G40,82,269,ok,1
723,24.100,1780168767,G6,173,98,ok,0
723,24.100,1780168767,G44,245,102,ok,0
723,24.100,1780168767,G1,219,121,ok,0
723,24.100,1780168767,G50,204,104,ok,0
723,24.100,1780168767,G4,95,81,ok,0
723,24.100,1780168767,G49,523,502,ok,0
723,24.100,1780168767,G9,133,57,ok,0
723,24.100,1780168767,G52,523,503,ok,0
723,24.100,1780168767,D4,55,619,ok,0
723,24.100,1780168767,D1,196,702,ok,1
723,24.100,1780168767,D18,74,655,ok,0
723,24.100,1780168767,D2,366,699,ok,1
723,24.100,1780168767,D25,372,851,ok,1
723,24.100,1780168767,D32,10,714,ok,0
723,24.100,1780168767,D11,235,904,ok,0
723,24.100,1780168767,D22,271,905,ok,0
723,24.100,1780168767,D10,208,875,ok,0
723,24.100,1780168767,D6,194,896,ok,0
723,24.100,1780168767,D24,0,590,ok,0
723,24.100,1780168767,D39,-1,590,ok,0
723,24.100,1780168767,D27,-15,618,interpolated,0
723,24.100,1780168767,G51,72,74,interpolated,0
723,24.100,1780168767,D40,-15,616,interpolated,0
723,24.100,1780168767,D37,-18,620,interpolated,0
723,24.100,1780168767,G53,523,502,interpolated,0
723,24.100,1780168767,G54,521,504,interpolated,0
724,24.133,1780168767,G34,189,284,ok,1
724,24.133,1780168767,G40,82,269,ok,1
724,24.133,1780168767,G6,173,97,ok,0
724,24.133,1780168767,G10,380,285,ok,1
724,24.133,1780168767,G1,218,122,ok,0
724,24.133,1780168767,G44,245,102,ok,0
724,24.133,1780168767,G4,95,81,ok,0
724,24.133,1780168767,G50,204,105,ok,0
724,24.133,1780168767,G49,523,502,ok,0
724,24.133,1780168767,G9,131,55,ok,0
724,24.133,1780168767,G52,523,503,ok,0
724,24.133,1780168767,D4,55,620,ok,0
724,24.133,1780168767,D1,195,702,ok,1
724,24.133,1780168767,D18,74,655,ok,0
724,24.133,1780168767,D2,366,699,ok,1
724,24.133,1780168767,D32,10,712,ok,0
724,24.133,1780168767,D25,372,854,ok,1
724,24.133,1780168767,D22,271,905,ok,0
724,24.133,1780168767,D11,235,904,ok,0
724,24.133,1780168767,D6,194,896,ok,0
724,24.133,1780168767,D10,208,875,ok,0
724,24.133,1780168767,D24,0,590,ok,0
724,24.133,1780168767,D39,-1,590,ok,0
724,24.133,1780168767,D27,-14,617,ok,0
724,24.133,1780168767,G51,72,74,interpolated,0
724,24.133,1780168767,D40,-15,616,interpolated,0
724,24.133,1780168767,D37,-18,620,interpolated,0
724,24.133,1780168767,G53,523,502,interpolated,0
724,24.133,1780168767,G54,521,504,interpolated,0
725,24.167,1780168767,G34,189,284,ok,1
725,24.167,1780168767,G40,81,269,ok,1
725,24.167,1780168767,G10,380,285,ok,1
725,24.167,1780168767,G6,173,97,ok,0
725,24.167,1780168767,G1,217,123,ok,0
725,24.167,1780168767,G44,247,100,ok,0
725,24.167,1780168767,G4,95,80,ok,0
725,24.167,1780168767,G52,523,503,ok,0
725,24.167,1780168767,G54,522,504,ok,0
725,24.167,1780168767,G50,204,104,ok,0
725,24.167,1780168767,D4,54,622,ok,0
725,24.167,1780168767,D1,196,702,ok,1
725,24.167,1780168767,D18,74,655,ok,0
725,24.167,1780168767,D2,366,699,ok,1
725,24.167,1780168767,D32,10,712,ok,0
725,24.167,1780168767,D22,271,905,ok,0
725,24.167,1780168767,D11,235,904,ok,0
725,24.167,1780168767,D10,208,876,ok,0
725,24.167,1780168767,D25,371,858,ok,1
725,24.167,1780168767,D6,194,897,ok,0
725,24.167,1780168767,D39,-1,590,ok,0
725,24.167,1780168767,D24,0,590,ok,0
725,24.167,1780168767,D27,-14,617,ok,0
725,24.167,1780168767,G51,72,74,interpolated,0
725,24.167,1780168767,D40,-15,616,interpolated,0
725,24.167,1780168767,G49,523,502,interpolated,0
725,24.167,1780168767,D37,-18,620,interpolated,0
725,24.167,1780168767,G9,131,55,interpolated,0
725,24.167,1780168767,G53,523,502,interpolated,0
726,24.200,1780168767,G34,187,283,ok,1
726,24.200,1780168767,G40,80,269,ok,1
726,24.200,1780168767,G10,380,285,ok,1
726,24.200,1780168767,G6,173,97,ok,0
726,24.200,1780168767,G1,216,125,ok,0
726,24.200,1780168767,G50,243,102,ok,0
726,24.200,1780168767,G4,95,80,ok,0
726,24.200,1780168767,G44,247,102,ok,0
726,24.200,1780168767,G52,523,503,ok,0
726,24.200,1780168767,G54,522,504,ok,0
726,24.200,1780168767,D4,54,625,ok,0
726,24.200,1780168767,D1,195,702,ok,1
726,24.200,1780168767,D2,366,699,ok,1
726,24.200,1780168767,D18,74,655,ok,0
726,24.200,1780168767,D32,10,711,ok,0
726,24.200,1780168767,D10,208,875,ok,0
726,24.200,1780168767,D25,369,857,ok,1
726,24.200,1780168767,D22,271,905,ok,0
726,24.200,1780168767,D11,235,904,ok,0
726,24.200,1780168767,D6,194,897,ok,0
726,24.200,1780168767,D27,-14,616,ok,0
726,24.200,1780168767,D24,0,590,ok,0
726,24.200,1780168767,D39,-1,590,ok,0
726,24.200,1780168767,G51,72,74,interpolated,0
726,24.200,1780168767,D40,-15,616,interpolated,0
726,24.200,1780168767,G49,523,502,interpolated,0
726,24.200,1780168767,D37,-18,620,interpolated,0
726,24.200,1780168767,G9,131,55,interpolated,0
726,24.200,1780168767,G53,523,502,interpolated,0
727,24.233,1780168767,G34,187,283,ok,1
727,24.233,1780168767,G40,80,269,ok,1
727,24.233,1780168767,G10,380,285,ok,1
727,24.233,1780168767,G6,173,97,ok,0
727,24.233,1780168767,G1,216,125,ok,0
727,24.233,1780168767,G50,243,102,ok,0
727,24.233,1780168767,G4,95,80,ok,0
727,24.233,1780168767,G44,247,102,ok,0
727,24.233,1780168767,G52,523,503,ok,0
727,24.233,1780168767,G54,522,504,ok,0
727,24.233,1780168767,D4,54,625,ok,0
727,24.233,1780168767,D1,195,702,ok,1
727,24.233,1780168767,D2,366,699,ok,1
727,24.233,1780168767,D18,74,655,ok,0
727,24.233,1780168767,D32,10,711,ok,0
727,24.233,1780168767,D10,208,875,ok,0
727,24.233,1780168767,D25,369,857,ok,1
727,24.233,1780168767,D22,271,905,ok,0
727,24.233,1780168767,D11,234,904,ok,0
727,24.233,1780168767,D6,194,897,ok,0
727,24.233,1780168767,D24,0,590,ok,0
727,24.233,1780168767,D27,-14,616,ok,0
727,24.233,1780168767,D39,-1,590,ok,0
727,24.233,1780168767,G51,72,74,interpolated,0
727,24.233,1780168767,D40,-15,616,interpolated,0
727,24.233,1780168767,G49,523,502,interpolated,0
727,24.233,1780168767,D37,-18,620,interpolated,0
727,24.233,1780168767,G9,131,55,interpolated,0
727,24.233,1780168767,G53,523,502,interpolated,0
728,24.267,1780168767,G34,185,282,ok,1
728,24.267,1780168767,G40,80,269,ok,1
728,24.267,1780168767,G6,173,97,ok,0
728,24.267,1780168767,G10,380,285,ok,1
728,24.267,1780168767,G1,215,126,ok,1
728,24.267,1780168767,G4,95,80,ok,0
728,24.267,1780168767,G44,245,102,ok,0
728,24.267,1780168767,G52,522,503,ok,0
728,24.267,1780168767,D4,54,627,ok,0
728,24.267,1780168767,D1,195,702,ok,1
728,24.267,1780168767,D32,9,712,ok,0
728,24.267,1780168767,D2,366,699,ok,1
728,24.267,1780168767,D18,74,655,ok,0
728,24.267,1780168767,D25,368,857,ok,1
728,24.267,1780168767,D22,271,905,ok,0
728,24.267,1780168767,D10,208,875,ok,0
728,24.267,1780168767,D11,234,905,ok,0
728,24.267,1780168767,D6,194,897,ok,0
728,24.267,1780168767,D27,-14,616,ok,0
728,24.267,1780168767,D24,0,590,ok,0
728,24.267,1780168767,D39,-1,590,ok,0
728,24.267,1780168767,G50,243,102,interpolated,0
728,24.267,1780168767,G51,72,74,interpolated,0
728,24.267,1780168767,D40,-15,616,interpolated,0
728,24.267,1780168767,G49,523,502,interpolated,0
728,24.267,1780168767,D37,-18,620,interpolated,0
728,24.267,1780168767,G9,131,55,interpolated,0
728,24.267,1780168767,G53,523,502,interpolated,0
728,24.267,1780168767,G54,522,504,interpolated,0
729,24.300,1780168767,G34,182,281,ok,1
729,24.300,1780168767,G40,79,269,ok,1
729,24.300,1780168767,G6,173,97,ok,0
729,24.300,1780168767,G10,381,285,ok,1
729,24.300,1780168767,G1,215,127,ok,1
729,24.300,1780168767,G4,95,81,ok,0
729,24.300,1780168767,G50,247,102,ok,0
729,24.300,1780168767,G44,244,102,ok,0
729,24.300,1780168767,G49,523,503,ok,0
729,24.300,1780168767,G54,522,504,ok,0
729,24.300,1780168767,D4,53,629,ok,0
729,24.300,1780168767,D1,195,702,ok,1
729,24.300,1780168767,D32,8,712,ok,0
729,24.300,1780168767,D2,366,699,ok,1
729,24.300,1780168767,D18,74,655,ok,0
729,24.300,1780168767,D25,367,857,ok,1
729,24.300,1780168767,D22,271,905,ok,0
729,24.300,1780168767,D10,208,875,ok,0
729,24.300,1780168767,D11,234,905,ok,0
729,24.300,1780168767,D6,194,897,ok,0
729,24.300,1780168767,D27,-14,616,ok,0
729,24.300,1780168767,D39,-1,590,ok,0
729,24.300,1780168767,D24,0,590,ok,0
729,24.300,1780168767,G51,72,74,interpolated,0
729,24.300,1780168767,D40,-15,616,interpolated,0
729,24.300,1780168767,D37,-18,620,interpolated,0
729,24.300,1780168767,G9,131,55,interpolated,0
729,24.300,1780168767,G52,522,503,interpolated,0
729,24.300,1780168767,G53,523,502,interpolated,0
730,24.333,1780168767,G40,79,269,ok,1
730,24.333,1780168767,G34,178,277,ok,1
730,24.333,1780168767,G6,173,97,ok,0
730,24.333,1780168767,G10,381,284,ok,1
730,24.333,1780168767,G1,214,127,ok,1
730,24.333,1780168767,G50,247,102,ok,0
730,24.333,1780168767,G44,242,102,ok,0
730,24.333,1780168767,G4,95,82,ok,0
730,24.333,1780168767,G49,523,503,ok,0
730,24.333,1780168767,D32,7,711,ok,0
730,24.333,1780168767,D4,54,630,ok,0
730,24.333,1780168767,D1,195,702,ok,1
730,24.333,1780168767,D2,366,699,ok,1
730,24.333,1780168767,D18,75,655,ok,0
730,24.333,1780168767,D25,364,857,ok,1
730,24.333,1780168767,D22,271,904,ok,0
730,24.333,1780168767,D10,208,875,ok,0
730,24.333,1780168767,D11,234,905,ok,0
730,24.333,1780168767,D27,-14,616,ok,0
730,24.333,1780168767,D24,0,589,ok,0
730,24.333,1780168767,D6,194,898,ok,0
730,24.333,1780168767,D39,-1,590,ok,0
730,24.333,1780168767,D40,0,589,ok,0
730,24.333,1780168767,G51,72,74,interpolated,0
730,24.333,1780168767,G9,131,55,interpolated,0
730,24.333,1780168767,G52,522,503,interpolated,0
730,24.333,1780168767,G53,523,502,interpolated,0
730,24.333,1780168767,G54,522,504,interpolated,0
731,24.367,1780168767,G40,79,271,ok,1
731,24.367,1780168767,G34,175,275,ok,1
731,24.367,1780168767,G6,173,97,ok,0
731,24.367,1780168767,G10,381,284,ok,1
731,24.367,1780168767,G1,215,127,ok,1
731,24.367,1780168767,G44,241,102,ok,0
731,24.367,1780168767,G50,246,102,ok,0
731,24.367,1780168767,G49,523,503,ok,0
731,24.367,1780168767,G4,95,81,ok,0
731,24.367,1780168767,G54,522,504,ok,0
731,24.367,1780168767,G9,128,58,ok,0
731,24.367,1780168767,D4,54,630,ok,0
731,24.367,1780168767,D1,195,702,ok,1
731,24.367,1780168767,D2,367,699,ok,1
731,24.367,1780168767,D18,75,655,ok,0
731,24.367,1780168767,D32,6,711,ok,0
731,24.367,1780168767,D25,362,857,ok,1
731,24.367,1780168767,D22,271,904,ok,0
731,24.367,1780168767,D10,208,875,ok,0
731,24.367,1780168767,D11,234,904,ok,0
731,24.367,1780168767,D27,-14,616,ok,0
731,24.367,1780168767,D6,194,897,ok,0
731,24.367,1780168767,D24,0,589,ok,0
731,24.367,1780168767,D39,-1,590,ok,0
731,24.367,1780168767,D40,0,590,ok,0
731,24.367,1780168767,G51,72,74,interpolated,0
731,24.367,1780168767,G52,522,503,interpolated,0
731,24.367,1780168767,G53,523,502,interpolated,0
732,24.400,1780168767,G40,79,274,ok,1
732,24.400,1780168767,G34,173,274,ok,1
732,24.400,1780168767,G6,173,97,ok,0
732,24.400,1780168767,G10,381,284,ok,1
732,24.400,1780168767,G1,214,127,ok,1
732,24.400,1780168767,G44,241,102,ok,0
732,24.400,1780168767,G50,246,102,ok,0
732,24.400,1780168767,G52,522,503,ok,0
732,24.400,1780168767,G54,522,504,ok,0
732,24.400,1780168767,D4,55,629,ok,0
732,24.400,1780168767,D1,195,702,ok,1
732,24.400,1780168767,D2,366,698,ok,1
732,24.400,1780168767,D18,75,655,ok,0
732,24.400,1780168767,D32,5,711,ok,0
732,24.400,1780168767,D22,271,904,ok,0
732,24.400,1780168767,D25,361,856,ok,1
732,24.400,1780168767,D10,208,875,ok,0
732,24.400,1780168767,D11,233,904,ok,0
732,24.400,1780168767,D27,-14,616,ok,0
732,24.400,1780168767,D6,194,897,ok,0
732,24.400,1780168767,D24,0,589,ok,0
732,24.400,1780168767,D39,-1,590,ok,0
732,24.400,1780168767,G4,95,81,interpolated,0
732,24.400,1780168767,D40,0,590,interpolated,0
732,24.400,1780168767,G49,523,503,interpolated,0
732,24.400,1780168767,G9,128,58,interpolated,0
733,24.433,1780168767,G40,79,274,ok,1
733,24.433,1780168767,G34,173,274,ok,1
733,24.433,1780168767,G6,173,97,ok,0
733,24.433,1780168767,G10,381,284,ok,1
733,24.433,1780168767,G1,214,127,ok,1
733,24.433,1780168767,G44,241,102,ok,0
733,24.433,1780168767,G50,246,102,ok,0
733,24.433,1780168767,G52,522,503,ok,0
733,24.433,1780168767,G54,522,504,ok,0
733,24.433,1780168767,D4,55,629,ok,0
733,24.433,1780168767,D1,195,702,ok,1
733,24.433,1780168767,D2,366,698,ok,1
733,24.433,1780168767,D18,75,655,ok,0
733,24.433,1780168767,D32,5,711,ok,0
733,24.433,1780168767,D22,271,904,ok,0
733,24.433,1780168767,D25,361,856,ok,1
733,24.433,1780168767,D10,208,875,ok,0
733,24.433,1780168767,D11,233,904,ok,0
733,24.433,1780168767,D27,-14,616,ok,0
733,24.433,1780168767,D6,194,897,ok,0
733,24.433,1780168767,D24,0,589,ok,0
733,24.433,1780168767,D39,-1,590,ok,0
733,24.433,1780168767,G4,95,81,interpolated,0
733,24.433,1780168767,D40,0,590,interpolated,0
733,24.433,1780168767,G49,523,503,interpolated,0
733,24.433,1780168767,G9,128,58,interpolated,0
734,24.467,1780168767,G34,171,273,ok,1
734,24.467,1780168767,G40,80,277,ok,1
734,24.467,1780168767,G10,381,284,ok,1
734,24.467,1780168767,G6,173,97,ok,0
734,24.467,1780168767,G1,212,127,ok,1
734,24.467,1780168767,G44,241,102,ok,0
734,24.467,1780168767,G50,246,102,ok,0
734,24.467,1780168767,G52,522,503,ok,0
734,24.467,1780168767,D4,56,629,ok,0
734,24.467,1780168767,D1,195,702,ok,1
734,24.467,1780168767,D2,366,697,ok,1
734,24.467,1780168767,D18,75,655,ok,0
734,24.467,1780168767,D32,6,707,ok,0
734,24.467,1780168767,D22,270,904,ok,0
734,24.467,1780168767,D25,360,856,ok,1
734,24.467,1780168767,D10,208,875,ok,0
734,24.467,1780168767,D11,233,904,ok,0
734,24.467,1780168767,D6,194,897,ok,0
734,24.467,1780168767,D27,-13,616,ok,0
734,24.467,1780168767,D24,0,589,ok,0
734,24.467,1780168767,D40,0,590,ok,0
734,24.467,1780168767,G4,95,81,interpolated,0
734,24.467,1780168767,D39,-1,590,interpolated,0
734,24.467,1780168767,G49,523,503,interpolated,0
734,24.467,1780168767,G9,128,58,interpolated,0
734,24.467,1780168767,G54,522,504,interpolated,0
735,24.500,1780168767,G34,167,272,ok,1
735,24.500,1780168767,G40,80,278,ok,1
735,24.500,1780168767,G10,382,285,ok,1
735,24.500,1780168767,G6,173,97,ok,0
735,24.500,1780168767,G44,241,101,ok,0
735,24.500,1780168767,G1,212,128,ok,1
735,24.500,1780168767,G50,246,101,ok,0
735,24.500,1780168767,G52,522,503,ok,0
735,24.500,1780168767,D1,195,703,ok,1
735,24.500,1780168767,D4,56,629,ok,0
735,24.500,1780168767,D18,75,654,ok,0
735,24.500,1780168767,D2,367,696,ok,1
735,24.500,1780168767,D32,7,703,ok,0
735,24.500,1780168767,D22,270,904,ok,0
735,24.500,1780168767,D25,360,856,ok,1
735,24.500,1780168767,D10,208,875,ok,0
735,24.500,1780168767,D11,232,904,ok,0
735,24.500,1780168767,D6,195,897,ok,0
735,24.500,1780168767,D27,-13,616,ok,0
735,24.500,1780168767,D24,0,589,ok,0
735,24.500,1780168767,D40,0,590,ok,0
735,24.500,1780168767,G4,95,81,interpolated,0
735,24.500,1780168767,D39,-1,590,interpolated,0
735,24.500,1780168767,G49,523,503,interpolated,0
735,24.500,1780168767,G9,128,58,interpolated,0
735,24.500,1780168767,G54,522,504,interpolated,0
736,24.533,1780168767,G40,80,279,ok,1
736,24.533,1780168767,G34,164,271,ok,1
736,24.533,1780168767,G10,382,286,ok,1
736,24.533,1780168767,G6,173,97,ok,0
736,24.533,1780168767,G1,212,128,ok,1
736,24.533,1780168767,G44,241,101,ok,0
736,24.533,1780168767,G49,523,503,ok,0
736,24.533,1780168767,G50,245,101,ok,0
736,24.533,1780168767,D4,56,629,ok,0
736,24.533,1780168767,D1,195,703,ok,1
736,24.533,1780168767,D2,366,696,ok,1
736,24.533,1780168767,D18,75,653,ok,0
736,24.533,1780168767,D32,7,701,ok,0
736,24.533,1780168767,D22,269,904,ok,0
736,24.533,1780168767,D25,359,858,ok,1
736,24.533,1780168767,D10,208,875,ok,0
736,24.533,1780168767,D11,232,905,ok,0
736,24.533,1780168767,D27,-13,616,ok,0
736,24.533,1780168767,D24,0,589,ok,0
736,24.533,1780168767,D39,-1,590,ok,0
736,24.533,1780168767,D6,195,897,ok,0
736,24.533,1780168767,G4,95,81,interpolated,0
736,24.533,1780168767,D40,0,590,interpolated,0
736,24.533,1780168767,G9,128,58,interpolated,0
736,24.533,1780168767,G52,522,503,interpolated,0
736,24.533,1780168767,G54,522,504,interpolated,0
737,24.567,1780168767,G40,79,278,ok,1
737,24.567,1780168767,G34,162,270,ok,1
737,24.567,1780168767,G10,380,287,ok,1
737,24.567,1780168767,G6,173,97,ok,0
737,24.567,1780168767,G44,241,100,ok,0
737,24.567,1780168767,G1,214,127,ok,1
737,24.567,1780168767,G49,523,503,ok,0
737,24.567,1780168767,G50,245,100,ok,0
737,24.567,1780168767,D4,57,629,ok,0
737,24.567,1780168767,D1,195,703,ok,1
737,24.567,1780168767,D18,75,652,ok,0
737,24.567,1780168767,D32,7,700,ok,0
737,24.567,1780168767,D2,366,696,ok,1
737,24.567,1780168767,D25,358,858,ok,1
737,24.567,1780168767,D22,269,905,ok,0
737,24.567,1780168767,D10,208,875,ok,0
737,24.567,1780168767,D11,232,905,ok,0
737,24.567,1780168767,D27,-13,616,ok,0
737,24.567,1780168767,D24,0,589,ok,0
737,24.567,1780168767,D40,0,590,ok,0
737,24.567,1780168767,D6,195,897,ok,0
737,24.567,1780168767,G4,95,81,interpolated,0
737,24.567,1780168767,D39,-1,590,interpolated,0
737,24.567,1780168767,G9,128,58,interpolated,0
737,24.567,1780168767,G52,522,503,interpolated,0
737,24.567,1780168767,G54,522,504,interpolated,0
738,24.600,1780168767,G40,79,278,ok,1
738,24.600,1780168767,G34,160,270,ok,1
738,24.600,1780168767,G10,380,289,ok,1
738,24.600,1780168767,G6,173,97,ok,0
738,24.600,1780168767,G1,210,128,ok,1
738,24.600,1780168767,G44,242,100,ok,0
738,24.600,1780168767,G52,522,503,ok,0
738,24.600,1780168767,G49,522,503,ok,0
738,24.600,1780168767,G54,522,503,ok,0
738,24.600,1780168767,D4,57,630,ok,0
738,24.600,1780168767,D1,195,703,ok,1
738,24.600,1780168767,D18,75,652,ok,0
738,24.600,1780168767,D2,367,696,ok,1
738,24.600,1780168767,D32,8,699,ok,0
738,24.600,1780168767,D25,358,860,ok,1
738,24.600,1780168767,D10,209,875,ok,0
738,24.600,1780168767,D22,268,906,ok,0
738,24.600,1780168767,D11,231,905,ok,0
738,24.600,1780168767,D24,0,589,ok,0
738,24.600,1780168767,D40,0,590,ok,0
738,24.600,1780168767,D6,196,897,ok,0
738,24.600,1780168767,D27,-18,621,ok,0
738,24.600,1780168767,G4,95,81,interpolated,0
738,24.600,1780168767,G50,245,100,interpolated,0
738,24.600,1780168767,D39,-1,590,interpolated,0
738,24.600,1780168767,G9,128,58,interpolated,0
739,24.633,1780168767,G40,79,278,ok,1
739,24.633,1780168767,G34,160,270,ok,1
739,24.633,1780168767,G10,380,289,ok,1
739,24.633,1780168767,G6,173,97,ok,0
739,24.633,1780168767,G1,210,128,ok,1
739,24.633,1780168767,G44,242,100,ok,0
739,24.633,1780168767,G49,522,503,ok,0
739,24.633,1780168767,G52,522,503,ok,0
739,24.633,1780168767,D4,57,630,ok,0
739,24.633,1780168767,D1,195,703,ok,1
739,24.633,1780168767,D18,75,652,ok,0
739,24.633,1780168767,D2,367,696,ok,1
739,24.633,1780168767,D32,8,699,ok,0
739,24.633,1780168767,D25,358,860,ok,1
739,24.633,1780168767,D10,209,875,ok,0
739,24.633,1780168767,D22,268,906,ok,0
739,24.633,1780168767,D11,232,904,ok,0
739,24.633,1780168767,D24,0,589,ok,0
739,24.633,1780168767,D40,0,590,ok,0
739,24.633,1780168767,D6,196,897,ok,0
739,24.633,1780168767,D27,-19,622,ok,0
739,24.633,1780168767,D39,-15,616,ok,0
739,24.633,1780168767,G4,95,81,interpolated,0
739,24.633,1780168767,G50,245,100,interpolated,0
739,24.633,1780168767,G9,128,58,interpolated,0
739,24.633,1780168767,G54,522,503,interpolated,0
740,24.667,1780168767,G40,78,277,ok,1
740,24.667,1780168767,G34,159,269,ok,1
740,24.667,1780168767,G10,381,290,ok,1
740,24.667,1780168767,G6,174,95,ok,0
740,24.667,1780168767,G1,212,127,ok,1
740,24.667,1780168767,G44,242,100,ok,0
740,24.667,1780168767,G9,122,62,ok,0
740,24.667,1780168767,G4,95,81,ok,0
740,24.667,1780168767,G49,522,503,ok,0
740,24.667,1780168767,G52,522,503,ok,0
740,24.667,1780168767,D4,57,631,ok,0
740,24.667,1780168767,D1,195,703,ok,1
740,24.667,1780168767,D18,75,652,ok,0
740,24.667,1780168767,D2,367,696,ok,1
740,24.667,1780168767,D32,9,695,ok,0
740,24.667,1780168767,D22,267,906,ok,0
740,24.667,1780168767,D10,209,875,ok,0
740,24.667,1780168767,D25,358,865,ok,1
740,24.667,1780168767,D11,231,905,ok,0
740,24.667,1780168767,D24,0,589,ok,0
740,24.667,1780168767,D40,0,590,ok,0
740,24.667,1780168767,D6,196,897,ok,0
740,24.667,1780168767,D27,-19,622,ok,0
740,24.667,1780168767,G50,245,100,interpolated,0
740,24.667,1780168767,D39,-15,616,interpolated,0
740,24.667,1780168767,G54,522,503,interpolated,0
741,24.700,1780168767,G40,77,276,ok,1
741,24.700,1780168767,G10,381,292,ok,1
741,24.700,1780168767,G34,158,269,ok,1
741,24.700,1780168767,G6,174,97,ok,0
741,24.700,1780168767,G1,213,128,ok,1
741,24.700,1780168767,G50,245,100,ok,0
741,24.700,1780168767,G9,122,63,ok,0
741,24.700,1780168767,G4,93,82,ok,0
741,24.700,1780168767,G49,522,503,ok,0
741,24.700,1780168767,G52,522,503,ok,0
741,24.700,1780168767,D4,57,631,ok,0
741,24.700,1780168767,D1,195,703,ok,1
741,24.700,1780168767,D18,75,652,ok,0
741,24.700,1780168767,D32,9,694,ok,0
741,24.700,1780168767,D2,368,696,ok,1
741,24.700,1780168767,D25,356,865,ok,1
741,24.700,1780168767,D22,266,906,ok,0
741,24.700,1780168767,D10,209,875,ok,0
741,24.700,1780168767,D11,231,905,ok,0
741,24.700,1780168767,D24,0,589,ok,0
741,24.700,1780168767,D6,197,897,ok,0
741,24.700,1780168767,D40,-1,590,ok,0
741,24.700,1780168767,D27,-19,622,ok,0
741,24.700,1780168767,D39,-15,617,ok,0
741,24.700,1780168767,G44,242,100,interpolated,0
741,24.700,1780168767,G54,522,503,interpolated,0
742,24.733,1780168767,G40,77,275,ok,1
742,24.733,1780168767,G34,156,269,ok,1
742,24.733,1780168767,G10,381,292,ok,1
742,24.733,1780168767,G6,174,97,ok,0
742,24.733,1780168767,G1,214,127,ok,1
742,24.733,1780168767,G50,245,100,ok,0
742,24.733,1780168767,G9,122,63,ok,0
742,24.733,1780168767,G4,92,82,ok,0
742,24.733,1780168767,G49,522,503,ok,0
742,24.733,1780168767,D4,56,632,ok,0
742,24.733,1780168767,D1,195,704,ok,1
742,24.733,1780168767,D18,75,652,ok,0
742,24.733,1780168767,D32,9,694,ok,0
742,24.733,1780168767,D2,369,696,ok,1
742,24.733,1780168767,D22,266,906,ok,0
742,24.733,1780168767,D25,355,866,ok,1
742,24.733,1780168767,D10,209,875,ok,0
742,24.733,1780168767,D11,231,905,ok,0
742,24.733,1780168767,D24,0,589,ok,0
742,24.733,1780168767,D40,-1,590,ok,0
742,24.733,1780168767,D6,196,897,ok,0
742,24.733,1780168767,D27,-19,622,ok,0
742,24.733,1780168767,D39,-15,617,ok,0
742,24.733,1780168767,G44,242,100,interpolated,0
742,24.733,1780168767,G52,522,503,interpolated,0
742,24.733,1780168767,G54,522,503,interpolated,0
743,24.767,1780168767,G40,76,275,ok,0
743,24.767,1780168767,G10,381,292,ok,1
743,24.767,1780168767,G34,153,268,ok,1
743,24.767,1780168767,G6,174,97,ok,0
743,24.767,1780168767,G1,214,125,ok,0
743,24.767,1780168767,G50,244,100,ok,0
743,24.767,1780168767,G9,120,62,ok,0
743,24.767,1780168767,G49,522,503,ok,0
743,24.767,1780168767,D4,56,634,ok,0
743,24.767,1780168767,D1,195,705,ok,1
743,24.767,1780168767,D18,75,653,ok,0
743,24.767,1780168767,D32,8,694,ok,0
743,24.767,1780168767,D2,368,696,ok,1
743,24.767,1780168767,D22,266,907,ok,0
743,24.767,1780168767,D25,354,865,ok,1
743,24.767,1780168767,D11,231,905,ok,0
743,24.767,1780168767,D10,209,875,ok,0
743,24.767,1780168767,D24,0,589,ok,0
743,24.767,1780168767,D40,-1,590,ok,0
743,24.767,1780168767,D6,196,897,ok,0
743,24.767,1780168767,D27,-19,622,ok,0
743,24.767,1780168767,D39,-15,617,ok,0
743,24.767,1780168767,G4,92,82,interpolated,0
743,24.767,1780168767,G44,242,100,interpolated,0
743,24.767,1780168767,G52,522,503,interpolated,0
743,24.767,1780168767,G54,522,503,interpolated,0
744,24.800,1780168767,G40,75,275,ok,0
744,24.800,1780168767,G34,150,268,ok,1
744,24.800,1780168767,G10,382,292,ok,1
744,24.800,1780168767,G6,174,97,ok,0
744,24.800,1780168767,G1,214,125,ok,0
744,24.800,1780168767,G44,243,100,ok,0
744,24.800,1780168767,G9,120,62,ok,0
744,24.800,1780168767,G49,522,503,ok,0
744,24.800,1780168767,G54,522,502,ok,0
744,24.800,1780168767,G52,522,503,ok,0
744,24.800,1780168767,G55,523,503,ok,0
744,24.800,1780168767,D4,56,636,ok,0
744,24.800,1780168767,D1,194,707,ok,1
744,24.800,1780168767,D18,75,653,ok,0
744,24.800,1780168767,D32,8,694,ok,0
744,24.800,1780168767,D2,369,695,ok,1
744,24.800,1780168767,D25,352,866,ok,1
744,24.800,1780168767,D22,265,908,ok,0
744,24.800,1780168767,D11,231,905,ok,0
744,24.800,1780168767,D10,209,877,ok,0
744,24.800,1780168767,D24,0,589,ok,0
744,24.800,1780168767,D40,-1,590,ok,0
744,24.800,1780168767,D27,-19,622,ok,0
744,24.800,1780168767,D6,196,897,interpolated,0
744,24.800,1780168767,G4,92,82,interpolated,0
744,24.800,1780168767,G50,244,100,interpolated,0
744,24.800,1780168767,D39,-15,617,interpolated,0
745,24.833,1780168767,G40,75,275,ok,0
745,24.833,1780168767,G34,150,268,ok,1
745,24.833,1780168767,G10,382,292,ok,1
745,24.833,1780168767,G6,174,97,ok,0
745,24.833,1780168767,G1,214,125,ok,0
745,24.833,1780168767,G44,243,100,ok,0
745,24.833,1780168767,G9,120,62,ok,0
745,24.833,1780168767,G49,522,503,ok,0
745,24.833,1780168767,G54,522,502,ok,0
745,24.833,1780168767,G55,523,503,ok,0
745,24.833,1780168767,G52,522,503,ok,0
745,24.833,1780168767,D4,56,636,ok,0
745,24.833,1780168767,D1,194,707,ok,1
745,24.833,1780168767,D18,75,653,ok,0
745,24.833,1780168767,D32,8,694,ok,0
745,24.833,1780168767,D2,369,695,ok,1
745,24.833,1780168767,D25,352,866,ok,1
745,24.833,1780168767,D22,265,908,ok,0
745,24.833,1780168767,D11,231,905,ok,0
745,24.833,1780168767,D10,209,876,ok,0
745,24.833,1780168767,D24,0,589,ok,0
745,24.833,1780168767,D40,0,590,ok,0
745,24.833,1780168767,D27,-18,621,ok,0
745,24.833,1780168767,D6,196,897,interpolated,0
745,24.833,1780168767,G4,92,82,interpolated,0
745,24.833,1780168767,G50,244,100,interpolated,0
745,24.833,1780168767,D39,-15,617,interpolated,0
746,24.867,1780168767,G40,74,275,ok,0
746,24.867,1780168767,G34,148,268,ok,1
746,24.867,1780168767,G10,384,293,ok,1
746,24.867,1780168767,G6,174,97,ok,0
746,24.867,1780168767,G50,244,100,ok,0
746,24.867,1780168767,G1,214,126,ok,1
746,24.867,1780168767,G49,522,503,ok,0
746,24.867,1780168767,G52,522,503,ok,0
746,24.867,1780168767,G54,522,502,ok,0
746,24.867,1780168767,D4,56,638,ok,0
746,24.867,1780168767,D1,194,707,ok,1
746,24.867,1780168767,D18,75,653,ok,0
746,24.867,1780168767,D32,7,694,ok,0
746,24.867,1780168767,D2,369,695,ok,1
746,24.867,1780168767,D25,351,866,ok,1
746,24.867,1780168767,D22,265,909,ok,0
746,24.867,1780168767,D11,231,906,ok,0
746,24.867,1780168767,D10,209,876,ok,0
746,24.867,1780168767,D24,0,589,ok,0
746,24.867,1780168767,D40,0,590,ok,0
746,24.867,1780168767,D27,-19,622,ok,0
746,24.867,1780168767,D6,196,897,interpolated,0
746,24.867,1780168767,G4,92,82,interpolated,0
746,24.867,1780168767,G44,243,100,interpolated,0
746,24.867,1780168767,D39,-15,617,interpolated,0
746,24.867,1780168767,G9,120,62,interpolated,0
746,24.867,1780168767,G55,523,503,interpolated,0
747,24.900,1780168767,G40,73,277,ok,0
747,24.900,1780168767,G34,147,270,ok,1
747,24.900,1780168767,G6,175,97,ok,0
747,24.900,1780168767,G10,385,292,ok,1
747,24.900,1780168767,G50,245,100,ok,0
747,24.900,1780168767,G1,215,127,ok,1
747,24.900,1780168767,G49,522,503,ok,0
747,24.900,1780168767,G52,522,503,ok,0
747,24.900,1780168767,G54,522,502,ok,0
747,24.900,1780168767,D4,55,639,ok,0
747,24.900,1780168767,D1,194,707,ok,1
747,24.900,1780168767,D18,75,652,ok,0
747,24.900,1780168767,D32,7,693,ok,0
747,24.900,1780168767,D2,368,689,ok,1
747,24.900,1780168767,D25,349,866,ok,1
747,24.900,1780168767,D11,231,906,ok,0
747,24.900,1780168767,D10,208,876,ok,0
747,24.900,1780168767,D22,265,910,ok,0
747,24.900,1780168767,D40,0,590,ok,0
747,24.900,1780168767,D24,0,589,ok,0
747,24.900,1780168767,D39,-1,590,ok,0
747,24.900,1780168767,D27,-18,621,ok,0
747,24.900,1780168767,D6,196,897,interpolated,0
747,24.900,1780168767,G4,92,82,interpolated,0
747,24.900,1780168767,G44,243,100,interpolated,0
747,24.900,1780168767,G9,120,62,interpolated,0
747,24.900,1780168767,G55,523,503,interpolated,0
748,24.933,1780168767,G40,72,282,ok,0
748,24.933,1780168767,G34,145,270,ok,1
748,24.933,1780168767,G6,175,97,ok,0
748,24.933,1780168767,G50,245,100,ok,0
748,24.933,1780168767,G10,386,292,ok,1
748,24.933,1780168767,G1,215,127,ok,1
748,24.933,1780168767,G49,522,503,ok,0
748,24.933,1780168767,G55,523,503,ok,0
748,24.933,1780168767,G4,70,74,ok,0
748,24.933,1780168767,D4,54,642,ok,0
748,24.933,1780168767,D1,194,707,ok,1
748,24.933,1780168767,D32,7,693,ok,0
748,24.933,1780168767,D18,75,652,ok,0
748,24.933,1780168767,D2,368,683,ok,1
748,24.933,1780168767,D25,346,866,ok,1
748,24.933,1780168767,D22,265,910,ok,0
748,24.933,1780168767,D10,208,876,ok,0
748,24.933,1780168767,D11,231,906,ok,0
748,24.933,1780168767,D40,0,590,ok,0
748,24.933,1780168767,D24,0,589,ok,0
748,24.933,1780168767,D39,-1,590,ok,0
748,24.933,1780168767,D27,-18,621,ok,0
748,24.933,1780168767,D6,196,897,interpolated,0
748,24.933,1780168767,G44,243,100,interpolated,0
748,24.933,1780168767,G9,120,62,interpolated,0
748,24.933,1780168767,G52,522,503,interpolated,0
748,24.933,1780168767,G54,522,502,interpolated,0
749,24.967,1780168767,G40,72,288,ok,0
749,24.967,1780168767,G34,144,274,ok,1
749,24.967,1780168767,G6,175,97,ok,0
749,24.967,1780168767,G50,245,100,ok,0
749,24.967,1780168767,G10,387,293,ok,1
749,24.967,1780168767,G1,214,127,ok,1
749,24.967,1780168767,G49,522,503,ok,0
749,24.967,1780168767,G54,522,502,ok,0
749,24.967,1780168767,G52,522,503,ok,0
749,24.967,1780168767,D4,54,645,ok,0
749,24.967,1780168767,D1,194,707,ok,1
749,24.967,1780168767,D32,7,693,ok,0
749,24.967,1780168767,D18,75,652,ok,0
749,24.967,1780168767,D25,345,865,ok,1
749,24.967,1780168767,D2,368,677,ok,1
749,24.967,1780168767,D10,207,876,ok,0
749,24.967,1780168767,D22,265,911,ok,0
749,24.967,1780168767,D11,231,905,ok,0
749,24.967,1780168767,D24,0,589,ok,0
749,24.967,1780168767,D39,-1,590,ok,0
749,24.967,1780168767,D27,-18,621,ok,0
749,24.967,1780168767,D40,-15,617,ok,0
749,24.967,1780168767,D6,196,897,interpolated,0
749,24.967,1780168767,G4,70,74,interpolated,0
749,24.967,1780168767,G44,243,100,interpolated,0
749,24.967,1780168767,G9,120,62,interpolated,0
749,24.967,1780168767,G55,523,503,interpolated,0
750,25.000,1780168768,G40,73,294,ok,0
750,25.000,1780168768,G34,142,278,ok,1
750,25.000,1780168768,G6,175,97,ok,0
750,25.000,1780168768,G50,246,99,ok,0
750,25.000,1780168768,G10,387,299,ok,1
750,25.000,1780168768,G1,214,127,ok,1
750,25.000,1780168768,G55,531,483,ok,0
750,25.000,1780168768,G54,522,500,ok,0
750,25.000,1780168768,G4,64,267,ok,0
750,25.000,1780168768,G44,204,103,ok,0
750,25.000,1780168768,D1,194,706,ok,1
750,25.000,1780168768,D4,53,646,ok,0
750,25.000,1780168768,D32,8,689,ok,0
750,25.000,1780168768,D18,76,651,ok,0
750,25.000,1780168768,D2,368,674,ok,1
750,25.000,1780168768,D25,343,866,ok,1
750,25.000,1780168768,D10,207,876,ok,0
750,25.000,1780168768,D11,231,905,ok,0
750,25.000,1780168768,D22,265,910,ok,0
750,25.000,1780168768,D24,0,590,ok,0
750,25.000,1780168768,D39,-1,590,ok,0
750,25.000,1780168768,D40,-1,590,ok,0
750,25.000,1780168768,D6,371,698,ok,1
750,25.000,1780168768,D27,-18,621,interpolated,0
750,25.000,1780168768,G49,522,503,interpolated,0
750,25.000,1780168768,G9,120,62,interpolated,0
750,25.000,1780168768,G52,522,503,interpolated,0
751,25.033,1780168768,G40,73,294,ok,0
751,25.033,1780168768,G34,142,278,ok,1
751,25.033,1780168768,G6,175,97,ok,0
751,25.033,1780168768,G50,246,99,ok,0
751,25.033,1780168768,G10,387,299,ok,1
751,25.033,1780168768,G1,214,127,ok,1
751,25.033,1780168768,G55,531,483,ok,0
751,25.033,1780168768,G54,523,500,ok,0
751,25.033,1780168768,G4,64,267,ok,0
751,25.033,1780168768,G44,204,103,ok,0
751,25.033,1780168768,D1,194,706,ok,1
751,25.033,1780168768,D4,53,646,ok,0
751,25.033,1780168768,D32,8,689,ok,0
751,25.033,1780168768,D18,75,651,ok,0
751,25.033,1780168768,D2,368,674,ok,1
751,25.033,1780168768,D25,343,865,ok,1
751,25.033,1780168768,D10,207,875,ok,0
751,25.033,1780168768,D11,231,905,ok,0
751,25.033,1780168768,D22,265,910,ok,0
751,25.033,1780168768,D24,0,590,ok,0
751,25.033,1780168768,D39,-1,590,ok,0
751,25.033,1780168768,D40,-1,590,ok,0
751,25.033,1780168768,D6,371,698,ok,1
751,25.033,1780168768,D27,0,588,ok,0
751,25.033,1780168768,G49,522,503,interpolated,0
751,25.033,1780168768,G9,120,62,interpolated,0
751,25.033,1780168768,G52,522,503,interpolated,0
752,25.067,1780168768,G34,141,279,ok,1
752,25.067,1780168768,G6,175,97,ok,0
752,25.067,1780168768,G10,385,309,ok,1
752,25.067,1780168768,G40,73,297,ok,0
752,25.067,1780168768,G50,246,100,ok,0
752,25.067,1780168768,G1,215,127,ok,1
752,25.067,1780168768,G4,66,271,ok,0
752,25.067,1780168768,G49,522,502,ok,0
752,25.067,1780168768,G44,204,104,ok,0
752,25.067,1780168768,G55,531,483,ok,0
752,25.067,1780168768,D1,195,707,ok,1
752,25.067,1780168768,D32,10,684,ok,0
752,25.067,1780168768,D4,53,646,ok,0
752,25.067,1780168768,D18,76,648,ok,0
752,25.067,1780168768,D2,368,673,ok,1
752,25.067,1780168768,D25,343,865,ok,1
752,25.067,1780168768,D10,206,876,ok,0
752,25.067,1780168768,D11,231,905,ok,0
752,25.067,1780168768,D22,265,911,ok,0
752,25.067,1780168768,D24,0,590,ok,0
752,25.067,1780168768,D39,0,590,ok,0
752,25.067,1780168768,D40,-18,620,ok,0
752,25.067,1780168768,D6,371,698,interpolated,1
752,25.067,1780168768,D27,0,588,interpolated,0
752,25.067,1780168768,G9,120,62,interpolated,0
752,25.067,1780168768,G52,522,503,interpolated,0
752,25.067,1780168768,G54,523,500,interpolated,0
753,25.100,1780168768,G34,140,280,ok,1
753,25.100,1780168768,G10,386,315,ok,1
753,25.100,1780168768,G6,175,97,ok,0
753,25.100,1780168768,G50,246,100,ok,0
753,25.100,1780168768,G40,72,296,ok,0
753,25.100,1780168768,G1,216,127,ok,1
753,25.100,1780168768,G4,66,274,ok,0
753,25.100,1780168768,G44,204,100,ok,0
753,25.100,1780168768,G49,522,502,ok,0
753,25.100,1780168768,G55,531,482,ok,0
753,25.100,1780168768,D1,195,707,ok,1
753,25.100,1780168768,D32,11,681,ok,0
753,25.100,1780168768,D4,54,646,ok,0
753,25.100,1780168768,D18,77,644,ok,0
753,25.100,1780168768,D2,368,672,ok,1
753,25.100,1780168768,D25,343,866,ok,1
753,25.100,1780168768,D10,206,876,ok,0
753,25.100,1780168768,D11,231,904,ok,0
753,25.100,1780168768,D22,265,911,ok,0
753,25.100,1780168768,D24,0,590,ok,0
753,25.100,1780168768,D39,0,590,ok,0
753,25.100,1780168768,D40,-18,620,ok,0
753,25.100,1780168768,D6,371,698,interpolated,1
753,25.100,1780168768,D27,0,588,interpolated,0
753,25.100,1780168768,G9,120,62,interpolated,0
753,25.100,1780168768,G52,522,503,interpolated,0
753,25.100,1780168768,G54,523,500,interpolated,0
754,25.133,1780168768,G34,139,281,ok,1
754,25.133,1780168768,G10,385,318,ok,1
754,25.133,1780168768,G40,71,296,ok,0
754,25.133,1780168768,G6,175,97,ok,0
754,25.133,1780168768,G50,246,100,ok,0
754,25.133,1780168768,G1,219,128,ok,1
754,25.133,1780168768,G44,204,104,ok,0
754,25.133,1780168768,G49,522,502,ok,0
754,25.133,1780168768,G4,66,279,ok,0
754,25.133,1780168768,G55,531,482,ok,0
754,25.133,1780168768,D1,194,707,ok,1
754,25.133,1780168768,D32,11,680,ok,0
754,25.133,1780168768,D4,54,646,ok,0
754,25.133,1780168768,D18,78,641,ok,1
754,25.133,1780168768,D2,369,673,ok,1
754,25.133,1780168768,D10,206,876,ok,0
754,25.133,1780168768,D25,343,868,ok,0
754,25.133,1780168768,D11,231,905,ok,0
754,25.133,1780168768,D22,265,911,ok,0
754,25.133,1780168768,D27,0,589,ok,0
754,25.133,1780168768,D24,0,590,ok,0
754,25.133,1780168768,D40,-18,620,ok,0
754,25.133,1780168768,D6,371,698,interpolated,1
754,25.133,1780168768,D39,0,590,interpolated,0
754,25.133,1780168768,G9,120,62,interpolated,0
754,25.133,1780168768,G52,522,503,interpolated,0
754,25.133,1780168768,G54,523,500,interpolated,0
755,25.167,1780168768,G34,138,281,ok,1
755,25.167,1780168768,G10,385,318,ok,1
755,25.167,1780168768,G40,70,297,ok,0
755,25.167,1780168768,G6,175,97,ok,0
755,25.167,1780168768,G50,246,99,ok,0
755,25.167,1780168768,G1,223,128,ok,1
755,25.167,1780168768,G44,204,105,ok,0
755,25.167,1780168768,G49,522,502,ok,0
755,25.167,1780168768,D32,11,679,ok,0
755,25.167,1780168768,D1,194,708,ok,1
755,25.167,1780168768,D4,54,646,ok,0
755,25.167,1780168768,D18,77,639,ok,0
755,25.167,1780168768,D2,368,673,ok,1
755,25.167,1780168768,D10,206,876,ok,0
755,25.167,1780168768,D11,231,905,ok,0
755,25.167,1780168768,D25,342,868,ok,0
755,25.167,1780168768,D22,265,911,ok,0
755,25.167,1780168768,D27,0,589,ok,0
755,25.167,1780168768,D24,0,590,ok,0
755,25.167,1780168768,D40,-18,620,ok,0
755,25.167,1780168768,D6,371,698,interpolated,1
755,25.167,1780168768,G4,66,279,interpolated,0
755,25.167,1780168768,D39,0,590,interpolated,0
755,25.167,1780168768,G9,120,62,interpolated,0
755,25.167,1780168768,G52,522,503,interpolated,0
755,25.167,1780168768,G54,523,500,interpolated,0
755,25.167,1780168768,G55,531,482,interpolated,0
756,25.200,1780168768,G34,138,282,ok,1
756,25.200,1780168768,G10,388,317,ok,1
756,25.200,1780168768,G40,70,296,ok,0
756,25.200,1780168768,G6,175,97,ok,0
756,25.200,1780168768,G50,246,100,ok,0
756,25.200,1780168768,G1,227,128,ok,1
756,25.200,1780168768,G44,204,104,ok,0
756,25.200,1780168768,G55,529,487,ok,0
756,25.200,1780168768,D1,194,710,ok,1
756,25.200,1780168768,D32,12,676,ok,0
756,25.200,1780168768,D4,55,646,ok,0
756,25.200,1780168768,D18,77,638,ok,0
756,25.200,1780168768,D10,206,875,ok,0
756,25.200,1780168768,D2,368,672,ok,1
756,25.200,1780168768,D11,232,904,ok,0
756,25.200,1780168768,D25,341,870,ok,0
756,25.200,1780168768,D22,264,910,ok,0
756,25.200,1780168768,D24,0,590,ok,0
756,25.200,1780168768,D39,-1,591,ok,0
756,25.200,1780168768,D27,0,588,ok,0
756,25.200,1780168768,D6,-8,620,ok,0
756,25.200,1780168768,D41,-16,618,ok,0
756,25.200,1780168768,D40,-18,620,ok,0
756,25.200,1780168768,G4,66,279,interpolated,0
756,25.200,1780168768,G49,522,502,interpolated,0
756,25.200,1780168768,G52,522,503,interpolated,0
756,25.200,1780168768,G54,523,500,interpolated,0
757,25.233,1780168768,G34,138,282,ok,1
757,25.233,1780168768,G10,388,317,ok,1
757,25.233,1780168768,G40,70,297,ok,0
757,25.233,1780168768,G6,175,97,ok,0
757,25.233,1780168768,G50,246,100,ok,0
757,25.233,1780168768,G1,227,128,ok,1
757,25.233,1780168768,G44,204,104,ok,0
757,25.233,1780168768,G55,529,487,ok,0
757,25.233,1780168768,D1,194,710,ok,1
757,25.233,1780168768,D32,12,676,ok,0
757,25.233,1780168768,D4,55,646,ok,0
757,25.233,1780168768,D18,77,638,ok,0
757,25.233,1780168768,D2,368,671,ok,1
757,25.233,1780168768,D10,206,875,ok,0
757,25.233,1780168768,D11,231,904,ok,0
757,25.233,1780168768,D25,341,870,ok,0
757,25.233,1780168768,D22,264,910,ok,0
757,25.233,1780168768,D24,0,590,ok,0
757,25.233,1780168768,D39,-1,591,ok,0
757,25.233,1780168768,D27,0,588,ok,0
757,25.233,1780168768,D6,-8,620,ok,0
757,25.233,1780168768,D40,-18,620,ok,0
757,25.233,1780168768,D41,-16,618,ok,0
757,25.233,1780168768,G4,66,279,interpolated,0
757,25.233,1780168768,G49,522,502,interpolated,0
757,25.233,1780168768,G52,522,503,interpolated,0
757,25.233,1780168768,G54,523,500,interpolated,0
758,25.267,1780168768,G34,137,283,ok,1
758,25.267,1780168768,G10,390,317,ok,1
758,25.267,1780168768,G40,69,297,ok,0
758,25.267,1780168768,G6,175,97,ok,0
758,25.267,1780168768,G50,246,100,ok,0
758,25.267,1780168768,G1,230,129,ok,1
758,25.267,1780168768,G44,204,105,ok,0
758,25.267,1780168768,G9,92,84,ok,0
758,25.267,1780168768,G55,529,487,ok,0
758,25.267,1780168768,D1,194,709,ok,1
758,25.267,1780168768,D32,12,675,ok,0
758,25.267,1780168768,D4,55,646,ok,0
758,25.267,1780168768,D18,77,638,ok,0
758,25.267,1780168768,D2,368,672,ok,1
758,25.267,1780168768,D10,206,875,ok,0
758,25.267,1780168768,D11,231,903,ok,0
758,25.267,1780168768,D25,340,872,ok,0
758,25.267,1780168768,D22,264,910,ok,0
758,25.267,1780168768,D27,0,589,ok,0
758,25.267,1780168768,D24,0,590,ok,0
758,25.267,1780168768,D6,-8,620,ok,0
758,25.267,1780168768,D42,209,902,ok,0
758,25.267,1780168768,D40,-18,620,ok,0
758,25.267,1780168768,G4,66,279,interpolated,0
758,25.267,1780168768,D39,-1,591,interpolated,0
758,25.267,1780168768,G49,522,502,interpolated,0
758,25.267,1780168768,G52,522,503,interpolated,0
758,25.267,1780168768,G54,523,500,interpolated,0
758,25.267,1780168768,D41,-16,618,interpolated,0
759,25.300,1780168768,G34,136,283,ok,1
759,25.300,1780168768,G10,392,318,ok,1
759,25.300,1780168768,G40,71,307,ok,0
759,25.300,1780168768,G50,247,100,ok,0
759,25.300,1780168768,G6,175,97,ok,0
759,25.300,1780168768,G1,231,132,ok,1
759,25.300,1780168768,G44,204,104,ok,0
759,25.300,1780168768,G9,92,84,ok,0
759,25.300,1780168768,G55,528,489,ok,0
759,25.300,1780168768,D1,196,708,ok,1
759,25.300,1780168768,D32,12,674,ok,0
759,25.300,1780168768,D4,55,646,ok,0
759,25.300,1780168768,D18,78,638,ok,1
759,25.300,1780168768,D2,368,673,ok,1
759,25.300,1780168768,D10,205,875,ok,0
759,25.300,1780168768,D22,262,910,ok,0
759,25.300,1780168768,D11,231,903,ok,0
759,25.300,1780168768,D25,339,873,ok,0
759,25.300,1780168768,D24,0,590,ok,0
759,25.300,1780168768,D27,0,589,ok,0
759,25.300,1780168768,D42,210,898,ok,0
759,25.300,1780168768,D6,-8,620,ok,0
759,25.300,1780168768,D40,-18,620,ok,0
759,25.300,1780168768,G4,66,279,interpolated,0
759,25.300,1780168768,D39,-1,591,interpolated,0
759,25.300,1780168768,G49,522,502,interpolated,0
759,25.300,1780168768,G52,522,503,interpolated,0
759,25.300,1780168768,G54,523,500,interpolated,0
759,25.300,1780168768,D41,-16,618,interpolated,0
760,25.333,1780168768,G10,391,328,ok,1
760,25.333,1780168768,G34,136,285,ok,1
760,25.333,1780168768,G40,73,314,ok,0
760,25.333,1780168768,G6,175,97,ok,0
760,25.333,1780168768,G50,247,100,ok,0
760,25.333,1780168768,G44,205,105,ok,0
760,25.333,1780168768,G1,233,132,ok,1
760,25.333,1780168768,G9,92,84,ok,0
760,25.333,1780168768,G54,428,367,ok,1
760,25.333,1780168768,G55,528,488,ok,0
760,25.333,1780168768,D32,11,674,ok,0
760,25.333,1780168768,D1,196,707,ok,1
760,25.333,1780168768,D4,55,646,ok,0
760,25.333,1780168768,D18,77,638,ok,0
760,25.333,1780168768,D2,369,672,ok,1
760,25.333,1780168768,D10,205,875,ok,0
760,25.333,1780168768,D11,231,903,ok,0
760,25.333,1780168768,D22,262,910,ok,0
760,25.333,1780168768,D25,337,875,ok,0
760,25.333,1780168768,D42,211,895,ok,0
760,25.333,1780168768,D24,0,590,ok,0
760,25.333,1780168768,D27,0,590,ok,0
760,25.333,1780168768,D6,-8,620,ok,0
760,25.333,1780168768,D41,-16,618,ok,0
760,25.333,1780168768,D40,-18,620,ok,0
760,25.333,1780168768,G4,66,279,interpolated,0
760,25.333,1780168768,D39,-1,591,interpolated,0
760,25.333,1780168768,G49,522,502,interpolated,0
761,25.367,1780168768,G10,390,337,ok,1
761,25.367,1780168768,G40,73,320,ok,0
761,25.367,1780168768,G6,175,97,ok,0
761,25.367,1780168768,G50,248,100,ok,0
761,25.367,1780168768,G34,135,285,ok,1
761,25.367,1780168768,G44,205,105,ok,0
761,25.367,1780168768,G49,130,284,ok,1
761,25.367,1780168768,G1,236,136,ok,1
761,25.367,1780168768,G4,69,321,ok,0
761,25.367,1780168768,G9,92,84,ok,0
761,25.367,1780168768,G54,428,367,ok,1
761,25.367,1780168768,G55,529,486,ok,0
761,25.367,1780168768,D1,196,706,ok,1
761,25.367,1780168768,D32,10,675,ok,0
761,25.367,1780168768,D4,55,647,ok,0
761,25.367,1780168768,D18,77,638,ok,0
761,25.367,1780168768,D10,207,876,ok,0
761,25.367,1780168768,D2,372,672,ok,1
761,25.367,1780168768,D25,336,875,ok,0
761,25.367,1780168768,D11,230,904,ok,0
761,25.367,1780168768,D42,212,895,ok,0
761,25.367,1780168768,D22,263,911,ok,0
761,25.367,1780168768,D24,0,590,ok,0
761,25.367,1780168768,D27,0,590,ok,0
761,25.367,1780168768,D6,-8,620,ok,0
761,25.367,1780168768,D40,-18,620,ok,0
761,25.367,1780168768,D39,-1,591,interpolated,0
761,25.367,1780168768,D41,-16,618,interpolated,0
762,25.400,1780168768,G10,391,344,ok,1
762,25.400,1780168768,G40,72,322,ok,0
762,25.400,1780168768,G6,175,97,ok,0
762,25.400,1780168768,G1,239,137,ok,1
762,25.400,1780168768,G50,249,98,ok,0
762,25.400,1780168768,G49,129,284,ok,1
762,25.400,1780168768,G44,205,105,ok,0
762,25.400,1780168768,G34,133,284,ok,1
762,25.400,1780168768,G9,92,84,ok,0
762,25.400,1780168768,G54,428,367,ok,1
762,25.400,1780168768,G55,529,486,ok,0
762,25.400,1780168768,D1,196,706,ok,1
762,25.400,1780168768,D32,9,675,ok,0
762,25.400,1780168768,D4,55,648,ok,0
762,25.400,1780168768,D18,77,638,ok,0
762,25.400,1780168768,D2,371,668,ok,1
762,25.400,1780168768,D25,335,875,ok,0
762,25.400,1780168768,D10,207,877,ok,0
762,25.400,1780168768,D11,230,905,ok,0
762,25.400,1780168768,D42,213,896,ok,0
762,25.400,1780168768,D22,264,910,ok,0
762,25.400,1780168768,D24,0,590,ok,0
762,25.400,1780168768,D27,0,590,ok,0
762,25.400,1780168768,D6,-8,620,ok,0
762,25.400,1780168768,D40,-18,620,ok,0
762,25.400,1780168768,G4,69,321,interpolated,0
762,25.400,1780168768,D39,-1,591,interpolated,0
762,25.400,1780168768,D41,-16,618,interpolated,0
763,25.433,1780168768,G10,391,344,ok,1
763,25.433,1780168768,G40,72,322,ok,0
763,25.433,1780168768,G6,175,97,ok,0
763,25.433,1780168768,G1,239,137,ok,1
763,25.433,1780168768,G50,249,98,ok,0
763,25.433,1780168768,G49,129,284,ok,1
763,25.433,1780168768,G44,205,105,ok,0
763,25.433,1780168768,G34,133,284,ok,1
763,25.433,1780168768,G9,92,84,ok,0
763,25.433,1780168768,G54,428,367,ok,1
763,25.433,1780168768,G55,529,487,ok,0
763,25.433,1780168768,D1,196,706,ok,1
763,25.433,1780168768,D32,9,675,ok,0
763,25.433,1780168768,D4,55,648,ok,0
763,25.433,1780168768,D18,77,638,ok,0
763,25.433,1780168768,D2,371,668,ok,1
763,25.433,1780168768,D25,335,875,ok,0
763,25.433,1780168768,D10,207,877,ok,0
763,25.433,1780168768,D11,230,905,ok,0
763,25.433,1780168768,D42,213,896,ok,0
763,25.433,1780168768,D22,264,911,ok,0
763,25.433,1780168768,D24,0,590,ok,0
763,25.433,1780168768,D27,0,590,ok,0
763,25.433,1780168768,D6,-8,620,ok,0
763,25.433,1780168768,D40,-18,620,ok,0
763,25.433,1780168768,D41,-16,618,ok,0
763,25.433,1780168768,G4,69,321,interpolated,0
763,25.433,1780168768,D39,-1,591,interpolated,0
764,25.467,1780168768,G10,391,349,ok,1
764,25.467,1780168768,G4,69,323,ok,0
764,25.467,1780168768,G6,175,97,ok,0
764,25.467,1780168768,G50,249,99,ok,0
764,25.467,1780168768,G34,131,285,ok,1
764,25.467,1780168768,G44,205,105,ok,0
764,25.467,1780168768,G1,243,137,ok,1
764,25.467,1780168768,G55,528,488,ok,0
764,25.467,1780168768,G9,92,84,ok,0
764,25.467,1780168768,D1,196,705,ok,1
764,25.467,1780168768,D32,8,674,ok,0
764,25.467,1780168768,D4,55,648,ok,0
764,25.467,1780168768,D18,76,638,ok,0
764,25.467,1780168768,D10,206,877,ok,0
764,25.467,1780168768,D25,333,874,ok,0
764,25.467,1780168768,D11,231,905,ok,0
764,25.467,1780168768,D2,373,669,ok,1
764,25.467,1780168768,D42,213,898,ok,0
764,25.467,1780168768,D22,265,911,ok,0
764,25.467,1780168768,D24,0,590,ok,0
764,25.467,1780168768,D39,-1,591,ok,0
764,25.467,1780168768,D27,-1,590,ok,0
764,25.467,1780168768,D6,-8,620,ok,0
764,25.467,1780168768,D40,-18,620,ok,0
764,25.467,1780168768,G40,72,322,interpolated,0
764,25.467,1780168768,G49,129,284,interpolated,1
764,25.467,1780168768,G54,428,367,interpolated,1
764,25.467,1780168768,D41,-16,618,interpolated,0
765,25.500,1780168768,G4,69,323,ok,0
765,25.500,1780168768,G10,394,353,ok,1
765,25.500,1780168768,G6,175,97,ok,0
765,25.500,1780168768,G49,127,286,ok,1
765,25.500,1780168768,G44,205,105,ok,0
765,25.500,1780168768,G50,250,81,ok,0
765,25.500,1780168768,G1,247,138,ok,1
765,25.500,1780168768,G9,91,85,ok,0
765,25.500,1780168768,G40,-6,364,ok,0
765,25.500,1780168768,G54,522,500,ok,0
765,25.500,1780168768,G55,531,483,ok,0
765,25.500,1780168768,D1,195,705,ok,1
765,25.500,1780168768,D32,7,674,ok,0
765,25.500,1780168768,D4,55,651,ok,0
765,25.500,1780168768,D18,77,638,ok,0
765,25.500,1780168768,D10,204,877,ok,0
765,25.500,1780168768,D25,331,874,ok,0
765,25.500,1780168768,D2,370,652,ok,1
765,25.500,1780168768,D42,215,897,ok,0
765,25.500,1780168768,D11,230,906,ok,0
765,25.500,1780168768,D22,265,910,ok,0
765,25.500,1780168768,D24,0,590,ok,0
765,25.500,1780168768,D27,-1,590,ok,0
765,25.500,1780168768,D6,-8,620,ok,0
765,25.500,1780168768,D40,-18,620,ok,0
765,25.500,1780168768,D41,-16,618,ok,0
765,25.500,1780168768,G34,131,285,interpolated,1
765,25.500,1780168768,D39,-1,591,interpolated,0
766,25.533,1780168768,G4,67,323,ok,0
766,25.533,1780168768,G10,395,353,ok,1
766,25.533,1780168768,G6,175,97,ok,0
766,25.533,1780168768,G49,128,288,ok,1
766,25.533,1780168768,G44,205,106,ok,0
766,25.533,1780168768,G1,251,137,ok,1
766,25.533,1780168768,G50,250,91,ok,0
766,25.533,1780168768,G40,-6,364,ok,0
766,25.533,1780168768,G9,91,86,ok,0
766,25.533,1780168768,G54,522,502,ok,0
766,25.533,1780168768,G55,531,483,ok,0
766,25.533,1780168768,D1,193,706,ok,1
766,25.533,1780168768,D4,55,653,ok,0
766,25.533,1780168768,D32,6,674,ok,0
766,25.533,1780168768,D18,77,638,ok,0
766,25.533,1780168768,D25,329,875,ok,0
766,25.533,1780168768,D42,216,897,ok,0
766,25.533,1780168768,D10,204,877,ok,0
766,25.533,1780168768,D11,230,906,ok,0
766,25.533,1780168768,D2,372,648,ok,1
766,25.533,1780168768,D22,265,910,ok,0
766,25.533,1780168768,D43,376,672,ok,1
766,25.533,1780168768,D24,0,590,ok,0
766,25.533,1780168768,D27,-1,590,ok,0
766,25.533,1780168768,D6,-8,620,ok,0
766,25.533,1780168768,D41,-16,617,ok,0
766,25.533,1780168768,D40,-18,620,ok,0
766,25.533,1780168768,G34,131,285,interpolated,1
766,25.533,1780168768,D39,-1,591,interpolated,0
767,25.567,1780168768,G4,66,324,ok,0
767,25.567,1780168768,G10,394,353,ok,1
767,25.567,1780168768,G6,175,97,ok,0
767,25.567,1780168768,G49,126,290,ok,1
767,25.567,1780168768,G50,250,95,ok,0
767,25.567,1780168768,G44,205,105,ok,0
767,25.567,1780168768,G1,254,138,ok,1
767,25.567,1780168768,G9,90,85,ok,0
767,25.567,1780168768,G55,531,483,ok,0
767,25.567,1780168768,G54,522,504,ok,0
767,25.567,1780168768,D1,192,706,ok,1
767,25.567,1780168768,D4,54,656,ok,0
767,25.567,1780168768,D32,7,669,ok,0
767,25.567,1780168768,D18,77,638,ok,0
767,25.567,1780168768,D2,373,644,ok,1
767,25.567,1780168768,D25,328,875,ok,0
767,25.567,1780168768,D42,216,897,ok,0
767,25.567,1780168768,D10,203,877,ok,0
767,25.567,1780168768,D11,230,906,ok,0
767,25.567,1780168768,D22,265,909,ok,0
767,25.567,1780168768,D24,0,590,ok,0
767,25.567,1780168768,D27,-1,590,ok,0
767,25.567,1780168768,D6,-8,620,ok,0
767,25.567,1780168768,D40,-18,620,ok,0
767,25.567,1780168768,D41,-16,618,ok,0
767,25.567,1780168768,G40,-6,364,interpolated,0
767,25.567,1780168768,G34,131,285,interpolated,1
767,25.567,1780168768,D39,-1,591,interpolated,0
767,25.567,1780168768,D43,376,672,interpolated,1
768,25.600,1780168768,G4,68,334,ok,0
768,25.600,1780168768,G10,396,353,ok,1
768,25.600,1780168768,G6,175,97,ok,0
768,25.600,1780168768,G50,251,98,ok,0
768,25.600,1780168768,G49,123,286,ok,1
768,25.600,1780168768,G44,205,105,ok,0
768,25.600,1780168768,G34,128,304,ok,1
768,25.600,1780168768,G1,256,139,ok,1
768,25.600,1780168768,G56,-17,311,ok,0
768,25.600,1780168768,G40,-6,364,ok,0
768,25.600,1780168768,G55,531,483,ok,0
768,25.600,1780168768,D1,191,705,ok,1
768,25.600,1780168768,D4,53,658,ok,0
768,25.600,1780168768,D32,8,665,ok,0
768,25.600,1780168768,D18,77,634,ok,0
768,25.600,1780168768,D42,217,897,ok,0
768,25.600,1780168768,D25,327,875,ok,0
768,25.600,1780168768,D10,203,876,ok,0
768,25.600,1780168768,D11,230,906,ok,0
768,25.600,1780168768,D2,375,644,ok,1
768,25.600,1780168768,D22,266,908,ok,0
768,25.600,1780168768,D27,-1,590,ok,0
768,25.600,1780168768,D24,0,589,ok,0
768,25.600,1780168768,D6,-8,620,ok,0
768,25.600,1780168768,D39,-1,590,ok,0
768,25.600,1780168768,D40,-18,620,ok,0
768,25.600,1780168768,D41,-15,615,ok,0
768,25.600,1780168768,G54,522,504,interpolated,0
768,25.600,1780168768,G9,90,85,interpolated,0
768,25.600,1780168768,D43,376,672,interpolated,1
769,25.633,1780168768,G4,68,334,ok,0
769,25.633,1780168768,G10,396,353,ok,1
769,25.633,1780168768,G6,175,97,ok,0
769,25.633,1780168768,G50,251,98,ok,0
769,25.633,1780168768,G49,123,286,ok,1
769,25.633,1780168768,G44,205,105,ok,0
769,25.633,1780168768,G34,128,304,ok,1
769,25.633,1780168768,G1,256,139,ok,1
769,25.633,1780168768,G56,-17,311,ok,0
769,25.633,1780168768,G55,531,483,ok,0
769,25.633,1780168768,G40,-6,364,ok,0
769,25.633,1780168768,D1,191,705,ok,1
769,25.633,1780168768,D4,53,658,ok,0
769,25.633,1780168768,D32,8,665,ok,0
769,25.633,1780168768,D18,77,634,ok,0
769,25.633,1780168768,D42,217,897,ok,0
769,25.633,1780168768,D25,327,875,ok,0
769,25.633,1780168768,D10,203,876,ok,0
769,25.633,1780168768,D11,230,906,ok,0
769,25.633,1780168768,D2,375,644,ok,1
769,25.633,1780168768,D22,266,908,ok,0
769,25.633,1780168768,D27,-1,590,ok,0
769,25.633,1780168768,D24,0,589,ok,0
769,25.633,1780168768,D6,-8,620,ok,0
769,25.633,1780168768,D39,-1,590,ok,0
769,25.633,1780168768,D40,-18,620,ok,0
769,25.633,1780168768,D41,-15,615,ok,0
769,25.633,1780168768,G54,522,504,interpolated,0
769,25.633,1780168768,G9,90,85,interpolated,0
769,25.633,1780168768,D43,376,672,interpolated,1
770,25.667,1780168768,G4,70,344,ok,0
770,25.667,1780168768,G10,397,355,ok,1
770,25.667,1780168768,G6,175,97,ok,0
770,25.667,1780168768,G49,123,292,ok,1
770,25.667,1780168768,G50,251,100,ok,0
770,25.667,1780168768,G44,205,105,ok,0
770,25.667,1780168768,G1,260,148,ok,1
770,25.667,1780168768,G55,531,482,ok,0
770,25.667,1780168768,G9,90,86,ok,0
770,25.667,1780168768,G54,521,504,ok,0
770,25.667,1780168768,G57,521,504,ok,0
770,25.667,1780168768,D1,191,704,ok,1
770,25.667,1780168768,D4,52,664,ok,0
770,25.667,1780168768,D32,8,663,ok,0
770,25.667,1780168768,D2,375,644,ok,1
770,25.667,1780168768,D18,79,630,ok,1
770,25.667,1780168768,D25,326,875,ok,0
770,25.667,1780168768,D42,217,896,ok,0
770,25.667,1780168768,D10,203,875,ok,0
770,25.667,1780168768,D11,230,906,ok,0
770,25.667,1780168768,D27,-1,590,ok,0
770,25.667,1780168768,D24,0,589,ok,0
770,25.667,1780168768,D22,267,909,ok,0
770,25.667,1780168768,D6,-8,620,ok,0
770,25.667,1780168768,D39,-1,590,ok,0
770,25.667,1780168768,D40,-18,620,ok,0
770,25.667,1780168768,D41,-15,615,ok,0
770,25.667,1780168768,D43,-3,593,ok,0
770,25.667,1780168768,G40,-6,364,interpolated,0
770,25.667,1780168768,G34,128,304,interpolated,1
770,25.667,1780168768,G56,-17,311,interpolated,0
771,25.700,1780168768,G4,71,350,ok,0
771,25.700,1780168768,G10,396,367,ok,1
771,25.700,1780168768,G6,175,97,ok,0
771,25.700,1780168768,G50,251,100,ok,0
771,25.700,1780168768,G49,124,297,ok,1
771,25.700,1780168768,G44,205,105,ok,0
771,25.700,1780168768,G1,263,154,ok,1
771,25.700,1780168768,G55,531,482,ok,0
771,25.700,1780168768,D1,190,703,ok,1
771,25.700,1780168768,D4,52,666,ok,0
771,25.700,1780168768,D32,9,662,ok,0
771,25.700,1780168768,D18,80,626,ok,1
771,25.700,1780168768,D25,326,874,ok,0
771,25.700,1780168768,D42,217,896,ok,0
771,25.700,1780168768,D2,375,644,ok,1
771,25.700,1780168768,D10,203,875,ok,0
771,25.700,1780168768,D11,230,906,ok,0
771,25.700,1780168768,D24,-1,591,ok,0
771,25.700,1780168768,D27,-1,590,ok,0
771,25.700,1780168768,D22,268,909,ok,0
771,25.700,1780168768,D6,-8,620,ok,0
771,25.700,1780168768,D39,-1,590,ok,0
771,25.700,1780168768,D40,-18,620,ok,0
771,25.700,1780168768,D41,-15,615,ok,0
771,25.700,1780168768,G40,-6,364,interpolated,0
771,25.700,1780168768,G34,128,304,interpolated,1
771,25.700,1780168768,G54,521,504,interpolated,0
771,25.700,1780168768,G9,90,86,interpolated,0
771,25.700,1780168768,D43,-3,593,interpolated,0
771,25.700,1780168768,G56,-17,311,interpolated,0
771,25.700,1780168768,G57,521,504,interpolated,0
772,25.733,1780168768,G4,70,355,ok,0
772,25.733,1780168768,G10,395,376,ok,1
772,25.733,1780168768,G34,124,305,ok,1
772,25.733,1780168768,G6,175,97,ok,0
772,25.733,1780168768,G50,251,100,ok,0
772,25.733,1780168768,G44,205,105,ok,0
772,25.733,1780168768,G1,266,154,ok,1
772,25.733,1780168768,G55,531,483,ok,0
772,25.733,1780168768,G54,521,504,ok,0
772,25.733,1780168768,D1,190,702,ok,1
772,25.733,1780168768,D4,53,666,ok,0
772,25.733,1780168768,D32,9,661,ok,0
772,25.733,1780168768,D18,81,623,ok,1
772,25.733,1780168768,D25,325,875,ok,0
772,25.733,1780168768,D42,218,897,ok,0
772,25.733,1780168768,D11,230,906,ok,0
772,25.733,1780168768,D22,268,909,ok,0
772,25.733,1780168768,D10,203,873,ok,0
772,25.733,1780168768,D39,0,590,ok,0
772,25.733,1780168768,D44,379,658,ok,1
772,25.733,1780168768,D27,-1,590,ok,0
772,25.733,1780168768,D2,377,644,ok,1
772,25.733,1780168768,D6,-8,620,ok,0
772,25.733,1780168768,D40,-18,620,ok,0
772,25.733,1780168768,D41,-16,617,ok,0
772,25.733,1780168768,D24,-1,591,interpolated,0
772,25.733,1780168768,G40,-6,364,interpolated,0
772,25.733,1780168768,G49,124,297,interpolated,1
772,25.733,1780168768,G9,90,86,interpolated,0
772,25.733,1780168768,D43,-3,593,interpolated,0
772,25.733,1780168768,G56,-17,311,interpolated,0
772,25.733,1780168768,G57,521,504,interpolated,0
773,25.767,1780168768,G4,69,356,ok,0
773,25.767,1780168768,G10,395,383,ok,1
773,25.767,1780168768,G34,121,301,ok,1
773,25.767,1780168768,G6,175,97,ok,0
773,25.767,1780168768,G50,251,100,ok,0
773,25.767,1780168768,G1,272,155,ok,1
773,25.767,1780168768,G44,205,105,ok,0
773,25.767,1780168768,G55,530,484,ok,0
773,25.767,1780168768,G54,522,504,ok,0
773,25.767,1780168768,G57,522,504,ok,0
773,25.767,1780168768,D1,190,698,ok,1
773,25.767,1780168768,D32,10,658,ok,0
773,25.767,1780168768,D4,55,665,ok,0
773,25.767,1780168768,D18,82,621,ok,1
773,25.767,1780168768,D25,324,876,ok,0
773,25.767,1780168768,D2,377,639,ok,1
773,25.767,1780168768,D42,219,896,ok,0
773,25.767,1780168768,D22,269,909,ok,0
773,25.767,1780168768,D11,230,906,ok,0
773,25.767,1780168768,D10,202,871,ok,0
773,25.767,1780168768,D24,106,574,ok,1
773,25.767,1780168768,D27,0,589,ok,0
773,25.767,1780168768,D39,0,590,ok,0
773,25.767,1780168768,D6,-8,620,ok,0
773,25.767,1780168768,G40,-6,364,interpolated,0
773,25.767,1780168768,D40,-18,620,interpolated,0
773,25.767,1780168768,G49,124,297,interpolated,1
773,25.767,1780168768,D41,-16,617,interpolated,0
773,25.767,1780168768,G9,90,86,interpolated,0
773,25.767,1780168768,D43,-3,593,interpolated,0
773,25.767,1780168768,G56,-17,311,interpolated,0
773,25.767,1780168768,D44,379,658,interpolated,1
774,25.800,1780168768,G4,67,356,ok,0
774,25.800,1780168768,G10,397,387,ok,1
774,25.800,1780168768,G34,122,314,ok,1
774,25.800,1780168768,G6,175,97,ok,0
774,25.800,1780168768,G50,251,100,ok,0
774,25.800,1780168768,G44,205,105,ok,0
774,25.800,1780168768,G54,522,504,ok,0
774,25.800,1780168768,G1,276,155,ok,1
774,25.800,1780168768,G55,531,482,ok,0
774,25.800,1780168768,G57,516,517,ok,0
774,25.800,1780168768,D1,188,697,ok,1
774,25.800,1780168768,D32,10,657,ok,0
774,25.800,1780168768,D18,83,618,ok,1
774,25.800,1780168768,D4,58,664,ok,0
774,25.800,1780168768,D2,377,629,ok,1
774,25.800,1780168768,D25,323,876,ok,0
774,25.800,1780168768,D22,269,909,ok,0
774,25.800,1780168768,D42,219,896,ok,0
774,25.800,1780168768,D11,229,906,ok,0
774,25.800,1780168768,D10,202,864,ok,1
774,25.800,1780168768,D39,0,590,ok,0
774,25.800,1780168768,D27,0,590,ok,0
774,25.800,1780168768,D6,-8,619,ok,0
774,25.800,1780168768,D24,106,574,interpolated,1
774,25.800,1780168768,G40,-6,364,interpolated,0
774,25.800,1780168768,D40,-18,620,interpolated,0
774,25.800,1780168768,G49,124,297,interpolated,1
774,25.800,1780168768,D41,-16,617,interpolated,0
774,25.800,1780168768,G9,90,86,interpolated,0
774,25.800,1780168768,D43,-3,593,interpolated,0
774,25.800,1780168768,G56,-17,311,interpolated,0
774,25.800,1780168768,D44,379,658,interpolated,1
775,25.833,1780168768,G4,67,356,ok,0
775,25.833,1780168768,G10,397,387,ok,1
775,25.833,1780168768,G34,122,314,ok,1
775,25.833,1780168768,G6,175,97,ok,0
775,25.833,1780168768,G50,251,100,ok,0
775,25.833,1780168768,G44,205,105,ok,0
775,25.833,1780168768,G54,522,504,ok,0
775,25.833,1780168768,G1,276,155,ok,1
775,25.833,1780168768,G55,531,482,ok,0
775,25.833,1780168768,G57,516,517,ok,0
775,25.833,1780168768,G56,-17,311,ok,0
775,25.833,1780168768,D1,188,697,ok,1
775,25.833,1780168768,D32,10,657,ok,0
775,25.833,1780168768,D18,83,618,ok,1
775,25.833,1780168768,D4,58,664,ok,0
775,25.833,1780168768,D2,376,627,ok,1
775,25.833,1780168768,D25,323,876,ok,0
775,25.833,1780168768,D22,269,909,ok,0
775,25.833,1780168768,D42,219,896,ok,0
775,25.833,1780168768,D11,229,906,ok,0
775,25.833,1780168768,D10,202,864,ok,1
775,25.833,1780168768,D39,0,589,ok,0
775,25.833,1780168768,D27,0,590,ok,0
775,25.833,1780168768,D6,-8,619,ok,0
775,25.833,1780168768,D24,106,574,interpolated,1
775,25.833,1780168768,G40,-6,364,interpolated,0
775,25.833,1780168768,D40,-18,620,interpolated,0
775,25.833,1780168768,G49,124,297,interpolated,1
775,25.833,1780168768,D41,-16,617,interpolated,0
775,25.833,1780168768,G9,90,86,interpolated,0
775,25.833,1780168768,D43,-3,593,interpolated,0
775,25.833,1780168768,D44,379,658,interpolated,1
776,25.867,1780168768,G34,119,314,ok,1
776,25.867,1780168768,G4,66,356,ok,0
776,25.867,1780168768,G10,398,389,ok,1
776,25.867,1780168768,G6,174,97,ok,0
776,25.867,1780168768,G50,250,100,ok,0
776,25.867,1780168768,G1,279,159,ok,1
776,25.867,1780168768,G44,205,105,ok,0
776,25.867,1780168768,G54,522,504,ok,0
776,25.867,1780168768,G56,-17,311,ok,0
776,25.867,1780168768,G55,531,482,ok,0
776,25.867,1780168768,G57,517,516,ok,0
776,25.867,1780168768,D1,186,696,ok,1
776,25.867,1780168768,D4,59,664,ok,0
776,25.867,1780168768,D32,10,657,ok,0
776,25.867,1780168768,D18,83,617,ok,1
776,25.867,1780168768,D25,322,876,ok,0
776,25.867,1780168768,D2,378,619,ok,1
776,25.867,1780168768,D22,269,910,ok,0
776,25.867,1780168768,D42,219,896,ok,0
776,25.867,1780168768,D11,229,906,ok,0
776,25.867,1780168768,D10,202,861,ok,1
776,25.867,1780168768,D39,0,589,ok,0
776,25.867,1780168768,D27,0,590,ok,0
776,25.867,1780168768,D44,383,648,ok,1
776,25.867,1780168768,D6,-8,619,ok,0
776,25.867,1780168768,D24,106,574,interpolated,1
776,25.867,1780168768,G40,-6,364,interpolated,0
776,25.867,1780168768,D40,-18,620,interpolated,0
776,25.867,1780168768,G49,124,297,interpolated,1
776,25.867,1780168768,D41,-16,617,interpolated,0
776,25.867,1780168768,G9,90,86,interpolated,0
776,25.867,1780168768,D43,-3,593,interpolated,0
777,25.900,1780168768,G4,66,359,ok,0
777,25.900,1780168768,G10,399,389,ok,1
777,25.900,1780168768,G34,117,314,ok,1
777,25.900,1780168768,G6,174,97,ok,0
777,25.900,1780168768,G50,250,100,ok,0
777,25.900,1780168768,G1,282,169,ok,1
777,25.900,1780168768,G44,205,105,ok,0
777,25.900,1780168768,G54,522,504,ok,0
777,25.900,1780168768,G56,-17,311,ok,0
777,25.900,1780168768,G55,531,482,ok,0
777,25.900,1780168768,G57,517,516,ok,0
777,25.900,1780168768,D4,59,664,ok,0
777,25.900,1780168768,D18,82,616,ok,1
777,25.900,1780168768,D1,183,696,ok,1
777,25.900,1780168768,D32,9,657,ok,0
777,25.900,1780168768,D22,270,911,ok,0
777,25.900,1780168768,D42,219,896,ok,0
777,25.900,1780168768,D11,229,906,ok,0
777,25.900,1780168768,D25,321,876,ok,0
777,25.900,1780168768,D44,384,642,ok,1
777,25.900,1780168768,D2,378,615,ok,1
777,25.900,1780168768,D10,200,860,ok,1
777,25.900,1780168768,D27,0,590,ok,0
777,25.900,1780168768,D39,0,590,ok,0
777,25.900,1780168768,D6,-8,619,ok,0
777,25.900,1780168768,D24,106,574,interpolated,1
777,25.900,1780168768,G40,-6,364,interpolated,0
777,25.900,1780168768,D40,-18,620,interpolated,0
777,25.900,1780168768,G49,124,297,interpolated,1
777,25.900,1780168768,D41,-16,617,interpolated,0
777,25.900,1780168768,G9,90,86,interpolated,0
777,25.900,1780168768,D43,-3,593,interpolated,0
778,25.933,1780168768,G4,69,371,ok,0
778,25.933,1780168768,G10,400,389,ok,1
778,25.933,1780168768,G34,115,314,ok,1
778,25.933,1780168768,G6,174,97,ok,0
778,25.933,1780168768,G50,250,100,ok,0
778,25.933,1780168768,G1,285,177,ok,1
778,25.933,1780168768,G44,205,105,ok,0
778,25.933,1780168768,G54,522,504,ok,0
778,25.933,1780168768,G56,-17,311,ok,0
778,25.933,1780168768,G57,517,516,ok,0
778,25.933,1780168768,G55,531,482,ok,0
778,25.933,1780168768,D4,60,664,ok,0
778,25.933,1780168768,D1,179,696,ok,1
778,25.933,1780168768,D18,79,616,ok,1
778,25.933,1780168768,D32,7,656,ok,0
778,25.933,1780168768,D2,380,612,ok,1
778,25.933,1780168768,D22,270,911,ok,0
778,25.933,1780168768,D25,320,877,ok,0
778,25.933,1780168768,D42,219,896,ok,0
778,25.933,1780168768,D11,229,906,ok,0
778,25.933,1780168768,D27,0,590,ok,0
778,25.933,1780168768,D39,0,589,ok,0
778,25.933,1780168768,D6,-8,619,ok,0
778,25.933,1780168768,D10,200,856,ok,1
778,25.933,1780168768,D24,106,574,interpolated,1
778,25.933,1780168768,G40,-6,364,interpolated,0
778,25.933,1780168768,D40,-18,620,interpolated,0
778,25.933,1780168768,G49,124,297,interpolated,1
778,25.933,1780168768,D41,-16,617,interpolated,0
778,25.933,1780168768,G9,90,86,interpolated,0
778,25.933,1780168768,D43,-3,593,interpolated,0
778,25.933,1780168768,D44,384,642,interpolated,1
779,25.967,1780168768,G4,71,381,ok,0
779,25.967,1780168768,G34,113,316,ok,1
779,25.967,1780168768,G1,289,183,ok,1
779,25.967,1780168768,G10,400,392,ok,1
779,25.967,1780168768,G6,175,97,ok,0
779,25.967,1780168768,G50,250,100,ok,0
779,25.967,1780168768,G44,205,105,ok,0
779,25.967,1780168768,G54,522,504,ok,0
779,25.967,1780168768,G56,-17,311,ok,0
779,25.967,1780168768,G55,531,482,ok,0
779,25.967,1780168768,G9,99,68,ok,0
779,25.967,1780168768,G57,517,516,ok,0
779,25.967,1780168768,D4,61,664,ok,0
779,25.967,1780168768,D2,381,612,ok,1
779,25.967,1780168768,D1,175,696,ok,1
779,25.967,1780168768,D18,79,616,ok,1
779,25.967,1780168768,D32,7,656,ok,0
779,25.967,1780168768,D42,220,895,ok,0
779,25.967,1780168768,D22,271,912,ok,0
779,25.967,1780168768,D11,230,906,ok,0
779,25.967,1780168768,D25,320,877,ok,0
779,25.967,1780168768,D39,0,589,ok,0
779,25.967,1780168768,D27,0,590,ok,0
779,25.967,1780168768,D10,200,856,ok,1
779,25.967,1780168768,D6,-8,619,ok,0
779,25.967,1780168768,D24,106,574,interpolated,1
779,25.967,1780168768,G40,-6,364,interpolated,0
779,25.967,1780168768,D40,-18,620,interpolated,0
779,25.967,1780168768,G49,124,297,interpolated,1
779,25.967,1780168768,D41,-16,617,interpolated,0
779,25.967,1780168768,D43,-3,593,interpolated,0
779,25.967,1780168768,D44,384,642,interpolated,1
780,26.000,1780168769,G4,71,387,ok,0
780,26.000,1780168769,G34,115,328,ok,1
780,26.000,1780168769,G1,291,185,ok,1
780,26.000,1780168769,G10,401,396,ok,1
780,26.000,1780168769,G6,174,97,ok,0
780,26.000,1780168769,G50,250,100,ok,0
780,26.000,1780168769,G44,205,105,ok,0
780,26.000,1780168769,G54,522,504,ok,0
780,26.000,1780168769,G56,-17,311,ok,0
780,26.000,1780168769,G9,98,68,ok,0
780,26.000,1780168769,G55,531,482,ok,0
780,26.000,1780168769,G57,517,516,ok,0
780,26.000,1780168769,D4,61,664,ok,0
780,26.000,1780168769,D18,78,616,ok,1
780,26.000,1780168769,D2,382,612,ok,1
780,26.000,1780168769,D1,172,696,ok,1
780,26.000,1780168769,D32,6,656,ok,0
780,26.000,1780168769,D42,220,895,ok,0
780,26.000,1780168769,D22,272,912,ok,0
780,26.000,1780168769,D25,319,877,ok,0
780,26.000,1780168769,D11,230,906,ok,0
780,26.000,1780168769,D27,0,590,ok,0
780,26.000,1780168769,D39,0,589,ok,0
780,26.000,1780168769,D10,200,856,ok,1
780,26.000,1780168769,D6,-8,619,ok,0
780,26.000,1780168769,D40,-4,659,ok,0
780,26.000,1780168769,D24,106,574,interpolated,1
780,26.000,1780168769,G49,124,297,interpolated,1
780,26.000,1780168769,D41,-16,617,interpolated,0
780,26.000,1780168769,D43,-3,593,interpolated,0
780,26.000,1780168769,D44,384,642,interpolated,1
781,26.033,1780168769,G4,71,387,ok,0
781,26.033,1780168769,G34,115,328,ok,1
781,26.033,1780168769,G1,291,185,ok,1
781,26.033,1780168769,G10,401,396,ok,1
781,26.033,1780168769,G6,174,97,ok,0
781,26.033,1780168769,G50,250,100,ok,0
781,26.033,1780168769,G44,205,105,ok,0
781,26.033,1780168769,G54,522,504,ok,0
781,26.033,1780168769,G56,-17,311,ok,0
781,26.033,1780168769,G9,98,68,ok,0
781,26.033,1780168769,G55,531,482,ok,0
781,26.033,1780168769,G57,517,516,ok,0
781,26.033,1780168769,D4,61,664,ok,0
781,26.033,1780168769,D18,78,616,ok,1
781,26.033,1780168769,D2,382,612,ok,1
781,26.033,1780168769,D1,172,696,ok,1
781,26.033,1780168769,D32,6,656,ok,0
781,26.033,1780168769,D42,220,895,ok,0
781,26.033,1780168769,D22,272,912,ok,0
781,26.033,1780168769,D25,319,877,ok,0
781,26.033,1780168769,D11,230,906,ok,0
781,26.033,1780168769,D39,0,589,ok,0
781,26.033,1780168769,D27,0,590,ok,0
781,26.033,1780168769,D10,200,856,ok,1
781,26.033,1780168769,D40,-4,659,ok,0
781,26.033,1780168769,D6,-8,619,ok,0
781,26.033,1780168769,D41,0,658,ok,0
781,26.033,1780168769,D24,106,574,interpolated,1
781,26.033,1780168769,G49,124,297,interpolated,1
781,26.033,1780168769,D44,384,642,interpolated,1
782,26.067,1780168769,G10,400,414,ok,1
782,26.067,1780168769,G34,116,338,ok,1
782,26.067,1780168769,G4,71,393,ok,0
782,26.067,1780168769,G6,172,98,ok,0
782,26.067,1780168769,G50,250,100,ok,0
782,26.067,1780168769,G1,294,185,ok,1
782,26.067,1780168769,G44,205,105,ok,0
782,26.067,1780168769,G54,522,504,ok,0
782,26.067,1780168769,G56,-17,311,ok,0
782,26.067,1780168769,G55,531,482,ok,0
782,26.067,1780168769,G9,98,68,ok,0
782,26.067,1780168769,G57,517,516,ok,0
782,26.067,1780168769,D4,61,665,ok,0
782,26.067,1780168769,D1,170,694,ok,1
782,26.067,1780168769,D18,78,616,ok,1
782,26.067,1780168769,D32,6,656,ok,0
782,26.067,1780168769,D42,220,895,ok,0
782,26.067,1780168769,D2,383,609,ok,1
782,26.067,1780168769,D22,272,911,ok,0
782,26.067,1780168769,D11,229,906,ok,0
782,26.067,1780168769,D25,317,877,ok,0
782,26.067,1780168769,D24,166,710,ok,1
782,26.067,1780168769,D39,0,589,ok,0
782,26.067,1780168769,D27,0,590,ok,0
782,26.067,1780168769,D10,199,856,ok,1
782,26.067,1780168769,D6,-8,619,ok,0
782,26.067,1780168769,D40,-4,659,interpolated,0
782,26.067,1780168769,D41,0,658,interpolated,0
782,26.067,1780168769,D44,384,642,interpolated,1
783,26.100,1780168769,G34,115,344,ok,1
783,26.100,1780168769,G10,401,421,ok,1
783,26.100,1780168769,G4,69,393,ok,0
783,26.100,1780168769,G6,172,98,ok,0
783,26.100,1780168769,G50,250,101,ok,0
783,26.100,1780168769,G1,297,186,ok,1
783,26.100,1780168769,G44,205,105,ok,0
783,26.100,1780168769,G54,522,504,ok,0
783,26.100,1780168769,G9,97,67,ok,0
783,26.100,1780168769,G56,-17,311,ok,0
783,26.100,1780168769,G57,517,516,ok,0
783,26.100,1780168769,G55,531,482,ok,0
783,26.100,1780168769,D4,61,666,ok,0
783,26.100,1780168769,D2,382,603,ok,1
783,26.100,1780168769,D32,6,656,ok,0
783,26.100,1780168769,D1,168,692,ok,1
783,26.100,1780168769,D18,79,613,ok,1
783,26.100,1780168769,D22,272,911,ok,0
783,26.100,1780168769,D42,220,896,ok,0
783,26.100,1780168769,D25,315,877,ok,0
783,26.100,1780168769,D11,230,906,ok,0
783,26.100,1780168769,D39,0,589,ok,0
783,26.100,1780168769,D27,0,590,ok,0
783,26.100,1780168769,D10,199,855,ok,1
783,26.100,1780168769,D24,164,712,ok,1
783,26.100,1780168769,D43,73,620,ok,0
783,26.100,1780168769,D40,-5,661,ok,0
783,26.100,1780168769,D6,-8,619,interpolated,0
783,26.100,1780168769,D41,0,658,interpolated,0
783,26.100,1780168769,D44,384,642,interpolated,1
784,26.133,1780168769,G10,402,426,ok,1
784,26.133,1780168769,G34,114,347,ok,1
784,26.133,1780168769,G4,68,393,ok,0
784,26.133,1780168769,G6,172,98,ok,0
784,26.133,1780168769,G50,250,100,ok,0
784,26.133,1780168769,G1,302,186,ok,1
784,26.133,1780168769,G44,205,105,ok,0
784,26.133,1780168769,G54,522,504,ok,0
784,26.133,1780168769,G56,-17,311,ok,0
784,26.133,1780168769,G9,97,67,ok,0
784,26.133,1780168769,G55,531,482,ok,0
784,26.133,1780168769,G57,516,516,ok,0
784,26.133,1780168769,D4,60,669,ok,0
784,26.133,1780168769,D1,165,693,ok,1
784,26.133,1780168769,D32,8,651,ok,0
784,26.133,1780168769,D2,382,594,ok,1
784,26.133,1780168769,D43,73,617,ok,0
784,26.133,1780168769,D22,272,911,ok,0
784,26.133,1780168769,D25,313,877,ok,0
784,26.133,1780168769,D42,220,896,ok,0
784,26.133,1780168769,D11,230,906,ok,0
784,26.133,1780168769,D27,0,590,ok,0
784,26.133,1780168769,D18,80,606,ok,1
784,26.133,1780168769,D6,-1,591,ok,0
784,26.133,1780168769,D44,385,613,ok,1
784,26.133,1780168769,D39,0,590,ok,0
784,26.133,1780168769,D10,199,855,ok,1
784,26.133,1780168769,D41,4,651,ok,0
784,26.133,1780168769,D24,164,712,interpolated,1
784,26.133,1780168769,D40,-5,661,interpolated,0
785,26.167,1780168769,G10,405,427,ok,1
785,26.167,1780168769,G34,113,347,ok,1
785,26.167,1780168769,G4,66,393,ok,0
785,26.167,1780168769,G50,249,100,ok,0
785,26.167,1780168769,G6,174,97,ok,0
785,26.167,1780168769,G1,305,187,ok,1
785,26.167,1780168769,G44,205,105,ok,0
785,26.167,1780168769,G56,-17,312,ok,0
785,26.167,1780168769,G54,522,504,ok,0
785,26.167,1780168769,G57,517,516,ok,0
785,26.167,1780168769,G9,96,68,ok,0
785,26.167,1780168769,G55,531,482,ok,0
785,26.167,1780168769,D4,60,670,ok,0
785,26.167,1780168769,D1,165,690,ok,1
785,26.167,1780168769,D2,381,582,ok,1
785,26.167,1780168769,D32,10,647,ok,0
785,26.167,1780168769,D18,84,594,ok,1
785,26.167,1780168769,D22,272,911,ok,0
785,26.167,1780168769,D25,312,877,ok,0
785,26.167,1780168769,D42,220,896,ok,0
785,26.167,1780168769,D11,229,906,ok,0
785,26.167,1780168769,D6,-1,591,ok,0
785,26.167,1780168769,D27,0,590,ok,0
785,26.167,1780168769,D43,73,615,ok,0
785,26.167,1780168769,D10,198,856,ok,1
785,26.167,1780168769,D39,0,590,ok,0
785,26.167,1780168769,D24,164,712,interpolated,1
785,26.167,1780168769,D40,-5,661,interpolated,0
785,26.167,1780168769,D41,4,651,interpolated,0
785,26.167,1780168769,D44,385,613,interpolated,1
786,26.200,1780168769,G4,66,395,ok,0
786,26.200,1780168769,G34,111,346,ok,1
786,26.200,1780168769,G50,248,101,ok,0
786,26.200,1780168769,G6,174,97,ok,0
786,26.200,1780168769,G1,307,201,ok,1
786,26.200,1780168769,G44,205,105,ok,0
786,26.200,1780168769,G10,408,428,ok,1
786,26.200,1780168769,G54,522,505,ok,0
786,26.200,1780168769,G57,516,516,ok,0
786,26.200,1780168769,G56,-17,311,ok,0
786,26.200,1780168769,G55,531,482,ok,0
786,26.200,1780168769,G9,96,70,ok,0
786,26.200,1780168769,D4,60,671,ok,0
786,26.200,1780168769,D2,382,577,ok,1
786,26.200,1780168769,D32,10,646,ok,0
786,26.200,1780168769,D1,163,688,ok,1
786,26.200,1780168769,D18,86,588,ok,1
786,26.200,1780168769,D25,312,877,ok,0
786,26.200,1780168769,D22,272,911,ok,0
786,26.200,1780168769,D11,230,905,ok,0
786,26.200,1780168769,D42,220,896,ok,0
786,26.200,1780168769,D27,0,590,ok,0
786,26.200,1780168769,D6,-1,590,ok,0
786,26.200,1780168769,D10,198,856,ok,1
786,26.200,1780168769,D39,0,590,ok,0
786,26.200,1780168769,D24,164,712,interpolated,1
786,26.200,1780168769,D40,-5,661,interpolated,0
786,26.200,1780168769,D41,4,651,interpolated,0
786,26.200,1780168769,D44,385,613,interpolated,1
786,26.200,1780168769,D43,73,615,interpolated,0
787,26.233,1780168769,G4,66,395,ok,0
787,26.233,1780168769,G34,111,346,ok,1
787,26.233,1780168769,G50,248,101,ok,0
787,26.233,1780168769,G1,307,201,ok,1
787,26.233,1780168769,G6,174,97,ok,0
787,26.233,1780168769,G44,205,105,ok,0
787,26.233,1780168769,G10,408,428,ok,1
787,26.233,1780168769,G54,522,505,ok,0
787,26.233,1780168769,G57,516,516,ok,0
787,26.233,1780168769,G56,-17,311,ok,0
787,26.233,1780168769,G55,531,482,ok,0
787,26.233,1780168769,G9,97,69,ok,0
787,26.233,1780168769,D4,60,671,ok,0
787,26.233,1780168769,D2,382,577,ok,1
787,26.233,1780168769,D32,10,646,ok,0
787,26.233,1780168769,D1,163,688,ok,1
787,26.233,1780168769,D18,86,588,ok,1
787,26.233,1780168769,D22,272,911,ok,0
787,26.233,1780168769,D25,312,877,ok,0
787,26.233,1780168769,D11,229,905,ok,0
787,26.233,1780168769,D42,220,895,ok,0
787,26.233,1780168769,D6,-1,591,ok,0
787,26.233,1780168769,D27,0,590,ok,0
787,26.233,1780168769,D10,198,856,ok,1
787,26.233,1780168769,D39,0,590,ok,0
787,26.233,1780168769,D24,164,712,interpolated,1
787,26.233,1780168769,D40,-5,661,interpolated,0
787,26.233,1780168769,D41,4,651,interpolated,0
787,26.233,1780168769,D44,385,613,interpolated,1
787,26.233,1780168769,D43,73,615,interpolated,0
788,26.267,1780168769,G34,111,351,ok,1
788,26.267,1780168769,G4,68,407,ok,0
788,26.267,1780168769,G1,310,209,ok,1
788,26.267,1780168769,G50,247,101,ok,0
788,26.267,1780168769,G6,174,97,ok,0
788,26.267,1780168769,G44,205,105,ok,0
788,26.267,1780168769,G10,410,428,ok,1
788,26.267,1780168769,G57,519,510,ok,0
788,26.267,1780168769,G54,522,504,ok,0
788,26.267,1780168769,G56,-17,311,ok,0
788,26.267,1780168769,D2,383,574,ok,1
788,26.267,1780168769,D4,60,674,ok,0
788,26.267,1780168769,D32,10,644,ok,0
788,26.267,1780168769,D18,85,587,ok,1
788,26.267,1780168769,D24,159,687,ok,1
788,26.267,1780168769,D25,312,877,ok,0
788,26.267,1780168769,D22,272,911,ok,0
788,26.267,1780168769,D11,230,905,ok,0
788,26.267,1780168769,D42,220,896,ok,0
788,26.267,1780168769,D1,162,687,ok,1
788,26.267,1780168769,D6,-1,591,ok,0
788,26.267,1780168769,D27,0,590,ok,0
788,26.267,1780168769,D39,0,590,ok,0
788,26.267,1780168769,D10,197,856,ok,1
788,26.267,1780168769,D40,-5,661,interpolated,0
788,26.267,1780168769,G55,531,482,interpolated,0
788,26.267,1780168769,D41,4,651,interpolated,0
788,26.267,1780168769,G9,97,69,interpolated,0
788,26.267,1780168769,D44,385,613,interpolated,1
788,26.267,1780168769,D43,73,615,interpolated,0
789,26.300,1780168769,G4,71,418,ok,0
789,26.300,1780168769,G10,411,435,ok,1
789,26.300,1780168769,G34,110,350,ok,1
789,26.300,1780168769,G1,313,215,ok,1
789,26.300,1780168769,G50,246,102,ok,0
789,26.300,1780168769,G6,174,98,ok,0
789,26.300,1780168769,G44,205,105,ok,0
789,26.300,1780168769,G58,131,389,ok,1
789,26.300,1780168769,G57,519,511,ok,0
789,26.300,1780168769,G54,522,504,ok,0
789,26.300,1780168769,G56,-17,311,ok,0
789,26.300,1780168769,D2,383,574,ok,1
789,26.300,1780168769,D4,60,674,ok,0
789,26.300,1780168769,D32,11,642,ok,0
789,26.300,1780168769,D24,156,687,ok,1
789,26.300,1780168769,D18,85,587,ok,1
789,26.300,1780168769,D25,312,877,ok,0
789,26.300,1780168769,D22,272,911,ok,0
789,26.300,1780168769,D11,230,905,ok,0
789,26.300,1780168769,D1,161,687,ok,1
789,26.300,1780168769,D42,220,896,ok,0
789,26.300,1780168769,D6,-1,591,ok,0
789,26.300,1780168769,D27,0,590,ok,0
789,26.300,1780168769,D10,196,855,ok,1
789,26.300,1780168769,D43,74,606,ok,0
789,26.300,1780168769,D39,0,590,ok,0
789,26.300,1780168769,D40,-5,661,interpolated,0
789,26.300,1780168769,G55,531,482,interpolated,0
789,26.300,1780168769,D41,4,651,interpolated,0
789,26.300,1780168769,G9,97,69,interpolated,0
789,26.300,1780168769,D44,385,613,interpolated,1
790,26.333,1780168769,G4,72,426,ok,0
790,26.333,1780168769,G34,111,362,ok,1
790,26.333,1780168769,G1,316,217,ok,1
790,26.333,1780168769,G50,246,104,ok,0
790,26.333,1780168769,G10,410,448,ok,1
790,26.333,1780168769,G6,175,98,ok,0
790,26.333,1780168769,G44,205,105,ok,0
790,26.333,1780168769,G57,519,511,ok,0
790,26.333,1780168769,G54,522,504,ok,0
790,26.333,1780168769,G56,-17,311,ok,0
790,26.333,1780168769,D2,384,573,ok,1
790,26.333,1780168769,D18,84,587,ok,1
790,26.333,1780168769,D24,158,687,ok,1
790,26.333,1780168769,D32,11,640,ok,0
790,26.333,1780168769,D4,60,674,ok,0
790,26.333,1780168769,D25,312,877,ok,0
790,26.333,1780168769,D22,272,911,ok,0
790,26.333,1780168769,D11,230,906,ok,0
790,26.333,1780168769,D42,220,896,ok,0
790,26.333,1780168769,D6,-1,591,ok,0
790,26.333,1780168769,D27,0,590,ok,0
790,26.333,1780168769,D39,0,590,ok,0
790,26.333,1780168769,D1,161,687,interpolated,1
790,26.333,1780168769,D10,196,855,interpolated,1
790,26.333,1780168769,D40,-5,661,interpolated,0
790,26.333,1780168769,G55,531,482,interpolated,0
790,26.333,1780168769,D41,4,651,interpolated,0
790,26.333,1780168769,G9,97,69,interpolated,0
790,26.333,1780168769,D44,385,613,interpolated,1
790,26.333,1780168769,D43,74,606,interpolated,0
790,26.333,1780168769,G58,131,389,interpolated,1
791,26.367,1780168769,G34,111,371,ok,1
791,26.367,1780168769,G4,71,431,ok,0
791,26.367,1780168769,G50,245,105,ok,0
791,26.367,1780168769,G10,410,456,ok,1
791,26.367,1780168769,G1,319,217,ok,1
791,26.367,1780168769,G6,174,97,ok,0
791,26.367,1780168769,G44,205,105,ok,0
791,26.367,1780168769,G57,519,511,ok,0
791,26.367,1780168769,G58,121,393,ok,1
791,26.367,1780168769,G54,522,504,ok,0
791,26.367,1780168769,G9,131,415,ok,1
791,26.367,1780168769,G56,-17,311,ok,0
791,26.367,1780168769,D18,83,586,ok,1
791,26.367,1780168769,D4,61,674,ok,0
791,26.367,1780168769,D32,11,638,ok,0
791,26.367,1780168769,D24,156,687,ok,1
791,26.367,1780168769,D25,311,877,ok,0
791,26.367,1780168769,D2,385,572,ok,1
791,26.367,1780168769,D22,272,911,ok,0
791,26.367,1780168769,D11,230,906,ok,0
791,26.367,1780168769,D42,221,896,ok,0
791,26.367,1780168769,D27,0,590,ok,0
791,26.367,1780168769,D6,-1,590,ok,0
791,26.367,1780168769,D10,196,841,ok,1
791,26.367,1780168769,D39,0,590,ok,0
791,26.367,1780168769,D1,161,687,interpolated,1
791,26.367,1780168769,D40,-5,661,interpolated,0
791,26.367,1780168769,G55,531,482,interpolated,0
791,26.367,1780168769,D41,4,651,interpolated,0
791,26.367,1780168769,D44,385,613,interpolated,1
791,26.367,1780168769,D43,74,606,interpolated,0
792,26.400,1780168769,G34,108,369,ok,1
792,26.400,1780168769,G10,411,462,ok,1
792,26.400,1780168769,G4,70,434,ok,0
792,26.400,1780168769,G1,321,216,ok,1
792,26.400,1780168769,G50,244,106,ok,0
792,26.400,1780168769,G6,174,97,ok,0
792,26.400,1780168769,G44,205,105,ok,0
792,26.400,1780168769,G57,523,503,ok,0
792,26.400,1780168769,G54,522,504,ok,0
792,26.400,1780168769,G56,-6,364,ok,0
792,26.400,1780168769,G55,531,483,ok,0
792,26.400,1780168769,D4,61,674,ok,0
792,26.400,1780168769,D2,385,565,ok,1
792,26.400,1780168769,D32,10,638,ok,0
792,26.400,1780168769,D24,149,687,ok,1
792,26.400,1780168769,D18,83,583,ok,1
792,26.400,1780168769,D25,311,878,ok,0
792,26.400,1780168769,D22,272,910,ok,0
792,26.400,1780168769,D6,-1,591,ok,0
792,26.400,1780168769,D11,230,905,ok,0
792,26.400,1780168769,D10,196,833,ok,1
792,26.400,1780168769,D42,221,896,ok,0
792,26.400,1780168769,D27,0,590,ok,0
792,26.400,1780168769,D1,161,687,interpolated,1
792,26.400,1780168769,D39,0,590,interpolated,0
792,26.400,1780168769,D40,-5,661,interpolated,0
792,26.400,1780168769,D41,4,651,interpolated,0
792,26.400,1780168769,G9,131,415,interpolated,1
792,26.400,1780168769,D44,385,613,interpolated,1
792,26.400,1780168769,D43,74,606,interpolated,0
792,26.400,1780168769,G58,121,393,interpolated,1
793,26.433,1780168769,G34,108,369,ok,1
793,26.433,1780168769,G10,411,462,ok,1
793,26.433,1780168769,G4,70,434,ok,0
793,26.433,1780168769,G1,321,216,ok,1
793,26.433,1780168769,G50,244,106,ok,0
793,26.433,1780168769,G6,174,97,ok,0
793,26.433,1780168769,G44,205,105,ok,0
793,26.433,1780168769,G57,523,503,ok,0
793,26.433,1780168769,G56,-6,364,ok,0
793,26.433,1780168769,G58,-17,311,ok,0
793,26.433,1780168769,D4,61,674,ok,0
793,26.433,1780168769,D32,10,638,ok,0
793,26.433,1780168769,D2,385,565,ok,1
793,26.433,1780168769,D24,149,687,ok,1
793,26.433,1780168769,D18,83,583,ok,1
793,26.433,1780168769,D25,311,878,ok,0
793,26.433,1780168769,D22,272,911,ok,0
793,26.433,1780168769,D6,-1,591,ok,0
793,26.433,1780168769,D10,196,833,ok,1
793,26.433,1780168769,D11,230,905,ok,0
793,26.433,1780168769,D42,221,896,ok,0
793,26.433,1780168769,D27,0,590,ok,0
793,26.433,1780168769,D1,161,687,interpolated,1
793,26.433,1780168769,D39,0,590,interpolated,0
793,26.433,1780168769,D40,-5,661,interpolated,0
793,26.433,1780168769,G54,522,504,interpolated,0
793,26.433,1780168769,G55,531,483,interpolated,0
793,26.433,1780168769,D41,4,651,interpolated,0
793,26.433,1780168769,G9,131,415,interpolated,1
793,26.433,1780168769,D44,385,613,interpolated,1
793,26.433,1780168769,D43,74,606,interpolated,0
794,26.467,1780168769,G4,69,434,ok,0
794,26.467,1780168769,G10,413,467,ok,1
794,26.467,1780168769,G1,323,230,ok,1
794,26.467,1780168769,G34,106,372,ok,1
794,26.467,1780168769,G6,174,97,ok,0
794,26.467,1780168769,G50,244,106,ok,0
794,26.467,1780168769,G44,205,105,ok,0
794,26.467,1780168769,G57,523,503,ok,0
794,26.467,1780168769,G58,-18,310,ok,0
794,26.467,1780168769,G55,531,482,ok,0
794,26.467,1780168769,G56,-6,364,ok,0
794,26.467,1780168769,D4,62,674,ok,0
794,26.467,1780168769,D18,85,577,ok,1
794,26.467,1780168769,D32,9,638,ok,0
794,26.467,1780168769,D44,388,572,ok,1
794,26.467,1780168769,D24,147,686,ok,1
794,26.467,1780168769,D25,310,881,ok,0
794,26.467,1780168769,D22,272,910,ok,0
794,26.467,1780168769,D6,-1,591,ok,0
794,26.467,1780168769,D11,230,906,ok,0
794,26.467,1780168769,D2,386,559,ok,1
794,26.467,1780168769,D42,221,896,ok,0
794,26.467,1780168769,D10,196,832,ok,1
794,26.467,1780168769,D27,0,590,ok,0
794,26.467,1780168769,D1,161,687,interpolated,1
794,26.467,1780168769,D39,0,590,interpolated,0
794,26.467,1780168769,G54,522,504,interpolated,0
794,26.467,1780168769,D41,4,651,interpolated,0
794,26.467,1780168769,G9,131,415,interpolated,1
794,26.467,1780168769,D43,74,606,interpolated,0
795,26.500,1780168769,G4,68,434,ok,0
795,26.500,1780168769,G1,324,241,ok,1
795,26.500,1780168769,G34,103,376,ok,1
795,26.500,1780168769,G10,415,468,ok,1
795,26.500,1780168769,G6,174,97,ok,0
795,26.500,1780168769,G50,245,106,ok,0
795,26.500,1780168769,G44,205,105,ok,0
795,26.500,1780168769,G57,523,503,ok,0
795,26.500,1780168769,G58,-17,311,ok,0
795,26.500,1780168769,G56,-6,364,ok,0
795,26.500,1780168769,G55,531,482,ok,0
795,26.500,1780168769,D18,85,571,ok,1
795,26.500,1780168769,D4,63,674,ok,0
795,26.500,1780168769,D24,146,687,ok,1
795,26.500,1780168769,D2,386,544,ok,1
795,26.500,1780168769,D32,8,638,ok,0
795,26.500,1780168769,D10,198,832,ok,1
795,26.500,1780168769,D22,272,910,ok,0
795,26.500,1780168769,D11,230,906,ok,0
795,26.500,1780168769,D25,309,882,ok,0
795,26.500,1780168769,D42,221,896,ok,0
795,26.500,1780168769,D39,0,589,ok,0
795,26.500,1780168769,D27,0,590,ok,0
795,26.500,1780168769,D6,-14,617,ok,0
795,26.500,1780168769,D1,161,687,interpolated,1
795,26.500,1780168769,G54,522,504,interpolated,0
795,26.500,1780168769,G9,131,415,interpolated,1
795,26.500,1780168769,D44,388,572,interpolated,1
795,26.500,1780168769,D43,74,606,interpolated,0
796,26.533,1780168769,G4,68,436,ok,0
796,26.533,1780168769,G1,326,249,ok,1
796,26.533,1780168769,G34,100,376,ok,1
796,26.533,1780168769,G10,401,502,merged,1
796,26.533,1780168769,G6,174,97,ok,0
796,26.533,1780168769,G50,244,106,ok,0
796,26.533,1780168769,G44,205,105,ok,0
796,26.533,1780168769,G57,523,503,ok,0
796,26.533,1780168769,G56,-6,364,ok,0
796,26.533,1780168769,D4,64,674,ok,0
796,26.533,1780168769,D18,85,567,ok,1
796,26.533,1780168769,D32,8,638,ok,0
796,26.533,1780168769,D10,199,832,ok,1
796,26.533,1780168769,D24,145,686,ok,1
796,26.533,1780168769,D22,272,910,ok,0
796,26.533,1780168769,D11,230,906,ok,0
796,26.533,1780168769,D42,221,896,ok,0
796,26.533,1780168769,D25,308,883,ok,0
796,26.533,1780168769,D43,78,567,ok,1
796,26.533,1780168769,D39,0,589,ok,0
796,26.533,1780168769,D27,0,590,ok,0
796,26.533,1780168769,D6,-14,616,ok,0
796,26.533,1780168769,D41,0,589,ok,0
796,26.533,1780168769,D1,161,687,interpolated,1
796,26.533,1780168769,D2,386,544,interpolated,1
796,26.533,1780168769,G54,522,504,interpolated,0
796,26.533,1780168769,G55,531,482,interpolated,0
796,26.533,1780168769,G9,131,415,interpolated,1
796,26.533,1780168769,D44,388,572,interpolated,1
796,26.533,1780168769,G58,-17,311,interpolated,0
797,26.567,1780168769,G4,72,449,ok,0
797,26.567,1780168769,G1,328,253,ok,1
797,26.567,1780168769,G34,103,389,ok,1
797,26.567,1780168769,G10,402,502,merged,1
797,26.567,1780168769,G6,173,97,ok,0
797,26.567,1780168769,G50,243,106,ok,0
797,26.567,1780168769,G44,205,105,ok,0
797,26.567,1780168769,G57,523,503,ok,0
797,26.567,1780168769,G55,531,483,ok,0
797,26.567,1780168769,D18,84,563,ok,1
797,26.567,1780168769,D4,64,674,ok,0
797,26.567,1780168769,D32,7,638,ok,0
797,26.567,1780168769,D24,145,677,ok,1
797,26.567,1780168769,D44,391,554,ok,1
797,26.567,1780168769,D22,273,910,ok,0
797,26.567,1780168769,D10,199,832,ok,1
797,26.567,1780168769,D11,230,906,ok,0
797,26.567,1780168769,D42,221,896,ok,0
797,26.567,1780168769,D25,307,884,ok,0
797,26.567,1780168769,D39,-1,591,ok,0
797,26.567,1780168769,D27,0,590,ok,0
797,26.567,1780168769,D6,-14,617,ok,0
797,26.567,1780168769,D1,161,687,interpolated,1
797,26.567,1780168769,D2,386,544,interpolated,1
797,26.567,1780168769,G54,522,504,interpolated,0
797,26.567,1780168769,G9,131,415,interpolated,1
797,26.567,1780168769,G56,-6,364,interpolated,0
797,26.567,1780168769,D43,78,567,interpolated,1
797,26.567,1780168769,G58,-17,311,interpolated,0
797,26.567,1780168769,D41,0,589,interpolated,0
798,26.600,1780168769,G4,74,459,ok,0
798,26.600,1780168769,G1,330,254,ok,1
798,26.600,1780168769,G10,403,504,merged,1
798,26.600,1780168769,G34,105,399,ok,1
798,26.600,1780168769,G6,173,98,ok,0
798,26.600,1780168769,G50,243,106,ok,0
798,26.600,1780168769,G44,205,105,ok,0
798,26.600,1780168769,G57,523,503,ok,0
798,26.600,1780168769,G55,531,483,ok,0
798,26.600,1780168769,D4,64,674,ok,0
798,26.600,1780168769,D24,145,669,ok,1
798,26.600,1780168769,D18,83,560,ok,1
798,26.600,1780168769,D32,6,638,ok,0
798,26.600,1780168769,D10,199,826,ok,1
798,26.600,1780168769,D22,272,910,ok,0
798,26.600,1780168769,D11,230,906,ok,0
798,26.600,1780168769,D25,306,884,ok,0
798,26.600,1780168769,D42,221,896,ok,0
798,26.600,1780168769,D39,-1,591,ok,0
798,26.600,1780168769,D27,0,590,ok,0
798,26.600,1780168769,D6,-14,617,ok,0
798,26.600,1780168769,D1,161,687,interpolated,1
798,26.600,1780168769,D2,386,544,interpolated,1
798,26.600,1780168769,G54,522,504,interpolated,0
798,26.600,1780168769,G9,131,415,interpolated,1
798,26.600,1780168769,G56,-6,364,interpolated,0
798,26.600,1780168769,D44,391,554,interpolated,1
798,26.600,1780168769,D43,78,567,interpolated,1
798,26.600,1780168769,G58,-17,311,interpolated,0
798,26.600,1780168769,D41,0,589,interpolated,0
799,26.633,1780168769,G4,74,459,ok,0
799,26.633,1780168769,G1,330,254,ok,1
799,26.633,1780168769,G10,403,504,merged,1
799,26.633,1780168769,G34,105,400,ok,1
799,26.633,1780168769,G6,173,98,ok,0
799,26.633,1780168769,G50,243,106,ok,0
799,26.633,1780168769,G44,205,105,ok,0
799,26.633,1780168769,G57,523,503,ok,0
799,26.633,1780168769,G55,531,483,ok,0
799,26.633,1780168769,D4,64,674,ok,0
799,26.633,1780168769,D24,145,669,ok,1
799,26.633,1780168769,D18,83,560,ok,1
799,26.633,1780168769,D32,6,638,ok,0
799,26.633,1780168769,D10,199,826,ok,1
799,26.633,1780168769,D22,272,910,ok,0
799,26.633,1780168769,D11,230,906,ok,0
799,26.633,1780168769,D25,306,884,ok,0
799,26.633,1780168769,D42,221,896,ok,0
799,26.633,1780168769,D39,-1,591,ok,0
799,26.633,1780168769,D27,0,590,ok,0
799,26.633,1780168769,D6,-14,617,ok,0
799,26.633,1780168769,D1,161,687,interpolated,1
799,26.633,1780168769,D2,386,544,interpolated,1
799,26.633,1780168769,G54,522,504,interpolated,0
799,26.633,1780168769,G9,131,415,interpolated,1
799,26.633,1780168769,G56,-6,364,interpolated,0
799,26.633,1780168769,D44,391,554,interpolated,1
799,26.633,1780168769,D43,78,567,interpolated,1
799,26.633,1780168769,G58,-17,311,interpolated,0
799,26.633,1780168769,D41,0,589,interpolated,0
800,26.667,1780168769,G4,75,465,ok,0
800,26.667,1780168769,G34,105,404,ok,1
800,26.667,1780168769,G10,403,508,merged,1
800,26.667,1780168769,G1,332,255,ok,1
800,26.667,1780168769,G6,174,98,ok,0
800,26.667,1780168769,G50,242,106,ok,0
800,26.667,1780168769,G44,205,105,ok,0
800,26.667,1780168769,G57,523,503,ok,0
800,26.667,1780168769,G54,522,505,ok,0
800,26.667,1780168769,G55,531,483,ok,0
800,26.667,1780168769,D18,81,560,ok,1
800,26.667,1780168769,D4,65,674,ok,0
800,26.667,1780168769,D32,6,636,ok,0
800,26.667,1780168769,D24,144,663,ok,1
800,26.667,1780168769,D25,306,882,ok,0
800,26.667,1780168769,D22,273,910,ok,0
800,26.667,1780168769,D11,230,906,ok,0
800,26.667,1780168769,D10,198,821,ok,1
800,26.667,1780168769,D42,221,896,ok,0
800,26.667,1780168769,D41,0,589,ok,0
800,26.667,1780168769,D27,0,590,ok,0
800,26.667,1780168769,D6,-14,617,ok,0
800,26.667,1780168769,D2,386,544,interpolated,1
800,26.667,1780168769,D39,-1,591,interpolated,0
800,26.667,1780168769,G9,131,415,interpolated,1
800,26.667,1780168769,G56,-6,364,interpolated,0
800,26.667,1780168769,D44,391,554,interpolated,1
800,26.667,1780168769,D43,78,567,interpolated,1
800,26.667,1780168769,G58,-17,311,interpolated,0
801,26.700,1780168769,G4,74,468,ok,0
801,26.700,1780168769,G10,403,512,merged,1
801,26.700,1780168769,G34,103,408,ok,1
801,26.700,1780168769,G1,335,255,ok,1
801,26.700,1780168769,G6,173,99,ok,0
801,26.700,1780168769,G50,242,106,ok,0
801,26.700,1780168769,G44,205,105,ok,0
801,26.700,1780168769,G57,523,503,ok,0
801,26.700,1780168769,G54,522,505,ok,0
801,26.700,1780168769,G55,531,483,ok,0
801,26.700,1780168769,G9,208,84,ok,0
801,26.700,1780168769,G58,57,80,ok,0
801,26.700,1780168769,D4,65,674,ok,0
801,26.700,1780168769,D18,77,560,ok,0
801,26.700,1780168769,D24,140,661,ok,1
801,26.700,1780168769,D32,6,631,ok,0
801,26.700,1780168769,D10,199,812,ok,1
801,26.700,1780168769,D22,272,910,ok,0
801,26.700,1780168769,D25,304,883,ok,0
801,26.700,1780168769,D11,230,906,ok,0
801,26.700,1780168769,D42,221,896,ok,0
801,26.700,1780168769,D41,0,589,ok,0
801,26.700,1780168769,D27,0,590,ok,0
801,26.700,1780168769,D6,-14,616,ok,0
801,26.700,1780168769,D44,394,539,ok,1
801,26.700,1780168769,D2,386,544,interpolated,1
801,26.700,1780168769,D39,-1,591,interpolated,0
801,26.700,1780168769,G56,-6,364,interpolated,0
801,26.700,1780168769,D43,78,567,interpolated,1
802,26.733,1780168769,G10,404,512,merged,1
802,26.733,1780168769,G4,73,468,ok,0
802,26.733,1780168769,G34,102,410,ok,1
802,26.733,1780168769,G6,174,99,ok,0
802,26.733,1780168769,G1,337,261,ok,1
802,26.733,1780168769,G50,242,106,ok,0
802,26.733,1780168769,G44,205,105,ok,0
802,26.733,1780168769,G54,522,504,ok,0
802,26.733,1780168769,G57,522,504,ok,0
802,26.733,1780168769,D4,65,674,ok,0
802,26.733,1780168769,D24,137,661,ok,1
802,26.733,1780168769,D10,199,802,ok,1
802,26.733,1780168769,D32,7,628,ok,0
802,26.733,1780168769,D18,76,560,ok,0
802,26.733,1780168769,D25,303,884,ok,0
802,26.733,1780168769,D22,272,910,ok,0
802,26.733,1780168769,D11,230,906,ok,0
802,26.733,1780168769,D42,221,897,ok,0
802,26.733,1780168769,D27,0,590,ok,0
802,26.733,1780168769,D41,0,590,ok,0
802,26.733,1780168769,D39,0,590,ok,0
802,26.733,1780168769,D2,386,544,interpolated,1
802,26.733,1780168769,D6,-14,616,interpolated,0
802,26.733,1780168769,G55,531,483,interpolated,0
802,26.733,1780168769,G9,208,84,interpolated,0
802,26.733,1780168769,G56,-6,364,interpolated,0
802,26.733,1780168769,D44,394,539,interpolated,1
802,26.733,1780168769,D43,78,567,interpolated,1
802,26.733,1780168769,G58,57,80,interpolated,0
803,26.767,1780168769,G10,404,509,merged,1
803,26.767,1780168769,G4,71,468,ok,0
803,26.767,1780168769,G34,99,410,ok,1
803,26.767,1780168769,G1,338,277,ok,1
803,26.767,1780168769,G6,174,100,ok,0
803,26.767,1780168769,G50,242,106,ok,0
803,26.767,1780168769,G44,205,105,ok,0
803,26.767,1780168769,G57,523,503,ok,0
803,26.767,1780168769,G54,522,504,ok,0
803,26.767,1780168769,D4,65,674,ok,0
803,26.767,1780168769,D18,77,553,ok,0
803,26.767,1780168769,D24,134,660,ok,1
803,26.767,1780168769,D32,8,626,ok,0
803,26.767,1780168769,D10,200,800,ok,1
803,26.767,1780168769,D25,301,884,ok,0
803,26.767,1780168769,D22,272,910,ok,0
803,26.767,1780168769,D11,230,906,ok,0
803,26.767,1780168769,D42,221,897,ok,0
803,26.767,1780168769,D39,0,589,ok,0
803,26.767,1780168769,D27,0,590,ok,0
803,26.767,1780168769,D2,386,544,interpolated,1
803,26.767,1780168769,D6,-14,616,interpolated,0
803,26.767,1780168769,G55,531,483,interpolated,0
803,26.767,1780168769,G9,208,84,interpolated,0
803,26.767,1780168769,G56,-6,364,interpolated,0
803,26.767,1780168769,D44,394,539,interpolated,1
803,26.767,1780168769,D43,78,567,interpolated,1
803,26.767,1780168769,G58,57,80,interpolated,0
803,26.767,1780168769,D41,0,590,interpolated,0
804,26.800,1780168769,G4,74,507,merged,1
804,26.800,1780168769,G34,98,410,ok,1
804,26.800,1780168769,G6,174,101,ok,0
804,26.800,1780168769,G1,339,279,ok,1
804,26.800,1780168769,G50,241,106,ok,0
804,26.800,1780168769,G10,405,504,merged,1
804,26.800,1780168769,G59,403,518,ok,0
804,26.800,1780168769,G44,205,105,ok,0
804,26.800,1780168769,G56,399,518,ok,0
804,26.800,1780168769,G57,523,503,ok,0
804,26.800,1780168769,G54,522,504,ok,0
804,26.800,1780168769,G55,531,482,ok,0
804,26.800,1780168769,D4,65,674,ok,0
804,26.800,1780168769,D43,73,561,ok,0
804,26.800,1780168769,D32,9,624,ok,0
804,26.800,1780168769,D25,300,884,ok,0
804,26.800,1780168769,D22,272,910,ok,0
804,26.800,1780168769,D24,132,659,ok,1
804,26.800,1780168769,D10,200,800,ok,1
804,26.800,1780168769,D11,230,906,ok,0
804,26.800,1780168769,D42,220,898,ok,0
804,26.800,1780168769,D39,0,589,ok,0
804,26.800,1780168769,D27,0,590,ok,0
804,26.800,1780168769,D2,386,544,interpolated,1
804,26.800,1780168769,D18,77,553,interpolated,0
804,26.800,1780168769,D6,-14,616,interpolated,0
804,26.800,1780168769,G9,208,84,interpolated,0
804,26.800,1780168769,D44,394,539,interpolated,1
804,26.800,1780168769,G58,57,80,interpolated,0
804,26.800,1780168769,D41,0,590,interpolated,0
805,26.833,1780168769,G4,74,507,merged,1
805,26.833,1780168769,G34,98,410,ok,1
805,26.833,1780168769,G6,174,101,ok,0
805,26.833,1780168769,G1,339,280,ok,1
805,26.833,1780168769,G50,241,106,ok,0
805,26.833,1780168769,G10,405,504,merged,1
805,26.833,1780168769,G59,404,518,ok,0
805,26.833,1780168769,G44,205,105,ok,0
805,26.833,1780168769,G56,399,518,ok,0
805,26.833,1780168769,G57,523,503,ok,0
805,26.833,1780168769,G54,522,504,ok,0
805,26.833,1780168769,G55,530,484,ok,0
805,26.833,1780168769,D4,65,675,ok,0
805,26.833,1780168769,D43,73,561,ok,0
805,26.833,1780168769,D32,9,624,ok,0
805,26.833,1780168769,D25,300,884,ok,0
805,26.833,1780168769,D22,272,910,ok,0
805,26.833,1780168769,D24,132,659,ok,1
805,26.833,1780168769,D10,200,800,ok,1
805,26.833,1780168769,D11,230,906,ok,0
805,26.833,1780168769,D42,220,898,ok,0
805,26.833,1780168769,D39,0,589,ok,0
805,26.833,1780168769,D27,0,590,ok,0
805,26.833,1780168769,D2,386,544,interpolated,1
805,26.833,1780168769,D18,77,553,interpolated,0
805,26.833,1780168769,D6,-14,616,interpolated,0
805,26.833,1780168769,G9,208,84,interpolated,0
805,26.833,1780168769,D44,394,539,interpolated,1
805,26.833,1780168769,G58,57,80,interpolated,0
805,26.833,1780168769,D41,0,590,interpolated,0
806,26.867,1780168769,G4,75,509,merged,1
806,26.867,1780168769,G56,394,508,merged,1
806,26.867,1780168769,G6,173,101,ok,0
806,26.867,1780168769,G1,343,296,ok,1
806,26.867,1780168769,G34,98,411,ok,1
806,26.867,1780168769,G50,240,106,ok,0
806,26.867,1780168769,G10,423,505,ok,0
806,26.867,1780168769,G44,205,105,ok,0
806,26.867,1780168769,G54,522,504,ok,0
806,26.867,1780168769,G57,523,503,ok,0
806,26.867,1780168769,G59,403,518,ok,0
806,26.867,1780168769,G55,531,483,ok,0
806,26.867,1780168769,G58,56,80,ok,0
806,26.867,1780168769,G9,209,85,ok,0
806,26.867,1780168769,D4,65,675,ok,0
806,26.867,1780168769,D32,9,623,ok,0
806,26.867,1780168769,D43,72,559,ok,0
806,26.867,1780168769,D25,299,884,ok,0
806,26.867,1780168769,D24,134,647,ok,1
806,26.867,1780168769,D10,200,800,ok,1
806,26.867,1780168769,D22,272,910,ok,0
806,26.867,1780168769,D11,230,906,ok,0
806,26.867,1780168769,D42,220,898,ok,0
806,26.867,1780168769,D39,0,589,ok,0
806,26.867,1780168769,D27,0,590,ok,0
806,26.867,1780168769,D18,77,553,interpolated,0
806,26.867,1780168769,D6,-14,616,interpolated,0
806,26.867,1780168769,D44,394,539,interpolated,1
806,26.867,1780168769,D41,0,590,interpolated,0
807,26.900,1780168769,G4,75,513,merged,0
807,26.900,1780168769,G56,395,507,merged,1
807,26.900,1780168769,G1,342,299,ok,1
807,26.900,1780168769,G6,174,101,ok,0
807,26.900,1780168769,G34,98,415,ok,1
807,26.900,1780168769,G10,425,508,ok,0
807,26.900,1780168769,G50,240,107,ok,0
807,26.900,1780168769,G44,205,105,ok,0
807,26.900,1780168769,G54,522,504,ok,0
807,26.900,1780168769,G57,522,504,ok,0
807,26.900,1780168769,G55,531,483,ok,0
807,26.900,1780168769,G9,209,85,ok,0
807,26.900,1780168769,D4,65,675,ok,0
807,26.900,1780168769,D24,133,639,ok,1
807,26.900,1780168769,D32,10,621,ok,0
807,26.900,1780168769,D25,299,884,ok,0
807,26.900,1780168769,D22,272,910,ok,0
807,26.900,1780168769,D10,201,799,ok,1
807,26.900,1780168769,D11,230,906,ok,0
807,26.900,1780168769,D42,221,898,ok,0
807,26.900,1780168769,D39,0,589,ok,0
807,26.900,1780168769,D27,0,590,ok,0
807,26.900,1780168769,D18,77,553,interpolated,0
807,26.900,1780168769,D6,-14,616,interpolated,0
807,26.900,1780168769,D44,394,539,interpolated,1
807,26.900,1780168769,D43,72,559,interpolated,0
807,26.900,1780168769,G58,56,80,interpolated,0
807,26.900,1780168769,D41,0,590,interpolated,0
807,26.900,1780168769,G59,403,518,interpolated,0
808,26.933,1780168769,G1,344,300,ok,1
808,26.933,1780168769,G34,102,431,ok,1
808,26.933,1780168769,G4,73,516,merged,0
808,26.933,1780168769,G6,173,102,ok,0
808,26.933,1780168769,G60,71,529,merged,0
808,26.933,1780168769,G56,396,507,merged,1
808,26.933,1780168769,G10,424,514,ok,0
808,26.933,1780168769,G50,240,108,ok,0
808,26.933,1780168769,G44,205,105,ok,0
808,26.933,1780168769,G58,54,81,ok,0
808,26.933,1780168769,G61,66,515,merged,0
808,26.933,1780168769,G54,522,504,ok,0
808,26.933,1780168769,G57,522,504,ok,0
808,26.933,1780168769,G9,210,86,ok,0
808,26.933,1780168769,G62,85,91,ok,0
808,26.933,1780168769,D4,65,675,ok,0
808,26.933,1780168769,D32,10,620,ok,0
808,26.933,1780168769,D24,132,634,ok,1
808,26.933,1780168769,D25,299,884,ok,0
808,26.933,1780168769,D11,230,906,ok,0
808,26.933,1780168769,D22,272,910,ok,0
808,26.933,1780168769,D42,221,897,ok,0
808,26.933,1780168769,D10,201,798,ok,1
808,26.933,1780168769,D39,0,589,ok,0
808,26.933,1780168769,D27,0,590,ok,0
808,26.933,1780168769,D6,-14,616,ok,0
808,26.933,1780168769,D18,77,553,interpolated,0
808,26.933,1780168769,G55,531,483,interpolated,0
808,26.933,1780168769,D44,394,539,interpolated,1
808,26.933,1780168769,D43,72,559,interpolated,0
808,26.933,1780168769,D41,0,590,interpolated,0
808,26.933,1780168769,G59,403,518,interpolated,0
809,26.967,1780168769,G10,409,506,merged,0
809,26.967,1780168769,G1,347,300,ok,1
809,26.967,1780168769,G4,70,524,merged,1
809,26.967,1780168769,G56,397,507,merged,1
809,26.967,1780168769,G6,174,103,ok,0
809,26.967,1780168769,G60,66,534,merged,0
809,26.967,1780168769,G50,240,110,ok,0
809,26.967,1780168769,G44,205,105,ok,0
809,26.967,1780168769,G61,131,466,ok,1
809,26.967,1780168769,G34,102,437,ok,1
809,26.967,1780168769,G59,402,518,ok,0
809,26.967,1780168769,G58,53,80,ok,0
809,26.967,1780168769,G54,522,504,ok,0
809,26.967,1780168769,G62,85,91,ok,0
809,26.967,1780168769,G57,522,504,ok,0
809,26.967,1780168769,G9,210,87,ok,0
809,26.967,1780168769,D4,65,675,ok,0
809,26.967,1780168769,D32,8,619,ok,0
809,26.967,1780168769,D24,132,630,ok,1
809,26.967,1780168769,D25,299,884,ok,0
809,26.967,1780168769,D11,231,906,ok,0
809,26.967,1780168769,D22,272,910,ok,0
809,26.967,1780168769,D10,204,784,ok,1
809,26.967,1780168769,D42,221,897,ok,0
809,26.967,1780168769,D18,74,535,ok,0
809,26.967,1780168769,D39,0,589,ok,0
809,26.967,1780168769,D6,-14,616,ok,0
809,26.967,1780168769,D27,0,590,ok,0
809,26.967,1780168769,G55,531,483,interpolated,0
809,26.967,1780168769,D44,394,539,interpolated,1
809,26.967,1780168769,D43,72,559,interpolated,0
809,26.967,1780168769,D41,0,590,interpolated,0
810,27.000,1780168770,G4,74,519,merged,0
810,27.000,1780168770,G56,396,500,merged,0
810,27.000,1780168770,G34,103,443,ok,1
810,27.000,1780168770,G10,426,518,ok,0
810,27.000,1780168770,G6,173,105,ok,0
810,27.000,1780168770,G50,240,112,ok,0
810,27.000,1780168770,G60,63,516,ok,0
810,27.000,1780168770,G44,205,105,ok,0
810,27.000,1780168770,G1,348,305,ok,1
810,27.000,1780168770,G62,85,92,ok,0
810,27.000,1780168770,G54,521,505,ok,0
810,27.000,1780168770,G57,517,514,ok,0
810,27.000,1780168770,D4,66,675,ok,0
810,27.000,1780168770,D32,7,619,ok,0
810,27.000,1780168770,D10,205,776,ok,1
810,27.000,1780168770,D24,130,630,ok,1
810,27.000,1780168770,D25,299,885,ok,0
810,27.000,1780168770,D11,230,907,ok,0
810,27.000,1780168770,D22,272,910,ok,0
810,27.000,1780168770,D42,221,896,ok,0
810,27.000,1780168770,D6,-14,617,ok,0
810,27.000,1780168770,D27,-1,590,ok,0
810,27.000,1780168770,D39,0,589,ok,0
810,27.000,1780168770,D18,74,535,interpolated,0
810,27.000,1780168770,G55,531,483,interpolated,0
810,27.000,1780168770,G9,210,87,interpolated,0
810,27.000,1780168770,D44,394,539,interpolated,1
810,27.000,1780168770,D43,72,559,interpolated,0
810,27.000,1780168770,G58,53,80,interpolated,0
810,27.000,1780168770,D41,0,590,interpolated,0
810,27.000,1780168770,G59,402,518,interpolated,0
810,27.000,1780168770,G61,131,466,interpolated,1
811,27.033,1780168770,G4,74,519,merged,0
811,27.033,1780168770,G56,396,500,merged,0
811,27.033,1780168770,G34,103,444,ok,1
811,27.033,1780168770,G10,426,518,ok,0
811,27.033,1780168770,G6,173,105,ok,0
811,27.033,1780168770,G50,240,112,ok,0
811,27.033,1780168770,G60,63,516,ok,0
811,27.033,1780168770,G44,205,105,ok,0
811,27.033,1780168770,G1,348,305,ok,1
811,27.033,1780168770,G62,85,92,ok,0
811,27.033,1780168770,G54,521,505,ok,0
811,27.033,1780168770,G57,518,513,ok,0
811,27.033,1780168770,D4,65,675,ok,0
811,27.033,1780168770,D32,7,619,ok,0
811,27.033,1780168770,D24,130,630,ok,1
811,27.033,1780168770,D10,205,776,ok,1
811,27.033,1780168770,D25,299,885,ok,0
811,27.033,1780168770,D11,230,907,ok,0
811,27.033,1780168770,D22,272,910,ok,0
811,27.033,1780168770,D42,221,896,ok,0
811,27.033,1780168770,D6,-14,617,ok,0
811,27.033,1780168770,D27,0,590,ok,0
811,27.033,1780168770,D39,0,589,ok,0
811,27.033,1780168770,D18,74,535,interpolated,0
811,27.033,1780168770,G55,531,483,interpolated,0
811,27.033,1780168770,G9,210,87,interpolated,0
811,27.033,1780168770,D44,394,539,interpolated,1
811,27.033,1780168770,D43,72,559,interpolated,0
811,27.033,1780168770,G58,53,80,interpolated,0
811,27.033,1780168770,D41,0,590,interpolated,0
811,27.033,1780168770,G59,402,518,interpolated,0
811,27.033,1780168770,G61,131,466,interpolated,1
812,27.067,1780168770,G34,103,446,ok,1
812,27.067,1780168770,G56,397,498,merged,0
812,27.067,1780168770,G4,73,519,merged,0
812,27.067,1780168770,G1,349,321,ok,1
812,27.067,1780168770,G10,412,505,merged,0
812,27.067,1780168770,G6,173,105,ok,0
812,27.067,1780168770,G60,61,512,ok,0
812,27.067,1780168770,G50,240,114,ok,0
812,27.067,1780168770,G44,205,105,ok,0
812,27.067,1780168770,G59,431,518,ok,0
812,27.067,1780168770,G62,84,92,ok,0
812,27.067,1780168770,G58,53,81,ok,0
812,27.067,1780168770,G54,521,505,ok,0
812,27.067,1780168770,G57,518,513,ok,0
812,27.067,1780168770,D4,66,675,ok,0
812,27.067,1780168770,D32,6,619,ok,0
812,27.067,1780168770,D10,207,768,ok,1
812,27.067,1780168770,D24,128,630,ok,1
812,27.067,1780168770,D25,298,884,ok,0
812,27.067,1780168770,D11,230,907,ok,0
812,27.067,1780168770,D42,221,896,ok,0
812,27.067,1780168770,D22,271,910,ok,0
812,27.067,1780168770,D6,-14,617,ok,0
812,27.067,1780168770,D27,-1,590,ok,0
812,27.067,1780168770,D39,0,589,ok,0
812,27.067,1780168770,D43,-6,601,ok,0
812,27.067,1780168770,D41,-18,621,ok,0
812,27.067,1780168770,D18,74,535,interpolated,0
812,27.067,1780168770,G55,531,483,interpolated,0
812,27.067,1780168770,G9,210,87,interpolated,0
812,27.067,1780168770,G61,131,466,interpolated,1
813,27.100,1780168770,G34,86,462,merged,1
813,27.100,1780168770,G1,349,332,ok,1
813,27.100,1780168770,G56,398,500,merged,0
813,27.100,1780168770,G4,72,519,merged,0
813,27.100,1780168770,G6,172,105,ok,0
813,27.100,1780168770,G50,239,115,ok,0
813,27.100,1780168770,G44,205,105,ok,0
813,27.100,1780168770,G60,60,508,ok,0
813,27.100,1780168770,G59,415,501,merged,0
813,27.100,1780168770,G62,84,92,ok,0
813,27.100,1780168770,G58,53,81,ok,0
813,27.100,1780168770,G57,517,514,ok,0
813,27.100,1780168770,G54,521,505,ok,0
813,27.100,1780168770,D4,66,675,ok,0
813,27.100,1780168770,D32,6,619,ok,0
813,27.100,1780168770,D10,209,766,ok,1
813,27.100,1780168770,D25,297,885,ok,0
813,27.100,1780168770,D11,231,906,ok,0
813,27.100,1780168770,D24,127,629,ok,1
813,27.100,1780168770,D42,221,896,ok,0
813,27.100,1780168770,D22,271,911,ok,0
813,27.100,1780168770,D6,-14,617,ok,0
813,27.100,1780168770,D27,-1,590,ok,0
813,27.100,1780168770,D46,-15,616,ok,0
813,27.100,1780168770,D39,0,589,ok,0
813,27.100,1780168770,D43,-6,602,ok,0
813,27.100,1780168770,D41,-18,621,ok,0
813,27.100,1780168770,G10,412,505,interpolated,0
813,27.100,1780168770,D18,74,535,interpolated,0
813,27.100,1780168770,G55,531,483,interpolated,0
813,27.100,1780168770,G9,210,87,interpolated,0
813,27.100,1780168770,G61,131,466,interpolated,1
814,27.133,1780168770,G1,351,332,ok,1
814,27.133,1780168770,G34,89,462,merged,1
814,27.133,1780168770,G4,72,515,merged,0
814,27.133,1780168770,G6,172,105,ok,0
814,27.133,1780168770,G59,406,485,merged,1
814,27.133,1780168770,G50,238,115,ok,0
814,27.133,1780168770,G44,205,105,ok,0
814,27.133,1780168770,G56,401,508,ok,0
814,27.133,1780168770,G60,65,491,merged,0
814,27.133,1780168770,G10,406,490,ok,1
814,27.133,1780168770,G62,83,90,ok,0
814,27.133,1780168770,G54,521,505,ok,0
814,27.133,1780168770,G57,517,514,ok,0
814,27.133,1780168770,G58,52,82,ok,0
814,27.133,1780168770,D4,66,675,ok,0
814,27.133,1780168770,D32,6,619,ok,0
814,27.133,1780168770,D10,210,764,ok,1
814,27.133,1780168770,D24,125,628,ok,1
814,27.133,1780168770,D11,231,906,ok,0
814,27.133,1780168770,D25,296,885,ok,0
814,27.133,1780168770,D42,221,896,ok,0
814,27.133,1780168770,D22,271,911,ok,0
814,27.133,1780168770,D6,-14,617,ok,0
814,27.133,1780168770,D27,-1,590,ok,0
814,27.133,1780168770,D39,0,590,ok,0
814,27.133,1780168770,D46,-15,616,ok,0
814,27.133,1780168770,D18,74,535,interpolated,0
814,27.133,1780168770,G55,531,483,interpolated,0
814,27.133,1780168770,G9,210,87,interpolated,0
814,27.133,1780168770,D43,-6,602,interpolated,0
814,27.133,1780168770,D41,-18,621,interpolated,0
814,27.133,1780168770,G61,131,466,interpolated,1
815,27.167,1780168770,G4,79,494,merged,0
815,27.167,1780168770,G1,351,347,ok,1
815,27.167,1780168770,G34,85,484,merged,1
815,27.167,1780168770,G6,171,104,ok,0
815,27.167,1780168770,G56,404,494,merged,0
815,27.167,1780168770,G59,421,482,merged,1
815,27.167,1780168770,G50,238,116,ok,0
815,27.167,1780168770,G44,205,105,ok,0
815,27.167,1780168770,G62,83,91,ok,0
815,27.167,1780168770,G58,51,81,ok,0
815,27.167,1780168770,G54,520,506,ok,0
815,27.167,1780168770,G57,516,515,ok,0
815,27.167,1780168770,D4,66,674,ok,0
815,27.167,1780168770,D32,6,619,ok,0
815,27.167,1780168770,D10,211,765,ok,1
815,27.167,1780168770,D24,127,617,ok,1
815,27.167,1780168770,D11,231,906,ok,0
815,27.167,1780168770,D42,221,896,ok,0
815,27.167,1780168770,D22,271,910,ok,0
815,27.167,1780168770,D25,296,886,ok,0
815,27.167,1780168770,D6,-15,618,ok,0
815,27.167,1780168770,D39,0,590,ok,0
815,27.167,1780168770,D27,0,590,ok,0
815,27.167,1780168770,D46,-15,616,ok,0
815,27.167,1780168770,D2,401,484,ok,0
815,27.167,1780168770,G10,406,490,interpolated,1
815,27.167,1780168770,D18,74,535,interpolated,0
815,27.167,1780168770,G55,531,483,interpolated,0
815,27.167,1780168770,G9,210,87,interpolated,0
815,27.167,1780168770,D43,-6,602,interpolated,0
815,27.167,1780168770,D41,-18,621,interpolated,0
815,27.167,1780168770,G60,65,491,interpolated,0
815,27.167,1780168770,G61,131,466,interpolated,1
816,27.200,1780168770,G4,82,499,merged,0
816,27.200,1780168770,G34,86,486,merged,1
816,27.200,1780168770,G6,171,104,ok,0
816,27.200,1780168770,G1,353,349,ok,1
816,27.200,1780168770,G10,418,491,merged,1
816,27.200,1780168770,G59,418,479,merged,1
816,27.200,1780168770,G50,238,117,ok,0
816,27.200,1780168770,G44,205,105,ok,0
816,27.200,1780168770,G62,83,92,ok,0
816,27.200,1780168770,G58,51,81,ok,0
816,27.200,1780168770,G54,521,505,ok,0
816,27.200,1780168770,G57,517,513,ok,0
816,27.200,1780168770,D4,66,674,ok,0
816,27.200,1780168770,D32,7,617,ok,0
816,27.200,1780168770,D10,213,764,ok,1
816,27.200,1780168770,D11,231,906,ok,0
816,27.200,1780168770,D24,128,606,ok,1
816,27.200,1780168770,D42,222,896,ok,0
816,27.200,1780168770,D22,271,911,ok,0
816,27.200,1780168770,D25,296,886,ok,0
816,27.200,1780168770,D27,0,590,ok,0
816,27.200,1780168770,D44,405,484,ok,0
816,27.200,1780168770,D6,-16,619,ok,0
816,27.200,1780168770,D39,0,590,ok,0
816,27.200,1780168770,D18,74,535,interpolated,0
816,27.200,1780168770,G55,531,483,interpolated,0
816,27.200,1780168770,G9,210,87,interpolated,0
816,27.200,1780168770,G56,404,494,interpolated,0
816,27.200,1780168770,D43,-6,602,interpolated,0
816,27.200,1780168770,D41,-18,621,interpolated,0
816,27.200,1780168770,G60,65,491,interpolated,0
816,27.200,1780168770,G61,131,466,interpolated,1
816,27.200,1780168770,D46,-15,616,interpolated,0
816,27.200,1780168770,D2,401,484,interpolated,0
817,27.233,1780168770,G34,92,468,merged,1
817,27.233,1780168770,G4,76,516,merged,0
817,27.233,1780168770,G6,171,104,ok,0
817,27.233,1780168770,G1,353,349,ok,1
817,27.233,1780168770,G10,418,491,merged,1
817,27.233,1780168770,G59,416,479,merged,1
817,27.233,1780168770,G50,238,117,ok,0
817,27.233,1780168770,G44,205,105,ok,0
817,27.233,1780168770,G62,83,92,ok,0
817,27.233,1780168770,G58,51,81,ok,0
817,27.233,1780168770,G54,521,505,ok,0
817,27.233,1780168770,G57,517,513,ok,0
817,27.233,1780168770,D4,66,674,ok,0
817,27.233,1780168770,D32,7,618,ok,0
817,27.233,1780168770,D10,213,764,ok,1
817,27.233,1780168770,D11,231,906,ok,0
817,27.233,1780168770,D24,128,605,ok,1
817,27.233,1780168770,D42,222,896,ok,0
817,27.233,1780168770,D22,271,911,ok,0
817,27.233,1780168770,D25,296,886,ok,0
817,27.233,1780168770,D27,0,590,ok,0
817,27.233,1780168770,D44,405,484,ok,0
817,27.233,1780168770,D39,0,590,ok,0
817,27.233,1780168770,D6,-16,619,ok,0
817,27.233,1780168770,D18,74,535,interpolated,0
817,27.233,1780168770,G55,531,483,interpolated,0
817,27.233,1780168770,G9,210,87,interpolated,0
817,27.233,1780168770,G56,404,494,interpolated,0
817,27.233,1780168770,D43,-6,602,interpolated,0
817,27.233,1780168770,D41,-18,621,interpolated,0
817,27.233,1780168770,G60,65,491,interpolated,0
817,27.233,1780168770,G61,131,466,interpolated,1
817,27.233,1780168770,D46,-15,616,interpolated,0
817,27.233,1780168770,D2,401,484,interpolated,0
818,27.267,1780168770,G34,93,478,merged,1
818,27.267,1780168770,G10,418,486,merged,1
818,27.267,1780168770,G6,171,104,ok,0
818,27.267,1780168770,G4,75,516,merged,0
818,27.267,1780168770,G50,238,118,ok,0
818,27.267,1780168770,G1,355,348,ok,1
818,27.267,1780168770,G44,205,105,ok,0
818,27.267,1780168770,G60,63,510,merged,0
818,27.267,1780168770,G62,83,91,ok,0
818,27.267,1780168770,G56,56,492,ok,0
818,27.267,1780168770,G58,51,80,ok,0
818,27.267,1780168770,G61,68,501,ok,0
818,27.267,1780168770,G54,521,505,ok,0
818,27.267,1780168770,D4,66,674,ok,0
818,27.267,1780168770,D32,9,612,ok,0
818,27.267,1780168770,D10,215,764,ok,1
818,27.267,1780168770,D24,130,598,ok,1
818,27.267,1780168770,D11,232,907,ok,0
818,27.267,1780168770,D22,271,910,ok,0
818,27.267,1780168770,D42,222,896,ok,0
818,27.267,1780168770,D25,295,886,ok,0
818,27.267,1780168770,D39,-1,590,ok,0
818,27.267,1780168770,D6,-16,618,ok,0
818,27.267,1780168770,D27,0,590,ok,0
818,27.267,1780168770,D41,-18,620,ok,0
818,27.267,1780168770,D18,74,535,interpolated,0
818,27.267,1780168770,G9,210,87,interpolated,0
818,27.267,1780168770,G57,517,513,interpolated,0
818,27.267,1780168770,D43,-6,602,interpolated,0
818,27.267,1780168770,G59,416,479,interpolated,1
818,27.267,1780168770,D46,-15,616,interpolated,0
818,27.267,1780168770,D2,401,484,interpolated,0
818,27.267,1780168770,D44,405,484,interpolated,0
819,27.300,1780168770,G59,420,482,merged,1
819,27.300,1780168770,G4,81,503,merged,0
819,27.300,1780168770,G6,170,104,ok,0
819,27.300,1780168770,G34,84,492,merged,1
819,27.300,1780168770,G56,59,488,ok,0
819,27.300,1780168770,G1,357,350,ok,1
819,27.300,1780168770,G50,238,118,ok,0
819,27.300,1780168770,G44,205,104,ok,0
819,27.300,1780168770,G62,83,92,ok,0
819,27.300,1780168770,D4,66,674,ok,0
819,27.300,1780168770,D32,11,609,ok,0
819,27.300,1780168770,D24,130,593,ok,1
819,27.300,1780168770,D10,216,758,ok,1
819,27.300,1780168770,D11,232,907,ok,0
819,27.300,1780168770,D42,222,897,ok,0
819,27.300,1780168770,D22,271,910,ok,0
819,27.300,1780168770,D25,294,886,ok,0
819,27.300,1780168770,D39,-1,590,ok,0
819,27.300,1780168770,D6,-16,618,ok,0
819,27.300,1780168770,G10,418,486,interpolated,1
819,27.300,1780168770,D18,74,535,interpolated,0
819,27.300,1780168770,D27,0,590,interpolated,0
819,27.300,1780168770,G54,521,505,interpolated,0
819,27.300,1780168770,G9,210,87,interpolated,0
819,27.300,1780168770,G57,517,513,interpolated,0
819,27.300,1780168770,D43,-6,602,interpolated,0
819,27.300,1780168770,G58,51,80,interpolated,0
819,27.300,1780168770,D41,-18,620,interpolated,0
819,27.300,1780168770,G60,63,510,interpolated,0
819,27.300,1780168770,G61,68,501,interpolated,0
819,27.300,1780168770,D46,-15,616,interpolated,0
819,27.300,1780168770,D2,401,484,interpolated,0
819,27.300,1780168770,D44,405,484,interpolated,0
820,27.333,1780168770,G59,421,479,merged,1
820,27.333,1780168770,G34,94,483,merged,1
820,27.333,1780168770,G6,169,104,ok,0
820,27.333,1780168770,G4,67,518,merged,0
820,27.333,1780168770,G60,63,505,merged,0
820,27.333,1780168770,G50,238,118,ok,0
820,27.333,1780168770,G44,205,105,ok,0
820,27.333,1780168770,G62,83,92,ok,0
820,27.333,1780168770,G1,358,360,ok,1
820,27.333,1780168770,G61,65,502,ok,0
820,27.333,1780168770,G54,521,505,ok,0
820,27.333,1780168770,D4,65,674,ok,0
820,27.333,1780168770,D32,11,607,ok,0
820,27.333,1780168770,D10,217,749,ok,1
820,27.333,1780168770,D24,131,589,ok,1
820,27.333,1780168770,D11,232,907,ok,0
820,27.333,1780168770,D22,271,909,ok,0
820,27.333,1780168770,D42,222,897,ok,0
820,27.333,1780168770,D25,294,886,ok,0
820,27.333,1780168770,D39,-1,590,ok,0
820,27.333,1780168770,D6,-16,618,ok,0
820,27.333,1780168770,G10,418,486,interpolated,1
820,27.333,1780168770,D27,0,590,interpolated,0
820,27.333,1780168770,G56,59,488,interpolated,0
820,27.333,1780168770,G57,517,513,interpolated,0
820,27.333,1780168770,D43,-6,602,interpolated,0
820,27.333,1780168770,G58,51,80,interpolated,0
820,27.333,1780168770,D41,-18,620,interpolated,0
820,27.333,1780168770,D46,-15,616,interpolated,0
820,27.333,1780168770,D2,401,484,interpolated,0
820,27.333,1780168770,D44,405,484,interpolated,0
821,27.367,1780168770,G34,94,483,merged,1
821,27.367,1780168770,G1,357,378,ok,1
821,27.367,1780168770,G6,169,105,ok,0
821,27.367,1780168770,G59,421,478,merged,1
821,27.367,1780168770,G4,67,518,merged,0
821,27.367,1780168770,G62,82,91,ok,0
821,27.367,1780168770,G44,205,105,ok,0
821,27.367,1780168770,G50,237,118,ok,0
821,27.367,1780168770,G56,54,482,ok,0
821,27.367,1780168770,G61,72,502,ok,0
821,27.367,1780168770,G54,521,505,ok,0
821,27.367,1780168770,G57,518,512,ok,0
821,27.367,1780168770,D4,65,674,ok,0
821,27.367,1780168770,D24,131,589,ok,1
821,27.367,1780168770,D32,12,606,ok,0
821,27.367,1780168770,D10,220,740,ok,1
821,27.367,1780168770,D11,232,907,ok,0
821,27.367,1780168770,D22,270,910,ok,0
821,27.367,1780168770,D25,293,886,ok,0
821,27.367,1780168770,D42,222,896,ok,0
821,27.367,1780168770,D39,-1,590,ok,0
821,27.367,1780168770,D6,-16,618,ok,0
821,27.367,1780168770,D41,-18,620,ok,0
821,27.367,1780168770,G10,418,486,interpolated,1
821,27.367,1780168770,D27,0,590,interpolated,0
821,27.367,1780168770,D43,-6,602,interpolated,0
821,27.367,1780168770,G58,51,80,interpolated,0
821,27.367,1780168770,G60,63,505,interpolated,0
821,27.367,1780168770,D46,-15,616,interpolated,0
821,27.367,1780168770,D2,401,484,interpolated,0
821,27.367,1780168770,D44,405,484,interpolated,0
822,27.400,1780168770,G34,93,483,merged,1
822,27.400,1780168770,G1,357,389,ok,1
822,27.400,1780168770,G6,168,105,ok,0
822,27.400,1780168770,G59,422,482,merged,1
822,27.400,1780168770,G56,61,499,merged,0
822,27.400,1780168770,G50,237,118,ok,0
822,27.400,1780168770,G44,205,105,ok,0
822,27.400,1780168770,G62,82,90,ok,0
822,27.400,1780168770,G4,73,521,ok,0
822,27.400,1780168770,D4,65,674,ok,0
822,27.400,1780168770,D32,12,604,ok,0
822,27.400,1780168770,D24,128,589,ok,1
822,27.400,1780168770,D10,221,735,ok,1
822,27.400,1780168770,D11,232,907,ok,0
822,27.400,1780168770,D22,270,909,ok,0
822,27.400,1780168770,D42,222,897,ok,0
822,27.400,1780168770,D25,292,885,ok,0
822,27.400,1780168770,D39,-1,590,ok,0
822,27.400,1780168770,D6,-16,619,ok,0
822,27.400,1780168770,D27,0,590,ok,0
822,27.400,1780168770,G10,418,486,interpolated,1
822,27.400,1780168770,G54,521,505,interpolated,0
822,27.400,1780168770,G57,518,512,interpolated,0
822,27.400,1780168770,D43,-6,602,interpolated,0
822,27.400,1780168770,G58,51,80,interpolated,0
822,27.400,1780168770,D41,-18,620,interpolated,0
822,27.400,1780168770,G60,63,505,interpolated,0
822,27.400,1780168770,G61,72,502,interpolated,0
822,27.400,1780168770,D46,-15,616,interpolated,0
822,27.400,1780168770,D2,401,484,interpolated,0
822,27.400,1780168770,D44,405,484,interpolated,0
823,27.433,1780168770,G34,93,483,merged,1
823,27.433,1780168770,G1,357,389,ok,1
823,27.433,1780168770,G6,168,105,ok,0
823,27.433,1780168770,G59,422,482,merged,1
823,27.433,1780168770,G56,61,499,merged,0
823,27.433,1780168770,G50,237,118,ok,0
823,27.433,1780168770,G44,205,105,ok,0
823,27.433,1780168770,G62,82,90,ok,0
823,27.433,1780168770,G4,73,521,ok,0
823,27.433,1780168770,D4,65,674,ok,0
823,27.433,1780168770,D32,12,604,ok,0
823,27.433,1780168770,D24,129,589,ok,1
823,27.433,1780168770,D10,221,735,ok,1
823,27.433,1780168770,D11,232,907,ok,0
823,27.433,1780168770,D22,270,909,ok,0
823,27.433,1780168770,D42,222,897,ok,0
823,27.433,1780168770,D25,292,885,ok,0
823,27.433,1780168770,D39,-1,590,ok,0
823,27.433,1780168770,D6,-16,619,ok,0
823,27.433,1780168770,D27,0,590,ok,0
823,27.433,1780168770,G10,418,486,interpolated,1
823,27.433,1780168770,G54,521,505,interpolated,0
823,27.433,1780168770,G57,518,512,interpolated,0
823,27.433,1780168770,D43,-6,602,interpolated,0
823,27.433,1780168770,G58,51,80,interpolated,0
823,27.433,1780168770,D41,-18,620,interpolated,0
823,27.433,1780168770,G60,63,505,interpolated,0
823,27.433,1780168770,G61,72,502,interpolated,0
823,27.433,1780168770,D46,-15,616,interpolated,0
823,27.433,1780168770,D2,401,484,interpolated,0
823,27.433,1780168770,D44,405,484,interpolated,0
824,27.467,1780168770,G34,93,484,merged,1
824,27.467,1780168770,G59,425,480,merged,1
824,27.467,1780168770,G1,358,396,ok,1
824,27.467,1780168770,G6,168,106,ok,0
824,27.467,1780168770,G50,237,118,ok,0
824,27.467,1780168770,G44,205,105,ok,0
824,27.467,1780168770,G62,82,90,ok,0
824,27.467,1780168770,G56,59,494,merged,0
824,27.467,1780168770,G9,212,88,ok,0
824,27.467,1780168770,G54,521,505,ok,0
824,27.467,1780168770,D4,65,674,ok,0
824,27.467,1780168770,D10,224,728,ok,1
824,27.467,1780168770,D32,13,602,ok,0
824,27.467,1780168770,D24,130,588,ok,1
824,27.467,1780168770,D11,232,907,ok,0
824,27.467,1780168770,D42,222,897,ok,0
824,27.467,1780168770,D22,269,910,ok,0
824,27.467,1780168770,D25,290,885,ok,0
824,27.467,1780168770,D39,-1,590,ok,0
824,27.467,1780168770,D45,63,504,ok,0
824,27.467,1780168770,D6,-16,618,ok,0
824,27.467,1780168770,G10,418,486,interpolated,1
824,27.467,1780168770,G4,73,521,interpolated,0
824,27.467,1780168770,D27,0,590,interpolated,0
824,27.467,1780168770,G57,518,512,interpolated,0
824,27.467,1780168770,G58,51,80,interpolated,0
824,27.467,1780168770,D41,-18,620,interpolated,0
824,27.467,1780168770,G60,63,505,interpolated,0
824,27.467,1780168770,G61,72,502,interpolated,0
824,27.467,1780168770,D46,-15,616,interpolated,0
824,27.467,1780168770,D2,401,484,interpolated,0
824,27.467,1780168770,D44,405,484,interpolated,0
825,27.500,1780168770,G1,359,400,ok,1
825,27.500,1780168770,G59,426,482,merged,1
825,27.500,1780168770,G34,89,495,merged,1
825,27.500,1780168770,G6,168,109,ok,0
825,27.500,1780168770,G50,237,118,ok,0
825,27.500,1780168770,G44,205,105,ok,0
825,27.500,1780168770,G62,82,90,ok,0
825,27.500,1780168770,G56,72,485,merged,0
825,27.500,1780168770,G9,212,88,ok,0
825,27.500,1780168770,G60,58,487,merged,0
825,27.500,1780168770,G61,-16,313,ok,0
825,27.500,1780168770,G58,138,33,ok,0
825,27.500,1780168770,G54,522,504,ok,0
825,27.500,1780168770,D4,65,674,ok,0
825,27.500,1780168770,D10,226,725,ok,1
825,27.500,1780168770,D32,13,601,ok,0
825,27.500,1780168770,D24,132,577,ok,1
825,27.500,1780168770,D11,232,907,ok,0
825,27.500,1780168770,D42,222,897,ok,0
825,27.500,1780168770,D25,290,885,ok,0
825,27.500,1780168770,D22,269,909,ok,0
825,27.500,1780168770,D39,-1,590,ok,0
825,27.500,1780168770,D18,66,494,ok,0
825,27.500,1780168770,D6,-15,618,ok,0
825,27.500,1780168770,G10,418,486,interpolated,1
825,27.500,1780168770,G4,73,521,interpolated,0
825,27.500,1780168770,D27,0,590,interpolated,0
825,27.500,1780168770,G57,518,512,interpolated,0
825,27.500,1780168770,D41,-18,620,interpolated,0
825,27.500,1780168770,D46,-15,616,interpolated,0
825,27.500,1780168770,D2,401,484,interpolated,0
825,27.500,1780168770,D44,405,484,interpolated,0
825,27.500,1780168770,D45,63,504,interpolated,0
826,27.533,1780168770,G1,361,401,ok,1
826,27.533,1780168770,G59,427,480,merged,1
826,27.533,1780168770,G34,96,494,merged,1
826,27.533,1780168770,G6,168,113,ok,0
826,27.533,1780168770,G50,237,118,ok,0
826,27.533,1780168770,G56,65,482,merged,0
826,27.533,1780168770,G44,205,105,ok,0
826,27.533,1780168770,G62,82,90,ok,0
826,27.533,1780168770,G60,66,490,merged,1
826,27.533,1780168770,G58,138,32,ok,0
826,27.533,1780168770,G9,212,88,ok,0
826,27.533,1780168770,D4,65,675,ok,0
826,27.533,1780168770,D10,227,724,ok,1
826,27.533,1780168770,D32,13,601,ok,0
826,27.533,1780168770,D24,134,567,ok,1
826,27.533,1780168770,D11,232,907,ok,0
826,27.533,1780168770,D42,222,897,ok,0
826,27.533,1780168770,D25,290,885,ok,0
826,27.533,1780168770,D39,-1,591,ok,0
826,27.533,1780168770,D22,269,909,ok,0
826,27.533,1780168770,D6,-15,618,ok,0
826,27.533,1780168770,D45,61,498,ok,0
826,27.533,1780168770,D43,0,589,ok,0
826,27.533,1780168770,G10,418,486,interpolated,1
826,27.533,1780168770,G4,73,521,interpolated,0
826,27.533,1780168770,D27,0,590,interpolated,0
826,27.533,1780168770,G54,522,504,interpolated,0
826,27.533,1780168770,G57,518,512,interpolated,0
826,27.533,1780168770,D41,-18,620,interpolated,0
826,27.533,1780168770,G61,-16,313,interpolated,0
826,27.533,1780168770,D44,405,484,interpolated,0
826,27.533,1780168770,D18,66,494,interpolated,0
827,27.567,1780168770,G59,429,478,merged,1
827,27.567,1780168770,G1,363,401,ok,1
827,27.567,1780168770,G56,75,488,merged,1
827,27.567,1780168770,G34,121,533,merged,1
827,27.567,1780168770,G6,168,114,ok,0
827,27.567,1780168770,G50,237,117,ok,0
827,27.567,1780168770,G44,205,106,ok,0
827,27.567,1780168770,G62,81,90,ok,0
827,27.567,1780168770,G9,212,89,ok,0
827,27.567,1780168770,G4,50,78,ok,0
827,27.567,1780168770,G58,139,32,ok,0
827,27.567,1780168770,D4,65,675,ok,0
827,27.567,1780168770,D10,229,724,ok,1
827,27.567,1780168770,D18,69,480,ok,0
827,27.567,1780168770,D32,13,601,ok,0
827,27.567,1780168770,D11,231,906,ok,0
827,27.567,1780168770,D42,222,897,ok,0
827,27.567,1780168770,D25,289,885,ok,0
827,27.567,1780168770,D27,78,515,ok,1
827,27.567,1780168770,D45,62,494,ok,0
827,27.567,1780168770,D39,-1,591,ok,0
827,27.567,1780168770,D22,268,909,ok,0
827,27.567,1780168770,G10,418,486,interpolated,1
827,27.567,1780168770,D6,-15,618,interpolated,0
827,27.567,1780168770,D24,134,567,interpolated,1
827,27.567,1780168770,G54,522,504,interpolated,0
827,27.567,1780168770,G57,518,512,interpolated,0
827,27.567,1780168770,D41,-18,620,interpolated,0
827,27.567,1780168770,G60,66,490,interpolated,1
827,27.567,1780168770,G61,-16,313,interpolated,0
827,27.567,1780168770,D44,405,484,interpolated,0
827,27.567,1780168770,D43,0,589,interpolated,0
828,27.600,1780168770,G59,431,475,merged,1
828,27.600,1780168770,G34,121,533,merged,1
828,27.600,1780168770,G6,167,115,ok,0
828,27.600,1780168770,G56,72,499,merged,1
828,27.600,1780168770,G1,364,409,ok,1
828,27.600,1780168770,G50,237,117,ok,0
828,27.600,1780168770,G44,206,105,ok,0
828,27.600,1780168770,G60,61,477,merged,0
828,27.600,1780168770,G62,80,90,ok,0
828,27.600,1780168770,G9,212,89,ok,0
828,27.600,1780168770,D4,65,675,ok,0
828,27.600,1780168770,D10,232,723,ok,1
828,27.600,1780168770,D11,231,906,ok,0
828,27.600,1780168770,D25,289,885,ok,0
828,27.600,1780168770,D42,222,896,ok,0
828,27.600,1780168770,D32,11,601,ok,0
828,27.600,1780168770,D22,268,908,ok,0
828,27.600,1780168770,D47,85,501,ok,1
828,27.600,1780168770,D39,6,601,ok,0
828,27.600,1780168770,D43,0,590,ok,0
828,27.600,1780168770,G10,418,486,interpolated,1
828,27.600,1780168770,D6,-15,618,interpolated,0
828,27.600,1780168770,D24,134,567,interpolated,1
828,27.600,1780168770,G4,50,78,interpolated,0
828,27.600,1780168770,D27,78,515,interpolated,1
828,27.600,1780168770,G54,522,504,interpolated,0
828,27.600,1780168770,G57,518,512,interpolated,0
828,27.600,1780168770,G58,139,32,interpolated,0
828,27.600,1780168770,D41,-18,620,interpolated,0
828,27.600,1780168770,G61,-16,313,interpolated,0
828,27.600,1780168770,D45,62,494,interpolated,0
828,27.600,1780168770,D18,69,480,interpolated,0
829,27.633,1780168770,G59,431,475,merged,1
829,27.633,1780168770,G34,121,533,merged,1
829,27.633,1780168770,G6,167,115,ok,0
829,27.633,1780168770,G56,72,499,merged,1
829,27.633,1780168770,G1,364,409,ok,1
829,27.633,1780168770,G50,237,117,ok,0
829,27.633,1780168770,G44,206,105,ok,0
829,27.633,1780168770,G60,61,476,merged,0
829,27.633,1780168770,G62,80,90,ok,0
829,27.633,1780168770,G9,212,89,ok,0
829,27.633,1780168770,D4,65,675,ok,0
829,27.633,1780168770,D10,232,723,ok,1
829,27.633,1780168770,D25,289,885,ok,0
829,27.633,1780168770,D11,231,906,ok,0
829,27.633,1780168770,D42,222,896,ok,0
829,27.633,1780168770,D32,11,601,ok,0
829,27.633,1780168770,D22,268,908,ok,0
829,27.633,1780168770,D39,6,601,ok,0
829,27.633,1780168770,D47,85,501,ok,1
829,27.633,1780168770,D43,0,590,ok,0
829,27.633,1780168770,D6,-15,618,interpolated,0
829,27.633,1780168770,D24,134,567,interpolated,1
829,27.633,1780168770,G4,50,78,interpolated,0
829,27.633,1780168770,D27,78,515,interpolated,1
829,27.633,1780168770,G54,522,504,interpolated,0
829,27.633,1780168770,G57,518,512,interpolated,0
829,27.633,1780168770,G58,139,32,interpolated,0
829,27.633,1780168770,D41,-18,620,interpolated,0
829,27.633,1780168770,G61,-16,313,interpolated,0
829,27.633,1780168770,D45,62,494,interpolated,0
829,27.633,1780168770,D18,69,480,interpolated,0
830,27.667,1780168770,G59,428,429,ok,1
830,27.667,1780168770,G1,364,423,ok,1
830,27.667,1780168770,G56,64,480,merged,0
830,27.667,1780168770,G34,92,517,merged,1
830,27.667,1780168770,G6,167,116,ok,0
830,27.667,1780168770,G50,237,117,ok,0
830,27.667,1780168770,G44,205,106,ok,0
830,27.667,1780168770,G9,212,89,ok,0
830,27.667,1780168770,G62,79,90,ok,0
830,27.667,1780168770,D4,65,675,ok,0
830,27.667,1780168770,D10,235,714,ok,1
830,27.667,1780168770,D48,440,524,ok,1
830,27.667,1780168770,D24,137,551,ok,1
830,27.667,1780168770,D25,289,884,ok,0
830,27.667,1780168770,D39,7,601,ok,0
830,27.667,1780168770,D11,231,906,ok,0
830,27.667,1780168770,D42,222,896,ok,0
830,27.667,1780168770,D22,268,907,ok,0
830,27.667,1780168770,D47,84,507,ok,1
830,27.667,1780168770,D43,0,589,ok,0
830,27.667,1780168770,D6,-15,618,interpolated,0
830,27.667,1780168770,D32,11,601,interpolated,0
830,27.667,1780168770,G4,50,78,interpolated,0
830,27.667,1780168770,D27,78,515,interpolated,1
830,27.667,1780168770,G54,522,504,interpolated,0
830,27.667,1780168770,G57,518,512,interpolated,0
830,27.667,1780168770,G58,139,32,interpolated,0
830,27.667,1780168770,D41,-18,620,interpolated,0
830,27.667,1780168770,G60,61,476,interpolated,0
830,27.667,1780168770,G61,-16,313,interpolated,0
830,27.667,1780168770,D45,62,494,interpolated,0
830,27.667,1780168770,D18,69,480,interpolated,0
831,27.700,1780168770,G59,428,429,ok,1
831,27.700,1780168770,G1,363,437,ok,1
831,27.700,1780168770,G56,73,491,merged,1
831,27.700,1780168770,G6,166,118,ok,0
831,27.700,1780168770,G34,121,531,merged,1
831,27.700,1780168770,G50,237,117,ok,0
831,27.700,1780168770,G44,205,106,ok,0
831,27.700,1780168770,G60,94,502,merged,0
831,27.700,1780168770,G62,80,89,ok,0
831,27.700,1780168770,G9,212,89,ok,0
831,27.700,1780168770,G58,140,33,ok,0
831,27.700,1780168770,G54,521,505,ok,0
831,27.700,1780168770,G57,520,509,ok,0
831,27.700,1780168770,D4,65,675,ok,0
831,27.700,1780168770,D10,238,704,ok,1
831,27.700,1780168770,D48,441,530,ok,1
831,27.700,1780168770,D39,8,601,ok,0
831,27.700,1780168770,D11,231,906,ok,0
831,27.700,1780168770,D25,289,885,ok,0
831,27.700,1780168770,D42,222,896,ok,0
831,27.700,1780168770,D22,267,906,ok,0
831,27.700,1780168770,D47,128,571,ok,1
831,27.700,1780168770,D43,0,589,ok,0
831,27.700,1780168770,D6,-15,618,interpolated,0
831,27.700,1780168770,D24,137,551,interpolated,1
831,27.700,1780168770,D32,11,601,interpolated,0
831,27.700,1780168770,G4,50,78,interpolated,0
831,27.700,1780168770,D27,78,515,interpolated,1
831,27.700,1780168770,D41,-18,620,interpolated,0
831,27.700,1780168770,G61,-16,313,interpolated,0
831,27.700,1780168770,D45,62,494,interpolated,0
831,27.700,1780168770,D18,69,480,interpolated,0
832,27.733,1780168770,G1,363,446,ok,1
832,27.733,1780168770,G59,430,426,ok,1
832,27.733,1780168770,G6,167,119,ok,0
832,27.733,1780168770,G56,73,492,merged,1
832,27.733,1780168770,G34,121,531,merged,1
832,27.733,1780168770,G50,237,117,ok,0
832,27.733,1780168770,G60,63,464,merged,0
832,27.733,1780168770,G44,205,106,ok,0
832,27.733,1780168770,G62,80,89,ok,0
832,27.733,1780168770,G9,212,89,ok,0
832,27.733,1780168770,G58,141,33,ok,0
832,27.733,1780168770,G4,49,76,ok,0
832,27.733,1780168770,G54,521,505,ok,0
832,27.733,1780168770,D4,65,675,ok,0
832,27.733,1780168770,D48,443,539,ok,1
832,27.733,1780168770,D10,241,696,ok,1
832,27.733,1780168770,D39,7,601,ok,0
832,27.733,1780168770,D25,289,885,ok,0
832,27.733,1780168770,D11,231,906,ok,0
832,27.733,1780168770,D42,222,896,ok,0
832,27.733,1780168770,D22,267,905,ok,0
832,27.733,1780168770,D43,0,589,ok,0
832,27.733,1780168770,D32,0,590,ok,0
832,27.733,1780168770,D6,-15,618,interpolated,0
832,27.733,1780168770,D24,137,551,interpolated,1
832,27.733,1780168770,D27,78,515,interpolated,1
832,27.733,1780168770,G57,520,509,interpolated,0
832,27.733,1780168770,G61,-16,313,interpolated,0
832,27.733,1780168770,D45,62,494,interpolated,0
832,27.733,1780168770,D18,69,480,interpolated,0
832,27.733,1780168770,D47,128,571,interpolated,1
833,27.767,1780168770,G1,363,452,ok,1
833,27.767,1780168770,G59,431,422,ok,1
833,27.767,1780168770,G6,167,120,ok,0
833,27.767,1780168770,G56,97,520,merged,1
833,27.767,1780168770,G50,237,117,ok,0
833,27.767,1780168770,G60,65,466,merged,0
833,27.767,1780168770,G44,205,105,ok,0
833,27.767,1780168770,G34,122,533,merged,1
833,27.767,1780168770,G58,141,33,ok,0
833,27.767,1780168770,G62,80,89,ok,0
833,27.767,1780168770,G9,212,90,ok,0
833,27.767,1780168770,G4,49,77,ok,0
833,27.767,1780168770,D4,65,675,ok,0
833,27.767,1780168770,D10,244,690,ok,1
833,27.767,1780168770,D48,444,545,ok,1
833,27.767,1780168770,D39,8,597,ok,0
833,27.767,1780168770,D11,231,906,ok,0
833,27.767,1780168770,D42,222,896,ok,0
833,27.767,1780168770,D25,288,886,ok,0
833,27.767,1780168770,D22,267,905,ok,0
833,27.767,1780168770,D43,0,588,ok,0
833,27.767,1780168770,D32,0,590,ok,0
833,27.767,1780168770,D6,-15,618,interpolated,0
833,27.767,1780168770,D24,137,551,interpolated,1
833,27.767,1780168770,D27,78,515,interpolated,1
833,27.767,1780168770,G54,521,505,interpolated,0
833,27.767,1780168770,G57,520,509,interpolated,0
833,27.767,1780168770,G61,-16,313,interpolated,0
833,27.767,1780168770,D45,62,494,interpolated,0
833,27.767,1780168770,D18,69,480,interpolated,0
833,27.767,1780168770,D47,128,571,interpolated,1
834,27.800,1780168770,G59,432,418,ok,1
834,27.800,1780168770,G34,95,521,merged,1
834,27.800,1780168770,G6,166,120,ok,0
834,27.800,1780168770,G1,364,453,ok,1
834,27.800,1780168770,G60,65,464,merged,0
834,27.800,1780168770,G50,237,117,ok,0
834,27.800,1780168770,G44,205,105,ok,0
834,27.800,1780168770,G58,141,33,ok,0
834,27.800,1780168770,G9,212,90,ok,0
834,27.800,1780168770,G4,48,77,ok,0
834,27.800,1780168770,G54,521,505,ok,0
834,27.800,1780168770,G62,80,90,ok,0
834,27.800,1780168770,G57,519,510,ok,0
834,27.800,1780168770,D10,246,687,ok,1
834,27.800,1780168770,D4,65,675,ok,0
834,27.800,1780168770,D24,138,547,ok,1
834,27.800,1780168770,D39,9,593,ok,0
834,27.800,1780168770,D48,443,545,ok,1
834,27.800,1780168770,D11,231,906,ok,0
834,27.800,1780168770,D42,222,896,ok,0
834,27.800,1780168770,D22,267,905,ok,0
834,27.800,1780168770,D25,288,886,ok,0
834,27.800,1780168770,D32,0,590,ok,0
834,27.800,1780168770,D43,0,590,ok,0
834,27.800,1780168770,D6,-15,618,interpolated,0
834,27.800,1780168770,D27,78,515,interpolated,1
834,27.800,1780168770,G56,97,520,interpolated,1
834,27.800,1780168770,G61,-16,313,interpolated,0
834,27.800,1780168770,D45,62,494,interpolated,0
834,27.800,1780168770,D18,69,480,interpolated,0
834,27.800,1780168770,D47,128,571,interpolated,1
835,27.833,1780168770,G59,432,418,ok,1
835,27.833,1780168770,G34,95,521,merged,1
835,27.833,1780168770,G6,166,120,ok,0
835,27.833,1780168770,G1,364,453,ok,1
835,27.833,1780168770,G60,65,464,merged,0
835,27.833,1780168770,G50,237,117,ok,0
835,27.833,1780168770,G44,205,105,ok,0
835,27.833,1780168770,G58,141,33,ok,0
835,27.833,1780168770,G4,48,77,ok,0
835,27.833,1780168770,G9,212,90,ok,0
835,27.833,1780168770,G62,80,90,ok,0
835,27.833,1780168770,G54,521,505,ok,0
835,27.833,1780168770,G57,519,510,ok,0
835,27.833,1780168770,D10,246,687,ok,1
835,27.833,1780168770,D4,65,675,ok,0
835,27.833,1780168770,D24,138,547,ok,1
835,27.833,1780168770,D39,9,593,ok,0
835,27.833,1780168770,D48,443,545,ok,1
835,27.833,1780168770,D11,231,906,ok,0
835,27.833,1780168770,D42,222,896,ok,0
835,27.833,1780168770,D22,267,905,ok,0
835,27.833,1780168770,D25,288,886,ok,0
835,27.833,1780168770,D32,0,590,ok,0
835,27.833,1780168770,D43,0,590,ok,0
835,27.833,1780168770,D45,103,479,ok,0
835,27.833,1780168770,D6,-15,618,interpolated,0
835,27.833,1780168770,D27,78,515,interpolated,1
835,27.833,1780168770,G56,97,520,interpolated,1
835,27.833,1780168770,G61,-16,313,interpolated,0
835,27.833,1780168770,D18,69,480,interpolated,0
835,27.833,1780168770,D47,128,571,interpolated,1
836,27.867,1780168770,G59,434,412,ok,1
836,27.867,1780168770,G60,74,488,merged,1
836,27.867,1780168770,G6,166,120,ok,0
836,27.867,1780168770,G34,106,500,merged,0
836,27.867,1780168770,G50,236,117,ok,0
836,27.867,1780168770,G44,205,106,ok,0
836,27.867,1780168770,G1,365,453,ok,1
836,27.867,1780168770,G9,212,90,ok,0
836,27.867,1780168770,G4,47,76,ok,0
836,27.867,1780168770,G54,521,505,ok,0
836,27.867,1780168770,G62,79,90,ok,0
836,27.867,1780168770,D4,64,675,ok,0
836,27.867,1780168770,D10,248,682,ok,1
836,27.867,1780168770,D48,444,550,ok,1
836,27.867,1780168770,D24,137,547,ok,1
836,27.867,1780168770,D39,9,590,ok,0
836,27.867,1780168770,D11,231,906,ok,0
836,27.867,1780168770,D42,222,896,ok,0
836,27.867,1780168770,D22,267,905,ok,0
836,27.867,1780168770,D25,288,888,ok,0
836,27.867,1780168770,D18,67,478,ok,0
836,27.867,1780168770,D32,0,590,ok,0
836,27.867,1780168770,D6,0,589,ok,0
836,27.867,1780168770,D47,113,479,ok,0
836,27.867,1780168770,D43,0,590,ok,0
836,27.867,1780168770,D27,78,515,interpolated,1
836,27.867,1780168770,G56,97,520,interpolated,1
836,27.867,1780168770,G57,519,510,interpolated,0
836,27.867,1780168770,G58,141,33,interpolated,0
836,27.867,1780168770,D45,103,479,interpolated,0
837,27.900,1780168770,G60,86,465,merged,0
837,27.900,1780168770,G59,436,405,ok,1
837,27.900,1780168770,G6,165,121,ok,0
837,27.900,1780168770,G50,236,117,ok,0
837,27.900,1780168770,G34,94,525,merged,1
837,27.900,1780168770,G44,205,106,ok,0
837,27.900,1780168770,G1,366,457,ok,1
837,27.900,1780168770,G9,212,90,ok,0
837,27.900,1780168770,G57,519,509,ok,0
837,27.900,1780168770,G54,521,505,ok,0
837,27.900,1780168770,D4,64,675,ok,0
837,27.900,1780168770,D10,250,682,ok,1
837,27.900,1780168770,D48,445,554,ok,1
837,27.900,1780168770,D18,138,540,ok,1
837,27.900,1780168770,D22,267,905,ok,0
837,27.900,1780168770,D39,11,589,ok,0
837,27.900,1780168770,D11,231,906,ok,0
837,27.900,1780168770,D42,222,896,ok,0
837,27.900,1780168770,D25,287,892,ok,0
837,27.900,1780168770,D24,135,545,ok,1
837,27.900,1780168770,D32,0,590,ok,0
837,27.900,1780168770,D43,0,590,ok,0
837,27.900,1780168770,D6,0,589,ok,0
837,27.900,1780168770,D47,113,480,ok,0
837,27.900,1780168770,G4,47,76,interpolated,0
837,27.900,1780168770,D27,78,515,interpolated,1
837,27.900,1780168770,G56,97,520,interpolated,1
837,27.900,1780168770,G58,141,33,interpolated,0
837,27.900,1780168770,G62,79,90,interpolated,0
837,27.900,1780168770,D45,103,479,interpolated,0
838,27.933,1780168770,G59,437,396,ok,1
838,27.933,1780168770,G60,87,466,merged,0
838,27.933,1780168770,G6,164,120,ok,0
838,27.933,1780168770,G50,236,117,ok,0
838,27.933,1780168770,G1,366,466,ok,1
838,27.933,1780168770,G44,205,106,ok,0
838,27.933,1780168770,G9,212,90,ok,0
838,27.933,1780168770,G4,48,76,ok,0
838,27.933,1780168770,G34,93,527,merged,1
838,27.933,1780168770,G54,521,505,ok,0
838,27.933,1780168770,D4,64,675,ok,0
838,27.933,1780168770,D48,446,558,ok,1
838,27.933,1780168770,D10,252,682,ok,1
838,27.933,1780168770,D18,140,529,ok,1
838,27.933,1780168770,D39,12,587,ok,0
838,27.933,1780168770,D25,287,890,ok,0
838,27.933,1780168770,D11,231,907,ok,0
838,27.933,1780168770,D22,266,905,ok,0
838,27.933,1780168770,D42,222,896,ok,0
838,27.933,1780168770,D6,0,589,ok,0
838,27.933,1780168770,D49,424,544,ok,1
838,27.933,1780168770,D32,-1,591,ok,0
838,27.933,1780168770,D24,135,545,interpolated,1
838,27.933,1780168770,G56,97,520,interpolated,1
838,27.933,1780168770,G57,519,509,interpolated,0
838,27.933,1780168770,G58,141,33,interpolated,0
838,27.933,1780168770,G62,79,90,interpolated,0
838,27.933,1780168770,D45,103,479,interpolated,0
838,27.933,1780168770,D43,0,590,interpolated,0
838,27.933,1780168770,D47,113,480,interpolated,0
839,27.967,1780168770,G60,89,462,merged,0
839,27.967,1780168770,G59,439,385,ok,1
839,27.967,1780168770,G6,165,121,ok,0
839,27.967,1780168770,G50,236,117,ok,0
839,27.967,1780168770,G44,205,106,ok,0
839,27.967,1780168770,G1,365,477,ok,1
839,27.967,1780168770,G9,212,90,ok,0
839,27.967,1780168770,D48,448,563,ok,1
839,27.967,1780168770,D4,64,675,ok,0
839,27.967,1780168770,D27,83,539,ok,1
839,27.967,1780168770,D10,253,682,ok,1
839,27.967,1780168770,D18,142,521,ok,1
839,27.967,1780168770,D39,13,585,ok,0
839,27.967,1780168770,D25,287,887,ok,0
839,27.967,1780168770,D11,231,906,ok,0
839,27.967,1780168770,D42,222,896,ok,0
839,27.967,1780168770,D22,266,905,ok,0
839,27.967,1780168770,D32,-1,590,ok,0
839,27.967,1780168770,D43,-1,590,ok,0
839,27.967,1780168770,D6,0,589,interpolated,0
839,27.967,1780168770,D24,135,545,interpolated,1
839,27.967,1780168770,G34,93,527,interpolated,1
839,27.967,1780168770,G4,48,76,interpolated,0
839,27.967,1780168770,G54,521,505,interpolated,0
839,27.967,1780168770,G56,97,520,interpolated,1
839,27.967,1780168770,G57,519,509,interpolated,0
839,27.967,1780168770,G58,141,33,interpolated,0
839,27.967,1780168770,G62,79,90,interpolated,0
839,27.967,1780168770,D45,103,479,interpolated,0
839,27.967,1780168770,D47,113,480,interpolated,0
839,27.967,1780168770,D49,424,544,interpolated,1
840,28.000,1780168771,G60,89,462,merged,0
840,28.000,1780168771,G59,440,382,ok,1
840,28.000,1780168771,G1,365,490,ok,1
840,28.000,1780168771,G6,164,121,ok,0
840,28.000,1780168771,G50,236,117,ok,0
840,28.000,1780168771,G44,205,106,ok,0
840,28.000,1780168771,G4,47,73,ok,0
840,28.000,1780168771,G9,213,91,ok,0
840,28.000,1780168771,D18,143,516,ok,1
840,28.000,1780168771,D4,64,675,ok,0
840,28.000,1780168771,D48,448,570,ok,1
840,28.000,1780168771,D27,81,546,ok,1
840,28.000,1780168771,D10,255,676,ok,1
840,28.000,1780168771,D39,14,583,ok,0
840,28.000,1780168771,D25,287,887,ok,0
840,28.000,1780168771,D22,266,906,ok,0
840,28.000,1780168771,D11,231,906,ok,0
840,28.000,1780168771,D42,221,896,ok,0
840,28.000,1780168771,D32,-1,590,ok,0
840,28.000,1780168771,D6,0,589,ok,0
840,28.000,1780168771,D24,135,545,interpolated,1
840,28.000,1780168771,G34,93,527,interpolated,1
840,28.000,1780168771,G54,521,505,interpolated,0
840,28.000,1780168771,G56,97,520,interpolated,1
840,28.000,1780168771,G57,519,509,interpolated,0
840,28.000,1780168771,G58,141,33,interpolated,0
840,28.000,1780168771,G62,79,90,interpolated,0
840,28.000,1780168771,D45,103,479,interpolated,0
840,28.000,1780168771,D43,-1,590,interpolated,0
840,28.000,1780168771,D47,113,480,interpolated,0
840,28.000,1780168771,D49,424,544,interpolated,1
841,28.033,1780168771,G60,89,462,merged,0
841,28.033,1780168771,G59,440,382,ok,1
841,28.033,1780168771,G1,365,490,ok,1
841,28.033,1780168771,G6,164,121,ok,0
841,28.033,1780168771,G50,236,117,ok,0
841,28.033,1780168771,G44,205,106,ok,0
841,28.033,1780168771,G4,47,73,ok,0
841,28.033,1780168771,G9,213,91,ok,0
841,28.033,1780168771,D18,143,516,ok,1
841,28.033,1780168771,D4,64,675,ok,0
841,28.033,1780168771,D48,448,570,ok,1
841,28.033,1780168771,D10,255,676,ok,1
841,28.033,1780168771,D27,81,546,ok,1
841,28.033,1780168771,D39,14,583,ok,0
841,28.033,1780168771,D25,287,887,ok,0
841,28.033,1780168771,D22,266,906,ok,0
841,28.033,1780168771,D11,231,906,ok,0
841,28.033,1780168771,D42,221,896,ok,0
841,28.033,1780168771,D32,-1,590,ok,0
841,28.033,1780168771,D6,0,589,ok,0
841,28.033,1780168771,D24,135,545,interpolated,1
841,28.033,1780168771,G34,93,527,interpolated,1
841,28.033,1780168771,G54,521,505,interpolated,0
841,28.033,1780168771,G56,97,520,interpolated,1
841,28.033,1780168771,G57,519,509,interpolated,0
841,28.033,1780168771,G58,141,33,interpolated,0
841,28.033,1780168771,G62,79,90,interpolated,0
841,28.033,1780168771,D45,103,479,interpolated,0
841,28.033,1780168771,D43,-1,590,interpolated,0
841,28.033,1780168771,D47,113,480,interpolated,0
841,28.033,1780168771,D49,424,544,interpolated,1
842,28.067,1780168771,G1,366,498,ok,1
842,28.067,1780168771,G60,90,461,merged,0
842,28.067,1780168771,G59,441,380,ok,1
842,28.067,1780168771,G6,164,124,ok,0
842,28.067,1780168771,G50,236,117,ok,0
842,28.067,1780168771,G44,205,106,ok,0
842,28.067,1780168771,G4,46,74,ok,0
842,28.067,1780168771,G56,137,516,merged,1
842,28.067,1780168771,D4,64,675,ok,0
842,28.067,1780168771,D27,80,553,ok,1
842,28.067,1780168771,D10,258,664,ok,1
842,28.067,1780168771,D39,13,583,ok,0
842,28.067,1780168771,D48,450,578,ok,1
842,28.067,1780168771,D25,286,887,ok,0
842,28.067,1780168771,D11,231,906,ok,0
842,28.067,1780168771,D22,265,906,ok,0
842,28.067,1780168771,D42,222,896,ok,0
842,28.067,1780168771,D6,0,589,ok,0
842,28.067,1780168771,D32,0,588,ok,0
842,28.067,1780168771,D24,135,545,interpolated,1
842,28.067,1780168771,G34,93,527,interpolated,1
842,28.067,1780168771,G54,521,505,interpolated,0
842,28.067,1780168771,G57,519,509,interpolated,0
842,28.067,1780168771,G58,141,33,interpolated,0
842,28.067,1780168771,G62,79,90,interpolated,0
842,28.067,1780168771,G9,213,91,interpolated,0
842,28.067,1780168771,D45,103,479,interpolated,0
842,28.067,1780168771,D18,143,516,interpolated,1
842,28.067,1780168771,D43,-1,590,interpolated,0
842,28.067,1780168771,D47,113,480,interpolated,0
842,28.067,1780168771,D49,424,544,interpolated,1
843,28.100,1780168771,G1,366,504,ok,0
843,28.100,1780168771,G59,442,378,ok,1
843,28.100,1780168771,G60,90,458,merged,0
843,28.100,1780168771,G6,163,126,ok,1
843,28.100,1780168771,G56,138,516,merged,1
843,28.100,1780168771,G50,236,117,ok,0
843,28.100,1780168771,G44,205,106,ok,0
843,28.100,1780168771,G34,90,450,ok,1
843,28.100,1780168771,G4,45,74,ok,0
843,28.100,1780168771,D4,64,674,ok,0
843,28.100,1780168771,D27,79,555,ok,1
843,28.100,1780168771,D10,260,658,ok,1
843,28.100,1780168771,D48,453,587,ok,1
843,28.100,1780168771,D39,12,583,ok,0
843,28.100,1780168771,D25,286,887,ok,0
843,28.100,1780168771,D22,265,906,ok,0
843,28.100,1780168771,D11,231,906,ok,0
843,28.100,1780168771,D42,222,896,ok,0
843,28.100,1780168771,D6,0,587,ok,0
843,28.100,1780168771,D32,0,588,ok,0
843,28.100,1780168771,D24,135,545,interpolated,1
843,28.100,1780168771,G54,521,505,interpolated,0
843,28.100,1780168771,G57,519,509,interpolated,0
843,28.100,1780168771,G58,141,33,interpolated,0
843,28.100,1780168771,G62,79,90,interpolated,0
843,28.100,1780168771,G9,213,91,interpolated,0
843,28.100,1780168771,D45,103,479,interpolated,0
843,28.100,1780168771,D18,143,516,interpolated,1
843,28.100,1780168771,D43,-1,590,interpolated,0
843,28.100,1780168771,D47,113,480,interpolated,0
843,28.100,1780168771,D49,424,544,interpolated,1
844,28.133,1780168771,G1,366,502,ok,0
844,28.133,1780168771,G59,442,375,ok,1
844,28.133,1780168771,G6,161,126,ok,1
844,28.133,1780168771,G60,67,420,ok,0
844,28.133,1780168771,G50,236,117,ok,0
844,28.133,1780168771,G56,126,507,merged,0
844,28.133,1780168771,G44,205,106,ok,0
844,28.133,1780168771,G57,519,510,ok,0
844,28.133,1780168771,G54,521,505,ok,0
844,28.133,1780168771,D4,64,675,ok,0
844,28.133,1780168771,D27,80,555,ok,1
844,28.133,1780168771,D48,454,594,ok,1
844,28.133,1780168771,D18,138,512,ok,1
844,28.133,1780168771,D10,263,647,ok,1
844,28.133,1780168771,D25,285,887,ok,0
844,28.133,1780168771,D39,11,583,ok,0
844,28.133,1780168771,D22,264,906,ok,0
844,28.133,1780168771,D11,231,906,ok,0
844,28.133,1780168771,D42,222,896,ok,0
844,28.133,1780168771,D6,0,589,ok,0
844,28.133,1780168771,D32,0,588,ok,0
844,28.133,1780168771,D43,-1,590,ok,0
844,28.133,1780168771,D24,135,545,interpolated,1
844,28.133,1780168771,G34,90,450,interpolated,1
844,28.133,1780168771,G4,45,74,interpolated,0
844,28.133,1780168771,G58,141,33,interpolated,0
844,28.133,1780168771,G62,79,90,interpolated,0
844,28.133,1780168771,G9,213,91,interpolated,0
844,28.133,1780168771,D45,103,479,interpolated,0
844,28.133,1780168771,D47,113,480,interpolated,0
844,28.133,1780168771,D49,424,544,interpolated,1
845,28.167,1780168771,G1,367,505,ok,0
845,28.167,1780168771,G59,443,371,ok,1
845,28.167,1780168771,G56,127,508,merged,1
845,28.167,1780168771,G6,161,128,ok,1
845,28.167,1780168771,G50,235,117,ok,0
845,28.167,1780168771,G60,67,418,ok,0
845,28.167,1780168771,G44,205,106,ok,0
845,28.167,1780168771,D4,64,674,ok,0
845,28.167,1780168771,D48,455,596,ok,1
845,28.167,1780168771,D10,266,642,ok,1
845,28.167,1780168771,D18,138,512,ok,1
845,28.167,1780168771,D24,73,576,ok,0
845,28.167,1780168771,D25,285,887,ok,0
845,28.167,1780168771,D11,231,906,ok,0
845,28.167,1780168771,D22,263,905,ok,0
845,28.167,1780168771,D42,222,896,ok,0
845,28.167,1780168771,D39,12,583,ok,0
845,28.167,1780168771,D27,80,557,ok,1
845,28.167,1780168771,D32,64,593,ok,0
845,28.167,1780168771,D49,264,671,ok,1
845,28.167,1780168771,D6,0,589,ok,0
845,28.167,1780168771,G34,90,450,interpolated,1
845,28.167,1780168771,G4,45,74,interpolated,0
845,28.167,1780168771,G54,521,505,interpolated,0
845,28.167,1780168771,G57,519,510,interpolated,0
845,28.167,1780168771,G58,141,33,interpolated,0
845,28.167,1780168771,G62,79,90,interpolated,0
845,28.167,1780168771,G9,213,91,interpolated,0
845,28.167,1780168771,D45,103,479,interpolated,0
845,28.167,1780168771,D43,-1,590,interpolated,0
845,28.167,1780168771,D47,113,480,interpolated,0
846,28.200,1780168771,G59,444,366,ok,1
846,28.200,1780168771,G56,127,511,merged,1
846,28.200,1780168771,G6,161,131,ok,1
846,28.200,1780168771,G60,70,418,ok,0
846,28.200,1780168771,G1,371,507,ok,0
846,28.200,1780168771,G50,235,117,ok,0
846,28.200,1780168771,G44,205,106,ok,0
846,28.200,1780168771,G57,369,512,ok,0
846,28.200,1780168771,G54,523,503,ok,0
846,28.200,1780168771,G58,143,26,ok,0
846,28.200,1780168771,D4,64,675,ok,0
846,28.200,1780168771,D10,267,637,ok,1
846,28.200,1780168771,D27,81,560,ok,1
846,28.200,1780168771,D18,140,508,ok,1
846,28.200,1780168771,D48,455,599,ok,1
846,28.200,1780168771,D25,285,887,ok,0
846,28.200,1780168771,D22,262,906,ok,0
846,28.200,1780168771,D11,231,906,ok,0
846,28.200,1780168771,D42,222,896,ok,0
846,28.200,1780168771,D39,11,583,ok,0
846,28.200,1780168771,D24,73,582,ok,0
846,28.200,1780168771,D6,0,589,ok,0
846,28.200,1780168771,G34,90,450,interpolated,1
846,28.200,1780168771,D32,64,593,interpolated,0
846,28.200,1780168771,G4,45,74,interpolated,0
846,28.200,1780168771,G62,79,90,interpolated,0
846,28.200,1780168771,G9,213,91,interpolated,0
846,28.200,1780168771,D43,-1,590,interpolated,0
846,28.200,1780168771,D47,113,480,interpolated,0
846,28.200,1780168771,D49,264,671,interpolated,1
847,28.233,1780168771,G59,444,366,ok,1
847,28.233,1780168771,G56,127,511,merged,1
847,28.233,1780168771,G6,161,131,ok,1
847,28.233,1780168771,G50,235,117,ok,0
847,28.233,1780168771,G1,371,506,ok,0
847,28.233,1780168771,G60,70,418,ok,0
847,28.233,1780168771,G44,205,106,ok,0
847,28.233,1780168771,G57,369,512,ok,0
847,28.233,1780168771,G58,143,26,ok,0
847,28.233,1780168771,G54,523,503,ok,0
847,28.233,1780168771,D4,64,675,ok,0
847,28.233,1780168771,D10,267,637,ok,1
847,28.233,1780168771,D18,140,507,ok,1
847,28.233,1780168771,D27,81,560,ok,1
847,28.233,1780168771,D48,455,599,ok,1
847,28.233,1780168771,D25,285,887,ok,0
847,28.233,1780168771,D22,262,906,ok,0
847,28.233,1780168771,D11,231,906,ok,0
847,28.233,1780168771,D42,222,896,ok,0
847,28.233,1780168771,D24,73,582,ok,0
847,28.233,1780168771,D39,11,583,ok,0
847,28.233,1780168771,D6,0,589,ok,0
847,28.233,1780168771,G34,90,450,interpolated,1
847,28.233,1780168771,D32,64,593,interpolated,0
847,28.233,1780168771,G4,45,74,interpolated,0
847,28.233,1780168771,G9,213,91,interpolated,0
847,28.233,1780168771,D43,-1,590,interpolated,0
847,28.233,1780168771,D47,113,480,interpolated,0
847,28.233,1780168771,D49,264,671,interpolated,1
848,28.267,1780168771,G59,446,360,ok,1
848,28.267,1780168771,G56,127,512,merged,1
848,28.267,1780168771,G6,162,133,ok,1
848,28.267,1780168771,G60,75,418,ok,0
848,28.267,1780168771,G57,368,518,ok,0
848,28.267,1780168771,G50,235,117,ok,0
848,28.267,1780168771,G44,205,105,ok,0
848,28.267,1780168771,G54,523,503,ok,0
848,28.267,1780168771,G58,144,26,ok,0
848,28.267,1780168771,D4,64,675,ok,0
848,28.267,1780168771,D10,269,636,ok,1
848,28.267,1780168771,D24,73,587,ok,0
848,28.267,1780168771,D47,142,499,ok,1
848,28.267,1780168771,D48,460,613,ok,1
848,28.267,1780168771,D25,284,887,ok,0
848,28.267,1780168771,D22,262,906,ok,0
848,28.267,1780168771,D11,231,906,ok,0
848,28.267,1780168771,D42,222,897,ok,0
848,28.267,1780168771,D39,10,583,ok,0
848,28.267,1780168771,D6,0,589,ok,0
848,28.267,1780168771,D18,138,505,ok,1
848,28.267,1780168771,D43,-1,591,ok,0
848,28.267,1780168771,D32,-19,623,ok,0
848,28.267,1780168771,G1,371,506,interpolated,0
848,28.267,1780168771,G34,90,450,interpolated,1
848,28.267,1780168771,G4,45,74,interpolated,0
848,28.267,1780168771,G9,213,91,interpolated,0
848,28.267,1780168771,D49,264,671,interpolated,1
848,28.267,1780168771,D27,81,560,interpolated,1
849,28.300,1780168771,G59,448,352,ok,1
849,28.300,1780168771,G6,161,134,ok,1
849,28.300,1780168771,G57,369,518,ok,0
849,28.300,1780168771,G56,127,512,merged,1
849,28.300,1780168771,G60,76,416,ok,0
849,28.300,1780168771,G50,234,117,ok,0
849,28.300,1780168771,G44,205,105,ok,0
849,28.300,1780168771,G54,523,503,ok,0
849,28.300,1780168771,G58,144,25,ok,0
849,28.300,1780168771,G1,522,504,ok,0
849,28.300,1780168771,D4,64,675,ok,0
849,28.300,1780168771,D10,271,636,ok,1
849,28.300,1780168771,D27,81,570,ok,1
849,28.300,1780168771,D48,458,608,ok,1
849,28.300,1780168771,D18,143,489,ok,0
849,28.300,1780168771,D25,285,887,ok,0
849,28.300,1780168771,D22,262,906,ok,0
849,28.300,1780168771,D47,139,501,ok,1
849,28.300,1780168771,D11,232,907,ok,0
849,28.300,1780168771,D42,223,896,ok,0
849,28.300,1780168771,D43,-1,591,ok,0
849,28.300,1780168771,D39,11,582,ok,0
849,28.300,1780168771,D6,0,589,interpolated,0
849,28.300,1780168771,D24,73,587,interpolated,0
849,28.300,1780168771,G34,90,450,interpolated,1
849,28.300,1780168771,D32,-19,623,interpolated,0
849,28.300,1780168771,G4,45,74,interpolated,0
849,28.300,1780168771,G9,213,91,interpolated,0
849,28.300,1780168771,D49,264,671,interpolated,1
850,28.333,1780168771,G56,129,516,merged,1
850,28.333,1780168771,G59,451,344,ok,1
850,28.333,1780168771,G6,161,135,ok,1
850,28.333,1780168771,G60,79,415,ok,1
850,28.333,1780168771,G57,371,518,ok,0
850,28.333,1780168771,G50,233,117,ok,0
850,28.333,1780168771,G44,205,105,ok,0
850,28.333,1780168771,G54,523,503,ok,0
850,28.333,1780168771,D4,64,675,ok,0
850,28.333,1780168771,D27,80,576,ok,1
850,28.333,1780168771,D10,274,636,ok,1
850,28.333,1780168771,D48,459,612,ok,1
850,28.333,1780168771,D39,12,577,ok,0
850,28.333,1780168771,D49,139,483,ok,0
850,28.333,1780168771,D25,285,887,ok,0
850,28.333,1780168771,D22,262,905,ok,0
850,28.333,1780168771,D24,136,496,ok,1
850,28.333,1780168771,D11,232,906,ok,0
850,28.333,1780168771,D43,-1,591,ok,0
850,28.333,1780168771,D42,223,896,ok,0
850,28.333,1780168771,D18,145,484,ok,0
850,28.333,1780168771,D47,141,496,ok,1
850,28.333,1780168771,D6,0,589,ok,0
850,28.333,1780168771,D32,-20,625,ok,0
850,28.333,1780168771,G1,522,504,interpolated,0
850,28.333,1780168771,G34,90,450,interpolated,1
850,28.333,1780168771,G4,45,74,interpolated,0
850,28.333,1780168771,G58,144,25,interpolated,0
850,28.333,1780168771,G9,213,91,interpolated,0
851,28.367,1780168771,G59,452,337,ok,1
851,28.367,1780168771,G6,159,135,ok,1
851,28.367,1780168771,G60,79,409,ok,1
851,28.367,1780168771,G50,232,117,ok,0
851,28.367,1780168771,G34,128,507,merged,1
851,28.367,1780168771,G56,143,498,merged,0
851,28.367,1780168771,G44,205,105,ok,0
851,28.367,1780168771,G54,523,503,ok,0
851,28.367,1780168771,G1,522,504,ok,0
851,28.367,1780168771,D4,64,675,ok,0
851,28.367,1780168771,D27,78,583,ok,1
851,28.367,1780168771,D10,276,632,ok,1
851,28.367,1780168771,D39,14,574,ok,0
851,28.367,1780168771,D48,458,619,ok,1
851,28.367,1780168771,D22,260,905,ok,0
851,28.367,1780168771,D25,284,887,ok,0
851,28.367,1780168771,D11,232,906,ok,0
851,28.367,1780168771,D42,222,896,ok,0
851,28.367,1780168771,D43,-1,591,ok,0
851,28.367,1780168771,D6,0,589,ok,0
851,28.367,1780168771,D24,136,496,interpolated,1
851,28.367,1780168771,D32,-20,625,interpolated,0
851,28.367,1780168771,G4,45,74,interpolated,0
851,28.367,1780168771,G57,371,518,interpolated,0
851,28.367,1780168771,G58,144,25,interpolated,0
851,28.367,1780168771,G9,213,91,interpolated,0
851,28.367,1780168771,D18,145,484,interpolated,0
851,28.367,1780168771,D47,141,496,interpolated,1
851,28.367,1780168771,D49,139,483,interpolated,0
852,28.400,1780168771,G59,453,335,ok,1
852,28.400,1780168771,G6,160,135,ok,1
852,28.400,1780168771,G60,78,403,ok,1
852,28.400,1780168771,G34,128,513,merged,1
852,28.400,1780168771,G50,232,117,ok,0
852,28.400,1780168771,G44,205,105,ok,0
852,28.400,1780168771,G54,523,503,ok,0
852,28.400,1780168771,G1,522,504,ok,0
852,28.400,1780168771,G9,213,95,ok,0
852,28.400,1780168771,D4,64,675,ok,0
852,28.400,1780168771,D27,77,588,ok,0
852,28.400,1780168771,D39,15,571,ok,0
852,28.400,1780168771,D10,279,628,ok,1
852,28.400,1780168771,D48,461,630,ok,1
852,28.400,1780168771,D22,260,905,ok,0
852,28.400,1780168771,D11,232,906,ok,0
852,28.400,1780168771,D25,284,887,ok,0
852,28.400,1780168771,D49,139,481,ok,0
852,28.400,1780168771,D18,145,481,ok,0
852,28.400,1780168771,D42,222,896,ok,0
852,28.400,1780168771,D45,114,517,ok,1
852,28.400,1780168771,D47,143,487,ok,0
852,28.400,1780168771,D43,-2,591,ok,0
852,28.400,1780168771,D32,-19,622,ok,0
852,28.400,1780168771,D6,0,589,interpolated,0
852,28.400,1780168771,D24,136,496,interpolated,1
852,28.400,1780168771,G4,45,74,interpolated,0
852,28.400,1780168771,G56,143,498,interpolated,0
852,28.400,1780168771,G57,371,518,interpolated,0
852,28.400,1780168771,G58,144,25,interpolated,0
853,28.433,1780168771,G59,453,335,ok,1
853,28.433,1780168771,G6,160,135,ok,1
853,28.433,1780168771,G60,78,403,ok,1
853,28.433,1780168771,G34,128,513,merged,1
853,28.433,1780168771,G50,232,117,ok,0
853,28.433,1780168771,G44,205,105,ok,0
853,28.433,1780168771,G54,523,503,ok,0
853,28.433,1780168771,G1,522,504,ok,0
853,28.433,1780168771,G9,213,95,ok,0
853,28.433,1780168771,D4,64,675,ok,0
853,28.433,1780168771,D39,15,571,ok,0
853,28.433,1780168771,D27,78,588,ok,1
853,28.433,1780168771,D10,279,628,ok,1
853,28.433,1780168771,D48,461,631,ok,1
853,28.433,1780168771,D22,260,905,ok,0
853,28.433,1780168771,D11,232,906,ok,0
853,28.433,1780168771,D25,284,887,ok,0
853,28.433,1780168771,D49,139,481,ok,0
853,28.433,1780168771,D42,222,896,ok,0
853,28.433,1780168771,D45,115,517,ok,1
853,28.433,1780168771,D18,145,481,ok,0
853,28.433,1780168771,D47,143,487,ok,0
853,28.433,1780168771,D43,-2,591,ok,0
853,28.433,1780168771,D32,-19,622,ok,0
853,28.433,1780168771,D6,0,589,interpolated,0
853,28.433,1780168771,D24,136,496,interpolated,1
853,28.433,1780168771,G4,45,74,interpolated,0
853,28.433,1780168771,G56,143,498,interpolated,0
853,28.433,1780168771,G57,371,518,interpolated,0
853,28.433,1780168771,G58,144,25,interpolated,0
854,28.467,1780168771,G6,160,135,ok,1
854,28.467,1780168771,G59,454,332,ok,1
854,28.467,1780168771,G34,133,510,merged,1
854,28.467,1780168771,G60,74,386,ok,0
854,28.467,1780168771,G50,232,117,ok,0
854,28.467,1780168771,G44,205,105,ok,0
854,28.467,1780168771,G54,523,503,ok,0
854,28.467,1780168771,G1,522,504,ok,0
854,28.467,1780168771,D4,64,675,ok,0
854,28.467,1780168771,D10,283,609,ok,1
854,28.467,1780168771,D48,460,634,ok,1
854,28.467,1780168771,D39,15,570,ok,0
854,28.467,1780168771,D27,80,589,ok,1
854,28.467,1780168771,D49,140,480,ok,0
854,28.467,1780168771,D22,260,905,ok,0
854,28.467,1780168771,D25,284,887,ok,0
854,28.467,1780168771,D11,232,906,ok,0
854,28.467,1780168771,D42,222,896,ok,0
854,28.467,1780168771,D24,109,537,ok,1
854,28.467,1780168771,D6,64,621,ok,0
854,28.467,1780168771,D32,-19,622,ok,0
854,28.467,1780168771,G56,143,498,interpolated,0
854,28.467,1780168771,G57,371,518,interpolated,0
854,28.467,1780168771,G58,144,25,interpolated,0
854,28.467,1780168771,G9,213,95,interpolated,0
854,28.467,1780168771,D18,145,481,interpolated,0
854,28.467,1780168771,D43,-2,591,interpolated,0
854,28.467,1780168771,D47,143,487,interpolated,0
854,28.467,1780168771,D45,115,517,interpolated,1
855,28.500,1780168771,G6,160,135,ok,1
855,28.500,1780168771,G34,134,508,merged,1
855,28.500,1780168771,G59,456,328,ok,1
855,28.500,1780168771,G60,75,385,ok,0
855,28.500,1780168771,G50,231,118,ok,0
855,28.500,1780168771,G44,205,105,ok,0
855,28.500,1780168771,G1,522,504,ok,0
855,28.500,1780168771,G54,523,503,ok,0
855,28.500,1780168771,D4,64,675,ok,0
855,28.500,1780168771,D27,81,591,ok,1
855,28.500,1780168771,D10,284,601,ok,1
855,28.500,1780168771,D39,16,568,ok,0
855,28.500,1780168771,D48,459,637,ok,1
855,28.500,1780168771,D22,260,905,ok,0
855,28.500,1780168771,D49,141,480,ok,0
855,28.500,1780168771,D11,233,906,ok,0
855,28.500,1780168771,D25,284,887,ok,0
855,28.500,1780168771,D42,222,896,ok,0
855,28.500,1780168771,D43,-2,587,ok,0
855,28.500,1780168771,D32,-19,622,ok,0
855,28.500,1780168771,D6,64,621,interpolated,0
855,28.500,1780168771,D24,109,537,interpolated,1
855,28.500,1780168771,G56,143,498,interpolated,0
855,28.500,1780168771,G57,371,518,interpolated,0
855,28.500,1780168771,G58,144,25,interpolated,0
855,28.500,1780168771,G9,213,95,interpolated,0
855,28.500,1780168771,D18,145,481,interpolated,0
855,28.500,1780168771,D47,143,487,interpolated,0
855,28.500,1780168771,D45,115,517,interpolated,1
856,28.533,1780168771,G6,159,135,ok,1
856,28.533,1780168771,G34,136,509,merged,1
856,28.533,1780168771,G59,456,325,ok,1
856,28.533,1780168771,G50,231,118,ok,0
856,28.533,1780168771,G60,78,386,ok,1
856,28.533,1780168771,G44,205,105,ok,0
856,28.533,1780168771,G54,523,503,ok,0
856,28.533,1780168771,G1,523,503,ok,0
856,28.533,1780168771,G9,213,97,ok,0
856,28.533,1780168771,G4,75,82,ok,0
856,28.533,1780168771,D27,82,595,ok,1
856,28.533,1780168771,D4,64,675,ok,0
856,28.533,1780168771,D39,17,566,ok,0
856,28.533,1780168771,D48,458,640,ok,1
856,28.533,1780168771,D10,286,596,ok,1
856,28.533,1780168771,D49,142,479,ok,0
856,28.533,1780168771,D22,260,905,ok,0
856,28.533,1780168771,D11,233,906,ok,0
856,28.533,1780168771,D25,284,887,ok,0
856,28.533,1780168771,D42,222,896,ok,0
856,28.533,1780168771,D32,-19,622,ok,0
856,28.533,1780168771,D6,64,621,interpolated,0
856,28.533,1780168771,D24,109,537,interpolated,1
856,28.533,1780168771,G56,143,498,interpolated,0
856,28.533,1780168771,G57,371,518,interpolated,0
856,28.533,1780168771,G58,144,25,interpolated,0
856,28.533,1780168771,D18,145,481,interpolated,0
856,28.533,1780168771,D43,-2,587,interpolated,0
856,28.533,1780168771,D47,143,487,interpolated,0
856,28.533,1780168771,D45,115,517,interpolated,1
857,28.567,1780168771,G6,158,136,ok,1
857,28.567,1780168771,G34,138,510,merged,1
857,28.567,1780168771,G60,80,381,ok,1
857,28.567,1780168771,G59,461,307,ok,1
857,28.567,1780168771,G50,230,118,ok,0
857,28.567,1780168771,G44,205,105,ok,0
857,28.567,1780168771,G1,523,503,ok,0
857,28.567,1780168771,G54,523,503,ok,0
857,28.567,1780168771,G4,75,83,ok,0
857,28.567,1780168771,G9,213,97,ok,0
857,28.567,1780168771,D4,64,674,ok,0
857,28.567,1780168771,D27,82,597,ok,1
857,28.567,1780168771,D39,18,565,ok,0
857,28.567,1780168771,D10,288,591,ok,1
857,28.567,1780168771,D48,457,643,ok,1
857,28.567,1780168771,D22,259,905,ok,0
857,28.567,1780168771,D18,370,484,ok,0
857,28.567,1780168771,D11,233,906,ok,0
857,28.567,1780168771,D25,284,887,ok,0
857,28.567,1780168771,D42,222,896,ok,0
857,28.567,1780168771,D47,373,484,ok,0
857,28.567,1780168771,D32,-19,622,ok,0
857,28.567,1780168771,D6,64,621,interpolated,0
857,28.567,1780168771,D24,109,537,interpolated,1
857,28.567,1780168771,G56,143,498,interpolated,0
857,28.567,1780168771,G57,371,518,interpolated,0
857,28.567,1780168771,G58,144,25,interpolated,0
857,28.567,1780168771,D43,-2,587,interpolated,0
857,28.567,1780168771,D49,142,479,interpolated,0
857,28.567,1780168771,D45,115,517,interpolated,1
858,28.600,1780168771,G60,83,379,ok,1
858,28.600,1780168771,G6,158,139,ok,1
858,28.600,1780168771,G34,141,511,merged,1
858,28.600,1780168771,G59,462,304,ok,1
858,28.600,1780168771,G50,230,118,ok,0
858,28.600,1780168771,G44,205,105,ok,0
858,28.600,1780168771,G1,523,503,ok,0
858,28.600,1780168771,G54,523,503,ok,0
858,28.600,1780168771,G9,213,97,ok,0
858,28.600,1780168771,G4,75,83,ok,0
858,28.600,1780168771,D4,64,674,ok,0
858,28.600,1780168771,D39,18,565,ok,0
858,28.600,1780168771,D27,83,602,ok,1
858,28.600,1780168771,D10,289,589,ok,1
858,28.600,1780168771,D48,457,646,ok,1
858,28.600,1780168771,D18,371,484,ok,0
858,28.600,1780168771,D22,259,905,ok,0
858,28.600,1780168771,D42,223,896,ok,0
858,28.600,1780168771,D25,284,887,ok,0
858,28.600,1780168771,D11,233,906,ok,0
858,28.600,1780168771,D32,-19,622,ok,0
858,28.600,1780168771,D6,64,621,interpolated,0
858,28.600,1780168771,D24,109,537,interpolated,1
858,28.600,1780168771,G56,143,498,interpolated,0
858,28.600,1780168771,G57,371,518,interpolated,0
858,28.600,1780168771,G58,144,25,interpolated,0
858,28.600,1780168771,D43,-2,587,interpolated,0
858,28.600,1780168771,D47,373,484,interpolated,0
858,28.600,1780168771,D49,142,479,interpolated,0
858,28.600,1780168771,D45,115,517,interpolated,1
859,28.633,1780168771,G60,83,379,ok,1
859,28.633,1780168771,G6,158,139,ok,1
859,28.633,1780168771,G34,141,511,merged,1
859,28.633,1780168771,G59,462,304,ok,1
859,28.633,1780168771,G50,230,118,ok,0
859,28.633,1780168771,G44,205,105,ok,0
859,28.633,1780168771,G1,523,503,ok,0
859,28.633,1780168771,G54,523,503,ok,0
859,28.633,1780168771,G9,213,97,ok,0
859,28.633,1780168771,G4,75,83,ok,0
859,28.633,1780168771,D4,64,674,ok,0
859,28.633,1780168771,D39,18,565,ok,0
859,28.633,1780168771,D27,83,602,ok,1
859,28.633,1780168771,D10,289,589,ok,1
859,28.633,1780168771,D48,457,646,ok,1
859,28.633,1780168771,D18,371,484,ok,0
859,28.633,1780168771,D22,259,905,ok,0
859,28.633,1780168771,D42,223,896,ok,0
859,28.633,1780168771,D11,233,906,ok,0
859,28.633,1780168771,D25,284,887,ok,0
859,28.633,1780168771,D32,-18,621,ok,0
859,28.633,1780168771,D6,64,621,interpolated,0
859,28.633,1780168771,D24,109,537,interpolated,1
859,28.633,1780168771,G56,143,498,interpolated,0
859,28.633,1780168771,G57,371,518,interpolated,0
859,28.633,1780168771,G58,144,25,interpolated,0
859,28.633,1780168771,D43,-2,587,interpolated,0
859,28.633,1780168771,D47,373,484,interpolated,0
859,28.633,1780168771,D49,142,479,interpolated,0
859,28.633,1780168771,D45,115,517,interpolated,1
860,28.667,1780168771,G59,460,309,ok,1
860,28.667,1780168771,G6,158,141,ok,1
860,28.667,1780168771,G34,141,511,merged,1
860,28.667,1780168771,G60,85,374,ok,1
860,28.667,1780168771,G50,230,118,ok,0
860,28.667,1780168771,G44,205,105,ok,0
860,28.667,1780168771,G1,523,503,ok,0
860,28.667,1780168771,G54,523,503,ok,0
860,28.667,1780168771,G4,75,83,ok,0
860,28.667,1780168771,G9,213,97,ok,0
860,28.667,1780168771,D4,64,674,ok,0
860,28.667,1780168771,D39,17,565,ok,0
860,28.667,1780168771,D27,82,608,ok,1
860,28.667,1780168771,D48,458,650,ok,1
860,28.667,1780168771,D10,292,589,ok,1
860,28.667,1780168771,D18,371,484,ok,0
860,28.667,1780168771,D22,259,905,ok,0
860,28.667,1780168771,D42,223,896,ok,0
860,28.667,1780168771,D25,284,887,ok,0
860,28.667,1780168771,D11,233,907,ok,0
860,28.667,1780168771,D6,64,621,interpolated,0
860,28.667,1780168771,D24,109,537,interpolated,1
860,28.667,1780168771,D32,-18,621,interpolated,0
860,28.667,1780168771,G56,143,498,interpolated,0
860,28.667,1780168771,G57,371,518,interpolated,0
860,28.667,1780168771,D43,-2,587,interpolated,0
860,28.667,1780168771,D47,373,484,interpolated,0
860,28.667,1780168771,D49,142,479,interpolated,0
860,28.667,1780168771,D45,115,517,interpolated,1
861,28.700,1780168771,G34,141,510,merged,1
861,28.700,1780168771,G6,157,143,ok,1
861,28.700,1780168771,G59,461,303,ok,1
861,28.700,1780168771,G60,86,369,ok,1
861,28.700,1780168771,G50,230,118,ok,0
861,28.700,1780168771,G44,205,105,ok,0
861,28.700,1780168771,G1,523,503,ok,0
861,28.700,1780168771,G54,523,503,ok,0
861,28.700,1780168771,D4,64,674,ok,0
861,28.700,1780168771,D10,295,589,ok,1
861,28.700,1780168771,D27,81,614,ok,1
861,28.700,1780168771,D48,458,655,ok,1
861,28.700,1780168771,D39,17,565,ok,0
861,28.700,1780168771,D18,371,484,ok,0
861,28.700,1780168771,D22,259,905,ok,0
861,28.700,1780168771,D42,223,896,ok,0
861,28.700,1780168771,D25,284,887,ok,0
861,28.700,1780168771,D11,234,907,ok,0
861,28.700,1780168771,D6,64,621,interpolated,0
861,28.700,1780168771,D24,109,537,interpolated,1
861,28.700,1780168771,D32,-18,621,interpolated,0
861,28.700,1780168771,G56,143,498,interpolated,0
861,28.700,1780168771,G9,213,97,interpolated,0
861,28.700,1780168771,D43,-2,587,interpolated,0
861,28.700,1780168771,D47,373,484,interpolated,0
861,28.700,1780168771,D49,142,479,interpolated,0
861,28.700,1780168771,D45,115,517,interpolated,1
861,28.700,1780168771,G4,75,83,interpolated,0
862,28.733,1780168771,G6,158,143,ok,1
862,28.733,1780168771,G59,462,296,ok,1
862,28.733,1780168771,G34,164,469,ok,1
862,28.733,1780168771,G60,86,361,ok,1
862,28.733,1780168771,G50,229,118,ok,0
862,28.733,1780168771,G44,205,105,ok,0
862,28.733,1780168771,G56,522,504,ok,0
862,28.733,1780168771,G1,523,503,ok,0
862,28.733,1780168771,G9,213,96,ok,0
862,28.733,1780168771,G57,521,504,ok,0
862,28.733,1780168771,G54,523,503,ok,0
862,28.733,1780168771,D4,64,674,ok,0
862,28.733,1780168771,D18,370,485,ok,0
862,28.733,1780168771,D45,122,546,ok,1
862,28.733,1780168771,D10,297,587,ok,1
862,28.733,1780168771,D48,459,663,ok,1
862,28.733,1780168771,D27,80,621,ok,1
862,28.733,1780168771,D39,16,565,ok,0
862,28.733,1780168771,D22,258,905,ok,0
862,28.733,1780168771,D42,223,896,ok,0
862,28.733,1780168771,D25,284,887,ok,0
862,28.733,1780168771,D11,234,907,ok,0
862,28.733,1780168771,D6,64,621,interpolated,0
862,28.733,1780168771,D24,109,537,interpolated,1
862,28.733,1780168771,D32,-18,621,interpolated,0
862,28.733,1780168771,D43,-2,587,interpolated,0
862,28.733,1780168771,D47,373,484,interpolated,0
862,28.733,1780168771,D49,142,479,interpolated,0
862,28.733,1780168771,G4,75,83,interpolated,0
863,28.767,1780168771,G6,157,145,ok,1
863,28.767,1780168771,G59,462,293,ok,1
863,28.767,1780168771,G60,87,360,ok,1
863,28.767,1780168771,G34,167,462,ok,1
863,28.767,1780168771,G50,229,118,ok,0
863,28.767,1780168771,G44,205,105,ok,0
863,28.767,1780168771,G4,113,405,ok,1
863,28.767,1780168771,G1,523,503,ok,0
863,28.767,1780168771,G9,213,96,ok,0
863,28.767,1780168771,G54,523,503,ok,0
863,28.767,1780168771,D4,64,674,ok,0
863,28.767,1780168771,D45,123,547,ok,1
863,28.767,1780168771,D27,80,623,ok,1
863,28.767,1780168771,D18,372,494,ok,0
863,28.767,1780168771,D48,461,670,ok,1
863,28.767,1780168771,D39,16,565,ok,0
863,28.767,1780168771,D47,298,577,ok,1
863,28.767,1780168771,D22,258,905,ok,0
863,28.767,1780168771,D42,223,896,ok,0
863,28.767,1780168771,D25,284,887,ok,0
863,28.767,1780168771,D11,234,907,ok,0
863,28.767,1780168771,D10,300,593,ok,1
863,28.767,1780168771,D6,64,621,interpolated,0
863,28.767,1780168771,D24,109,537,interpolated,1
863,28.767,1780168771,D32,-18,621,interpolated,0
863,28.767,1780168771,G56,522,504,interpolated,0
863,28.767,1780168771,D43,-2,587,interpolated,0
863,28.767,1780168771,D49,142,479,interpolated,0
863,28.767,1780168771,G57,521,504,interpolated,0
864,28.800,1780168771,G6,157,146,ok,1
864,28.800,1780168771,G60,88,359,ok,1
864,28.800,1780168771,G34,171,463,ok,1
864,28.800,1780168771,G59,463,290,ok,1
864,28.800,1780168771,G50,229,118,ok,0
864,28.800,1780168771,G44,205,105,ok,0
864,28.800,1780168771,G4,114,401,ok,1
864,28.800,1780168771,G9,213,96,ok,0
864,28.800,1780168771,G57,521,504,ok,0
864,28.800,1780168771,G58,73,82,ok,0
864,28.800,1780168771,G1,522,503,ok,0
864,28.800,1780168771,G56,522,504,ok,0
864,28.800,1780168771,D45,126,548,ok,1
864,28.800,1780168771,D18,372,496,ok,1
864,28.800,1780168771,D4,63,679,ok,0
864,28.800,1780168771,D27,80,624,ok,1
864,28.800,1780168771,D47,299,564,ok,1
864,28.800,1780168771,D48,461,677,ok,1
864,28.800,1780168771,D25,284,887,ok,0
864,28.800,1780168771,D22,258,904,ok,0
864,28.800,1780168771,D42,224,896,ok,0
864,28.800,1780168771,D39,16,565,ok,0
864,28.800,1780168771,D11,234,907,ok,0
864,28.800,1780168771,D43,16,565,ok,0
864,28.800,1780168771,D10,300,593,interpolated,1
864,28.800,1780168771,D6,64,621,interpolated,0
864,28.800,1780168771,D24,109,537,interpolated,1
864,28.800,1780168771,D32,-18,621,interpolated,0
864,28.800,1780168771,G54,523,503,interpolated,0
864,28.800,1780168771,D49,142,479,interpolated,0
865,28.833,1780168771,G6,157,146,ok,1
865,28.833,1780168771,G60,88,359,ok,1
865,28.833,1780168771,G59,463,290,ok,1
865,28.833,1780168771,G34,171,463,ok,1
865,28.833,1780168771,G50,229,118,ok,0
865,28.833,1780168771,G44,205,106,ok,0
865,28.833,1780168771,G4,114,401,ok,1
865,28.833,1780168771,G9,213,96,ok,0
865,28.833,1780168771,G57,521,504,ok,0
865,28.833,1780168771,G58,73,82,ok,0
865,28.833,1780168771,G1,522,503,ok,0
865,28.833,1780168771,G56,522,504,ok,0
865,28.833,1780168771,D45,126,548,ok,1
865,28.833,1780168771,D18,372,496,ok,1
865,28.833,1780168771,D4,63,678,ok,0
865,28.833,1780168771,D27,80,624,ok,1
865,28.833,1780168771,D47,299,564,ok,1
865,28.833,1780168771,D48,461,677,ok,1
865,28.833,1780168771,D25,284,887,ok,0
865,28.833,1780168771,D22,258,904,ok,0
865,28.833,1780168771,D42,224,896,ok,0
865,28.833,1780168771,D39,16,565,ok,0
865,28.833,1780168771,D11,234,907,ok,0
865,28.833,1780168771,D43,16,565,ok,0
865,28.833,1780168771,D10,300,593,interpolated,1
865,28.833,1780168771,D32,-18,621,interpolated,0
865,28.833,1780168771,G54,523,503,interpolated,0
865,28.833,1780168771,D49,142,479,interpolated,0
866,28.867,1780168771,G6,158,146,ok,1
866,28.867,1780168771,G60,89,358,ok,1
866,28.867,1780168771,G59,462,289,ok,1
866,28.867,1780168771,G34,175,463,ok,1
866,28.867,1780168771,G50,228,118,ok,0
866,28.867,1780168771,G44,205,106,ok,0
866,28.867,1780168771,G9,213,96,ok,0
866,28.867,1780168771,G57,521,504,ok,0
866,28.867,1780168771,G1,522,503,ok,0
866,28.867,1780168771,G56,522,504,ok,0
866,28.867,1780168771,D47,301,555,ok,1
866,28.867,1780168771,D45,128,549,ok,1
866,28.867,1780168771,D4,61,684,ok,0
866,28.867,1780168771,D18,371,499,ok,1
866,28.867,1780168771,D48,462,679,ok,1
866,28.867,1780168771,D25,284,887,ok,0
866,28.867,1780168771,D27,80,626,ok,1
866,28.867,1780168771,D39,16,562,ok,0
866,28.867,1780168771,D22,257,904,ok,0
866,28.867,1780168771,D42,224,895,ok,0
866,28.867,1780168771,D6,65,667,ok,0
866,28.867,1780168771,D11,234,907,ok,0
866,28.867,1780168771,D10,300,593,interpolated,1
866,28.867,1780168771,D32,-18,621,interpolated,0
866,28.867,1780168771,G54,523,503,interpolated,0
866,28.867,1780168771,D43,16,565,interpolated,0
866,28.867,1780168771,D49,142,479,interpolated,0
866,28.867,1780168771,G4,114,401,interpolated,1
866,28.867,1780168771,G58,73,82,interpolated,0
867,28.900,1780168771,G34,178,461,ok,1
867,28.900,1780168771,G60,91,358,ok,1
867,28.900,1780168771,G59,462,286,ok,1
867,28.900,1780168771,G6,158,146,ok,1
867,28.900,1780168771,G50,228,118,ok,0
867,28.900,1780168771,G44,205,106,ok,0
867,28.900,1780168771,G63,153,146,ok,1
867,28.900,1780168771,G4,112,391,ok,1
867,28.900,1780168771,G9,213,96,ok,0
867,28.900,1780168771,G57,521,504,ok,0
867,28.900,1780168771,G58,72,81,ok,0
867,28.900,1780168771,G1,522,503,ok,0
867,28.900,1780168771,G56,522,504,ok,0
867,28.900,1780168771,D45,130,551,ok,1
867,28.900,1780168771,D18,372,504,ok,1
867,28.900,1780168771,D47,303,550,ok,1
867,28.900,1780168771,D4,61,684,ok,0
867,28.900,1780168771,D48,463,681,ok,1
867,28.900,1780168771,D39,18,558,ok,0
867,28.900,1780168771,D27,82,629,ok,1
867,28.900,1780168771,D25,284,887,ok,0
867,28.900,1780168771,D22,257,904,ok,0
867,28.900,1780168771,D42,226,895,ok,0
867,28.900,1780168771,D6,76,649,ok,0
867,28.900,1780168771,D11,234,907,ok,0
867,28.900,1780168771,D43,18,558,ok,0
867,28.900,1780168771,D10,300,593,interpolated,1
867,28.900,1780168771,D32,-18,621,interpolated,0
867,28.900,1780168771,G54,523,503,interpolated,0
868,28.933,1780168771,G60,92,357,ok,1
868,28.933,1780168771,G6,158,146,ok,1
868,28.933,1780168771,G34,182,457,ok,1
868,28.933,1780168771,G59,463,283,ok,1
868,28.933,1780168771,G50,228,118,ok,0
868,28.933,1780168771,G44,205,106,ok,0
868,28.933,1780168771,G9,213,95,ok,0
868,28.933,1780168771,G58,71,81,ok,0
868,28.933,1780168771,G57,521,504,ok,0
868,28.933,1780168771,G1,522,503,ok,0
868,28.933,1780168771,G56,522,504,ok,0
868,28.933,1780168771,D45,132,552,ok,1
868,28.933,1780168771,D47,306,546,ok,1
868,28.933,1780168771,D4,61,684,ok,0
868,28.933,1780168771,D18,374,509,ok,1
868,28.933,1780168771,D48,463,684,ok,1
868,28.933,1780168771,D39,19,555,ok,0
868,28.933,1780168771,D27,83,632,ok,1
868,28.933,1780168771,D22,257,905,ok,0
868,28.933,1780168771,D25,284,887,ok,0
868,28.933,1780168771,D6,76,655,ok,0
868,28.933,1780168771,D42,227,895,ok,0
868,28.933,1780168771,D11,234,907,ok,0
868,28.933,1780168771,D10,300,593,interpolated,1
868,28.933,1780168771,D32,-18,621,interpolated,0
868,28.933,1780168771,G54,523,503,interpolated,0
868,28.933,1780168771,D43,18,558,interpolated,0
868,28.933,1780168771,G4,112,391,interpolated,1
868,28.933,1780168771,G63,153,146,interpolated,1
869,28.967,1780168771,G34,186,452,ok,1
869,28.967,1780168771,G60,93,357,ok,1
869,28.967,1780168771,G6,158,146,ok,1
869,28.967,1780168771,G59,464,279,ok,1
869,28.967,1780168771,G50,227,118,ok,0
869,28.967,1780168771,G44,205,106,ok,0
869,28.967,1780168771,G4,112,385,ok,1
869,28.967,1780168771,G9,213,96,ok,0
869,28.967,1780168771,G1,522,503,ok,0
869,28.967,1780168771,G58,38,84,ok,0
869,28.967,1780168771,G57,521,504,ok,0
869,28.967,1780168771,D47,309,546,ok,1
869,28.967,1780168771,D45,132,555,ok,1
869,28.967,1780168771,D18,374,515,ok,1
869,28.967,1780168771,D4,56,693,ok,0
869,28.967,1780168771,D22,257,904,ok,0
869,28.967,1780168771,D39,20,553,ok,0
869,28.967,1780168771,D42,227,894,ok,0
869,28.967,1780168771,D48,469,702,ok,1
869,28.967,1780168771,D25,284,887,ok,0
869,28.967,1780168771,D6,77,658,ok,0
869,28.967,1780168771,D27,84,636,ok,1
869,28.967,1780168771,D11,234,907,ok,0
869,28.967,1780168771,D10,300,593,interpolated,1
869,28.967,1780168771,D32,-18,621,interpolated,0
869,28.967,1780168771,G54,523,503,interpolated,0
869,28.967,1780168771,G56,522,504,interpolated,0
869,28.967,1780168771,D43,18,558,interpolated,0
869,28.967,1780168771,G63,153,146,interpolated,1
870,29.000,1780168772,G60,94,357,ok,1
870,29.000,1780168772,G6,158,146,ok,1
870,29.000,1780168772,G59,466,274,ok,1
870,29.000,1780168772,G4,185,433,ok,1
870,29.000,1780168772,G50,226,118,ok,0
870,29.000,1780168772,G44,205,106,ok,0
870,29.000,1780168772,G34,187,447,ok,1
870,29.000,1780168772,G9,213,96,ok,0
870,29.000,1780168772,G1,522,503,ok,0
870,29.000,1780168772,G57,521,504,ok,0
870,29.000,1780168772,D18,374,522,ok,1
870,29.000,1780168772,D47,312,546,ok,1
870,29.000,1780168772,D45,133,557,ok,1
870,29.000,1780168772,D27,85,640,ok,1
870,29.000,1780168772,D4,59,683,ok,0
870,29.000,1780168772,D39,20,552,ok,0
870,29.000,1780168772,D22,256,904,ok,0
870,29.000,1780168772,D48,467,695,ok,1
870,29.000,1780168772,D25,284,887,ok,0
870,29.000,1780168772,D42,227,894,ok,0
870,29.000,1780168772,D10,300,593,interpolated,1
870,29.000,1780168772,D11,234,907,interpolated,0
870,29.000,1780168772,G54,523,503,interpolated,0
870,29.000,1780168772,G56,522,504,interpolated,0
870,29.000,1780168772,D43,18,558,interpolated,0
870,29.000,1780168772,G58,38,84,interpolated,0
870,29.000,1780168772,D6,77,658,interpolated,0
870,29.000,1780168772,G63,153,146,interpolated,1
871,29.033,1780168772,G60,94,357,ok,1
871,29.033,1780168772,G6,158,146,ok,1
871,29.033,1780168772,G59,466,274,ok,1
871,29.033,1780168772,G4,185,433,ok,1
871,29.033,1780168772,G50,226,118,ok,0
871,29.033,1780168772,G44,205,106,ok,0
871,29.033,1780168772,G34,187,447,ok,1
871,29.033,1780168772,G9,213,96,ok,0
871,29.033,1780168772,G57,521,504,ok,0
871,29.033,1780168772,G1,522,503,ok,0
871,29.033,1780168772,D18,374,522,ok,1
871,29.033,1780168772,D47,312,546,ok,1
871,29.033,1780168772,D45,133,557,ok,1
871,29.033,1780168772,D27,85,640,ok,1
871,29.033,1780168772,D4,59,683,ok,0
871,29.033,1780168772,D39,20,552,ok,0
871,29.033,1780168772,D22,256,904,ok,0
871,29.033,1780168772,D48,467,696,ok,1
871,29.033,1780168772,D25,284,887,ok,0
871,29.033,1780168772,D42,227,894,ok,0
871,29.033,1780168772,D10,300,593,interpolated,1
871,29.033,1780168772,D11,234,907,interpolated,0
871,29.033,1780168772,G54,523,503,interpolated,0
871,29.033,1780168772,G56,522,504,interpolated,0
871,29.033,1780168772,D43,18,558,interpolated,0
871,29.033,1780168772,G58,38,84,interpolated,0
871,29.033,1780168772,D6,77,658,interpolated,0
871,29.033,1780168772,G63,153,146,interpolated,1
872,29.067,1780168772,G6,158,147,ok,1
872,29.067,1780168772,G60,95,357,ok,1
872,29.067,1780168772,G59,467,269,ok,1
872,29.067,1780168772,G4,190,439,ok,1
872,29.067,1780168772,G44,205,106,ok,0
872,29.067,1780168772,G50,225,119,ok,0
872,29.067,1780168772,G34,188,425,ok,1
872,29.067,1780168772,G9,213,96,ok,0
872,29.067,1780168772,G57,521,504,ok,0
872,29.067,1780168772,G1,522,503,ok,0
872,29.067,1780168772,G56,522,504,ok,0
872,29.067,1780168772,G58,70,82,ok,0
872,29.067,1780168772,D18,375,532,ok,1
872,29.067,1780168772,D4,62,674,ok,0
872,29.067,1780168772,D47,314,541,ok,1
872,29.067,1780168772,D48,465,698,ok,1
872,29.067,1780168772,D45,134,562,ok,1
872,29.067,1780168772,D39,21,550,ok,0
872,29.067,1780168772,D42,228,894,ok,0
872,29.067,1780168772,D22,256,904,ok,0
872,29.067,1780168772,D27,82,647,ok,1
872,29.067,1780168772,D25,284,887,ok,0
872,29.067,1780168772,D6,75,667,ok,0
872,29.067,1780168772,D10,300,593,interpolated,1
872,29.067,1780168772,D11,234,907,interpolated,0
872,29.067,1780168772,G54,523,503,interpolated,0
872,29.067,1780168772,D43,18,558,interpolated,0
872,29.067,1780168772,G63,153,146,interpolated,1
873,29.100,1780168772,G6,158,147,ok,1
873,29.100,1780168772,G4,194,433,ok,1
873,29.100,1780168772,G60,95,355,ok,1
873,29.100,1780168772,G59,467,263,ok,1
873,29.100,1780168772,G44,205,106,ok,0
873,29.100,1780168772,G50,225,120,ok,0
873,29.100,1780168772,G1,521,503,ok,0
873,29.100,1780168772,G9,214,97,ok,0
873,29.100,1780168772,G58,68,80,ok,0
873,29.100,1780168772,D47,316,535,ok,1
873,29.100,1780168772,D18,375,540,ok,1
873,29.100,1780168772,D4,62,675,ok,0
873,29.100,1780168772,D45,133,568,ok,1
873,29.100,1780168772,D48,466,704,ok,1
873,29.100,1780168772,D42,228,894,ok,0
873,29.100,1780168772,D22,256,905,ok,0
873,29.100,1780168772,D39,22,549,ok,0
873,29.100,1780168772,D25,284,887,ok,0
873,29.100,1780168772,D27,82,658,ok,1
873,29.100,1780168772,D10,300,593,interpolated,1
873,29.100,1780168772,D11,234,907,interpolated,0
873,29.100,1780168772,G34,188,425,interpolated,1
873,29.100,1780168772,G54,523,503,interpolated,0
873,29.100,1780168772,G56,522,504,interpolated,0
873,29.100,1780168772,D43,18,558,interpolated,0
873,29.100,1780168772,G57,521,504,interpolated,0
873,29.100,1780168772,D6,75,667,interpolated,0
873,29.100,1780168772,G63,153,146,interpolated,1
874,29.133,1780168772,G4,200,430,ok,1
874,29.133,1780168772,G6,158,147,ok,1
874,29.133,1780168772,G60,95,354,ok,1
874,29.133,1780168772,G59,468,259,ok,1
874,29.133,1780168772,G44,205,106,ok,0
874,29.133,1780168772,G50,225,119,ok,0
874,29.133,1780168772,G58,68,81,ok,0
874,29.133,1780168772,G1,521,503,ok,0
874,29.133,1780168772,G9,214,97,ok,0
874,29.133,1780168772,D18,375,543,ok,1
874,29.133,1780168772,D4,62,674,ok,0
874,29.133,1780168772,D47,319,522,ok,1
874,29.133,1780168772,D45,133,574,ok,1
874,29.133,1780168772,D42,228,895,ok,0
874,29.133,1780168772,D39,22,548,ok,0
874,29.133,1780168772,D22,256,905,ok,0
874,29.133,1780168772,D6,79,672,ok,1
874,29.133,1780168772,D25,284,887,ok,0
874,29.133,1780168772,D48,466,710,ok,1
874,29.133,1780168772,D11,234,907,interpolated,0
874,29.133,1780168772,G34,188,425,interpolated,1
874,29.133,1780168772,G56,522,504,interpolated,0
874,29.133,1780168772,D43,18,558,interpolated,0
874,29.133,1780168772,D27,82,658,interpolated,1
874,29.133,1780168772,G57,521,504,interpolated,0
874,29.133,1780168772,G63,153,146,interpolated,1
875,29.167,1780168772,G4,206,428,ok,1
875,29.167,1780168772,G6,159,148,ok,1
875,29.167,1780168772,G60,95,352,ok,1
875,29.167,1780168772,G59,468,258,ok,1
875,29.167,1780168772,G44,205,106,ok,0
875,29.167,1780168772,G50,224,120,ok,0
875,29.167,1780168772,G9,214,96,ok,0
875,29.167,1780168772,G1,521,503,ok,0
875,29.167,1780168772,D47,319,513,ok,1
875,29.167,1780168772,D4,64,674,ok,0
875,29.167,1780168772,D18,375,545,ok,1
875,29.167,1780168772,D45,135,575,ok,1
875,29.167,1780168772,D27,85,661,ok,1
875,29.167,1780168772,D42,229,894,ok,0
875,29.167,1780168772,D39,22,548,ok,0
875,29.167,1780168772,D48,466,713,ok,1
875,29.167,1780168772,D25,284,887,ok,0
875,29.167,1780168772,D22,256,905,ok,0
875,29.167,1780168772,D11,234,907,interpolated,0
875,29.167,1780168772,G34,188,425,interpolated,1
875,29.167,1780168772,G56,522,504,interpolated,0
875,29.167,1780168772,D43,18,558,interpolated,0
875,29.167,1780168772,G57,521,504,interpolated,0
875,29.167,1780168772,G58,68,81,interpolated,0
875,29.167,1780168772,D6,79,672,interpolated,1
875,29.167,1780168772,G63,153,146,interpolated,1
876,29.200,1780168772,G6,159,151,ok,1
876,29.200,1780168772,G4,210,425,ok,1
876,29.200,1780168772,G60,95,347,ok,1
876,29.200,1780168772,G59,469,258,ok,1
876,29.200,1780168772,G44,205,105,ok,0
876,29.200,1780168772,G50,224,122,ok,0
876,29.200,1780168772,G9,214,96,ok,0
876,29.200,1780168772,G1,521,503,ok,0
876,29.200,1780168772,D47,322,507,ok,1
876,29.200,1780168772,D4,64,674,ok,0
876,29.200,1780168772,D18,375,548,ok,1
876,29.200,1780168772,D27,87,663,ok,1
876,29.200,1780168772,D45,136,575,ok,1
876,29.200,1780168772,D39,21,548,ok,0
876,29.200,1780168772,D42,229,894,ok,0
876,29.200,1780168772,D48,465,713,ok,1
876,29.200,1780168772,D25,285,887,ok,0
876,29.200,1780168772,D22,256,905,ok,0
876,29.200,1780168772,D11,234,907,interpolated,0
876,29.200,1780168772,G34,188,425,interpolated,1
876,29.200,1780168772,G56,522,504,interpolated,0
876,29.200,1780168772,D43,18,558,interpolated,0
876,29.200,1780168772,G57,521,504,interpolated,0
876,29.200,1780168772,G58,68,81,interpolated,0
876,29.200,1780168772,D6,79,672,interpolated,1
876,29.200,1780168772,G63,153,146,interpolated,1
877,29.233,1780168772,G6,159,151,ok,1
877,29.233,1780168772,G4,210,425,ok,1
877,29.233,1780168772,G60,94,347,ok,1
877,29.233,1780168772,G59,469,258,ok,1
877,29.233,1780168772,G44,205,105,ok,0
877,29.233,1780168772,G50,224,122,ok,0
877,29.233,1780168772,G9,214,96,ok,0
877,29.233,1780168772,G1,521,503,ok,0
877,29.233,1780168772,D47,322,507,ok,1
877,29.233,1780168772,D4,64,674,ok,0
877,29.233,1780168772,D18,375,548,ok,1
877,29.233,1780168772,D27,87,663,ok,1
877,29.233,1780168772,D45,136,575,ok,1
877,29.233,1780168772,D39,21,548,ok,0
877,29.233,1780168772,D42,229,894,ok,0
877,29.233,1780168772,D48,465,713,ok,1
877,29.233,1780168772,D25,285,887,ok,0
877,29.233,1780168772,D22,256,905,ok,0
877,29.233,1780168772,D11,234,907,interpolated,0
877,29.233,1780168772,G34,188,425,interpolated,1
877,29.233,1780168772,G56,522,504,interpolated,0
877,29.233,1780168772,D43,18,558,interpolated,0
877,29.233,1780168772,G57,521,504,interpolated,0
877,29.233,1780168772,G58,68,81,interpolated,0
877,29.233,1780168772,D6,79,672,interpolated,1
877,29.233,1780168772,G63,153,146,interpolated,1
878,29.267,1780168772,G4,213,420,ok,1
878,29.267,1780168772,G6,159,153,ok,1
878,29.267,1780168772,G60,95,343,ok,1
878,29.267,1780168772,G59,471,254,ok,1
878,29.267,1780168772,G44,205,105,ok,0
878,29.267,1780168772,G50,224,123,ok,0
878,29.267,1780168772,G9,214,96,ok,0
878,29.267,1780168772,G54,479,222,ok,1
878,29.267,1780168772,G1,521,503,ok,0
878,29.267,1780168772,D47,324,503,ok,1
878,29.267,1780168772,D4,64,674,ok,0
878,29.267,1780168772,D27,89,666,ok,1
878,29.267,1780168772,D39,21,548,ok,0
878,29.267,1780168772,D42,229,893,ok,0
878,29.267,1780168772,D18,374,554,ok,1
878,29.267,1780168772,D48,464,714,ok,1
878,29.267,1780168772,D25,285,887,ok,0
878,29.267,1780168772,D45,140,577,ok,1
878,29.267,1780168772,D22,256,905,ok,0
878,29.267,1780168772,D11,234,907,interpolated,0
878,29.267,1780168772,G34,188,425,interpolated,1
878,29.267,1780168772,G56,522,504,interpolated,0
878,29.267,1780168772,G57,521,504,interpolated,0
878,29.267,1780168772,G58,68,81,interpolated,0
878,29.267,1780168772,D6,79,672,interpolated,1
879,29.300,1780168772,G4,216,415,ok,1
879,29.300,1780168772,G6,159,155,ok,1
879,29.300,1780168772,G60,96,339,ok,1
879,29.300,1780168772,G59,471,255,ok,1
879,29.300,1780168772,G44,205,105,ok,0
879,29.300,1780168772,G50,224,124,ok,0
879,29.300,1780168772,G9,214,96,ok,0
879,29.300,1780168772,D4,64,674,ok,0
879,29.300,1780168772,D18,375,560,ok,1
879,29.300,1780168772,D27,89,669,ok,1
879,29.300,1780168772,D47,328,500,ok,1
879,29.300,1780168772,D45,142,579,ok,1
879,29.300,1780168772,D42,229,893,ok,0
879,29.300,1780168772,D48,464,716,ok,1
879,29.300,1780168772,D22,256,905,ok,0
879,29.300,1780168772,D25,285,887,ok,0
879,29.300,1780168772,D39,21,548,ok,0
879,29.300,1780168772,D43,21,547,ok,0
879,29.300,1780168772,G1,521,503,interpolated,0
879,29.300,1780168772,D11,234,907,interpolated,0
879,29.300,1780168772,G34,188,425,interpolated,1
879,29.300,1780168772,G56,522,504,interpolated,0
879,29.300,1780168772,G57,521,504,interpolated,0
879,29.300,1780168772,G58,68,81,interpolated,0
879,29.300,1780168772,D6,79,672,interpolated,1
879,29.300,1780168772,G54,479,222,interpolated,1
880,29.333,1780168772,G4,218,410,ok,1
880,29.333,1780168772,G6,159,155,ok,1
880,29.333,1780168772,G60,97,335,ok,1
880,29.333,1780168772,G59,471,251,ok,1
880,29.333,1780168772,G44,205,105,ok,0
880,29.333,1780168772,G57,360,543,merged,1
880,29.333,1780168772,G50,223,124,ok,0
880,29.333,1780168772,D4,64,674,ok,0
880,29.333,1780168772,D27,89,673,ok,1
880,29.333,1780168772,D45,145,581,ok,1
880,29.333,1780168772,D47,330,500,ok,1
880,29.333,1780168772,D42,230,893,ok,0
880,29.333,1780168772,D48,464,718,ok,1
880,29.333,1780168772,D22,256,905,ok,0
880,29.333,1780168772,D25,285,887,ok,0
880,29.333,1780168772,D43,22,547,ok,0
880,29.333,1780168772,G1,521,503,interpolated,0
880,29.333,1780168772,G34,188,425,interpolated,1
880,29.333,1780168772,D39,21,548,interpolated,0
880,29.333,1780168772,G56,522,504,interpolated,0
880,29.333,1780168772,G9,214,96,interpolated,0
880,29.333,1780168772,D18,375,560,interpolated,1
880,29.333,1780168772,G58,68,81,interpolated,0
880,29.333,1780168772,D6,79,672,interpolated,1
880,29.333,1780168772,G54,479,222,interpolated,1
881,29.367,1780168772,G4,219,406,ok,1
881,29.367,1780168772,G6,159,156,ok,1
881,29.367,1780168772,G57,338,508,merged,1
881,29.367,1780168772,G60,95,329,ok,1
881,29.367,1780168772,G59,471,250,ok,1
881,29.367,1780168772,G44,205,105,ok,0
881,29.367,1780168772,G50,223,124,ok,0
881,29.367,1780168772,D4,63,675,ok,0
881,29.367,1780168772,D18,376,577,ok,1
881,29.367,1780168772,D45,146,584,ok,1
881,29.367,1780168772,D27,88,678,ok,1
881,29.367,1780168772,D39,21,548,ok,0
881,29.367,1780168772,D25,285,887,ok,0
881,29.367,1780168772,D42,231,891,ok,0
881,29.367,1780168772,D48,465,720,ok,1
881,29.367,1780168772,D22,256,905,ok,0
881,29.367,1780168772,G1,521,503,interpolated,0
881,29.367,1780168772,G34,188,425,interpolated,1
881,29.367,1780168772,G56,522,504,interpolated,0
881,29.367,1780168772,G9,214,96,interpolated,0
881,29.367,1780168772,D47,330,500,interpolated,1
881,29.367,1780168772,G58,68,81,interpolated,0
881,29.367,1780168772,D6,79,672,interpolated,1
881,29.367,1780168772,G54,479,222,interpolated,1
881,29.367,1780168772,D43,22,547,interpolated,0
882,29.400,1780168772,G6,158,156,ok,1
882,29.400,1780168772,G4,222,404,ok,1
882,29.400,1780168772,G57,360,549,merged,1
882,29.400,1780168772,G60,95,328,ok,1
882,29.400,1780168772,G59,471,248,ok,1
882,29.400,1780168772,G44,205,105,ok,0
882,29.400,1780168772,G50,223,124,ok,0
882,29.400,1780168772,G1,522,503,ok,0
882,29.400,1780168772,D4,64,675,ok,0
882,29.400,1780168772,D27,88,681,ok,1
882,29.400,1780168772,D45,147,588,ok,1
882,29.400,1780168772,D47,333,493,ok,0
882,29.400,1780168772,D48,465,723,ok,1
882,29.400,1780168772,D25,286,887,ok,0
882,29.400,1780168772,D42,231,889,ok,0
882,29.400,1780168772,D22,256,905,ok,0
882,29.400,1780168772,D43,23,544,ok,0
882,29.400,1780168772,G34,188,425,interpolated,1
882,29.400,1780168772,D39,21,548,interpolated,0
882,29.400,1780168772,G56,522,504,interpolated,0
882,29.400,1780168772,G9,214,96,interpolated,0
882,29.400,1780168772,D18,376,577,interpolated,1
882,29.400,1780168772,G58,68,81,interpolated,0
882,29.400,1780168772,D6,79,672,interpolated,1
882,29.400,1780168772,G54,479,222,interpolated,1
883,29.433,1780168772,G6,158,156,ok,1
883,29.433,1780168772,G4,222,404,ok,1
883,29.433,1780168772,G57,360,549,merged,1
883,29.433,1780168772,G60,95,328,ok,1
883,29.433,1780168772,G59,471,248,ok,1
883,29.433,1780168772,G44,205,105,ok,0
883,29.433,1780168772,G50,222,124,ok,0
883,29.433,1780168772,G1,522,503,ok,0
883,29.433,1780168772,G56,531,482,ok,0
883,29.433,1780168772,D4,64,675,ok,0
883,29.433,1780168772,D27,88,681,ok,1
883,29.433,1780168772,D45,147,588,ok,1
883,29.433,1780168772,D47,333,493,ok,0
883,29.433,1780168772,D48,465,723,ok,1
883,29.433,1780168772,D25,286,887,ok,0
883,29.433,1780168772,D42,231,889,ok,0
883,29.433,1780168772,D22,256,905,ok,0
883,29.433,1780168772,D43,23,544,ok,0
883,29.433,1780168772,D39,21,548,interpolated,0
883,29.433,1780168772,G9,214,96,interpolated,0
883,29.433,1780168772,D18,376,577,interpolated,1
883,29.433,1780168772,G58,68,81,interpolated,0
883,29.433,1780168772,D6,79,672,interpolated,1
883,29.433,1780168772,G54,479,222,interpolated,1
884,29.467,1780168772,G6,159,157,ok,1
884,29.467,1780168772,G60,95,328,ok,1
884,29.467,1780168772,G4,224,402,ok,1
884,29.467,1780168772,G57,361,549,merged,1
884,29.467,1780168772,G59,471,246,ok,1
884,29.467,1780168772,G44,205,105,ok,0
884,29.467,1780168772,G50,222,124,ok,0
884,29.467,1780168772,G1,522,503,ok,0
884,29.467,1780168772,G56,531,483,ok,0
884,29.467,1780168772,D4,63,674,ok,0
884,29.467,1780168772,D27,88,680,ok,1
884,29.467,1780168772,D45,146,596,ok,1
884,29.467,1780168772,D48,467,727,ok,1
884,29.467,1780168772,D43,25,540,ok,0
884,29.467,1780168772,D25,287,887,ok,0
884,29.467,1780168772,D42,231,886,ok,0
884,29.467,1780168772,D22,256,905,ok,0
884,29.467,1780168772,D47,335,494,ok,0
884,29.467,1780168772,D6,338,495,ok,0
884,29.467,1780168772,D39,21,548,interpolated,0
884,29.467,1780168772,G9,214,96,interpolated,0
884,29.467,1780168772,D18,376,577,interpolated,1
884,29.467,1780168772,G58,68,81,interpolated,0
884,29.467,1780168772,G54,479,222,interpolated,1
885,29.500,1780168772,G60,97,328,ok,1
885,29.500,1780168772,G6,158,157,ok,1
885,29.500,1780168772,G57,361,551,merged,1
885,29.500,1780168772,G4,224,397,ok,1
885,29.500,1780168772,G59,471,244,ok,1
885,29.500,1780168772,G44,205,105,ok,0
885,29.500,1780168772,G50,222,124,ok,0
885,29.500,1780168772,G56,531,483,ok,0
885,29.500,1780168772,G1,522,504,ok,0
885,29.500,1780168772,D4,63,674,ok,0
885,29.500,1780168772,D27,89,681,ok,1
885,29.500,1780168772,D45,147,600,ok,1
885,29.500,1780168772,D48,468,733,ok,1
885,29.500,1780168772,D43,26,537,ok,0
885,29.500,1780168772,D42,232,886,ok,0
885,29.500,1780168772,D25,287,888,ok,0
885,29.500,1780168772,D6,336,483,ok,0
885,29.500,1780168772,D22,256,905,ok,0
885,29.500,1780168772,D47,337,491,ok,0
885,29.500,1780168772,D39,21,548,interpolated,0
885,29.500,1780168772,G9,214,96,interpolated,0
885,29.500,1780168772,D18,376,577,interpolated,1
885,29.500,1780168772,G54,479,222,interpolated,1
886,29.533,1780168772,G4,227,396,ok,1
886,29.533,1780168772,G57,362,552,merged,1
886,29.533,1780168772,G60,99,328,ok,1
886,29.533,1780168772,G6,158,157,ok,1
886,29.533,1780168772,G59,471,241,ok,1
886,29.533,1780168772,G44,205,105,ok,0
886,29.533,1780168772,G50,221,124,ok,0
886,29.533,1780168772,G58,22,83,ok,0
886,29.533,1780168772,G1,522,503,ok,0
886,29.533,1780168772,G56,531,482,ok,0
886,29.533,1780168772,D4,64,674,ok,0
886,29.533,1780168772,D27,90,681,ok,1
886,29.533,1780168772,D45,149,604,ok,1
886,29.533,1780168772,D6,338,483,ok,0
886,29.533,1780168772,D43,27,535,ok,0
886,29.533,1780168772,D48,469,739,ok,1
886,29.533,1780168772,D42,232,885,ok,0
886,29.533,1780168772,D25,287,887,ok,0
886,29.533,1780168772,D22,257,905,ok,0
886,29.533,1780168772,D39,21,548,interpolated,0
886,29.533,1780168772,G9,214,96,interpolated,0
886,29.533,1780168772,D18,376,577,interpolated,1
886,29.533,1780168772,D47,337,491,interpolated,0
886,29.533,1780168772,G54,479,222,interpolated,1
887,29.567,1780168772,G4,231,392,ok,1
887,29.567,1780168772,G57,363,553,merged,1
887,29.567,1780168772,G6,158,157,ok,1
887,29.567,1780168772,G60,101,329,ok,1
887,29.567,1780168772,G44,205,105,ok,0
887,29.567,1780168772,G59,471,238,ok,1
887,29.567,1780168772,G50,221,124,ok,0
887,29.567,1780168772,G1,522,504,ok,0
887,29.567,1780168772,G58,33,84,ok,0
887,29.567,1780168772,D4,64,674,ok,0
887,29.567,1780168772,D27,91,681,ok,1
887,29.567,1780168772,D45,152,607,ok,1
887,29.567,1780168772,D6,340,483,ok,0
887,29.567,1780168772,D43,27,535,ok,0
887,29.567,1780168772,D48,470,743,ok,1
887,29.567,1780168772,D25,287,888,ok,0
887,29.567,1780168772,D22,257,905,ok,0
887,29.567,1780168772,D42,233,886,ok,0
887,29.567,1780168772,D47,342,483,ok,0
887,29.567,1780168772,D39,28,534,ok,0
887,29.567,1780168772,G56,531,482,interpolated,0
887,29.567,1780168772,G9,214,96,interpolated,0
887,29.567,1780168772,D18,376,577,interpolated,1
887,29.567,1780168772,G54,479,222,interpolated,1
888,29.600,1780168772,G4,235,389,ok,1
888,29.600,1780168772,G57,348,498,merged,0
888,29.600,1780168772,G6,158,157,ok,1
888,29.600,1780168772,G60,102,329,ok,1
888,29.600,1780168772,G44,205,105,ok,0
888,29.600,1780168772,G59,472,235,ok,1
888,29.600,1780168772,G50,221,124,ok,0
888,29.600,1780168772,G58,32,84,ok,0
888,29.600,1780168772,G1,522,503,ok,0
888,29.600,1780168772,D4,63,674,ok,0
888,29.600,1780168772,D45,155,610,ok,1
888,29.600,1780168772,D27,92,682,ok,1
888,29.600,1780168772,D18,376,595,ok,1
888,29.600,1780168772,D39,28,532,ok,0
888,29.600,1780168772,D48,471,743,ok,1
888,29.600,1780168772,D25,287,887,ok,0
888,29.600,1780168772,D22,257,905,ok,0
888,29.600,1780168772,D6,341,537,ok,1
888,29.600,1780168772,D42,233,886,ok,0
888,29.600,1780168772,D43,0,590,ok,0
888,29.600,1780168772,G56,531,482,interpolated,0
888,29.600,1780168772,G9,214,96,interpolated,0
888,29.600,1780168772,D47,342,483,interpolated,0
888,29.600,1780168772,G54,479,222,interpolated,1
889,29.633,1780168772,G4,235,389,ok,1
889,29.633,1780168772,G57,348,498,merged,0
889,29.633,1780168772,G6,158,157,ok,1
889,29.633,1780168772,G60,102,329,ok,1
889,29.633,1780168772,G44,205,105,ok,0
889,29.633,1780168772,G59,472,235,ok,1
889,29.633,1780168772,G50,221,124,ok,0
889,29.633,1780168772,G58,32,84,ok,0
889,29.633,1780168772,G1,522,503,ok,0
889,29.633,1780168772,G56,531,482,ok,0
889,29.633,1780168772,D4,64,674,ok,0
889,29.633,1780168772,D45,155,611,ok,1
889,29.633,1780168772,D27,92,682,ok,1
889,29.633,1780168772,D18,376,595,ok,1
889,29.633,1780168772,D39,28,532,ok,0
889,29.633,1780168772,D48,471,743,ok,1
889,29.633,1780168772,D25,287,887,ok,0
889,29.633,1780168772,D22,257,905,ok,0
889,29.633,1780168772,D42,233,886,ok,0
889,29.633,1780168772,D6,341,537,ok,1
889,29.633,1780168772,D43,0,590,ok,0
889,29.633,1780168772,G9,214,96,interpolated,0
889,29.633,1780168772,D47,342,483,interpolated,0
890,29.667,1780168772,G4,240,388,ok,1
890,29.667,1780168772,G57,350,522,merged,1
890,29.667,1780168772,G60,103,329,ok,1
890,29.667,1780168772,G6,158,157,ok,1
890,29.667,1780168772,G44,205,105,ok,0
890,29.667,1780168772,G50,221,124,ok,0
890,29.667,1780168772,G59,472,231,ok,1
890,29.667,1780168772,G58,33,85,ok,0
890,29.667,1780168772,G1,522,503,ok,0
890,29.667,1780168772,D45,158,613,ok,1
890,29.667,1780168772,D18,376,602,ok,1
890,29.667,1780168772,D4,63,674,ok,0
890,29.667,1780168772,D27,92,683,ok,1
890,29.667,1780168772,D48,471,743,ok,1
890,29.667,1780168772,D50,29,532,ok,0
890,29.667,1780168772,D22,257,905,ok,0
890,29.667,1780168772,D25,288,888,ok,0
890,29.667,1780168772,D51,227,916,ok,0
890,29.667,1780168772,D43,0,590,ok,0
890,29.667,1780168772,D39,28,532,ok,0
890,29.667,1780168772,D42,234,886,ok,0
890,29.667,1780168772,G56,531,482,interpolated,0
890,29.667,1780168772,D47,342,483,interpolated,0
890,29.667,1780168772,D6,341,537,interpolated,1
891,29.700,1780168772,G4,242,387,ok,1
891,29.700,1780168772,G57,362,498,ok,1
891,29.700,1780168772,G6,158,157,ok,1
891,29.700,1780168772,G60,105,329,ok,1
891,29.700,1780168772,G50,221,124,ok,0
891,29.700,1780168772,G44,205,105,ok,0
891,29.700,1780168772,G59,472,230,ok,1
891,29.700,1780168772,G9,57,84,ok,0
891,29.700,1780168772,G58,32,84,ok,0
891,29.700,1780168772,D4,64,674,ok,0
891,29.700,1780168772,D45,162,613,ok,1
891,29.700,1780168772,D18,376,611,ok,1
891,29.700,1780168772,D27,93,685,ok,1
891,29.700,1780168772,D48,472,743,ok,1
891,29.700,1780168772,D50,29,531,ok,0
891,29.700,1780168772,D22,257,905,ok,0
891,29.700,1780168772,D25,288,888,ok,0
891,29.700,1780168772,D39,29,531,ok,0
891,29.700,1780168772,D42,234,886,ok,0
891,29.700,1780168772,D43,0,590,ok,0
891,29.700,1780168772,D52,0,590,ok,0
891,29.700,1780168772,D51,226,910,ok,0
891,29.700,1780168772,G1,522,503,interpolated,0
891,29.700,1780168772,G56,531,482,interpolated,0
891,29.700,1780168772,D47,342,483,interpolated,0
891,29.700,1780168772,D6,341,537,interpolated,1
892,29.733,1780168772,G4,245,387,ok,1
892,29.733,1780168772,G57,365,488,ok,1
892,29.733,1780168772,G60,106,328,ok,1
892,29.733,1780168772,G6,158,157,ok,1
892,29.733,1780168772,G59,472,230,ok,1
892,29.733,1780168772,G50,220,124,ok,0
892,29.733,1780168772,G44,205,105,ok,0
892,29.733,1780168772,G9,56,84,ok,0
892,29.733,1780168772,G58,32,84,ok,0
892,29.733,1780168772,D18,375,613,ok,1
892,29.733,1780168772,D4,64,674,ok,0
892,29.733,1780168772,D45,165,613,ok,1
892,29.733,1780168772,D27,93,687,ok,1
892,29.733,1780168772,D39,29,531,ok,0
892,29.733,1780168772,D48,472,744,ok,1
892,29.733,1780168772,D22,257,905,ok,0
892,29.733,1780168772,D25,289,888,ok,0
892,29.733,1780168772,D50,29,531,ok,0
892,29.733,1780168772,D42,234,886,ok,0
892,29.733,1780168772,D43,0,590,ok,0
892,29.733,1780168772,D52,0,590,ok,0
892,29.733,1780168772,G1,522,503,interpolated,0
892,29.733,1780168772,G56,531,482,interpolated,0
892,29.733,1780168772,D47,342,483,interpolated,0
892,29.733,1780168772,D6,341,537,interpolated,1
892,29.733,1780168772,D51,226,910,interpolated,0
893,29.767,1780168772,G4,247,386,ok,1
893,29.767,1780168772,G57,367,483,ok,1
893,29.767,1780168772,G60,107,327,ok,1
893,29.767,1780168772,G6,157,158,ok,1
893,29.767,1780168772,G50,220,124,ok,0
893,29.767,1780168772,G59,472,230,ok,1
893,29.767,1780168772,G44,205,105,ok,0
893,29.767,1780168772,D4,64,674,ok,0
893,29.767,1780168772,D45,167,614,ok,1
893,29.767,1780168772,D27,93,692,ok,1
893,29.767,1780168772,D18,373,614,ok,1
893,29.767,1780168772,D39,29,531,ok,0
893,29.767,1780168772,D22,257,905,ok,0
893,29.767,1780168772,D48,472,746,ok,1
893,29.767,1780168772,D25,289,888,ok,0
893,29.767,1780168772,D42,234,886,ok,0
893,29.767,1780168772,D50,29,530,ok,0
893,29.767,1780168772,D43,0,590,ok,0
893,29.767,1780168772,D52,0,590,ok,0
893,29.767,1780168772,G1,522,503,interpolated,0
893,29.767,1780168772,G56,531,482,interpolated,0
893,29.767,1780168772,D47,342,483,interpolated,0
893,29.767,1780168772,D6,341,537,interpolated,1
893,29.767,1780168772,G58,32,84,interpolated,0
893,29.767,1780168772,D51,226,910,interpolated,0
893,29.767,1780168772,G9,56,84,interpolated,0
894,29.800,1780168772,G4,248,383,ok,1
894,29.800,1780168772,G6,157,158,ok,1
894,29.800,1780168772,G60,107,324,ok,1
894,29.800,1780168772,G57,368,483,ok,1
894,29.800,1780168772,G59,471,231,ok,1
894,29.800,1780168772,G50,220,123,ok,0
894,29.800,1780168772,G44,206,106,ok,0
894,29.800,1780168772,G9,53,84,ok,0
894,29.800,1780168772,D45,169,615,ok,1
894,29.800,1780168772,D4,64,674,ok,0
894,29.800,1780168772,D27,94,694,ok,1
894,29.800,1780168772,D18,372,617,ok,1
894,29.800,1780168772,D22,257,905,ok,0
894,29.800,1780168772,D48,473,748,ok,1
894,29.800,1780168772,D25,289,888,ok,0
894,29.800,1780168772,D50,28,530,ok,0
894,29.800,1780168772,D39,28,530,ok,0
894,29.800,1780168772,D52,-1,591,ok,0
894,29.800,1780168772,D42,235,886,ok,0
894,29.800,1780168772,D51,225,908,ok,0
894,29.800,1780168772,D43,0,590,ok,0
894,29.800,1780168772,G1,522,503,interpolated,0
894,29.800,1780168772,G56,531,482,interpolated,0
894,29.800,1780168772,D47,342,483,interpolated,0
894,29.800,1780168772,D6,341,537,interpolated,1
894,29.800,1780168772,G58,32,84,interpolated,0
895,29.833,1780168772,G4,248,383,ok,1
895,29.833,1780168772,G6,157,158,ok,1
895,29.833,1780168772,G60,107,324,ok,1
895,29.833,1780168772,G57,368,483,ok,1
895,29.833,1780168772,G59,471,231,ok,1
895,29.833,1780168772,G50,220,123,ok,0
895,29.833,1780168772,G44,206,106,ok,0
895,29.833,1780168772,G9,53,84,ok,0
895,29.833,1780168772,D45,169,615,ok,1
895,29.833,1780168772,D4,63,674,ok,0
895,29.833,1780168772,D27,94,694,ok,1
895,29.833,1780168772,D18,372,617,ok,1
895,29.833,1780168772,D22,257,905,ok,0
895,29.833,1780168772,D48,473,748,ok,1
895,29.833,1780168772,D25,289,888,ok,0
895,29.833,1780168772,D39,28,530,ok,0
895,29.833,1780168772,D50,28,530,ok,0
895,29.833,1780168772,D43,0,590,ok,0
895,29.833,1780168772,D42,235,886,ok,0
895,29.833,1780168772,D52,0,590,ok,0
895,29.833,1780168772,D51,225,908,ok,0
895,29.833,1780168772,G1,522,503,interpolated,0
895,29.833,1780168772,G56,531,482,interpolated,0
895,29.833,1780168772,D47,342,483,interpolated,0
895,29.833,1780168772,D6,341,537,interpolated,1
895,29.833,1780168772,G58,32,84,interpolated,0
896,29.867,1780168772,G4,249,380,ok,1
896,29.867,1780168772,G6,157,158,ok,1
896,29.867,1780168772,G57,372,479,ok,1
896,29.867,1780168772,G60,106,321,ok,1
896,29.867,1780168772,G59,470,231,ok,1
896,29.867,1780168772,G50,220,123,ok,0
896,29.867,1780168772,G44,206,105,ok,0
896,29.867,1780168772,G9,52,84,ok,0
896,29.867,1780168772,D45,169,618,ok,1
896,29.867,1780168772,D4,63,674,ok,0
896,29.867,1780168772,D27,95,697,ok,1
896,29.867,1780168772,D18,371,620,ok,1
896,29.867,1780168772,D48,473,749,ok,1
896,29.867,1780168772,D22,258,905,ok,0
896,29.867,1780168772,D25,289,888,ok,0
896,29.867,1780168772,D39,27,531,ok,0
896,29.867,1780168772,D42,235,885,ok,0
896,29.867,1780168772,D52,-1,591,ok,0
896,29.867,1780168772,D51,225,908,ok,0
896,29.867,1780168772,D43,0,590,ok,0
896,29.867,1780168772,G1,522,503,interpolated,0
896,29.867,1780168772,G56,531,482,interpolated,0
896,29.867,1780168772,D47,342,483,interpolated,0
896,29.867,1780168772,D6,341,537,interpolated,1
896,29.867,1780168772,G58,32,84,interpolated,0
896,29.867,1780168772,D50,28,530,interpolated,0
897,29.900,1780168772,G4,249,379,ok,1
897,29.900,1780168772,G6,157,158,ok,1
897,29.900,1780168772,G57,375,476,ok,1
897,29.900,1780168772,G60,104,312,ok,1
897,29.900,1780168772,G59,469,230,ok,1
897,29.900,1780168772,G44,206,105,ok,0
897,29.900,1780168772,G50,220,123,ok,0
897,29.900,1780168772,G1,382,456,ok,1
897,29.900,1780168772,D45,170,619,ok,1
897,29.900,1780168772,D4,63,674,ok,0
897,29.900,1780168772,D27,97,699,ok,1
897,29.900,1780168772,D18,370,624,ok,1
897,29.900,1780168772,D22,258,905,ok,0
897,29.900,1780168772,D48,473,751,ok,1
897,29.900,1780168772,D25,289,888,ok,0
897,29.900,1780168772,D50,28,530,ok,0
897,29.900,1780168772,D39,28,530,ok,0
897,29.900,1780168772,D47,28,529,ok,0
897,29.900,1780168772,D42,234,886,ok,0
897,29.900,1780168772,D43,0,590,ok,0
897,29.900,1780168772,D52,0,590,ok,0
897,29.900,1780168772,D6,36,513,ok,0
897,29.900,1780168772,D51,224,909,ok,0
897,29.900,1780168772,G56,531,482,interpolated,0
897,29.900,1780168772,G58,32,84,interpolated,0
897,29.900,1780168772,G9,52,84,interpolated,0
898,29.933,1780168772,G6,157,158,ok,1
898,29.933,1780168772,G4,251,376,ok,1
898,29.933,1780168772,G57,375,470,ok,1
898,29.933,1780168772,G60,105,313,ok,1
898,29.933,1780168772,G44,206,105,ok,0
898,29.933,1780168772,G59,469,231,ok,1
898,29.933,1780168772,G50,220,123,ok,0
898,29.933,1780168772,D4,63,674,ok,0
898,29.933,1780168772,D45,172,621,ok,1
898,29.933,1780168772,D27,98,700,ok,1
898,29.933,1780168772,D18,373,629,ok,1
898,29.933,1780168772,D22,258,905,ok,0
898,29.933,1780168772,D25,289,888,ok,0
898,29.933,1780168772,D47,28,528,ok,0
898,29.933,1780168772,D48,473,754,ok,1
898,29.933,1780168772,D50,27,528,ok,0
898,29.933,1780168772,D42,235,885,ok,0
898,29.933,1780168772,D39,28,528,ok,0
898,29.933,1780168772,D6,33,517,ok,0
898,29.933,1780168772,D43,0,590,ok,0
898,29.933,1780168772,D53,370,632,ok,1
898,29.933,1780168772,D51,224,908,ok,0
898,29.933,1780168772,G1,382,456,interpolated,1
898,29.933,1780168772,G56,531,482,interpolated,0
898,29.933,1780168772,G58,32,84,interpolated,0
898,29.933,1780168772,G9,52,84,interpolated,0
898,29.933,1780168772,D52,0,590,interpolated,0
899,29.967,1780168772,G4,256,373,ok,1
899,29.967,1780168772,G6,157,158,ok,1
899,29.967,1780168772,G60,105,312,ok,1
899,29.967,1780168772,G56,389,444,ok,1
899,29.967,1780168772,G44,206,105,ok,0
899,29.967,1780168772,G59,468,230,ok,1
899,29.967,1780168772,G50,218,123,ok,0
899,29.967,1780168772,G1,383,462,ok,1
899,29.967,1780168772,G57,384,444,ok,1
899,29.967,1780168772,D4,63,674,ok,0
899,29.967,1780168772,D27,99,701,ok,1
899,29.967,1780168772,D45,174,622,ok,1
899,29.967,1780168772,D53,373,635,ok,1
899,29.967,1780168772,D22,258,905,ok,0
899,29.967,1780168772,D25,289,888,ok,0
899,29.967,1780168772,D39,29,524,ok,0
899,29.967,1780168772,D42,235,885,ok,0
899,29.967,1780168772,D48,473,757,ok,1
899,29.967,1780168772,D47,30,523,ok,0
899,29.967,1780168772,D43,0,590,ok,0
899,29.967,1780168772,D54,231,885,ok,0
899,29.967,1780168772,D51,223,911,ok,0
899,29.967,1780168772,D18,373,629,interpolated,1
899,29.967,1780168772,D6,33,517,interpolated,0
899,29.967,1780168772,G58,32,84,interpolated,0
899,29.967,1780168772,D50,27,528,interpolated,0
899,29.967,1780168772,G9,52,84,interpolated,0
899,29.967,1780168772,D52,0,590,interpolated,0
900,30.000,1780168773,G6,157,158,ok,1
900,30.000,1780168773,G4,259,372,ok,1
900,30.000,1780168773,G57,387,453,ok,1
900,30.000,1780168773,G60,107,310,ok,1
900,30.000,1780168773,G50,219,119,ok,0
900,30.000,1780168773,G44,206,105,ok,0
900,30.000,1780168773,G59,467,230,ok,1
900,30.000,1780168773,G58,523,503,ok,0
900,30.000,1780168773,G56,390,439,ok,1
900,30.000,1780168773,D4,63,674,ok,0
900,30.000,1780168773,D45,175,625,ok,1
900,30.000,1780168773,D27,99,702,ok,1
900,30.000,1780168773,D53,371,642,ok,1
900,30.000,1780168773,D22,259,905,ok,0
900,30.000,1780168773,D25,289,890,ok,0
900,30.000,1780168773,D6,31,519,ok,0
900,30.000,1780168773,D51,223,906,ok,0
900,30.000,1780168773,D18,376,643,ok,1
900,30.000,1780168773,D48,474,760,ok,1
900,30.000,1780168773,D43,-1,591,ok,0
900,30.000,1780168773,D47,30,521,ok,0
900,30.000,1780168773,D42,237,885,ok,0
900,30.000,1780168773,D52,34,512,ok,0
900,30.000,1780168773,D39,25,533,ok,0
900,30.000,1780168773,D55,46,487,ok,0
900,30.000,1780168773,D50,27,528,ok,0
900,30.000,1780168773,G1,383,462,interpolated,1
900,30.000,1780168773,G9,52,84,interpolated,0
900,30.000,1780168773,D54,231,885,interpolated,0
901,30.033,1780168773,G6,157,158,ok,1
901,30.033,1780168773,G4,259,372,ok,1
901,30.033,1780168773,G57,387,453,ok,1
901,30.033,1780168773,G60,107,310,ok,1
901,30.033,1780168773,G50,219,119,ok,0
901,30.033,1780168773,G44,206,105,ok,0
901,30.033,1780168773,G59,467,230,ok,1
901,30.033,1780168773,G58,523,502,ok,0
901,30.033,1780168773,G56,390,439,ok,1
901,30.033,1780168773,D4,63,674,ok,0
901,30.033,1780168773,D45,175,625,ok,1
901,30.033,1780168773,D27,99,702,ok,1
901,30.033,1780168773,D53,371,642,ok,1
901,30.033,1780168773,D22,259,905,ok,0
901,30.033,1780168773,D25,289,890,ok,0
901,30.033,1780168773,D6,31,520,ok,0
901,30.033,1780168773,D51,223,907,ok,0
901,30.033,1780168773,D18,376,643,ok,1
901,30.033,1780168773,D48,474,760,ok,1
901,30.033,1780168773,D43,-1,591,ok,0
901,30.033,1780168773,D47,31,520,ok,0
901,30.033,1780168773,D42,237,885,ok,0
901,30.033,1780168773,D39,25,533,ok,0
901,30.033,1780168773,D52,34,512,ok,0
901,30.033,1780168773,G1,383,462,interpolated,1
901,30.033,1780168773,D50,27,528,interpolated,0
901,30.033,1780168773,G9,52,84,interpolated,0
901,30.033,1780168773,D54,231,885,interpolated,0
901,30.033,1780168773,D55,46,487,interpolated,0
902,30.067,1780168773,G6,157,158,ok,1
902,30.067,1780168773,G56,388,442,ok,1
902,30.067,1780168773,G4,262,372,ok,1
902,30.067,1780168773,G60,109,308,ok,1
902,30.067,1780168773,G50,219,121,ok,0
902,30.067,1780168773,G44,206,107,ok,0
902,30.067,1780168773,G59,468,230,ok,1
902,30.067,1780168773,G58,523,502,ok,0
902,30.067,1780168773,D4,63,674,ok,0
902,30.067,1780168773,D45,177,628,ok,1
902,30.067,1780168773,D27,99,703,ok,1
902,30.067,1780168773,D53,368,649,ok,1
902,30.067,1780168773,D22,259,905,ok,0
902,30.067,1780168773,D25,289,890,ok,0
902,30.067,1780168773,D6,31,519,ok,0
902,30.067,1780168773,D47,31,519,ok,0
902,30.067,1780168773,D51,223,906,ok,0
902,30.067,1780168773,D39,26,531,ok,0
902,30.067,1780168773,D48,474,762,ok,1
902,30.067,1780168773,D43,-1,591,ok,0
902,30.067,1780168773,D50,27,529,ok,0
902,30.067,1780168773,D42,237,885,ok,0
902,30.067,1780168773,D52,32,519,ok,0
902,30.067,1780168773,G1,383,462,interpolated,1
902,30.067,1780168773,D18,376,643,interpolated,1
902,30.067,1780168773,G57,387,453,interpolated,1
902,30.067,1780168773,G9,52,84,interpolated,0
902,30.067,1780168773,D54,231,885,interpolated,0
902,30.067,1780168773,D55,46,487,interpolated,0
903,30.100,1780168773,G56,387,440,ok,1
903,30.100,1780168773,G6,157,158,ok,1
903,30.100,1780168773,G4,267,372,ok,1
903,30.100,1780168773,G60,109,306,ok,1
903,30.100,1780168773,G50,219,121,ok,0
903,30.100,1780168773,G59,467,229,ok,1
903,30.100,1780168773,G44,206,105,ok,0
903,30.100,1780168773,G58,523,502,ok,0
903,30.100,1780168773,D4,63,674,ok,0
903,30.100,1780168773,D45,179,631,ok,1
903,30.100,1780168773,D53,368,652,ok,1
903,30.100,1780168773,D27,100,703,ok,1
903,30.100,1780168773,D22,259,906,ok,0
903,30.100,1780168773,D52,32,517,ok,0
903,30.100,1780168773,D25,289,889,ok,0
903,30.100,1780168773,D51,223,906,ok,0
903,30.100,1780168773,D42,238,883,ok,0
903,30.100,1780168773,D6,32,517,ok,0
903,30.100,1780168773,D48,474,765,ok,1
903,30.100,1780168773,D43,-1,591,ok,0
903,30.100,1780168773,D39,26,531,ok,0
903,30.100,1780168773,D50,0,590,ok,0
903,30.100,1780168773,G1,383,462,interpolated,1
903,30.100,1780168773,D18,376,643,interpolated,1
903,30.100,1780168773,D47,31,519,interpolated,0
903,30.100,1780168773,G57,387,453,interpolated,1
903,30.100,1780168773,G9,52,84,interpolated,0
903,30.100,1780168773,D54,231,885,interpolated,0
903,30.100,1780168773,D55,46,487,interpolated,0
904,30.133,1780168773,G6,157,158,ok,1
904,30.133,1780168773,G4,270,371,ok,1
904,30.133,1780168773,G56,388,439,ok,1
904,30.133,1780168773,G60,111,306,ok,1
904,30.133,1780168773,G50,220,124,ok,0
904,30.133,1780168773,G44,206,105,ok,0
904,30.133,1780168773,G59,467,227,ok,1
904,30.133,1780168773,G58,523,502,ok,0
904,30.133,1780168773,G57,522,504,ok,0
904,30.133,1780168773,D4,63,674,ok,0
904,30.133,1780168773,D53,368,655,ok,1
904,30.133,1780168773,D45,182,632,ok,1
904,30.133,1780168773,D27,100,706,ok,1
904,30.133,1780168773,D22,260,906,ok,0
904,30.133,1780168773,D25,290,889,ok,0
904,30.133,1780168773,D6,32,516,ok,0
904,30.133,1780168773,D42,238,884,ok,0
904,30.133,1780168773,D51,222,906,ok,0
904,30.133,1780168773,D48,473,766,ok,1
904,30.133,1780168773,D43,-1,591,ok,0
904,30.133,1780168773,D50,0,590,ok,0
904,30.133,1780168773,D39,27,527,ok,0
904,30.133,1780168773,G1,383,462,interpolated,1
904,30.133,1780168773,D18,376,643,interpolated,1
904,30.133,1780168773,D47,31,519,interpolated,0
904,30.133,1780168773,G9,52,84,interpolated,0
904,30.133,1780168773,D52,32,517,interpolated,0
904,30.133,1780168773,D54,231,885,interpolated,0
904,30.133,1780168773,D55,46,487,interpolated,0
